language,category,policy_author,tier,max_selected,max_total,work_key,work_title,work_authors,author_score,first_publish_year,edition_key,edition_title,edition_subtitle,edition_languages,edition_title_score,isbn,publisher,publish_date,page_count,cover_id,cover_state,cover_width,cover_height,cover_format,cover_local_path,collection_flag,suspicious_flag,pre_cover_score,final_score,classification,classification_reason,selection_state,selection_reason,page_count_state,page_count_source,cross_language_collision,cross_language_owner_count
EN,CONTEMPORARY,Ali Smith,1,8,12,/works/OL19961617W,Artful,Ali Smith,1.0000,2012,/books/OL27141850M,Artful,,eng,1.0000,9781594204869,The Penguin Press,2013,237,11567006,VALID_COVER,323,500,JPEG,data/cache/en-mass-editorial-engine/covers/EN-OL27141850M.jpeg,NO,NO,167.0000,201.0000,AUTO_ACCEPT,Strong author/title/language match and validated physical cover.,SELECTED,,RECOVERED,OPEN_LIBRARY_EDITION:number_of_pages,NO,1
EN,CONTEMPORARY,Ali Smith,1,8,12,/works/OL17857316W,Autumn,Ali Smith,1.0000,1988,/books/OL37067268M,Autumn,,eng,1.0000,9781101870730,Pantheon Books,2016,,12638425,VALID_COVER,316,500,JPEG,data/cache/en-mass-editorial-engine/covers/EN-OL37067268M.jpeg,NO,NO,167.0000,201.0000,AUTO_ACCEPT,Strong author/title/language match and validated physical cover.,SELECTED,,NO_PAGE_COUNT,,NO,1
EN,CONTEMPORARY,Ali Smith,1,8,12,/works/OL18461417W,Brilliant careers,Sarah Wood | Kasia Boddy | Ali Smith,1.0000,2000,/books/OL3990336M,Brilliant careers,the Virago book of twentieth-century fiction,eng,1.0000,1860498426,Virago,2000,510,915391,VALID_COVER,301,475,JPEG,data/cache/en-mass-editorial-engine/covers/EN-OL3990336M.jpeg,NO,NO,167.0000,201.0000,AUTO_ACCEPT,Strong author/title/language match and validated physical cover.,SELECTED,,RECOVERED,OPEN_LIBRARY_EDITION:number_of_pages,NO,1
EN,CONTEMPORARY,Ali Smith,1,8,12,/works/OL25340957W,Companion Piece,Ali Smith,1.0000,2022,/books/OL35145434M,Companion Piece,A Novel,eng,1.0000,9780593316375,Knopf Doubleday Publishing Group,2022,230,12742245,VALID_COVER,325,500,JPEG,data/cache/en-mass-editorial-engine/covers/EN-OL35145434M.jpeg,NO,NO,167.0000,201.0000,AUTO_ACCEPT,Strong author/title/language match and validated physical cover.,SELECTED,,RECOVERED,OPEN_LIBRARY_EDITION:number_of_pages,NO,1
EN,CONTEMPORARY,Ali Smith,1,8,12,/works/OL27713516W,Entrusting the key,Ali Smith,1.0000,2010,/books/OL37807373M,Entrusting the key,from serial dating to joyful waiting,eng,1.0000,9789810859596,IMprint Edition,2010,197,12714811,VALID_COVER,305,500,JPEG,data/cache/en-mass-editorial-engine/covers/EN-OL37807373M.jpeg,NO,NO,167.0000,201.0000,AUTO_ACCEPT,Strong author/title/language match and validated physical cover.,SELECTED,,RECOVERED,OPEN_LIBRARY_EDITION:number_of_pages,NO,1
EN,CONTEMPORARY,Ali Smith,1,8,12,/works/OL2412069W,Free love and other stories,Ali Smith,1.0000,1995,/books/OL22221136M,Free love and other stories,,eng,1.0000,1860491901,Virago,1995,149,14054853,VALID_COVER,268,500,JPEG,data/cache/en-mass-editorial-engine/covers/EN-OL22221136M.jpeg,NO,NO,167.0000,201.0000,AUTO_ACCEPT,Strong author/title/language match and validated physical cover.,SELECTED,,RECOVERED,OPEN_LIBRARY_EDITION:number_of_pages,NO,1
EN,CONTEMPORARY,Ali Smith,1,8,12,/works/OL7986399W,Girl Meets Boy,Ali Smith,1.0000,2007,/books/OL32952108M,Girl Meets Boy,,eng,1.0000,9781847670919,Canongate,2008,,11566925,VALID_COVER,309,500,JPEG,data/cache/en-mass-editorial-engine/covers/EN-OL32952108M.jpeg,NO,NO,167.0000,201.0000,AUTO_ACCEPT,Strong author/title/language match and validated physical cover.,SELECTED,,NO_PAGE_COUNT,,NO,1
EN,CONTEMPORARY,Ali Smith,1,8,12,/works/OL37576243W,Gliff,Ali Smith,1.0000,2024,/books/OL50719875M,Gliff,A Novel,eng,1.0000,9780593701560,"Pantheon Books, a division of Penguin Random House",2024,273,14841804,VALID_COVER,139,220,JPEG,data/cache/en-mass-editorial-engine/covers/EN-OL50719875M.jpeg,NO,NO,167.0000,201.0000,AUTO_ACCEPT,Strong author/title/language match and validated physical cover.,SELECTED,,RECOVERED,OPEN_LIBRARY_EDITION:pagination,NO,1
EN,CONTEMPORARY,Chimamanda Ngozi Adichie,1,7,10,/works/OL21126355W,Africa under the Prism,Joseph Gergel | Chimamanda Ngozi Adichie,1.0000,2016,/books/OL28597094M,Africa under the Prism,Contemporary African Photography from LagosPhoto Festival,eng,1.0000,9783775740883,Hatje Cantz Verlag GmbH & Co KG,2016,488,13552387,VALID_COVER,353,500,JPEG,data/cache/en-mass-editorial-engine/covers/EN-OL28597094M.jpeg,NO,NO,167.0000,201.0000,AUTO_ACCEPT,Strong author/title/language match and validated physical cover.,SELECTED,,RECOVERED,OPEN_LIBRARY_EDITION:number_of_pages,NO,1
EN,CONTEMPORARY,Chimamanda Ngozi Adichie,1,7,10,/works/OL19992846W,Africa39,Ellah Wakatama Allfrey | Wole Soyinka | Chimamanda Ngozi Adichie | Ellah Wakatama Allfrey,1.0000,2014,/books/OL32075673M,Africa39,new writing from Africa South of the Sahara,eng,1.0000,9781408854662,Bloomsbury,2014,361,10727602,VALID_COVER,327,500,JPEG,data/cache/en-mass-editorial-engine/covers/EN-OL32075673M.jpeg,NO,NO,167.0000,201.0000,AUTO_ACCEPT,Strong author/title/language match and validated physical cover.,SELECTED,,RECOVERED,OPEN_LIBRARY_EDITION:number_of_pages,NO,1
EN,CONTEMPORARY,Chimamanda Ngozi Adichie,1,7,10,/works/OL16805415W,Americanah,Chimamanda Ngozi Adichie,1.0000,1969,/books/OL35696290M,Americanah,A Novel,eng,1.0000,9781594139550,Large Print Press,2016,791,12993417,VALID_COVER,313,500,JPEG,data/cache/en-mass-editorial-engine/covers/EN-OL35696290M.jpeg,NO,NO,167.0000,201.0000,AUTO_ACCEPT,Strong author/title/language match and validated physical cover.,SELECTED,,RECOVERED,OPEN_LIBRARY_EDITION:number_of_pages,NO,1
EN,CONTEMPORARY,Chimamanda Ngozi Adichie,1,7,10,/works/OL17640883W,"Dear Ijeawele, or A Feminist Manifesto in Fifteen Suggestions",Chimamanda Ngozi Adichie,1.0000,2017,/books/OL26881793M,"Dear Ijeawele, or A feminist manifesto in fifteen suggestions",,eng,1.0000,9781524733131,Alfred A. Knopf,2017,63,12709855,VALID_COVER,342,500,JPEG,data/cache/en-mass-editorial-engine/covers/EN-OL26881793M.jpeg,NO,NO,167.0000,201.0000,AUTO_ACCEPT,Strong author/title/language match and validated physical cover.,SELECTED,,RECOVERED,OPEN_LIBRARY_EDITION:number_of_pages,NO,1
EN,CONTEMPORARY,Chimamanda Ngozi Adichie,1,7,10,/works/OL42407991W,Dream Count,Chimamanda Ngozi Adichie,1.0000,2025,/books/OL57579073M,Dream Count,A Novel,eng,1.0000,9798217014361,Random House Large Print,2025,656,15143740,VALID_COVER,331,500,JPEG,data/cache/en-mass-editorial-engine/covers/EN-OL57579073M.jpeg,NO,NO,167.0000,201.0000,AUTO_ACCEPT,Strong author/title/language match and validated physical cover.,SELECTED,,RECOVERED,OPEN_LIBRARY_EDITION:number_of_pages,NO,1
EN,CONTEMPORARY,Chimamanda Ngozi Adichie,1,7,10,/works/OL453310W,Fiction,Nicholas Delbanco | Chimamanda Ngozi Adichie | Margaret Atwood | Jorge Luis Borges | Антон Павлович Чехов | Kate Chopin,1.0000,2009,/books/OL23070597M,Fiction,craft and voice,eng,1.0000,9780073104447,McGraw-Hill Higher Education,2010,,14631884,VALID_COVER,386,500,JPEG,data/cache/en-mass-editorial-engine/covers/EN-OL23070597M.jpeg,NO,NO,167.0000,201.0000,AUTO_ACCEPT,Strong author/title/language match and validated physical cover.,SELECTED,,NO_PAGE_COUNT,,NO,1
EN,CONTEMPORARY,Chimamanda Ngozi Adichie,1,7,10,/works/OL877060W,For love of Biafra,Chimamanda Ngozi Adichie,1.0000,1998,/books/OL114916M,For love of Biafra,,eng,1.0000,978029032X,Spectrum Books,1998,112,3711057,VALID_COVER,128,212,JPEG,data/cache/en-mass-editorial-engine/covers/EN-OL114916M.jpeg,NO,NO,167.0000,201.0000,AUTO_ACCEPT,Strong author/title/language match and validated physical cover.,SELECTED,,RECOVERED,OPEN_LIBRARY_EDITION:number_of_pages,NO,1
EN,CONTEMPORARY,Colm Tóibín,1,8,12,/works/OL16624349W,All a novelist needs,Colm Tóibín,1.0000,2010,/books/OL25304773M,All a novelist needs,Colm Tóibín on Henry James,eng,1.0000,9780801897788,Johns Hopkins University Press,2010,148,12313990,VALID_COVER,309,500,JPEG,data/cache/en-mass-editorial-engine/covers/EN-OL25304773M.jpeg,NO,NO,167.0000,201.0000,AUTO_ACCEPT,Strong author/title/language match and validated physical cover.,SELECTED,,RECOVERED,OPEN_LIBRARY_EDITION:number_of_pages,NO,1
EN,CONTEMPORARY,Colm Tóibín,1,8,12,/works/OL931856W,Bad blood,Colm Tóibín,1.0000,1994,/books/OL1233256M,Bad blood,a walk along the Irish border,eng,1.0000,0099301202,Vintage,1994,210,13139158,VALID_COVER,305,500,JPEG,data/cache/en-mass-editorial-engine/covers/EN-OL1233256M.jpeg,NO,NO,167.0000,201.0000,AUTO_ACCEPT,Strong author/title/language match and validated physical cover.,SELECTED,,RECOVERED,OPEN_LIBRARY_EDITION:number_of_pages,NO,1
EN,CONTEMPORARY,Colm Tóibín,1,8,12,/works/OL931862W,Beauty in a broken place,Colm Tóibín,1.0000,2004,/books/OL18839838M,Beauty in a broken place,,eng,1.0000,1843510545,Lilliput Press,2004,77,5438391,VALID_COVER,128,209,JPEG,data/cache/en-mass-editorial-engine/covers/EN-OL18839838M.jpeg,NO,NO,167.0000,201.0000,AUTO_ACCEPT,Strong author/title/language match and validated physical cover.,SELECTED,,RECOVERED,OPEN_LIBRARY_EDITION:number_of_pages,NO,1
EN,CONTEMPORARY,Colm Tóibín,1,8,12,/works/OL931863W,Brooklyn,Colm Tóibín,1.0000,2009,/books/OL32082563M,Brooklyn,,eng,1.0000,9780670918126,Viking,2009,251,10735999,VALID_COVER,325,500,JPEG,data/cache/en-mass-editorial-engine/covers/EN-OL32082563M.jpeg,NO,NO,167.0000,201.0000,AUTO_ACCEPT,Strong author/title/language match and validated physical cover.,SELECTED,,RECOVERED,OPEN_LIBRARY_EDITION:number_of_pages,NO,1
EN,CONTEMPORARY,Colm Tóibín,1,8,12,/works/OL21032329W,Empty Family,Colm Tóibín,1.0000,2011,/books/OL29060806M,Empty Family,Stories,eng,1.0000,9780141041773,"Penguin Books, Limited",2011,224,11405571,VALID_COVER,330,500,JPEG,data/cache/en-mass-editorial-engine/covers/EN-OL29060806M.jpeg,NO,NO,167.0000,201.0000,AUTO_ACCEPT,Strong author/title/language match and validated physical cover.,SELECTED,,RECOVERED,OPEN_LIBRARY_EDITION:number_of_pages,NO,1
EN,CONTEMPORARY,Colm Tóibín,1,8,12,/works/OL28406199W,Guest at the Feast,Colm Tóibín,1.0000,2023,/books/OL38935160M,Guest at the Feast,Essays,eng,1.0000,9781476785226,Scribner,2023,336,14672194,VALID_COVER,262,400,JPEG,data/cache/en-mass-editorial-engine/covers/EN-OL38935160M.jpeg,NO,NO,167.0000,201.0000,AUTO_ACCEPT,Strong author/title/language match and validated physical cover.,SELECTED,,RECOVERED,OPEN_LIBRARY_EDITION:pagination,NO,1
EN,CONTEMPORARY,Colm Tóibín,1,8,12,/works/OL931870W,Homage to Barcelona,Colm Tóibín,1.0000,1990,/books/OL15103092M,Homage to Barcelona,,eng,1.0000,0671713744,Simon & Schuster,1994,240,10345895,VALID_COVER,310,500,JPEG,data/cache/en-mass-editorial-engine/covers/EN-OL15103092M.jpeg,NO,NO,167.0000,201.0000,AUTO_ACCEPT,Strong author/title/language match and validated physical cover.,SELECTED,,RECOVERED,OPEN_LIBRARY_EDITION:number_of_pages,NO,1
EN,CONTEMPORARY,Colson Whitehead,1,7,10,/works/OL28736458W,Crook Manifesto,Colson Whitehead,1.0000,2023,/books/OL51350912M,Crook Manifesto,A Novel,eng,1.0000,9780525567288,Knopf Doubleday Publishing Group,2024,319,14600763,VALID_COVER,296,450,JPEG,data/cache/en-mass-editorial-engine/covers/EN-OL51350912M.jpeg,NO,NO,167.0000,201.0000,AUTO_ACCEPT,Strong author/title/language match and validated physical cover.,SELECTED,,RECOVERED,OPEN_LIBRARY_EDITION:number_of_pages,NO,1
EN,CONTEMPORARY,Colson Whitehead,1,7,10,/works/OL24151553W,Harlem Shuffle,Colson Whitehead | Yannick García,1.0000,2021,/books/OL34709636M,Harlem Shuffle,,eng,1.0000,9780708899441,"Little, Brown Book Group Limited",2021,336,12412871,VALID_COVER,262,400,JPEG,data/cache/en-mass-editorial-engine/covers/EN-OL34709636M.jpeg,NO,NO,167.0000,201.0000,AUTO_ACCEPT,Strong author/title/language match and validated physical cover.,SELECTED,,RECOVERED,OPEN_LIBRARY_EDITION:pagination,NO,1
EN,CONTEMPORARY,Cormac McCarthy,1,9,13,/works/OL40879W,Blood Meridian,Cormac McCarthy,1.0000,1985,/books/OL1566695M,Blood Meridian,"Or, The evening redness in the West",eng,1.0000,0679728759,Vintage Books,1992,337,15248079,VALID_COVER,324,500,JPEG,data/cache/en-mass-editorial-engine/covers/EN-OL1566695M.jpeg,NO,NO,167.0000,201.0000,AUTO_ACCEPT,Strong author/title/language match and validated physical cover.,SELECTED,,RECOVERED,OPEN_LIBRARY_EDITION:number_of_pages,NO,1
EN,CONTEMPORARY,Cormac McCarthy,1,9,13,/works/OL40878W,Child of God,Cormac McCarthy,1.0000,1974,/books/OL42848625M,Child of God,,eng,1.0000,9781447212478,Picador,2011,185,14633657,VALID_COVER,328,500,JPEG,data/cache/en-mass-editorial-engine/covers/EN-OL42848625M.jpeg,NO,NO,167.0000,201.0000,AUTO_ACCEPT,Strong author/title/language match and validated physical cover.,SELECTED,,RECOVERED,OPEN_LIBRARY_EDITION:number_of_pages,NO,1
EN,CONTEMPORARY,Cormac McCarthy,1,9,13,/works/OL40869W,Cities of the Plain,Cormac McCarthy,1.0000,1998,/books/OL22326475M,Cities of the plain,,eng,1.0000,0679423907,Kopf,1998,,9158767,VALID_COVER,338,500,JPEG,data/cache/en-mass-editorial-engine/covers/EN-OL22326475M.jpeg,NO,NO,167.0000,201.0000,AUTO_ACCEPT,Strong author/title/language match and validated physical cover.,SELECTED,,NO_PAGE_COUNT,,NO,1
EN,CONTEMPORARY,Cormac McCarthy,1,9,13,/works/OL36072548W,Cormac Mccarthy : Vol I,Cormac McCarthy | Stephen R. Pastore | Paul J. Ford,1.0000,2013,/books/OL48730222M,Cormac Mccarthy : Vol I,a Bibliography,eng,1.0000,9781937727338,Grand Mal Press,2013,438,15254489,VALID_COVER,314,500,JPEG,data/cache/en-mass-editorial-engine/covers/EN-OL48730222M.jpeg,NO,NO,167.0000,201.0000,AUTO_ACCEPT,Strong author/title/language match and validated physical cover.,SELECTED,,RECOVERED,OPEN_LIBRARY_EDITION:pagination,NO,1
EN,CONTEMPORARY,David Mitchell,1,7,10,/works/OL482448W,A 'peculiar' place,David Mitchell,1.0000,1989,/books/OL1801970M,A 'peculiar' place,"the Adelaide Hospital, Dublin : its t imes, places and personalities, 1839 to 1989",eng,1.0000,0905471164,Blackwater,1989,336,13237267,VALID_COVER,500,281,JPEG,data/cache/en-mass-editorial-engine/covers/EN-OL1801970M.jpeg,NO,NO,167.0000,201.0000,AUTO_ACCEPT,Strong author/title/language match and validated physical cover.,SELECTED,,RECOVERED,OPEN_LIBRARY_EDITION:number_of_pages,NO,1
EN,CONTEMPORARY,David Mitchell,1,7,10,/works/OL271982W,Black Swan Green,David Mitchell,1.0000,2006,/books/OL32830092M,Black Swan Green,,eng,1.0000,9781846175756,Charnwood,2007,494,11462094,VALID_COVER,305,500,JPEG,data/cache/en-mass-editorial-engine/covers/EN-OL32830092M.jpeg,NO,NO,167.0000,201.0000,AUTO_ACCEPT,Strong author/title/language match and validated physical cover.,SELECTED,,RECOVERED,OPEN_LIBRARY_EDITION:number_of_pages,NO,1
EN,CONTEMPORARY,David Mitchell,1,7,10,/works/OL271978W,British Railways Past and Present,David Mitchell,1.0000,1991,/books/OL12042906M,British Railways Past and Present,,eng,1.0000,9781858950884,Past & Present Publishing Ltd,"January 24, 1996",168,3011158,VALID_COVER,361,500,JPEG,data/cache/en-mass-editorial-engine/covers/EN-OL12042906M.jpeg,NO,NO,167.0000,201.0000,AUTO_ACCEPT,Strong author/title/language match and validated physical cover.,SELECTED,,RECOVERED,OPEN_LIBRARY_EDITION:number_of_pages,NO,1
EN,CONTEMPORARY,David Mitchell,1,7,10,/works/OL482454W,Cloud Atlas,David Mitchell,1.0000,2004,/books/OL32980593M,Cloud Atlas,,eng,1.0000,9781444730043,Sceptre,2011,853,11605519,VALID_COVER,315,500,JPEG,data/cache/en-mass-editorial-engine/covers/EN-OL32980593M.jpeg,NO,NO,167.0000,201.0000,AUTO_ACCEPT,Strong author/title/language match and validated physical cover.,SELECTED,,RECOVERED,OPEN_LIBRARY_EDITION:number_of_pages,NO,1
EN,CONTEMPORARY,David Mitchell,1,7,10,/works/OL18569460W,Complete Origami,David Mitchell,1.0000,2008,/books/OL23963357M,Complete Origami,"Easy Techniques, 25 Great Projects",eng,1.0000,9781554074594,Firefly Books,2009,159,12195146,VALID_COVER,496,500,JPEG,data/cache/en-mass-editorial-engine/covers/EN-OL23963357M.jpeg,NO,NO,167.0000,201.0000,AUTO_ACCEPT,Strong author/title/language match and validated physical cover.,SELECTED,,RECOVERED,OPEN_LIBRARY_EDITION:number_of_pages,NO,1
EN,CONTEMPORARY,David Mitchell,1,7,10,/works/OL22135354W,David Mitchell,David Mitchell,1.0000,2012,/books/OL32885642M,David Mitchell,Back Story,eng,1.0000,9780007351725,HarperCollins,"Jul 28, 2012",326,11516881,VALID_COVER,327,500,JPEG,data/cache/en-mass-editorial-engine/covers/EN-OL32885642M.jpeg,NO,NO,167.0000,201.0000,AUTO_ACCEPT,Strong author/title/language match and validated physical cover.,SELECTED,,RECOVERED,OPEN_LIBRARY_EDITION:number_of_pages,NO,1
EN,CONTEMPORARY,David Mitchell,1,7,10,/works/OL21338542W,Dishonesty is the Second-Best Policy and Other Rules to Live By,David Mitchell,1.0000,2019,/books/OL29467670M,Dishonesty Is the Second-Best Policy,And Other Rules to Live By,eng,1.0000,9781783351985,"Faber & Faber, Limited",2020,272,14670261,VALID_COVER,260,400,JPEG,data/cache/en-mass-editorial-engine/covers/EN-OL29467670M.jpeg,NO,NO,167.0000,201.0000,AUTO_ACCEPT,Strong author/title/language match and validated physical cover.,SELECTED,,RECOVERED,OPEN_LIBRARY_EDITION:number_of_pages,NO,1
EN,CONTEMPORARY,Don DeLillo,1,9,13,/works/OL6345194W,Amazons,Don DeLillo,1.0000,1980,/books/OL4123639M,Amazons,an intimate memoir by the first woman ever to play in the National Hockey League,eng,1.0000,0030554268,"Holt, Rinehart, and Winston",1980,390,15120473,VALID_COVER,305,500,JPEG,data/cache/en-mass-editorial-engine/covers/EN-OL4123639M.jpeg,NO,NO,167.0000,201.0000,AUTO_ACCEPT,Strong author/title/language match and validated physical cover.,SELECTED,,RECOVERED,OPEN_LIBRARY_EDITION:number_of_pages,NO,1
EN,CONTEMPORARY,Don DeLillo,1,9,13,/works/OL1921186W,Americana,Don DeLillo,1.0000,1971,/books/OL4768711M,Americana.,,eng,1.0000,0395120942,Houghton Mifflin,1971,388,15181775,VALID_COVER,339,500,JPEG,data/cache/en-mass-editorial-engine/covers/EN-OL4768711M.jpeg,NO,NO,167.0000,201.0000,AUTO_ACCEPT,Strong author/title/language match and validated physical cover.,SELECTED,,RECOVERED,OPEN_LIBRARY_EDITION:number_of_pages,NO,1
EN,CONTEMPORARY,Don DeLillo,1,9,13,/works/OL15401751W,Andreas Gursky,Don DeLillo,1.0000,2007,/books/OL9546836M,Andreas Gursky,,eng,1.0000,9783936859621,Ram Distribution,"June 1, 2007",158,2260201,VALID_COVER,386,500,JPEG,data/cache/en-mass-editorial-engine/covers/EN-OL9546836M.jpeg,NO,NO,167.0000,201.0000,AUTO_ACCEPT,Strong author/title/language match and validated physical cover.,SELECTED,,RECOVERED,OPEN_LIBRARY_EDITION:number_of_pages,NO,1
EN,CONTEMPORARY,Don DeLillo,1,9,13,/works/OL1921159W,Conversations with Don DeLillo,Don DeLillo,1.0000,2005,/books/OL3309851M,Conversations with Don DeLillo,,eng,1.0000,1578067030,University of Mississippi,2005,183,834157,VALID_COVER,328,500,JPEG,data/cache/en-mass-editorial-engine/covers/EN-OL3309851M.jpeg,NO,NO,167.0000,201.0000,AUTO_ACCEPT,Strong author/title/language match and validated physical cover.,SELECTED,,RECOVERED,OPEN_LIBRARY_EDITION:number_of_pages,NO,1
EN,CONTEMPORARY,Don DeLillo,1,9,13,/works/OL1921194W,Cosmopolis,Don DeLillo,1.0000,2003,/books/OL30726136M,Cosmopolis,a novel,eng,1.0000,9781451689396,Scribner,2012,209,11610974,VALID_COVER,328,500,JPEG,data/cache/en-mass-editorial-engine/covers/EN-OL30726136M.jpeg,NO,NO,167.0000,201.0000,AUTO_ACCEPT,Strong author/title/language match and validated physical cover.,SELECTED,,RECOVERED,OPEN_LIBRARY_EDITION:number_of_pages,NO,1
EN,CONTEMPORARY,Don DeLillo,1,9,13,/works/OL15401752W,Dial H-I-S-T-O-R-Y (Hatje Cantz),Don DeLillo,1.0000,2003,/books/OL9101717M,Dial H-I-S-T-O-R-Y (Hatje Cantz),,eng,1.0000,9783775712675,Hatje Cantz Publishers,"September 2, 2003",80,1025716,VALID_COVER,345,475,JPEG,data/cache/en-mass-editorial-engine/covers/EN-OL9101717M.jpeg,NO,NO,167.0000,201.0000,AUTO_ACCEPT,Strong author/title/language match and validated physical cover.,SELECTED,,RECOVERED,OPEN_LIBRARY_EDITION:number_of_pages,NO,1
EN,CONTEMPORARY,Don DeLillo,1,9,13,/works/OL1921195W,End Zone,Don DeLillo,1.0000,1972,/books/OL18307147M,End zone,,eng,1.0000,0140085688,Penguin Books,1986,242,6494509,VALID_COVER,294,500,JPEG,data/cache/en-mass-editorial-engine/covers/EN-OL18307147M.jpeg,NO,NO,167.0000,201.0000,AUTO_ACCEPT,Strong author/title/language match and validated physical cover.,SELECTED,,RECOVERED,OPEN_LIBRARY_EDITION:number_of_pages,NO,1
EN,CONTEMPORARY,Don DeLillo,1,9,13,/works/OL15401753W,Grand Street 73,Don DeLillo,1.0000,2004,/books/OL8704165M,Grand Street 73,Delusions (Grand Street),eng,1.0000,9781885490247,Grand Street,"June 30, 2004",221,932781,VALID_COVER,430,500,JPEG,data/cache/en-mass-editorial-engine/covers/EN-OL8704165M.jpeg,NO,NO,167.0000,201.0000,AUTO_ACCEPT,Strong author/title/language match and validated physical cover.,SELECTED,,RECOVERED,OPEN_LIBRARY_EDITION:number_of_pages,NO,1
EN,CONTEMPORARY,Don DeLillo,1,9,13,/works/OL1921187W,Great Jones Street,Don DeLillo,1.0000,1973,/books/OL1047480M,Great Jones Street,,eng,1.0000,0140179178,Penguin Books,1994,265,96950,VALID_COVER,326,500,JPEG,data/cache/en-mass-editorial-engine/covers/EN-OL1047480M.jpeg,NO,NO,167.0000,201.0000,AUTO_ACCEPT,Strong author/title/language match and validated physical cover.,SELECTED,,RECOVERED,OPEN_LIBRARY_EDITION:number_of_pages,NO,1
EN,CONTEMPORARY,George Saunders,1,6,9,/works/OL21207049W,A Swim in a Pond in the Rain,George Saunders,1.0000,2021,/books/OL28719190M,A Swim in a Pond in the Rain,"In Which Four Russians Give a Master Class on Writing, Reading, and Life",eng,1.0000,9781984856029,Random House,"Jan 12, 2021",448,10351216,VALID_COVER,329,500,JPEG,data/cache/en-mass-editorial-engine/covers/EN-OL28719190M.jpeg,NO,NO,167.0000,201.0000,AUTO_ACCEPT,Strong author/title/language match and validated physical cover.,SELECTED,,RECOVERED,OPEN_LIBRARY_EDITION:number_of_pages,NO,1
EN,CONTEMPORARY,George Saunders,1,6,9,/works/OL3288091W,Casebook of the Bizarre,George Saunders,1.0000,1996,/books/OL11657545M,Casebook of the Bizarre,A Review of Famous Scottish Trials,eng,1.0000,9780859763530,Hyperion Books,December 1996,200,13317059,VALID_COVER,300,500,JPEG,data/cache/en-mass-editorial-engine/covers/EN-OL11657545M.jpeg,NO,NO,167.0000,201.0000,AUTO_ACCEPT,Strong author/title/language match and validated physical cover.,SELECTED,,RECOVERED,OPEN_LIBRARY_EDITION:number_of_pages,NO,1
EN,CONTEMPORARY,George Saunders,1,6,9,/works/OL3288097W,CivilWarLand in Bad Decline,George Saunders | Yannick Garcia Porres,1.0000,1996,/books/OL991850M,CivilWarLand in Bad Decline,stories and a novella,eng,1.0000,9781573225793,Riverhead Books,2005?,179,14822436,VALID_COVER,309,500,JPEG,data/cache/en-mass-editorial-engine/covers/EN-OL991850M.jpeg,NO,NO,167.0000,201.0000,AUTO_ACCEPT,Strong author/title/language match and validated physical cover.,SELECTED,,RECOVERED,OPEN_LIBRARY_EDITION:number_of_pages,NO,1
EN,CONTEMPORARY,George Saunders,1,6,9,/works/OL19709448W,"Congratulations, by the way",George Saunders | Javier Calvo Perales,1.0000,2014,/books/OL26922606M,"Congratulations, by the way",some thoughts on kindness,eng,1.0000,9780812996272,Random House,2014,64,14351058,VALID_COVER,351,500,JPEG,data/cache/en-mass-editorial-engine/covers/EN-OL26922606M.jpeg,NO,NO,167.0000,201.0000,AUTO_ACCEPT,Strong author/title/language match and validated physical cover.,SELECTED,,RECOVERED,OPEN_LIBRARY_EDITION:number_of_pages,NO,1
EN,CONTEMPORARY,George Saunders,1,6,9,/works/OL19654176W,Fox 8,George Saunders | Chelsea Cardinal | Javier Calvo Perales,1.0000,2013,/books/OL34489227M,Fox 8,A Story,eng,1.0000,9781408850435,Bloomsbury Publishing Plc,2013,20,12870013,VALID_COVER,341,500,JPEG,data/cache/en-mass-editorial-engine/covers/EN-OL34489227M.jpeg,NO,NO,167.0000,201.0000,AUTO_ACCEPT,Strong author/title/language match and validated physical cover.,SELECTED,,RECOVERED,OPEN_LIBRARY_EDITION:number_of_pages,NO,1
EN,CONTEMPORARY,Hilary Mantel,1,7,10,/works/OL464520W,A Change of Climate,Hilary Mantel,1.0000,1994,/books/OL32800501M,A Change of Climate,,eng,1.0000,0140127755,Penguin Books,1995,,11433173,VALID_COVER,312,500,JPEG,data/cache/en-mass-editorial-engine/covers/EN-OL32800501M.jpeg,NO,NO,167.0000,201.0000,AUTO_ACCEPT,Strong author/title/language match and validated physical cover.,SELECTED,,NO_PAGE_COUNT,,NO,1
EN,CONTEMPORARY,Hilary Mantel,1,7,10,/works/OL464517W,A Place of Greater Safety,Hilary Mantel,1.0000,1992,/books/OL25563973M,A place of greater safety,,eng,1.0000,9780007250554,Harper Perennial,2007,,11149328,VALID_COVER,303,500,JPEG,data/cache/en-mass-editorial-engine/covers/EN-OL25563973M.jpeg,NO,NO,167.0000,201.0000,AUTO_ACCEPT,Strong author/title/language match and validated physical cover.,SELECTED,,NO_PAGE_COUNT,,NO,1
EN,CONTEMPORARY,Hilary Mantel,1,7,10,/works/OL464519W,An Experiment in Love,Hilary Mantel,1.0000,1995,/books/OL34629515M,An Experiment in Love,,eng,1.0000,0805044272,Henry Holt and Company,1996,250,12044402,VALID_COVER,331,500,JPEG,data/cache/en-mass-editorial-engine/covers/EN-OL34629515M.jpeg,NO,NO,167.0000,201.0000,AUTO_ACCEPT,Strong author/title/language match and validated physical cover.,SELECTED,,RECOVERED,OPEN_LIBRARY_EDITION:number_of_pages,NO,1
EN,CONTEMPORARY,Hilary Mantel,1,7,10,/works/OL464511W,Beyond Black,Hilary Mantel,1.0000,2005,/books/OL32496277M,Beyond Black,,eng,1.0000,0805073566,Henry Holt and Company,2005,,11149868,VALID_COVER,316,500,JPEG,data/cache/en-mass-editorial-engine/covers/EN-OL32496277M.jpeg,NO,NO,167.0000,201.0000,AUTO_ACCEPT,Strong author/title/language match and validated physical cover.,SELECTED,,NO_PAGE_COUNT,,NO,1
EN,CONTEMPORARY,Hilary Mantel,1,7,10,/works/OL16547664W,Bring Up the Bodies,Hilary Mantel,1.0000,2012,/books/OL29649401M,Bring Up the Bodies,,eng,1.0000,9781471322846,Windsor | Paragon,2013,683,11149452,VALID_COVER,323,500,JPEG,data/cache/en-mass-editorial-engine/covers/EN-OL29649401M.jpeg,NO,NO,167.0000,201.0000,AUTO_ACCEPT,Strong author/title/language match and validated physical cover.,SELECTED,,RECOVERED,OPEN_LIBRARY_EDITION:number_of_pages,NO,1
EN,CONTEMPORARY,Hilary Mantel,1,7,10,/works/OL464513W,Eight months on Ghazzah Street,Hilary Mantel,1.0000,1988,/books/OL28422520M,Eight months on Ghazzah street,,eng,1.0000,9780140108156,Penguin,1989,298,10321594,VALID_COVER,318,500,JPEG,data/cache/en-mass-editorial-engine/covers/EN-OL28422520M.jpeg,NO,NO,167.0000,201.0000,AUTO_ACCEPT,Strong author/title/language match and validated physical cover.,SELECTED,,RECOVERED,OPEN_LIBRARY_EDITION:number_of_pages,NO,1
EN,CONTEMPORARY,Hilary Mantel,1,7,10,/works/OL464514W,Every day is Mother's Day,Hilary Mantel,1.0000,1985,/books/OL17470377M,Every day is mother's day,,eng,1.0000,0140085505,Penguin Books,1987,212,12387500,VALID_COVER,307,500,JPEG,data/cache/en-mass-editorial-engine/covers/EN-OL17470377M.jpeg,NO,NO,167.0000,201.0000,AUTO_ACCEPT,Strong author/title/language match and validated physical cover.,SELECTED,,RECOVERED,OPEN_LIBRARY_EDITION:number_of_pages,NO,1
EN,CONTEMPORARY,Ian McEwan,1,9,13,/works/OL1855943W,Amsterdam,Ian McEwan,1.0000,1998,/books/OL35456924M,Amsterdam,,eng,1.0000,9780099289579,Vintage Books,1999,192,12389881,VALID_COVER,310,500,JPEG,data/cache/en-mass-editorial-engine/covers/EN-OL35456924M.jpeg,NO,NO,167.0000,201.0000,AUTO_ACCEPT,Strong author/title/language match and validated physical cover.,SELECTED,,RECOVERED,OPEN_LIBRARY_EDITION:pagination,NO,1
EN,CONTEMPORARY,Ian McEwan,1,9,13,/works/OL1855944W,Atonement,Ian McEwan,1.0000,2001,/books/OL34972111M,Atonement,,eng,1.0000,9780385503952,Nan A. Talese | Doubleday,2002-04,351,12059765,VALID_COVER,336,500,JPEG,data/cache/en-mass-editorial-engine/covers/EN-OL34972111M.jpeg,NO,NO,167.0000,201.0000,AUTO_ACCEPT,Strong author/title/language match and validated physical cover.,SELECTED,,RECOVERED,OPEN_LIBRARY_EDITION:number_of_pages,NO,1
EN,CONTEMPORARY,Ian McEwan,1,9,13,/works/OL1855885W,Black Dogs,Ian McEwan,1.0000,1992,/books/OL7440455M,Black Dogs,A Novel,eng,1.0000,9780385494328,Anchor,"December 29, 1998",176,10541463,VALID_COVER,320,500,JPEG,data/cache/en-mass-editorial-engine/covers/EN-OL7440455M.jpeg,NO,NO,167.0000,201.0000,AUTO_ACCEPT,Strong author/title/language match and validated physical cover.,SELECTED,,RECOVERED,OPEN_LIBRARY_EDITION:number_of_pages,NO,1
EN,CONTEMPORARY,Ian McEwan,1,9,13,/works/OL15567499W,Conversations with Ian McEwan,Ryan Roberts | Ian McEwan,1.0000,2010,/books/OL24520009M,Conversations with Ian McEwan,,eng,1.0000,9781604734195,University Press of Mississippi,2010,212,10542277,VALID_COVER,322,500,JPEG,data/cache/en-mass-editorial-engine/covers/EN-OL24520009M.jpeg,NO,NO,167.0000,201.0000,AUTO_ACCEPT,Strong author/title/language match and validated physical cover.,SELECTED,,RECOVERED,OPEN_LIBRARY_EDITION:number_of_pages,NO,1
EN,CONTEMPORARY,Ian McEwan,1,9,13,/works/OL1855937W,Enduring Love,Ian McEwan,1.0000,1984,/books/OL32651426M,Enduring Love,,eng,1.0000,9780385494144,Anchor Books,1999-01,,14656631,VALID_COVER,324,500,JPEG,data/cache/en-mass-editorial-engine/covers/EN-OL32651426M.jpeg,NO,NO,167.0000,201.0000,AUTO_ACCEPT,Strong author/title/language match and validated physical cover.,SELECTED,,NO_PAGE_COUNT,,NO,1
EN,CONTEMPORARY,Ian McEwan,1,9,13,/works/OL1855895W,"First Love, Last Rites",Ian McEwan,1.0000,1975,/books/OL7319916M,"First Love, Last Rites",,eng,1.0000,9780099754817,Vintage,1997,176,10542185,VALID_COVER,317,500,JPEG,data/cache/en-mass-editorial-engine/covers/EN-OL7319916M.jpeg,NO,NO,167.0000,201.0000,AUTO_ACCEPT,Strong author/title/language match and validated physical cover.,SELECTED,,RECOVERED,OPEN_LIBRARY_EDITION:number_of_pages,NO,1
EN,CONTEMPORARY,Jeanette Winterson,1,7,10,/works/OL24512857W,12 Bytes,Jeanette Winterson,1.0000,2021,/books/OL35883890M,12 Bytes,How Artificial Intelligence Will Change the Way We Live and Love,eng,1.0000,9781529112979,Penguin Random House,2022,304,13553602,VALID_COVER,326,500,JPEG,data/cache/en-mass-editorial-engine/covers/EN-OL35883890M.jpeg,NO,NO,167.0000,201.0000,AUTO_ACCEPT,Strong author/title/language match and validated physical cover.,SELECTED,,RECOVERED,OPEN_LIBRARY_EDITION:number_of_pages,NO,1
EN,CONTEMPORARY,Jeanette Winterson,1,7,10,/works/OL1918833W,Art Objects,Jeanette Winterson,1.0000,1995,/books/OL22121044M,Art objects,essays on ecstasy and effrontery,eng,1.0000,0099590018,Vintage,1996,192,15004383,VALID_COVER,310,500,JPEG,data/cache/en-mass-editorial-engine/covers/EN-OL22121044M.jpeg,NO,NO,167.0000,201.0000,AUTO_ACCEPT,Strong author/title/language match and validated physical cover.,SELECTED,,RECOVERED,OPEN_LIBRARY_EDITION:number_of_pages,NO,1
EN,CONTEMPORARY,Jeanette Winterson,1,7,10,/works/OL1918828W,Boating for beginners,Jeanette Winterson,1.0000,1985,/books/OL2241452M,Boating for beginners,,eng,1.0000,0413590208,Methuen,1985,160,4100570,VALID_COVER,128,203,JPEG,data/cache/en-mass-editorial-engine/covers/EN-OL2241452M.jpeg,NO,NO,167.0000,201.0000,AUTO_ACCEPT,Strong author/title/language match and validated physical cover.,SELECTED,,RECOVERED,OPEN_LIBRARY_EDITION:number_of_pages,NO,1
EN,CONTEMPORARY,Jeanette Winterson,1,7,10,/works/OL19623943W,Christmas Days: 12 Stories and 12 Feasts for 12 Days,Jeanette Winterson,1.0000,2016,/books/OL27221756M,Christmas days,12 stories and 12 feasts for 12 days,eng,1.0000,9780802125835,Grove Press,2016,292,9691042,VALID_COVER,296,500,JPEG,data/cache/en-mass-editorial-engine/covers/EN-OL27221756M.jpeg,NO,NO,167.0000,201.0000,AUTO_ACCEPT,Strong author/title/language match and validated physical cover.,SELECTED,,RECOVERED,OPEN_LIBRARY_EDITION:number_of_pages,NO,1
EN,CONTEMPORARY,Jeanette Winterson,1,7,10,/works/OL1918822W,Fit for the Future,Jeanette Winterson,1.0000,1986,/books/OL2102265M,Fit for the future,the guide for women who want to live well,eng,1.0000,0863580726,Pandora,1986,126,14433522,VALID_COVER,375,500,JPEG,data/cache/en-mass-editorial-engine/covers/EN-OL2102265M.jpeg,NO,NO,167.0000,201.0000,AUTO_ACCEPT,Strong author/title/language match and validated physical cover.,SELECTED,,RECOVERED,OPEN_LIBRARY_EDITION:number_of_pages,NO,1
EN,CONTEMPORARY,Jeanette Winterson,1,7,10,/works/OL20118357W,Frankissstein,Jeanette Winterson,1.0000,2019,/books/OL28275095M,Frankissstein,A Love Story,eng,1.0000,9781787331402,Jonathan Cape,"May 28, 2019",352,10202071,VALID_COVER,314,500,JPEG,data/cache/en-mass-editorial-engine/covers/EN-OL28275095M.jpeg,NO,NO,167.0000,201.0000,AUTO_ACCEPT,Strong author/title/language match and validated physical cover.,SELECTED,,RECOVERED,OPEN_LIBRARY_EDITION:number_of_pages,NO,1
EN,CONTEMPORARY,Jeanette Winterson,1,7,10,/works/OL1918829W,Gut symmetries,Jeanette Winterson,1.0000,1997,/books/OL26283141M,Gut symmetries,,eng,1.0000,9781862070424,Granta,1998,240,14838215,VALID_COVER,330,500,JPEG,data/cache/en-mass-editorial-engine/covers/EN-OL26283141M.jpeg,NO,NO,167.0000,201.0000,AUTO_ACCEPT,Strong author/title/language match and validated physical cover.,SELECTED,,RECOVERED,OPEN_LIBRARY_EDITION:number_of_pages,NO,1
EN,CONTEMPORARY,Jesmyn Ward,1,5,8,/works/OL1890346W,Dust tracks on a road,Zora Neale Hurston | Jesmyn Ward,1.0000,1942,/books/OL2853733M,Dust tracks on a road,an autobiography,eng,1.0000,025201149X,University of Illinois Press,1984,348,14812379,VALID_COVER,336,500,JPEG,data/cache/en-mass-editorial-engine/covers/EN-OL2853733M.jpeg,NO,NO,167.0000,201.0000,AUTO_ACCEPT,Strong author/title/language match and validated physical cover.,SELECTED,,RECOVERED,OPEN_LIBRARY_EDITION:number_of_pages,NO,1
EN,CONTEMPORARY,Jonathan Franzen,1,7,10,/works/OL24181730W,Crossroads,Jonathan Franzen,1.0000,2021,/books/OL32254461M,Crossroads,A Novel,eng,1.0000,9780374181178,"Farrar, Straus and Giroux","Oct 05, 2021",592,10884246,VALID_COVER,333,500,JPEG,data/cache/en-mass-editorial-engine/covers/EN-OL32254461M.jpeg,NO,NO,167.0000,201.0000,AUTO_ACCEPT,Strong author/title/language match and validated physical cover.,SELECTED,,RECOVERED,OPEN_LIBRARY_EDITION:number_of_pages,NO,1
EN,CONTEMPORARY,Jonathan Franzen,1,7,10,/works/OL25921832W,Crossroads Chapter Sampler,Jonathan Franzen,1.0000,2021,/books/OL34987288M,Crossroads Chapter Sampler,,eng,1.0000,9780374607296,"Farrar, Straus & Giroux",2021,24,12431773,VALID_COVER,266,400,JPEG,data/cache/en-mass-editorial-engine/covers/EN-OL34987288M.jpeg,NO,NO,167.0000,201.0000,AUTO_ACCEPT,Strong author/title/language match and validated physical cover.,SELECTED,,RECOVERED,OPEN_LIBRARY_EDITION:pagination,NO,1
EN,CONTEMPORARY,Jonathan Franzen,1,7,10,/works/OL16342549W,Farther away,Jonathan Franzen,1.0000,2012,/books/OL25131852M,Farther away,,eng,1.0000,9780374153571,"Farrar, Straus and Giroux",2012,,9720443,VALID_COVER,320,500,JPEG,data/cache/en-mass-editorial-engine/covers/EN-OL25131852M.jpeg,NO,NO,167.0000,201.0000,AUTO_ACCEPT,Strong author/title/language match and validated physical cover.,SELECTED,,NO_PAGE_COUNT,,NO,1
EN,CONTEMPORARY,Joyce Carol Oates,1,10,15,/works/OL14958408W,A Bloodsmoor romance,Joyce Carol Oates,1.0000,1982,/books/OL15512241M,A Bloodsmoor romance,,eng,1.0000,0224029436,J. Cape,1983,615,11597075,VALID_COVER,326,500,JPEG,data/cache/en-mass-editorial-engine/covers/EN-OL15512241M.jpeg,NO,NO,167.0000,201.0000,AUTO_ACCEPT,Strong author/title/language match and validated physical cover.,SELECTED,,RECOVERED,OPEN_LIBRARY_EDITION:number_of_pages,NO,1
EN,CONTEMPORARY,Joyce Carol Oates,1,10,15,/works/OL14958231W,A fair maiden,Joyce Carol Oates,1.0000,2009,/books/OL16989911M,A fair maiden,,eng,1.0000,9780151015160,Houghton Mifflin Harcourt,2009,165,14578484,VALID_COVER,331,500,JPEG,data/cache/en-mass-editorial-engine/covers/EN-OL16989911M.jpeg,NO,NO,167.0000,201.0000,AUTO_ACCEPT,Strong author/title/language match and validated physical cover.,SELECTED,,RECOVERED,OPEN_LIBRARY_EDITION:number_of_pages,NO,1
EN,CONTEMPORARY,Joyce Carol Oates,1,10,15,/works/OL14958466W,A garden of earthly delights,Joyce Carol Oates,1.0000,1967,/books/OL3565364M,A garden of earthly delights,,eng,1.0000,0812968344,Modern Library,2003,404,606068,VALID_COVER,324,500,JPEG,data/cache/en-mass-editorial-engine/covers/EN-OL3565364M.jpeg,NO,NO,167.0000,201.0000,AUTO_ACCEPT,Strong author/title/language match and validated physical cover.,SELECTED,,RECOVERED,OPEN_LIBRARY_EDITION:number_of_pages,NO,1
EN,CONTEMPORARY,Joyce Carol Oates,1,10,15,/works/OL14958382W,"After the wreck, I picked myself up, spread my wings, and flew away",Joyce Carol Oates,1.0000,2006,/books/OL3412941M,"After the wreck, I picked myself up, spread my wings, and flew away",,eng,1.0000,9780060735258,HarperTempest,2006,,33484,VALID_COVER,347,500,JPEG,data/cache/en-mass-editorial-engine/covers/EN-OL3412941M.jpeg,NO,NO,167.0000,201.0000,AUTO_ACCEPT,Strong author/title/language match and validated physical cover.,SELECTED,,NO_PAGE_COUNT,,NO,1
EN,CONTEMPORARY,Joyce Carol Oates,1,10,15,/works/OL14958421W,American appetites,Joyce Carol Oates,1.0000,1989,/books/OL2218710M,American appetites,,eng,1.0000,0060972785,Perennial Library,1990,340,6651868,VALID_COVER,330,500,JPEG,data/cache/en-mass-editorial-engine/covers/EN-OL2218710M.jpeg,NO,NO,167.0000,201.0000,AUTO_ACCEPT,Strong author/title/language match and validated physical cover.,SELECTED,,RECOVERED,OPEN_LIBRARY_EDITION:number_of_pages,NO,1
EN,CONTEMPORARY,Joyce Carol Oates,1,10,15,/works/OL16480149W,American gothic tales,Joyce Carol Oates,1.0000,1996,/books/OL988521M,American gothic tales,,eng,1.0000,0452274893,Plume,1996,544,14673877,VALID_COVER,260,400,JPEG,data/cache/en-mass-editorial-engine/covers/EN-OL988521M.jpeg,NO,NO,167.0000,201.0000,AUTO_ACCEPT,Strong author/title/language match and validated physical cover.,SELECTED,,RECOVERED,OPEN_LIBRARY_EDITION:number_of_pages,NO,1
EN,CONTEMPORARY,Joyce Carol Oates,1,10,15,/works/OL14958441W,Angel of light,Joyce Carol Oates,1.0000,1981,/books/OL4255385M,Angel of light,,eng,1.0000,0525054839,Dutton,1981,434,6615668,VALID_COVER,328,500,JPEG,data/cache/en-mass-editorial-engine/covers/EN-OL4255385M.jpeg,NO,NO,167.0000,201.0000,AUTO_ACCEPT,Strong author/title/language match and validated physical cover.,SELECTED,,RECOVERED,OPEN_LIBRARY_EDITION:number_of_pages,NO,1
EN,CONTEMPORARY,Joyce Carol Oates,1,10,15,/works/OL14958442W,Beasts,Joyce Carol Oates,1.0000,2002,/books/OL8141044M,Beasts,,eng,1.0000,9780786708963,Carroll & Graf,"January 1, 2002",138,543089,VALID_COVER,321,475,JPEG,data/cache/en-mass-editorial-engine/covers/EN-OL8141044M.jpeg,NO,NO,167.0000,201.0000,AUTO_ACCEPT,Strong author/title/language match and validated physical cover.,SELECTED,,RECOVERED,OPEN_LIBRARY_EDITION:number_of_pages,NO,1
EN,CONTEMPORARY,Joyce Carol Oates,1,10,15,/works/OL14958423W,"Because it is bitter, and because it is my heart",Joyce Carol Oates,1.0000,1990,/books/OL18350723M,"Because it is bitter, and because it is my heart",,eng,1.0000,0525248609,Dutton,1990,405,5414593,VALID_COVER,128,202,JPEG,data/cache/en-mass-editorial-engine/covers/EN-OL18350723M.jpeg,NO,NO,167.0000,201.0000,AUTO_ACCEPT,Strong author/title/language match and validated physical cover.,SELECTED,,RECOVERED,OPEN_LIBRARY_EDITION:number_of_pages,NO,1
EN,CONTEMPORARY,Joyce Carol Oates,1,10,15,/works/OL14958460W,Bellefleur,Joyce Carol Oates,1.0000,1980,/books/OL18466302M,Bellefleur,The National Bestseller,eng,1.0000,9780446969246,Warner Books: A Warner Communications Co.,September 1981,686,9324306,VALID_COVER,248,395,JPEG,data/cache/en-mass-editorial-engine/covers/EN-OL18466302M.jpeg,NO,NO,167.0000,201.0000,AUTO_ACCEPT,Strong author/title/language match and validated physical cover.,SELECTED,,RECOVERED,OPEN_LIBRARY_EDITION:number_of_pages,NO,1
EN,CONTEMPORARY,Julian Barnes,1,8,12,/works/OL1984731W,A History of the World in 10 1/2 Chapters,Julian Barnes,1.0000,1989,/books/OL1888717M,A history of the world in 10 1/2 chapters,,eng,1.0000,0679731377,Vintage Books,1990,307,6658386,VALID_COVER,325,500,JPEG,data/cache/en-mass-editorial-engine/covers/EN-OL1888717M.jpeg,NO,NO,167.0000,201.0000,AUTO_ACCEPT,Strong author/title/language match and validated physical cover.,SELECTED,,RECOVERED,OPEN_LIBRARY_EDITION:number_of_pages,NO,1
EN,CONTEMPORARY,Julian Barnes,1,8,12,/works/OL1984729W,Arthur and George,Julian Barnes,1.0000,2005,/books/OL8364574M,Arthur and George,,eng,1.0000,9781400097036,Vintage,"January 9, 2007",445,747466,VALID_COVER,308,500,JPEG,data/cache/en-mass-editorial-engine/covers/EN-OL8364574M.jpeg,NO,NO,167.0000,201.0000,AUTO_ACCEPT,Strong author/title/language match and validated physical cover.,SELECTED,,RECOVERED,OPEN_LIBRARY_EDITION:number_of_pages,NO,1
EN,CONTEMPORARY,Julian Barnes,1,8,12,/works/OL11129741W,Arthur & George,Julian Barnes,1.0000,2005,/books/OL22377421M,Arthur & George,,eng,1.0000,030726310X,Knopf,2006,385,6620080,VALID_COVER,325,500,JPEG,data/cache/en-mass-editorial-engine/covers/EN-OL22377421M.jpeg,NO,NO,167.0000,201.0000,AUTO_ACCEPT,Strong author/title/language match and validated physical cover.,SELECTED,,RECOVERED,OPEN_LIBRARY_EDITION:number_of_pages,NO,1
EN,CONTEMPORARY,Julian Barnes,1,8,12,/works/OL1984716W,Arthur & George (Sound Library),Julian Barnes,1.0000,2006,/books/OL7811913M,Arthur & George (Sound Library),,eng,1.0000,9780792738633,BBC Audiobooks,January 2006,,558459,VALID_COVER,500,474,JPEG,data/cache/en-mass-editorial-engine/covers/EN-OL7811913M.jpeg,NO,NO,167.0000,201.0000,AUTO_ACCEPT,Strong author/title/language match and validated physical cover.,SELECTED,,NO_PAGE_COUNT,,NO,1
EN,CONTEMPORARY,Julian Barnes,1,8,12,/works/OL1984730W,Before she met me,Julian Barnes,1.0000,1982,/books/OL2717441M,Before she met me,,eng,1.0000,0070037477,McGraw-Hill,1986,174,11594447,VALID_COVER,286,500,JPEG,data/cache/en-mass-editorial-engine/covers/EN-OL2717441M.jpeg,NO,NO,167.0000,201.0000,AUTO_ACCEPT,Strong author/title/language match and validated physical cover.,SELECTED,,RECOVERED,OPEN_LIBRARY_EDITION:number_of_pages,NO,1
EN,CONTEMPORARY,Julian Barnes,1,8,12,/works/OL1984723W,Cross channel,Julian Barnes,1.0000,1996,/books/OL15509190M,Cross channel,,eng,1.0000,0224043013,Cape,1996,211,9774449,VALID_COVER,339,500,JPEG,data/cache/en-mass-editorial-engine/covers/EN-OL15509190M.jpeg,NO,NO,167.0000,201.0000,AUTO_ACCEPT,Strong author/title/language match and validated physical cover.,SELECTED,,RECOVERED,OPEN_LIBRARY_EDITION:number_of_pages,NO,1
EN,CONTEMPORARY,Julian Barnes,1,8,12,/works/OL21150872W,Death,Julian Barnes,1.0000,2017,/books/OL28633202M,Death,,eng,1.0000,9781784872601,Penguin Random House,2017,128,14456908,VALID_COVER,308,500,JPEG,data/cache/en-mass-editorial-engine/covers/EN-OL28633202M.jpeg,NO,NO,167.0000,201.0000,AUTO_ACCEPT,Strong author/title/language match and validated physical cover.,SELECTED,,RECOVERED,OPEN_LIBRARY_EDITION:number_of_pages,NO,1
EN,CONTEMPORARY,Julian Barnes,1,8,12,/works/OL44922433W,Departure(s),Julian Barnes,1.0000,2026,/books/OL61303516M,Departure(s),,eng,1.0000,9780593804506,Knopf,2026,160,15169816,VALID_COVER,333,500,JPEG,data/cache/en-mass-editorial-engine/covers/EN-OL61303516M.jpeg,NO,NO,167.0000,201.0000,AUTO_ACCEPT,Strong author/title/language match and validated physical cover.,SELECTED,,RECOVERED,OPEN_LIBRARY_EDITION:number_of_pages,NO,1
EN,CONTEMPORARY,Kazuo Ishiguro,1,8,12,/works/OL59041W,An Artist of the Floating World,Kazuo Ishiguro,1.0000,1986,/books/OL18915186M,An artist of the floating world,,eng,1.0000,057114716X,Faber & Faber,1987,206,10168547,VALID_COVER,299,475,JPEG,data/cache/en-mass-editorial-engine/covers/EN-OL18915186M.jpeg,NO,NO,167.0000,201.0000,AUTO_ACCEPT,Strong author/title/language match and validated physical cover.,SELECTED,,RECOVERED,OPEN_LIBRARY_EDITION:number_of_pages,NO,1
EN,CONTEMPORARY,Kazuo Ishiguro,1,8,12,/works/OL21195765W,Come Rain or Come Shine,Kazuo Ishiguro,1.0000,2019,/books/OL44186390M,Come Rain or Come Shine,,eng,1.0000,9780571354610,Faber & Faber,2019,80,15239761,VALID_COVER,347,500,JPEG,data/cache/en-mass-editorial-engine/covers/EN-OL44186390M.jpeg,NO,NO,167.0000,201.0000,AUTO_ACCEPT,Strong author/title/language match and validated physical cover.,SELECTED,,RECOVERED,OPEN_LIBRARY_EDITION:number_of_pages,NO,1
EN,CONTEMPORARY,Kazuo Ishiguro,1,8,12,/works/OL14875858W,Conversations with Kazuo Ishiguro,Kazuo Ishiguro,1.0000,2008,/books/OL16744057M,Conversations with Kazuo Ishiguro,,eng,1.0000,9781934110614,University Press of Mississippi,2008,224,5351170,VALID_COVER,128,193,JPEG,data/cache/en-mass-editorial-engine/covers/EN-OL16744057M.jpeg,NO,NO,167.0000,201.0000,AUTO_ACCEPT,Strong author/title/language match and validated physical cover.,SELECTED,,RECOVERED,OPEN_LIBRARY_EDITION:number_of_pages,NO,1
EN,CONTEMPORARY,Kazuo Ishiguro,1,8,12,/works/OL28967085W,Crooner / Nocturne,Kazuo Ishiguro,1.0000,2020,/books/OL62337654M,Crooner / Nocturne,,fre | eng,1.0000,9782072827082,Gallimard,2020,255,15239751,VALID_COVER,303,500,JPEG,data/cache/en-mass-editorial-engine/covers/EN-OL62337654M.jpeg,NO,NO,167.0000,201.0000,AUTO_ACCEPT,Strong author/title/language match and validated physical cover.,SELECTED,,RECOVERED,OPEN_LIBRARY_EDITION:number_of_pages,NO,1
EN,CONTEMPORARY,Louise Erdrich,1,8,12,/works/OL479042W,Baptism of Desire,Louise Erdrich,1.0000,1989,/books/OL9239160M,Baptism of Desire,Poems,eng,1.0000,9780060920449,Harper Perennial,"December 7, 1990",78,39910,VALID_COVER,293,475,JPEG,data/cache/en-mass-editorial-engine/covers/EN-OL9239160M.jpeg,NO,NO,167.0000,201.0000,AUTO_ACCEPT,Strong author/title/language match and validated physical cover.,SELECTED,,RECOVERED,OPEN_LIBRARY_EDITION:number_of_pages,NO,1
EN,CONTEMPORARY,Louise Erdrich,1,8,12,/works/OL16585150W,Chickadee,Louise Erdrich,1.0000,2012,/books/OL25270067M,Chickadee,,eng,1.0000,9780060577902,Harper,2012,196,8119730,VALID_COVER,316,500,JPEG,data/cache/en-mass-editorial-engine/covers/EN-OL25270067M.jpeg,NO,NO,167.0000,201.0000,AUTO_ACCEPT,Strong author/title/language match and validated physical cover.,SELECTED,,RECOVERED,OPEN_LIBRARY_EDITION:number_of_pages,NO,1
EN,CONTEMPORARY,Louise Erdrich,1,8,12,/works/OL478997W,Conversations with Louise Erdrich and Michael Dorris,Louise Erdrich,1.0000,1994,/books/OL1419859M,Conversations with Louise Erdrich and Michael Dorris,,eng,1.0000,0878056513,University Press of Mississippi,1994,262,672441,VALID_COVER,316,475,JPEG,data/cache/en-mass-editorial-engine/covers/EN-OL1419859M.jpeg,NO,NO,167.0000,201.0000,AUTO_ACCEPT,Strong author/title/language match and validated physical cover.,SELECTED,,RECOVERED,OPEN_LIBRARY_EDITION:number_of_pages,NO,1
EN,CONTEMPORARY,Louise Erdrich,1,8,12,/works/OL479002W,Four Souls,Louise Erdrich,1.0000,2004,/books/OL7285251M,Four souls,[a novel],eng,1.0000,9780060935221,Harper Perennial,"July 5, 2005",210,41215,VALID_COVER,332,500,JPEG,data/cache/en-mass-editorial-engine/covers/EN-OL7285251M.jpeg,NO,NO,167.0000,201.0000,AUTO_ACCEPT,Strong author/title/language match and validated physical cover.,SELECTED,,RECOVERED,OPEN_LIBRARY_EDITION:number_of_pages,NO,1
EN,CONTEMPORARY,Louise Erdrich,1,8,12,/works/OL479029W,Four Souls/Tracks CD,Louise Erdrich,1.0000,2004,/books/OL9235861M,Four Souls/Tracks CD,,eng,1.0000,9780060757618,HarperAudio,"June 21, 2004",,34782,VALID_COVER,431,475,JPEG,data/cache/en-mass-editorial-engine/covers/EN-OL9235861M.jpeg,NO,NO,167.0000,201.0000,AUTO_ACCEPT,Strong author/title/language match and validated physical cover.,SELECTED,,NO_PAGE_COUNT,,NO,1
EN,CONTEMPORARY,Louise Erdrich,1,8,12,/works/OL19324029W,Future Home of the Living God,Louise Erdrich,1.0000,2017,/books/OL29759044M,Future Home of the Living God,A Novel,eng,1.0000,9780062694072,"HarperCollins Canada, Limited",2017,288,15113514,VALID_COVER,332,500,JPEG,data/cache/en-mass-editorial-engine/covers/EN-OL29759044M.jpeg,NO,NO,167.0000,201.0000,AUTO_ACCEPT,Strong author/title/language match and validated physical cover.,SELECTED,,RECOVERED,OPEN_LIBRARY_EDITION:number_of_pages,NO,1
EN,CONTEMPORARY,Margaret Atwood,1,10,15,/works/OL675792W,A quiet game,Margaret Atwood,1.0000,1997,/books/OL429003M,A quiet game,and other early works,eng,1.0000,0969827180,Juvenilia Press,1997,27,13733878,VALID_COVER,333,500,JPEG,data/cache/en-mass-editorial-engine/covers/EN-OL429003M.jpeg,NO,NO,167.0000,201.0000,AUTO_ACCEPT,Strong author/title/language match and validated physical cover.,SELECTED,,RECOVERED,OPEN_LIBRARY_EDITION:number_of_pages,NO,1
EN,CONTEMPORARY,Margaret Atwood,1,10,15,/works/OL675834W,alias Grace,Margaret Atwood,1.0000,1996,/books/OL26809501M,Alias Grace,,eng,1.0000,9780525562672,Anchor Books,1997-11,480,12507599,VALID_COVER,321,500,JPEG,data/cache/en-mass-editorial-engine/covers/EN-OL26809501M.jpeg,NO,NO,167.0000,201.0000,AUTO_ACCEPT,Strong author/title/language match and validated physical cover.,SELECTED,,RECOVERED,OPEN_LIBRARY_EDITION:number_of_pages,NO,1
EN,CONTEMPORARY,Margaret Atwood,1,10,15,/works/OL20033995W,Angel Catbird,Margaret Atwood,1.0000,2016,/books/OL27214037M,Angel Catbird,,eng,1.0000,9781506700632,Dark Horse Books,2016,82,14816164,VALID_COVER,333,500,JPEG,data/cache/en-mass-editorial-engine/covers/EN-OL27214037M.jpeg,NO,NO,167.0000,201.0000,AUTO_ACCEPT,Strong author/title/language match and validated physical cover.,SELECTED,,RECOVERED,OPEN_LIBRARY_EDITION:number_of_pages,NO,1
EN,CONTEMPORARY,Margaret Atwood,1,10,15,/works/OL17989023W,Barbed lyres,Margaret Atwood,1.0000,1990,/books/OL1337880M,Barbed lyres,Canadian venomous verse,eng,1.0000,1550132520,Key Porter Books,1990,112,9556024,VALID_COVER,301,500,JPEG,data/cache/en-mass-editorial-engine/covers/EN-OL1337880M.jpeg,NO,NO,167.0000,201.0000,AUTO_ACCEPT,Strong author/title/language match and validated physical cover.,SELECTED,,RECOVERED,OPEN_LIBRARY_EDITION:number_of_pages,NO,1
EN,CONTEMPORARY,Margaret Atwood,1,10,15,/works/OL675795W,Bashful Bob and Doleful Dorinda,Margaret Atwood | Dusan Petricic,1.0000,2004,/books/OL17844487M,Bashful Bob and Doleful Dorinda,,eng,1.0000,9781599900049,Bloomsbury Children's Books,2006,,10035834,VALID_COVER,500,477,JPEG,data/cache/en-mass-editorial-engine/covers/EN-OL17844487M.jpeg,NO,NO,167.0000,201.0000,AUTO_ACCEPT,Strong author/title/language match and validated physical cover.,SELECTED,,NO_PAGE_COUNT,,NO,1
EN,CONTEMPORARY,Margaret Atwood,1,10,15,/works/OL675768W,Bodily Harm,Margaret Atwood,1.0000,1981,/books/OL48101746M,Bodily Harm,,eng,1.0000,0860683443,Virago Press,1989,,14339053,VALID_COVER,315,500,JPEG,data/cache/en-mass-editorial-engine/covers/EN-OL48101746M.jpeg,NO,NO,167.0000,201.0000,AUTO_ACCEPT,Strong author/title/language match and validated physical cover.,SELECTED,,NO_PAGE_COUNT,,NO,1
EN,CONTEMPORARY,Margaret Atwood,1,10,15,/works/OL24989310W,Burning Questions,Margaret Atwood,1.0000,2022,/books/OL46862320M,Burning Questions,"Essays and Occasional Pieces, 2004-2021",eng,1.0000,9780771096402,McClelland & Stewart,2022,,14372312,VALID_COVER,320,500,JPEG,data/cache/en-mass-editorial-engine/covers/EN-OL46862320M.jpeg,NO,NO,167.0000,201.0000,AUTO_ACCEPT,Strong author/title/language match and validated physical cover.,SELECTED,,NO_PAGE_COUNT,,NO,1
EN,CONTEMPORARY,Margaret Atwood,1,10,15,/works/OL675713W,Cat's Eye,Margaret Atwood,1.0000,1988,/books/OL48100626M,Cat's Eye,,eng,1.0000,1853811262,Virago,1991,,14337519,VALID_COVER,330,500,JPEG,data/cache/en-mass-editorial-engine/covers/EN-OL48100626M.jpeg,NO,NO,167.0000,201.0000,AUTO_ACCEPT,Strong author/title/language match and validated physical cover.,SELECTED,,NO_PAGE_COUNT,,NO,1
EN,CONTEMPORARY,Margaret Atwood,1,10,15,/works/OL675796W,Curious pursuits,Margaret Atwood,1.0000,2005,/books/OL8952666M,Curious Pursuits,,eng,1.0000,9781844081493,Virago Press Ltd,2005,320,12508424,VALID_COVER,306,500,JPEG,data/cache/en-mass-editorial-engine/covers/EN-OL8952666M.jpeg,NO,NO,167.0000,201.0000,AUTO_ACCEPT,Strong author/title/language match and validated physical cover.,SELECTED,,RECOVERED,OPEN_LIBRARY_EDITION:number_of_pages,NO,1
EN,CONTEMPORARY,Margaret Atwood,1,10,15,/works/OL675685W,Dancing girls and other stories,Margaret Atwood,1.0000,1977,/books/OL39480347M,Dancing girls,and other stories,eng,1.0000,0770415311,Seal Books,1978-09,,12884279,VALID_COVER,289,500,JPEG,data/cache/en-mass-editorial-engine/covers/EN-OL39480347M.jpeg,NO,NO,167.0000,201.0000,AUTO_ACCEPT,Strong author/title/language match and validated physical cover.,SELECTED,,NO_PAGE_COUNT,,NO,1
EN,CONTEMPORARY,Marilynne Robinson,1,6,9,/works/OL15409166W,Absence of mind,Marilynne Robinson,1.0000,2010,/books/OL24379442M,Absence of mind,the dispelling of inwardness from the modern myth of the self,eng,1.0000,9780300145182,Yale University Press,2010,158,9818116,VALID_COVER,319,500,JPEG,data/cache/en-mass-editorial-engine/covers/EN-OL24379442M.jpeg,NO,NO,167.0000,201.0000,AUTO_ACCEPT,Strong author/title/language match and validated physical cover.,SELECTED,,RECOVERED,OPEN_LIBRARY_EDITION:number_of_pages,NO,1
EN,CONTEMPORARY,Marilynne Robinson,1,6,9,/works/OL1875009W,Gilead,Marilynne Robinson,1.0000,2004,/books/OL24208202M,Gilead,,eng,1.0000,9780312424404,Picador,2004,247,6504880,VALID_COVER,329,500,JPEG,data/cache/en-mass-editorial-engine/covers/EN-OL24208202M.jpeg,NO,NO,167.0000,201.0000,AUTO_ACCEPT,Strong author/title/language match and validated physical cover.,SELECTED,,RECOVERED,OPEN_LIBRARY_EDITION:number_of_pages,NO,1
EN,CONTEMPORARY,Martin Amis,1,8,12,/works/OL21182807W,American wild,Sigrid Rausing | Martin Amis | Anthony Doerr | Callan Wink | Melinda Moustakis | David Treuer | Jess Row | Nicola Lo Calzo | Andrew Motion | Adam Nicolson | Aaron Huey | Mary Ruefle | Thomas McGuane | Anne Carson | Diane Cook | Claire Vaye Watkins | Mona Simpson,1.0000,2014,/books/OL28687102M,American wild,,eng,1.0000,9781905881819,Granta,2014,256,10345345,VALID_COVER,339,500,JPEG,data/cache/en-mass-editorial-engine/covers/EN-OL28687102M.jpeg,NO,NO,167.0000,201.0000,AUTO_ACCEPT,Strong author/title/language match and validated physical cover.,SELECTED,,RECOVERED,OPEN_LIBRARY_EDITION:number_of_pages,NO,1
EN,CONTEMPORARY,Martin Amis,1,8,12,/works/OL16850W,Dead Babies,Martin Amis,1.0000,1975,/books/OL7317936M,Dead Babies,,eng,1.0000,9780099437338,VINTAGE (RAND),"June 3, 2004",223,74340,VALID_COVER,325,500,JPEG,data/cache/en-mass-editorial-engine/covers/EN-OL7317936M.jpeg,NO,NO,167.0000,201.0000,AUTO_ACCEPT,Strong author/title/language match and validated physical cover.,SELECTED,,RECOVERED,OPEN_LIBRARY_EDITION:number_of_pages,NO,1
EN,CONTEMPORARY,Martin Amis,1,8,12,/works/OL16835W,Einstein's Monsters,Martin Amis,1.0000,1987,/books/OL17405251M,Einstein's monsters,,eng,1.0000,0140103155,Penguin,1988,132,10445410,VALID_COVER,324,500,JPEG,data/cache/en-mass-editorial-engine/covers/EN-OL17405251M.jpeg,NO,NO,167.0000,201.0000,AUTO_ACCEPT,Strong author/title/language match and validated physical cover.,SELECTED,,RECOVERED,OPEN_LIBRARY_EDITION:number_of_pages,NO,1
EN,CONTEMPORARY,Martin Amis,1,8,12,/works/OL16843W,Experience,Martin Amis,1.0000,2000,/books/OL28426712M,Experience,A Memoir,eng,1.0000,9780099285823,Penguin Random House,2001,416,11629498,VALID_COVER,332,500,JPEG,data/cache/en-mass-editorial-engine/covers/EN-OL28426712M.jpeg,NO,NO,167.0000,201.0000,AUTO_ACCEPT,Strong author/title/language match and validated physical cover.,SELECTED,,RECOVERED,OPEN_LIBRARY_EDITION:number_of_pages,NO,1
EN,CONTEMPORARY,Martin Amis,1,8,12,/works/OL14923567W,Getting It On,Martin Amis | T. C. Boyle | Anne Rice | John Irving | Armistead Maupin | Tobias O. Meissner | Julia Dubner | T. Coraghessan Boyle,1.0000,1999,/books/OL344748M,Getting it on,a condom reader,eng,1.0000,1569471258,Soho Press,1999,240,814059,VALID_COVER,318,475,JPEG,data/cache/en-mass-editorial-engine/covers/EN-OL344748M.jpeg,NO,NO,167.0000,201.0000,AUTO_ACCEPT,Strong author/title/language match and validated physical cover.,SELECTED,,RECOVERED,OPEN_LIBRARY_EDITION:number_of_pages,NO,1
EN,CONTEMPORARY,Martin Amis,1,8,12,/works/OL11277921W,God's Dice,Martin Amis,1.0000,1995,/books/OL14952288M,God's Dice,,eng,1.0000,0146000544,Penguin,1995,55,15134112,VALID_COVER,350,500,JPEG,data/cache/en-mass-editorial-engine/covers/EN-OL14952288M.jpeg,NO,NO,167.0000,201.0000,AUTO_ACCEPT,Strong author/title/language match and validated physical cover.,SELECTED,,RECOVERED,OPEN_LIBRARY_EDITION:number_of_pages,NO,1
EN,CONTEMPORARY,Martin Amis,1,8,12,/works/OL16826W,Granta 25,Martin Amis,1.0000,1989,/books/OL7347324M,Granta 25,The Murderee,eng,1.0000,9780140086089,Penguin USA (P),March 1989,255,9484592,VALID_COVER,348,500,JPEG,data/cache/en-mass-editorial-engine/covers/EN-OL7347324M.jpeg,NO,NO,167.0000,201.0000,AUTO_ACCEPT,Strong author/title/language match and validated physical cover.,SELECTED,,RECOVERED,OPEN_LIBRARY_EDITION:number_of_pages,NO,1
EN,CONTEMPORARY,Martin Amis,1,8,12,/works/OL11277922W,Heavy Water and Other Stories,Martin Amis,1.0000,1998,/books/OL36249M,Heavy water and other stories,,eng,1.0000,0783886217,G.K. Hall,1999,296,6617819,VALID_COVER,318,500,JPEG,data/cache/en-mass-editorial-engine/covers/EN-OL36249M.jpeg,NO,NO,167.0000,201.0000,AUTO_ACCEPT,Strong author/title/language match and validated physical cover.,SELECTED,,RECOVERED,OPEN_LIBRARY_EDITION:number_of_pages,NO,1
EN,CONTEMPORARY,Pat Barker,1,7,10,/works/OL14865042W,Another world,Pat Barker,1.0000,1998,/books/OL43828M,Another world,,eng,1.0000,0783887507,G.K. Hall & Co.,1999,278,1463904,VALID_COVER,314,475,JPEG,data/cache/en-mass-editorial-engine/covers/EN-OL43828M.jpeg,NO,NO,167.0000,201.0000,AUTO_ACCEPT,Strong author/title/language match and validated physical cover.,SELECTED,,RECOVERED,OPEN_LIBRARY_EDITION:number_of_pages,NO,1
EN,CONTEMPORARY,Pat Barker,1,7,10,/works/OL14865016W,Blow Your House Down,Pat Barker,1.0000,1984,/books/OL24369161M,Blow your house down,,eng,1.0000,9780345323613,Ballantine,1985,213,6601382,VALID_COVER,292,500,JPEG,data/cache/en-mass-editorial-engine/covers/EN-OL24369161M.jpeg,NO,NO,167.0000,201.0000,AUTO_ACCEPT,Strong author/title/language match and validated physical cover.,SELECTED,,RECOVERED,OPEN_LIBRARY_EDITION:number_of_pages,NO,1
EN,CONTEMPORARY,Pat Barker,1,7,10,/works/OL11221637W,Border crossing,Pat Barker,1.0000,2001,/books/OL6790599M,Border crossing,,eng,1.0000,0374181152,"Farrar, Straus, and Giroux",2001,215,223105,VALID_COVER,307,475,JPEG,data/cache/en-mass-editorial-engine/covers/EN-OL6790599M.jpeg,NO,NO,167.0000,201.0000,AUTO_ACCEPT,Strong author/title/language match and validated physical cover.,SELECTED,,RECOVERED,OPEN_LIBRARY_EDITION:number_of_pages,NO,1
EN,CONTEMPORARY,Pat Barker,1,7,10,/works/OL14865043W,Double Vision,Pat Barker,1.0000,2003,/books/OL3688393M,Double vision,,eng,1.0000,0374209057,"Farrar, Straus and Giroux",2003,258,223225,VALID_COVER,316,475,JPEG,data/cache/en-mass-editorial-engine/covers/EN-OL3688393M.jpeg,NO,NO,167.0000,201.0000,AUTO_ACCEPT,Strong author/title/language match and validated physical cover.,SELECTED,,RECOVERED,OPEN_LIBRARY_EDITION:number_of_pages,NO,1
EN,CONTEMPORARY,Pat Barker,1,7,10,/works/OL14865021W,Dragon boats,Pat Barker,1.0000,1996,/books/OL587854M,Dragon boats,a celebration,eng,1.0000,0834803658,Weatherhill,1996,121,635074,VALID_COVER,310,475,JPEG,data/cache/en-mass-editorial-engine/covers/EN-OL587854M.jpeg,NO,NO,167.0000,201.0000,AUTO_ACCEPT,Strong author/title/language match and validated physical cover.,SELECTED,,RECOVERED,OPEN_LIBRARY_EDITION:number_of_pages,NO,1
EN,CONTEMPORARY,Paul Auster,1,9,13,/works/OL21153291W,4 3 2 1,Paul Auster,1.0000,2013,/books/OL27223549M,4 3 2 1,a novel,eng,1.0000,9781627794466,Henry Holt and Company,2017,866,14437035,VALID_COVER,330,500,JPEG,data/cache/en-mass-editorial-engine/covers/EN-OL27223549M.jpeg,NO,NO,167.0000,201.0000,AUTO_ACCEPT,Strong author/title/language match and validated physical cover.,SELECTED,,RECOVERED,OPEN_LIBRARY_EDITION:number_of_pages,NO,1
EN,CONTEMPORARY,Paul Auster,1,9,13,/works/OL15841619W,Auggie Wren's Christmas story,Paul Auster,1.0000,1991,/books/OL3301594M,Auggie Wren's Christmas story,,eng,1.0000,0805077235,H. Holt,2004,34,6763307,VALID_COVER,360,500,JPEG,data/cache/en-mass-editorial-engine/covers/EN-OL3301594M.jpeg,NO,NO,167.0000,201.0000,AUTO_ACCEPT,Strong author/title/language match and validated physical cover.,SELECTED,,RECOVERED,OPEN_LIBRARY_EDITION:number_of_pages,NO,1
EN,CONTEMPORARY,Paul Auster,1,9,13,/works/OL35721188W,Baumgartner,Paul Auster,1.0000,2023,/books/OL48190163M,Baumgartner,,eng,1.0000,9780571384945,"Faber & Faber, Limited",2023,208,14723882,VALID_COVER,250,400,JPEG,data/cache/en-mass-editorial-engine/covers/EN-OL48190163M.jpeg,NO,NO,167.0000,201.0000,AUTO_ACCEPT,Strong author/title/language match and validated physical cover.,SELECTED,,RECOVERED,OPEN_LIBRARY_EDITION:pagination,NO,1
EN,CONTEMPORARY,Paul Auster,1,9,13,/works/OL28445050W,Bloodbath Nation,Paul Auster,1.0000,2023,/books/OL38960223M,Bloodbath Nation,,eng,1.0000,9780802160454,"Grove/Atlantic, Incorporated",2023,160,13121044,VALID_COVER,325,500,JPEG,data/cache/en-mass-editorial-engine/covers/EN-OL38960223M.jpeg,NO,NO,167.0000,201.0000,AUTO_ACCEPT,Strong author/title/language match and validated physical cover.,SELECTED,,RECOVERED,OPEN_LIBRARY_EDITION:pagination,NO,1
EN,CONTEMPORARY,Paul Auster,1,9,13,/works/OL25315883W,Burning Boy,Paul Auster,1.0000,2021,/books/OL34158599M,Burning Boy,The Life and Work of Stephen Crane,eng,1.0000,9781250235831,"Holt & Company, Henry",2021,800,12375241,VALID_COVER,143,218,JPEG,data/cache/en-mass-editorial-engine/covers/EN-OL34158599M.jpeg,NO,NO,167.0000,201.0000,AUTO_ACCEPT,Strong author/title/language match and validated physical cover.,SELECTED,,RECOVERED,OPEN_LIBRARY_EDITION:number_of_pages,NO,1
EN,CONTEMPORARY,Paul Auster,1,9,13,/works/OL1682202W,City of glass,Paul Auster,1.0000,1985,/books/OL2724962M,City of glass,,eng,1.0000,0140097317,Penguin Books,1987,203,94333,VALID_COVER,326,500,JPEG,data/cache/en-mass-editorial-engine/covers/EN-OL2724962M.jpeg,NO,NO,167.0000,201.0000,AUTO_ACCEPT,Strong author/title/language match and validated physical cover.,SELECTED,,RECOVERED,OPEN_LIBRARY_EDITION:number_of_pages,NO,1
EN,CONTEMPORARY,Paul Auster,1,9,13,/works/OL1682203W,Collected Poems,Paul Auster,1.0000,2004,/books/OL3692445M,Collected poems,,eng,1.0000,1585674044,Overlook Press,2004,205,13395081,VALID_COVER,308,500,JPEG,data/cache/en-mass-editorial-engine/covers/EN-OL3692445M.jpeg,NO,NO,167.0000,201.0000,AUTO_ACCEPT,Strong author/title/language match and validated physical cover.,SELECTED,,RECOVERED,OPEN_LIBRARY_EDITION:number_of_pages,NO,1
EN,CONTEMPORARY,Paul Auster,1,9,13,/works/OL14911065W,Conjunctions,Paul Auster,1.0000,2003,/books/OL8442819M,Conjunctions,"40, 40x40",eng,1.0000,9780941964562,Bard College,"May 2, 2003",420,719096,VALID_COVER,308,475,JPEG,data/cache/en-mass-editorial-engine/covers/EN-OL8442819M.jpeg,NO,NO,167.0000,201.0000,AUTO_ACCEPT,Strong author/title/language match and validated physical cover.,SELECTED,,RECOVERED,OPEN_LIBRARY_EDITION:number_of_pages,NO,1
EN,CONTEMPORARY,Paul Auster,1,9,13,/works/OL18011857W,Day/Night,Paul Auster,1.0000,2013,/books/OL26590726M,Day/Night,Travels in the Scriptorium and Man in the Dark,eng,1.0000,9781250037879,Picador,2013,320,8283575,VALID_COVER,306,500,JPEG,data/cache/en-mass-editorial-engine/covers/EN-OL26590726M.jpeg,NO,NO,167.0000,201.0000,AUTO_ACCEPT,Strong author/title/language match and validated physical cover.,SELECTED,,RECOVERED,OPEN_LIBRARY_EDITION:number_of_pages,NO,1
EN,CONTEMPORARY,Salman Rushdie,1,10,15,/works/OL457171W,"East, West",Salman Rushdie,1.0000,1994,/books/OL18753466M,"East, west",stories,eng,1.0000,0394281500,Vintage Canada,1996,211,11144973,VALID_COVER,314,500,JPEG,data/cache/en-mass-editorial-engine/covers/EN-OL18753466M.jpeg,NO,NO,167.0000,201.0000,AUTO_ACCEPT,Strong author/title/language match and validated physical cover.,SELECTED,,RECOVERED,OPEN_LIBRARY_EDITION:number_of_pages,NO,1
EN,CONTEMPORARY,Salman Rushdie,1,10,15,/works/OL457174W,Fury,Salman Rushdie,1.0000,2001,/books/OL7414520M,Fury,,eng,1.0000,9780224061599,Jonathan Cape,"August 30, 2001",259,11144901,VALID_COVER,320,500,JPEG,data/cache/en-mass-editorial-engine/covers/EN-OL7414520M.jpeg,NO,NO,167.0000,201.0000,AUTO_ACCEPT,Strong author/title/language match and validated physical cover.,SELECTED,,RECOVERED,OPEN_LIBRARY_EDITION:number_of_pages,NO,1
EN,CONTEMPORARY,Salman Rushdie,1,10,15,/works/OL457178W,Grimus,Salman Rushdie,1.0000,1975,/books/OL3690114M,Grimus,a novel,eng,1.0000,0812969995,Modern Library,2006,318,8304205,VALID_COVER,316,500,JPEG,data/cache/en-mass-editorial-engine/covers/EN-OL3690114M.jpeg,NO,NO,167.0000,201.0000,AUTO_ACCEPT,Strong author/title/language match and validated physical cover.,SELECTED,,RECOVERED,OPEN_LIBRARY_EDITION:number_of_pages,NO,1
EN,CONTEMPORARY,Salman Rushdie,1,10,15,/works/OL457172W,Haroun and the Sea of Stories,Salman Rushdie,1.0000,1990,/books/OL16889224M,Haroun and the sea of stories,,eng,1.0000,0140142231,Granta Books,1990,218,13798619,VALID_COVER,313,500,JPEG,data/cache/en-mass-editorial-engine/covers/EN-OL16889224M.jpeg,NO,NO,167.0000,201.0000,AUTO_ACCEPT,Strong author/title/language match and validated physical cover.,SELECTED,,RECOVERED,OPEN_LIBRARY_EDITION:number_of_pages,NO,1
EN,CONTEMPORARY,Thomas Pynchon,1,8,12,/works/OL2636670W,Against the Day,Thomas Pynchon,1.0000,2006,/books/OL8875965M,Against the Day,,eng,1.0000,9781594201202,The Penguin Press,"November 21, 2006",1085,872335,VALID_COVER,327,500,JPEG,data/cache/en-mass-editorial-engine/covers/EN-OL8875965M.jpeg,NO,NO,167.0000,201.0000,AUTO_ACCEPT,Strong author/title/language match and validated physical cover.,SELECTED,,RECOVERED,OPEN_LIBRARY_EDITION:number_of_pages,NO,1
EN,CONTEMPORARY,Thomas Pynchon,1,8,12,/works/OL17094387W,Bleeding Edge,Thomas Pynchon | Vicente Campos González,1.0000,2013,/books/OL28531185M,Bleeding Edge,,eng,1.0000,9780099590361,Penguin Random House,2014,496,12488396,VALID_COVER,323,500,JPEG,data/cache/en-mass-editorial-engine/covers/EN-OL28531185M.jpeg,NO,NO,167.0000,201.0000,AUTO_ACCEPT,Strong author/title/language match and validated physical cover.,SELECTED,,RECOVERED,OPEN_LIBRARY_EDITION:number_of_pages,NO,1
EN,CONTEMPORARY,Thomas Pynchon,1,8,12,/works/OL14911100W,Deadly Sins,"A. S. Byatt | Thomas Pynchon | Mary Catherine Gordon | John Updike | William Trevor | Gore Vidal | Howard, Richard | Joyce Carol Oates",1.0000,1993,/books/OL1085271M,Deadly sins,,eng,1.0000,0688136907,W. Morrow,1993,125,14821088,VALID_COVER,361,500,JPEG,data/cache/en-mass-editorial-engine/covers/EN-OL1085271M.jpeg,NO,NO,167.0000,201.0000,AUTO_ACCEPT,Strong author/title/language match and validated physical cover.,SELECTED,,RECOVERED,OPEN_LIBRARY_EDITION:number_of_pages,NO,1
EN,CONTEMPORARY,Thomas Pynchon,1,8,12,/works/OL2988336W,Forms of the Novella,David H. Richter | Richter | Nikolaĭ Vasilʹevich  Gogolʹ | Herman Melville | Henry James | Kate Chopin | Joseph Conrad | James Joyce | Franz Kafka | D. H. Lawrence | Katherine Anne Porter | Thomas Pynchon | David H. Richter,1.0000,1981,/books/OL43333286M,Forms of the Novella,Ten Short Novels,eng,1.0000,9780394327174,Alfred A. Knopf,1981,,14556154,VALID_COVER,322,500,JPEG,data/cache/en-mass-editorial-engine/covers/EN-OL43333286M.jpeg,NO,NO,167.0000,201.0000,AUTO_ACCEPT,Strong author/title/language match and validated physical cover.,SELECTED,,NO_PAGE_COUNT,,NO,1
EN,CONTEMPORARY,Zadie Smith,1,7,10,/works/OL20840400W,Busted in New York and Other Essays,Darryl Pinckney | Zadie Smith,1.0000,2019,/books/OL28214883M,Busted in New York and Other Essays,,eng,1.0000,9780374117443,"Farrar, Straus and Giroux","Nov 12, 2019",416,10148646,VALID_COVER,324,500,JPEG,data/cache/en-mass-editorial-engine/covers/EN-OL28214883M.jpeg,NO,NO,167.0000,201.0000,AUTO_ACCEPT,Strong author/title/language match and validated physical cover.,SELECTED,,RECOVERED,OPEN_LIBRARY_EDITION:number_of_pages,NO,1
EN,CONTEMPORARY,Zadie Smith,1,7,10,/works/OL481140W,Changing my mind,Zadie Smith,1.0000,2009,/books/OL39822504M,Changing my mind,occasional essays,eng,1.0000,9780670045280,Penguin Group (Canada),2009,306,12947105,VALID_COVER,307,500,JPEG,data/cache/en-mass-editorial-engine/covers/EN-OL39822504M.jpeg,NO,NO,167.0000,201.0000,AUTO_ACCEPT,Strong author/title/language match and validated physical cover.,SELECTED,,RECOVERED,OPEN_LIBRARY_EDITION:number_of_pages,NO,1
EN,CONTEMPORARY,Zadie Smith,1,7,10,/works/OL42548305W,Dead and Alive,Zadie Smith,1.0000,2025,/books/OL60828975M,Dead and Alive,,eng,1.0000,9780241729601,"Penguin Books, Limited",2025,352,15250399,VALID_COVER,307,466,JPEG,data/cache/en-mass-editorial-engine/covers/EN-OL60828975M.jpeg,NO,NO,167.0000,201.0000,AUTO_ACCEPT,Strong author/title/language match and validated physical cover.,SELECTED,,RECOVERED,OPEN_LIBRARY_EDITION:number_of_pages,NO,1
EN,CONTEMPORARY,Zadie Smith,1,7,10,/works/OL17455685W,Embassy Of Cambodia,Zadie Smith,1.0000,2013,/books/OL26040430M,Embassy Of Cambodia,,eng,1.0000,9780241146521,Penguin Books Ltd,2013,96,7613590,VALID_COVER,273,400,JPEG,data/cache/en-mass-editorial-engine/covers/EN-OL26040430M.jpeg,NO,NO,167.0000,201.0000,AUTO_ACCEPT,Strong author/title/language match and validated physical cover.,SELECTED,,RECOVERED,OPEN_LIBRARY_EDITION:number_of_pages,NO,1
EN,CONTEMPORARY,Zadie Smith,1,7,10,/works/OL19667124W,Feel free,Zadie Smith,1.0000,2018,/books/OL26885829M,Feel free,essays,eng,1.0000,9780698178885,Penguin Press,2018,452,14554743,VALID_COVER,263,400,JPEG,data/cache/en-mass-editorial-engine/covers/EN-OL26885829M.jpeg,NO,NO,167.0000,201.0000,AUTO_ACCEPT,Strong author/title/language match and validated physical cover.,SELECTED,,RECOVERED,OPEN_LIBRARY_EDITION:number_of_pages,NO,1
EN,CONTEMPORARY,Zadie Smith,1,7,10,/works/OL34025531W,Fraud,Zadie Smith,1.0000,2023,/books/OL46803287M,Fraud,A Novel,eng,1.0000,9780593792643,Diversified Publishing,2023,577,14131936,VALID_COVER,386,500,JPEG,data/cache/en-mass-editorial-engine/covers/EN-OL46803287M.jpeg,NO,NO,167.0000,201.0000,AUTO_ACCEPT,Strong author/title/language match and validated physical cover.,SELECTED,,RECOVERED,OPEN_LIBRARY_EDITION:number_of_pages,NO,1
EN,CONTEMPORARY,Zadie Smith,1,7,10,/works/OL20181799W,Henry Taylor,Charles Gaines | Rachel Kaadzi Ghansah | Sarah Lewis | Zadie Smith,1.0000,2018,/books/OL27366406M,Henry Taylor,,eng,1.0000,9780847863105,Rizzoli Electa,"Oct 09, 2018",320,8829565,VALID_COVER,400,500,JPEG,data/cache/en-mass-editorial-engine/covers/EN-OL27366406M.jpeg,NO,NO,167.0000,201.0000,AUTO_ACCEPT,Strong author/title/language match and validated physical cover.,SELECTED,,RECOVERED,OPEN_LIBRARY_EDITION:number_of_pages,NO,1
EN,ENGLISH_LANGUAGE_CANON,Charles Dickens,1,12,18,/works/OL21023359W,Christmas Carol and Other Stories,Charles Dickens,1.0000,2007,/books/OL28486003M,Christmas Carol and Other Stories,,eng,1.0000,9780141389479,"Penguin Books, Limited",2013,104,14826338,VALID_COVER,326,500,JPEG,data/cache/en-mass-editorial-engine/covers/EN-OL28486003M.jpeg,NO,NO,167.0000,201.0000,AUTO_ACCEPT,Strong author/title/language match and validated physical cover.,SELECTED,,RECOVERED,OPEN_LIBRARY_EDITION:number_of_pages,NO,1
EN,ENGLISH_LANGUAGE_CANON,Charles Dickens,1,12,18,/works/OL22031804W,Poor Relation's Story,Charles Dickens,1.0000,2015,/books/OL40729294M,Poor Relation's Story,,eng,1.0000,9781728693675,Independently Published,2018,40,13201063,VALID_COVER,333,500,JPEG,data/cache/en-mass-editorial-engine/covers/EN-OL40729294M.jpeg,NO,NO,167.0000,201.0000,AUTO_ACCEPT,Strong author/title/language match and validated physical cover.,SELECTED,,RECOVERED,OPEN_LIBRARY_EDITION:pagination,NO,1
EN,ENGLISH_LANGUAGE_CANON,Charles Dickens,1,12,18,/works/OL26845876W,Somebody's Luggage,Charles Dickens,1.0000,2015,/books/OL40628826M,Somebody's Luggage,By Charles Dickens - Illustrated,eng,1.0000,9781520616599,Independently Published,2017,115,13186751,VALID_COVER,333,500,JPEG,data/cache/en-mass-editorial-engine/covers/EN-OL40628826M.jpeg,NO,NO,167.0000,201.0000,AUTO_ACCEPT,Strong author/title/language match and validated physical cover.,SELECTED,,RECOVERED,OPEN_LIBRARY_EDITION:pagination,NO,1
EN,ENGLISH_LANGUAGE_CANON,Charles Dickens,1,12,18,/works/OL14868616W,The Child's Story,Charles Dickens,1.0000,1988,/books/OL9491419M,The Child's Story,,eng,1.0000,9780958784542,"Slawson Communications, Inc.",January 1989,32,12484876,VALID_COVER,378,500,JPEG,data/cache/en-mass-editorial-engine/covers/EN-OL9491419M.jpeg,NO,NO,167.0000,201.0000,AUTO_ACCEPT,Strong author/title/language match and validated physical cover.,SELECTED,,RECOVERED,OPEN_LIBRARY_EDITION:number_of_pages,NO,1
EN,ENGLISH_LANGUAGE_CANON,Charlotte Brontë,1,7,10,/works/OL271337W,Emma,Charlotte Brontë,1.0000,1952,/books/OL8256166M,Emma,,eng,1.0000,9780896961142,Everest House,April 1981,201,7963714,VALID_COVER,312,500,JPEG,data/cache/en-mass-editorial-engine/covers/EN-OL8256166M.jpeg,NO,NO,167.0000,201.0000,AUTO_ACCEPT,Strong author/title/language match and validated physical cover.,SELECTED,,RECOVERED,OPEN_LIBRARY_EDITION:number_of_pages,NO,1
EN,ENGLISH_LANGUAGE_CANON,Charlotte Brontë,1,7,10,/works/OL1095427W,Jane Eyre,Charlotte Brontë,1.0000,1847,/books/OL35354586M,Jane Eyre,,eng,1.0000,9781484160916,Createspace,1847,332,12195363,VALID_COVER,331,500,JPEG,data/cache/en-mass-editorial-engine/covers/EN-OL35354586M.jpeg,NO,NO,167.0000,201.0000,AUTO_ACCEPT,Strong author/title/language match and validated physical cover.,SELECTED,,RECOVERED,OPEN_LIBRARY_EDITION:number_of_pages,NO,1
EN,ENGLISH_LANGUAGE_CANON,Charlotte Brontë,1,7,10,/works/OL16040458W,Mina Laury,Charlotte Brontë,1.0000,1995,/books/OL24941751M,Mina Laury,,eng,1.0000,9780146001925,Penguin Books,1995,55,6934246,VALID_COVER,377,500,JPEG,data/cache/en-mass-editorial-engine/covers/EN-OL24941751M.jpeg,NO,NO,167.0000,201.0000,AUTO_ACCEPT,Strong author/title/language match and validated physical cover.,SELECTED,,RECOVERED,OPEN_LIBRARY_EDITION:number_of_pages,NO,1
EN,ENGLISH_LANGUAGE_CANON,Daniel Defoe,1,7,10,/works/OL45072W,An essay on the history and reality of apparitions,Daniel Defoe,1.0000,1727,/books/OL23298128M,An essay on the history and reality of apparitions.,"Being an account of what they are, and what they are not; whence they come, and whence they come not. As also how we may distinguish between the apparitions of good and evil spirits and how we ought to behave to them. With a great variety of surprizing and diverting examples, never publish'd before.",eng,1.0000,9780854170838,J. Roberts,1727,395,6497663,VALID_COVER,288,500,JPEG,data/cache/en-mass-editorial-engine/covers/EN-OL23298128M.jpeg,NO,NO,167.0000,201.0000,AUTO_ACCEPT,Strong author/title/language match and validated physical cover.,SELECTED,,RECOVERED,OPEN_LIBRARY_EDITION:number_of_pages,NO,1
EN,ENGLISH_LANGUAGE_CANON,Daniel Defoe,1,7,10,/works/OL45291W,An essay upon projects,Daniel Defoe,1.0000,1697,/books/OL685049M,An essay upon projects,,eng,1.0000,040463530X,AMS Press,1999,244,3787571,VALID_COVER,128,182,JPEG,data/cache/en-mass-editorial-engine/covers/EN-OL685049M.jpeg,NO,NO,167.0000,201.0000,AUTO_ACCEPT,Strong author/title/language match and validated physical cover.,SELECTED,,RECOVERED,OPEN_LIBRARY_EDITION:number_of_pages,NO,1
EN,ENGLISH_LANGUAGE_CANON,Daniel Defoe,1,7,10,/works/OL45285W,From London to Land's End,Daniel Defoe,1.0000,1888,/books/OL9333130M,From London To Land's End,,eng,1.0000,9781419121067,Kessinger Publishing,"June 30, 2004",80,1799868,VALID_COVER,405,500,JPEG,data/cache/en-mass-editorial-engine/covers/EN-OL9333130M.jpeg,NO,NO,167.0000,201.0000,AUTO_ACCEPT,Strong author/title/language match and validated physical cover.,SELECTED,,RECOVERED,OPEN_LIBRARY_EDITION:number_of_pages,NO,1
EN,ENGLISH_LANGUAGE_CANON,Daniel Defoe,1,7,10,/works/OL45290W,"Memoirs of a Cavalier or a Military Journal of the Wars in Germany, And the Wars in England. from the Year 1632 to the Year 1648",Daniel Defoe,1.0000,1927,/books/OL11829256M,"Memoirs of a Cavalier or a Military Journal of the Wars in Germany, And the Wars in England. from the Year 1632 to the Year 1648",,eng,1.0000,9781421984315,IndyPublish.com,"January 30, 2006",236,2813336,VALID_COVER,333,500,JPEG,data/cache/en-mass-editorial-engine/covers/EN-OL11829256M.jpeg,NO,NO,167.0000,201.0000,AUTO_ACCEPT,Strong author/title/language match and validated physical cover.,SELECTED,,RECOVERED,OPEN_LIBRARY_EDITION:number_of_pages,NO,1
EN,ENGLISH_LANGUAGE_CANON,Daniel Defoe,1,7,10,/works/OL45302W,Religious courtship,Daniel Defoe,1.0000,1722,/books/OL20387297M,Religious courtship,"being historical discourses on the necessity of marrying religious husbands and wives only, as also of husbands and wives being of the same opinions in religion with one another : with an appendix showing the necessity of taking none but religious servants and a proposal for the better managing of servants",eng,1.0000,0665918089,W. Milner,1993,172,6939109,VALID_COVER,417,500,JPEG,data/cache/en-mass-editorial-engine/covers/EN-OL20387297M.jpeg,NO,NO,167.0000,201.0000,AUTO_ACCEPT,Strong author/title/language match and validated physical cover.,SELECTED,,RECOVERED,OPEN_LIBRARY_EDITION:number_of_pages,NO,1
EN,ENGLISH_LANGUAGE_CANON,Edgar Allan Poe,1,8,12,/works/OL15646158W,A Tale of The Ragged Mountains,Edgar Allan Poe,1.0000,2004,/books/OL9496602M,A Tale of The Ragged Mountains,,eng,1.0000,9781594561856,BookSurge Classics,"February 2, 2004",24,1990132,VALID_COVER,312,475,JPEG,data/cache/en-mass-editorial-engine/covers/EN-OL9496602M.jpeg,NO,NO,167.0000,201.0000,AUTO_ACCEPT,Strong author/title/language match and validated physical cover.,SELECTED,,RECOVERED,OPEN_LIBRARY_EDITION:number_of_pages,NO,1
EN,ENGLISH_LANGUAGE_CANON,Edgar Allan Poe,1,8,12,/works/OL273456W,Annabel Lee,Edgar Allan Poe,1.0000,1927,/books/OL24620521M,Annabel Lee,,eng,1.0000,9780887762307,Tundra Books,1998,24,11878632,VALID_COVER,396,500,JPEG,data/cache/en-mass-editorial-engine/covers/EN-OL24620521M.jpeg,NO,NO,167.0000,201.0000,AUTO_ACCEPT,Strong author/title/language match and validated physical cover.,SELECTED,,RECOVERED,OPEN_LIBRARY_EDITION:number_of_pages,NO,1
EN,ENGLISH_LANGUAGE_CANON,Edgar Allan Poe,1,8,12,/works/OL15645808W,Berenice,Edgar Allan Poe,1.0000,2004,/books/OL12435155M,Berenice,,eng,1.0000,9781594561696,BookSurge Classics,"February 2, 2004",24,2961866,VALID_COVER,333,500,JPEG,data/cache/en-mass-editorial-engine/covers/EN-OL12435155M.jpeg,NO,NO,167.0000,201.0000,AUTO_ACCEPT,Strong author/title/language match and validated physical cover.,SELECTED,,RECOVERED,OPEN_LIBRARY_EDITION:number_of_pages,NO,1
EN,ENGLISH_LANGUAGE_CANON,Edgar Allan Poe,1,8,12,/works/OL40967W,Complete Stories and Poems of Edgar Allan Poe,Edgar Allan Poe,1.0000,1966,/books/OL18200959M,Complete Stories and Poems of Edgar Allan Poe,,eng,1.0000,9780385074070,Doubleday,1970?,821,11793784,VALID_COVER,341,500,JPEG,data/cache/en-mass-editorial-engine/covers/EN-OL18200959M.jpeg,NO,NO,167.0000,201.0000,AUTO_ACCEPT,Strong author/title/language match and validated physical cover.,SELECTED,,RECOVERED,OPEN_LIBRARY_EDITION:number_of_pages,NO,1
EN,ENGLISH_LANGUAGE_CANON,Edgar Allan Poe,1,8,12,/works/OL15645965W,Famous Tales of Mystery and Horror,Edgar Allan Poe,1.0000,1980,/books/OL8235947M,Famous Tales of Mystery and Horror,,eng,1.0000,9780893753696,Watermill Press,1980,132,11800585,VALID_COVER,291,500,JPEG,data/cache/en-mass-editorial-engine/covers/EN-OL8235947M.jpeg,NO,NO,167.0000,201.0000,AUTO_ACCEPT,Strong author/title/language match and validated physical cover.,SELECTED,,RECOVERED,OPEN_LIBRARY_EDITION:number_of_pages,NO,1
EN,ENGLISH_LANGUAGE_CANON,Edgar Allan Poe,1,8,12,/works/OL15646019W,Ligeia,Edgar Allan Poe,1.0000,2004,/books/OL8877289M,Ligeia,,eng,1.0000,9781594561900,BookSurge Classics,"February 2, 2004",32,872668,VALID_COVER,312,475,JPEG,data/cache/en-mass-editorial-engine/covers/EN-OL8877289M.jpeg,NO,NO,167.0000,201.0000,AUTO_ACCEPT,Strong author/title/language match and validated physical cover.,SELECTED,,RECOVERED,OPEN_LIBRARY_EDITION:number_of_pages,NO,1
EN,ENGLISH_LANGUAGE_CANON,Edgar Allan Poe,1,8,12,/works/OL15646037W,Mesmeric Revelation,Edgar Allan Poe,1.0000,2004,/books/OL9880890M,Mesmeric Revelation,,eng,1.0000,9781594567407,BookSurge Classics,"April 30, 2004",22,1990186,VALID_COVER,333,500,JPEG,data/cache/en-mass-editorial-engine/covers/EN-OL9880890M.jpeg,NO,NO,167.0000,201.0000,AUTO_ACCEPT,Strong author/title/language match and validated physical cover.,SELECTED,,RECOVERED,OPEN_LIBRARY_EDITION:number_of_pages,NO,1
EN,ENGLISH_LANGUAGE_CANON,Edgar Allan Poe,1,8,12,/works/OL40992W,Poems and Prose,Edgar Allan Poe | Peter Washington,1.0000,1995,/books/OL783324M,Poems and Prose,,eng,1.0000,9780679445050,Alfred A. Knopf,1995,255,11773891,VALID_COVER,328,500,JPEG,data/cache/en-mass-editorial-engine/covers/EN-OL783324M.jpeg,NO,NO,167.0000,201.0000,AUTO_ACCEPT,Strong author/title/language match and validated physical cover.,SELECTED,,RECOVERED,OPEN_LIBRARY_EDITION:number_of_pages,NO,1
EN,ENGLISH_LANGUAGE_CANON,Edith Wharton,1,7,10,/works/OL98566W,A backward glance,Edith Wharton,1.0000,1934,/books/OL32778849M,A backward glance,,eng,1.0000,9780094588608,Constable,1972,385,11410887,VALID_COVER,298,500,JPEG,data/cache/en-mass-editorial-engine/covers/EN-OL32778849M.jpeg,NO,NO,167.0000,201.0000,AUTO_ACCEPT,Strong author/title/language match and validated physical cover.,SELECTED,,RECOVERED,OPEN_LIBRARY_EDITION:number_of_pages,NO,1
EN,ENGLISH_LANGUAGE_CANON,Edith Wharton,1,7,10,/works/OL15000102W,Collected Stories. 1891-1910,Edith Wharton,1.0000,2001,/books/OL6792481M,"Collected stories, 1891-1910",,eng,1.0000,1883011930,Library of America,2001,928,9329580,VALID_COVER,309,500,JPEG,data/cache/en-mass-editorial-engine/covers/EN-OL6792481M.jpeg,NO,NO,167.0000,201.0000,AUTO_ACCEPT,Strong author/title/language match and validated physical cover.,SELECTED,,RECOVERED,OPEN_LIBRARY_EDITION:number_of_pages,NO,1
EN,ENGLISH_LANGUAGE_CANON,Edith Wharton,1,7,10,/works/OL98551W,Edith Wharton abroad,Edith Wharton,1.0000,1995,/books/OL18592940M,Edith Wharton abroad,"selected travel writings, 1888-1920",eng,1.0000,0312161204,St. Martin's Griffin,1996,216,10719607,VALID_COVER,329,500,JPEG,data/cache/en-mass-editorial-engine/covers/EN-OL18592940M.jpeg,NO,NO,167.0000,201.0000,AUTO_ACCEPT,Strong author/title/language match and validated physical cover.,SELECTED,,RECOVERED,OPEN_LIBRARY_EDITION:number_of_pages,NO,1
EN,ENGLISH_LANGUAGE_CANON,Edith Wharton,1,7,10,/works/OL15000116W,Ethan Frome and Other Short Fiction,Edith Wharton,1.0000,1987,/books/OL7820419M,Ethan Frome and Other Short Fiction,,eng,1.0000,9780553212556,Bantam Books,1987-04,256,9219057,VALID_COVER,303,500,JPEG,data/cache/en-mass-editorial-engine/covers/EN-OL7820419M.jpeg,NO,NO,167.0000,201.0000,AUTO_ACCEPT,Strong author/title/language match and validated physical cover.,SELECTED,,RECOVERED,OPEN_LIBRARY_EDITION:number_of_pages,NO,1
EN,ENGLISH_LANGUAGE_CANON,Edith Wharton,1,7,10,/works/OL15000119W,Ethan Frome and Selected Stories,Edith Wharton,1.0000,2004,/books/OL31894754M,Ethan Frome and Selected Stories,,eng,1.0000,9781593080907,Barnes & Noble Classics,2004,,10580757,VALID_COVER,311,500,JPEG,data/cache/en-mass-editorial-engine/covers/EN-OL31894754M.jpeg,NO,NO,167.0000,201.0000,AUTO_ACCEPT,Strong author/title/language match and validated physical cover.,SELECTED,,NO_PAGE_COUNT,,NO,1
EN,ENGLISH_LANGUAGE_CANON,Edith Wharton,1,7,10,/works/OL15000270W,Ethan Frome and Summer,Edith Wharton,1.0000,1965,/books/OL8823718M,Ethan Frome and Summer,,eng,1.0000,9781587260926,Borders Classics,2004,229,12376776,VALID_COVER,304,500,JPEG,data/cache/en-mass-editorial-engine/covers/EN-OL8823718M.jpeg,NO,NO,167.0000,201.0000,AUTO_ACCEPT,Strong author/title/language match and validated physical cover.,SELECTED,,RECOVERED,OPEN_LIBRARY_EDITION:number_of_pages,NO,1
EN,ENGLISH_LANGUAGE_CANON,Edith Wharton,1,7,10,/works/OL28871894W,French Ways and Their Meaning,Edith Wharton,1.0000,2018,/books/OL39737028M,French Ways and Their Meaning,,eng,1.0000,9780341713968,"Creative Media Partners, LLC",2018,172,13526861,VALID_COVER,333,500,JPEG,data/cache/en-mass-editorial-engine/covers/EN-OL39737028M.jpeg,NO,NO,167.0000,201.0000,AUTO_ACCEPT,Strong author/title/language match and validated physical cover.,SELECTED,,RECOVERED,OPEN_LIBRARY_EDITION:number_of_pages,NO,1
EN,ENGLISH_LANGUAGE_CANON,Emily Brontë,1,5,7,/works/OL502264W,100 Great Poems by Women,Carolyn Kizer | Emily Brontë | Margaret Atwood,1.0000,1995,/books/OL8132648M,100 great poems by women,,eng,1.0000,9780880015813,Ecco Press,1995,200,14616539,VALID_COVER,329,500,JPEG,data/cache/en-mass-editorial-engine/covers/EN-OL8132648M.jpeg,NO,NO,167.0000,201.0000,AUTO_ACCEPT,Strong author/title/language match and validated physical cover.,SELECTED,,RECOVERED,OPEN_LIBRARY_EDITION:number_of_pages,NO,1
EN,ENGLISH_LANGUAGE_CANON,Emily Brontë,1,5,7,/works/OL20189315W,A Literary Christmas,Clement Clarke Moore | Emily Brontë | Charles Dickens | William Shakespeare | Jane Austen | British Library,1.0000,2013,/books/OL31409909M,A Literary Christmas,An Anthology,eng,1.0000,9780712309684,British Library,2013,151,12390368,VALID_COVER,353,500,JPEG,data/cache/en-mass-editorial-engine/covers/EN-OL31409909M.jpeg,NO,NO,167.0000,201.0000,AUTO_ACCEPT,Strong author/title/language match and validated physical cover.,SELECTED,,RECOVERED,OPEN_LIBRARY_EDITION:number_of_pages,NO,1
EN,ENGLISH_LANGUAGE_CANON,Emily Brontë,1,5,7,/works/OL14949744W,Best Poems of the Brontë Sisters,Susan L. Rattner | Anne Brontë | Charlotte Brontë | Emily Brontë,1.0000,1997,/books/OL7637363M,Best Poems of the Brontë Sisters,,eng,1.0000,9780486295299,Dover Publications,1997,64,14418269,VALID_COVER,309,500,JPEG,data/cache/en-mass-editorial-engine/covers/EN-OL7637363M.jpeg,NO,NO,167.0000,201.0000,AUTO_ACCEPT,Strong author/title/language match and validated physical cover.,SELECTED,,RECOVERED,OPEN_LIBRARY_EDITION:number_of_pages,NO,1
EN,ENGLISH_LANGUAGE_CANON,Emily Brontë,1,5,7,/works/OL6722990W,Erotica,Margaret Reynolds | Margaret Reynolds | Margaret Atwood | Emily Brontë,1.0000,1990,/books/OL1573298M,Erotica,women's writing from Sappho to Margaret Atwood,eng,1.0000,0449906167,Fawcett Columbine,1991,362,14590690,VALID_COVER,343,500,JPEG,data/cache/en-mass-editorial-engine/covers/EN-OL1573298M.jpeg,NO,NO,167.0000,201.0000,AUTO_ACCEPT,Strong author/title/language match and validated physical cover.,SELECTED,,RECOVERED,OPEN_LIBRARY_EDITION:number_of_pages,NO,1
EN,ENGLISH_LANGUAGE_CANON,Emily Brontë,1,5,7,/works/OL9652020W,Haunted,Tea Benduhn | Emily Brontë,1.0000,2007,/books/OL11496910M,Haunted,,eng,1.0000,9780836868241,Gareth Stevens Publishing,2007,128,14625429,VALID_COVER,335,500,JPEG,data/cache/en-mass-editorial-engine/covers/EN-OL11496910M.jpeg,NO,NO,167.0000,201.0000,AUTO_ACCEPT,Strong author/title/language match and validated physical cover.,SELECTED,,RECOVERED,OPEN_LIBRARY_EDITION:number_of_pages,NO,1
EN,ENGLISH_LANGUAGE_CANON,Emily Dickinson,1,6,9,/works/OL15115497W,A brighter garden,Emily Dickinson,1.0000,1989,/books/OL2530364M,A brighter garden,poetry,eng,1.0000,0399214909,Philomel Books,1989,63,14859362,VALID_COVER,415,500,JPEG,data/cache/en-mass-editorial-engine/covers/EN-OL2530364M.jpeg,NO,NO,167.0000,201.0000,AUTO_ACCEPT,Strong author/title/language match and validated physical cover.,SELECTED,,RECOVERED,OPEN_LIBRARY_EDITION:number_of_pages,NO,1
EN,ENGLISH_LANGUAGE_CANON,Emily Dickinson,1,6,9,/works/OL51376W,Bolts of melody,Emily Dickinson,1.0000,1945,/books/OL4438411M,Bolts of melody,new poems of Emily Dickinson.,eng,1.0000,0486222993,Dover Publications,1969,352,6972795,VALID_COVER,312,500,JPEG,data/cache/en-mass-editorial-engine/covers/EN-OL4438411M.jpeg,NO,NO,167.0000,201.0000,AUTO_ACCEPT,Strong author/title/language match and validated physical cover.,SELECTED,,RECOVERED,OPEN_LIBRARY_EDITION:number_of_pages,NO,1
EN,ENGLISH_LANGUAGE_CANON,Emily Dickinson,1,6,9,/works/OL15115587W,Collected Poems,Emily Dickinson,1.0000,1991,/books/OL1573637M,Collected poems,,eng,1.0000,1561380458,Courage Books,1991,416,792197,VALID_COVER,314,475,JPEG,data/cache/en-mass-editorial-engine/covers/EN-OL1573637M.jpeg,NO,NO,167.0000,201.0000,AUTO_ACCEPT,Strong author/title/language match and validated physical cover.,SELECTED,,RECOVERED,OPEN_LIBRARY_EDITION:number_of_pages,NO,1
EN,ENGLISH_LANGUAGE_CANON,Emily Dickinson,1,6,9,/works/OL15115588W,Dickinson,Emily Dickinson,1.0000,1993,/books/OL24110192M,Dickinson,selected poems and commentaries,eng,1.0000,9780674048676,The Belknap Press of Harvard University Press,2010,535,6933946,VALID_COVER,341,500,JPEG,data/cache/en-mass-editorial-engine/covers/EN-OL24110192M.jpeg,NO,NO,167.0000,201.0000,AUTO_ACCEPT,Strong author/title/language match and validated physical cover.,SELECTED,,RECOVERED,OPEN_LIBRARY_EDITION:number_of_pages,NO,1
EN,ENGLISH_LANGUAGE_CANON,Emily Dickinson,1,6,9,/works/OL15115589W,Emily Dickinson Poems,Emily Dickinson,1.0000,1992,/books/OL8103411M,Emily Dickinson Poems,,eng,1.0000,9780785815532,Book Sales,January 2002,224,8128128,VALID_COVER,300,500,JPEG,data/cache/en-mass-editorial-engine/covers/EN-OL8103411M.jpeg,NO,NO,167.0000,201.0000,AUTO_ACCEPT,Strong author/title/language match and validated physical cover.,SELECTED,,RECOVERED,OPEN_LIBRARY_EDITION:number_of_pages,NO,1
EN,ENGLISH_LANGUAGE_CANON,Emily Dickinson,1,6,9,/works/OL20046288W,Envelope poems,Emily Dickinson,1.0000,2016,/books/OL27226315M,Envelope poems,,eng,1.0000,9780811225823,Christine Burgin/New Directions,2016,95,12969399,VALID_COVER,324,500,JPEG,data/cache/en-mass-editorial-engine/covers/EN-OL27226315M.jpeg,NO,NO,167.0000,201.0000,AUTO_ACCEPT,Strong author/title/language match and validated physical cover.,SELECTED,,RECOVERED,OPEN_LIBRARY_EDITION:number_of_pages,NO,1
EN,ENGLISH_LANGUAGE_CANON,George Eliot,1,8,12,/works/OL20916W,Brother Jacob,George Eliot,1.0000,1989,/books/OL2276357M,Brother Jacob,,eng,1.0000,0140161880,Penguin Books-Virago Press,1989,77,12454112,VALID_COVER,309,500,JPEG,data/cache/en-mass-editorial-engine/covers/EN-OL2276357M.jpeg,NO,NO,167.0000,201.0000,AUTO_ACCEPT,Strong author/title/language match and validated physical cover.,SELECTED,,RECOVERED,OPEN_LIBRARY_EDITION:number_of_pages,NO,1
EN,ENGLISH_LANGUAGE_CANON,George Eliot,1,8,12,/works/OL36437109W,Daniel Deronda,George Eliot,1.0000,1876,/books/OL49232538M,Daniel Deronda,,eng,1.0000,9781542967020,Harper,1876,440,15115792,VALID_COVER,341,500,JPEG,data/cache/en-mass-editorial-engine/covers/EN-OL49232538M.jpeg,NO,NO,167.0000,201.0000,AUTO_ACCEPT,Strong author/title/language match and validated physical cover.,SELECTED,,RECOVERED,OPEN_LIBRARY_EDITION:number_of_pages,NO,1
EN,ENGLISH_LANGUAGE_CANON,George Eliot,1,8,12,/works/OL20884W,Janet's Repentance,George Eliot,1.0000,1878,/books/OL8471155M,Janet's Repentance,,eng,1.0000,9781419127274,Kessinger Publishing,"June 30, 2004",152,1800258,VALID_COVER,405,500,JPEG,data/cache/en-mass-editorial-engine/covers/EN-OL8471155M.jpeg,NO,NO,167.0000,201.0000,AUTO_ACCEPT,Strong author/title/language match and validated physical cover.,SELECTED,,RECOVERED,OPEN_LIBRARY_EDITION:number_of_pages,NO,1
EN,ENGLISH_LANGUAGE_CANON,George Eliot,1,8,12,/works/OL30272167W,Middlemarch,George Eliot,1.0000,1964,/books/OL44209667M,Middlemarch,,eng,1.0000,9780451513304,Penguin Publishing Group,1964,,13995808,VALID_COVER,375,500,JPEG,data/cache/en-mass-editorial-engine/covers/EN-OL44209667M.jpeg,NO,NO,167.0000,201.0000,AUTO_ACCEPT,Strong author/title/language match and validated physical cover.,SELECTED,,NO_PAGE_COUNT,,NO,1
EN,ENGLISH_LANGUAGE_CANON,George Eliot,1,8,12,/works/OL15856643W,Scenes of clerical life,George Eliot,1.0000,1858,/books/OL25528570M,Scenes of clerical life,,eng,1.0000,066565250X,"Ward, Lock",1912,205,9675049,VALID_COVER,394,500,JPEG,data/cache/en-mass-editorial-engine/covers/EN-OL25528570M.jpeg,NO,NO,167.0000,201.0000,AUTO_ACCEPT,Strong author/title/language match and validated physical cover.,SELECTED,,RECOVERED,OPEN_LIBRARY_EDITION:number_of_pages,NO,1
EN,ENGLISH_LANGUAGE_CANON,George Eliot,1,8,12,/works/OL25098381W,Silas Marner,George Eliot,1.0000,1993,/books/OL35488405M,Silas Marner,,eng,1.0000,9780141973944,"Penguin Books, Limited",2012,240,14766202,VALID_COVER,260,400,JPEG,data/cache/en-mass-editorial-engine/covers/EN-OL35488405M.jpeg,NO,NO,167.0000,201.0000,AUTO_ACCEPT,Strong author/title/language match and validated physical cover.,SELECTED,,RECOVERED,OPEN_LIBRARY_EDITION:pagination,NO,1
EN,ENGLISH_LANGUAGE_CANON,Henry James,1,9,13,/works/OL17803901W,An international episode,Henry James,1.0000,1879,/books/OL26393708M,An international episode,,eng,1.0000,9788871007649,La Spiga,1995,93,8088899,VALID_COVER,283,500,JPEG,data/cache/en-mass-editorial-engine/covers/EN-OL26393708M.jpeg,NO,NO,167.0000,201.0000,AUTO_ACCEPT,Strong author/title/language match and validated physical cover.,SELECTED,,RECOVERED,OPEN_LIBRARY_EDITION:number_of_pages,NO,1
EN,ENGLISH_LANGUAGE_CANON,Henry James,1,9,13,/works/OL276426W,Embarrassments,Henry James,1.0000,1896,/books/OL4448109M,Embarrassments.,,eng,1.0000,0836933532,Books for Libraries Press,1970,320,5813052,VALID_COVER,309,500,JPEG,data/cache/en-mass-editorial-engine/covers/EN-OL4448109M.jpeg,NO,NO,167.0000,201.0000,AUTO_ACCEPT,Strong author/title/language match and validated physical cover.,SELECTED,,RECOVERED,OPEN_LIBRARY_EDITION:number_of_pages,NO,1
EN,ENGLISH_LANGUAGE_CANON,Henry James,1,9,13,/works/OL276442W,Glasses,Henry James,1.0000,1916,/books/OL11858210M,Glasses,,eng,1.0000,9781425007669,ReadHowYouWant.com,"September 4, 2007",112,2821223,VALID_COVER,333,500,JPEG,data/cache/en-mass-editorial-engine/covers/EN-OL11858210M.jpeg,NO,NO,167.0000,201.0000,AUTO_ACCEPT,Strong author/title/language match and validated physical cover.,SELECTED,,RECOVERED,OPEN_LIBRARY_EDITION:number_of_pages,NO,1
EN,ENGLISH_LANGUAGE_CANON,Henry James,1,9,13,/works/OL276471W,Henry James,Henry James,1.0000,1930,/books/OL7770273M,Henry James,Selected Fiction,eng,1.0000,9780525471400,Dutton,"April 21, 1964",609,13024047,VALID_COVER,288,500,JPEG,data/cache/en-mass-editorial-engine/covers/EN-OL7770273M.jpeg,NO,NO,167.0000,201.0000,AUTO_ACCEPT,Strong author/title/language match and validated physical cover.,SELECTED,,RECOVERED,OPEN_LIBRARY_EDITION:number_of_pages,NO,1
EN,ENGLISH_LANGUAGE_CANON,Henry James,1,9,13,/works/OL276400W,The art of the novel,Henry James,1.0000,1934,/books/OL16401974M,The art of the novel,critical prefaces,eng,1.0000,068410281,Scribner,1962,348,6694751,VALID_COVER,330,500,JPEG,data/cache/en-mass-editorial-engine/covers/EN-OL16401974M.jpeg,NO,NO,167.0000,201.0000,AUTO_ACCEPT,Strong author/title/language match and validated physical cover.,SELECTED,,RECOVERED,OPEN_LIBRARY_EDITION:number_of_pages,NO,1
EN,ENGLISH_LANGUAGE_CANON,Henry James,1,9,13,/works/OL14861111W,The complete plays of Henry James,Henry James,1.0000,1949,/books/OL1854951M,The complete plays of Henry James,,eng,1.0000,0195043790,Oxford University Press,1990,846,4023844,VALID_COVER,128,201,JPEG,data/cache/en-mass-editorial-engine/covers/EN-OL1854951M.jpeg,NO,NO,167.0000,201.0000,AUTO_ACCEPT,Strong author/title/language match and validated physical cover.,SELECTED,,RECOVERED,OPEN_LIBRARY_EDITION:number_of_pages,NO,1
EN,ENGLISH_LANGUAGE_CANON,Henry James,1,9,13,/works/OL276440W,The diary of a man of fifty,Henry James,1.0000,1880,/books/OL23537017M,The diary of a man of fifty,,eng,1.0000,9781843911784,Hesperus,2008,113,10310040,VALID_COVER,300,500,JPEG,data/cache/en-mass-editorial-engine/covers/EN-OL23537017M.jpeg,NO,NO,167.0000,201.0000,AUTO_ACCEPT,Strong author/title/language match and validated physical cover.,SELECTED,,RECOVERED,OPEN_LIBRARY_EDITION:number_of_pages,NO,1
EN,ENGLISH_LANGUAGE_CANON,Herman Melville,1,7,10,/works/OL29754251W,"Bartleby, the Scrivener",Herman Melville,1.0000,2018,/books/OL40994340M,"Bartleby, the Scrivener",A Story of Wall-Street,eng,1.0000,9781090933850,Independently Published,2019,55,13630681,VALID_COVER,333,500,JPEG,data/cache/en-mass-editorial-engine/covers/EN-OL40994340M.jpeg,NO,NO,167.0000,201.0000,AUTO_ACCEPT,Strong author/title/language match and validated physical cover.,SELECTED,,RECOVERED,OPEN_LIBRARY_EDITION:number_of_pages,NO,1
EN,ENGLISH_LANGUAGE_CANON,Herman Melville,1,7,10,/works/OL27875583W,"Bartleby, the Scrivener Illustrated",Herman Melville,1.0000,2021,/books/OL38143978M,Bartleby the Scrivener Illustrated,,eng,1.0000,9798435089837,Independently Published,2022,56,15247865,VALID_COVER,377,500,JPEG,data/cache/en-mass-editorial-engine/covers/EN-OL38143978M.jpeg,NO,NO,167.0000,201.0000,AUTO_ACCEPT,Strong author/title/language match and validated physical cover.,SELECTED,,RECOVERED,OPEN_LIBRARY_EDITION:pagination,NO,1
EN,ENGLISH_LANGUAGE_CANON,Herman Melville,1,7,10,/works/OL102708W,Billy Budd and Other Tales,Herman Melville,1.0000,1961,/books/OL7576998M,Billy Budd,and Other Tales,eng,1.0000,9780451522375,Signet Classic/New American Library,1979,334,9220727,VALID_COVER,286,500,JPEG,data/cache/en-mass-editorial-engine/covers/EN-OL7576998M.jpeg,NO,NO,167.0000,201.0000,AUTO_ACCEPT,Strong author/title/language match and validated physical cover.,SELECTED,,RECOVERED,OPEN_LIBRARY_EDITION:number_of_pages,NO,1
EN,ENGLISH_LANGUAGE_CANON,Herman Melville,1,7,10,/works/OL14953547W,"Billy Budd, Sailor and Other Stories",Herman Melville,1.0000,1982,/books/OL7820435M,"Billy Budd, Sailor and Other Stories",,eng,1.0000,9780553212747,Bantam Books,1984 January,278,9220717,VALID_COVER,291,500,JPEG,data/cache/en-mass-editorial-engine/covers/EN-OL7820435M.jpeg,NO,NO,167.0000,201.0000,AUTO_ACCEPT,Strong author/title/language match and validated physical cover.,SELECTED,,RECOVERED,OPEN_LIBRARY_EDITION:number_of_pages,NO,1
EN,ENGLISH_LANGUAGE_CANON,Herman Melville,1,7,10,/works/OL102647W,"Billy Budd, Sailor and Selected Tales",Herman Melville,1.0000,1997,/books/OL3581869M,"Billy Budd, Sailor",and Selected Tales,eng,1.0000,9780192839039,Oxford University Press,1998,410,8757141,VALID_COVER,327,500,JPEG,data/cache/en-mass-editorial-engine/covers/EN-OL3581869M.jpeg,NO,NO,167.0000,201.0000,AUTO_ACCEPT,Strong author/title/language match and validated physical cover.,SELECTED,,RECOVERED,OPEN_LIBRARY_EDITION:number_of_pages,NO,1
EN,ENGLISH_LANGUAGE_CANON,Herman Melville,1,7,10,/works/OL102730W,Clarel,Herman Melville,1.0000,1876,/books/OL1891408M,Clarel,a poem and pilgrimage in the Holy Land,eng,1.0000,0810109069,Northwestern University Press,1991,893,10720490,VALID_COVER,305,500,JPEG,data/cache/en-mass-editorial-engine/covers/EN-OL1891408M.jpeg,NO,NO,167.0000,201.0000,AUTO_ACCEPT,Strong author/title/language match and validated physical cover.,SELECTED,,RECOVERED,OPEN_LIBRARY_EDITION:number_of_pages,NO,1
EN,ENGLISH_LANGUAGE_CANON,Herman Melville,1,7,10,/works/OL25645167W,Confidence-Man,Herman Melville,1.0000,1857,/books/OL34792074M,Confidence-Man,,eng,1.0000,9781513207735,West Margin Press,2021,254,14707032,VALID_COVER,250,400,JPEG,data/cache/en-mass-editorial-engine/covers/EN-OL34792074M.jpeg,NO,NO,167.0000,201.0000,AUTO_ACCEPT,Strong author/title/language match and validated physical cover.,SELECTED,,RECOVERED,OPEN_LIBRARY_EDITION:pagination,NO,1
EN,ENGLISH_LANGUAGE_CANON,Jane Austen,1,10,14,/works/OL66513W,Emma,Jane Austen,1.0000,1815,/books/OL50293425M,Emma,,eng,1.0000,9781905716890,Prospero Books,/1993,,14552684,VALID_COVER,307,500,JPEG,data/cache/en-mass-editorial-engine/covers/EN-OL50293425M.jpeg,NO,NO,167.0000,201.0000,AUTO_ACCEPT,Strong author/title/language match and validated physical cover.,SELECTED,,NO_PAGE_COUNT,,NO,1
EN,ENGLISH_LANGUAGE_CANON,Jane Austen,1,10,14,/works/OL15165302W,Jane Austen's Letters,Jane Austen | Deirdre Le Faye,1.0000,1995,/books/OL999408M,Jane Austen's letters,,eng,1.0000,0192832972,Oxford University Press,1997,643,12646448,VALID_COVER,324,500,JPEG,data/cache/en-mass-editorial-engine/covers/EN-OL999408M.jpeg,NO,NO,167.0000,201.0000,AUTO_ACCEPT,Strong author/title/language match and validated physical cover.,SELECTED,,RECOVERED,OPEN_LIBRARY_EDITION:number_of_pages,NO,1
EN,ENGLISH_LANGUAGE_CANON,Jane Austen,1,10,14,/works/OL66524W,Pride and Prejudice,Jane Austen,1.0000,2002,/books/OL37173497M,Pride and Prejudice,,eng,1.0000,9780321105073,Longman,2007,496,12648559,VALID_COVER,314,500,JPEG,data/cache/en-mass-editorial-engine/covers/EN-OL37173497M.jpeg,NO,NO,167.0000,201.0000,AUTO_ACCEPT,Strong author/title/language match and validated physical cover.,SELECTED,,RECOVERED,OPEN_LIBRARY_EDITION:number_of_pages,NO,1
EN,ENGLISH_LANGUAGE_CANON,Jane Austen,1,10,14,/works/OL15093171W,Pride and Prejudice and Zombies,Seth Grahame-Smith | Jane Austen | Katherine Kellgren,1.0000,2009,/books/OL39810451M,Pride and Prejudice and Zombies,The Classic Regency Romance—Nowow With Ultraviolent Zombie Mayhem,eng,1.0000,9780545206785,Scholastic,2009,319,12927981,VALID_COVER,329,500,JPEG,data/cache/en-mass-editorial-engine/covers/EN-OL39810451M.jpeg,NO,NO,167.0000,201.0000,AUTO_ACCEPT,Strong author/title/language match and validated physical cover.,SELECTED,,RECOVERED,OPEN_LIBRARY_EDITION:number_of_pages,NO,1
EN,ENGLISH_LANGUAGE_CANON,Jane Austen,1,10,14,/works/OL15080318W,Pride & Prejudice,Jane Austen,1.0000,1999,/books/OL10123388M,Pride & Prejudice,,eng,1.0000,9780174325581,Nelson,1999,98,2326899,VALID_COVER,387,500,JPEG,data/cache/en-mass-editorial-engine/covers/EN-OL10123388M.jpeg,NO,NO,167.0000,201.0000,AUTO_ACCEPT,Strong author/title/language match and validated physical cover.,SELECTED,,RECOVERED,OPEN_LIBRARY_EDITION:number_of_pages,NO,1
EN,ENGLISH_LANGUAGE_CANON,Jane Austen,1,10,14,/works/OL45224661W,Sense and Sensibility,Jane Austen,1.0000,1813,/books/OL61659307M,Sense and Sensibility,,eng,1.0000,9789380914589,Samaira Book Publishers,"April 17, 2017",,15215039,VALID_COVER,338,500,JPEG,data/cache/en-mass-editorial-engine/covers/EN-OL61659307M.jpeg,NO,NO,167.0000,201.0000,AUTO_ACCEPT,Strong author/title/language match and validated physical cover.,SELECTED,,NO_PAGE_COUNT,,NO,1
EN,ENGLISH_LANGUAGE_CANON,Jane Austen,1,10,14,/works/OL14903331W,Sense and Sensibility and Sea Monsters,Ben H. Winters | Jane Austen,1.0000,2009,/books/OL24790847M,Sense and sensibility and sea monsters,,eng,1.0000,9781594744426,Quirk Books,2009,343,9278302,VALID_COVER,312,500,JPEG,data/cache/en-mass-editorial-engine/covers/EN-OL24790847M.jpeg,NO,NO,167.0000,201.0000,AUTO_ACCEPT,Strong author/title/language match and validated physical cover.,SELECTED,,RECOVERED,OPEN_LIBRARY_EDITION:number_of_pages,NO,1
EN,ENGLISH_LANGUAGE_CANON,Jane Austen,1,10,14,/works/OL15079942W,The Beautifull Cassandra,Jane Austen,1.0000,1993,/books/OL27487354M,The Beautifull Cassandra,,eng,1.0000,9780141397078,Penguin Books,2015,60,12645117,VALID_COVER,331,500,JPEG,data/cache/en-mass-editorial-engine/covers/EN-OL27487354M.jpeg,NO,NO,167.0000,201.0000,AUTO_ACCEPT,Strong author/title/language match and validated physical cover.,SELECTED,,RECOVERED,OPEN_LIBRARY_EDITION:number_of_pages,NO,1
EN,ENGLISH_LANGUAGE_CANON,John Milton,1,6,9,/works/OL810980W,Complete prose works of John Milton,John Milton,1.0000,1953,/books/OL18756460M,Complete prose works of John Milton.,,eng,1.0000,0300010559,Yale University Press,1970,1073,13214016,VALID_COVER,350,500,JPEG,data/cache/en-mass-editorial-engine/covers/EN-OL18756460M.jpeg,NO,NO,167.0000,201.0000,AUTO_ACCEPT,Strong author/title/language match and validated physical cover.,SELECTED,,RECOVERED,OPEN_LIBRARY_EDITION:number_of_pages,NO,1
EN,ENGLISH_LANGUAGE_CANON,John Milton,1,6,9,/works/OL29609413W,Paradise Lost,John Milton,1.0000,2017,/books/OL40914481M,Paradise Lost,,eng,1.0000,9781549689772,Independently Published,2017,114,13234006,VALID_COVER,350,500,JPEG,data/cache/en-mass-editorial-engine/covers/EN-OL40914481M.jpeg,NO,NO,167.0000,201.0000,AUTO_ACCEPT,Strong author/title/language match and validated physical cover.,SELECTED,,RECOVERED,OPEN_LIBRARY_EDITION:pagination,NO,1
EN,ENGLISH_LANGUAGE_CANON,John Milton,1,6,9,/works/OL266952W,Paradise Lost and Other Poems,John Milton,1.0000,1943,/books/OL3688253M,Paradise lost and other poems,,eng,1.0000,0451529189,Signet Classic,2003,400,295788,VALID_COVER,294,500,JPEG,data/cache/en-mass-editorial-engine/covers/EN-OL3688253M.jpeg,NO,NO,167.0000,201.0000,AUTO_ACCEPT,Strong author/title/language match and validated physical cover.,SELECTED,,RECOVERED,OPEN_LIBRARY_EDITION:number_of_pages,NO,1
EN,ENGLISH_LANGUAGE_CANON,Jonathan Swift,1,7,10,/works/OL18173352W,A Modest Proposal,Jonathan Swift,1.0000,1980,/books/OL11310892M,A Modest Proposal,,eng,1.0000,9780895987389,Perfection Learning,"January 31, 1980",,8334975,VALID_COVER,332,500,JPEG,data/cache/en-mass-editorial-engine/covers/EN-OL11310892M.jpeg,NO,NO,167.0000,201.0000,AUTO_ACCEPT,Strong author/title/language match and validated physical cover.,SELECTED,,NO_PAGE_COUNT,,NO,1
EN,ENGLISH_LANGUAGE_CANON,Jonathan Swift,1,7,10,/works/OL20634W,A modest proposal and other satires,Jonathan Swift,1.0000,1995,/books/OL1099886M,A modest proposal and other satires,,eng,1.0000,0879759194,Prometheus Books,1995,277,676034,VALID_COVER,316,500,JPEG,data/cache/en-mass-editorial-engine/covers/EN-OL1099886M.jpeg,NO,NO,167.0000,201.0000,AUTO_ACCEPT,Strong author/title/language match and validated physical cover.,SELECTED,,RECOVERED,OPEN_LIBRARY_EDITION:number_of_pages,NO,1
EN,ENGLISH_LANGUAGE_CANON,Jonathan Swift,1,7,10,/works/OL14905209W,A modest proposal and other satirical works,Jonathan Swift,1.0000,1996,/books/OL813807M,A modest proposal and other satirical works,,eng,1.0000,0486287599,Dover,1996,59,311836,VALID_COVER,297,475,JPEG,data/cache/en-mass-editorial-engine/covers/EN-OL813807M.jpeg,NO,NO,167.0000,201.0000,AUTO_ACCEPT,Strong author/title/language match and validated physical cover.,SELECTED,,RECOVERED,OPEN_LIBRARY_EDITION:number_of_pages,NO,1
EN,ENGLISH_LANGUAGE_CANON,Jonathan Swift,1,7,10,/works/OL1168159W,Animal Farm with Connections,George Orwell | James Thurber | Jonathan Swift | Charles Lane | Amos Bronson Alcott | John Dickinson,1.0000,1999,/books/OL9226691M,Animal Farm With Connections,,eng,1.0000,9780030554346,Holt Rinehart & Winston,August 1999,,14859244,VALID_COVER,328,500,JPEG,data/cache/en-mass-editorial-engine/covers/EN-OL9226691M.jpeg,NO,NO,167.0000,201.0000,AUTO_ACCEPT,Strong author/title/language match and validated physical cover.,SELECTED,,NO_PAGE_COUNT,,NO,1
EN,ENGLISH_LANGUAGE_CANON,Jonathan Swift,1,7,10,/works/OL20733W,Cadenus and Vanessa,Jonathan Swift,1.0000,1726,/books/OL8470382M,Cadenus And Vanessa,,eng,1.0000,9781419111501,Kessinger Publishing,"June 30, 2004",48,1799246,VALID_COVER,405,500,JPEG,data/cache/en-mass-editorial-engine/covers/EN-OL8470382M.jpeg,NO,NO,167.0000,201.0000,AUTO_ACCEPT,Strong author/title/language match and validated physical cover.,SELECTED,,RECOVERED,OPEN_LIBRARY_EDITION:number_of_pages,NO,1
EN,ENGLISH_LANGUAGE_CANON,Jonathan Swift,1,7,10,/works/OL20704W,Guilliver's travels,Jonathan Swift,1.0000,1945,/books/OL3966312M,Guilliver's travels,,eng,1.0000,0618031499,Nextext,2001,206,1324312,VALID_COVER,308,500,JPEG,data/cache/en-mass-editorial-engine/covers/EN-OL3966312M.jpeg,NO,NO,167.0000,201.0000,AUTO_ACCEPT,Strong author/title/language match and validated physical cover.,SELECTED,,RECOVERED,OPEN_LIBRARY_EDITION:number_of_pages,NO,1
EN,ENGLISH_LANGUAGE_CANON,Jonathan Swift,1,7,10,/works/OL33851072W,Gulliver's Travels,Jonathan Swift,1.0000,1925,/books/OL46120597M,Gulliver's Travels,SeaWolf Press Illustrated Classic,eng,1.0000,9798886000634,MiraVista Press,2022,,15165916,VALID_COVER,233,350,JPEG,data/cache/en-mass-editorial-engine/covers/EN-OL46120597M.jpeg,NO,NO,167.0000,201.0000,AUTO_ACCEPT,Strong author/title/language match and validated physical cover.,SELECTED,,NO_PAGE_COUNT,,NO,1
EN,ENGLISH_LANGUAGE_CANON,Joseph Conrad,1,9,13,/works/OL15010409W,Congo diary and other uncollected pieces,Joseph Conrad,1.0000,1978,/books/OL5306331M,Congo diary and other uncollected pieces,,eng,1.0000,038500771X,Doubleday,1978,158,6757285,VALID_COVER,320,500,JPEG,data/cache/en-mass-editorial-engine/covers/EN-OL5306331M.jpeg,NO,NO,167.0000,201.0000,AUTO_ACCEPT,Strong author/title/language match and validated physical cover.,SELECTED,,RECOVERED,OPEN_LIBRARY_EDITION:number_of_pages,NO,1
EN,ENGLISH_LANGUAGE_CANON,Joseph Conrad,1,9,13,/works/OL39015W,End of the Tether,Joseph Conrad,1.0000,1902,/books/OL9429378M,End Of The Tether,,eng,1.0000,9781419117770,Kessinger Publishing,"June 30, 2004",132,1799636,VALID_COVER,405,500,JPEG,data/cache/en-mass-editorial-engine/covers/EN-OL9429378M.jpeg,NO,NO,167.0000,201.0000,AUTO_ACCEPT,Strong author/title/language match and validated physical cover.,SELECTED,,RECOVERED,OPEN_LIBRARY_EDITION:number_of_pages,NO,1
EN,ENGLISH_LANGUAGE_CANON,Joseph Conrad,1,9,13,/works/OL39045W,Falk,Joseph Conrad,1.0000,1997,/books/OL8962927M,Falk,,eng,1.0000,9781846372384,Paperbackshop.Co.UK Ltd - Echo Library,"December 31, 2005",164,2037317,VALID_COVER,316,475,JPEG,data/cache/en-mass-editorial-engine/covers/EN-OL8962927M.jpeg,NO,NO,167.0000,201.0000,AUTO_ACCEPT,Strong author/title/language match and validated physical cover.,SELECTED,,RECOVERED,OPEN_LIBRARY_EDITION:number_of_pages,NO,1
EN,ENGLISH_LANGUAGE_CANON,Joseph Conrad,1,9,13,/works/OL39024W,Gaspar Ruiz,Joseph Conrad,1.0000,1979,/books/OL11829901M,Gaspar Ruiz,,eng,1.0000,9781421995373,IndyPublish.com,"May 30, 2006",116,2813976,VALID_COVER,333,500,JPEG,data/cache/en-mass-editorial-engine/covers/EN-OL11829901M.jpeg,NO,NO,167.0000,201.0000,AUTO_ACCEPT,Strong author/title/language match and validated physical cover.,SELECTED,,RECOVERED,OPEN_LIBRARY_EDITION:number_of_pages,NO,1
EN,ENGLISH_LANGUAGE_CANON,Joseph Conrad,1,9,13,/works/OL38977W,Great short works of Joseph Conrad,Joseph Conrad,1.0000,1958,/books/OL9237310M,Great Short Works of Joseph Conrad,,eng,1.0000,9780060830397,Harpercollins,October 1958,416,4941338,VALID_COVER,128,215,JPEG,data/cache/en-mass-editorial-engine/covers/EN-OL9237310M.jpeg,NO,NO,167.0000,201.0000,AUTO_ACCEPT,Strong author/title/language match and validated physical cover.,SELECTED,,RECOVERED,OPEN_LIBRARY_EDITION:number_of_pages,NO,1
EN,ENGLISH_LANGUAGE_CANON,Joseph Conrad,1,9,13,/works/OL30072645W,Heart of Darkness,Joseph Conrad,1.0000,2018,/books/OL41569906M,Heart of Darkness,Novella,eng,1.0000,9781699536971,Independently Published,2019,56,13249335,VALID_COVER,400,500,JPEG,data/cache/en-mass-editorial-engine/covers/EN-OL41569906M.jpeg,NO,NO,167.0000,201.0000,AUTO_ACCEPT,Strong author/title/language match and validated physical cover.,SELECTED,,RECOVERED,OPEN_LIBRARY_EDITION:pagination,NO,1
EN,ENGLISH_LANGUAGE_CANON,Joseph Conrad,1,9,13,/works/OL38893W,Heart of darkness and other tales,Joseph Conrad,1.0000,1982,/books/OL479640M,Heart of darkness and other tales,,eng,1.0000,0192833731,Oxford University Press,1998,285,119131,VALID_COVER,314,500,JPEG,data/cache/en-mass-editorial-engine/covers/EN-OL479640M.jpeg,NO,NO,167.0000,201.0000,AUTO_ACCEPT,Strong author/title/language match and validated physical cover.,SELECTED,,RECOVERED,OPEN_LIBRARY_EDITION:number_of_pages,NO,1
EN,ENGLISH_LANGUAGE_CANON,Joseph Conrad,1,9,13,/works/OL15010790W,Heart of darkness and selected short fiction,Joseph Conrad,1.0000,2003,/books/OL3696057M,Heart of darkness and selected short fiction,,eng,1.0000,1593080212,Barnes & Noble Classics,2003,261,8363353,VALID_COVER,295,500,JPEG,data/cache/en-mass-editorial-engine/covers/EN-OL3696057M.jpeg,NO,NO,167.0000,201.0000,AUTO_ACCEPT,Strong author/title/language match and validated physical cover.,SELECTED,,RECOVERED,OPEN_LIBRARY_EDITION:number_of_pages,NO,1
EN,ENGLISH_LANGUAGE_CANON,Joseph Conrad,1,9,13,/works/OL15010471W,Heart of Darkness (English Library),Joseph Conrad,1.0000,1984,/books/OL7354743M,Heart of Darkness (English Library),,eng,1.0000,9780140431681,Penguin Classics,"April 3, 1984",128,6748208,VALID_COVER,301,500,JPEG,data/cache/en-mass-editorial-engine/covers/EN-OL7354743M.jpeg,NO,NO,167.0000,201.0000,AUTO_ACCEPT,Strong author/title/language match and validated physical cover.,SELECTED,,RECOVERED,OPEN_LIBRARY_EDITION:number_of_pages,NO,1
EN,ENGLISH_LANGUAGE_CANON,Mark Twain,1,10,15,/works/OL413540W,"A Murder, a Mystery and a Marriage",Mark Twain,1.0000,2001,/books/OL3949698M,"A murder, a mystery, and a marriage",,eng,1.0000,0393043762,W.W. Norton,2001,112,9173925,VALID_COVER,370,500,JPEG,data/cache/en-mass-editorial-engine/covers/EN-OL3949698M.jpeg,NO,NO,167.0000,201.0000,AUTO_ACCEPT,Strong author/title/language match and validated physical cover.,SELECTED,,RECOVERED,OPEN_LIBRARY_EDITION:number_of_pages,NO,1
EN,ENGLISH_LANGUAGE_CANON,Mark Twain,1,10,15,/works/OL15290069W,A pen warmed-up in hell,Mark Twain,1.0000,1972,/books/OL20945145M,A pen warmed up in Hell,Mark Twain in protest,eng,1.0000,0060802790,Harper & Row,1973,,12634613,VALID_COVER,290,500,JPEG,data/cache/en-mass-editorial-engine/covers/EN-OL20945145M.jpeg,NO,NO,167.0000,201.0000,AUTO_ACCEPT,Strong author/title/language match and validated physical cover.,SELECTED,,NO_PAGE_COUNT,,NO,1
EN,ENGLISH_LANGUAGE_CANON,Mark Twain,1,10,15,/works/OL54045W,Life as I Find It,Mark Twain,1.0000,1961,/books/OL31960169M,Life as I Find It,,eng,1.0000,0060804114,Harper & Row Publishers,1978,,10639729,VALID_COVER,300,500,JPEG,data/cache/en-mass-editorial-engine/covers/EN-OL31960169M.jpeg,NO,NO,167.0000,201.0000,AUTO_ACCEPT,Strong author/title/language match and validated physical cover.,SELECTED,,NO_PAGE_COUNT,,NO,1
EN,ENGLISH_LANGUAGE_CANON,Mark Twain,1,10,15,/works/OL54097W,Mark Twain on the art of writing,Mark Twain,1.0000,1961,/books/OL4879534M,Mark Twain on the art of writing,,eng,1.0000,088305681X,Norwood Editions,1976,29,10730764,VALID_COVER,320,500,JPEG,data/cache/en-mass-editorial-engine/covers/EN-OL4879534M.jpeg,NO,NO,167.0000,201.0000,AUTO_ACCEPT,Strong author/title/language match and validated physical cover.,SELECTED,,RECOVERED,OPEN_LIBRARY_EDITION:number_of_pages,NO,1
EN,ENGLISH_LANGUAGE_CANON,Mark Twain,1,10,15,/works/OL15703887W,Mark Twain's sketches,Mark Twain,1.0000,1874,/books/OL24628403M,Mark Twain's sketches,,eng,1.0000,0665466005,Musson,1889,189,9163709,VALID_COVER,369,500,JPEG,data/cache/en-mass-editorial-engine/covers/EN-OL24628403M.jpeg,NO,NO,167.0000,201.0000,AUTO_ACCEPT,Strong author/title/language match and validated physical cover.,SELECTED,,RECOVERED,OPEN_LIBRARY_EDITION:number_of_pages,NO,1
EN,ENGLISH_LANGUAGE_CANON,Mark Twain,1,10,15,/works/OL413502W,Mark Twain speaking,Mark Twain,1.0000,1976,/books/OL4885774M,Mark Twain speaking,,eng,1.0000,0877450560,University of Iowa Press,1976,688,9164742,VALID_COVER,338,500,JPEG,data/cache/en-mass-editorial-engine/covers/EN-OL4885774M.jpeg,NO,NO,167.0000,201.0000,AUTO_ACCEPT,Strong author/title/language match and validated physical cover.,SELECTED,,RECOVERED,OPEN_LIBRARY_EDITION:number_of_pages,NO,1
EN,ENGLISH_LANGUAGE_CANON,Mark Twain,1,10,15,/works/OL54062W,Sketches,Mark Twain,1.0000,1875,/books/OL24339836M,Sketches,,eng,1.0000,0665340931,"Belfords, Clarke",1879,169,6484965,VALID_COVER,387,500,JPEG,data/cache/en-mass-editorial-engine/covers/EN-OL24339836M.jpeg,NO,NO,167.0000,201.0000,AUTO_ACCEPT,Strong author/title/language match and validated physical cover.,SELECTED,,RECOVERED,OPEN_LIBRARY_EDITION:number_of_pages,NO,1
EN,ENGLISH_LANGUAGE_CANON,Mark Twain,1,10,15,/works/OL53913W,The Bible according to Mark Twain,Mark Twain,1.0000,1995,/books/OL1433403M,The Bible according to Mark Twain,"writings on Heaven, Eden, and the Flood",eng,1.0000,0820316504,University of Georgia Press,1995,384,12374983,VALID_COVER,320,500,JPEG,data/cache/en-mass-editorial-engine/covers/EN-OL1433403M.jpeg,NO,NO,167.0000,201.0000,AUTO_ACCEPT,Strong author/title/language match and validated physical cover.,SELECTED,,RECOVERED,OPEN_LIBRARY_EDITION:number_of_pages,NO,1
EN,ENGLISH_LANGUAGE_CANON,Mary Shelley,1,6,9,/works/OL450086W,Bernie Wrightson's Frankenstein,Mary Shelley,1.0000,1994,/books/OL8198121M,Bernie Wrightson's Frankenstein,Or the Modern Prometheus,eng,1.0000,9780887331930,Underwood-Miller,January 1995,,9569665,VALID_COVER,359,500,JPEG,data/cache/en-mass-editorial-engine/covers/EN-OL8198121M.jpeg,NO,NO,167.0000,201.0000,AUTO_ACCEPT,Strong author/title/language match and validated physical cover.,SELECTED,,NO_PAGE_COUNT,,NO,1
EN,ENGLISH_LANGUAGE_CANON,Mary Shelley,1,6,9,/works/OL450093W,Frankenstein (Oxford Playscripts),Mary Shelley | Philip Pullman,1.0000,1990,/books/OL10138712M,Frankenstein (Oxford Playscripts),,eng,1.0000,9780198312673,Oxford University Press,"May 24, 1990",78,2331229,VALID_COVER,385,500,JPEG,data/cache/en-mass-editorial-engine/covers/EN-OL10138712M.jpeg,NO,NO,167.0000,201.0000,AUTO_ACCEPT,Strong author/title/language match and validated physical cover.,SELECTED,,RECOVERED,OPEN_LIBRARY_EDITION:number_of_pages,NO,1
EN,ENGLISH_LANGUAGE_CANON,Mary Shelley,1,6,9,/works/OL21580010W,Mary and Maria - Matilda,Mary Shelley,1.0000,2016,/books/OL29292850M,Mary and Maria - Matilda,,eng,1.0000,9780241251874,"Penguin Books, Limited",2016,128,13327061,VALID_COVER,315,500,JPEG,data/cache/en-mass-editorial-engine/covers/EN-OL29292850M.jpeg,NO,NO,167.0000,201.0000,AUTO_ACCEPT,Strong author/title/language match and validated physical cover.,SELECTED,,RECOVERED,OPEN_LIBRARY_EDITION:number_of_pages,NO,1
EN,ENGLISH_LANGUAGE_CANON,Mary Shelley,1,6,9,/works/OL450120W,Mathilda,Mary Shelley,1.0000,1959,/books/OL34791908M,Mathilda,,eng,1.0000,9781513206301,West Margin Press,2021,106,13444545,VALID_COVER,313,500,JPEG,data/cache/en-mass-editorial-engine/covers/EN-OL34791908M.jpeg,NO,NO,167.0000,201.0000,AUTO_ACCEPT,Strong author/title/language match and validated physical cover.,SELECTED,,RECOVERED,OPEN_LIBRARY_EDITION:number_of_pages,NO,1
EN,ENGLISH_LANGUAGE_CANON,Mary Shelley,1,6,9,/works/OL450118W,Notes to the Complete Poetical Works of Percy Bysshe Shelley,Mary Shelley,1.0000,2004,/books/OL9397833M,Notes to the Complete Poetical Works of Percy Bysshe Shelley,,eng,1.0000,9781406926194,Hard Press,"November 3, 2006",52,1760250,VALID_COVER,333,500,JPEG,data/cache/en-mass-editorial-engine/covers/EN-OL9397833M.jpeg,NO,NO,167.0000,201.0000,AUTO_ACCEPT,Strong author/title/language match and validated physical cover.,SELECTED,,RECOVERED,OPEN_LIBRARY_EDITION:number_of_pages,NO,1
EN,ENGLISH_LANGUAGE_CANON,Mary Shelley,1,6,9,/works/OL16664002W,Steampunk,Mary Shelley,1.0000,2012,/books/OL25339373M,Steampunk,Mary Shelley's Frankenstein,eng,1.0000,9780762444274,RP Classics,2012,383,12772514,VALID_COVER,418,500,JPEG,data/cache/en-mass-editorial-engine/covers/EN-OL25339373M.jpeg,NO,NO,167.0000,201.0000,AUTO_ACCEPT,Strong author/title/language match and validated physical cover.,SELECTED,,RECOVERED,OPEN_LIBRARY_EDITION:number_of_pages,NO,1
EN,ENGLISH_LANGUAGE_CANON,Nathaniel Hawthorne,1,7,10,/works/OL455355W,My Kinsman Major Molineux,Nathaniel Hawthorne,1.0000,1996,/books/OL8506094M,My Kinsman Major Molineux,,eng,1.0000,9781425456825,Kessinger Publishing,"December 30, 2005",48,767070,VALID_COVER,375,500,JPEG,data/cache/en-mass-editorial-engine/covers/EN-OL8506094M.jpeg,NO,NO,167.0000,201.0000,AUTO_ACCEPT,Strong author/title/language match and validated physical cover.,SELECTED,,RECOVERED,OPEN_LIBRARY_EDITION:number_of_pages,NO,1
EN,ENGLISH_LANGUAGE_CANON,Nathaniel Hawthorne,1,7,10,/works/OL20329106W,The Artist of the Beautiful,Nathaniel Hawthorne,1.0000,1996,/books/OL55402523M,The Artist of the Beautiful,,eng,1.0000,9781544087726,CreateSpace Independent Publishing Platform,2017,30,15169370,VALID_COVER,333,500,JPEG,data/cache/en-mass-editorial-engine/covers/EN-OL55402523M.jpeg,NO,NO,167.0000,201.0000,AUTO_ACCEPT,Strong author/title/language match and validated physical cover.,SELECTED,,RECOVERED,OPEN_LIBRARY_EDITION:number_of_pages,NO,1
EN,ENGLISH_LANGUAGE_CANON,Nathaniel Hawthorne,1,7,10,/works/OL455215W,The Celestial Railroad and Other Stories,Nathaniel Hawthorne,1.0000,1963,/books/OL7576715M,The Celestial Railroad,and Other Stories,eng,1.0000,9780451517845,New American Library,1980,301,9264346,VALID_COVER,294,500,JPEG,data/cache/en-mass-editorial-engine/covers/EN-OL7576715M.jpeg,NO,NO,167.0000,201.0000,AUTO_ACCEPT,Strong author/title/language match and validated physical cover.,SELECTED,,RECOVERED,OPEN_LIBRARY_EDITION:number_of_pages,NO,1
EN,ENGLISH_LANGUAGE_CANON,Oscar Wilde,1,8,12,/works/OL14877112W,An Ideal Husband,Oscar Wilde,1.0000,2001,/books/OL7638258M,An Ideal Husband,,eng,1.0000,9780486414232,Dover Publications,"February 5, 2001",96,313092,VALID_COVER,299,475,JPEG,data/cache/en-mass-editorial-engine/covers/EN-OL7638258M.jpeg,NO,NO,167.0000,201.0000,AUTO_ACCEPT,Strong author/title/language match and validated physical cover.,SELECTED,,RECOVERED,OPEN_LIBRARY_EDITION:number_of_pages,NO,1
EN,ENGLISH_LANGUAGE_CANON,Oscar Wilde,1,8,12,/works/OL29651503W,Canterville Ghost,Oscar Wilde,1.0000,2017,/books/OL40798411M,Canterville Ghost,,eng,1.0000,9781521370988,Independently Published,2017,37,13916716,VALID_COVER,333,500,JPEG,data/cache/en-mass-editorial-engine/covers/EN-OL40798411M.jpeg,NO,NO,167.0000,201.0000,AUTO_ACCEPT,Strong author/title/language match and validated physical cover.,SELECTED,,RECOVERED,OPEN_LIBRARY_EDITION:number_of_pages,NO,1
EN,ENGLISH_LANGUAGE_CANON,Oscar Wilde,1,8,12,/works/OL14877813W,De Profundis and Other Writings,Oscar Wilde,1.0000,1973,/books/OL5093566M,De Profundis and other writings.,,eng,1.0000,014043089X,Penguin,1973,252,103055,VALID_COVER,321,500,JPEG,data/cache/en-mass-editorial-engine/covers/EN-OL5093566M.jpeg,NO,NO,167.0000,201.0000,AUTO_ACCEPT,Strong author/title/language match and validated physical cover.,SELECTED,,RECOVERED,OPEN_LIBRARY_EDITION:number_of_pages,NO,1
EN,ENGLISH_LANGUAGE_CANON,Oscar Wilde,1,8,12,/works/OL29629340W,Ideal Husband,Oscar Wilde,1.0000,2017,/books/OL41213301M,Ideal Husband,1912,eng,1.0000,9781723778766,Independently Published,2018,154,13856093,VALID_COVER,333,500,JPEG,data/cache/en-mass-editorial-engine/covers/EN-OL41213301M.jpeg,NO,NO,167.0000,201.0000,AUTO_ACCEPT,Strong author/title/language match and validated physical cover.,SELECTED,,RECOVERED,OPEN_LIBRARY_EDITION:number_of_pages,NO,1
EN,ENGLISH_LANGUAGE_CANON,Oscar Wilde,1,8,12,/works/OL29999632W,Lady Windermere's Fan,Oscar Wilde,1.0000,2019,/books/OL41357895M,Lady Windermere's Fan,A Play about a Good Woman,eng,1.0000,9781094866406,Independently Published,2019,86,13181339,VALID_COVER,324,500,JPEG,data/cache/en-mass-editorial-engine/covers/EN-OL41357895M.jpeg,NO,NO,167.0000,201.0000,AUTO_ACCEPT,Strong author/title/language match and validated physical cover.,SELECTED,,RECOVERED,OPEN_LIBRARY_EDITION:pagination,NO,1
EN,ENGLISH_LANGUAGE_CANON,Oscar Wilde,1,8,12,/works/OL14877863W,Lord Arthur Savile's crime,Oscar Wilde,1.0000,1891,/books/OL20981149M,Lord Arthur Savile's crime,and other prose pieces,eng,1.0000,0665779798,Musson,1996,146,10046511,VALID_COVER,390,500,JPEG,data/cache/en-mass-editorial-engine/covers/EN-OL20981149M.jpeg,NO,NO,167.0000,201.0000,AUTO_ACCEPT,Strong author/title/language match and validated physical cover.,SELECTED,,RECOVERED,OPEN_LIBRARY_EDITION:number_of_pages,NO,1
EN,ENGLISH_LANGUAGE_CANON,Oscar Wilde,1,8,12,/works/OL21119611W,Only Dull People Are Brilliant at Breakfast,Oscar Wilde,1.0000,2016,/books/OL28587989M,Only Dull People Are Brilliant at Breakfast,,eng,1.0000,9780241251805,"Penguin Books, Limited",2016,64,13051784,VALID_COVER,337,500,JPEG,data/cache/en-mass-editorial-engine/covers/EN-OL28587989M.jpeg,NO,NO,167.0000,201.0000,AUTO_ACCEPT,Strong author/title/language match and validated physical cover.,SELECTED,,RECOVERED,OPEN_LIBRARY_EDITION:number_of_pages,NO,1
EN,ENGLISH_LANGUAGE_CANON,Oscar Wilde,1,8,12,/works/OL14877843W,Stories for children,Oscar Wilde,1.0000,1986,/books/OL22444937M,Stories for children,,eng,1.0000,0750009993,Simon & Schuster Young Books,1991,94,11690931,VALID_COVER,374,500,JPEG,data/cache/en-mass-editorial-engine/covers/EN-OL22444937M.jpeg,NO,NO,167.0000,201.0000,AUTO_ACCEPT,Strong author/title/language match and validated physical cover.,SELECTED,,RECOVERED,OPEN_LIBRARY_EDITION:number_of_pages,NO,1
EN,ENGLISH_LANGUAGE_CANON,Robert Louis Stevenson,1,8,12,/works/OL25782062W,Black Arrow,Robert Louis Stevenson,1.0000,1998,/books/OL34953749M,Black Arrow,,eng,1.0000,9780368263026,"Blurb, Incorporated",2019,114,13718420,VALID_COVER,400,500,JPEG,data/cache/en-mass-editorial-engine/covers/EN-OL34953749M.jpeg,NO,NO,167.0000,201.0000,AUTO_ACCEPT,Strong author/title/language match and validated physical cover.,SELECTED,,RECOVERED,OPEN_LIBRARY_EDITION:number_of_pages,NO,1
EN,ENGLISH_LANGUAGE_CANON,Robert Louis Stevenson,1,8,12,/works/OL23997W,Block City,Robert Louis Stevenson,1.0000,1988,/books/OL2403036M,Block city,,eng,1.0000,0525443991,E.P. Dutton,1988,32,11023729,VALID_COVER,382,500,JPEG,data/cache/en-mass-editorial-engine/covers/EN-OL2403036M.jpeg,NO,NO,167.0000,201.0000,AUTO_ACCEPT,Strong author/title/language match and validated physical cover.,SELECTED,,RECOVERED,OPEN_LIBRARY_EDITION:number_of_pages,NO,1
EN,ENGLISH_LANGUAGE_CANON,Robert Louis Stevenson,1,8,12,/works/OL28973598W,Child's Garden of Verses,Robert Louis Stevenson | Gyo Fujikawa,1.0000,1951,/books/OL39837586M,Child's Garden of Verses,"A Collection of Scriptures, Prayers and Poems",eng,1.0000,9781420926071,Digireads.com Publishing,2005,52,13790958,VALID_COVER,296,500,JPEG,data/cache/en-mass-editorial-engine/covers/EN-OL39837586M.jpeg,NO,NO,167.0000,201.0000,AUTO_ACCEPT,Strong author/title/language match and validated physical cover.,SELECTED,,RECOVERED,OPEN_LIBRARY_EDITION:number_of_pages,NO,1
EN,ENGLISH_LANGUAGE_CANON,Robert Louis Stevenson,1,8,12,/works/OL25824250W,David Balfour,Robert Louis Stevenson,1.0000,1979,/books/OL34934772M,David Balfour,,eng,1.0000,9780353881105,"Creative Media Partners, LLC",2019,454,14130898,VALID_COVER,315,500,JPEG,data/cache/en-mass-editorial-engine/covers/EN-OL34934772M.jpeg,NO,NO,167.0000,201.0000,AUTO_ACCEPT,Strong author/title/language match and validated physical cover.,SELECTED,,RECOVERED,OPEN_LIBRARY_EDITION:number_of_pages,NO,1
EN,ENGLISH_LANGUAGE_CANON,Robert Louis Stevenson,1,8,12,/works/OL1833187W,Doctor Jekyll and Mr.Hyde,Robert Louis Stevenson,1.0000,1990,/books/OL17214539M,Doctor Jekyll and Mr.Hyde,and Beach of Falesa,eng,1.0000,074871829X,Stanley Thornes,1995,192,11621184,VALID_COVER,346,500,JPEG,data/cache/en-mass-editorial-engine/covers/EN-OL17214539M.jpeg,NO,NO,167.0000,201.0000,AUTO_ACCEPT,Strong author/title/language match and validated physical cover.,SELECTED,,RECOVERED,OPEN_LIBRARY_EDITION:number_of_pages,NO,1
EN,ENGLISH_LANGUAGE_CANON,Robert Louis Stevenson,1,8,12,/works/OL1833078W,Dr. Jekyll And Mr. Hyde And Other Stories of the Supernatural,Robert Louis Stevenson,1.0000,1963,/books/OL21564267M,Dr. Jekyll and Mr. Hyde and other stories of the supernatural,,eng,1.0000,0590085255,Scholastic,1963,216,11622757,VALID_COVER,299,500,JPEG,data/cache/en-mass-editorial-engine/covers/EN-OL21564267M.jpeg,NO,NO,167.0000,201.0000,AUTO_ACCEPT,Strong author/title/language match and validated physical cover.,SELECTED,,RECOVERED,OPEN_LIBRARY_EDITION:number_of_pages,NO,1
EN,ENGLISH_LANGUAGE_CANON,Robert Louis Stevenson,1,8,12,/works/OL24166W,Kidnapped,Robert Louis Stevenson,1.0000,1886,/books/OL32007176M,Kidnapped,,eng,1.0000,9780709701316,Brown Watson,1900,176,10674884,VALID_COVER,314,500,JPEG,data/cache/en-mass-editorial-engine/covers/EN-OL32007176M.jpeg,NO,NO,167.0000,201.0000,AUTO_ACCEPT,Strong author/title/language match and validated physical cover.,SELECTED,,RECOVERED,OPEN_LIBRARY_EDITION:number_of_pages,NO,1
EN,ENGLISH_LANGUAGE_CANON,Robert Louis Stevenson,1,8,12,/works/OL24123W,Merry Men,Robert Louis Stevenson,1.0000,1887,/books/OL11645055M,Merry Men,,eng,1.0000,9781404319950,IndyPublish.com,October 2001,212,5151144,VALID_COVER,128,193,JPEG,data/cache/en-mass-editorial-engine/covers/EN-OL11645055M.jpeg,NO,NO,167.0000,201.0000,AUTO_ACCEPT,Strong author/title/language match and validated physical cover.,SELECTED,,RECOVERED,OPEN_LIBRARY_EDITION:number_of_pages,NO,1
EN,ENGLISH_LANGUAGE_CANON,Rudyard Kipling,1,8,12,/works/OL20118W,A  song of the English,Rudyard Kipling | W. Heath Robinson,1.0000,1909,/books/OL25519398M,A song of the English,,eng,1.0000,0665793359,Hodder & Stoughton,1912,150,9858845,VALID_COVER,390,500,JPEG,data/cache/en-mass-editorial-engine/covers/EN-OL25519398M.jpeg,NO,NO,167.0000,201.0000,AUTO_ACCEPT,Strong author/title/language match and validated physical cover.,SELECTED,,RECOVERED,OPEN_LIBRARY_EDITION:number_of_pages,NO,1
EN,ENGLISH_LANGUAGE_CANON,Rudyard Kipling,1,8,12,/works/OL20154W,American notes,Rudyard Kipling,1.0000,1890,/books/OL5420008M,American notes.,,eng,1.0000,0405054637,Arno Press,1974,137,9840206,VALID_COVER,309,500,JPEG,data/cache/en-mass-editorial-engine/covers/EN-OL5420008M.jpeg,NO,NO,167.0000,201.0000,AUTO_ACCEPT,Strong author/title/language match and validated physical cover.,SELECTED,,RECOVERED,OPEN_LIBRARY_EDITION:number_of_pages,NO,1
EN,ENGLISH_LANGUAGE_CANON,Rudyard Kipling,1,8,12,/works/OL19875W,From sea to sea; letters of travel,Rudyard Kipling,1.0000,1889,/books/OL24141085M,From sea to sea,letters of travel,eng,1.0000,0665264186,G.N. Morang,1899,217,6320536,VALID_COVER,352,500,JPEG,data/cache/en-mass-editorial-engine/covers/EN-OL24141085M.jpeg,NO,NO,167.0000,201.0000,AUTO_ACCEPT,Strong author/title/language match and validated physical cover.,SELECTED,,RECOVERED,OPEN_LIBRARY_EDITION:number_of_pages,NO,1
EN,ENGLISH_LANGUAGE_CANON,Rudyard Kipling,1,8,12,/works/OL21095093W,Gate of the Hundred Sorrows,Rudyard Kipling,1.0000,2014,/books/OL28554891M,Gate of the Hundred Sorrows,,eng,1.0000,9780141398068,"Penguin Books, Limited",2015,64,11081828,VALID_COVER,328,500,JPEG,data/cache/en-mass-editorial-engine/covers/EN-OL28554891M.jpeg,NO,NO,167.0000,201.0000,AUTO_ACCEPT,Strong author/title/language match and validated physical cover.,SELECTED,,RECOVERED,OPEN_LIBRARY_EDITION:number_of_pages,NO,1
EN,ENGLISH_LANGUAGE_CANON,Rudyard Kipling,1,8,12,/works/OL20125W,How the leopard got his spots,Rudyard Kipling,1.0000,1901,/books/OL11209573M,How the Leopard Got His Spots,,eng,1.0000,9780802761118,Walker & Company,January 1973,32,8787476,VALID_COVER,500,500,JPEG,data/cache/en-mass-editorial-engine/covers/EN-OL11209573M.jpeg,NO,NO,167.0000,201.0000,AUTO_ACCEPT,Strong author/title/language match and validated physical cover.,SELECTED,,RECOVERED,OPEN_LIBRARY_EDITION:number_of_pages,NO,1
EN,ENGLISH_LANGUAGE_CANON,Rudyard Kipling,1,8,12,/works/OL20126W,How the rhinoceros got his skin,Rudyard Kipling,1.0000,1898,/books/OL2399154M,How the rhinoceros got his skin,,eng,1.0000,0399215263,Philomel Books,1988,20,6949036,VALID_COVER,494,500,JPEG,data/cache/en-mass-editorial-engine/covers/EN-OL2399154M.jpeg,NO,NO,167.0000,201.0000,AUTO_ACCEPT,Strong author/title/language match and validated physical cover.,SELECTED,,RECOVERED,OPEN_LIBRARY_EDITION:number_of_pages,NO,1
EN,ENGLISH_LANGUAGE_CANON,Rudyard Kipling,1,8,12,/works/OL20121W,If--,Rudyard Kipling,1.0000,1910,/books/OL7731191M,If,A Father's Advice to His Son,eng,1.0000,9780689877995,Ginee Seo Books,"March 27, 2007",40,439089,VALID_COVER,180,180,JPEG,data/cache/en-mass-editorial-engine/covers/EN-OL7731191M.jpeg,NO,NO,167.0000,201.0000,AUTO_ACCEPT,Strong author/title/language match and validated physical cover.,SELECTED,,RECOVERED,OPEN_LIBRARY_EDITION:number_of_pages,NO,1
EN,ENGLISH_LANGUAGE_CANON,Rudyard Kipling,1,8,12,/works/OL20110W,Kipling,Rudyard Kipling,1.0000,1956,/books/OL9546540M,Kipling,Victorian Balladeer (Illustrated Poetry Anthology Series) (Illustrated Poetry Anthology Series),eng,1.0000,9781860192029,Chelsea House Publications,April 1997,96,2063548,VALID_COVER,285,475,JPEG,data/cache/en-mass-editorial-engine/covers/EN-OL9546540M.jpeg,NO,NO,167.0000,201.0000,AUTO_ACCEPT,Strong author/title/language match and validated physical cover.,SELECTED,,RECOVERED,OPEN_LIBRARY_EDITION:number_of_pages,NO,1
EN,ENGLISH_LANGUAGE_CANON,Thomas Hardy,1,9,13,/works/OL259983W,A Changed Man and Other Tales,Thomas Hardy,1.0000,2003,/books/OL8469683M,A Changed Man And Other Tales,,eng,1.0000,9781419100352,Kessinger Publishing,"June 30, 2004",236,762887,VALID_COVER,405,500,JPEG,data/cache/en-mass-editorial-engine/covers/EN-OL8469683M.jpeg,NO,NO,167.0000,201.0000,AUTO_ACCEPT,Strong author/title/language match and validated physical cover.,SELECTED,,RECOVERED,OPEN_LIBRARY_EDITION:number_of_pages,NO,1
EN,ENGLISH_LANGUAGE_CANON,Thomas Hardy,1,9,13,/works/OL411222W,An Indiscretion in the Life of an Heiress and Other Stories,Thomas Hardy,1.0000,1994,/books/OL1433833M,An indiscretion in the life of an heiress and other stories,,eng,1.0000,0192823442,Oxford University Press,1994,266,118522,VALID_COVER,294,475,JPEG,data/cache/en-mass-editorial-engine/covers/EN-OL1433833M.jpeg,NO,NO,167.0000,201.0000,AUTO_ACCEPT,Strong author/title/language match and validated physical cover.,SELECTED,,RECOVERED,OPEN_LIBRARY_EDITION:number_of_pages,NO,1
EN,ENGLISH_LANGUAGE_CANON,Thomas Hardy,1,9,13,/works/OL15838912W,Our exploits at West Poley,Thomas Hardy,1.0000,1952,/books/OL4739572M,Our exploits at West Poley,,eng,1.0000,0192745271,Oxford University Press,1978,77,6736913,VALID_COVER,315,500,JPEG,data/cache/en-mass-editorial-engine/covers/EN-OL4739572M.jpeg,NO,NO,167.0000,201.0000,AUTO_ACCEPT,Strong author/title/language match and validated physical cover.,SELECTED,,RECOVERED,OPEN_LIBRARY_EDITION:number_of_pages,NO,1
EN,ENGLISH_LANGUAGE_CANON,Thomas Hardy,1,9,13,/works/OL259945W,Oxford Bookworms Library,Thomas Hardy,1.0000,2004,/books/OL10129144M,Oxford Bookworms Library,The Withered Arm (Oxford Bookworms),eng,1.0000,9780194232494,"Oxford University Press, USA","October 15, 2004",56,2328380,VALID_COVER,306,500,JPEG,data/cache/en-mass-editorial-engine/covers/EN-OL10129144M.jpeg,NO,NO,167.0000,201.0000,AUTO_ACCEPT,Strong author/title/language match and validated physical cover.,SELECTED,,RECOVERED,OPEN_LIBRARY_EDITION:number_of_pages,NO,1
EN,ENGLISH_LANGUAGE_CANON,Walt Whitman,1,6,9,/works/OL21095110W,Alone on the Beach at Night,Walt Whitman,1.0000,2015,/books/OL28554910M,Alone on the Beach at Night,,eng,1.0000,9780141398228,"Penguin Books, Limited",2015,64,11689579,VALID_COVER,332,500,JPEG,data/cache/en-mass-editorial-engine/covers/EN-OL28554910M.jpeg,NO,NO,167.0000,201.0000,AUTO_ACCEPT,Strong author/title/language match and validated physical cover.,SELECTED,,RECOVERED,OPEN_LIBRARY_EDITION:number_of_pages,NO,1
EN,ENGLISH_LANGUAGE_CANON,Walt Whitman,1,6,9,/works/OL16384W,Autobiographia Or The Story Of A Life,Walt Whitman,1.0000,1892,/books/OL6553161M,Autobiographia,"or, The story of a life",eng,1.0000,0841400830,C. L. Webster & Co.,1892,205,4524690,VALID_COVER,128,189,JPEG,data/cache/en-mass-editorial-engine/covers/EN-OL6553161M.jpeg,NO,NO,167.0000,201.0000,AUTO_ACCEPT,Strong author/title/language match and validated physical cover.,SELECTED,,RECOVERED,OPEN_LIBRARY_EDITION:number_of_pages,NO,1
EN,ENGLISH_LANGUAGE_CANON,Walt Whitman,1,6,9,/works/OL60773W,Collect,Walt Whitman,1.0000,2004,/books/OL8470478M,Collect,,eng,1.0000,9781419113482,Kessinger Publishing,"June 30, 2004",112,1799366,VALID_COVER,405,500,JPEG,data/cache/en-mass-editorial-engine/covers/EN-OL8470478M.jpeg,NO,NO,167.0000,201.0000,AUTO_ACCEPT,Strong author/title/language match and validated physical cover.,SELECTED,,RECOVERED,OPEN_LIBRARY_EDITION:number_of_pages,NO,1
EN,ENGLISH_LANGUAGE_CANON,Walt Whitman,1,6,9,/works/OL16319W,Complete poetry and collected prose,Walt Whitman,1.0000,1982,/books/OL3780709M,Complete poetry and collected prose,,eng,1.0000,094045002X,Literary Classics of the United States,1982,1380,717669,VALID_COVER,289,475,JPEG,data/cache/en-mass-editorial-engine/covers/EN-OL3780709M.jpeg,NO,NO,167.0000,201.0000,AUTO_ACCEPT,Strong author/title/language match and validated physical cover.,SELECTED,,RECOVERED,OPEN_LIBRARY_EDITION:number_of_pages,NO,1
EN,ENGLISH_LANGUAGE_CANON,Walt Whitman,1,6,9,/works/OL16364W,Daybooks and notebooks,Walt Whitman,1.0000,1978,/books/OL5202738M,Daybooks and notebooks,,eng,1.0000,0814791670,New York University Press,1978,869,4485029,VALID_COVER,128,181,JPEG,data/cache/en-mass-editorial-engine/covers/EN-OL5202738M.jpeg,NO,NO,167.0000,201.0000,AUTO_ACCEPT,Strong author/title/language match and validated physical cover.,SELECTED,,RECOVERED,OPEN_LIBRARY_EDITION:number_of_pages,NO,1
EN,ENGLISH_LANGUAGE_CANON,Walt Whitman,1,6,9,/works/OL32426199W,"Leaves of Grass, a Textual Variorum of the Printed Poems, 1855-1856 Vol. I-III",Walt Whitman,1.0000,1943,/books/OL44217475M,"Leaves of Grass, a Textual Variorum of the Printed Poems, 1855-1856 Vol. I-III",,eng,1.0000,9780451515377,Penguin Publishing Group,1943,,13877978,VALID_COVER,333,500,JPEG,data/cache/en-mass-editorial-engine/covers/EN-OL44217475M.jpeg,NO,NO,167.0000,201.0000,AUTO_ACCEPT,Strong author/title/language match and validated physical cover.,SELECTED,,NO_PAGE_COUNT,,NO,1
EN,ENGLISH_LANGUAGE_CANON,William Shakespeare,1,12,18,/works/OL5331307W,Coriolanus,William Shakespeare,1.0000,1800,/books/OL26552191M,Coriolanus,,eng,1.0000,0719121426,Cornmarket Press,1970,63,9042272,VALID_COVER,287,500,JPEG,data/cache/en-mass-editorial-engine/covers/EN-OL26552191M.jpeg,NO,NO,167.0000,201.0000,AUTO_ACCEPT,Strong author/title/language match and validated physical cover.,SELECTED,,RECOVERED,OPEN_LIBRARY_EDITION:number_of_pages,NO,1
EN,ENGLISH_LANGUAGE_CANON,William Shakespeare,1,12,18,/works/OL16464555W,Hamlet,William Shakespeare,1.0000,1611,/books/OL31974836M,Hamlet,,eng,1.0000,9780883016473,Pendulum Press,1980,62,10651437,VALID_COVER,318,500,JPEG,data/cache/en-mass-editorial-engine/covers/EN-OL31974836M.jpeg,NO,NO,167.0000,201.0000,AUTO_ACCEPT,Strong author/title/language match and validated physical cover.,SELECTED,,RECOVERED,OPEN_LIBRARY_EDITION:number_of_pages,NO,1
EN,ENGLISH_LANGUAGE_CANON,William Shakespeare,1,12,18,/works/OL20765627W,Macbeth,William Shakespeare,1.0000,1821,/books/OL34533543M,Macbeth,,eng,1.0000,9781911238089,"Classic Comic Store, Limited",2016,51,12637611,VALID_COVER,334,500,JPEG,data/cache/en-mass-editorial-engine/covers/EN-OL34533543M.jpeg,NO,NO,167.0000,201.0000,AUTO_ACCEPT,Strong author/title/language match and validated physical cover.,SELECTED,,RECOVERED,OPEN_LIBRARY_EDITION:number_of_pages,NO,1
EN,ENGLISH_LANGUAGE_CANON,William Shakespeare,1,12,18,/works/OL14916891W,Othello,William Shakespeare,1.0000,1941,/books/OL46248167M,Othello,,eng,1.0000,9781015999503,"Creative Media Partners, LLC",2022,488,14737750,VALID_COVER,252,400,JPEG,data/cache/en-mass-editorial-engine/covers/EN-OL46248167M.jpeg,NO,NO,167.0000,201.0000,AUTO_ACCEPT,Strong author/title/language match and validated physical cover.,SELECTED,,RECOVERED,OPEN_LIBRARY_EDITION:pagination,NO,1
EN,ESSAYS_PHILOSOPHY,bell hooks,1,7,10,/works/OL31123W,Ain't I a Woman,bell hooks,1.0000,1981,/books/OL18368275M,Ain't I a woman,Black women and feminism,eng,1.0000,089608129X,South End Press,1991,205,9900118,VALID_COVER,315,500,JPEG,data/cache/en-mass-editorial-engine/covers/EN-OL18368275M.jpeg,NO,NO,167.0000,201.0000,AUTO_ACCEPT,Strong author/title/language match and validated physical cover.,SELECTED,,RECOVERED,OPEN_LIBRARY_EDITION:number_of_pages,NO,1
EN,ESSAYS_PHILOSOPHY,bell hooks,1,7,10,/works/OL31111W,All About Love,bell hooks,1.0000,2000,/books/OL7285714M,All About Love,New Visions,eng,1.0000,9780060959470,Harper Paperbacks,"January 9, 2001",239,15096703,VALID_COVER,304,475,JPEG,data/cache/en-mass-editorial-engine/covers/EN-OL7285714M.jpeg,NO,NO,167.0000,201.0000,AUTO_ACCEPT,Strong author/title/language match and validated physical cover.,SELECTED,,RECOVERED,OPEN_LIBRARY_EDITION:number_of_pages,NO,1
EN,ESSAYS_PHILOSOPHY,bell hooks,1,7,10,/works/OL16637510W,Appalachian Elegy,Bell Hooks,1.0000,2012,/books/OL25316948M,Appalachian Elegy,Poetry and Place,eng,1.0000,9780813136691,University Press of Kentucky,2012,,14847574,VALID_COVER,319,500,JPEG,data/cache/en-mass-editorial-engine/covers/EN-OL25316948M.jpeg,NO,NO,167.0000,201.0000,AUTO_ACCEPT,Strong author/title/language match and validated physical cover.,SELECTED,,NO_PAGE_COUNT,,NO,1
EN,ESSAYS_PHILOSOPHY,bell hooks,1,7,10,/works/OL15053142W,Art on My Mind,bell hooks,1.0000,1995,/books/OL1119380M,Art on My Mind,Visual Politics,eng,1.0000,1565842634,New Press,1995,224,804900,VALID_COVER,317,475,JPEG,data/cache/en-mass-editorial-engine/covers/EN-OL1119380M.jpeg,NO,NO,167.0000,201.0000,AUTO_ACCEPT,Strong author/title/language match and validated physical cover.,SELECTED,,RECOVERED,OPEN_LIBRARY_EDITION:number_of_pages,NO,1
EN,ESSAYS_PHILOSOPHY,bell hooks,1,7,10,/works/OL31120W,Be Boy Buzz,Bell Hooks,1.0000,2002,/books/OL3950237M,Be boy buzz,,eng,1.0000,0786808144,Hyperion Books for Children,2002,32,6742325,VALID_COVER,409,500,JPEG,data/cache/en-mass-editorial-engine/covers/EN-OL3950237M.jpeg,NO,NO,167.0000,201.0000,AUTO_ACCEPT,Strong author/title/language match and validated physical cover.,SELECTED,,RECOVERED,OPEN_LIBRARY_EDITION:number_of_pages,NO,1
EN,ESSAYS_PHILOSOPHY,bell hooks,1,7,10,/works/OL31113045W,Bell Hooks : the Last Interview,Bell Hooks,1.0000,2023,/books/OL42727416M,Bell Hooks : the Last Interview,And Other Conversations,eng,1.0000,9781685890797,Melville House Publishing,2023,144,13838617,VALID_COVER,333,500,JPEG,data/cache/en-mass-editorial-engine/covers/EN-OL42727416M.jpeg,NO,NO,167.0000,201.0000,AUTO_ACCEPT,Strong author/title/language match and validated physical cover.,SELECTED,,RECOVERED,OPEN_LIBRARY_EDITION:number_of_pages,NO,1
EN,ESSAYS_PHILOSOPHY,bell hooks,1,7,10,/works/OL31104W,Belonging,Bell Hooks,1.0000,2008,/books/OL21097075M,Belonging,a culture of place,eng,1.0000,9780415968157,Routledge,2008,240,6289501,VALID_COVER,266,400,JPEG,data/cache/en-mass-editorial-engine/covers/EN-OL21097075M.jpeg,NO,NO,167.0000,201.0000,AUTO_ACCEPT,Strong author/title/language match and validated physical cover.,SELECTED,,RECOVERED,OPEN_LIBRARY_EDITION:number_of_pages,NO,1
EN,ESSAYS_PHILOSOPHY,Bertrand Russell,1,8,12,/works/OL1088357W,A History of Western Philosophy,Bertrand Russell,1.0000,1945,/books/OL22277203M,A history of Western philosophy,,eng,1.0000,0041000455,Unwin Paperbacks,1984,842,15135556,VALID_COVER,318,500,JPEG,data/cache/en-mass-editorial-engine/covers/EN-OL22277203M.jpeg,NO,NO,167.0000,201.0000,AUTO_ACCEPT,Strong author/title/language match and validated physical cover.,SELECTED,,RECOVERED,OPEN_LIBRARY_EDITION:number_of_pages,NO,1
EN,ESSAYS_PHILOSOPHY,Bertrand Russell,1,8,12,/works/OL1088559W,An outline of philosophy,Bertrand Russell,1.0000,1927,/books/OL16372386M,An outline of philosophy,,eng,1.0000,0529021536,New American Library,1974,319,13950020,VALID_COVER,333,500,JPEG,data/cache/en-mass-editorial-engine/covers/EN-OL16372386M.jpeg,NO,NO,167.0000,201.0000,AUTO_ACCEPT,Strong author/title/language match and validated physical cover.,SELECTED,,RECOVERED,OPEN_LIBRARY_EDITION:number_of_pages,NO,1
EN,ESSAYS_PHILOSOPHY,Bertrand Russell,1,8,12,/works/OL1088583W,Authority and the Individual,Bertrand Russell,1.0000,1949,/books/OL9227848M,Authority and the Individual,,eng,1.0000,9780041700312,Routledge,June 1985,96,8242875,VALID_COVER,322,500,JPEG,data/cache/en-mass-editorial-engine/covers/EN-OL9227848M.jpeg,NO,NO,167.0000,201.0000,AUTO_ACCEPT,Strong author/title/language match and validated physical cover.,SELECTED,,RECOVERED,OPEN_LIBRARY_EDITION:number_of_pages,NO,1
EN,ESSAYS_PHILOSOPHY,Bertrand Russell,1,8,12,/works/OL1088296W,Bertrand Russell on God and religion,Bertrand Russell,1.0000,1986,/books/OL2556546M,Bertrand Russell on God and religion,,eng,1.0000,0879753234,Prometheus Books,1986,350,675792,VALID_COVER,323,500,JPEG,data/cache/en-mass-editorial-engine/covers/EN-OL2556546M.jpeg,NO,NO,167.0000,201.0000,AUTO_ACCEPT,Strong author/title/language match and validated physical cover.,SELECTED,,RECOVERED,OPEN_LIBRARY_EDITION:number_of_pages,NO,1
EN,ESSAYS_PHILOSOPHY,Bertrand Russell,1,8,12,/works/OL1088560W,Bertrand Russell's best,Bertrand Russell,1.0000,1958,/books/OL7273151M,Bertrand Russell's Best,,eng,1.0000,9780041920314,Routledge,"April 3, 1975",157,12462129,VALID_COVER,327,500,JPEG,data/cache/en-mass-editorial-engine/covers/EN-OL7273151M.jpeg,NO,NO,167.0000,201.0000,AUTO_ACCEPT,Strong author/title/language match and validated physical cover.,SELECTED,,RECOVERED,OPEN_LIBRARY_EDITION:number_of_pages,NO,1
EN,ESSAYS_PHILOSOPHY,David Hume,1,7,10,/works/OL93546W,A treatise on human nature,David Hume,1.0000,1874,/books/OL14046091M,A treatise on human nature,being an attempt to introduce the experimental method of reasoning into moral subjects; and dialogues concerning natural religion,eng,1.0000,0140400079,"Longmans, Green and co.",1874,677,5966125,VALID_COVER,304,500,JPEG,data/cache/en-mass-editorial-engine/covers/EN-OL14046091M.jpeg,NO,NO,167.0000,201.0000,AUTO_ACCEPT,Strong author/title/language match and validated physical cover.,SELECTED,,RECOVERED,OPEN_LIBRARY_EDITION:number_of_pages,NO,1
EN,ESSAYS_PHILOSOPHY,David Hume,1,7,10,/works/OL260977W,"A Treatise on Human Nature, Vol. 1",David Hume,1.0000,2007,/books/OL11974057M,"A Treatise on Human Nature, Vol. 1",,eng,1.0000,9781434486035,Wildside Press,"September 1, 2007",264,2889019,VALID_COVER,323,500,JPEG,data/cache/en-mass-editorial-engine/covers/EN-OL11974057M.jpeg,NO,NO,167.0000,201.0000,AUTO_ACCEPT,Strong author/title/language match and validated physical cover.,SELECTED,,RECOVERED,OPEN_LIBRARY_EDITION:number_of_pages,NO,1
EN,ESSAYS_PHILOSOPHY,David Hume,1,7,10,/works/OL3911255W,An enquiry concerning human understanding ; [with] A letter from a gentleman to his friend in Edinburgh ; [and] An abstract of a Treatise of human nature,David Hume,1.0000,1993,/books/OL1401108M,An enquiry concerning human understanding ; [with] A letter from a gentleman to his friend in Edinburgh ; [and] An abstract of a Treatise of human nature,,eng,1.0000,0872202305,Hackett Pub. Co.,1993,142,662231,VALID_COVER,318,475,JPEG,data/cache/en-mass-editorial-engine/covers/EN-OL1401108M.jpeg,NO,NO,167.0000,201.0000,AUTO_ACCEPT,Strong author/title/language match and validated physical cover.,SELECTED,,RECOVERED,OPEN_LIBRARY_EDITION:number_of_pages,NO,1
EN,ESSAYS_PHILOSOPHY,David Hume,1,7,10,/works/OL260983W,An Enquiry Concerning the Principles of Morals,David Hume,1.0000,1999,/books/OL11684306M,An Enquiry Concerning the Principles of Morals,,eng,1.0000,9781406926132,Hard Press,"November 3, 2006",108,2760242,VALID_COVER,333,500,JPEG,data/cache/en-mass-editorial-engine/covers/EN-OL11684306M.jpeg,NO,NO,167.0000,201.0000,AUTO_ACCEPT,Strong author/title/language match and validated physical cover.,SELECTED,,RECOVERED,OPEN_LIBRARY_EDITION:number_of_pages,NO,1
EN,ESSAYS_PHILOSOPHY,David Hume,1,7,10,/works/OL93512W,David Hume's political essays,David Hume,1.0000,1953,/books/OL20291783M,David Hume's political essays,,eng,1.0000,0672601982,Bobbs-Merrill Educational Publishing,1978,166,8286104,VALID_COVER,321,500,JPEG,data/cache/en-mass-editorial-engine/covers/EN-OL20291783M.jpeg,NO,NO,167.0000,201.0000,AUTO_ACCEPT,Strong author/title/language match and validated physical cover.,SELECTED,,RECOVERED,OPEN_LIBRARY_EDITION:number_of_pages,NO,1
EN,ESSAYS_PHILOSOPHY,Isaiah Berlin,1,7,10,/works/OL930392W,Against the Current,Isaiah Berlin,1.0000,1979,/books/OL4273665M,Against the current,essays in the history of ideas,eng,1.0000,0140060499,Penguin,1982,394,9550043,VALID_COVER,312,500,JPEG,data/cache/en-mass-editorial-engine/covers/EN-OL4273665M.jpeg,NO,NO,167.0000,201.0000,AUTO_ACCEPT,Strong author/title/language match and validated physical cover.,SELECTED,,RECOVERED,OPEN_LIBRARY_EDITION:number_of_pages,NO,1
EN,ESSAYS_PHILOSOPHY,Isaiah Berlin,1,7,10,/works/OL930394W,Concepts and categories,Isaiah Berlin | Henry Hardy | Bernard Williams | Alasdair C. MacIntyre,1.0000,1978,/books/OL4734352M,Concepts and categories,philosophical essays,eng,1.0000,0670235520,Viking Press,1979,202,6291051,VALID_COVER,341,500,JPEG,data/cache/en-mass-editorial-engine/covers/EN-OL4734352M.jpeg,NO,NO,167.0000,201.0000,AUTO_ACCEPT,Strong author/title/language match and validated physical cover.,SELECTED,,RECOVERED,OPEN_LIBRARY_EDITION:number_of_pages,NO,1
EN,ESSAYS_PHILOSOPHY,Isaiah Berlin,1,7,10,/works/OL930385W,Conversations with Isaiah Berlin,Isaiah Berlin,1.0000,1991,/books/OL1554524M,Conversations with Isaiah Berlin,,eng,1.0000,0684193949,Scribner's,1991,213,11610199,VALID_COVER,325,500,JPEG,data/cache/en-mass-editorial-engine/covers/EN-OL1554524M.jpeg,NO,NO,167.0000,201.0000,AUTO_ACCEPT,Strong author/title/language match and validated physical cover.,SELECTED,,RECOVERED,OPEN_LIBRARY_EDITION:number_of_pages,NO,1
EN,ESSAYS_PHILOSOPHY,John Locke,1,6,9,/works/OL880054W,"An essay concerning human understanding, 1690",John Locke,1.0000,1970,/books/OL5278111M,"An essay concerning human understanding, 1690.",,eng,1.0000,0854174370,Scolar Press,1970,383,9696315,VALID_COVER,342,500,JPEG,data/cache/en-mass-editorial-engine/covers/EN-OL5278111M.jpeg,NO,NO,167.0000,201.0000,AUTO_ACCEPT,Strong author/title/language match and validated physical cover.,SELECTED,,RECOVERED,OPEN_LIBRARY_EDITION:number_of_pages,NO,1
EN,ESSAYS_PHILOSOPHY,John Rawls,1,5,8,/works/OL16981551W,A brief inquiry into the meaning of sin and faith,John Rawls,1.0000,2009,/books/OL17073212M,A brief inquiry into the meaning of sin and faith,"with ""on my religion""",eng,1.0000,9780674033313,Harvard University Press,2009,275,9504169,VALID_COVER,331,500,JPEG,data/cache/en-mass-editorial-engine/covers/EN-OL17073212M.jpeg,NO,NO,167.0000,201.0000,AUTO_ACCEPT,Strong author/title/language match and validated physical cover.,SELECTED,,RECOVERED,OPEN_LIBRARY_EDITION:number_of_pages,NO,1
EN,ESSAYS_PHILOSOPHY,John Rawls,1,5,8,/works/OL30310W,A theory of justice,John Rawls,1.0000,1971,/books/OL21160715M,A theory of justice,,eng,1.0000,0674880145,Belknap Press,1971,607,15203393,VALID_COVER,336,500,JPEG,data/cache/en-mass-editorial-engine/covers/EN-OL21160715M.jpeg,NO,NO,167.0000,201.0000,AUTO_ACCEPT,Strong author/title/language match and validated physical cover.,SELECTED,,RECOVERED,OPEN_LIBRARY_EDITION:number_of_pages,NO,1
EN,ESSAYS_PHILOSOPHY,John Rawls,1,5,8,/works/OL21018491W,Brief Inquiry into the Meaning of Sin and Faith,John Rawls | Thomas Nagel | Joshua Cohen - undifferentiated | Robert Merrihew Adams,1.0000,2009,/books/OL28449377M,Brief Inquiry into the Meaning of Sin and Faith,"With ""On My Religion""",eng,1.0000,9780674047532,Harvard University Press,2010,288,12135475,VALID_COVER,335,500,JPEG,data/cache/en-mass-editorial-engine/covers/EN-OL28449377M.jpeg,NO,NO,167.0000,201.0000,AUTO_ACCEPT,Strong author/title/language match and validated physical cover.,SELECTED,,RECOVERED,OPEN_LIBRARY_EDITION:number_of_pages,NO,1
EN,ESSAYS_PHILOSOPHY,John Rawls,1,5,8,/works/OL30303W,Collected Papers,John Rawls,1.0000,1999,/books/OL7692217M,Collected Papers,,eng,1.0000,9780674137394,Harvard University Press,"May 30, 1999",650,412935,VALID_COVER,332,475,JPEG,data/cache/en-mass-editorial-engine/covers/EN-OL7692217M.jpeg,NO,NO,167.0000,201.0000,AUTO_ACCEPT,Strong author/title/language match and validated physical cover.,SELECTED,,RECOVERED,OPEN_LIBRARY_EDITION:number_of_pages,NO,1
EN,ESSAYS_PHILOSOPHY,Martha Nussbaum,1,7,10,/works/OL8002634W,Aristotle's De Motu Animalium,Martha Nussbaum,1.0000,1986,/books/OL7756549M,Aristotle's De Motu Animalium,,eng | grc,1.0000,9780691020358,Princeton University Press,"March 1, 1986",464,440380,VALID_COVER,295,475,JPEG,data/cache/en-mass-editorial-engine/covers/EN-OL7756549M.jpeg,NO,NO,167.0000,201.0000,AUTO_ACCEPT,Strong author/title/language match and validated physical cover.,SELECTED,,RECOVERED,OPEN_LIBRARY_EDITION:number_of_pages,NO,1
EN,ESSAYS_PHILOSOPHY,Martha Nussbaum,1,7,10,/works/OL25765304W,Citadels of Pride,Martha Nussbaum,1.0000,2021,/books/OL34689524M,Citadels of Pride,"Sexual Abuse, Accountability, and Reconciliation",eng,1.0000,9781324004110,"Norton & Company Limited, W. W.",2021,274,14623200,VALID_COVER,331,500,JPEG,data/cache/en-mass-editorial-engine/covers/EN-OL34689524M.jpeg,NO,NO,167.0000,201.0000,AUTO_ACCEPT,Strong author/title/language match and validated physical cover.,SELECTED,,RECOVERED,OPEN_LIBRARY_EDITION:number_of_pages,NO,1
EN,ESSAYS_PHILOSOPHY,Martha Nussbaum,1,7,10,/works/OL19364306W,Creating Capabilities: The Human Development Approach,Martha Nussbaum,1.0000,2011,/books/OL26820157M,Creating Capabilities: The Human Development Approach,,eng,1.0000,9780674050549,Belknap Press,"Mar 31, 2011",256,8481284,VALID_COVER,331,500,JPEG,data/cache/en-mass-editorial-engine/covers/EN-OL26820157M.jpeg,NO,NO,167.0000,201.0000,AUTO_ACCEPT,Strong author/title/language match and validated physical cover.,SELECTED,,RECOVERED,OPEN_LIBRARY_EDITION:number_of_pages,NO,1
EN,ESSAYS_PHILOSOPHY,Martha Nussbaum,1,7,10,/works/OL2112550W,Cultivating humanity,Martha Nussbaum,1.0000,1997,/books/OL1012540M,Cultivating humanity,a classical defense of reform in liberal education,eng,1.0000,067417948X,Harvard University Press,1997,328,413020,VALID_COVER,331,500,JPEG,data/cache/en-mass-editorial-engine/covers/EN-OL1012540M.jpeg,NO,NO,167.0000,201.0000,AUTO_ACCEPT,Strong author/title/language match and validated physical cover.,SELECTED,,RECOVERED,OPEN_LIBRARY_EDITION:number_of_pages,NO,1
EN,ESSAYS_PHILOSOPHY,Peter Singer,1,7,10,/works/OL18650220W,A companion to bioethics,Helga Kuhse | Peter Singer,1.0000,2008,/books/OL23170291M,A companion to bioethics,,eng,1.0000,9781405163316,Wiley,2009,622,8630250,VALID_COVER,345,500,JPEG,data/cache/en-mass-editorial-engine/covers/EN-OL23170291M.jpeg,NO,NO,167.0000,201.0000,AUTO_ACCEPT,Strong author/title/language match and validated physical cover.,SELECTED,,RECOVERED,OPEN_LIBRARY_EDITION:number_of_pages,NO,1
EN,ESSAYS_PHILOSOPHY,Peter Singer,1,7,10,/works/OL15159512W,A Companion to ethics,Peter Singer,1.0000,1991,/books/OL1865442M,A Companion to ethics,,eng,1.0000,0631162119,Blackwell Reference,1991,565,4028292,VALID_COVER,128,184,JPEG,data/cache/en-mass-editorial-engine/covers/EN-OL1865442M.jpeg,NO,NO,167.0000,201.0000,AUTO_ACCEPT,Strong author/title/language match and validated physical cover.,SELECTED,,RECOVERED,OPEN_LIBRARY_EDITION:number_of_pages,NO,1
EN,ESSAYS_PHILOSOPHY,Peter Singer,1,7,10,/works/OL936808W,A Darwinian Left,Peter Singer,1.0000,2000,/books/OL9597602M,A Darwinian Left,"Politics, Evolution, and Cooperation",eng,1.0000,9780300083231,Yale University Press,April 2000,64,161248,VALID_COVER,268,475,JPEG,data/cache/en-mass-editorial-engine/covers/EN-OL9597602M.jpeg,NO,NO,167.0000,201.0000,AUTO_ACCEPT,Strong author/title/language match and validated physical cover.,SELECTED,,RECOVERED,OPEN_LIBRARY_EDITION:number_of_pages,NO,1
EN,ESSAYS_PHILOSOPHY,Peter Singer,1,7,10,/works/OL936839W,Animal Liberation,Peter Singer,1.0000,1976,/books/OL23120569M,Animal Liberation,The Definitive Classic of the Animal Rights Movement,eng,1.0000,9780061711305,Harpercollins,2009,384,12775038,VALID_COVER,302,500,JPEG,data/cache/en-mass-editorial-engine/covers/EN-OL23120569M.jpeg,NO,NO,167.0000,201.0000,AUTO_ACCEPT,Strong author/title/language match and validated physical cover.,SELECTED,,RECOVERED,OPEN_LIBRARY_EDITION:number_of_pages,NO,1
EN,ESSAYS_PHILOSOPHY,Peter Singer,1,7,10,/works/OL34097276W,Animal Liberation Now,Peter Singer | Yuval Noah Harari,1.0000,2023,/books/OL46179141M,Animal Liberation Now,The Definitive Classic Renewed,eng,1.0000,9780063335981,HarperCollins Publishers,2023,320,14333237,VALID_COVER,332,500,JPEG,data/cache/en-mass-editorial-engine/covers/EN-OL46179141M.jpeg,NO,NO,167.0000,201.0000,AUTO_ACCEPT,Strong author/title/language match and validated physical cover.,SELECTED,,RECOVERED,OPEN_LIBRARY_EDITION:pagination,NO,1
EN,ESSAYS_PHILOSOPHY,Peter Singer,1,7,10,/works/OL17943073W,Animal rights and human obligations,Tom Regan | Peter Singer,1.0000,1976,/books/OL5204288M,Animal rights and human obligations,,eng,1.0000,0130375314,Prentice-Hall,1976,250,10054957,VALID_COVER,294,500,JPEG,data/cache/en-mass-editorial-engine/covers/EN-OL5204288M.jpeg,NO,NO,167.0000,201.0000,AUTO_ACCEPT,Strong author/title/language match and validated physical cover.,SELECTED,,RECOVERED,OPEN_LIBRARY_EDITION:number_of_pages,NO,1
EN,ESSAYS_PHILOSOPHY,Peter Singer,1,7,10,/works/OL19440832W,Applied ethics,Peter Singer,1.0000,1986,/books/OL2722761M,Applied ethics,,eng,1.0000,0198750676,Oxford University Press,1986,264,132333,VALID_COVER,309,475,JPEG,data/cache/en-mass-editorial-engine/covers/EN-OL2722761M.jpeg,NO,NO,167.0000,201.0000,AUTO_ACCEPT,Strong author/title/language match and validated physical cover.,SELECTED,,RECOVERED,OPEN_LIBRARY_EDITION:number_of_pages,NO,1
EN,ESSAYS_PHILOSOPHY,Rebecca Solnit,1,7,10,/works/OL12439W,A book of migrations,Rebecca Solnit | Dawn Harvey,1.0000,1997,/books/OL1013554M,A book of migrations,some passages in Ireland,eng,1.0000,1859848850,Verso,1997,184,914075,VALID_COVER,312,475,JPEG,data/cache/en-mass-editorial-engine/covers/EN-OL1013554M.jpeg,NO,NO,167.0000,201.0000,AUTO_ACCEPT,Strong author/title/language match and validated physical cover.,SELECTED,,RECOVERED,OPEN_LIBRARY_EDITION:number_of_pages,NO,1
EN,ESSAYS_PHILOSOPHY,Rebecca Solnit,1,7,10,/works/OL15273769W,A California Bestiary,Rebecca Solnit,1.0000,2010,/books/OL24487137M,A California bestiary,,eng,1.0000,9781597141253,Heyday Books,2010,64,15171891,VALID_COVER,332,500,JPEG,data/cache/en-mass-editorial-engine/covers/EN-OL24487137M.jpeg,NO,NO,167.0000,201.0000,AUTO_ACCEPT,Strong author/title/language match and validated physical cover.,SELECTED,,RECOVERED,OPEN_LIBRARY_EDITION:number_of_pages,NO,1
EN,ESSAYS_PHILOSOPHY,Rebecca Solnit,1,7,10,/works/OL15273770W,A Field Guide to Getting Lost,Rebecca Solnit,1.0000,2005,/books/OL3310833M,A Field Guide to Getting Lost,,eng,1.0000,0670034215,Viking,2005,209,400552,VALID_COVER,331,500,JPEG,data/cache/en-mass-editorial-engine/covers/EN-OL3310833M.jpeg,NO,NO,167.0000,201.0000,AUTO_ACCEPT,Strong author/title/language match and validated physical cover.,SELECTED,,RECOVERED,OPEN_LIBRARY_EDITION:number_of_pages,NO,1
EN,ESSAYS_PHILOSOPHY,Rebecca Solnit,1,7,10,/works/OL15273775W,A paradise built in hell,Rebecca Solnit | Emily Beresford | David Muñoz Mateos,1.0000,2009,/books/OL23079521M,A paradise built in hell,the extraordinary communities and strange joys that arise in disasters,eng,1.0000,9780670021079,Viking,2009,368,9263367,VALID_COVER,317,500,JPEG,data/cache/en-mass-editorial-engine/covers/EN-OL23079521M.jpeg,NO,NO,167.0000,201.0000,AUTO_ACCEPT,Strong author/title/language match and validated physical cover.,SELECTED,,RECOVERED,OPEN_LIBRARY_EDITION:number_of_pages,NO,1
EN,ESSAYS_PHILOSOPHY,Rebecca Solnit,1,7,10,/works/OL15273766W,Ann Hamilton: Sao Paulo/Seattle,Rebecca Solnit,1.0000,1992,/books/OL11503082M,Ann Hamilton: Sao Paulo/Seattle,A Document of Two Installations,eng,1.0000,9780935558296,Henry Art Gallery,August 1992,64,5141676,VALID_COVER,128,180,JPEG,data/cache/en-mass-editorial-engine/covers/EN-OL11503082M.jpeg,NO,NO,167.0000,201.0000,AUTO_ACCEPT,Strong author/title/language match and validated physical cover.,SELECTED,,RECOVERED,OPEN_LIBRARY_EDITION:number_of_pages,NO,1
EN,ESSAYS_PHILOSOPHY,Rebecca Solnit,1,7,10,/works/OL15273767W,As Eve Said to the Serpent,Rebecca Solnit,1.0000,2001,/books/OL15355121M,As Eve Said to the Serpent,"On Landscape, Gender, and Art",eng,1.0000,9780820322155,University of Georgia Press,2001,234,8333229,VALID_COVER,397,475,JPEG,data/cache/en-mass-editorial-engine/covers/EN-OL15355121M.jpeg,NO,NO,167.0000,201.0000,AUTO_ACCEPT,Strong author/title/language match and validated physical cover.,SELECTED,,RECOVERED,OPEN_LIBRARY_EDITION:number_of_pages,NO,1
EN,ESSAYS_PHILOSOPHY,Rebecca Solnit,1,7,10,/works/OL21351118W,Best American Essays 2019,Rebecca Solnit | Robert Atwan | Michelle Alexander,1.0000,2019,/books/OL28919698M,Best American Essays 2019,,eng,1.0000,9781328465801,Mariner Books,2019,288,14826789,VALID_COVER,333,500,JPEG,data/cache/en-mass-editorial-engine/covers/EN-OL28919698M.jpeg,NO,NO,167.0000,201.0000,AUTO_ACCEPT,Strong author/title/language match and validated physical cover.,SELECTED,,RECOVERED,OPEN_LIBRARY_EDITION:number_of_pages,NO,1
EN,ESSAYS_PHILOSOPHY,Susan Sontag,1,7,10,/works/OL496466W,A Susan Sontag reader,Susan Sontag,1.0000,1982,/books/OL3489546M,A Susan Sontag reader,,eng,1.0000,0374272158,"Farrar, Straus, Giroux",1982,446,12904788,VALID_COVER,292,500,JPEG,data/cache/en-mass-editorial-engine/covers/EN-OL3489546M.jpeg,NO,NO,167.0000,201.0000,AUTO_ACCEPT,Strong author/title/language match and validated physical cover.,SELECTED,,RECOVERED,OPEN_LIBRARY_EDITION:number_of_pages,NO,1
EN,ESSAYS_PHILOSOPHY,Susan Sontag,1,7,10,/works/OL496468W,AIDS and its metaphors,Susan Sontag,1.0000,1979,/books/OL2044258M,AIDS and its metaphors,,eng,1.0000,0374102570,"Farrar, Straus and Giroux",1989,95,6381744,VALID_COVER,320,500,JPEG,data/cache/en-mass-editorial-engine/covers/EN-OL2044258M.jpeg,NO,NO,167.0000,201.0000,AUTO_ACCEPT,Strong author/title/language match and validated physical cover.,SELECTED,,RECOVERED,OPEN_LIBRARY_EDITION:number_of_pages,NO,1
EN,ESSAYS_PHILOSOPHY,Susan Sontag,1,7,10,/works/OL496462W,Alice in Bed,Susan Sontag,1.0000,1993,/books/OL1440035M,Alice in bed,a play in eight scenes,eng,1.0000,0374523851,Farrar Straus Giroux,1993,117,224850,VALID_COVER,292,475,JPEG,data/cache/en-mass-editorial-engine/covers/EN-OL1440035M.jpeg,NO,NO,167.0000,201.0000,AUTO_ACCEPT,Strong author/title/language match and validated physical cover.,SELECTED,,RECOVERED,OPEN_LIBRARY_EDITION:number_of_pages,NO,1
EN,ESSAYS_PHILOSOPHY,Susan Sontag,1,7,10,/works/OL21366700W,Antonin Artaud,Antonin Artaud | Susan Sontag,1.0000,1992,/books/OL28942447M,Antonin Artaud,Selected Writings,eng | fre,1.0000,9780520064430,University of California Press,1992,736,13884731,VALID_COVER,333,500,JPEG,data/cache/en-mass-editorial-engine/covers/EN-OL28942447M.jpeg,NO,NO,167.0000,201.0000,AUTO_ACCEPT,Strong author/title/language match and validated physical cover.,SELECTED,,RECOVERED,OPEN_LIBRARY_EDITION:number_of_pages,NO,1
EN,ESSAYS_PHILOSOPHY,Susan Sontag,1,7,10,/works/OL16215468W,As consciousness is harnessed to flesh,Susan Sontag,1.0000,2012,/books/OL25078364M,As consciousness is harnessed to flesh,"journals and notebooks, 1964-1980",eng,1.0000,9780374100766,"Farrar, Straus and Giroux",2012,523,11348796,VALID_COVER,316,500,JPEG,data/cache/en-mass-editorial-engine/covers/EN-OL25078364M.jpeg,NO,NO,167.0000,201.0000,AUTO_ACCEPT,Strong author/title/language match and validated physical cover.,SELECTED,,RECOVERED,OPEN_LIBRARY_EDITION:number_of_pages,NO,1
EN,ESSAYS_PHILOSOPHY,Susan Sontag,1,7,10,/works/OL496463W,At the same time,Susan Sontag,1.0000,2007,/books/OL22752282M,At the same time,essays and speeches,eng,1.0000,9780374100728,"Farrar, Straus, and Giroux",2007,235,7119390,VALID_COVER,293,500,JPEG,data/cache/en-mass-editorial-engine/covers/EN-OL22752282M.jpeg,NO,NO,167.0000,201.0000,AUTO_ACCEPT,Strong author/title/language match and validated physical cover.,SELECTED,,RECOVERED,OPEN_LIBRARY_EDITION:number_of_pages,NO,1
EN,ESSAYS_PHILOSOPHY,Susan Sontag,1,7,10,/works/OL496424W,Conversations with Susan Sontag,Susan Sontag,1.0000,1995,/books/OL786724M,Conversations with Susan Sontag,,eng,1.0000,0878058338,University Press of Mississippi,1995,287,672477,VALID_COVER,285,475,JPEG,data/cache/en-mass-editorial-engine/covers/EN-OL786724M.jpeg,NO,NO,167.0000,201.0000,AUTO_ACCEPT,Strong author/title/language match and validated physical cover.,SELECTED,,RECOVERED,OPEN_LIBRARY_EDITION:number_of_pages,NO,1
EN,GRAPHIC,Alan Moore,1,8,12,/works/OL2897778W,"25,000 years of erotic freedom",Alan Moore,1.0000,2009,/books/OL23192359M,"25,000 years of erotic freedom",,eng,1.0000,9780810948464,Harry N. Abrams,2009,,14637890,VALID_COVER,339,500,JPEG,data/cache/en-mass-editorial-engine/covers/EN-OL23192359M.jpeg,NO,NO,167.0000,201.0000,AUTO_ACCEPT,Strong author/title/language match and validated physical cover.,SELECTED,,NO_PAGE_COUNT,,NO,1
EN,GRAPHIC,Alan Moore,1,8,12,/works/OL4381024W,Alan Moore,Alan Moore,1.0000,2007,/books/OL9538846M,Alan Moore,The Complete WildC. A. T.s (Wildcats),eng,1.0000,9781401215453,Wildstorm,"August 1, 2007",392,1729502,VALID_COVER,327,500,JPEG,data/cache/en-mass-editorial-engine/covers/EN-OL9538846M.jpeg,NO,NO,167.0000,201.0000,AUTO_ACCEPT,Strong author/title/language match and validated physical cover.,SELECTED,,RECOVERED,OPEN_LIBRARY_EDITION:number_of_pages,NO,1
EN,GRAPHIC,Alan Moore,1,8,12,/works/OL2897779W,Alan Moore on his work and career,Alan Moore,1.0000,2008,/books/OL17563970M,Alan Moore on his work and career,,eng,1.0000,9781404210776,Rosen Pub.,2008,,5376888,VALID_COVER,128,199,JPEG,data/cache/en-mass-editorial-engine/covers/EN-OL17563970M.jpeg,NO,NO,167.0000,201.0000,AUTO_ACCEPT,Strong author/title/language match and validated physical cover.,SELECTED,,NO_PAGE_COUNT,,NO,1
EN,GRAPHIC,Alan Moore,1,8,12,/works/OL4381083W,Alan Moore's Yuggoth Cultures and Other Growths,Alan Moore,1.0000,1997,/books/OL12379962M,Alan Moore's Yuggoth Cultures and Other Growths,,eng,1.0000,9781592910267,Avatar Press,"April 1, 2006",312,2957938,VALID_COVER,500,380,JPEG,data/cache/en-mass-editorial-engine/covers/EN-OL12379962M.jpeg,NO,NO,167.0000,201.0000,AUTO_ACCEPT,Strong author/title/language match and validated physical cover.,SELECTED,,RECOVERED,OPEN_LIBRARY_EDITION:number_of_pages,NO,1
EN,GRAPHIC,Alan Moore,1,8,12,/works/OL2897789W,Batman,Alan Moore | Brian Bolland | John Higgins | Richard Starkings,1.0000,1988,/books/OL44808689M,Batman,The Killing Joke,eng,1.0000,9781845767723,Titan,2008-04-25,70,14485564,VALID_COVER,312,500,JPEG,data/cache/en-mass-editorial-engine/covers/EN-OL44808689M.jpeg,NO,NO,167.0000,201.0000,AUTO_ACCEPT,Strong author/title/language match and validated physical cover.,SELECTED,,RECOVERED,OPEN_LIBRARY_EDITION:number_of_pages,NO,1
EN,GRAPHIC,Alan Moore,1,8,12,/works/OL21125343W,Batman Noir the Killing Joke,Alan Moore | Brian Bolland,1.0000,2016,/books/OL28595865M,Batman Noir the Killing Joke,,eng,1.0000,9781401263645,DC Comics,2016,112,12926724,VALID_COVER,316,500,JPEG,data/cache/en-mass-editorial-engine/covers/EN-OL28595865M.jpeg,NO,NO,167.0000,201.0000,AUTO_ACCEPT,Strong author/title/language match and validated physical cover.,SELECTED,,RECOVERED,OPEN_LIBRARY_EDITION:number_of_pages,NO,1
EN,GRAPHIC,Alan Moore,1,8,12,/works/OL4381034W,DC Universe,Alan Moore,1.0000,2006,/books/OL25379207M,DC universe,,eng,1.0000,9781401233396,DC Comics,2012,464,13850913,VALID_COVER,328,500,JPEG,data/cache/en-mass-editorial-engine/covers/EN-OL25379207M.jpeg,NO,NO,167.0000,201.0000,AUTO_ACCEPT,Strong author/title/language match and validated physical cover.,SELECTED,,RECOVERED,OPEN_LIBRARY_EDITION:number_of_pages,NO,1
EN,GRAPHIC,Alan Moore,1,8,12,/works/OL2897795W,From hell,Alan Moore | Eddie Campbell,1.0000,1991,/books/OL3705776M,From hell,being a melodrama in sixteen parts /c [written by Alan Moore and drawn by Eddie Campbell].,eng,1.0000,0878162860,"Mad Love Pub. in association with Kitchen Sink Press, Inc.",1993,8,12739569,VALID_COVER,312,500,JPEG,data/cache/en-mass-editorial-engine/covers/EN-OL3705776M.jpeg,NO,NO,167.0000,201.0000,AUTO_ACCEPT,Strong author/title/language match and validated physical cover.,SELECTED,,RECOVERED,OPEN_LIBRARY_EDITION:number_of_pages,NO,1
EN,GRAPHIC,Alison Bechdel,1,5,8,/works/OL16558612W,Are you my mother?,Alison Bechdel,1.0000,2012,/books/OL25247569M,Are you my mother?,a comic drama,eng,1.0000,9780618982509,Houghton Mifflin Harcourt,2012,,7246401,VALID_COVER,351,500,JPEG,data/cache/en-mass-editorial-engine/covers/EN-OL25247569M.jpeg,NO,NO,167.0000,201.0000,AUTO_ACCEPT,Strong author/title/language match and validated physical cover.,SELECTED,,NO_PAGE_COUNT,,NO,1
EN,GRAPHIC,Alison Bechdel,1,5,8,/works/OL1835944W,Dykes and sundry other carbon-based life-forms to watch out for,Alison Bechdel,1.0000,2003,/books/OL3687394M,Dykes and sundry other carbon-based life-forms to watch out for,,eng,1.0000,1555838286,Alyson Books,2003,154,775831,VALID_COVER,500,323,JPEG,data/cache/en-mass-editorial-engine/covers/EN-OL3687394M.jpeg,NO,NO,167.0000,201.0000,AUTO_ACCEPT,Strong author/title/language match and validated physical cover.,SELECTED,,RECOVERED,OPEN_LIBRARY_EDITION:number_of_pages,NO,1
EN,GRAPHIC,Alison Bechdel,1,5,8,/works/OL1835957W,Fun Home,Alison Bechdel,1.0000,2000,/books/OL7606540M,Fun Home,A Family Tragicomic,eng,1.0000,9780618871711,Houghton Mifflin Company,2007,232,15167474,VALID_COVER,309,500,JPEG,data/cache/en-mass-editorial-engine/covers/EN-OL7606540M.jpeg,NO,NO,167.0000,201.0000,AUTO_ACCEPT,Strong author/title/language match and validated physical cover.,SELECTED,,RECOVERED,OPEN_LIBRARY_EDITION:number_of_pages,NO,1
EN,GRAPHIC,Alison Bechdel,1,5,8,/works/OL1835951W,Invasion of the dykes to watch out for,Alison Bechdel,1.0000,2005,/books/OL3426055M,Invasion of the dykes to watch out for,,eng,1.0000,1555838332,Alyson Books,2005,160,775835,VALID_COVER,500,330,JPEG,data/cache/en-mass-editorial-engine/covers/EN-OL3426055M.jpeg,NO,NO,167.0000,201.0000,AUTO_ACCEPT,Strong author/title/language match and validated physical cover.,SELECTED,,RECOVERED,OPEN_LIBRARY_EDITION:number_of_pages,NO,1
EN,GRAPHIC,Alison Bechdel,1,5,8,/works/OL1835952W,More dykes to watch out for,Alison Bechdel,1.0000,1988,/books/OL2031310M,More dykes to watch out for,,eng,1.0000,093237946X,Firebrand Books,1988,108,15138335,VALID_COVER,500,321,JPEG,data/cache/en-mass-editorial-engine/covers/EN-OL2031310M.jpeg,NO,NO,167.0000,201.0000,AUTO_ACCEPT,Strong author/title/language match and validated physical cover.,SELECTED,,RECOVERED,OPEN_LIBRARY_EDITION:number_of_pages,NO,1
EN,GRAPHIC,Art Spiegelman,1,5,8,/works/OL17493601W,Be A Nose Three Sketchbooks,Art Spiegelman,1.0000,2009,/books/OL26080754M,Be A Nose Three Sketchbooks,,eng,1.0000,9781934781142,McSweeney's Books,2009,,7688979,VALID_COVER,278,400,JPEG,data/cache/en-mass-editorial-engine/covers/EN-OL26080754M.jpeg,NO,NO,167.0000,201.0000,AUTO_ACCEPT,Strong author/title/language match and validated physical cover.,SELECTED,,NO_PAGE_COUNT,,NO,1
EN,GRAPHIC,Art Spiegelman,1,5,8,/works/OL2056815W,Breakdowns,Art Spiegelman,1.0000,1977,/books/OL16491037M,Breakdowns,portrait of the artist as a young %@[squiggle][star]!,eng,1.0000,9780375423956,Pantheon Books,2008,,6255899,VALID_COVER,333,500,JPEG,data/cache/en-mass-editorial-engine/covers/EN-OL16491037M.jpeg,NO,NO,167.0000,201.0000,AUTO_ACCEPT,Strong author/title/language match and validated physical cover.,SELECTED,,NO_PAGE_COUNT,,NO,1
EN,GRAPHIC,Art Spiegelman,1,5,8,/works/OL17583063W,Comix A Retrospective Of Comics Graphics And Scraps,Art Spiegelman,1.0000,2013,/books/OL26186228M,Comix A Retrospective Of Comics Graphics And Scraps,,eng,1.0000,9781770461147,Drawn and Quarterly,2013,136,7866833,VALID_COVER,282,400,JPEG,data/cache/en-mass-editorial-engine/covers/EN-OL26186228M.jpeg,NO,NO,167.0000,201.0000,AUTO_ACCEPT,Strong author/title/language match and validated physical cover.,SELECTED,,RECOVERED,OPEN_LIBRARY_EDITION:number_of_pages,NO,1
EN,GRAPHIC,Art Spiegelman,1,5,8,/works/OL2923625W,Dr. Seuss Goes to War,Dr. Seuss | Richard H. Minear | Art Spiegelman,1.0000,2001,/books/OL3732014M,Dr. Seuss Goes to War,The World War II Editorial Cartoons of Theodor Seuss Geisel,eng,1.0000,1565847040,New Press,"September 1, 2001",272,805201,VALID_COVER,437,475,JPEG,data/cache/en-mass-editorial-engine/covers/EN-OL3732014M.jpeg,NO,NO,167.0000,201.0000,AUTO_ACCEPT,Strong author/title/language match and validated physical cover.,SELECTED,,RECOVERED,OPEN_LIBRARY_EDITION:number_of_pages,NO,1
EN,GRAPHIC,Art Spiegelman,1,5,8,/works/OL2056812W,In the Shadow of No Towers,Art Spiegelman,1.0000,2004,/books/OL23272807M,In the shadow of no towers,,eng,1.0000,0375423079,Pantheon Books,2004,14,10582668,VALID_COVER,345,500,JPEG,data/cache/en-mass-editorial-engine/covers/EN-OL23272807M.jpeg,NO,NO,167.0000,201.0000,AUTO_ACCEPT,Strong author/title/language match and validated physical cover.,SELECTED,,RECOVERED,OPEN_LIBRARY_EDITION:number_of_pages,NO,1
EN,GRAPHIC,Chris Ware,1,5,8,/works/OL37887878W,Acme Novelty Datebook Volume Three,Chris Ware,1.0000,2024,/books/OL51145255M,Acme Novelty Datebook Volume Three,Sketches and diary pages in facsimile 2002-2023,eng,1.0000,9781770467347,Drawn & Quarterly,13 de noviembre 2024,208,15138242,VALID_COVER,328,500,JPEG,data/cache/en-mass-editorial-engine/covers/EN-OL51145255M.jpeg,NO,NO,167.0000,201.0000,AUTO_ACCEPT,Strong author/title/language match and validated physical cover.,SELECTED,,RECOVERED,OPEN_LIBRARY_EDITION:number_of_pages,NO,1
EN,GRAPHIC,Chris Ware,1,5,8,/works/OL2841422W,Acme Novelty Datebook Volume Two,Chris Ware,1.0000,2007,/books/OL9323942M,Acme Novelty Datebook Volume Two,Sketches and diary pages in facsimile 1995 - 2002,eng,1.0000,9781897299180,Drawn & Quarterly,30 de noviembre 2007,208,2102052,VALID_COVER,332,500,JPEG,data/cache/en-mass-editorial-engine/covers/EN-OL9323942M.jpeg,NO,NO,167.0000,201.0000,AUTO_ACCEPT,Strong author/title/language match and validated physical cover.,SELECTED,,RECOVERED,OPEN_LIBRARY_EDITION:number_of_pages,NO,1
EN,GRAPHIC,Chris Ware,1,5,8,/works/OL2841426W,ACME Novelty Library #17 (Acme Novelty Library),Chris Ware,1.0000,2006,/books/OL8727175M,ACME Novelty Library #17 (Acme Novelty Library),,eng,1.0000,9781897299029,ACME Novelty Library,"November 28, 2006",64,945158,VALID_COVER,475,457,JPEG,data/cache/en-mass-editorial-engine/covers/EN-OL8727175M.jpeg,NO,NO,167.0000,201.0000,AUTO_ACCEPT,Strong author/title/language match and validated physical cover.,SELECTED,,RECOVERED,OPEN_LIBRARY_EDITION:number_of_pages,NO,1
EN,GRAPHIC,Chris Ware,1,5,8,/works/OL2841427W,Acme Novelty Library #18,Chris Ware,1.0000,2007,/books/OL9388037M,Acme Novelty Library #18,,eng,1.0000,9781897299173,Drawn & Quarterly,"December 10, 2007",56,2102051,VALID_COVER,334,500,JPEG,data/cache/en-mass-editorial-engine/covers/EN-OL9388037M.jpeg,NO,NO,167.0000,201.0000,AUTO_ACCEPT,Strong author/title/language match and validated physical cover.,SELECTED,,RECOVERED,OPEN_LIBRARY_EDITION:number_of_pages,NO,1
EN,GRAPHIC,Chris Ware,1,5,8,/works/OL19714944W,Along the lines,Chris Ware | Saul Steinberg,1.0000,2017,/books/OL26928080M,Along the lines,selected drawings by Saul Steinberg,eng,1.0000,9780300226362,ART INSTITUTE OF CHICAGO,2017,72,13822429,VALID_COVER,500,419,JPEG,data/cache/en-mass-editorial-engine/covers/EN-OL26928080M.jpeg,NO,NO,167.0000,201.0000,AUTO_ACCEPT,Strong author/title/language match and validated physical cover.,SELECTED,,RECOVERED,OPEN_LIBRARY_EDITION:number_of_pages,NO,1
EN,GRAPHIC,Chris Ware,1,5,8,/works/OL2841429W,"Floyd Farland, citizen of the future",Chris Ware,1.0000,1987,/books/OL8321396M,"Floyd Farland, citizen of the future",,eng,1.0000,9780913035214,Eclipse Books,1987,43,9568683,VALID_COVER,500,386,JPEG,data/cache/en-mass-editorial-engine/covers/EN-OL8321396M.jpeg,NO,NO,167.0000,201.0000,AUTO_ACCEPT,Strong author/title/language match and validated physical cover.,SELECTED,PROMOTED_FROM_VALIDATED_RESERVE,RECOVERED,OPEN_LIBRARY_EDITION:number_of_pages,NO,1
EN,GRAPHIC,Marjane Satrapi,1,5,8,/works/OL5735190W,Monsters Are Afraid of the Moon,Marjane Satrapi,1.0000,2006,/books/OL8786522M,Monsters Are Afraid of the Moon,,eng,1.0000,9781582347448,Bloomsbury USA Children's Books,"September 5, 2006",32,844337,VALID_COVER,363,500,JPEG,data/cache/en-mass-editorial-engine/covers/EN-OL8786522M.jpeg,NO,NO,167.0000,201.0000,AUTO_ACCEPT,Strong author/title/language match and validated physical cover.,SELECTED,,RECOVERED,OPEN_LIBRARY_EDITION:number_of_pages,NO,1
EN,HISTORY_SOCIETY,Anne Applebaum,1,7,10,/works/OL37834401W,"Autocracy, Inc.",Anne Applebaum,1.0000,2024,/books/OL51439739M,"Autocracy, Inc.",The Dictators Who Want to Run the World,eng,1.0000,9798217014323,Diversified Publishing,2024,358,14819767,VALID_COVER,302,450,JPEG,data/cache/en-mass-editorial-engine/covers/EN-OL51439739M.jpeg,NO,NO,167.0000,201.0000,AUTO_ACCEPT,Strong author/title/language match and validated physical cover.,SELECTED,,RECOVERED,OPEN_LIBRARY_EDITION:pagination,NO,1
EN,HISTORY_SOCIETY,Anne Applebaum,1,7,10,/works/OL3460652W,Between East and West,Anne Applebaum,1.0000,1994,/books/OL10553544M,Between East and West,Across the Borderlands of Europe,eng,1.0000,9780333641699,Papermac,1995,320,2390127,VALID_COVER,292,475,JPEG,data/cache/en-mass-editorial-engine/covers/EN-OL10553544M.jpeg,NO,NO,167.0000,201.0000,AUTO_ACCEPT,Strong author/title/language match and validated physical cover.,SELECTED,,RECOVERED,OPEN_LIBRARY_EDITION:number_of_pages,NO,1
EN,HISTORY_SOCIETY,Anne Applebaum,1,7,10,/works/OL17462271W,From A Polish Country House Kitchen 90 Recipes For The Ultimate Comfort Food,Anne Applebaum | Danielle Crittenden,1.0000,2012,/books/OL35775005M,From a Polish Country House Kitchen,90 Recipes for the Ultimate Comfort Food,eng,1.0000,9781452124254,Chronicle Books LLC,2012,296,14578782,VALID_COVER,401,500,JPEG,data/cache/en-mass-editorial-engine/covers/EN-OL35775005M.jpeg,NO,NO,167.0000,201.0000,AUTO_ACCEPT,Strong author/title/language match and validated physical cover.,SELECTED,,RECOVERED,OPEN_LIBRARY_EDITION:pagination,NO,1
EN,HISTORY_SOCIETY,Anne Applebaum,1,7,10,/works/OL3460650W,Gulag,Anne Applebaum,1.0000,2003,/books/OL8362778M,Gulag,A History,eng,1.0000,9781400034093,Anchor,"April 9, 2004",736,745000,VALID_COVER,308,475,JPEG,data/cache/en-mass-editorial-engine/covers/EN-OL8362778M.jpeg,NO,NO,167.0000,201.0000,AUTO_ACCEPT,Strong author/title/language match and validated physical cover.,SELECTED,,RECOVERED,OPEN_LIBRARY_EDITION:number_of_pages,NO,1
EN,HISTORY_SOCIETY,Anne Applebaum,1,7,10,/works/OL15572224W,Gulag Voices,Anne Applebaum | Otto Kernberg,1.0000,2000,/books/OL24524736M,Gulag Voices,An Anthology,eng,1.0000,9780300153200,Yale University Press,2011,195,14578764,VALID_COVER,328,500,JPEG,data/cache/en-mass-editorial-engine/covers/EN-OL24524736M.jpeg,NO,NO,167.0000,201.0000,AUTO_ACCEPT,Strong author/title/language match and validated physical cover.,SELECTED,,RECOVERED,OPEN_LIBRARY_EDITION:number_of_pages,NO,1
EN,HISTORY_SOCIETY,Anne Applebaum,1,7,10,/works/OL16681693W,Iron Curtain,Anne Applebaum,1.0000,2012,/books/OL25355749M,Iron Curtain,The Crushing of Eastern Europe 1944-56,eng,1.0000,9780385515696,Doubleday,2012,566,8260268,VALID_COVER,331,500,JPEG,data/cache/en-mass-editorial-engine/covers/EN-OL25355749M.jpeg,NO,NO,167.0000,201.0000,AUTO_ACCEPT,Strong author/title/language match and validated physical cover.,SELECTED,,RECOVERED,OPEN_LIBRARY_EDITION:number_of_pages,NO,1
EN,HISTORY_SOCIETY,Eric Hobsbawm,1,10,15,/works/OL495601W,1968 Magnum Throughout the World,Eric Hobsbawm,1.0000,1998,/books/OL8944129M,1968 Magnum Throughout the World,,eng,1.0000,9782850255885,Distributed Art Publishers (DAP),February 1998,267,990195,VALID_COVER,350,475,JPEG,data/cache/en-mass-editorial-engine/covers/EN-OL8944129M.jpeg,NO,NO,167.0000,201.0000,AUTO_ACCEPT,Strong author/title/language match and validated physical cover.,SELECTED,,RECOVERED,OPEN_LIBRARY_EDITION:number_of_pages,NO,1
EN,HISTORY_SOCIETY,Eric Hobsbawm,1,10,15,/works/OL495652W,Bandits,Eric Hobsbawm,1.0000,1969,/books/OL4095811M,Bandits,,eng,1.0000,0394748506,Pantheon Books,1981,181,8621443,VALID_COVER,311,500,JPEG,data/cache/en-mass-editorial-engine/covers/EN-OL4095811M.jpeg,NO,NO,167.0000,201.0000,AUTO_ACCEPT,Strong author/title/language match and validated physical cover.,SELECTED,,RECOVERED,OPEN_LIBRARY_EDITION:number_of_pages,NO,1
EN,HISTORY_SOCIETY,Eric Hobsbawm,1,10,15,/works/OL495604W,Behind the Times,Eric Hobsbawm,1.0000,1999,/books/OL7654882M,Behind the Times,The Decline and Fall of the Twentieth-Century Avant Gardes,eng,1.0000,9780500550311,Thames & Hudson,"April 1, 1999",48,317270,VALID_COVER,347,475,JPEG,data/cache/en-mass-editorial-engine/covers/EN-OL7654882M.jpeg,NO,NO,167.0000,201.0000,AUTO_ACCEPT,Strong author/title/language match and validated physical cover.,SELECTED,,RECOVERED,OPEN_LIBRARY_EDITION:number_of_pages,NO,1
EN,HISTORY_SOCIETY,Eric Hobsbawm,1,10,15,/works/OL495657W,Captain Swing,Eric Hobsbawm | George Rudé | Marísa González de Oleaga | Jesús Izquierdo Martín | Ofelia Castillo | Saúl Martínez | Julián Casanova | Marísa González de Oleaga,1.0000,1968,/books/OL14951818M,Captain Swing,,eng,1.0000,0140551530,Penguin,1985,379,11390437,VALID_COVER,312,500,JPEG,data/cache/en-mass-editorial-engine/covers/EN-OL14951818M.jpeg,NO,NO,167.0000,201.0000,AUTO_ACCEPT,Strong author/title/language match and validated physical cover.,SELECTED,,RECOVERED,OPEN_LIBRARY_EDITION:number_of_pages,NO,1
EN,HISTORY_SOCIETY,Eric Hobsbawm,1,10,15,/works/OL18230041W,"Culture, ideology, and politics",Eric Hobsbawm | Raphael Samuel | Gareth Stedman Jones,1.0000,1982,/books/OL3493325M,"Culture, ideology, and politics",essays for Eric Hobsbawm,eng,1.0000,0710094337,Routledge & Kegan Paul,1982,368,4664022,VALID_COVER,128,200,JPEG,data/cache/en-mass-editorial-engine/covers/EN-OL3493325M.jpeg,NO,NO,167.0000,201.0000,AUTO_ACCEPT,Strong author/title/language match and validated physical cover.,SELECTED,,RECOVERED,OPEN_LIBRARY_EDITION:number_of_pages,NO,1
EN,HISTORY_SOCIETY,Eric Hobsbawm,1,10,15,/works/OL495635W,Echoes of the Marseillaise,Eric Hobsbawm,1.0000,1990,/books/OL2216114M,Echoes of the Marseillaise,two centuries look back on the French Revolution,eng,1.0000,0813515238,Rutgers University Press,1990,144,10536783,VALID_COVER,322,500,JPEG,data/cache/en-mass-editorial-engine/covers/EN-OL2216114M.jpeg,NO,NO,167.0000,201.0000,AUTO_ACCEPT,Strong author/title/language match and validated physical cover.,SELECTED,,RECOVERED,OPEN_LIBRARY_EDITION:number_of_pages,NO,1
EN,HISTORY_SOCIETY,Eric Hobsbawm,1,10,15,/works/OL19986437W,Fractured times,Eric Hobsbawm,1.0000,2013,/books/OL31299550M,Fractured times,culture and society in the twentieth century,eng,1.0000,9781408704288,"Little, Brown",2013,319,14326477,VALID_COVER,302,500,JPEG,data/cache/en-mass-editorial-engine/covers/EN-OL31299550M.jpeg,NO,NO,167.0000,201.0000,AUTO_ACCEPT,Strong author/title/language match and validated physical cover.,SELECTED,,RECOVERED,OPEN_LIBRARY_EDITION:number_of_pages,NO,1
EN,HISTORY_SOCIETY,Eric Hobsbawm,1,10,15,/works/OL15938086W,How to change the world,Eric Hobsbawm,1.0000,2011,/books/OL29122125M,How to Change the World,Reflections on Marx and Marxism,eng,1.0000,9780300188202,Yale University Press,2014,480,14476576,VALID_COVER,305,500,JPEG,data/cache/en-mass-editorial-engine/covers/EN-OL29122125M.jpeg,NO,NO,167.0000,201.0000,AUTO_ACCEPT,Strong author/title/language match and validated physical cover.,SELECTED,,RECOVERED,OPEN_LIBRARY_EDITION:number_of_pages,NO,1
EN,HISTORY_SOCIETY,Eric Hobsbawm,1,10,15,/works/OL495658W,Industry and empire,Eric Hobsbawm,1.0000,1968,/books/OL26536298M,Industry and empire,an economic history of Britain since 1750,eng,1.0000,0297760815,Weidenfeld and Nicolson,1968,336,9452962,VALID_COVER,303,500,JPEG,data/cache/en-mass-editorial-engine/covers/EN-OL26536298M.jpeg,NO,NO,167.0000,201.0000,AUTO_ACCEPT,Strong author/title/language match and validated physical cover.,SELECTED,,RECOVERED,OPEN_LIBRARY_EDITION:number_of_pages,NO,1
EN,HISTORY_SOCIETY,Eric Hobsbawm,1,10,15,/works/OL495645W,Interesting times,Eric Hobsbawm,1.0000,2002,/books/OL3578982M,Interesting times,a twentieth-century life,eng,1.0000,037542234X,Pantheon Books,2002,447,226871,VALID_COVER,311,475,JPEG,data/cache/en-mass-editorial-engine/covers/EN-OL3578982M.jpeg,NO,NO,167.0000,201.0000,AUTO_ACCEPT,Strong author/title/language match and validated physical cover.,SELECTED,,RECOVERED,OPEN_LIBRARY_EDITION:number_of_pages,NO,1
EN,HISTORY_SOCIETY,Howard Zinn,1,5,8,/works/OL15288089W,A Gigantic Mistake,Howard Zinn,1.0000,2004,/books/OL8801406M,A Gigantic Mistake,,eng,1.0000,9781930997974,Library Empyreal,"May 28, 2004",204,2119952,VALID_COVER,307,475,JPEG,data/cache/en-mass-editorial-engine/covers/EN-OL8801406M.jpeg,NO,NO,167.0000,201.0000,AUTO_ACCEPT,Strong author/title/language match and validated physical cover.,SELECTED,,RECOVERED,OPEN_LIBRARY_EDITION:number_of_pages,NO,1
EN,HISTORY_SOCIETY,Howard Zinn,1,5,8,/works/OL15288124W,A People’s History of American Empire,Howard Zinn | Mike Konopacki | Paul Buhle | Paul Buhle,1.0000,2008,/books/OL11276166M,A People’s History of American Empire,,eng,1.0000,9780805077797,Metropolitan Books,2008,288,9388537,VALID_COVER,380,500,JPEG,data/cache/en-mass-editorial-engine/covers/EN-OL11276166M.jpeg,NO,NO,167.0000,201.0000,AUTO_ACCEPT,Strong author/title/language match and validated physical cover.,SELECTED,,RECOVERED,OPEN_LIBRARY_EDITION:number_of_pages,NO,1
EN,HISTORY_SOCIETY,Howard Zinn,1,5,8,/works/OL50283W,A People's History of the United States,Howard Zinn | Kathy Emery | Ellen Reeves | Matt Damon | Howard Zinn,1.0000,1980,/books/OL61423016M,a people's history of the united states,,eng,1.0000,9780965607414,harper collins publishers,2003,754,15190793,VALID_COVER,316,500,JPEG,data/cache/en-mass-editorial-engine/covers/EN-OL61423016M.jpeg,NO,NO,167.0000,201.0000,AUTO_ACCEPT,Strong author/title/language match and validated physical cover.,SELECTED,,RECOVERED,OPEN_LIBRARY_EDITION:number_of_pages,NO,1
EN,HISTORY_SOCIETY,Howard Zinn,1,5,8,/works/OL15288106W,A People's History of the Vietnam War,Howard Zinn,1.0000,2004,/books/OL8666887M,A People's History of the Vietnam War,,eng,1.0000,9781565849433,New Press,"September 30, 2004",336,805393,VALID_COVER,323,475,JPEG,data/cache/en-mass-editorial-engine/covers/EN-OL8666887M.jpeg,NO,NO,167.0000,201.0000,AUTO_ACCEPT,Strong author/title/language match and validated physical cover.,SELECTED,,RECOVERED,OPEN_LIBRARY_EDITION:number_of_pages,NO,1
EN,HISTORY_SOCIETY,Howard Zinn,1,5,8,/works/OL50285W,A Power Governments Cannot Suppress,Howard Zinn,1.0000,2006,/books/OL8376074M,A Power Governments Cannot Suppress,,eng,1.0000,9780872864757,City Lights Books,"December 1, 2006",293,663021,VALID_COVER,319,500,JPEG,data/cache/en-mass-editorial-engine/covers/EN-OL8376074M.jpeg,NO,NO,167.0000,201.0000,AUTO_ACCEPT,Strong author/title/language match and validated physical cover.,SELECTED,,RECOVERED,OPEN_LIBRARY_EDITION:number_of_pages,NO,1
EN,HISTORY_SOCIETY,Jill Lepore,1,6,9,/works/OL2625553W,A is for American,Jill Lepore,1.0000,2002,/books/OL7426275M,A Is for American,Letters and Other Characters in the Newly United States,eng,1.0000,9780375704086,Vintage,"February 4, 2003",256,228533,VALID_COVER,121,187,JPEG,data/cache/en-mass-editorial-engine/covers/EN-OL7426275M.jpeg,NO,NO,167.0000,201.0000,AUTO_ACCEPT,Strong author/title/language match and validated physical cover.,SELECTED,,RECOVERED,OPEN_LIBRARY_EDITION:number_of_pages,NO,1
EN,HISTORY_SOCIETY,Jill Lepore,1,6,9,/works/OL37831117W,America the Beautiful,National Geographic | Jill Lepore,1.0000,2024,/books/OL51048192M,America the Beautiful,A Story in Photographs,eng,1.0000,9781426223365,National Geographic Society,2024,416,14603206,VALID_COVER,218,218,JPEG,data/cache/en-mass-editorial-engine/covers/EN-OL51048192M.jpeg,NO,NO,167.0000,201.0000,AUTO_ACCEPT,Strong author/title/language match and validated physical cover.,SELECTED,,RECOVERED,OPEN_LIBRARY_EDITION:pagination,NO,1
EN,HISTORY_SOCIETY,Jill Lepore,1,6,9,/works/OL35726095W,American Beast,Jill Lepore,1.0000,2023,/books/OL49269921M,American Beast,"Essays, 2012-2022",eng,1.0000,9781399810180,Hodder & Stoughton,2023,400,14725877,VALID_COVER,266,400,JPEG,data/cache/en-mass-editorial-engine/covers/EN-OL49269921M.jpeg,NO,NO,167.0000,201.0000,AUTO_ACCEPT,Strong author/title/language match and validated physical cover.,SELECTED,,RECOVERED,OPEN_LIBRARY_EDITION:pagination,NO,1
EN,HISTORY_SOCIETY,Jill Lepore,1,6,9,/works/OL18165749W,Book of Ages,Jill Lepore | Robin Miles,1.0000,2013,/books/OL26643970M,Book of ages,the life and opinions of Jane Franklin,eng,1.0000,9780307958341,Alfred A. Knopf,2013,442,8330047,VALID_COVER,319,500,JPEG,data/cache/en-mass-editorial-engine/covers/EN-OL26643970M.jpeg,NO,NO,167.0000,201.0000,AUTO_ACCEPT,Strong author/title/language match and validated physical cover.,SELECTED,,RECOVERED,OPEN_LIBRARY_EDITION:number_of_pages,NO,1
EN,HISTORY_SOCIETY,Jill Lepore,1,6,9,/works/OL34461543W,Deadline,Jill Lepore,1.0000,2023,/books/OL46744763M,Deadline,Essays,eng,1.0000,9781631496127,Liveright Publishing Corporation,2023,624,14416134,VALID_COVER,328,500,JPEG,data/cache/en-mass-editorial-engine/covers/EN-OL46744763M.jpeg,NO,NO,167.0000,201.0000,AUTO_ACCEPT,Strong author/title/language match and validated physical cover.,SELECTED,,RECOVERED,OPEN_LIBRARY_EDITION:pagination,NO,1
EN,HISTORY_SOCIETY,Jill Lepore,1,6,9,/works/OL20028107W,Joe Gould's teeth,Jill Lepore,1.0000,2016,/books/OL27208157M,Joe Gould's teeth,,eng,1.0000,9781101947586,Knopf,2016,235,8780683,VALID_COVER,281,500,JPEG,data/cache/en-mass-editorial-engine/covers/EN-OL27208157M.jpeg,NO,NO,167.0000,201.0000,AUTO_ACCEPT,Strong author/title/language match and validated physical cover.,SELECTED,,RECOVERED,OPEN_LIBRARY_EDITION:number_of_pages,NO,1
EN,HISTORY_SOCIETY,Mary Beard,1,7,10,/works/OL37836809W,Civilisations,Mary Beard,1.0000,2018,/books/OL51058981M,Civilisations,How Do We Look / the Eye of Faith,eng,1.0000,9781805222460,Profile Books Limited,2024,240,14662632,VALID_COVER,260,400,JPEG,data/cache/en-mass-editorial-engine/covers/EN-OL51058981M.jpeg,NO,NO,167.0000,201.0000,AUTO_ACCEPT,Strong author/title/language match and validated physical cover.,SELECTED,,RECOVERED,OPEN_LIBRARY_EDITION:pagination,NO,1
EN,HISTORY_SOCIETY,Mary Beard,1,7,10,/works/OL20837331W,Civilisations : How Do We Look/The Eye of Faith,Mary Beard,1.0000,2018,/books/OL28210285M,Civilisations : How Do We Look/The Eye of Faith,"As seen on TV [Mar 01, 2018] Beard, Mary",eng,1.0000,9781781259993,PROFILE BOOKS,"Jun 07, 2018",240,10144654,VALID_COVER,338,500,JPEG,data/cache/en-mass-editorial-engine/covers/EN-OL28210285M.jpeg,NO,NO,167.0000,201.0000,AUTO_ACCEPT,Strong author/title/language match and validated physical cover.,SELECTED,,RECOVERED,OPEN_LIBRARY_EDITION:number_of_pages,NO,1
EN,HISTORY_SOCIETY,Mary Beard,1,7,10,/works/OL548440W,Classical art,Mary Beard,1.0000,2001,/books/OL3964838M,Classical art,from Greece to Rome,eng,1.0000,0192842374,Oxford University Press,2001,298,119757,VALID_COVER,126,180,JPEG,data/cache/en-mass-editorial-engine/covers/EN-OL3964838M.jpeg,NO,NO,167.0000,201.0000,AUTO_ACCEPT,Strong author/title/language match and validated physical cover.,SELECTED,,RECOVERED,OPEN_LIBRARY_EDITION:number_of_pages,NO,1
EN,HISTORY_SOCIETY,Mary Beard,1,7,10,/works/OL548441W,Classics,Mary Beard | John Henderson,1.0000,1995,/books/OL786628M,Classics,a very short introduction,eng,1.0000,0192853139,Oxford University Press,1995,136,119829,VALID_COVER,313,475,JPEG,data/cache/en-mass-editorial-engine/covers/EN-OL786628M.jpeg,NO,NO,167.0000,201.0000,AUTO_ACCEPT,Strong author/title/language match and validated physical cover.,SELECTED,,RECOVERED,OPEN_LIBRARY_EDITION:number_of_pages,NO,1
EN,HISTORY_SOCIETY,Mary Beard,1,7,10,/works/OL21455889W,Colosseum,Keith Hopkins | Mary Beard,1.0000,2006,/books/OL29058561M,Colosseum,,eng,1.0000,9780674060319,Harvard University Press,2011,224,14452669,VALID_COVER,294,500,JPEG,data/cache/en-mass-editorial-engine/covers/EN-OL29058561M.jpeg,NO,NO,167.0000,201.0000,AUTO_ACCEPT,Strong author/title/language match and validated physical cover.,SELECTED,,RECOVERED,OPEN_LIBRARY_EDITION:number_of_pages,NO,1
EN,HISTORY_SOCIETY,Mary Beard,1,7,10,/works/OL17683325W,Confronting the classics,Mary Beard,1.0000,2013,/books/OL26286474M,Confronting the classics,"traditions, adventures, and innovations",eng,1.0000,9780871407160,"Liveright Publishing Corporation, a division of W.W. Norton & Company",2013,310,7956855,VALID_COVER,297,500,JPEG,data/cache/en-mass-editorial-engine/covers/EN-OL26286474M.jpeg,NO,NO,167.0000,201.0000,AUTO_ACCEPT,Strong author/title/language match and validated physical cover.,SELECTED,,RECOVERED,OPEN_LIBRARY_EDITION:number_of_pages,NO,1
EN,HISTORY_SOCIETY,Mary Beard,1,7,10,/works/OL34334880W,Emperor of Rome,Mary Beard,1.0000,2023,/books/OL46564955M,Emperor of Rome,Ruling the Ancient World,eng,1.0000,9781846683787,Profile Books Limited,2023,512,14807731,VALID_COVER,261,400,JPEG,data/cache/en-mass-editorial-engine/covers/EN-OL46564955M.jpeg,NO,NO,167.0000,201.0000,AUTO_ACCEPT,Strong author/title/language match and validated physical cover.,SELECTED,,RECOVERED,OPEN_LIBRARY_EDITION:pagination,NO,1
EN,HISTORY_SOCIETY,Orlando Figes,1,7,10,/works/OL72141W,A people's tragedy,Orlando Figes,1.0000,1996,/books/OL22956369M,A people's tragedy,a history of the Russian Revolution,eng,1.0000,0670859168,Viking,1996,923,9600959,VALID_COVER,304,500,JPEG,data/cache/en-mass-editorial-engine/covers/EN-OL22956369M.jpeg,NO,NO,167.0000,201.0000,AUTO_ACCEPT,Strong author/title/language match and validated physical cover.,SELECTED,,RECOVERED,OPEN_LIBRARY_EDITION:number_of_pages,NO,1
EN,HISTORY_SOCIETY,Orlando Figes,1,7,10,/works/OL20563057W,Crimea,Orlando Figes,1.0000,2011,/books/OL28468032M,Crimea,,eng,1.0000,9780141013503,"Penguin Books, Limited",2011,608,12850504,VALID_COVER,301,500,JPEG,data/cache/en-mass-editorial-engine/covers/EN-OL28468032M.jpeg,NO,NO,167.0000,201.0000,AUTO_ACCEPT,Strong author/title/language match and validated physical cover.,SELECTED,,RECOVERED,OPEN_LIBRARY_EDITION:number_of_pages,NO,1
EN,HISTORY_SOCIETY,Orlando Figes,1,7,10,/works/OL19451523W,Interpreting the Russian Revolution,Orlando Figes,1.0000,1999,/books/OL53970M,Interpreting the Russian Revolution,the language and symbols of 1917,eng,1.0000,0300081065,Yale University Press,1999,198,161107,VALID_COVER,314,475,JPEG,data/cache/en-mass-editorial-engine/covers/EN-OL53970M.jpeg,NO,NO,167.0000,201.0000,AUTO_ACCEPT,Strong author/title/language match and validated physical cover.,SELECTED,,RECOVERED,OPEN_LIBRARY_EDITION:number_of_pages,NO,1
EN,HISTORY_SOCIETY,Orlando Figes,1,7,10,/works/OL16415563W,Just send me word,Orlando Figes,1.0000,2012,/books/OL27871940M,Just send me word,a true story of love and survival in the Gulag,eng,1.0000,9781846144882,Allen Lane,2012,333,13424677,VALID_COVER,309,500,JPEG,data/cache/en-mass-editorial-engine/covers/EN-OL27871940M.jpeg,NO,NO,167.0000,201.0000,AUTO_ACCEPT,Strong author/title/language match and validated physical cover.,SELECTED,,RECOVERED,OPEN_LIBRARY_EDITION:number_of_pages,NO,1
EN,HISTORY_SOCIETY,Orlando Figes,1,7,10,/works/OL72140W,Natasha's Dance,Orlando Figes,1.0000,2002,/books/OL3569622M,Natasha's dance,a cultural history of Russia,eng,1.0000,0805057838,Metropolitan Books,2002,728,580185,VALID_COVER,315,475,JPEG,data/cache/en-mass-editorial-engine/covers/EN-OL3569622M.jpeg,NO,NO,167.0000,201.0000,AUTO_ACCEPT,Strong author/title/language match and validated physical cover.,SELECTED,,RECOVERED,OPEN_LIBRARY_EDITION:number_of_pages,NO,1
EN,HISTORY_SOCIETY,Orlando Figes,1,7,10,/works/OL72139W,"Peasant Russia, civil war",Orlando Figes,1.0000,1989,/books/OL2190881M,"Peasant Russia, civil war","the Volga countryside in revolution, 1917-1921",eng,1.0000,0198228988,Clarendon Press,1989,401,12668362,VALID_COVER,331,500,JPEG,data/cache/en-mass-editorial-engine/covers/EN-OL2190881M.jpeg,NO,NO,167.0000,201.0000,AUTO_ACCEPT,Strong author/title/language match and validated physical cover.,SELECTED,,RECOVERED,OPEN_LIBRARY_EDITION:number_of_pages,NO,1
EN,HISTORY_SOCIETY,Simon Schama,1,8,12,/works/OL8384010W,A History of Britain,Simon Schama,1.0000,2000,/books/OL28364255M,A history of Britain,,eng,1.0000,9780754056720,BBC Large Print,2004,400,10303765,VALID_COVER,309,500,JPEG,data/cache/en-mass-editorial-engine/covers/EN-OL28364255M.jpeg,NO,NO,167.0000,201.0000,AUTO_ACCEPT,Strong author/title/language match and validated physical cover.,SELECTED,,RECOVERED,OPEN_LIBRARY_EDITION:number_of_pages,NO,1
EN,HISTORY_SOCIETY,Simon Schama,1,8,12,/works/OL14866001W,Citizens,Simon Schama,1.0000,1989,/books/OL7461184M,Citizens,A Chronicle of the French Revolution,eng,1.0000,9780394559483,Knopf,1992-03,948,10167511,VALID_COVER,340,500,JPEG,data/cache/en-mass-editorial-engine/covers/EN-OL7461184M.jpeg,NO,NO,167.0000,201.0000,AUTO_ACCEPT,Strong author/title/language match and validated physical cover.,SELECTED,,RECOVERED,OPEN_LIBRARY_EDITION:number_of_pages,NO,1
EN,HISTORY_SOCIETY,Simon Schama,1,8,12,/works/OL14921092W,Cy Twombly,Simon Schama,1.0000,2004,/books/OL8812074M,Cy Twombly,Fifty Years Of Works On Paper,eng,1.0000,9781933045177,D.A.P./Schirmer/Mosel,"February 15, 2005",160,960961,VALID_COVER,365,500,JPEG,data/cache/en-mass-editorial-engine/covers/EN-OL8812074M.jpeg,NO,NO,167.0000,201.0000,AUTO_ACCEPT,Strong author/title/language match and validated physical cover.,SELECTED,,RECOVERED,OPEN_LIBRARY_EDITION:number_of_pages,NO,1
EN,HISTORY_SOCIETY,Simon Schama,1,8,12,/works/OL14921089W,Cy Twombly: Fifty Years of Works on Paper,Simon Schama,1.0000,2003,/books/OL8715871M,Cy Twombly: Fifty Years of Works on Paper,The Drawings at the Hermitage,eng,1.0000,9781891024849,D.A.P./Schirmer/Mosel,"October 2, 2003",144,939451,VALID_COVER,424,475,JPEG,data/cache/en-mass-editorial-engine/covers/EN-OL8715871M.jpeg,NO,NO,167.0000,201.0000,AUTO_ACCEPT,Strong author/title/language match and validated physical cover.,SELECTED,,RECOVERED,OPEN_LIBRARY_EDITION:number_of_pages,NO,1
EN,HISTORY_SOCIETY,Simon Schama,1,8,12,/works/OL10665907W,Dead certainties,Simon Schama | Simon Schama,1.0000,1991,/books/OL1889654M,Dead certainties,unwarranted speculations,eng,1.0000,0679402136,Knopf,1991,333,4037135,VALID_COVER,128,213,JPEG,data/cache/en-mass-editorial-engine/covers/EN-OL1889654M.jpeg,NO,NO,167.0000,201.0000,AUTO_ACCEPT,Strong author/title/language match and validated physical cover.,SELECTED,,RECOVERED,OPEN_LIBRARY_EDITION:number_of_pages,NO,1
EN,HISTORY_SOCIETY,Simon Schama,1,8,12,/works/OL14921091W,Flesh in the Age of Reason,Simon Schama,1.0000,2005,/books/OL7454209M,Flesh in the Age of Reason,The Modern Foundations of Body and Soul,eng,1.0000,9780393326963,W. W. Norton & Company,"August 15, 2005",573,250943,VALID_COVER,329,500,JPEG,data/cache/en-mass-editorial-engine/covers/EN-OL7454209M.jpeg,NO,NO,167.0000,201.0000,AUTO_ACCEPT,Strong author/title/language match and validated physical cover.,SELECTED,,RECOVERED,OPEN_LIBRARY_EDITION:number_of_pages,NO,1
EN,HISTORY_SOCIETY,Simon Schama,1,8,12,/works/OL34080332W,Foreign Bodies,Simon Schama,1.0000,2023,/books/OL46153151M,Foreign Bodies,"Pandemics, Vaccines, and the Health of Nations",eng,1.0000,9781328974839,HarperCollins Publishers,2023,320,14425359,VALID_COVER,331,500,JPEG,data/cache/en-mass-editorial-engine/covers/EN-OL46153151M.jpeg,NO,NO,167.0000,201.0000,AUTO_ACCEPT,Strong author/title/language match and validated physical cover.,SELECTED,,RECOVERED,OPEN_LIBRARY_EDITION:pagination,NO,1
EN,HISTORY_SOCIETY,Simon Schama,1,8,12,/works/OL21545336W,Forward Book of Poetry 2015,Jeremy Paxman | Simon Schama,1.0000,2014,/books/OL29225502M,Forward Book of Poetry 2015,,eng,1.0000,9780571315246,"Faber & Faber, Limited",2014,144,11634138,VALID_COVER,300,500,JPEG,data/cache/en-mass-editorial-engine/covers/EN-OL29225502M.jpeg,NO,NO,167.0000,201.0000,AUTO_ACCEPT,Strong author/title/language match and validated physical cover.,SELECTED,,RECOVERED,OPEN_LIBRARY_EDITION:number_of_pages,NO,1
EN,HISTORY_SOCIETY,Timothy Snyder,1,7,10,/works/OL19671629W,Black earth,Timothy Snyder,1.0000,2015,/books/OL26889655M,Black earth,the holocaust as history and warning,eng,1.0000,9781101903452,Tim Duggan Books,2015,428,12525090,VALID_COVER,333,500,JPEG,data/cache/en-mass-editorial-engine/covers/EN-OL26889655M.jpeg,NO,NO,167.0000,201.0000,AUTO_ACCEPT,Strong author/title/language match and validated physical cover.,SELECTED,,RECOVERED,OPEN_LIBRARY_EDITION:number_of_pages,NO,1
EN,HISTORY_SOCIETY,Timothy Snyder,1,7,10,/works/OL23709664W,Getting lead-bottomed administrators excited about school library media centers,Timothy Snyder,1.0000,2000,/books/OL59882M,Getting lead-bottomed administrators excited about school library media centers,,eng,1.0000,1563087944,Libraries Unlimited,2000,184,1894375,VALID_COVER,312,500,JPEG,data/cache/en-mass-editorial-engine/covers/EN-OL59882M.jpeg,NO,NO,167.0000,201.0000,AUTO_ACCEPT,Strong author/title/language match and validated physical cover.,SELECTED,,RECOVERED,OPEN_LIBRARY_EDITION:number_of_pages,NO,1
EN,HISTORY_SOCIETY,Timothy Snyder,1,7,10,/works/OL21683853W,Journey into the Land of the Zeks and Back,Julius Margolin | Stefani Hoffman | Timothy Snyder | Katherine R. Jolluck,1.0000,2020,/books/OL29497555M,Journey into the Land of the Zeks and Back,A Memoir of the Gulag,eng,1.0000,9780197502143,"Oxford University Press, Incorporated",2020,600,13792148,VALID_COVER,315,500,JPEG,data/cache/en-mass-editorial-engine/covers/EN-OL29497555M.jpeg,NO,NO,167.0000,201.0000,AUTO_ACCEPT,Strong author/title/language match and validated physical cover.,SELECTED,,RECOVERED,OPEN_LIBRARY_EDITION:number_of_pages,NO,1
EN,HISTORY_SOCIETY,Timothy Snyder,1,7,10,/works/OL78322W,"Nationalism, Marxism, and modern Central Europe",Timothy Snyder,1.0000,1997,/books/OL8337890M,"Nationalism, Marxism, and Modern Central Europe",A Biography of Kazimierz Kelles-Krauz (1872-1905) (Harvard Papers in Ukrainian Studies),eng,1.0000,9780916458843,Harvard Ukrainian Research Institute,"January 15, 1998",348,1668755,VALID_COVER,314,475,JPEG,data/cache/en-mass-editorial-engine/covers/EN-OL8337890M.jpeg,NO,NO,167.0000,201.0000,AUTO_ACCEPT,Strong author/title/language match and validated physical cover.,SELECTED,,RECOVERED,OPEN_LIBRARY_EDITION:number_of_pages,NO,1
EN,HISTORY_SOCIETY,Timothy Snyder,1,7,10,/works/OL37574810W,On Freedom,Timothy Snyder,1.0000,2024,/books/OL50960298M,On Freedom,,eng,1.0000,9780593728727,"Crown Publishing Group, The",2024,304,14815409,VALID_COVER,329,500,JPEG,data/cache/en-mass-editorial-engine/covers/EN-OL50960298M.jpeg,NO,NO,167.0000,201.0000,AUTO_ACCEPT,Strong author/title/language match and validated physical cover.,SELECTED,,RECOVERED,OPEN_LIBRARY_EDITION:pagination,NO,1
EN,HISTORY_SOCIETY,Timothy Snyder,1,7,10,/works/OL17710110W,On Tyranny,Timothy Snyder,1.0000,2017,/books/OL26440726M,On tyranny,twenty lessons from the twentieth century,eng,1.0000,9780804190114,Crown,2017,126,10186935,VALID_COVER,357,500,JPEG,data/cache/en-mass-editorial-engine/covers/EN-OL26440726M.jpeg,NO,NO,167.0000,201.0000,AUTO_ACCEPT,Strong author/title/language match and validated physical cover.,SELECTED,,RECOVERED,OPEN_LIBRARY_EDITION:number_of_pages,NO,1
EN,HISTORY_SOCIETY,Tony Judt,1,7,10,/works/OL1894808W,A grand illusion,Tony Judt,1.0000,1996,/books/OL25169475M,A grand illusion?,an essay on Europe,eng,1.0000,9780814743584,New York University Press,2011,149,12178581,VALID_COVER,312,500,JPEG,data/cache/en-mass-editorial-engine/covers/EN-OL25169475M.jpeg,NO,NO,167.0000,201.0000,AUTO_ACCEPT,Strong author/title/language match and validated physical cover.,SELECTED,,RECOVERED,OPEN_LIBRARY_EDITION:number_of_pages,NO,1
EN,HISTORY_SOCIETY,Tony Judt,1,7,10,/works/OL15119792W,Colabration Reistance And Retribution,Tony Judt,1.0000,2009,/books/OL9450619M,Colabration Reistance And Retribution,World War II and Its Aftermath,eng,1.0000,9780691059402,Princeton University Press,September 2009,,1341475,VALID_COVER,316,475,JPEG,data/cache/en-mass-editorial-engine/covers/EN-OL9450619M.jpeg,NO,NO,167.0000,201.0000,AUTO_ACCEPT,Strong author/title/language match and validated physical cover.,SELECTED,,NO_PAGE_COUNT,,NO,1
EN,HISTORY_SOCIETY,Tony Judt,1,7,10,/works/OL15571084W,Ill Fares The Land,Tony Judt,1.0000,2010,/books/OL24523595M,Ill Fares The Land,A Treatise On Our Present Discontents,eng,1.0000,9781594202766,The Penguin Press,18 March 2010,256,6953967,VALID_COVER,248,399,JPEG,data/cache/en-mass-editorial-engine/covers/EN-OL24523595M.jpeg,NO,NO,167.0000,201.0000,AUTO_ACCEPT,Strong author/title/language match and validated physical cover.,SELECTED,,RECOVERED,OPEN_LIBRARY_EDITION:number_of_pages,NO,1
EN,HISTORY_SOCIETY,Tony Judt,1,7,10,/works/OL19555230W,"Language, nation, and state",Tony Judt | Denis Lacorne,1.0000,2004,/books/OL18485633M,"Language, nation, and state",identity politics in a multilingual age,eng,1.0000,1403963932,Palgrave Macmillan,2004,249,13442227,VALID_COVER,304,500,JPEG,data/cache/en-mass-editorial-engine/covers/EN-OL18485633M.jpeg,NO,NO,167.0000,201.0000,AUTO_ACCEPT,Strong author/title/language match and validated physical cover.,SELECTED,,RECOVERED,OPEN_LIBRARY_EDITION:number_of_pages,NO,1
EN,HISTORY_SOCIETY,Tony Judt,1,7,10,/works/OL16114258W,Marxism and the French Left,Tony Judt,1.0000,1986,/books/OL2540376M,Marxism and the French Left,"studies in labour and politics in France, 1830-1981",eng,1.0000,0198219296,Clarendon Press,1986,338,12776385,VALID_COVER,306,500,JPEG,data/cache/en-mass-editorial-engine/covers/EN-OL2540376M.jpeg,NO,NO,167.0000,201.0000,AUTO_ACCEPT,Strong author/title/language match and validated physical cover.,SELECTED,,RECOVERED,OPEN_LIBRARY_EDITION:number_of_pages,NO,1
EN,HISTORY_SOCIETY,Tony Judt,1,7,10,/works/OL1894810W,Past imperfect,Tony Judt,1.0000,1992,/books/OL7709940M,Past Imperfect,"French Intellectuals, 1944-1956",eng,1.0000,9780520086500,University of California Press,"February 10, 1994",348,325309,VALID_COVER,328,475,JPEG,data/cache/en-mass-editorial-engine/covers/EN-OL7709940M.jpeg,NO,NO,167.0000,201.0000,AUTO_ACCEPT,Strong author/title/language match and validated physical cover.,SELECTED,,RECOVERED,OPEN_LIBRARY_EDITION:number_of_pages,NO,1
EN,SCIENCE_CULTURE,Carl Sagan,1,8,12,/works/OL2950913W,Broca's Brain,Carl Sagan,1.0000,1979,/books/OL10617876M,Broca's Brain,,eng,1.0000,9780340253489,Ballantine Books,1980,448,13449952,VALID_COVER,500,375,JPEG,data/cache/en-mass-editorial-engine/covers/EN-OL10617876M.jpeg,NO,NO,167.0000,201.0000,AUTO_ACCEPT,Strong author/title/language match and validated physical cover.,SELECTED,,RECOVERED,OPEN_LIBRARY_EDITION:number_of_pages,NO,1
EN,SCIENCE_CULTURE,Carl Sagan,1,8,12,/works/OL2950945W,Comet,Carl Sagan | Ann Druyan,1.0000,1985,/books/OL3027847M,Comet,,eng,1.0000,0394549082,Random House,1985,398,253762,VALID_COVER,380,475,JPEG,data/cache/en-mass-editorial-engine/covers/EN-OL3027847M.jpeg,NO,NO,167.0000,201.0000,AUTO_ACCEPT,Strong author/title/language match and validated physical cover.,SELECTED,,RECOVERED,OPEN_LIBRARY_EDITION:number_of_pages,NO,1
EN,SCIENCE_CULTURE,Carl Sagan,1,8,12,/works/OL2950935W,Communication with Extraterrestrial Intelligence,Carl Sagan,1.0000,1974,/books/OL9691800M,Communication with Extraterrestrial Intelligence,,eng,1.0000,9780262690379,The MIT Press,"March 15, 1975",428,5003307,VALID_COVER,128,188,JPEG,data/cache/en-mass-editorial-engine/covers/EN-OL9691800M.jpeg,NO,NO,167.0000,201.0000,AUTO_ACCEPT,Strong author/title/language match and validated physical cover.,SELECTED,,RECOVERED,OPEN_LIBRARY_EDITION:number_of_pages,NO,1
EN,SCIENCE_CULTURE,Carl Sagan,1,8,12,/works/OL2950903W,Contact,Carl Sagan,1.0000,1985,/books/OL7662645M,Contact,,eng,1.0000,9780671701802,Pocket,"September 15, 1989",432,8260584,VALID_COVER,296,500,JPEG,data/cache/en-mass-editorial-engine/covers/EN-OL7662645M.jpeg,NO,NO,167.0000,201.0000,AUTO_ACCEPT,Strong author/title/language match and validated physical cover.,SELECTED,,RECOVERED,OPEN_LIBRARY_EDITION:number_of_pages,NO,1
EN,SCIENCE_CULTURE,Carl Sagan,1,8,12,/works/OL2950937W,Conversations with Carl Sagan,Carl Sagan,1.0000,2004,/books/OL3425375M,Conversations with Carl Sagan,,eng,1.0000,9781578067367,University Press of Mississippi,2006,167,834174,VALID_COVER,313,500,JPEG,data/cache/en-mass-editorial-engine/covers/EN-OL3425375M.jpeg,NO,NO,167.0000,201.0000,AUTO_ACCEPT,Strong author/title/language match and validated physical cover.,SELECTED,,RECOVERED,OPEN_LIBRARY_EDITION:number_of_pages,NO,1
EN,SCIENCE_CULTURE,Carl Sagan,1,8,12,/works/OL14959021W,Creations,Isaac Asimov | George Zebrowski | Martin H. Greenberg | James E. Gunn | Steven Weinberg | Stanisław Lem | Clifford D. Simak | Gregory Benford | Laurence Manning | Brian W. Aldiss | A. E. van Vogt | Carl Sagan | Arthur C. Clarke | Raymond Z. Gallun | Eric Frank Russell | H. G. Wells | Chad Oliver | Theodore L. Thomas | Richard McKenna | Ian Watson,1.0000,1983,/books/OL3160404M,Creations,the quest for origins in story and science,eng,1.0000,0517548615,Crown,1983,351,13105877,VALID_COVER,353,500,JPEG,data/cache/en-mass-editorial-engine/covers/EN-OL3160404M.jpeg,NO,NO,167.0000,201.0000,AUTO_ACCEPT,Strong author/title/language match and validated physical cover.,SELECTED,,RECOVERED,OPEN_LIBRARY_EDITION:number_of_pages,NO,1
EN,SCIENCE_CULTURE,Charles Darwin,1,7,10,/works/OL515339W,A Naturalist's Voyage Round the World,Charles Darwin,1.0000,2001,/books/OL8492902M,A Naturalist's Voyage Round the World,,eng,1.0000,9781421978727,IndyPublish.com,"May 30, 2006",492,1816878,VALID_COVER,333,500,JPEG,data/cache/en-mass-editorial-engine/covers/EN-OL8492902M.jpeg,NO,NO,167.0000,201.0000,AUTO_ACCEPT,Strong author/title/language match and validated physical cover.,SELECTED,,RECOVERED,OPEN_LIBRARY_EDITION:number_of_pages,NO,1
EN,SCIENCE_CULTURE,Charles Darwin,1,7,10,/works/OL29478098W,Autobiography of Charles Darwin,Charles Darwin,1.0000,2017,/books/OL40639068M,Autobiography of Charles Darwin,By Charles Darwin - Illustrated,eng,1.0000,9781521983768,Independently Published,2017,83,13884806,VALID_COVER,333,500,JPEG,data/cache/en-mass-editorial-engine/covers/EN-OL40639068M.jpeg,NO,NO,167.0000,201.0000,AUTO_ACCEPT,Strong author/title/language match and validated physical cover.,SELECTED,,RECOVERED,OPEN_LIBRARY_EDITION:number_of_pages,NO,1
EN,SCIENCE_CULTURE,Charles Darwin,1,7,10,/works/OL515261W,Charles Darwin's Beagle Diary,Charles Darwin,1.0000,1988,/books/OL2400980M,Charles Darwin's Beagle diary,,eng,1.0000,0521235030,Cambridge University Press,1988,464,8455829,VALID_COVER,326,500,JPEG,data/cache/en-mass-editorial-engine/covers/EN-OL2400980M.jpeg,NO,NO,167.0000,201.0000,AUTO_ACCEPT,Strong author/title/language match and validated physical cover.,SELECTED,,RECOVERED,OPEN_LIBRARY_EDITION:number_of_pages,NO,1
EN,SCIENCE_CULTURE,Charles Darwin,1,7,10,/works/OL515317W,Charles Darwin's natural selection,Charles Darwin,1.0000,1975,/books/OL17872494M,Charles Darwin's natural selection,being the second part of his big species book written from 1856 to 1858,eng,1.0000,0521201632,Cambridge University Press,1975,692,8455054,VALID_COVER,309,475,JPEG,data/cache/en-mass-editorial-engine/covers/EN-OL17872494M.jpeg,NO,NO,167.0000,201.0000,AUTO_ACCEPT,Strong author/title/language match and validated physical cover.,SELECTED,,RECOVERED,OPEN_LIBRARY_EDITION:number_of_pages,NO,1
EN,SCIENCE_CULTURE,Charles Darwin,1,7,10,/works/OL515298W,Darwin,Charles Darwin,1.0000,1969,/books/OL24093395M,Darwin,the indelible stamp : the evolution of an idea,eng,1.0000,9780762430512,Running Press,2007,1260,10993455,VALID_COVER,309,500,JPEG,data/cache/en-mass-editorial-engine/covers/EN-OL24093395M.jpeg,NO,NO,167.0000,201.0000,AUTO_ACCEPT,Strong author/title/language match and validated physical cover.,SELECTED,,RECOVERED,OPEN_LIBRARY_EDITION:number_of_pages,NO,1
EN,SCIENCE_CULTURE,Jane Goodall,1,6,9,/works/OL548214W,Africa in my blood,Jane Goodall,1.0000,2000,/books/OL58957M,Africa in my blood,an autobiography in letters : the early years,eng,1.0000,0395854040,Houghton Mifflin,2000,386,257121,VALID_COVER,314,475,JPEG,data/cache/en-mass-editorial-engine/covers/EN-OL58957M.jpeg,NO,NO,167.0000,201.0000,AUTO_ACCEPT,Strong author/title/language match and validated physical cover.,SELECTED,,RECOVERED,OPEN_LIBRARY_EDITION:number_of_pages,NO,1
EN,SCIENCE_CULTURE,Jane Goodall,1,6,9,/works/OL27525103W,Alpha Female Wolf,Rick McIntyre | Jane Goodall,1.0000,2022,/books/OL37535960M,Alpha Female Wolf,The Fierce Legacy of Yellowstone's 06,eng,1.0000,9781771648585,Greystone Books Ltd.,2022,280,13148617,VALID_COVER,141,218,JPEG,data/cache/en-mass-editorial-engine/covers/EN-OL37535960M.jpeg,NO,NO,167.0000,201.0000,AUTO_ACCEPT,Strong author/title/language match and validated physical cover.,SELECTED,,RECOVERED,OPEN_LIBRARY_EDITION:pagination,NO,1
EN,SCIENCE_CULTURE,Jane Goodall,1,6,9,/works/OL15487806W,Baboon family,Jane Goodall,1.0000,1991,/books/OL24451773M,Baboon family,,eng,1.0000,9781550660197,Madison Marketing Ltd.,1991,34,6693923,VALID_COVER,498,500,JPEG,data/cache/en-mass-editorial-engine/covers/EN-OL24451773M.jpeg,NO,NO,167.0000,201.0000,AUTO_ACCEPT,Strong author/title/language match and validated physical cover.,SELECTED,,RECOVERED,OPEN_LIBRARY_EDITION:number_of_pages,NO,1
EN,SCIENCE_CULTURE,Jane Goodall,1,6,9,/works/OL263663W,Being peace,Thích Nhất Hạnh | Jane Goodall,1.0000,1987,/books/OL2374205M,Being peace,,eng,1.0000,0938077007,Parallax Press,1987,115,10829193,VALID_COVER,328,500,JPEG,data/cache/en-mass-editorial-engine/covers/EN-OL2374205M.jpeg,NO,NO,167.0000,201.0000,AUTO_ACCEPT,Strong author/title/language match and validated physical cover.,SELECTED,,RECOVERED,OPEN_LIBRARY_EDITION:number_of_pages,NO,1
EN,SCIENCE_CULTURE,Jane Goodall,1,6,9,/works/OL15025983W,Captive Beauty,Jane Goodall,1.0000,2004,/books/OL9549806M,Captive Beauty,,eng,1.0000,9780252071690,University of Illinois Press,"May 6, 2004",136,1152228,VALID_COVER,475,367,JPEG,data/cache/en-mass-editorial-engine/covers/EN-OL9549806M.jpeg,NO,NO,167.0000,201.0000,AUTO_ACCEPT,Strong author/title/language match and validated physical cover.,SELECTED,,RECOVERED,OPEN_LIBRARY_EDITION:number_of_pages,NO,1
EN,SCIENCE_CULTURE,Jane Goodall,1,6,9,/works/OL15689125W,Chimpanzee family,Jane Goodall,1.0000,1991,/books/OL24617157M,Chimpanzee family,,eng,1.0000,9781550660135,Madison Marketing Ltd.,1991,,6793992,VALID_COVER,500,448,JPEG,data/cache/en-mass-editorial-engine/covers/EN-OL24617157M.jpeg,NO,NO,167.0000,201.0000,AUTO_ACCEPT,Strong author/title/language match and validated physical cover.,SELECTED,,NO_PAGE_COUNT,,NO,1
EN,SCIENCE_CULTURE,Oliver Sacks,1,9,13,/works/OL1811908W,A Leg to Stand on,Oliver Sacks,1.0000,1984,/books/OL19388007M,A leg to stand on,,eng,1.0000,0715610279,Duckworth,1984,168,7225897,VALID_COVER,315,500,JPEG,data/cache/en-mass-editorial-engine/covers/EN-OL19388007M.jpeg,NO,NO,167.0000,201.0000,AUTO_ACCEPT,Strong author/title/language match and validated physical cover.,SELECTED,,RECOVERED,OPEN_LIBRARY_EDITION:number_of_pages,NO,1
EN,SCIENCE_CULTURE,Oliver Sacks,1,9,13,/works/OL1811911W,Awakenings,Oliver Sacks | Jonathan Davis,1.0000,1973,/books/OL33890462M,Awakenings,,eng,1.0000,0060973684,HarperPerennial,1990,408,12001921,VALID_COVER,333,500,JPEG,data/cache/en-mass-editorial-engine/covers/EN-OL33890462M.jpeg,NO,NO,167.0000,201.0000,AUTO_ACCEPT,Strong author/title/language match and validated physical cover.,SELECTED,,RECOVERED,OPEN_LIBRARY_EDITION:number_of_pages,NO,1
EN,SCIENCE_CULTURE,Oliver Sacks,1,9,13,/works/OL20150464W,Everything in Its Place,Oliver Sacks,1.0000,2019,/books/OL28893337M,Everything in Its Place,First Loves and Last Tales,eng,1.0000,9780345811387,Knopf Canada,2019,288,11559652,VALID_COVER,335,500,JPEG,data/cache/en-mass-editorial-engine/covers/EN-OL28893337M.jpeg,NO,NO,167.0000,201.0000,AUTO_ACCEPT,Strong author/title/language match and validated physical cover.,SELECTED,,RECOVERED,OPEN_LIBRARY_EDITION:number_of_pages,NO,1
EN,SCIENCE_CULTURE,Stephen Hawking,1,7,10,/works/OL1892617W,A Brief History of Time,Stephen Hawking,1.0000,1988,/books/OL18319483M,A brief history of time,from the big bang to black holes,eng,1.0000,0553052438,Bantam Books,1990,198,14829099,VALID_COVER,334,500,JPEG,data/cache/en-mass-editorial-engine/covers/EN-OL18319483M.jpeg,NO,NO,167.0000,201.0000,AUTO_ACCEPT,Strong author/title/language match and validated physical cover.,SELECTED,,RECOVERED,OPEN_LIBRARY_EDITION:number_of_pages,NO,1
EN,SCIENCE_CULTURE,Stephen Hawking,1,7,10,/works/OL1892618W,A Briefer History of Time,Stephen Hawking | Leonard Mlodinow,1.0000,2005,/books/OL7850566M,A Briefer History of Time,,eng,1.0000,9780553804362,Bantam,"September 27, 2005",176,374208,VALID_COVER,340,500,JPEG,data/cache/en-mass-editorial-engine/covers/EN-OL7850566M.jpeg,NO,NO,167.0000,201.0000,AUTO_ACCEPT,Strong author/title/language match and validated physical cover.,SELECTED,,RECOVERED,OPEN_LIBRARY_EDITION:number_of_pages,NO,1
EN,SCIENCE_CULTURE,Stephen Hawking,1,7,10,/works/OL8037402W,A Stubbornly Persistent Illusion,Stephen Hawking,1.0000,2007,/books/OL10909158M,A Stubbornly Persistent Illusion,The Essential Scientific Works of Albert Einstein,eng,1.0000,9780762430031,Running Press Book Publishers,"November 26, 2007",468,2607114,VALID_COVER,347,500,JPEG,data/cache/en-mass-editorial-engine/covers/EN-OL10909158M.jpeg,NO,NO,167.0000,201.0000,AUTO_ACCEPT,Strong author/title/language match and validated physical cover.,SELECTED,,RECOVERED,OPEN_LIBRARY_EDITION:number_of_pages,NO,1
EN,SCIENCE_CULTURE,Stephen Hawking,1,7,10,/works/OL18615450W,Apollo,Robert Jacobs | Lucy Hawking | Stephen Hawking,1.0000,2009,/books/OL22679838M,Apollo,through the eyes of the astronauts,eng,1.0000,9780810921467,Abrams,2009,130,11589809,VALID_COVER,471,500,JPEG,data/cache/en-mass-editorial-engine/covers/EN-OL22679838M.jpeg,NO,NO,167.0000,201.0000,AUTO_ACCEPT,Strong author/title/language match and validated physical cover.,SELECTED,,RECOVERED,OPEN_LIBRARY_EDITION:number_of_pages,NO,1
EN,SCIENCE_CULTURE,Stephen Hawking,1,7,10,/works/OL8037386W,Black Holes,Stephen Hawking,1.0000,1993,/books/OL28607131M,Black Holes,The Reith Lectures,eng,1.0000,9780857503572,Penguin Random House,2016,80,13080584,VALID_COVER,332,500,JPEG,data/cache/en-mass-editorial-engine/covers/EN-OL28607131M.jpeg,NO,NO,167.0000,201.0000,AUTO_ACCEPT,Strong author/title/language match and validated physical cover.,SELECTED,,RECOVERED,OPEN_LIBRARY_EDITION:number_of_pages,NO,1
EN,SCIENCE_CULTURE,Stephen Hawking,1,7,10,/works/OL1892623W,Black holes and baby universes and other essays,Stephen Hawking | Simon Prebble,1.0000,1993,/books/OL15541903M,Black holes and baby universes,and other essays,eng,1.0000,0593034007,Bantam,1993,181,10436822,VALID_COVER,317,500,JPEG,data/cache/en-mass-editorial-engine/covers/EN-OL15541903M.jpeg,NO,NO,167.0000,201.0000,AUTO_ACCEPT,Strong author/title/language match and validated physical cover.,SELECTED,,RECOVERED,OPEN_LIBRARY_EDITION:number_of_pages,NO,1
EN,SCIENCE_CULTURE,Stephen Hawking,1,7,10,/works/OL8037390W,Computer Resources for People With Disabilities,Stephen Hawking | Alliance for Technology Alliance for Technology Access,1.0000,1996,/books/OL15596918M,Computer resources for people with disabilities,"a guide to assistive technologies, tools and resources for people of all ages",eng,1.0000,0897934334,Hunter House,2004,396,5314786,VALID_COVER,128,164,JPEG,data/cache/en-mass-editorial-engine/covers/EN-OL15596918M.jpeg,NO,NO,167.0000,201.0000,AUTO_ACCEPT,Strong author/title/language match and validated physical cover.,SELECTED,,RECOVERED,OPEN_LIBRARY_EDITION:number_of_pages,NO,1
EN,SCIENCE_CULTURE,Stephen Jay Gould,1,8,12,/works/OL473486W,Adam's navel,Stephen Jay Gould,1.0000,1995,/books/OL22140669M,Adam's navel,and other essays,eng,1.0000,0146000471,Penguin,1995,57,13437161,VALID_COVER,377,500,JPEG,data/cache/en-mass-editorial-engine/covers/EN-OL22140669M.jpeg,NO,NO,167.0000,201.0000,AUTO_ACCEPT,Strong author/title/language match and validated physical cover.,SELECTED,,RECOVERED,OPEN_LIBRARY_EDITION:number_of_pages,NO,1
EN,SCIENCE_CULTURE,Stephen Jay Gould,1,8,12,/works/OL1652346W,Alexis Rockman,Alexis Rockman | Robert Kennedy | Arnold Lehman | Portland Art Museum (Or.) | Stephen Jay Gould | Jonathan Crary | David Quammen,1.0000,1995,/books/OL16208477M,Alexis Rockman,wonderful world.,eng,1.0000,1900470322,Camden Arts Centre,2004,64,15205370,VALID_COVER,500,459,JPEG,data/cache/en-mass-editorial-engine/covers/EN-OL16208477M.jpeg,NO,NO,167.0000,201.0000,AUTO_ACCEPT,Strong author/title/language match and validated physical cover.,SELECTED,,RECOVERED,OPEN_LIBRARY_EDITION:number_of_pages,NO,1
EN,SCIENCE_CULTURE,Stephen Jay Gould,1,8,12,/works/OL473560W,Bully for Brontosaurus,Stephen Jay Gould,1.0000,1991,/books/OL32082828M,Bully for brontosaurus,further reflections in natural history,eng,1.0000,9780140159851,Penguin,1992,540,10736323,VALID_COVER,319,500,JPEG,data/cache/en-mass-editorial-engine/covers/EN-OL32082828M.jpeg,NO,NO,167.0000,201.0000,AUTO_ACCEPT,Strong author/title/language match and validated physical cover.,SELECTED,,RECOVERED,OPEN_LIBRARY_EDITION:number_of_pages,NO,1
EN,SCIENCE_CULTURE,Stephen Jay Gould,1,8,12,/works/OL14916449W,Conversations About the End of Time,Umberto Eco | Catherine David | Frédéric Lenoir | Jean-Philippe de Tonnac | Stephen Jay Gould | Jean Delumeau | Jean-Claude Carrière | Ian Maclean,1.0000,1999,/books/OL6778040M,Conversations about the end of time,,eng,1.0000,0880642173,Fromm International,2000,228,677120,VALID_COVER,326,475,JPEG,data/cache/en-mass-editorial-engine/covers/EN-OL6778040M.jpeg,NO,NO,167.0000,201.0000,AUTO_ACCEPT,Strong author/title/language match and validated physical cover.,SELECTED,,RECOVERED,OPEN_LIBRARY_EDITION:number_of_pages,NO,1
EN,SCIENCE_CULTURE,Stephen Jay Gould,1,8,12,/works/OL473493W,Crossing Over Where Art and Science Meet,Stephen Jay Gould,1.0000,2000,/books/OL7586273M,Crossing Over Where Art and Science Meet,,eng,1.0000,9780609805862,Three Rivers Press,"November 14, 2000",159,391340,VALID_COVER,366,475,JPEG,data/cache/en-mass-editorial-engine/covers/EN-OL7586273M.jpeg,NO,NO,167.0000,201.0000,AUTO_ACCEPT,Strong author/title/language match and validated physical cover.,SELECTED,,RECOVERED,OPEN_LIBRARY_EDITION:number_of_pages,NO,1
EN,SCIENCE_CULTURE,Stephen Jay Gould,1,8,12,/works/OL473557W,Dinosaur in a haystack,Stephen Jay Gould,1.0000,1995,/books/OL24935706M,Dinosaur in a haystack,reflections in natural history,eng,1.0000,9780517703939,Harmony Books,1996,467,6901414,VALID_COVER,332,500,JPEG,data/cache/en-mass-editorial-engine/covers/EN-OL24935706M.jpeg,NO,NO,167.0000,201.0000,AUTO_ACCEPT,Strong author/title/language match and validated physical cover.,SELECTED,,RECOVERED,OPEN_LIBRARY_EDITION:number_of_pages,NO,1
EN,SCIENCE_CULTURE,Stephen Jay Gould,1,8,12,/works/OL473561W,Eight Little Piggies,Stephen Jay Gould,1.0000,1993,/books/OL28435426M,Eight Little Piggies,Reflections in Natural History,eng,1.0000,9780099507444,Penguin Random House,2007,480,10986165,VALID_COVER,318,500,JPEG,data/cache/en-mass-editorial-engine/covers/EN-OL28435426M.jpeg,NO,NO,167.0000,201.0000,AUTO_ACCEPT,Strong author/title/language match and validated physical cover.,SELECTED,,RECOVERED,OPEN_LIBRARY_EDITION:number_of_pages,NO,1
EN,SCIENCE_CULTURE,Stephen Jay Gould,1,8,12,/works/OL473564W,Ever since Darwin,Stephen Jay Gould,1.0000,1977,/books/OL21387235M,Ever since Darwin,reflections in natural history,eng,1.0000,0393009173,Norton,1979,285,12489063,VALID_COVER,312,500,JPEG,data/cache/en-mass-editorial-engine/covers/EN-OL21387235M.jpeg,NO,NO,167.0000,201.0000,AUTO_ACCEPT,Strong author/title/language match and validated physical cover.,SELECTED,,RECOVERED,OPEN_LIBRARY_EDITION:number_of_pages,NO,1
EN,TWENTIETH_CENTURY,Aldous Huxley,1,8,12,/works/OL64398W,Between the wars,Aldous Huxley,1.0000,1994,/books/OL1083896M,Between the wars,essays and letters,eng,1.0000,156663055X,I.R. Dee,1994,255,807429,VALID_COVER,312,475,JPEG,data/cache/en-mass-editorial-engine/covers/EN-OL1083896M.jpeg,NO,NO,167.0000,201.0000,AUTO_ACCEPT,Strong author/title/language match and validated physical cover.,SELECTED,,RECOVERED,OPEN_LIBRARY_EDITION:number_of_pages,NO,1
EN,TWENTIETH_CENTURY,Aldous Huxley,1,8,12,/works/OL27690578W,Brave New World,Aldous Huxley | Fred Fordham,1.0000,2022,/books/OL35079014M,Brave New World,A Graphic Novel,eng,1.0000,9780063055254,Harper & Row Limited,2022,240,12675058,VALID_COVER,346,500,JPEG,data/cache/en-mass-editorial-engine/covers/EN-OL35079014M.jpeg,NO,NO,167.0000,201.0000,AUTO_ACCEPT,Strong author/title/language match and validated physical cover.,SELECTED,,RECOVERED,OPEN_LIBRARY_EDITION:number_of_pages,NO,1
EN,TWENTIETH_CENTURY,Aldous Huxley,1,8,12,/works/OL64458W,Brief candles,Aldous Huxley,1.0000,1930,/books/OL4061680M,Brief candles,four stories,eng,1.0000,0701107928,Chatto & Windus,1970,324,8490107,VALID_COVER,375,500,JPEG,data/cache/en-mass-editorial-engine/covers/EN-OL4061680M.jpeg,NO,NO,167.0000,201.0000,AUTO_ACCEPT,Strong author/title/language match and validated physical cover.,SELECTED,,RECOVERED,OPEN_LIBRARY_EDITION:number_of_pages,NO,1
EN,TWENTIETH_CENTURY,Aldous Huxley,1,8,12,/works/OL15323217W,Complete essays,Aldous Huxley,1.0000,2000,/books/OL6783671M,Complete essays,,eng,1.0000,1566633222,I.R. Dee,2000,510,807725,VALID_COVER,312,475,JPEG,data/cache/en-mass-editorial-engine/covers/EN-OL6783671M.jpeg,NO,NO,167.0000,201.0000,AUTO_ACCEPT,Strong author/title/language match and validated physical cover.,SELECTED,,RECOVERED,OPEN_LIBRARY_EDITION:number_of_pages,NO,1
EN,TWENTIETH_CENTURY,Aldous Huxley,1,8,12,/works/OL64443W,Do what you will,Aldous Huxley,1.0000,1929,/books/OL5161390M,Do what you will,twelve essays.,eng,1.0000,0701107979,Chatto & Windus,1970,310,9292564,VALID_COVER,298,500,JPEG,data/cache/en-mass-editorial-engine/covers/EN-OL5161390M.jpeg,NO,NO,167.0000,201.0000,AUTO_ACCEPT,Strong author/title/language match and validated physical cover.,SELECTED,,RECOVERED,OPEN_LIBRARY_EDITION:number_of_pages,NO,1
EN,TWENTIETH_CENTURY,Aldous Huxley,1,8,12,/works/OL276254W,Doors of Perception,Aldous Huxley,1.0000,2004,/books/OL7318406M,Doors of Perception,,eng,1.0000,9780099458203,VINTAGE (RAND),"September 2, 2004",160,75327,VALID_COVER,307,475,JPEG,data/cache/en-mass-editorial-engine/covers/EN-OL7318406M.jpeg,NO,NO,167.0000,201.0000,AUTO_ACCEPT,Strong author/title/language match and validated physical cover.,SELECTED,,RECOVERED,OPEN_LIBRARY_EDITION:number_of_pages,NO,1
EN,TWENTIETH_CENTURY,Alice Walker,1,7,10,/works/OL13623878W,A poem traveled down my arm,Alice Walker,1.0000,2003,/books/OL22570836M,A poem traveled down my arm,poems & drawings,eng,1.0000,1400061636,Random House,2004,151,7103822,VALID_COVER,325,500,JPEG,data/cache/en-mass-editorial-engine/covers/EN-OL22570836M.jpeg,NO,NO,167.0000,201.0000,AUTO_ACCEPT,Strong author/title/language match and validated physical cover.,SELECTED,,RECOVERED,OPEN_LIBRARY_EDITION:number_of_pages,NO,1
EN,TWENTIETH_CENTURY,Alice Walker,1,7,10,/works/OL273641W,Absolute trust in the goodness of the earth,Alice Walker,1.0000,2002,/books/OL32075205M,Absolute trust in the goodness of the earth,,eng,1.0000,9780704350892,Women's,2003,96,10727003,VALID_COVER,294,500,JPEG,data/cache/en-mass-editorial-engine/covers/EN-OL32075205M.jpeg,NO,NO,167.0000,201.0000,AUTO_ACCEPT,Strong author/title/language match and validated physical cover.,SELECTED,,RECOVERED,OPEN_LIBRARY_EDITION:number_of_pages,NO,1
EN,TWENTIETH_CENTURY,Alice Walker,1,7,10,/works/OL1815804W,Alice Walker banned,Alice Walker,1.0000,1996,/books/OL980789M,Alice Walker banned,,eng,1.0000,1879960478,Aunt Lute Books,1996,105,10526411,VALID_COVER,344,500,JPEG,data/cache/en-mass-editorial-engine/covers/EN-OL980789M.jpeg,NO,NO,167.0000,201.0000,AUTO_ACCEPT,Strong author/title/language match and validated physical cover.,SELECTED,,RECOVERED,OPEN_LIBRARY_EDITION:number_of_pages,NO,1
EN,TWENTIETH_CENTURY,Alice Walker,1,7,10,/works/OL1815817W,Anything We Love Can Be Saved,Alice Walker,1.0000,1997,/books/OL1001877M,Anything we love can be saved,a writer's activism,eng,1.0000,0679455841,Random House,1997,225,6635863,VALID_COVER,337,500,JPEG,data/cache/en-mass-editorial-engine/covers/EN-OL1001877M.jpeg,NO,NO,167.0000,201.0000,AUTO_ACCEPT,Strong author/title/language match and validated physical cover.,SELECTED,,RECOVERED,OPEN_LIBRARY_EDITION:number_of_pages,NO,1
EN,TWENTIETH_CENTURY,Alice Walker,1,7,10,/works/OL1890328W,Barracoon,Zora Neale Hurston | Alice Walker | Ibram X. Kendi,1.0000,2004,/books/OL26952387M,Barracoon,"the story of the last ""black cargo""",eng,1.0000,9780062748201,"Amistad, an imprint of HarperCollins Publishers",2018,171,14572834,VALID_COVER,264,400,JPEG,data/cache/en-mass-editorial-engine/covers/EN-OL26952387M.jpeg,NO,NO,167.0000,201.0000,AUTO_ACCEPT,Strong author/title/language match and validated physical cover.,SELECTED,,RECOVERED,OPEN_LIBRARY_EDITION:number_of_pages,NO,1
EN,TWENTIETH_CENTURY,Alice Walker,1,7,10,/works/OL1815818W,By The Light of My Father's Smile,Alice Walker,1.0000,1998,/books/OL32650565M,By The Light of My Father's Smile,,eng,1.0000,0704350831,Woman's Press,1998,,11279981,VALID_COVER,317,500,JPEG,data/cache/en-mass-editorial-engine/covers/EN-OL32650565M.jpeg,NO,NO,167.0000,201.0000,AUTO_ACCEPT,Strong author/title/language match and validated physical cover.,SELECTED,,NO_PAGE_COUNT,,NO,1
EN,TWENTIETH_CENTURY,Anthony Burgess,1,8,12,/works/OL1386730W,1985,Anthony Burgess | Anthony Burgess,1.0000,1978,/books/OL4722261M,1985,,eng,1.0000,0316116513,"Little, Brown",1978,272,6640240,VALID_COVER,340,500,JPEG,data/cache/en-mass-editorial-engine/covers/EN-OL4722261M.jpeg,NO,NO,167.0000,201.0000,AUTO_ACCEPT,Strong author/title/language match and validated physical cover.,SELECTED,,RECOVERED,OPEN_LIBRARY_EDITION:number_of_pages,NO,1
EN,TWENTIETH_CENTURY,Anthony Burgess,1,8,12,/works/OL261794W,A Clockwork Orange,Anthony Burgess,1.0000,1962,/books/OL27284158M,A Clockwork Orange,,eng,1.0000,9781856132664,Penguin Classics,2000,141,12393415,VALID_COVER,327,500,JPEG,data/cache/en-mass-editorial-engine/covers/EN-OL27284158M.jpeg,NO,NO,167.0000,201.0000,AUTO_ACCEPT,Strong author/title/language match and validated physical cover.,SELECTED,,RECOVERED,OPEN_LIBRARY_EDITION:number_of_pages,NO,1
EN,TWENTIETH_CENTURY,Anthony Burgess,1,8,12,/works/OL1386688W,A Dead Man in Deptford,Anthony Burgess,1.0000,1993,/books/OL7317067M,A Dead Man in Deptford,,eng,1.0000,9780099302568,Vintage,1994,288,10525462,VALID_COVER,323,500,JPEG,data/cache/en-mass-editorial-engine/covers/EN-OL7317067M.jpeg,NO,NO,167.0000,201.0000,AUTO_ACCEPT,Strong author/title/language match and validated physical cover.,SELECTED,,RECOVERED,OPEN_LIBRARY_EDITION:number_of_pages,NO,1
EN,TWENTIETH_CENTURY,Anthony Burgess,1,8,12,/works/OL1386691W,A long trip to teatime,Anthony Burgess,1.0000,1976,/books/OL38227238M,A long trip to teatime,,eng,1.0000,0883730774,Stonehill Publishing Co.,1978,,12775478,VALID_COVER,324,500,JPEG,data/cache/en-mass-editorial-engine/covers/EN-OL38227238M.jpeg,NO,NO,167.0000,201.0000,AUTO_ACCEPT,Strong author/title/language match and validated physical cover.,SELECTED,,NO_PAGE_COUNT,,NO,1
EN,TWENTIETH_CENTURY,Anthony Burgess,1,8,12,/works/OL261782W,A Mouthful of Air,Anthony Burgess,1.0000,1992,/books/OL7726589M,A Mouthful of Air,"Language, Languages...Especially English",eng,1.0000,9780688119355,William Morrow & Co,1993,416,13440689,VALID_COVER,325,500,JPEG,data/cache/en-mass-editorial-engine/covers/EN-OL7726589M.jpeg,NO,NO,167.0000,201.0000,AUTO_ACCEPT,Strong author/title/language match and validated physical cover.,SELECTED,,RECOVERED,OPEN_LIBRARY_EDITION:number_of_pages,NO,1
EN,TWENTIETH_CENTURY,Anthony Burgess,1,8,12,/works/OL1386723W,Abba Abba,Anthony Burgess,1.0000,1977,/books/OL4737000M,Abba Abba,,eng,1.0000,0316116521,"Little, Brown",1979,127,10525559,VALID_COVER,315,500,JPEG,data/cache/en-mass-editorial-engine/covers/EN-OL4737000M.jpeg,NO,NO,167.0000,201.0000,AUTO_ACCEPT,Strong author/title/language match and validated physical cover.,SELECTED,,RECOVERED,OPEN_LIBRARY_EDITION:number_of_pages,NO,1
EN,TWENTIETH_CENTURY,Anthony Burgess,1,8,12,/works/OL1386713W,Beard's Roman Women,Anthony Burgess,1.0000,1976,/books/OL4881773M,Beard's Roman women,a novel,eng,1.0000,0070089604,McGraw-Hill,1976,155,10525577,VALID_COVER,314,500,JPEG,data/cache/en-mass-editorial-engine/covers/EN-OL4881773M.jpeg,NO,NO,167.0000,201.0000,AUTO_ACCEPT,Strong author/title/language match and validated physical cover.,SELECTED,,RECOVERED,OPEN_LIBRARY_EDITION:number_of_pages,NO,1
EN,TWENTIETH_CENTURY,Anthony Burgess,1,8,12,/works/OL1386702W,But do blondes prefer gentlemen?,Anthony Burgess,1.0000,1986,/books/OL2542273M,But do blondes prefer gentlemen?,"homage to Qwert Yuiop, and other writings",eng,1.0000,0070089779,McGraw-Hill,1986,589,10525579,VALID_COVER,353,500,JPEG,data/cache/en-mass-editorial-engine/covers/EN-OL2542273M.jpeg,NO,NO,167.0000,201.0000,AUTO_ACCEPT,Strong author/title/language match and validated physical cover.,SELECTED,,RECOVERED,OPEN_LIBRARY_EDITION:number_of_pages,NO,1
EN,TWENTIETH_CENTURY,Doris Lessing,1,9,13,/works/OL13613786W,"A home for the highland cattle ; and, The antheap",Doris Lessing,1.0000,2003,/books/OL3320564M,A home for the highland cattle,"and, The antheap",eng,1.0000,1551113635,Broadview Press,2003,202,1866118,VALID_COVER,309,475,JPEG,data/cache/en-mass-editorial-engine/covers/EN-OL3320564M.jpeg,NO,NO,167.0000,201.0000,AUTO_ACCEPT,Strong author/title/language match and validated physical cover.,SELECTED,,RECOVERED,OPEN_LIBRARY_EDITION:number_of_pages,NO,1
EN,TWENTIETH_CENTURY,Doris Lessing,1,9,13,/works/OL31254W,A proper marriage,Doris Lessing,1.0000,1954,/books/OL24765468M,A proper marriage,a complete novel from Doris Lessing's masterwork Children of violence,eng,1.0000,0452265770,Plume,1991,345,6819317,VALID_COVER,329,500,JPEG,data/cache/en-mass-editorial-engine/covers/EN-OL24765468M.jpeg,NO,NO,167.0000,201.0000,AUTO_ACCEPT,Strong author/title/language match and validated physical cover.,SELECTED,,RECOVERED,OPEN_LIBRARY_EDITION:number_of_pages,NO,1
EN,TWENTIETH_CENTURY,Doris Lessing,1,9,13,/works/OL31234W,A small personal voice,Doris Lessing,1.0000,1974,/books/OL5191415M,A small personal voice,"essays, reviews, interviews",eng,1.0000,039471685X,Vintage Books,1975,171,6601309,VALID_COVER,294,500,JPEG,data/cache/en-mass-editorial-engine/covers/EN-OL5191415M.jpeg,NO,NO,167.0000,201.0000,AUTO_ACCEPT,Strong author/title/language match and validated physical cover.,SELECTED,,RECOVERED,OPEN_LIBRARY_EDITION:number_of_pages,NO,1
EN,TWENTIETH_CENTURY,Doris Lessing,1,9,13,/works/OL19975060W,Adore,Doris Lessing,1.0000,2013,/books/OL27155231M,Adore,a novella,eng,1.0000,9780062318961,Harper Perennial,2013,70,12998558,VALID_COVER,325,500,JPEG,data/cache/en-mass-editorial-engine/covers/EN-OL27155231M.jpeg,NO,NO,167.0000,201.0000,AUTO_ACCEPT,Strong author/title/language match and validated physical cover.,SELECTED,,RECOVERED,OPEN_LIBRARY_EDITION:number_of_pages,NO,1
EN,TWENTIETH_CENTURY,Doris Lessing,1,9,13,/works/OL31208W,African Laughter,Doris Lessing,1.0000,1992,/books/OL18674486M,African laughter,four visits to Zimbabwe,eng,1.0000,0002550199,HarperCollins,1992,442,5430608,VALID_COVER,128,193,JPEG,data/cache/en-mass-editorial-engine/covers/EN-OL18674486M.jpeg,NO,NO,167.0000,201.0000,AUTO_ACCEPT,Strong author/title/language match and validated physical cover.,SELECTED,,RECOVERED,OPEN_LIBRARY_EDITION:number_of_pages,NO,1
EN,TWENTIETH_CENTURY,Doris Lessing,1,9,13,/works/OL14949418W,Alfred and Emily,Doris Lessing,1.0000,2008,/books/OL32076172M,Alfred and Emily,,eng,1.0000,9780753182741,ISIS,2009,275,10728178,VALID_COVER,311,500,JPEG,data/cache/en-mass-editorial-engine/covers/EN-OL32076172M.jpeg,NO,NO,167.0000,201.0000,AUTO_ACCEPT,Strong author/title/language match and validated physical cover.,SELECTED,,RECOVERED,OPEN_LIBRARY_EDITION:number_of_pages,NO,1
EN,TWENTIETH_CENTURY,Doris Lessing,1,9,13,/works/OL31252W,"Ben, in the World",Doris Lessing | PUNTO DE LECTURA / SUMA DE LETRAS,1.0000,2000,/books/OL24949752M,"Ben, in the world",the sequel to The fifth child,eng,1.0000,9780060196288,HarperCollins,2000,178,6963252,VALID_COVER,336,500,JPEG,data/cache/en-mass-editorial-engine/covers/EN-OL24949752M.jpeg,NO,NO,167.0000,201.0000,AUTO_ACCEPT,Strong author/title/language match and validated physical cover.,SELECTED,,RECOVERED,OPEN_LIBRARY_EDITION:number_of_pages,NO,1
EN,TWENTIETH_CENTURY,Doris Lessing,1,9,13,/works/OL31229W,Briefing for a Descent into Hell,Doris Lessing,1.0000,1971,/books/OL5757977M,Briefing for a descent into Hell,,eng,1.0000,0394421981,Knopf,1971,308,4615496,VALID_COVER,128,198,JPEG,data/cache/en-mass-editorial-engine/covers/EN-OL5757977M.jpeg,NO,NO,167.0000,201.0000,AUTO_ACCEPT,Strong author/title/language match and validated physical cover.,SELECTED,,RECOVERED,OPEN_LIBRARY_EDITION:number_of_pages,NO,1
EN,TWENTIETH_CENTURY,Doris Lessing,1,9,13,/works/OL14949319W,Canopus in Argos,Doris Lessing,1.0000,1992,/books/OL1567068M,Canopus in Argos,archives,eng,1.0000,0679741844,Vintage Books,1992,1228,420497,VALID_COVER,315,475,JPEG,data/cache/en-mass-editorial-engine/covers/EN-OL1567068M.jpeg,NO,NO,167.0000,201.0000,AUTO_ACCEPT,Strong author/title/language match and validated physical cover.,SELECTED,,RECOVERED,OPEN_LIBRARY_EDITION:number_of_pages,NO,1
EN,TWENTIETH_CENTURY,Ernest Hemingway,1,10,15,/works/OL384904W,A clean well-lighted place,Ernest Hemingway,1.0000,1990,/books/OL1850591M,A clean well-lighted place,,eng,1.0000,0886823455,Creative Education,1990,30,13179630,VALID_COVER,359,500,JPEG,data/cache/en-mass-editorial-engine/covers/EN-OL1850591M.jpeg,NO,NO,167.0000,201.0000,AUTO_ACCEPT,Strong author/title/language match and validated physical cover.,SELECTED,,RECOVERED,OPEN_LIBRARY_EDITION:number_of_pages,NO,1
EN,TWENTIETH_CENTURY,Ernest Hemingway,1,10,15,/works/OL8311071W,A Farewell to Arms,Ernest Hemingway,1.0000,2008,/books/OL11149627M,A Farewell to Arms,,eng,1.0000,9780791096246,Chelsea House Publishers,January 2008,,11678026,VALID_COVER,319,500,JPEG,data/cache/en-mass-editorial-engine/covers/EN-OL11149627M.jpeg,NO,NO,167.0000,201.0000,AUTO_ACCEPT,Strong author/title/language match and validated physical cover.,SELECTED,,NO_PAGE_COUNT,,NO,1
EN,TWENTIETH_CENTURY,Ernest Hemingway,1,10,15,/works/OL18593160W,Bad apple,Ernest Hemingway,1.0000,2011,/books/OL28567117M,Bad Apple,A Tale of Friendship,eng,1.0000,9780147517487,Penguin Publishing Group,2017,32,14206809,VALID_COVER,500,450,JPEG,data/cache/en-mass-editorial-engine/covers/EN-OL28567117M.jpeg,NO,NO,167.0000,201.0000,AUTO_ACCEPT,Strong author/title/language match and validated physical cover.,SELECTED,,RECOVERED,OPEN_LIBRARY_EDITION:number_of_pages,NO,1
EN,TWENTIETH_CENTURY,Ernest Hemingway,1,10,15,/works/OL63057W,By-Line,Ernest Hemingway,1.0000,1937,/books/OL18847754M,By-line,Ernest Hemingway : selected articles and dispatches of four decades,eng,1.0000,0586209298,Grafton,1989,479,8174661,VALID_COVER,290,500,JPEG,data/cache/en-mass-editorial-engine/covers/EN-OL18847754M.jpeg,NO,NO,167.0000,201.0000,AUTO_ACCEPT,Strong author/title/language match and validated physical cover.,SELECTED,,RECOVERED,OPEN_LIBRARY_EDITION:number_of_pages,NO,1
EN,TWENTIETH_CENTURY,Ernest Hemingway,1,10,15,/works/OL63049W,By-line: Ernest Hemingway,Ernest Hemingway,1.0000,1967,/books/OL15105869M,By-line: Ernest Hemingway,Selected articles and dispatches of four decades,eng,1.0000,0684717956,Charles Schribner's Sons,1967,489,14811320,VALID_COVER,309,475,JPEG,data/cache/en-mass-editorial-engine/covers/EN-OL15105869M.jpeg,NO,NO,167.0000,201.0000,AUTO_ACCEPT,Strong author/title/language match and validated physical cover.,SELECTED,,RECOVERED,OPEN_LIBRARY_EDITION:number_of_pages,NO,1
EN,TWENTIETH_CENTURY,Ernest Hemingway,1,10,15,/works/OL62975W,"Dateline, Toronto",Ernest Hemingway,1.0000,1985,/books/OL2533725M,"Dateline, Toronto","the complete Toronto star dispatches, 1920-1924",eng,1.0000,0684185156,Scribner's,1985,478,6768043,VALID_COVER,331,500,JPEG,data/cache/en-mass-editorial-engine/covers/EN-OL2533725M.jpeg,NO,NO,167.0000,201.0000,AUTO_ACCEPT,Strong author/title/language match and validated physical cover.,SELECTED,,RECOVERED,OPEN_LIBRARY_EDITION:number_of_pages,NO,1
EN,TWENTIETH_CENTURY,Ernest Hemingway,1,10,15,/works/OL63066W,Death in the afternoon,Ernest Hemingway,1.0000,1920,/books/OL51005089M,Death in the Afternoon,,eng,1.0000,9780084850487,PF Collier.,1932,390,14919021,VALID_COVER,324,500,JPEG,data/cache/en-mass-editorial-engine/covers/EN-OL51005089M.jpeg,NO,NO,167.0000,201.0000,AUTO_ACCEPT,Strong author/title/language match and validated physical cover.,SELECTED,,RECOVERED,OPEN_LIBRARY_EDITION:number_of_pages,NO,1
EN,TWENTIETH_CENTURY,Evelyn Waugh,1,8,12,/works/OL5721552W,A little learning,Evelyn Waugh,1.0000,1964,/books/OL2875955M,A little learning,the first volume of an autobiography,eng,1.0000,0316926442,"Little, Brown",1980,234,9675086,VALID_COVER,296,500,JPEG,data/cache/en-mass-editorial-engine/covers/EN-OL2875955M.jpeg,NO,NO,167.0000,201.0000,AUTO_ACCEPT,Strong author/title/language match and validated physical cover.,SELECTED,,RECOVERED,OPEN_LIBRARY_EDITION:number_of_pages,NO,1
EN,TWENTIETH_CENTURY,Evelyn Waugh,1,8,12,/works/OL5721536W,A little order,Evelyn Waugh,1.0000,1977,/books/OL4108285M,A little order,a selection from his journalism,eng,1.0000,0316926337,"Little, Brown",1980,192,9996969,VALID_COVER,322,500,JPEG,data/cache/en-mass-editorial-engine/covers/EN-OL4108285M.jpeg,NO,NO,167.0000,201.0000,AUTO_ACCEPT,Strong author/title/language match and validated physical cover.,SELECTED,,RECOVERED,OPEN_LIBRARY_EDITION:number_of_pages,NO,1
EN,TWENTIETH_CENTURY,Evelyn Waugh,1,8,12,/works/OL5721390W,Black Mischief,Evelyn Waugh,1.0000,1800,/books/OL15095412M,Black mischief,a novel,eng,1.0000,0412505606,Chapman & Hall,1962,239,15139040,VALID_COVER,302,500,JPEG,data/cache/en-mass-editorial-engine/covers/EN-OL15095412M.jpeg,NO,NO,167.0000,201.0000,AUTO_ACCEPT,Strong author/title/language match and validated physical cover.,SELECTED,,RECOVERED,OPEN_LIBRARY_EDITION:number_of_pages,NO,1
EN,TWENTIETH_CENTURY,Evelyn Waugh,1,8,12,/works/OL5721391W,Black Mischief ; Scoop ; The loved one ; The ordeal of Gilbert Pinfold,Evelyn Waugh,1.0000,2003,/books/OL3687731M,Black Mischief ; Scoop ; The loved one ; The ordeal of Gilbert Pinfold,,eng,1.0000,1400040779,Everyman's Library/Alfred A. Knopf,2003,622,745201,VALID_COVER,294,475,JPEG,data/cache/en-mass-editorial-engine/covers/EN-OL3687731M.jpeg,NO,NO,167.0000,201.0000,AUTO_ACCEPT,Strong author/title/language match and validated physical cover.,SELECTED,,RECOVERED,OPEN_LIBRARY_EDITION:number_of_pages,NO,1
EN,TWENTIETH_CENTURY,Evelyn Waugh,1,8,12,/works/OL5721394W,Brideshead Revisited,Evelyn Waugh,1.0000,1945,/books/OL18563792M,Brideshead revisited,the sacred and profane memories of Captain Charles Ryder,eng,1.0000,0140008217,Penguin,1962,,10735718,VALID_COVER,297,500,JPEG,data/cache/en-mass-editorial-engine/covers/EN-OL18563792M.jpeg,NO,NO,167.0000,201.0000,AUTO_ACCEPT,Strong author/title/language match and validated physical cover.,SELECTED,,NO_PAGE_COUNT,,NO,1
EN,TWENTIETH_CENTURY,Evelyn Waugh,1,8,12,/works/OL5721403W,Charles Ryder's schooldays and other stories,Evelyn Waugh,1.0000,1982,/books/OL3107202M,Charles Ryder's schooldays and other stories,,eng,1.0000,0316926396,"Little, Brown",1982,292,6633144,VALID_COVER,308,500,JPEG,data/cache/en-mass-editorial-engine/covers/EN-OL3107202M.jpeg,NO,NO,167.0000,201.0000,AUTO_ACCEPT,Strong author/title/language match and validated physical cover.,SELECTED,,RECOVERED,OPEN_LIBRARY_EDITION:number_of_pages,NO,1
EN,TWENTIETH_CENTURY,F. Scott Fitzgerald,1,8,12,/works/OL468518W,A life in letters,F. Scott Fitzgerald,1.0000,1994,/books/OL1420873M,A life in letters,,eng,1.0000,0684195704,Scribner's,1994,503,424778,VALID_COVER,318,475,JPEG,data/cache/en-mass-editorial-engine/covers/EN-OL1420873M.jpeg,NO,NO,167.0000,201.0000,AUTO_ACCEPT,Strong author/title/language match and validated physical cover.,SELECTED,,RECOVERED,OPEN_LIBRARY_EDITION:number_of_pages,NO,1
EN,TWENTIETH_CENTURY,F. Scott Fitzgerald,1,8,12,/works/OL468355W,All The Sad Young Men,F. Scott Fitzgerald | F. S. Fitzgerald,1.0000,1926,/books/OL29147710M,All the Sad Young Men,,eng,1.0000,9781847493040,Alma Classics,2013,224,13084369,VALID_COVER,326,500,JPEG,data/cache/en-mass-editorial-engine/covers/EN-OL29147710M.jpeg,NO,NO,167.0000,201.0000,AUTO_ACCEPT,Strong author/title/language match and validated physical cover.,SELECTED,,RECOVERED,OPEN_LIBRARY_EDITION:number_of_pages,NO,1
EN,TWENTIETH_CENTURY,F. Scott Fitzgerald,1,8,12,/works/OL468531W,Babylon revisited,F. Scott Fitzgerald,1.0000,1971,/books/OL1405766M,Babylon revisited,the screenplay,eng,1.0000,0881849685,Carroll & Graf Publishers,1993,190,678949,VALID_COVER,318,475,JPEG,data/cache/en-mass-editorial-engine/covers/EN-OL1405766M.jpeg,NO,NO,167.0000,201.0000,AUTO_ACCEPT,Strong author/title/language match and validated physical cover.,SELECTED,,RECOVERED,OPEN_LIBRARY_EDITION:number_of_pages,NO,1
EN,TWENTIETH_CENTURY,F. Scott Fitzgerald,1,8,12,/works/OL468506W,Bernice bobs her hair and other stories,F. Scott Fitzgerald,1.0000,1968,/books/OL821067M,Bernice bobs her hair and other stories,,eng,1.0000,0451526112,Signet Classic,1996,328,295554,VALID_COVER,286,475,JPEG,data/cache/en-mass-editorial-engine/covers/EN-OL821067M.jpeg,NO,NO,167.0000,201.0000,AUTO_ACCEPT,Strong author/title/language match and validated physical cover.,SELECTED,,RECOVERED,OPEN_LIBRARY_EDITION:number_of_pages,NO,1
EN,TWENTIETH_CENTURY,F. Scott Fitzgerald,1,8,12,/works/OL468538W,"Dear Scott, dear Max",F. Scott Fitzgerald,1.0000,1971,/books/OL5084638M,"Dear Scott, dear Max",the Fitzgerald-Perkins correspondence,eng,1.0000,0304291501,Cassell,1973,282,13924390,VALID_COVER,305,500,JPEG,data/cache/en-mass-editorial-engine/covers/EN-OL5084638M.jpeg,NO,NO,167.0000,201.0000,AUTO_ACCEPT,Strong author/title/language match and validated physical cover.,SELECTED,,RECOVERED,OPEN_LIBRARY_EDITION:number_of_pages,NO,1
EN,TWENTIETH_CENTURY,F. Scott Fitzgerald,1,8,12,/works/OL468387W,"Dear Scott, Dearest Zelda",F. Scott Fitzgerald,1.0000,2002,/books/OL3952722M,"Dear Scott, dearest Zelda",the love letters of F. Scott and Zelda Fitzgerald,eng,1.0000,0312268750,St. Martin's Press,2002,400,177628,VALID_COVER,308,475,JPEG,data/cache/en-mass-editorial-engine/covers/EN-OL3952722M.jpeg,NO,NO,167.0000,201.0000,AUTO_ACCEPT,Strong author/title/language match and validated physical cover.,SELECTED,,RECOVERED,OPEN_LIBRARY_EDITION:number_of_pages,NO,1
EN,TWENTIETH_CENTURY,Flannery O'Connor,1,6,9,/works/OL19974777W,A prayer journal,Flannery O'Connor,1.0000,2013,/books/OL27154950M,A prayer journal,,eng,1.0000,9780374236915,"Farrar, Straus, and Giroux",2013,96,15154395,VALID_COVER,333,500,JPEG,data/cache/en-mass-editorial-engine/covers/EN-OL27154950M.jpeg,NO,NO,167.0000,201.0000,AUTO_ACCEPT,Strong author/title/language match and validated physical cover.,SELECTED,,RECOVERED,OPEN_LIBRARY_EDITION:number_of_pages,NO,1
EN,TWENTIETH_CENTURY,Flannery O'Connor,1,6,9,/works/OL17446068W,American Women Fiction Writers - 1900-1960 - Volume Two,Harold Bloom | Pauline E. Hopkins | Zora Neale Hurston | Shirley Jackson | Nella Larsen | Mary McCarthy | Carson McCullers | Margaret Mitchell | Anaïs Nin | Flannery O'Connor | Dorothy Parker | Ann Lane Petry,1.0000,1997,/books/OL26030225M,American Women Fiction Writers,1900-1960: Volume Two,eng,1.0000,9780791044971,Chelsea House Publications,1997,180,10720731,VALID_COVER,321,500,JPEG,data/cache/en-mass-editorial-engine/covers/EN-OL26030225M.jpeg,NO,NO,167.0000,201.0000,AUTO_ACCEPT,Strong author/title/language match and validated physical cover.,SELECTED,,RECOVERED,OPEN_LIBRARY_EDITION:number_of_pages,NO,1
EN,TWENTIETH_CENTURY,Flannery O'Connor,1,6,9,/works/OL16335339W,Conversations with Flannery O'Connor,Flannery O'Connor,1.0000,1987,/books/OL2728436M,Conversations with Flannery O'Connor,,eng,1.0000,087805264X,University Press of Mississippi,1987,118,672362,VALID_COVER,322,475,JPEG,data/cache/en-mass-editorial-engine/covers/EN-OL2728436M.jpeg,NO,NO,167.0000,201.0000,AUTO_ACCEPT,Strong author/title/language match and validated physical cover.,SELECTED,,RECOVERED,OPEN_LIBRARY_EDITION:number_of_pages,NO,1
EN,TWENTIETH_CENTURY,George Orwell,1,8,12,/works/OL23745689W,1984,George Orwell | Fido Nesti,1.0000,1984,/books/OL29848969M,1984,the Graphic Novel,eng,1.0000,9780358359920,Houghton Mifflin Harcourt Publishing Company,2021,288,13105962,VALID_COVER,378,500,JPEG,data/cache/en-mass-editorial-engine/covers/EN-OL29848969M.jpeg,NO,NO,167.0000,201.0000,AUTO_ACCEPT,Strong author/title/language match and validated physical cover.,SELECTED,,RECOVERED,OPEN_LIBRARY_EDITION:number_of_pages,NO,1
EN,TWENTIETH_CENTURY,George Orwell,1,8,12,/works/OL1168017W,A Clergyman's Daughter,George Orwell,1.0000,1935,/books/OL24953387M,A clergyman's daughter,,eng,1.0000,9780156180658,Harcourt Brace Jovanovich,1970,320,6998155,VALID_COVER,296,500,JPEG,data/cache/en-mass-editorial-engine/covers/EN-OL24953387M.jpeg,NO,NO,167.0000,201.0000,AUTO_ACCEPT,Strong author/title/language match and validated physical cover.,SELECTED,,RECOVERED,OPEN_LIBRARY_EDITION:number_of_pages,NO,1
EN,TWENTIETH_CENTURY,George Orwell,1,8,12,/works/OL1167992W,All art is propaganda,George Orwell | Keith Gessen | George Packer,1.0000,2008,/books/OL16726494M,All Art is Propaganda,Critical Essays,eng,1.0000,9780151013555,Harcourt,2008,374,10524421,VALID_COVER,345,500,JPEG,data/cache/en-mass-editorial-engine/covers/EN-OL16726494M.jpeg,NO,NO,167.0000,201.0000,AUTO_ACCEPT,Strong author/title/language match and validated physical cover.,SELECTED,,RECOVERED,OPEN_LIBRARY_EDITION:number_of_pages,NO,1
EN,TWENTIETH_CENTURY,George Orwell,1,8,12,/works/OL8232910W,Black Gold,George Orwell,1.0000,2006,/books/OL24259442M,Black Gold,,eng,1.0000,9780470048030,"John Wiley & Sons, Ltd.",2006,,6407451,VALID_COVER,375,500,JPEG,data/cache/en-mass-editorial-engine/covers/EN-OL24259442M.jpeg,NO,NO,167.0000,201.0000,AUTO_ACCEPT,Strong author/title/language match and validated physical cover.,SELECTED,,NO_PAGE_COUNT,,NO,1
EN,TWENTIETH_CENTURY,George Orwell,1,8,12,/works/OL15192459W,Decline of the English Murder,George Orwell,1.0000,2009,/books/OL24324771M,Decline of the English Murder,,eng,1.0000,9780141956558,Penguin Group UK,2010,,6449203,VALID_COVER,375,500,JPEG,data/cache/en-mass-editorial-engine/covers/EN-OL24324771M.jpeg,NO,NO,167.0000,201.0000,AUTO_ACCEPT,Strong author/title/language match and validated physical cover.,SELECTED,,NO_PAGE_COUNT,,NO,1
EN,TWENTIETH_CENTURY,George Orwell,1,8,12,/works/OL14905906W,Diaries,George Orwell,1.0000,2009,/books/OL25253143M,Diaries,,eng,1.0000,9780871404107,Liveright,2012,597,12178928,VALID_COVER,326,500,JPEG,data/cache/en-mass-editorial-engine/covers/EN-OL25253143M.jpeg,NO,NO,167.0000,201.0000,AUTO_ACCEPT,Strong author/title/language match and validated physical cover.,SELECTED,,RECOVERED,OPEN_LIBRARY_EDITION:number_of_pages,NO,1
EN,TWENTIETH_CENTURY,George Orwell,1,8,12,/works/OL1168030W,Down and Out in Paris and London,George Orwell,1.0000,1933,/books/OL35616348M,Down and out in Paris and London,,eng,1.0000,9780141193915,Penguin Books,2009,230,12323493,VALID_COVER,320,500,JPEG,data/cache/en-mass-editorial-engine/covers/EN-OL35616348M.jpeg,NO,NO,167.0000,201.0000,AUTO_ACCEPT,Strong author/title/language match and validated physical cover.,SELECTED,,RECOVERED,OPEN_LIBRARY_EDITION:number_of_pages,NO,1
EN,TWENTIETH_CENTURY,George Orwell,1,8,12,/works/OL27301741W,Down and out in Paris and London & the road to Wigan Pier,George Orwell,1.0000,2016,/books/OL37061562M,Down and out in Paris and London & the road to Wigan Pier,,eng,1.0000,9781502941268,[publisher not identified],2016,258,12633283,VALID_COVER,327,500,JPEG,data/cache/en-mass-editorial-engine/covers/EN-OL37061562M.jpeg,NO,NO,167.0000,201.0000,AUTO_ACCEPT,Strong author/title/language match and validated physical cover.,SELECTED,,RECOVERED,OPEN_LIBRARY_EDITION:number_of_pages,NO,1
EN,TWENTIETH_CENTURY,Graham Greene,1,10,15,/works/OL106031W,A world of my own,Graham Greene,1.0000,1992,/books/OL17314543M,A world of my own,a dream diary,eng,1.0000,0394223055,A.A. Knopf Canada,1992,116,5374050,VALID_COVER,128,203,JPEG,data/cache/en-mass-editorial-engine/covers/EN-OL17314543M.jpeg,NO,NO,167.0000,201.0000,AUTO_ACCEPT,Strong author/title/language match and validated physical cover.,SELECTED,,RECOVERED,OPEN_LIBRARY_EDITION:number_of_pages,NO,1
EN,TWENTIETH_CENTURY,Graham Greene,1,10,15,/works/OL106033W,British dramatists,Graham Greene,1.0000,1942,/books/OL8980971M,British Dramatists,,eng,1.0000,9781853752285,Prion,"June 1, 1997",96,903313,VALID_COVER,318,475,JPEG,data/cache/en-mass-editorial-engine/covers/EN-OL8980971M.jpeg,NO,NO,167.0000,201.0000,AUTO_ACCEPT,Strong author/title/language match and validated physical cover.,SELECTED,,RECOVERED,OPEN_LIBRARY_EDITION:number_of_pages,NO,1
EN,TWENTIETH_CENTURY,Graham Greene,1,10,15,/works/OL105963W,Collected short stories,Graham Greene,1.0000,1986,/books/OL2474079M,Collected short stories,,eng,1.0000,0140080708,Penguin Books,1986,367,7972793,VALID_COVER,302,500,JPEG,data/cache/en-mass-editorial-engine/covers/EN-OL2474079M.jpeg,NO,NO,167.0000,201.0000,AUTO_ACCEPT,Strong author/title/language match and validated physical cover.,SELECTED,,RECOVERED,OPEN_LIBRARY_EDITION:number_of_pages,NO,1
EN,TWENTIETH_CENTURY,Graham Greene,1,10,15,/works/OL16229820W,Complete short stories,Graham Greene,1.0000,2005,/books/OL3309151M,Complete short stories,,eng,1.0000,0143039105,Penguin Books,2005,594,111480,VALID_COVER,326,500,JPEG,data/cache/en-mass-editorial-engine/covers/EN-OL3309151M.jpeg,NO,NO,167.0000,201.0000,AUTO_ACCEPT,Strong author/title/language match and validated physical cover.,SELECTED,,RECOVERED,OPEN_LIBRARY_EDITION:number_of_pages,NO,1
EN,TWENTIETH_CENTURY,Graham Greene,1,10,15,/works/OL106040W,"Doctor Fischer of Geneva, or, The bomb party",Graham Greene | Josep Alemany Castells,1.0000,1908,/books/OL4096127M,Doctor Fischer of Geneva,"or, The bomb party",eng,1.0000,0671254677,Simon and Schuster,1980,156,15252020,VALID_COVER,310,500,JPEG,data/cache/en-mass-editorial-engine/covers/EN-OL4096127M.jpeg,NO,NO,167.0000,201.0000,AUTO_ACCEPT,Strong author/title/language match and validated physical cover.,SELECTED,,RECOVERED,OPEN_LIBRARY_EDITION:number_of_pages,NO,1
EN,TWENTIETH_CENTURY,Iris Murdoch,1,9,13,/works/OL15461805W,A writer at war,Iris Murdoch,1.0000,2010,/books/OL24428094M,A writer at war,"letters & diaries, 1938-46",eng,1.0000,9781906021221,Short,2010,303,11009897,VALID_COVER,327,500,JPEG,data/cache/en-mass-editorial-engine/covers/EN-OL24428094M.jpeg,NO,NO,167.0000,201.0000,AUTO_ACCEPT,Strong author/title/language match and validated physical cover.,SELECTED,,RECOVERED,OPEN_LIBRARY_EDITION:number_of_pages,NO,1
EN,TWENTIETH_CENTURY,Iris Murdoch,1,9,13,/works/OL1326362W,A year of birds,Iris Murdoch,1.0000,1978,/books/OL2609794M,A year of birds,poems,eng,1.0000,0701139382,Chatto & Windus,1984,30,4157498,VALID_COVER,128,164,JPEG,data/cache/en-mass-editorial-engine/covers/EN-OL2609794M.jpeg,NO,NO,167.0000,201.0000,AUTO_ACCEPT,Strong author/title/language match and validated physical cover.,SELECTED,,RECOVERED,OPEN_LIBRARY_EDITION:number_of_pages,NO,1
EN,TWENTIETH_CENTURY,Iris Murdoch,1,9,13,/works/OL1326379W,Acastos,Iris Murdoch,1.0000,1986,/books/OL9301997M,Acastos,Two Platonic Dialogues,eng,1.0000,9780140086966,Penguin (Non-Classics),"April 5, 1988",144,15158078,VALID_COVER,135,211,JPEG,data/cache/en-mass-editorial-engine/covers/EN-OL9301997M.jpeg,NO,NO,167.0000,201.0000,AUTO_ACCEPT,Strong author/title/language match and validated physical cover.,SELECTED,,RECOVERED,OPEN_LIBRARY_EDITION:number_of_pages,NO,1
EN,TWENTIETH_CENTURY,Iris Murdoch,1,9,13,/works/OL1326366W,An Accidental Man,Iris Murdoch,1.0000,1971,/books/OL4468977M,An Accidental Man,,eng,1.0000,0670102083,Viking Press,1971,442,15157451,VALID_COVER,270,391,JPEG,data/cache/en-mass-editorial-engine/covers/EN-OL4468977M.jpeg,NO,NO,167.0000,201.0000,AUTO_ACCEPT,Strong author/title/language match and validated physical cover.,SELECTED,,RECOVERED,OPEN_LIBRARY_EDITION:number_of_pages,NO,1
EN,TWENTIETH_CENTURY,Iris Murdoch,1,9,13,/works/OL1326312W,Bruno's Dream,Iris Murdoch,1.0000,1968,/books/OL4943404M,Bruno's dream,,eng,1.0000,0701114266,Chatto & Windus,1969,293,15157488,VALID_COVER,212,332,JPEG,data/cache/en-mass-editorial-engine/covers/EN-OL4943404M.jpeg,NO,NO,167.0000,201.0000,AUTO_ACCEPT,Strong author/title/language match and validated physical cover.,SELECTED,,RECOVERED,OPEN_LIBRARY_EDITION:number_of_pages,NO,1
EN,TWENTIETH_CENTURY,James Baldwin,1,8,12,/works/OL66754W,A rap on race,Margaret Mead | James Baldwin,1.0000,1971,/books/OL28219060M,A Rap on Race,,eng,1.0000,9780552090094,Delta,1972-06-08,256,15167639,VALID_COVER,312,500,JPEG,data/cache/en-mass-editorial-engine/covers/EN-OL28219060M.jpeg,NO,NO,167.0000,201.0000,AUTO_ACCEPT,Strong author/title/language match and validated physical cover.,SELECTED,,RECOVERED,OPEN_LIBRARY_EDITION:number_of_pages,NO,1
EN,TWENTIETH_CENTURY,James Baldwin,1,8,12,/works/OL21620154W,Dark Days,James Baldwin,1.0000,2018,/books/OL29368582M,Dark Days,,eng,1.0000,9780241337547,"Penguin Books, Limited",2018-02-22,64,12818855,VALID_COVER,345,500,JPEG,data/cache/en-mass-editorial-engine/covers/EN-OL29368582M.jpeg,NO,NO,167.0000,201.0000,AUTO_ACCEPT,Strong author/title/language match and validated physical cover.,SELECTED,,RECOVERED,OPEN_LIBRARY_EDITION:number_of_pages,NO,1
EN,TWENTIETH_CENTURY,James Joyce,1,8,12,/works/OL18179244W,A Mother,James Joyce,1.0000,2014,/books/OL27818194M,A Mother,,eng,1.0000,9781443440127,HarperPerennial Classics,2014-07-15,,9213940,VALID_COVER,333,500,JPEG,data/cache/en-mass-editorial-engine/covers/EN-OL27818194M.jpeg,NO,NO,167.0000,201.0000,AUTO_ACCEPT,Strong author/title/language match and validated physical cover.,SELECTED,,NO_PAGE_COUNT,,NO,1
EN,TWENTIETH_CENTURY,James Joyce,1,8,12,/works/OL15073256W,An Encounter,James Joyce,1.0000,1982,/books/OL3512716M,An Encounter,,eng,1.0000,9780871918963,Creative Education,1982,32,9208225,VALID_COVER,342,500,JPEG,data/cache/en-mass-editorial-engine/covers/EN-OL3512716M.jpeg,NO,NO,167.0000,201.0000,AUTO_ACCEPT,Strong author/title/language match and validated physical cover.,SELECTED,,RECOVERED,OPEN_LIBRARY_EDITION:number_of_pages,NO,1
EN,TWENTIETH_CENTURY,James Joyce,1,8,12,/works/OL20570121W,Araby,James Joyce,1.0000,2014,/books/OL27816186M,Araby,,eng,1.0000,9781443435024,Harper Perennial Classics,2014-07-15,,9212202,VALID_COVER,333,500,JPEG,data/cache/en-mass-editorial-engine/covers/EN-OL27816186M.jpeg,NO,NO,167.0000,201.0000,AUTO_ACCEPT,Strong author/title/language match and validated physical cover.,SELECTED,,NO_PAGE_COUNT,,NO,1
EN,TWENTIETH_CENTURY,John Steinbeck,1,10,15,/works/OL23170W,"America and Americans, and selected nonfiction",John Steinbeck,1.0000,2002,/books/OL3951386M,"America and Americans, and selected nonfiction",,eng,1.0000,0670030627,Viking,2002,429,9292325,VALID_COVER,321,500,JPEG,data/cache/en-mass-editorial-engine/covers/EN-OL3951386M.jpeg,NO,NO,167.0000,201.0000,AUTO_ACCEPT,Strong author/title/language match and validated physical cover.,SELECTED,,RECOVERED,OPEN_LIBRARY_EDITION:number_of_pages,NO,1
EN,TWENTIETH_CENTURY,John Steinbeck,1,10,15,/works/OL23171W,Bombs away,John Steinbeck,1.0000,1942,/books/OL24439036M,Bombs away,the story of a bomber team,eng,1.0000,9780143105916,Penguin Books,2009,156,13076450,VALID_COVER,317,500,JPEG,data/cache/en-mass-editorial-engine/covers/EN-OL24439036M.jpeg,NO,NO,167.0000,201.0000,AUTO_ACCEPT,Strong author/title/language match and validated physical cover.,SELECTED,,RECOVERED,OPEN_LIBRARY_EDITION:number_of_pages,NO,1
EN,TWENTIETH_CENTURY,John Steinbeck,1,10,15,/works/OL15334036W,Conversations with John Steinbeck,John Steinbeck,1.0000,1988,/books/OL2040925M,Conversations with John Steinbeck,,eng,1.0000,0878053603,University Press of Mississippi,1988,116,11386759,VALID_COVER,301,500,JPEG,data/cache/en-mass-editorial-engine/covers/EN-OL2040925M.jpeg,NO,NO,167.0000,201.0000,AUTO_ACCEPT,Strong author/title/language match and validated physical cover.,SELECTED,,RECOVERED,OPEN_LIBRARY_EDITION:number_of_pages,NO,1
EN,TWENTIETH_CENTURY,Joseph Heller,1,6,9,/works/OL15706659W,Bodywise,Joseph Heller,1.0000,1991,/books/OL8325148M,Bodywise,,eng,1.0000,9780914728733,Wingbow Press,April 1991,262,704871,VALID_COVER,367,475,JPEG,data/cache/en-mass-editorial-engine/covers/EN-OL8325148M.jpeg,NO,NO,167.0000,201.0000,AUTO_ACCEPT,Strong author/title/language match and validated physical cover.,SELECTED,,RECOVERED,OPEN_LIBRARY_EDITION:number_of_pages,NO,1
EN,TWENTIETH_CENTURY,Joseph Heller,1,6,9,/works/OL17805829W,"British policy towards the Ottoman Empire, 1908-1914",Joseph Heller,1.0000,1983,/books/OL3250467M,"British policy towards the Ottoman Empire, 1908-1914",,eng,1.0000,0714631272,F. Cass,1983,228,1350664,VALID_COVER,323,500,JPEG,data/cache/en-mass-editorial-engine/covers/EN-OL3250467M.jpeg,NO,NO,167.0000,201.0000,AUTO_ACCEPT,Strong author/title/language match and validated physical cover.,SELECTED,,RECOVERED,OPEN_LIBRARY_EDITION:number_of_pages,NO,1
EN,TWENTIETH_CENTURY,Joseph Heller,1,6,9,/works/OL276798W,Catch-22,Joseph Heller,1.0000,1961,/books/OL20021159M,Catch-22,a critical edition,eng,1.0000,0440543053,Dell Publishing Co,1978-04,562,9367155,VALID_COVER,345,500,JPEG,data/cache/en-mass-editorial-engine/covers/EN-OL20021159M.jpeg,NO,NO,167.0000,201.0000,AUTO_ACCEPT,Strong author/title/language match and validated physical cover.,SELECTED,,RECOVERED,OPEN_LIBRARY_EDITION:number_of_pages,NO,1
EN,TWENTIETH_CENTURY,Joseph Heller,1,6,9,/works/OL15706632W,Catch 22 (Bloom's Modern Critical Interpretations),Joseph Heller,1.0000,2007,/books/OL11149624M,Catch 22 (Bloom's Modern Critical Interpretations),,eng,1.0000,9780791096178,Bloom's Literary Criticism,"November 30, 2007",281,2633382,VALID_COVER,337,500,JPEG,data/cache/en-mass-editorial-engine/covers/EN-OL11149624M.jpeg,NO,NO,167.0000,201.0000,AUTO_ACCEPT,Strong author/title/language match and validated physical cover.,SELECTED,,RECOVERED,OPEN_LIBRARY_EDITION:number_of_pages,NO,1
EN,TWENTIETH_CENTURY,Joseph Heller,1,6,9,/works/OL26433608W,"Catch-22, Joseph Heller",Joseph Heller,1.0000,2007,/books/OL35713729M,"Catch-22, Joseph Heller",,eng,1.0000,9781411407183,Spark Pub.,2007,92,12448429,VALID_COVER,312,500,JPEG,data/cache/en-mass-editorial-engine/covers/EN-OL35713729M.jpeg,NO,NO,167.0000,201.0000,AUTO_ACCEPT,Strong author/title/language match and validated physical cover.,SELECTED,,RECOVERED,OPEN_LIBRARY_EDITION:number_of_pages,NO,1
EN,TWENTIETH_CENTURY,Joseph Heller,1,6,9,/works/OL276793W,Catch as Catch Can,Joseph Heller,1.0000,2003,/books/OL3566381M,Catch as catch can,the collected stories and other writings,eng,1.0000,0743243749,Simon & Schuster,2003,333,473335,VALID_COVER,312,475,JPEG,data/cache/en-mass-editorial-engine/covers/EN-OL3566381M.jpeg,NO,NO,167.0000,201.0000,AUTO_ACCEPT,Strong author/title/language match and validated physical cover.,SELECTED,,RECOVERED,OPEN_LIBRARY_EDITION:number_of_pages,NO,1
EN,TWENTIETH_CENTURY,Kurt Vonnegut,1,9,13,/works/OL15006622W,A Conversation with Kurt Vonnegut (Avid Reader),Kurt Vonnegut,1.0000,2007,/books/OL12273666M,A Conversation with Kurt Vonnegut (Avid Reader),,eng,1.0000,9781579704537,Audio-Forum,"April 17, 2007",,13898067,VALID_COVER,500,496,JPEG,data/cache/en-mass-editorial-engine/covers/EN-OL12273666M.jpeg,NO,NO,167.0000,201.0000,AUTO_ACCEPT,Strong author/title/language match and validated physical cover.,SELECTED,,NO_PAGE_COUNT,,NO,1
EN,TWENTIETH_CENTURY,Kurt Vonnegut,1,9,13,/works/OL15006670W,A Man Without a Country,Kurt Vonnegut,1.0000,2005,/books/OL3400638M,A man without a country,,eng,1.0000,9781583227138,Seven Stories Press,2005,146,846930,VALID_COVER,335,500,JPEG,data/cache/en-mass-editorial-engine/covers/EN-OL3400638M.jpeg,NO,NO,167.0000,201.0000,AUTO_ACCEPT,Strong author/title/language match and validated physical cover.,SELECTED,,RECOVERED,OPEN_LIBRARY_EDITION:number_of_pages,NO,1
EN,TWENTIETH_CENTURY,Kurt Vonnegut,1,9,13,/works/OL98463W,Armageddon in Retrospect,Kurt Vonnegut,1.0000,1998,/books/OL10175953M,Armageddon in Retrospect,,eng,1.0000,9780399155086,Putnam Adult,"April 1, 2008",240,2413511,VALID_COVER,331,500,JPEG,data/cache/en-mass-editorial-engine/covers/EN-OL10175953M.jpeg,NO,NO,167.0000,201.0000,AUTO_ACCEPT,Strong author/title/language match and validated physical cover.,SELECTED,,RECOVERED,OPEN_LIBRARY_EDITION:number_of_pages,NO,1
EN,TWENTIETH_CENTURY,Kurt Vonnegut,1,9,13,/works/OL98475W,Bagombo Snuff Box,Kurt Vonnegut,1.0000,1999,/books/OL32265M,Bagombo snuff box,uncollected short fiction,eng,1.0000,0399145052,G.P. Putnam's Sons,1999,295,14823362,VALID_COVER,316,500,JPEG,data/cache/en-mass-editorial-engine/covers/EN-OL32265M.jpeg,NO,NO,167.0000,201.0000,AUTO_ACCEPT,Strong author/title/language match and validated physical cover.,SELECTED,,RECOVERED,OPEN_LIBRARY_EDITION:number_of_pages,NO,1
EN,TWENTIETH_CENTURY,Kurt Vonnegut,1,9,13,/works/OL33326304W,Basic Training,Kurt Vonnegut,1.0000,2015,/books/OL45228619M,Basic Training,,eng,1.0000,9781511323628,Audible Studios on Brilliance,2015-09-29,,13124230,VALID_COVER,312,500,JPEG,data/cache/en-mass-editorial-engine/covers/EN-OL45228619M.jpeg,NO,NO,167.0000,201.0000,AUTO_ACCEPT,Strong author/title/language match and validated physical cover.,SELECTED,,NO_PAGE_COUNT,,NO,1
EN,TWENTIETH_CENTURY,Kurt Vonnegut,1,9,13,/works/OL98476W,Bluebeard,Kurt Vonnegut,1.0000,1987,/books/OL7439283M,Bluebeard,,eng,1.0000,9780385333511,Dial Press Trade Paperback,"September 8, 1998",336,6681025,VALID_COVER,184,280,JPEG,data/cache/en-mass-editorial-engine/covers/EN-OL7439283M.jpeg,NO,NO,167.0000,201.0000,AUTO_ACCEPT,Strong author/title/language match and validated physical cover.,SELECTED,,RECOVERED,OPEN_LIBRARY_EDITION:number_of_pages,NO,1
EN,TWENTIETH_CENTURY,Kurt Vonnegut,1,9,13,/works/OL98466W,Canary in a cat house,Kurt Vonnegut,1.0000,1961,/books/OL8276758M,Canary in a Cat House,,eng,1.0000,9780899667577,Buccaneer Books,June 1991,160,700528,VALID_COVER,286,475,JPEG,data/cache/en-mass-editorial-engine/covers/EN-OL8276758M.jpeg,NO,NO,167.0000,201.0000,AUTO_ACCEPT,Strong author/title/language match and validated physical cover.,SELECTED,,RECOVERED,OPEN_LIBRARY_EDITION:number_of_pages,NO,1
EN,TWENTIETH_CENTURY,Kurt Vonnegut,1,9,13,/works/OL19721194W,Complete stories,Kurt Vonnegut,1.0000,2017,/books/OL26934319M,Complete stories,,eng,1.0000,9781609808082,Seven Stories Press,2017,911,14453360,VALID_COVER,369,500,JPEG,data/cache/en-mass-editorial-engine/covers/EN-OL26934319M.jpeg,NO,NO,167.0000,201.0000,AUTO_ACCEPT,Strong author/title/language match and validated physical cover.,SELECTED,,RECOVERED,OPEN_LIBRARY_EDITION:number_of_pages,NO,1
EN,TWENTIETH_CENTURY,Kurt Vonnegut,1,9,13,/works/OL15177212W,Confido,Kurt Vonnegut,1.0000,2009,/books/OL24309011M,Confido,,eng,1.0000,9780440339403,Random House Publishing Group,2009,,6434216,VALID_COVER,375,500,JPEG,data/cache/en-mass-editorial-engine/covers/EN-OL24309011M.jpeg,NO,NO,167.0000,201.0000,AUTO_ACCEPT,Strong author/title/language match and validated physical cover.,SELECTED,,NO_PAGE_COUNT,,NO,1
EN,TWENTIETH_CENTURY,Muriel Spark,1,7,10,/works/OL26424W,A far cry from Kensington,Muriel Spark,1.0000,1988,/books/OL15592803M,A far cry from Kensington,,eng,1.0000,0140108742,Penguin,1989,189,10439170,VALID_COVER,326,500,JPEG,data/cache/en-mass-editorial-engine/covers/EN-OL15592803M.jpeg,NO,NO,167.0000,201.0000,AUTO_ACCEPT,Strong author/title/language match and validated physical cover.,SELECTED,,RECOVERED,OPEN_LIBRARY_EDITION:number_of_pages,NO,1
EN,TWENTIETH_CENTURY,Muriel Spark,1,7,10,/works/OL17705414W,All the stories of Muriel Spark,Muriel Spark,1.0000,2001,/books/OL3950374M,All the stories of Muriel Spark.,,eng,1.0000,081121494X,New Directions,2001,398,598365,VALID_COVER,317,475,JPEG,data/cache/en-mass-editorial-engine/covers/EN-OL3950374M.jpeg,NO,NO,167.0000,201.0000,AUTO_ACCEPT,Strong author/title/language match and validated physical cover.,SELECTED,,RECOVERED,OPEN_LIBRARY_EDITION:number_of_pages,NO,1
EN,TWENTIETH_CENTURY,Muriel Spark,1,7,10,/works/OL11637057W,Authors' ghosts,Muriel Spark,1.0000,2004,/books/OL16258413M,Authors' ghosts,seven poems,eng,1.0000,1874122369,Rees & O'Neill,2004,,13988258,VALID_COVER,336,500,JPEG,data/cache/en-mass-editorial-engine/covers/EN-OL16258413M.jpeg,NO,NO,167.0000,201.0000,AUTO_ACCEPT,Strong author/title/language match and validated physical cover.,SELECTED,,NO_PAGE_COUNT,,NO,1
EN,TWENTIETH_CENTURY,Muriel Spark,1,7,10,/works/OL18851066W,Collected stories of Muriel Spark,Muriel Spark,1.0000,1994,/books/OL21328366M,Collected stories of Muriel Spark.,,eng,1.0000,0140177949,Penguin Books,1994,360,11606059,VALID_COVER,317,500,JPEG,data/cache/en-mass-editorial-engine/covers/EN-OL21328366M.jpeg,NO,NO,167.0000,201.0000,AUTO_ACCEPT,Strong author/title/language match and validated physical cover.,SELECTED,,RECOVERED,OPEN_LIBRARY_EDITION:number_of_pages,NO,1
EN,TWENTIETH_CENTURY,Muriel Spark,1,7,10,/works/OL21334889W,Complete Short Stories,Muriel Spark | Janice Galloway,1.0000,2011,/books/OL28896462M,Complete Short Stories,,eng,1.0000,9780857862273,Canongate Books,2011,608,12324073,VALID_COVER,304,500,JPEG,data/cache/en-mass-editorial-engine/covers/EN-OL28896462M.jpeg,NO,NO,167.0000,201.0000,AUTO_ACCEPT,Strong author/title/language match and validated physical cover.,SELECTED,,RECOVERED,OPEN_LIBRARY_EDITION:number_of_pages,NO,1
EN,TWENTIETH_CENTURY,Philip Roth,1,10,15,/works/OL20010434W,100 years of the best American short stories,Lorrie Moore | Heidi Pitlor | F. Scott Fitzgerald | William Faulkner | Philip Roth | Alice Munro,1.0000,2015,/books/OL27190517M,100 years of the best American short stories,,eng,1.0000,9780547485850,Houghton Mifflin Harcourt,2015,723,12565774,VALID_COVER,322,500,JPEG,data/cache/en-mass-editorial-engine/covers/EN-OL27190517M.jpeg,NO,NO,167.0000,201.0000,AUTO_ACCEPT,Strong author/title/language match and validated physical cover.,SELECTED,,RECOVERED,OPEN_LIBRARY_EDITION:number_of_pages,NO,1
EN,TWENTIETH_CENTURY,Philip Roth,1,10,15,/works/OL74640W,A Philip Roth reader,Philip Roth,1.0000,1980,/books/OL21331930M,A Philip Roth reader.,,eng,1.0000,0374231702,"Farrar, Straus, Giroux",1980,483,6967654,VALID_COVER,332,500,JPEG,data/cache/en-mass-editorial-engine/covers/EN-OL21331930M.jpeg,NO,NO,167.0000,201.0000,AUTO_ACCEPT,Strong author/title/language match and validated physical cover.,SELECTED,,RECOVERED,OPEN_LIBRARY_EDITION:number_of_pages,NO,1
EN,TWENTIETH_CENTURY,Philip Roth,1,10,15,/works/OL74666W,American Pastoral,Philip Roth,1.0000,1997,/books/OL31985578M,American Pastoral,,eng,1.0000,9781784706456,Vintage,2016,423,10659120,VALID_COVER,325,500,JPEG,data/cache/en-mass-editorial-engine/covers/EN-OL31985578M.jpeg,NO,NO,167.0000,201.0000,AUTO_ACCEPT,Strong author/title/language match and validated physical cover.,SELECTED,,RECOVERED,OPEN_LIBRARY_EDITION:number_of_pages,NO,1
EN,TWENTIETH_CENTURY,Philip Roth,1,10,15,/works/OL74670W,Deception,Philip Roth,1.0000,1990,/books/OL7663579M,Deception,,eng,1.0000,9780671732967,Touchstone,1991,208,9322652,VALID_COVER,323,500,JPEG,data/cache/en-mass-editorial-engine/covers/EN-OL7663579M.jpeg,NO,NO,167.0000,201.0000,AUTO_ACCEPT,Strong author/title/language match and validated physical cover.,SELECTED,,RECOVERED,OPEN_LIBRARY_EDITION:number_of_pages,NO,1
EN,TWENTIETH_CENTURY,Ralph Ellison,1,5,8,/works/OL495463W,Conversations with Ralph Ellison,Ralph Ellison,1.0000,1995,/books/OL22283790M,Conversations with Ralph Ellison,,eng,1.0000,0878057803,University Press of Mississippi,1995,409,8555723,VALID_COVER,323,475,JPEG,data/cache/en-mass-editorial-engine/covers/EN-OL22283790M.jpeg,NO,NO,167.0000,201.0000,AUTO_ACCEPT,Strong author/title/language match and validated physical cover.,SELECTED,,RECOVERED,OPEN_LIBRARY_EDITION:number_of_pages,NO,1
EN,TWENTIETH_CENTURY,Ray Bradbury,1,8,12,/works/OL103180W,A graveyard for lunatics,Ray Bradbury,1.0000,1990,/books/OL3942271M,A graveyard for lunatics,another tale of two cities,eng,1.0000,0380812002,Perennial,2001,307,11417120,VALID_COVER,330,500,JPEG,data/cache/en-mass-editorial-engine/covers/EN-OL3942271M.jpeg,NO,NO,167.0000,201.0000,AUTO_ACCEPT,Strong author/title/language match and validated physical cover.,SELECTED,,RECOVERED,OPEN_LIBRARY_EDITION:number_of_pages,NO,1
EN,TWENTIETH_CENTURY,Ray Bradbury,1,8,12,/works/OL103137W,A Memory of Murder,Ray Bradbury,1.0000,1984,/books/OL7517842M,A Memory of Murder,,eng,1.0000,9780440155591,Dell,1984-02,,12617998,VALID_COVER,300,500,JPEG,data/cache/en-mass-editorial-engine/covers/EN-OL7517842M.jpeg,NO,NO,167.0000,201.0000,AUTO_ACCEPT,Strong author/title/language match and validated physical cover.,SELECTED,,NO_PAGE_COUNT,,NO,1
EN,TWENTIETH_CENTURY,Ray Bradbury,1,8,12,/works/OL17376456W,A Pleasure To Burn,Ray Bradbury,1.0000,2010,/books/OL26055571M,A Pleasure To Burn,Fahrenheit 451 Stories,eng,1.0000,9780062071026,Harper Perennial,2011,389,14828155,VALID_COVER,318,500,JPEG,data/cache/en-mass-editorial-engine/covers/EN-OL26055571M.jpeg,NO,NO,167.0000,201.0000,AUTO_ACCEPT,Strong author/title/language match and validated physical cover.,SELECTED,,RECOVERED,OPEN_LIBRARY_EDITION:number_of_pages,NO,1
EN,TWENTIETH_CENTURY,Ray Bradbury,1,8,12,/works/OL103144W,A Sound of Thunder and Other Stories,Ray Bradbury,1.0000,2005,/books/OL7281709M,A Sound of Thunder,and Other Stories,eng,1.0000,9780060785697,Harper,2010,352,12721893,VALID_COVER,326,500,JPEG,data/cache/en-mass-editorial-engine/covers/EN-OL7281709M.jpeg,NO,NO,167.0000,201.0000,AUTO_ACCEPT,Strong author/title/language match and validated physical cover.,SELECTED,,RECOVERED,OPEN_LIBRARY_EDITION:number_of_pages,NO,1
EN,TWENTIETH_CENTURY,Ray Bradbury,1,8,12,/works/OL15953327W,AGS exploring literature,Ann C. Klimas | Ray Bradbury | Lewis Carroll,1.0000,1999,/books/OL9737957M,AGS Exploring Literature,,eng,1.0000,9780785418146,American Guidance Service,1999,,14332250,VALID_COVER,382,500,JPEG,data/cache/en-mass-editorial-engine/covers/EN-OL9737957M.jpeg,NO,NO,167.0000,201.0000,AUTO_ACCEPT,Strong author/title/language match and validated physical cover.,SELECTED,,NO_PAGE_COUNT,,NO,1
EN,TWENTIETH_CENTURY,Ray Bradbury,1,8,12,/works/OL14925673W,Ahmed and the oblivion machines,Ray Bradbury,1.0000,1998,/books/OL362548M,Ahmed and the oblivion machines,a fable,eng,1.0000,0380977044,Avon Books,1998,64,8291540,VALID_COVER,330,500,JPEG,data/cache/en-mass-editorial-engine/covers/EN-OL362548M.jpeg,NO,NO,167.0000,201.0000,AUTO_ACCEPT,Strong author/title/language match and validated physical cover.,SELECTED,,RECOVERED,OPEN_LIBRARY_EDITION:number_of_pages,NO,1
EN,TWENTIETH_CENTURY,Ray Bradbury,1,8,12,/works/OL3926771W,Best SF,Edmund Crispin | Ray Bradbury,1.0000,1954,/books/OL51566683M,Best SF,science fiction stories,eng,1.0000,0571062687,Faber & Faber,1969,295,14612998,VALID_COVER,332,500,JPEG,data/cache/en-mass-editorial-engine/covers/EN-OL51566683M.jpeg,NO,NO,167.0000,201.0000,AUTO_ACCEPT,Strong author/title/language match and validated physical cover.,SELECTED,,RECOVERED,OPEN_LIBRARY_EDITION:number_of_pages,NO,1
EN,TWENTIETH_CENTURY,Ray Bradbury,1,8,12,/works/OL103152W,Bradbury Speaks,Ray Bradbury,1.0000,2005,/books/OL7279278M,Bradbury Speaks,"Too Soon from the Cave, Too Far from the Stars",eng,1.0000,9780060585693,Harper Perennial,2006,243,14831322,VALID_COVER,328,500,JPEG,data/cache/en-mass-editorial-engine/covers/EN-OL7279278M.jpeg,NO,NO,167.0000,201.0000,AUTO_ACCEPT,Strong author/title/language match and validated physical cover.,SELECTED,,RECOVERED,OPEN_LIBRARY_EDITION:number_of_pages,NO,1
EN,TWENTIETH_CENTURY,Richard Wright,1,7,10,/works/OL506465W,American Hunger,Richard Wright,1.0000,1976,/books/OL32167984M,American Hunger,,eng,1.0000,0060147687,Harper & Row,1977,146,10830888,VALID_COVER,315,500,JPEG,data/cache/en-mass-editorial-engine/covers/EN-OL32167984M.jpeg,NO,NO,167.0000,201.0000,AUTO_ACCEPT,Strong author/title/language match and validated physical cover.,SELECTED,,RECOVERED,OPEN_LIBRARY_EDITION:number_of_pages,NO,1
EN,TWENTIETH_CENTURY,Richard Wright,1,7,10,/works/OL506473W,Black power,Richard Wright,1.0000,1954,/books/OL5420250M,Black power,a record of reactions in a land of pathos.,eng,1.0000,0837171369,Greenwood Press,1974,358,12740732,VALID_COVER,292,500,JPEG,data/cache/en-mass-editorial-engine/covers/EN-OL5420250M.jpeg,NO,NO,167.0000,201.0000,AUTO_ACCEPT,Strong author/title/language match and validated physical cover.,SELECTED,,RECOVERED,OPEN_LIBRARY_EDITION:number_of_pages,NO,1
EN,TWENTIETH_CENTURY,Richard Wright,1,7,10,/works/OL20124951W,"Byline, Richard Wright",Richard Wright,1.0000,2015,/books/OL27304890M,"Byline, Richard Wright",articles from the Daily worker and New masses,eng | dut,1.0000,9780826220202,University of Missouri Press,2015,282,10830877,VALID_COVER,310,500,JPEG,data/cache/en-mass-editorial-engine/covers/EN-OL27304890M.jpeg,NO,NO,167.0000,201.0000,AUTO_ACCEPT,Strong author/title/language match and validated physical cover.,SELECTED,,RECOVERED,OPEN_LIBRARY_EDITION:number_of_pages,NO,1
EN,TWENTIETH_CENTURY,Richard Wright,1,7,10,/works/OL20315119W,Code of the Suburb,Scott Jacques | Richard Wright,1.0000,2015,/books/OL27519971M,Code of the Suburb,Inside the World of Young Middle-Class Drug Dealers,eng,1.0000,9780226164113,University of Chicago Press,"May 08, 2015",208,8976246,VALID_COVER,333,500,JPEG,data/cache/en-mass-editorial-engine/covers/EN-OL27519971M.jpeg,NO,NO,167.0000,201.0000,AUTO_ACCEPT,Strong author/title/language match and validated physical cover.,SELECTED,,RECOVERED,OPEN_LIBRARY_EDITION:number_of_pages,NO,1
EN,TWENTIETH_CENTURY,Samuel Beckett,1,7,10,/works/OL15210937W,As the story was told,Samuel Beckett,1.0000,1987,/books/OL1856194M,As the story was told,uncollected and late prose,eng,1.0000,0714541133,J. Calder,1990,134,4668522,VALID_COVER,128,199,JPEG,data/cache/en-mass-editorial-engine/covers/EN-OL1856194M.jpeg,NO,NO,167.0000,201.0000,AUTO_ACCEPT,Strong author/title/language match and validated physical cover.,SELECTED,,RECOVERED,OPEN_LIBRARY_EDITION:number_of_pages,NO,1
EN,TWENTIETH_CENTURY,Samuel Beckett,1,7,10,/works/OL15210939W,"Collected poems, 1930-1978",Samuel Beckett,1.0000,1984,/books/OL2890858M,"Collected poems, 1930-1978",,eng | fre,1.0000,0714540528,J. Calder,1984,179,9536785,VALID_COVER,313,500,JPEG,data/cache/en-mass-editorial-engine/covers/EN-OL2890858M.jpeg,NO,NO,167.0000,201.0000,AUTO_ACCEPT,Strong author/title/language match and validated physical cover.,SELECTED,,RECOVERED,OPEN_LIBRARY_EDITION:number_of_pages,YES,2
EN,TWENTIETH_CENTURY,Samuel Beckett,1,7,10,/works/OL15210919W,Collected poems in English and French,Samuel Beckett,1.0000,1977,/books/OL4600087M,Collected poems in English and French,,eng | fre,1.0000,0714536083,Calder,1977,147,10004685,VALID_COVER,306,500,JPEG,data/cache/en-mass-editorial-engine/covers/EN-OL4600087M.jpeg,NO,NO,167.0000,201.0000,AUTO_ACCEPT,Strong author/title/language match and validated physical cover.,SELECTED,,RECOVERED,OPEN_LIBRARY_EDITION:number_of_pages,YES,2
EN,TWENTIETH_CENTURY,Samuel Beckett,1,7,10,/works/OL15210945W,Collected shorter plays,Samuel Beckett,1.0000,1984,/books/OL3188049M,Collected shorter plays,,eng,1.0000,0394538501,Grove Press,1984,316,4233975,VALID_COVER,128,196,JPEG,data/cache/en-mass-editorial-engine/covers/EN-OL3188049M.jpeg,NO,NO,167.0000,201.0000,AUTO_ACCEPT,Strong author/title/language match and validated physical cover.,SELECTED,,RECOVERED,OPEN_LIBRARY_EDITION:number_of_pages,NO,1
EN,TWENTIETH_CENTURY,Samuel Beckett,1,7,10,/works/OL15210704W,Collected Shorter Plays of Samuel Beckett,Samuel Beckett,1.0000,1994,/books/OL7875223M,Collected Shorter Plays of Samuel Beckett,"All That Fall, Act Without Words, Krapp's Last Tape, Cascando, Eh Joe, Footfall, Rockaby and others",eng,1.0000,9780802150554,Grove Press,"January 7, 1994",320,569561,VALID_COVER,304,475,JPEG,data/cache/en-mass-editorial-engine/covers/EN-OL7875223M.jpeg,NO,NO,167.0000,201.0000,AUTO_ACCEPT,Strong author/title/language match and validated physical cover.,SELECTED,,RECOVERED,OPEN_LIBRARY_EDITION:number_of_pages,NO,1
EN,TWENTIETH_CENTURY,Samuel Beckett,1,7,10,/works/OL15210958W,Disjecta,Samuel Beckett,1.0000,1983,/books/OL7799383M,Disjecta,Miscellaneous Writings and a Dramatic Fragment (Opera Guide),eng,1.0000,9780714540160,Riverrun Pr,October 1983,178,453026,VALID_COVER,307,475,JPEG,data/cache/en-mass-editorial-engine/covers/EN-OL7799383M.jpeg,NO,NO,167.0000,201.0000,AUTO_ACCEPT,Strong author/title/language match and validated physical cover.,SELECTED,,RECOVERED,OPEN_LIBRARY_EDITION:number_of_pages,NO,1
EN,TWENTIETH_CENTURY,Samuel Beckett,1,7,10,/works/OL15210946W,Dream of fair to middling women,Samuel Beckett,1.0000,1992,/books/OL1745769M,Dream of fair to middling women,,eng,1.0000,1559702176,Arcade Pub. in association with Riverrun Press,1993,241,787527,VALID_COVER,319,475,JPEG,data/cache/en-mass-editorial-engine/covers/EN-OL1745769M.jpeg,NO,NO,167.0000,201.0000,AUTO_ACCEPT,Strong author/title/language match and validated physical cover.,SELECTED,,RECOVERED,OPEN_LIBRARY_EDITION:number_of_pages,NO,1
EN,TWENTIETH_CENTURY,Saul Bellow,1,8,12,/works/OL10429867W,A theft,Saul Bellow,1.0000,1989,/books/OL18350703M,A theft,,eng,1.0000,0140119698,Penguin Books,1989-01-01,108,5414695,VALID_COVER,128,200,JPEG,data/cache/en-mass-editorial-engine/covers/EN-OL18350703M.jpeg,NO,NO,167.0000,201.0000,AUTO_ACCEPT,Strong author/title/language match and validated physical cover.,SELECTED,,RECOVERED,OPEN_LIBRARY_EDITION:number_of_pages,NO,1
EN,TWENTIETH_CENTURY,Saul Bellow,1,8,12,/works/OL506079W,Collected stories,Saul Bellow,1.0000,2001,/books/OL3940936M,Collected stories,,eng,1.0000,0670894869,Viking,2001,442,402777,VALID_COVER,318,475,JPEG,data/cache/en-mass-editorial-engine/covers/EN-OL3940936M.jpeg,NO,NO,167.0000,201.0000,AUTO_ACCEPT,Strong author/title/language match and validated physical cover.,SELECTED,,RECOVERED,OPEN_LIBRARY_EDITION:number_of_pages,NO,1
EN,TWENTIETH_CENTURY,Saul Bellow,1,8,12,/works/OL506016W,Conversations with Saul Bellow,Saul Bellow,1.0000,1994,/books/OL1094981M,Conversations with Saul Bellow,,eng,1.0000,087805717X,University Press of Mississippi,1994,303,1631135,VALID_COVER,305,475,JPEG,data/cache/en-mass-editorial-engine/covers/EN-OL1094981M.jpeg,NO,NO,167.0000,201.0000,AUTO_ACCEPT,Strong author/title/language match and validated physical cover.,SELECTED,,RECOVERED,OPEN_LIBRARY_EDITION:number_of_pages,NO,1
EN,TWENTIETH_CENTURY,Saul Bellow,1,8,12,/works/OL506114W,Dangling man,Saul Bellow,1.0000,1944,/books/OL18495472M,Dangling man,,eng,1.0000,9780143039877,Penguin Books,2006,143,13157480,VALID_COVER,309,500,JPEG,data/cache/en-mass-editorial-engine/covers/EN-OL18495472M.jpeg,NO,NO,167.0000,201.0000,AUTO_ACCEPT,Strong author/title/language match and validated physical cover.,SELECTED,,RECOVERED,OPEN_LIBRARY_EDITION:number_of_pages,NO,1
EN,TWENTIETH_CENTURY,Toni Morrison,1,9,13,/works/OL15059401W,11,Robert Pledge | Toni Morrison | Minoru Yamasaki,1.0000,2002,/books/OL8154329M,11,"Witnessing The World Trade Center, 1974-2001",eng,1.0000,9780789308306,Universe Publishing,"September 14, 2002",176,551094,VALID_COVER,397,500,JPEG,data/cache/en-mass-editorial-engine/covers/EN-OL8154329M.jpeg,NO,NO,167.0000,201.0000,AUTO_ACCEPT,Strong author/title/language match and validated physical cover.,SELECTED,,RECOVERED,OPEN_LIBRARY_EDITION:number_of_pages,NO,1
EN,TWENTIETH_CENTURY,Toni Morrison,1,9,13,/works/OL50560W,A Mercy,Toni Morrison | Jordi Fibla Feito,1.0000,1998,/books/OL31938366M,A Mercy,,eng,1.0000,9780701183417,Chatto & Windus,2008,,10620806,VALID_COVER,296,500,JPEG,data/cache/en-mass-editorial-engine/covers/EN-OL31938366M.jpeg,NO,NO,167.0000,201.0000,AUTO_ACCEPT,Strong author/title/language match and validated physical cover.,SELECTED,,NO_PAGE_COUNT,,NO,1
EN,TWENTIETH_CENTURY,Toni Morrison,1,9,13,/works/OL25829840W,African American Literature,Magedah Shabo | Toni Morrison | Martin Luther King Jr. | Langston Hughes | Jessie Redmon Fauset | W. E. B. Du Bois | Booker T. Washington | Paul Laurence Dunbar | Charles Waddell Chesnutt | Harriet A. Jacobs | Frederick Douglass | Phillis Wheatley | Lucy Terry,1.0000,2009,/books/OL34830656M,African American Literature,A Concise Anthology From Frederick Douglass to Toni Morrison,eng,1.0000,9781603891196,"Prestwick House, Inc.",2009,232,14813718,VALID_COVER,308,500,JPEG,data/cache/en-mass-editorial-engine/covers/EN-OL34830656M.jpeg,NO,NO,167.0000,201.0000,AUTO_ACCEPT,Strong author/title/language match and validated physical cover.,SELECTED,,RECOVERED,OPEN_LIBRARY_EDITION:number_of_pages,NO,1
EN,TWENTIETH_CENTURY,Toni Morrison,1,9,13,/works/OL2627235W,Arguing Immigration,Nicolaus Mills | Toni Morrison | Peggy Noonan | Francis Fukuyama | Robert Kuttner | Linda Chavez | Nathan Glazer,1.0000,1994,/books/OL1097187M,Arguing immigration,the debate over the changing face of America,eng,1.0000,0671895583,Simon & Schuster,1994,223,9317254,VALID_COVER,319,500,JPEG,data/cache/en-mass-editorial-engine/covers/EN-OL1097187M.jpeg,NO,NO,167.0000,201.0000,AUTO_ACCEPT,Strong author/title/language match and validated physical cover.,SELECTED,,RECOVERED,OPEN_LIBRARY_EDITION:number_of_pages,NO,1
EN,TWENTIETH_CENTURY,Toni Morrison,1,9,13,/works/OL50548W,Beloved,Toni Morrison,1.0000,1987,/books/OL58886319M,Beloved,,eng,1.0000,9780099560845,Vintage Books,2011,354,15169563,VALID_COVER,316,500,JPEG,data/cache/en-mass-editorial-engine/covers/EN-OL58886319M.jpeg,NO,NO,167.0000,201.0000,AUTO_ACCEPT,Strong author/title/language match and validated physical cover.,SELECTED,,RECOVERED,OPEN_LIBRARY_EDITION:number_of_pages,NO,1
EN,TWENTIETH_CENTURY,Toni Morrison,1,9,13,/works/OL16481247W,Birth of a nation'hood,Toni Morrison | Claudia Brodsky Lacour,1.0000,1997,/books/OL1006702M,Birth of a nation'hood,"gaze, script, and spectacle in the O.J. Simpson case",eng,1.0000,0679758933,Pantheon Books,1997,418,9318428,VALID_COVER,317,500,JPEG,data/cache/en-mass-editorial-engine/covers/EN-OL1006702M.jpeg,NO,NO,167.0000,201.0000,AUTO_ACCEPT,Strong author/title/language match and validated physical cover.,SELECTED,,RECOVERED,OPEN_LIBRARY_EDITION:number_of_pages,NO,1
EN,TWENTIETH_CENTURY,Toni Morrison,1,9,13,/works/OL15191496W,Burn This Book,Toni Morrison | John Updike | דויד גרוסמן | Francine Prose | Pico Iyer | Russell Banks | Paul Auster | Orhan Pamuk | Salman Rushdie | Ed Park | Nadine Gordimer,1.0000,2009,/books/OL26885531M,Burn this book,PEN writers speak out on the power of the word,eng,1.0000,9780061774003,HarperStudio,2009,118,9318433,VALID_COVER,308,500,JPEG,data/cache/en-mass-editorial-engine/covers/EN-OL26885531M.jpeg,NO,NO,167.0000,201.0000,AUTO_ACCEPT,Strong author/title/language match and validated physical cover.,SELECTED,,RECOVERED,OPEN_LIBRARY_EDITION:number_of_pages,NO,1
EN,TWENTIETH_CENTURY,Toni Morrison,1,9,13,/works/OL23199691W,Desdemona,Toni Morrison,1.0000,2012,/books/OL33942086M,Desdemona,,eng,1.0000,9781350270275,Methuen Drama,2021,64,13331023,VALID_COVER,326,500,JPEG,data/cache/en-mass-editorial-engine/covers/EN-OL33942086M.jpeg,NO,NO,167.0000,201.0000,AUTO_ACCEPT,Strong author/title/language match and validated physical cover.,SELECTED,,RECOVERED,OPEN_LIBRARY_EDITION:number_of_pages,NO,1
EN,TWENTIETH_CENTURY,Truman Capote,1,7,10,/works/OL1992270W,A Capote reader,Truman Capote,1.0000,1987,/books/OL2716977M,A Capote reader,,eng,1.0000,039455647X,Random House,1987,722,14843385,VALID_COVER,326,500,JPEG,data/cache/en-mass-editorial-engine/covers/EN-OL2716977M.jpeg,NO,NO,167.0000,201.0000,AUTO_ACCEPT,Strong author/title/language match and validated physical cover.,SELECTED,,RECOVERED,OPEN_LIBRARY_EDITION:number_of_pages,NO,1
EN,TWENTIETH_CENTURY,Truman Capote,1,7,10,/works/OL1992197W,A house on the heights,Truman Capote,1.0000,2002,/books/OL3948775M,A house on the heights,,eng,1.0000,1892145243,Little Bookroom,2002,43,941076,VALID_COVER,363,500,JPEG,data/cache/en-mass-editorial-engine/covers/EN-OL3948775M.jpeg,NO,NO,167.0000,201.0000,AUTO_ACCEPT,Strong author/title/language match and validated physical cover.,SELECTED,,RECOVERED,OPEN_LIBRARY_EDITION:number_of_pages,NO,1
EN,TWENTIETH_CENTURY,Truman Capote,1,7,10,/works/OL1992163W,Answered Prayers,Truman Capote,1.0000,1986,/books/OL21116240M,Answered prayers,the unfinished novel,eng,1.0000,0452261376,New American Library,1988,180,11589436,VALID_COVER,325,500,JPEG,data/cache/en-mass-editorial-engine/covers/EN-OL21116240M.jpeg,NO,NO,167.0000,201.0000,AUTO_ACCEPT,Strong author/title/language match and validated physical cover.,SELECTED,,RECOVERED,OPEN_LIBRARY_EDITION:number_of_pages,NO,1
EN,TWENTIETH_CENTURY,Ursula K. Le Guin,1,10,15,/works/OL59817W,A Fisherman of the Inland Sea,Ursula K. Le Guin,1.0000,1994,/books/OL3309169M,A Fisherman of the Inland Sea,Stories,eng,1.0000,0060763515,Perennial,2005,,35225,VALID_COVER,312,500,JPEG,data/cache/en-mass-editorial-engine/covers/EN-OL3309169M.jpeg,NO,NO,167.0000,201.0000,AUTO_ACCEPT,Strong author/title/language match and validated physical cover.,SELECTED,,NO_PAGE_COUNT,,NO,1
EN,TWENTIETH_CENTURY,Ursula K. Le Guin,1,10,15,/works/OL15056610W,A Very Long Way from Anywhere Else,Ursula K. Le Guin,1.0000,1976,/books/OL14951430M,A  very long way from anywhere else,,eng,1.0000,0140471162,Penguin,1978,77,15171276,VALID_COVER,310,500,JPEG,data/cache/en-mass-editorial-engine/covers/EN-OL14951430M.jpeg,NO,NO,167.0000,201.0000,AUTO_ACCEPT,Strong author/title/language match and validated physical cover.,SELECTED,,RECOVERED,OPEN_LIBRARY_EDITION:number_of_pages,NO,1
EN,TWENTIETH_CENTURY,Ursula K. Le Guin,1,10,15,/works/OL59818W,A visit from Dr. Katz,Ursula K. Le Guin,1.0000,1988,/books/OL23258976M,A visit from Dr. Katz,,eng,1.0000,0689313322,Atheneum,1988,32,10023976,VALID_COVER,480,500,JPEG,data/cache/en-mass-editorial-engine/covers/EN-OL23258976M.jpeg,NO,NO,167.0000,201.0000,AUTO_ACCEPT,Strong author/title/language match and validated physical cover.,SELECTED,,RECOVERED,OPEN_LIBRARY_EDITION:number_of_pages,NO,1
EN,TWENTIETH_CENTURY,Ursula K. Le Guin,1,10,15,/works/OL59846W,Always Coming Home,Ursula K. Le Guin,1.0000,1985,/books/OL3020726M,Always Coming Home,,eng,1.0000,0060155450,Harper & Row,1985,523,6938605,VALID_COVER,324,500,JPEG,data/cache/en-mass-editorial-engine/covers/EN-OL3020726M.jpeg,NO,NO,167.0000,201.0000,AUTO_ACCEPT,Strong author/title/language match and validated physical cover.,SELECTED,,RECOVERED,OPEN_LIBRARY_EDITION:number_of_pages,NO,1
EN,TWENTIETH_CENTURY,Ursula K. Le Guin,1,10,15,/works/OL59839W,Buffalo gals and other animal presences,Ursula K. Le Guin,1.0000,1987,/books/OL7576024M,Buffalo Gals and Other Animal Presences,,eng,1.0000,9780451454348,Roc Trade,"December 1, 1994",222,7095515,VALID_COVER,320,500,JPEG,data/cache/en-mass-editorial-engine/covers/EN-OL7576024M.jpeg,NO,NO,167.0000,201.0000,AUTO_ACCEPT,Strong author/title/language match and validated physical cover.,SELECTED,,RECOVERED,OPEN_LIBRARY_EDITION:number_of_pages,NO,1
EN,TWENTIETH_CENTURY,Ursula K. Le Guin,1,10,15,/works/OL15056527W,"Buffalo gals, won't you come out tonight",Ursula K. Le Guin,1.0000,1987,/books/OL1094016M,"Buffalo gals, won't you come out tonight",,eng,1.0000,087654071X,Pomegranate Artbooks,1994,79,669873,VALID_COVER,382,475,JPEG,data/cache/en-mass-editorial-engine/covers/EN-OL1094016M.jpeg,NO,NO,167.0000,201.0000,AUTO_ACCEPT,Strong author/title/language match and validated physical cover.,SELECTED,,RECOVERED,OPEN_LIBRARY_EDITION:number_of_pages,NO,1
EN,TWENTIETH_CENTURY,Ursula K. Le Guin,1,10,15,/works/OL59844W,Catwings,Ursula K. Le Guin,1.0000,1988,/books/OL22109654M,Catwings,,eng,1.0000,0439551897,Orchard Books,2003,40,9496661,VALID_COVER,349,500,JPEG,data/cache/en-mass-editorial-engine/covers/EN-OL22109654M.jpeg,NO,NO,167.0000,201.0000,AUTO_ACCEPT,Strong author/title/language match and validated physical cover.,SELECTED,,RECOVERED,OPEN_LIBRARY_EDITION:number_of_pages,NO,1
EN,TWENTIETH_CENTURY,Ursula K. Le Guin,1,10,15,/works/OL59822W,Catwings return,Ursula K. Le Guin,1.0000,1989,/books/OL7780956M,Catwings Return,,eng,1.0000,9780531071113,Orchard Books (NY),March 1999,48,362816,VALID_COVER,334,475,JPEG,data/cache/en-mass-editorial-engine/covers/EN-OL7780956M.jpeg,NO,NO,167.0000,201.0000,AUTO_ACCEPT,Strong author/title/language match and validated physical cover.,SELECTED,,RECOVERED,OPEN_LIBRARY_EDITION:number_of_pages,NO,1
EN,TWENTIETH_CENTURY,Ursula K. Le Guin,1,10,15,/works/OL59790W,Changing planes,Ursula K. Le Guin,1.0000,2003,/books/OL7524261M,Changing Planes,,eng,1.0000,9780441012244,Ace,"July 26, 2005",256,284210,VALID_COVER,311,500,JPEG,data/cache/en-mass-editorial-engine/covers/EN-OL7524261M.jpeg,NO,NO,167.0000,201.0000,AUTO_ACCEPT,Strong author/title/language match and validated physical cover.,SELECTED,,RECOVERED,OPEN_LIBRARY_EDITION:number_of_pages,NO,1
EN,TWENTIETH_CENTURY,Ursula K. Le Guin,1,10,15,/works/OL16804853W,Cheek by jowl,Ursula K. Le Guin,1.0000,2009,/books/OL25428146M,Cheek by jowl,,eng,1.0000,9781933500270,Aqueduct Press,April 2009,160,13805923,VALID_COVER,313,500,JPEG,data/cache/en-mass-editorial-engine/covers/EN-OL25428146M.jpeg,NO,NO,167.0000,201.0000,AUTO_ACCEPT,Strong author/title/language match and validated physical cover.,SELECTED,,RECOVERED,OPEN_LIBRARY_EDITION:number_of_pages,NO,1
EN,TWENTIETH_CENTURY,Virginia Woolf,1,9,13,/works/OL39537W,A haunted house,Virginia Woolf,1.0000,1944,/books/OL22550918M,A haunted house,the complete shorter fiction,eng,1.0000,0099442167,Vintage,2003,313,10309128,VALID_COVER,315,500,JPEG,data/cache/en-mass-editorial-engine/covers/EN-OL22550918M.jpeg,NO,NO,167.0000,201.0000,AUTO_ACCEPT,Strong author/title/language match and validated physical cover.,SELECTED,,RECOVERED,OPEN_LIBRARY_EDITION:number_of_pages,NO,1
EN,TWENTIETH_CENTURY,Virginia Woolf,1,9,13,/works/OL39431W,"A haunted house, and other short stories",Virginia Woolf,1.0000,1943,/books/OL21458542M,"A haunted house, and other short stories",,eng,1.0000,0586044442,Grafton Books,1985,143,12665007,VALID_COVER,306,500,JPEG,data/cache/en-mass-editorial-engine/covers/EN-OL21458542M.jpeg,NO,NO,167.0000,201.0000,AUTO_ACCEPT,Strong author/title/language match and validated physical cover.,SELECTED,,RECOVERED,OPEN_LIBRARY_EDITION:number_of_pages,NO,1
EN,TWENTIETH_CENTURY,Virginia Woolf,1,9,13,/works/OL39554W,A Writer's Diary,Virginia Woolf,1.0000,1953,/books/OL5414167M,A writer's diary,being extracts from the diary of Virginia Woolf.,eng,1.0000,015698380X,Harcourt Brace Jovanovich,1973,355,116630,VALID_COVER,305,475,JPEG,data/cache/en-mass-editorial-engine/covers/EN-OL5414167M.jpeg,NO,NO,167.0000,201.0000,AUTO_ACCEPT,Strong author/title/language match and validated physical cover.,SELECTED,,RECOVERED,OPEN_LIBRARY_EDITION:number_of_pages,NO,1
EN,TWENTIETH_CENTURY,Virginia Woolf,1,9,13,/works/OL39517W,Congenial spirits,Virginia Woolf,1.0000,1989,/books/OL22824774M,Congenial spirits,the selected letters of Virginia Woolf,eng,1.0000,0701209828,Hogarth,1993,472,14306914,VALID_COVER,310,500,JPEG,data/cache/en-mass-editorial-engine/covers/EN-OL22824774M.jpeg,NO,NO,167.0000,201.0000,AUTO_ACCEPT,Strong author/title/language match and validated physical cover.,SELECTED,,RECOVERED,OPEN_LIBRARY_EDITION:number_of_pages,NO,1
EN,TWENTIETH_CENTURY,William Faulkner,1,10,15,/works/OL82911W,A Fable,William Faulkner,1.0000,1950,/books/OL2724612M,A fable,,eng,1.0000,0824068297,Garland Pub.,1986,,14309620,VALID_COVER,350,500,JPEG,data/cache/en-mass-editorial-engine/covers/EN-OL2724612M.jpeg,NO,NO,167.0000,201.0000,AUTO_ACCEPT,Strong author/title/language match and validated physical cover.,SELECTED,,NO_PAGE_COUNT,,NO,1
EN,TWENTIETH_CENTURY,William Faulkner,1,10,15,/works/OL82884W,A Rose for Emily,William Faulkner,1.0000,1930,/books/OL4454003M,A rose for Emily,,eng,1.0000,0675093244,Merrill,1970,140,8482675,VALID_COVER,332,500,JPEG,data/cache/en-mass-editorial-engine/covers/EN-OL4454003M.jpeg,NO,NO,167.0000,201.0000,AUTO_ACCEPT,Strong author/title/language match and validated physical cover.,SELECTED,,RECOVERED,OPEN_LIBRARY_EDITION:number_of_pages,NO,1
EN,TWENTIETH_CENTURY,William Faulkner,1,10,15,/works/OL82928W,"Absalom, Absalom!",William Faulkner,1.0000,1936,/books/OL32052135M,"Absalom, Absalom!",,eng,1.0000,0679732187,Vintage International,1990-11,313,10718328,VALID_COVER,331,500,JPEG,data/cache/en-mass-editorial-engine/covers/EN-OL32052135M.jpeg,NO,NO,167.0000,201.0000,AUTO_ACCEPT,Strong author/title/language match and validated physical cover.,SELECTED,,RECOVERED,OPEN_LIBRARY_EDITION:number_of_pages,NO,1
EN,TWENTIETH_CENTURY,William Faulkner,1,10,15,/works/OL82929W,As I Lay Dying,William Faulkner,1.0000,1915,/books/OL37042463M,As I Lay Dying,,eng,1.0000,9781789505061,Arcturus,2019,,12620040,VALID_COVER,316,500,JPEG,data/cache/en-mass-editorial-engine/covers/EN-OL37042463M.jpeg,NO,NO,167.0000,201.0000,AUTO_ACCEPT,Strong author/title/language match and validated physical cover.,SELECTED,,NO_PAGE_COUNT,,NO,1
EN,TWENTIETH_CENTURY,William Faulkner,1,10,15,/works/OL20080279W,Barn Burning,William Faulkner,1.0000,2013,/books/OL27260286M,Barn Burning,Short Story,eng,1.0000,9781443423175,HarperPerennial Classics,2013 03 19,25,8751256,VALID_COVER,340,500,JPEG,data/cache/en-mass-editorial-engine/covers/EN-OL27260286M.jpeg,NO,NO,167.0000,201.0000,AUTO_ACCEPT,Strong author/title/language match and validated physical cover.,SELECTED,,RECOVERED,OPEN_LIBRARY_EDITION:number_of_pages,NO,1
EN,TWENTIETH_CENTURY,William Faulkner,1,10,15,/works/OL82851W,Collected Stories of William Faulkner,William Faulkner,1.0000,1934,/books/OL552893M,Collected Stories of William Faulkner,,eng,1.0000,9780679764038,Vintage International,1995-11,900,8746211,VALID_COVER,314,500,JPEG,data/cache/en-mass-editorial-engine/covers/EN-OL552893M.jpeg,NO,NO,167.0000,201.0000,AUTO_ACCEPT,Strong author/title/language match and validated physical cover.,SELECTED,,RECOVERED,OPEN_LIBRARY_EDITION:number_of_pages,NO,1
EN,TWENTIETH_CENTURY,William Golding,1,7,10,/works/OL2430204W,A moving target,William Golding,1.0000,1982,/books/OL3485493M,A moving target,,eng,1.0000,0374215731,"Farrar, Straus, Giroux",1982,202,6626937,VALID_COVER,325,500,JPEG,data/cache/en-mass-editorial-engine/covers/EN-OL3485493M.jpeg,NO,NO,167.0000,201.0000,AUTO_ACCEPT,Strong author/title/language match and validated physical cover.,SELECTED,,RECOVERED,OPEN_LIBRARY_EDITION:number_of_pages,NO,1
EN,TWENTIETH_CENTURY,William Golding,1,7,10,/works/OL2430198W,An Egyptian journal,William Golding,1.0000,1985,/books/OL3026370M,An Egyptian journal,,eng,1.0000,0571135935,Faber and Faber,1985,207,9811274,VALID_COVER,319,500,JPEG,data/cache/en-mass-editorial-engine/covers/EN-OL3026370M.jpeg,NO,NO,167.0000,201.0000,AUTO_ACCEPT,Strong author/title/language match and validated physical cover.,SELECTED,,RECOVERED,OPEN_LIBRARY_EDITION:number_of_pages,NO,1
EN,TWENTIETH_CENTURY,William Golding,1,7,10,/works/OL2430135W,Critical Perspective,William Golding,1.0000,1986,/books/OL11170942M,Critical Perspective,Twentieth-Century Criticism of British and American Literature to 1904 (Chelsea House Library of Literary Criticism),eng,1.0000,9780877547891,Chelsea House Publications,December 1986,,12984920,VALID_COVER,377,500,JPEG,data/cache/en-mass-editorial-engine/covers/EN-OL11170942M.jpeg,NO,NO,167.0000,201.0000,AUTO_ACCEPT,Strong author/title/language match and validated physical cover.,SELECTED,,NO_PAGE_COUNT,,NO,1
EN,TWENTIETH_CENTURY,William Golding,1,7,10,/works/OL2430136W,DARKNESS VISIBLE,William Golding | Philip Hensher,1.0000,1979,/books/OL24937733M,Darkness visible,,eng,1.0000,9780553147049,Bantam Books,1981,292,6908479,VALID_COVER,304,500,JPEG,data/cache/en-mass-editorial-engine/covers/EN-OL24937733M.jpeg,NO,NO,167.0000,201.0000,AUTO_ACCEPT,Strong author/title/language match and validated physical cover.,SELECTED,,RECOVERED,OPEN_LIBRARY_EDITION:number_of_pages,NO,1
EN,YOUTH,C.S. Lewis,1,10,15,/works/OL36875696W,Mere Christianity and The Screwtape Letters (Complete In One Volume),C.S. Lewis,1.0000,2003,/books/OL7280524M,Mere Christianity and The Screwtape Letters (Complete In One Volume),,eng,1.0000,9780060731878,HarperCollins,2003,449,14496183,VALID_COVER,309,500,JPEG,data/cache/en-mass-editorial-engine/covers/EN-OL7280524M.jpeg,NO,NO,167.0000,201.0000,AUTO_ACCEPT,Strong author/title/language match and validated physical cover.,SELECTED,,RECOVERED,OPEN_LIBRARY_EDITION:number_of_pages,NO,1
EN,YOUTH,Diana Wynne Jones,1,8,12,/works/OL60112W,A Sudden Wild Magic,Diana Wynne Jones,1.0000,1992,/books/OL1709205M,A sudden wild magic,,eng,1.0000,0688118828,W. Morrow,1992,412,7295726,VALID_COVER,329,500,JPEG,data/cache/en-mass-editorial-engine/covers/EN-OL1709205M.jpeg,NO,NO,167.0000,201.0000,AUTO_ACCEPT,Strong author/title/language match and validated physical cover.,SELECTED,,RECOVERED,OPEN_LIBRARY_EDITION:number_of_pages,NO,1
EN,YOUTH,Diana Wynne Jones,1,8,12,/works/OL60142W,A Tale of Time City,Diana Wynne Jones,1.0000,1987,/books/OL7292768M,A Tale of Time City,,eng,1.0000,9780064473514,HarperTrophy,"January 22, 2002",336,52310,VALID_COVER,313,475,JPEG,data/cache/en-mass-editorial-engine/covers/EN-OL7292768M.jpeg,NO,NO,167.0000,201.0000,AUTO_ACCEPT,Strong author/title/language match and validated physical cover.,SELECTED,,RECOVERED,OPEN_LIBRARY_EDITION:number_of_pages,NO,1
EN,YOUTH,Diana Wynne Jones,1,8,12,/works/OL60137W,Archer's Goon,Diana Wynne Jones,1.0000,1984,/books/OL9215191M,Archer's Goon,,eng,1.0000,9780006755272,Collins,"December 4, 2000",320,7510,VALID_COVER,315,475,JPEG,data/cache/en-mass-editorial-engine/covers/EN-OL9215191M.jpeg,NO,NO,167.0000,201.0000,AUTO_ACCEPT,Strong author/title/language match and validated physical cover.,SELECTED,,RECOVERED,OPEN_LIBRARY_EDITION:number_of_pages,NO,1
EN,YOUTH,Diana Wynne Jones,1,8,12,/works/OL60135W,Aunt Maria,Diana Wynne Jones,1.0000,1991,/books/OL7293402M,Aunt Maria,,eng,1.0000,9780066237428,Greenwillow,"August 14, 2003",288,52869,VALID_COVER,319,475,JPEG,data/cache/en-mass-editorial-engine/covers/EN-OL7293402M.jpeg,NO,NO,167.0000,201.0000,AUTO_ACCEPT,Strong author/title/language match and validated physical cover.,SELECTED,,RECOVERED,OPEN_LIBRARY_EDITION:number_of_pages,NO,1
EN,YOUTH,Diana Wynne Jones,1,8,12,/works/OL16104911W,Believing is seeing,Diana Wynne Jones,1.0000,1999,/books/OL379661M,Believing is seeing,seven stories,eng,1.0000,0688168434,Greenwillow Books,1999,165,432604,VALID_COVER,337,475,JPEG,data/cache/en-mass-editorial-engine/covers/EN-OL379661M.jpeg,NO,NO,167.0000,201.0000,AUTO_ACCEPT,Strong author/title/language match and validated physical cover.,SELECTED,,RECOVERED,OPEN_LIBRARY_EDITION:number_of_pages,NO,1
EN,YOUTH,Diana Wynne Jones,1,8,12,/works/OL60116W,Black Maria,Diana Wynne Jones,1.0000,1991,/books/OL1779353M,Black Maria,,eng,1.0000,0416172121,Methuen,1991,206,13062430,VALID_COVER,312,500,JPEG,data/cache/en-mass-editorial-engine/covers/EN-OL1779353M.jpeg,NO,NO,167.0000,201.0000,AUTO_ACCEPT,Strong author/title/language match and validated physical cover.,SELECTED,,RECOVERED,OPEN_LIBRARY_EDITION:number_of_pages,NO,1
EN,YOUTH,Diana Wynne Jones,1,8,12,/works/OL60141W,Castle in the Air,Diana Wynne Jones,1.0000,1990,/books/OL9247471M,Castle in the Air,,eng,1.0000,9780064473453,Eos,"August 7, 2001",304,13415202,VALID_COVER,303,500,JPEG,data/cache/en-mass-editorial-engine/covers/EN-OL9247471M.jpeg,NO,NO,167.0000,201.0000,AUTO_ACCEPT,Strong author/title/language match and validated physical cover.,SELECTED,,RECOVERED,OPEN_LIBRARY_EDITION:number_of_pages,NO,1
EN,YOUTH,Diana Wynne Jones,1,8,12,/works/OL11296207W,Chair person,Diana Wynne Jones,1.0000,1989,/books/OL22397715M,Chair person,,eng,1.0000,0241125944,Hamilton Children's,1989,96,12976113,VALID_COVER,284,500,JPEG,data/cache/en-mass-editorial-engine/covers/EN-OL22397715M.jpeg,NO,NO,167.0000,201.0000,AUTO_ACCEPT,Strong author/title/language match and validated physical cover.,SELECTED,,RECOVERED,OPEN_LIBRARY_EDITION:number_of_pages,NO,1
EN,YOUTH,J.R.R. Tolkien,1,10,15,/works/OL21164457W,A Secret Vice,J.R.R. Tolkien,1.0000,2016,/books/OL29274068M,A Secret Vice,,eng,1.0000,9780008131395,HarperCollins Publishers,2016,224,14627502,VALID_COVER,311,500,JPEG,data/cache/en-mass-editorial-engine/covers/EN-OL29274068M.jpeg,NO,NO,167.0000,201.0000,AUTO_ACCEPT,Strong author/title/language match and validated physical cover.,SELECTED,,RECOVERED,OPEN_LIBRARY_EDITION:number_of_pages,NO,1
EN,YOUTH,J.R.R. Tolkien,1,10,15,/works/OL34028976W,Battle of Maldon,J.R.R. Tolkien | Peter Grybauskas,1.0000,2023,/books/OL46682411M,Battle of Maldon,Together with the Homecoming of Beorhtnoth,eng,1.0000,9780063338180,HarperCollins Publishers,2023,208,13830493,VALID_COVER,321,500,JPEG,data/cache/en-mass-editorial-engine/covers/EN-OL46682411M.jpeg,NO,NO,167.0000,201.0000,AUTO_ACCEPT,Strong author/title/language match and validated physical cover.,SELECTED,,RECOVERED,OPEN_LIBRARY_EDITION:number_of_pages,NO,1
EN,YOUTH,J.R.R. Tolkien,1,10,15,/works/OL27509W,Beowulf. the monsters and the critics,J.R.R. Tolkien,1.0000,1936,/books/OL5291540M,Beowulf,the monsters and the critics,eng,1.0000,0841407703,Folcroft Library Editions,1972,51,14627512,VALID_COVER,339,500,JPEG,data/cache/en-mass-editorial-engine/covers/EN-OL5291540M.jpeg,NO,NO,167.0000,201.0000,AUTO_ACCEPT,Strong author/title/language match and validated physical cover.,SELECTED,,RECOVERED,OPEN_LIBRARY_EDITION:number_of_pages,NO,1
EN,YOUTH,J.R.R. Tolkien,1,10,15,/works/OL17755218W,Beren and Lúthien,J.R.R. Tolkien | Christopher Tolkien | ʻImanuʼel Loṭem,1.0000,2017,/books/OL27233650M,Beren and Lúthien,,eng,1.0000,9781328791825,Houghton Mifflin Harcourt,2017,288,12639912,VALID_COVER,335,500,JPEG,data/cache/en-mass-editorial-engine/covers/EN-OL27233650M.jpeg,NO,NO,167.0000,201.0000,AUTO_ACCEPT,Strong author/title/language match and validated physical cover.,SELECTED,,RECOVERED,OPEN_LIBRARY_EDITION:number_of_pages,NO,1
EN,YOUTH,J.R.R. Tolkien,1,10,15,/works/OL27506W,Bilbo's Last Song (At the Grey Havens),J.R.R. Tolkien,1.0000,1974,/books/OL51709222M,Bilbo's Last Song,(At the Grey Havens),eng,1.0000,0395538106,Houghton Mifflin Company,1990,,14627195,VALID_COVER,395,500,JPEG,data/cache/en-mass-editorial-engine/covers/EN-OL51709222M.jpeg,NO,NO,167.0000,201.0000,AUTO_ACCEPT,Strong author/title/language match and validated physical cover.,SELECTED,,NO_PAGE_COUNT,,NO,1
EN,YOUTH,J.R.R. Tolkien,1,10,15,/works/OL14933371W,HOBBIT BIRTHDAY BOOK,J.R.R. Tolkien,1.0000,1991,/books/OL7467113M,HOBBIT BIRTHDAY BOOK,,eng,1.0000,9780395636299,Houghton Mifflin,"October 27, 1992",,13845676,VALID_COVER,333,500,JPEG,data/cache/en-mass-editorial-engine/covers/EN-OL7467113M.jpeg,NO,NO,167.0000,201.0000,AUTO_ACCEPT,Strong author/title/language match and validated physical cover.,SELECTED,,NO_PAGE_COUNT,,NO,1
EN,YOUTH,J.R.R. Tolkien,1,10,15,/works/OL27498W,Morgoth's Ring,J.R.R. Tolkien | Christopher Tolkien,1.0000,1993,/books/OL1414161M,Morgoth's ring,"the later Silmarillion, part 1, the legends of Aman",eng,1.0000,0395680921,Houghton Mifflin,1993,471,9293464,VALID_COVER,324,500,JPEG,data/cache/en-mass-editorial-engine/covers/EN-OL1414161M.jpeg,NO,NO,167.0000,201.0000,AUTO_ACCEPT,Strong author/title/language match and validated physical cover.,SELECTED,,RECOVERED,OPEN_LIBRARY_EDITION:number_of_pages,NO,1
EN,YOUTH,J.R.R. Tolkien,1,10,15,/works/OL27487W,Mr. Bliss,J.R.R. Tolkien,1.0000,1982,/books/OL51709191M,Mr. Bliss,,eng,1.0000,0395329361,Houghton Mifflin Company,1983,,14627183,VALID_COVER,500,366,JPEG,data/cache/en-mass-editorial-engine/covers/EN-OL51709191M.jpeg,NO,NO,167.0000,201.0000,AUTO_ACCEPT,Strong author/title/language match and validated physical cover.,SELECTED,,NO_PAGE_COUNT,,NO,1
EN,YOUTH,Katherine Paterson,1,6,9,/works/OL27106W,A Midnight Clear,Katherine Paterson,1.0000,1995,/books/OL24368990M,A midnight clear,stories for the Christmas season,eng,1.0000,9780451197375,Signet,1998,212,6600826,VALID_COVER,355,500,JPEG,data/cache/en-mass-editorial-engine/covers/EN-OL24368990M.jpeg,NO,NO,167.0000,201.0000,AUTO_ACCEPT,Strong author/title/language match and validated physical cover.,SELECTED,,RECOVERED,OPEN_LIBRARY_EDITION:number_of_pages,NO,1
EN,YOUTH,Katherine Paterson,1,6,9,/works/OL18332006W,A sense of wonder,Katherine Paterson,1.0000,1995,/books/OL794407M,A sense of wonder,on reading and writing books for children,eng,1.0000,0452274761,Plume,1995,,296652,VALID_COVER,308,475,JPEG,data/cache/en-mass-editorial-engine/covers/EN-OL794407M.jpeg,NO,NO,167.0000,201.0000,AUTO_ACCEPT,Strong author/title/language match and validated physical cover.,SELECTED,,NO_PAGE_COUNT,,NO,1
EN,YOUTH,Katherine Paterson,1,6,9,/works/OL22643422W,A stubborn sweetness and other stories for the Christmas season,Katherine Paterson,1.0000,2013,/books/OL30662999M,A stubborn sweetness and other stories for the Christmas season,,eng,1.0000,9780664239152,Westminster John Knox Press,2013,185,12722816,VALID_COVER,324,500,JPEG,data/cache/en-mass-editorial-engine/covers/EN-OL30662999M.jpeg,NO,NO,167.0000,201.0000,AUTO_ACCEPT,Strong author/title/language match and validated physical cover.,SELECTED,,RECOVERED,OPEN_LIBRARY_EDITION:number_of_pages,NO,1
EN,YOUTH,Katherine Paterson,1,6,9,/works/OL25445501W,Birdie's Bargain,Katherine Paterson,1.0000,2021,/books/OL34149342M,Birdie's Bargain,,eng,1.0000,9781536215595,Candlewick Press,2021,240,12722813,VALID_COVER,336,500,JPEG,data/cache/en-mass-editorial-engine/covers/EN-OL34149342M.jpeg,NO,NO,167.0000,201.0000,AUTO_ACCEPT,Strong author/title/language match and validated physical cover.,SELECTED,,RECOVERED,OPEN_LIBRARY_EDITION:number_of_pages,NO,1
EN,YOUTH,Katherine Paterson,1,6,9,/works/OL2679845W,Blueberries for the Queen,Katherine Paterson | John Paterson (John Barstow),1.0000,2004,/books/OL3676275M,Blueberries for the Queen,,eng,1.0000,0066239427,HarperCollins,2004,,52966,VALID_COVER,374,475,JPEG,data/cache/en-mass-editorial-engine/covers/EN-OL3676275M.jpeg,NO,NO,167.0000,201.0000,AUTO_ACCEPT,Strong author/title/language match and validated physical cover.,SELECTED,,NO_PAGE_COUNT,,NO,1
EN,YOUTH,Katherine Paterson,1,6,9,/works/OL15835026W,"Bread and roses, too",Katherine Paterson,1.0000,2006,/books/OL23275450M,"Bread and roses, too",,eng,1.0000,0618654798,Clarion Books,2006,275,6733157,VALID_COVER,334,500,JPEG,data/cache/en-mass-editorial-engine/covers/EN-OL23275450M.jpeg,NO,NO,167.0000,201.0000,AUTO_ACCEPT,Strong author/title/language match and validated physical cover.,SELECTED,,RECOVERED,OPEN_LIBRARY_EDITION:number_of_pages,NO,1
EN,YOUTH,Kenneth Grahame,1,5,8,/works/OL15327584W,A Wind in the willows Christmas,Kenneth Grahame,1.0000,2000,/books/OL6780377M,A Wind in the willows Christmas,,eng,1.0000,158717006X,SeaStar Books,2000,41,1956716,VALID_COVER,389,475,JPEG,data/cache/en-mass-editorial-engine/covers/EN-OL6780377M.jpeg,NO,NO,167.0000,201.0000,AUTO_ACCEPT,Strong author/title/language match and validated physical cover.,SELECTED,,RECOVERED,OPEN_LIBRARY_EDITION:number_of_pages,NO,1
EN,YOUTH,Kenneth Grahame,1,5,8,/works/OL11328453W,Bond of Hatred,Lynne Graham | Kenneth Grahame | Zhou lang,1.0000,1995,/books/OL28972835M,Bond of Hatred,,eng,1.0000,9780263841053,"Harlequin Mills & Boon, Limited",2005,217,10557302,VALID_COVER,309,500,JPEG,data/cache/en-mass-editorial-engine/covers/EN-OL28972835M.jpeg,NO,NO,167.0000,201.0000,AUTO_ACCEPT,Strong author/title/language match and validated physical cover.,SELECTED,,RECOVERED,OPEN_LIBRARY_EDITION:number_of_pages,NO,1
EN,YOUTH,Kenneth Grahame,1,5,8,/works/OL15327508W,Classic Starts,Kenneth Grahame,1.0000,2007,/books/OL9405733M,Classic Starts,The Wind in the Willows (Classic Starts Series),eng,1.0000,9781402736964,Sterling,"February 1, 2007",160,1738965,VALID_COVER,363,500,JPEG,data/cache/en-mass-editorial-engine/covers/EN-OL9405733M.jpeg,NO,NO,167.0000,201.0000,AUTO_ACCEPT,Strong author/title/language match and validated physical cover.,SELECTED,,RECOVERED,OPEN_LIBRARY_EDITION:number_of_pages,NO,1
EN,YOUTH,Kenneth Grahame,1,5,8,/works/OL69570W,Classics Illustrated Deluxe,Kenneth Grahame,1.0000,2008,/books/OL12492832M,Classics Illustrated Deluxe,The Wind in the Willows (Classics Illustrated Deluxe Graphic Novels),eng,1.0000,9781597070959,Papercutz,"January 22, 2008",144,7389324,VALID_COVER,343,500,JPEG,data/cache/en-mass-editorial-engine/covers/EN-OL12492832M.jpeg,NO,NO,167.0000,201.0000,AUTO_ACCEPT,Strong author/title/language match and validated physical cover.,SELECTED,,RECOVERED,OPEN_LIBRARY_EDITION:number_of_pages,NO,1
EN,YOUTH,Kenneth Grahame,1,5,8,/works/OL69598W,"Mole's Christmas, or, Home sweet home",Kenneth Grahame,1.0000,1982,/books/OL24939784M,"Mole's Christmas, or, Home sweet home",from the wind in the willows,eng,1.0000,9780416254303,Methuen Children's,1982,32,6926955,VALID_COVER,387,500,JPEG,data/cache/en-mass-editorial-engine/covers/EN-OL24939784M.jpeg,NO,NO,167.0000,201.0000,AUTO_ACCEPT,Strong author/title/language match and validated physical cover.,SELECTED,,RECOVERED,OPEN_LIBRARY_EDITION:number_of_pages,NO,1
EN,YOUTH,Lewis Carroll,1,7,10,/works/OL39858249W,Alice in Wonderland,Lewis Carroll,1.0000,2008,/books/OL54346696M,Alice in Wonderland,Full Color Illustrations,eng,1.0000,9781450510639,CreateSpace Independent Publishing Platform,2010,112,15090639,VALID_COVER,400,500,JPEG,data/cache/en-mass-editorial-engine/covers/EN-OL54346696M.jpeg,NO,NO,167.0000,201.0000,AUTO_ACCEPT,Strong author/title/language match and validated physical cover.,SELECTED,,RECOVERED,OPEN_LIBRARY_EDITION:number_of_pages,NO,1
EN,YOUTH,Lewis Carroll,1,7,10,/works/OL21004987W,Alice's Adventures in Wonderland,Lewis Carroll,1.0000,2002,/books/OL10137588M,Alice's Adventures in Wonderland,,eng,1.0000,9780195971293,Oxford University Press,"November 3, 2005",72,13529228,VALID_COVER,322,500,JPEG,data/cache/en-mass-editorial-engine/covers/EN-OL10137588M.jpeg,NO,NO,167.0000,201.0000,AUTO_ACCEPT,Strong author/title/language match and validated physical cover.,SELECTED,,RECOVERED,OPEN_LIBRARY_EDITION:number_of_pages,NO,1
EN,YOUTH,Lewis Carroll,1,7,10,/works/OL27705892W,Alice's Adventures in Wonderland. Jigsaw Book,Lewis Carroll,1.0000,2015,/books/OL37792755M,Alice's Adventures in Wonderland,jigsaw book,eng,1.0000,9781406368321,Walker Books,2015,,12700628,VALID_COVER,399,500,JPEG,data/cache/en-mass-editorial-engine/covers/EN-OL37792755M.jpeg,NO,NO,167.0000,201.0000,AUTO_ACCEPT,Strong author/title/language match and validated physical cover.,SELECTED,,NO_PAGE_COUNT,,NO,1
EN,YOUTH,Lewis Carroll,1,7,10,/works/OL16629953W,Lewis Carroll,Edward Mendelson | Lewis Carroll,1.0000,2000,/books/OL6786338M,Lewis Carroll,,eng,1.0000,0806955414,"Sterling Publishing Company, Inc.",2000,48,10527245,VALID_COVER,418,500,JPEG,data/cache/en-mass-editorial-engine/covers/EN-OL6786338M.jpeg,NO,NO,167.0000,201.0000,AUTO_ACCEPT,Strong author/title/language match and validated physical cover.,SELECTED,,RECOVERED,OPEN_LIBRARY_EDITION:number_of_pages,NO,1
EN,YOUTH,Lewis Carroll,1,7,10,/works/OL151421W,Lewis Carroll's diaries,Lewis Carroll,1.0000,1953,/books/OL553013M,Lewis Carroll's diaries,the private journals of Charles Lutwidge Dodgson (Lewis Carroll) : the first complete version of the nine surviving volumes with notes and annotations,eng,1.0000,0904117065,Lewis Carroll Society,1993,10,4776545,VALID_COVER,128,179,JPEG,data/cache/en-mass-editorial-engine/covers/EN-OL553013M.jpeg,NO,NO,167.0000,201.0000,AUTO_ACCEPT,Strong author/title/language match and validated physical cover.,SELECTED,,RECOVERED,OPEN_LIBRARY_EDITION:number_of_pages,NO,1
EN,YOUTH,Lois Lowry,1,7,10,/works/OL1846156W,A summer to die,Lois Lowry | Jenni Oliver,1.0000,1977,/books/OL4534439M,A summer to die,,eng,1.0000,0395253381,Houghton Mifflin,1977,154,255504,VALID_COVER,314,475,JPEG,data/cache/en-mass-editorial-engine/covers/EN-OL4534439M.jpeg,NO,NO,167.0000,201.0000,AUTO_ACCEPT,Strong author/title/language match and validated physical cover.,SELECTED,,RECOVERED,OPEN_LIBRARY_EDITION:number_of_pages,NO,1
EN,YOUTH,Lois Lowry,1,7,10,/works/OL1846143W,All about Sam,Lois Lowry | Diane Degroat,1.0000,1988,/books/OL16590881M,All about Sam,,eng,1.0000,0440402212,Dell,1992,135,9543681,VALID_COVER,332,500,JPEG,data/cache/en-mass-editorial-engine/covers/EN-OL16590881M.jpeg,NO,NO,167.0000,201.0000,AUTO_ACCEPT,Strong author/title/language match and validated physical cover.,SELECTED,,RECOVERED,OPEN_LIBRARY_EDITION:number_of_pages,NO,1
EN,YOUTH,Lois Lowry,1,7,10,/works/OL14919326W,Anastasia Absolutely,Lois Lowry,1.0000,1995,/books/OL24751120M,"Anastasia, absolutely",,eng,1.0000,0395745217,Houghton Mifflin,1995,119,6804864,VALID_COVER,342,500,JPEG,data/cache/en-mass-editorial-engine/covers/EN-OL24751120M.jpeg,NO,NO,167.0000,201.0000,AUTO_ACCEPT,Strong author/title/language match and validated physical cover.,SELECTED,,RECOVERED,OPEN_LIBRARY_EDITION:number_of_pages,NO,1
EN,YOUTH,Lois Lowry,1,7,10,/works/OL1846049W,Anastasia Again,Lois Lowry,1.0000,1981,/books/OL4260811M,Anastasia again!,,eng,1.0000,0395311470,Houghton Mifflin,1981,145,255581,VALID_COVER,338,500,JPEG,data/cache/en-mass-editorial-engine/covers/EN-OL4260811M.jpeg,NO,NO,167.0000,201.0000,AUTO_ACCEPT,Strong author/title/language match and validated physical cover.,SELECTED,,RECOVERED,OPEN_LIBRARY_EDITION:number_of_pages,NO,1
EN,YOUTH,Lois Lowry,1,7,10,/works/OL1846064W,"Anastasia, Ask Your Analyst",Lois Lowry,1.0000,1984,/books/OL24373151M,"Anastasia, ask your analyst",,eng,1.0000,9780440402893,Dell Pub. Co.,1985,119,6613399,VALID_COVER,343,500,JPEG,data/cache/en-mass-editorial-engine/covers/EN-OL24373151M.jpeg,NO,NO,167.0000,201.0000,AUTO_ACCEPT,Strong author/title/language match and validated physical cover.,SELECTED,,RECOVERED,OPEN_LIBRARY_EDITION:number_of_pages,NO,1
EN,YOUTH,Lois Lowry,1,7,10,/works/OL1846048W,Anastasia at This Address,Lois Lowry,1.0000,1991,/books/OL24821128M,Anastasia at this address,,eng,1.0000,9780440406525,Yearling,1992,129,6851098,VALID_COVER,332,500,JPEG,data/cache/en-mass-editorial-engine/covers/EN-OL24821128M.jpeg,NO,NO,167.0000,201.0000,AUTO_ACCEPT,Strong author/title/language match and validated physical cover.,SELECTED,,RECOVERED,OPEN_LIBRARY_EDITION:number_of_pages,NO,1
EN,YOUTH,Lois Lowry,1,7,10,/works/OL1846046W,Anastasia at Your Service,Lois Lowry,1.0000,1982,/books/OL3489519M,Anastasia at your service,,eng,1.0000,0395328659,Houghton Mifflin,1982,149,255608,VALID_COVER,317,475,JPEG,data/cache/en-mass-editorial-engine/covers/EN-OL3489519M.jpeg,NO,NO,167.0000,201.0000,AUTO_ACCEPT,Strong author/title/language match and validated physical cover.,SELECTED,,RECOVERED,OPEN_LIBRARY_EDITION:number_of_pages,NO,1
EN,YOUTH,Lois Lowry,1,7,10,/works/OL1846145W,Anastasia has the answers,Lois Lowry,1.0000,1986,/books/OL7973963M,Anastasia Has the Answers,,eng,1.0000,9780808596561,Tandem Library,October 1999,,4700274,VALID_COVER,128,193,JPEG,data/cache/en-mass-editorial-engine/covers/EN-OL7973963M.jpeg,NO,NO,167.0000,201.0000,AUTO_ACCEPT,Strong author/title/language match and validated physical cover.,SELECTED,PROMOTED_FROM_VALIDATED_RESERVE,NO_PAGE_COUNT,,NO,1
EN,YOUTH,Madeleine L'Engle,1,7,10,/works/OL14949890W,A Cry Like a Bell,Madeleine L'Engle,1.0000,1987,/books/OL2397128M,A Cry Like a Bell,,eng,1.0000,0877881480,H. Shaw Publishers,1987,110,9893509,VALID_COVER,284,500,JPEG,data/cache/en-mass-editorial-engine/covers/EN-OL2397128M.jpeg,NO,NO,167.0000,201.0000,AUTO_ACCEPT,Strong author/title/language match and validated physical cover.,SELECTED,,RECOVERED,OPEN_LIBRARY_EDITION:number_of_pages,NO,1
EN,YOUTH,Madeleine L'Engle,1,7,10,/works/OL41453W,A Full House,Madeleine L'Engle,1.0000,1999,/books/OL8113782M,A Full House,An Austin Family Christmas,eng,1.0000,9780877880202,Shaw,"March 7, 2000",48,671813,VALID_COVER,364,475,JPEG,data/cache/en-mass-editorial-engine/covers/EN-OL8113782M.jpeg,NO,NO,167.0000,201.0000,AUTO_ACCEPT,Strong author/title/language match and validated physical cover.,SELECTED,,RECOVERED,OPEN_LIBRARY_EDITION:number_of_pages,NO,1
EN,YOUTH,Madeleine L'Engle,1,7,10,/works/OL14949916W,A Prayerbook for Spiritual Friends,Madeleine L'Engle,1.0000,1999,/books/OL7942683M,A Prayerbook for Spiritual Friends,Partners in Prayer,eng,1.0000,9780806638928,Augsburg Fortress Publishers,July 1999,96,586078,VALID_COVER,475,309,JPEG,data/cache/en-mass-editorial-engine/covers/EN-OL7942683M.jpeg,NO,NO,167.0000,201.0000,AUTO_ACCEPT,Strong author/title/language match and validated physical cover.,SELECTED,,RECOVERED,OPEN_LIBRARY_EDITION:number_of_pages,NO,1
EN,YOUTH,Madeleine L'Engle,1,7,10,/works/OL41469W,A Severed Wasp (Katherine Forrester Vigneras #2),Madeleine L'Engle,1.0000,1982,/books/OL3495684M,A severed wasp,Katherine Forrester Vigneras #2,eng,1.0000,0374261318,"Farrar, Straus, Giroux",1982,388,6895436,VALID_COVER,331,500,JPEG,data/cache/en-mass-editorial-engine/covers/EN-OL3495684M.jpeg,NO,NO,167.0000,201.0000,AUTO_ACCEPT,Strong author/title/language match and validated physical cover.,SELECTED,,RECOVERED,OPEN_LIBRARY_EDITION:number_of_pages,NO,1
EN,YOUTH,Madeleine L'Engle,1,7,10,/works/OL41472W,A winter's love,Madeleine L'Engle,1.0000,1957,/books/OL998860M,A winter's love,a novel,eng,1.0000,0877888892,Harold Shaw Publishers,1999,335,672161,VALID_COVER,308,475,JPEG,data/cache/en-mass-editorial-engine/covers/EN-OL998860M.jpeg,NO,NO,167.0000,201.0000,AUTO_ACCEPT,Strong author/title/language match and validated physical cover.,SELECTED,,RECOVERED,OPEN_LIBRARY_EDITION:number_of_pages,NO,1
EN,YOUTH,Madeleine L'Engle,1,7,10,/works/OL14949878W,Access to Literature,Madeleine L'Engle,1.0000,1993,/books/OL12096983M,Access to Literature,A Wrinkle in Time,eng,1.0000,9781559993845,"LinguiSystems, Inc.",March 1993,,13062653,VALID_COVER,360,500,JPEG,data/cache/en-mass-editorial-engine/covers/EN-OL12096983M.jpeg,NO,NO,167.0000,201.0000,AUTO_ACCEPT,Strong author/title/language match and validated physical cover.,SELECTED,,NO_PAGE_COUNT,,NO,1
EN,YOUTH,Madeleine L'Engle,1,7,10,/works/OL41487W,And Both Were Young,Madeleine L'Engle,1.0000,1949,/books/OL18616947M,And Both Were Young,,eng,1.0000,0440902290,Laurel-Leaf Books,1983,241,8737889,VALID_COVER,299,500,JPEG,data/cache/en-mass-editorial-engine/covers/EN-OL18616947M.jpeg,NO,NO,167.0000,201.0000,AUTO_ACCEPT,Strong author/title/language match and validated physical cover.,SELECTED,,RECOVERED,OPEN_LIBRARY_EDITION:number_of_pages,NO,1
EN,YOUTH,Madeleine L'Engle,1,7,10,/works/OL41464W,Anytime Prayers,Madeleine L'Engle,1.0000,1994,/books/OL1434553M,Anytime prayers,,eng,1.0000,0877880557,H. Shaw,1994,,8555467,VALID_COVER,500,327,JPEG,data/cache/en-mass-editorial-engine/covers/EN-OL1434553M.jpeg,NO,NO,167.0000,201.0000,AUTO_ACCEPT,Strong author/title/language match and validated physical cover.,SELECTED,PROMOTED_FROM_VALIDATED_RESERVE,NO_PAGE_COUNT,,NO,1
EN,YOUTH,Neil Gaiman,1,10,15,/works/OL19751214W,A Study in Emerald,Neil Gaiman,1.0000,2018,/books/OL39612012M,A Study in Emerald,,eng,1.0000,9781630089917,Dark Horse Comics,"July 11, 2018",85,14816624,VALID_COVER,325,500,JPEG,data/cache/en-mass-editorial-engine/covers/EN-OL39612012M.jpeg,NO,NO,167.0000,201.0000,AUTO_ACCEPT,Strong author/title/language match and validated physical cover.,SELECTED,,RECOVERED,OPEN_LIBRARY_EDITION:number_of_pages,NO,1
EN,YOUTH,Neil Gaiman,1,10,15,/works/OL679360W,American Gods,Neil Gaiman,1.0000,2001,/books/OL32582534M,American Gods,,eng,1.0000,9780062472106,William Morrow,2016-09,784,14420908,VALID_COVER,272,500,JPEG,data/cache/en-mass-editorial-engine/covers/EN-OL32582534M.jpeg,NO,NO,167.0000,201.0000,AUTO_ACCEPT,Strong author/title/language match and validated physical cover.,SELECTED,,RECOVERED,OPEN_LIBRARY_EDITION:number_of_pages,NO,1
EN,YOUTH,Neil Gaiman,1,10,15,/works/OL679266W,Anansi Boys,Neil Gaiman,1.0000,2005,/books/OL24769027M,Anansi Boys,,eng,1.0000,9780060515188,William Morrow,2005,336,14352432,VALID_COVER,332,500,JPEG,data/cache/en-mass-editorial-engine/covers/EN-OL24769027M.jpeg,NO,NO,167.0000,201.0000,AUTO_ACCEPT,Strong author/title/language match and validated physical cover.,SELECTED,,RECOVERED,OPEN_LIBRARY_EDITION:number_of_pages,NO,1
EN,YOUTH,Neil Gaiman,1,10,15,/works/OL19764838W,Art matters,Neil Gaiman | Chris Riddell | Montse Meneses Vilar,1.0000,2018,/books/OL29534877M,Art Matters,,eng,1.0000,9781472260109,Headline Publishing Group,2021,128,12399294,VALID_COVER,254,400,JPEG,data/cache/en-mass-editorial-engine/covers/EN-OL29534877M.jpeg,NO,NO,167.0000,201.0000,AUTO_ACCEPT,Strong author/title/language match and validated physical cover.,SELECTED,,RECOVERED,OPEN_LIBRARY_EDITION:number_of_pages,NO,1
EN,YOUTH,Neil Gaiman,1,10,15,/works/OL16816615W,Batman,Neil Gaiman | Andy Kubert,1.0000,1776,/books/OL38568891M,Batman,Whatever Happened to the Caped Crusader?,eng,1.0000,9781448757381,Paw Prints,2011,,12807105,VALID_COVER,307,500,JPEG,data/cache/en-mass-editorial-engine/covers/EN-OL38568891M.jpeg,NO,NO,167.0000,201.0000,AUTO_ACCEPT,Strong author/title/language match and validated physical cover.,SELECTED,,NO_PAGE_COUNT,,NO,1
EN,YOUTH,Neil Gaiman,1,10,15,/works/OL679322W,Black orchid,Neil Gaiman,1.0000,1991,/books/OL1486405M,Black Orchid,,eng,1.0000,0930289552,DC Comics,1991,160,11438316,VALID_COVER,321,500,JPEG,data/cache/en-mass-editorial-engine/covers/EN-OL1486405M.jpeg,NO,NO,167.0000,201.0000,AUTO_ACCEPT,Strong author/title/language match and validated physical cover.,SELECTED,,RECOVERED,OPEN_LIBRARY_EDITION:number_of_pages,NO,1
EN,YOUTH,Neil Gaiman,1,10,15,/works/OL679268W,Blueberry girl,Neil Gaiman | Charles Vess,1.0000,2008,/books/OL16478625M,Blueberry girl,,eng,1.0000,9780060838089,HarperCollinsPublishers,2008,,10482524,VALID_COVER,464,500,JPEG,data/cache/en-mass-editorial-engine/covers/EN-OL16478625M.jpeg,NO,NO,167.0000,201.0000,AUTO_ACCEPT,Strong author/title/language match and validated physical cover.,SELECTED,,NO_PAGE_COUNT,,NO,1
EN,YOUTH,Neil Gaiman,1,10,15,/works/OL16810272W,Chu's Day,Neil Gaiman,1.0000,2013,/books/OL25435307M,Chu's Day,,eng,1.0000,9780062017819,Harper,2013,30,14561603,VALID_COVER,434,500,JPEG,data/cache/en-mass-editorial-engine/covers/EN-OL25435307M.jpeg,NO,NO,167.0000,201.0000,AUTO_ACCEPT,Strong author/title/language match and validated physical cover.,SELECTED,,RECOVERED,OPEN_LIBRARY_EDITION:number_of_pages,NO,1
EN,YOUTH,Neil Gaiman,1,10,15,/works/OL19355697W,Cinnamon,Neil Gaiman | Divya Srinivasan,1.0000,2017,/books/OL27234336M,Cinnamon,,eng,1.0000,9780062399618,HarperCollins,2017,40,13758717,VALID_COVER,391,500,JPEG,data/cache/en-mass-editorial-engine/covers/EN-OL27234336M.jpeg,NO,NO,167.0000,201.0000,AUTO_ACCEPT,Strong author/title/language match and validated physical cover.,SELECTED,,RECOVERED,OPEN_LIBRARY_EDITION:number_of_pages,NO,1
EN,YOUTH,Neil Gaiman,1,10,15,/works/OL679358W,Coraline,Neil Gaiman,1.0000,2001,/books/OL32805601M,Coraline,,eng,1.0000,9780754079255,Trophy Pr,"Jul 16, 2004",,15228790,VALID_COVER,500,500,JPEG,data/cache/en-mass-editorial-engine/covers/EN-OL32805601M.jpeg,NO,NO,167.0000,201.0000,AUTO_ACCEPT,Strong author/title/language match and validated physical cover.,SELECTED,,NO_PAGE_COUNT,,NO,1
EN,YOUTH,Philip Pullman,1,9,13,/works/OL19753407W,Daemon voices,Philip Pullman,1.0000,2017,/books/OL28325585M,Daemon Voices,Essays on Storytelling,eng,1.0000,9781910200964,David Fickling Books,"Jul 13, 2017",480,10254465,VALID_COVER,327,500,JPEG,data/cache/en-mass-editorial-engine/covers/EN-OL28325585M.jpeg,NO,NO,167.0000,201.0000,AUTO_ACCEPT,Strong author/title/language match and validated physical cover.,SELECTED,,RECOVERED,OPEN_LIBRARY_EDITION:number_of_pages,NO,1
EN,YOUTH,Philip Pullman,1,9,13,/works/OL21229749W,Darkness Illuminated,Philip Pullman | Lyn Haill,1.0000,2004,/books/OL8908785M,Darkness Illuminated,Platform discussions on 'His Dark Materials' at the National Theatre,eng,1.0000,9781840024555,Oberon Books,April 2005,119,881856,VALID_COVER,434,500,JPEG,data/cache/en-mass-editorial-engine/covers/EN-OL8908785M.jpeg,NO,NO,167.0000,201.0000,AUTO_ACCEPT,Strong author/title/language match and validated physical cover.,SELECTED,,RECOVERED,OPEN_LIBRARY_EDITION:number_of_pages,NO,1
EN,YOUTH,Philip Pullman,1,9,13,/works/OL15401586W,Flipper,Dina Anastasio | Philip Pullman,1.0000,1995,/books/OL24376266M,Flipper,a novel,eng,1.0000,9780590131773,Scholastic,1996,58,6623232,VALID_COVER,330,500,JPEG,data/cache/en-mass-editorial-engine/covers/EN-OL24376266M.jpeg,NO,NO,167.0000,201.0000,AUTO_ACCEPT,Strong author/title/language match and validated physical cover.,SELECTED,,RECOVERED,OPEN_LIBRARY_EDITION:number_of_pages,NO,1
EN,YOUTH,Philip Pullman,1,9,13,/works/OL29000W,Galatea,Philip Pullman,1.0000,1978,/books/OL4749597M,Galatea,a novel,eng,1.0000,0525111255,Dutton,1979,287,9788042,VALID_COVER,328,500,JPEG,data/cache/en-mass-editorial-engine/covers/EN-OL4749597M.jpeg,NO,NO,167.0000,201.0000,AUTO_ACCEPT,Strong author/title/language match and validated physical cover.,SELECTED,,RECOVERED,OPEN_LIBRARY_EDITION:number_of_pages,NO,1
EN,YOUTH,Philip Pullman,1,9,13,/works/OL16795181W,Grimm Tales,Philip Pullman | Jacob Grimm | Wilhelm Grimm,1.0000,2012,/books/OL25415807M,Grimm Tales,For Young and Old,eng,1.0000,9781846140266,Penguin Books,2012,406,7238991,VALID_COVER,224,299,JPEG,data/cache/en-mass-editorial-engine/covers/EN-OL25415807M.jpeg,NO,NO,167.0000,201.0000,AUTO_ACCEPT,Strong author/title/language match and validated physical cover.,SELECTED,,RECOVERED,OPEN_LIBRARY_EDITION:number_of_pages,NO,1
EN,YOUTH,Philip Pullman,1,9,13,/works/OL28986W,His Dark Materials,Philip Pullman,1.0000,2000,/books/OL44180414M,His Dark Materials,Northern Lights; The Subtle Knife; The Amber Spyglass,eng,1.0000,9780702301629,Scholastic,2019,1024,15173367,VALID_COVER,306,500,JPEG,data/cache/en-mass-editorial-engine/covers/EN-OL44180414M.jpeg,NO,NO,167.0000,201.0000,AUTO_ACCEPT,Strong author/title/language match and validated physical cover.,SELECTED,,RECOVERED,OPEN_LIBRARY_EDITION:pagination,NO,1
EN,YOUTH,Philip Pullman,1,9,13,/works/OL15837360W,I was a rat!,Philip Pullman,1.0000,1999,/books/OL32886532M,I was a rat!,,eng,1.0000,9780440864899,Corgi Yearling,2001,176,11518221,VALID_COVER,331,500,JPEG,data/cache/en-mass-editorial-engine/covers/EN-OL32886532M.jpeg,NO,NO,167.0000,201.0000,AUTO_ACCEPT,Strong author/title/language match and validated physical cover.,SELECTED,,RECOVERED,OPEN_LIBRARY_EDITION:number_of_pages,NO,1
EN,YOUTH,Philip Pullman,1,9,13,/works/OL27412259W,Imagination Chamber,Philip Pullman,1.0000,2022,/books/OL37335172M,Imagination Chamber,,eng,1.0000,9780702315510,Scholastic,2022,96,13314682,VALID_COVER,313,500,JPEG,data/cache/en-mass-editorial-engine/covers/EN-OL37335172M.jpeg,NO,NO,167.0000,201.0000,AUTO_ACCEPT,Strong author/title/language match and validated physical cover.,SELECTED,,RECOVERED,OPEN_LIBRARY_EDITION:pagination,NO,1
EN,YOUTH,Philip Pullman,1,9,13,/works/OL17666885W,Life and death,Kate Agnew | Philip Pullman,1.0000,2007,/books/OL9860548M,Life and Death,A Collection of Classic Poetry and Prose,eng,1.0000,9781840465679,Totem Books,"October 25, 2007",208,2014459,VALID_COVER,323,500,JPEG,data/cache/en-mass-editorial-engine/covers/EN-OL9860548M.jpeg,NO,NO,167.0000,201.0000,AUTO_ACCEPT,Strong author/title/language match and validated physical cover.,SELECTED,,RECOVERED,OPEN_LIBRARY_EDITION:number_of_pages,NO,1
EN,YOUTH,Roald Dahl,1,12,18,/works/OL15091168W,A Roald Dahl Selection,Roald Dahl,1.0000,1980,/books/OL3825470M,A Roald Dahl selection,nine short stories,eng,1.0000,9780582222816,Addison Wesley Logman Limited,1980,161,8715962,VALID_COVER,320,500,JPEG,data/cache/en-mass-editorial-engine/covers/EN-OL3825470M.jpeg,NO,NO,167.0000,201.0000,AUTO_ACCEPT,Strong author/title/language match and validated physical cover.,SELECTED,,RECOVERED,OPEN_LIBRARY_EDITION:number_of_pages,NO,1
EN,YOUTH,Roald Dahl,1,12,18,/works/OL10561719W,A Second Roald Dahl Selection,Roald Dahl,1.0000,1987,/books/OL10649604M,A Second Roald Dahl Selection,eight short stories,eng,1.0000,9780582224995,Longman,1987,152,10606295,VALID_COVER,319,500,JPEG,data/cache/en-mass-editorial-engine/covers/EN-OL10649604M.jpeg,NO,NO,167.0000,201.0000,AUTO_ACCEPT,Strong author/title/language match and validated physical cover.,SELECTED,,RECOVERED,OPEN_LIBRARY_EDITION:number_of_pages,NO,1
EN,YOUTH,Roald Dahl,1,12,18,/works/OL45854W,"Ah, Sweet Mystery of Life",Roald Dahl,1.0000,1989,/books/OL2217846M,"Ah, Sweet Mystery of Life",stories,eng,1.0000,9780394582658,Alfred A. Knopf,1990,179,9159665,VALID_COVER,322,500,JPEG,data/cache/en-mass-editorial-engine/covers/EN-OL2217846M.jpeg,NO,NO,167.0000,201.0000,AUTO_ACCEPT,Strong author/title/language match and validated physical cover.,SELECTED,,RECOVERED,OPEN_LIBRARY_EDITION:number_of_pages,NO,1
EN,YOUTH,Roald Dahl,1,12,18,/works/OL45887W,Boy,Roald Dahl,1.0000,1984,/books/OL39483514M,Boy,,eng,1.0000,9780857550460,Jonathan Cape,2012,,12888183,VALID_COVER,346,500,JPEG,data/cache/en-mass-editorial-engine/covers/EN-OL39483514M.jpeg,NO,NO,167.0000,201.0000,AUTO_ACCEPT,Strong author/title/language match and validated physical cover.,SELECTED,,NO_PAGE_COUNT,,NO,1
EN,YOUTH,Roald Dahl,1,12,18,/works/OL45790W,Charlie and the Chocolate Factory,Roald Dahl,1.0000,1964,/books/OL28338839M,Charlie and the Chocolate Factory,,eng,1.0000,9780141326191,Puffin,"Jul 17, 2000",,14809955,VALID_COVER,318,500,JPEG,data/cache/en-mass-editorial-engine/covers/EN-OL28338839M.jpeg,NO,NO,167.0000,201.0000,AUTO_ACCEPT,Strong author/title/language match and validated physical cover.,SELECTED,,NO_PAGE_COUNT,,NO,1
EN,YOUTH,Roald Dahl,1,12,18,/works/OL45793W,Charlie and the Great Glass Elevator,Roald Dahl,1.0000,1972,/books/OL39486892M,Charlie and the Great Glass Elevator,,eng,1.0000,0394824725,Alfred A. Knopf,1972,,12894997,VALID_COVER,307,500,JPEG,data/cache/en-mass-editorial-engine/covers/EN-OL39486892M.jpeg,NO,NO,167.0000,201.0000,AUTO_ACCEPT,Strong author/title/language match and validated physical cover.,SELECTED,,NO_PAGE_COUNT,,NO,1
EN,YOUTH,Roald Dahl,1,12,18,/works/OL21136306W,Cruelty,Roald Dahl,1.0000,2016,/books/OL28612175M,Cruelty,,eng,1.0000,9780718185657,"Penguin Books, Limited",2016,240,12375249,VALID_COVER,315,500,JPEG,data/cache/en-mass-editorial-engine/covers/EN-OL28612175M.jpeg,NO,NO,167.0000,201.0000,AUTO_ACCEPT,Strong author/title/language match and validated physical cover.,SELECTED,,RECOVERED,OPEN_LIBRARY_EDITION:number_of_pages,NO,1
EN,YOUTH,Roald Dahl,1,12,18,/works/OL45865W,"Danny, The Champion of the World",Roald Dahl,1.0000,1975,/books/OL7414284M,Danny The Champion of the World,,eng,1.0000,9780224037495,Jonathan Cape,1994,223,12619353,VALID_COVER,329,500,JPEG,data/cache/en-mass-editorial-engine/covers/EN-OL7414284M.jpeg,NO,NO,167.0000,201.0000,AUTO_ACCEPT,Strong author/title/language match and validated physical cover.,SELECTED,,RECOVERED,OPEN_LIBRARY_EDITION:number_of_pages,NO,1
EN,YOUTH,Roald Dahl,1,12,18,/works/OL2940308W,Disney's James & the giant peach,Lane Smith | Karey Kirkpatrick | Roald Dahl,1.0000,1996,/books/OL793526M,Disney's James & the giant peach,,eng,1.0000,0786831057,Disney Press,1996,,8311347,VALID_COVER,500,374,JPEG,data/cache/en-mass-editorial-engine/covers/EN-OL793526M.jpeg,NO,NO,167.0000,201.0000,AUTO_ACCEPT,Strong author/title/language match and validated physical cover.,SELECTED,,NO_PAGE_COUNT,,NO,1
EN,YOUTH,Roald Dahl,1,12,18,/works/OL45869W,Esio Trot,Roald Dahl,1.0000,1990,/books/OL39484409M,Esio Trot,,eng,1.0000,9780141349855,Puffin,2013,,12889722,VALID_COVER,316,500,JPEG,data/cache/en-mass-editorial-engine/covers/EN-OL39484409M.jpeg,NO,NO,167.0000,201.0000,AUTO_ACCEPT,Strong author/title/language match and validated physical cover.,SELECTED,,NO_PAGE_COUNT,,NO,1
EN,YOUTH,Roald Dahl,1,12,18,/works/OL45804W,Fantastic Mr Fox,Roald Dahl | Roal'd Dal',1.0000,1917,/books/OL28297572M,Fantastic Mr Fox,,eng,1.0000,9780141349978,Puffin,2013,81,10222599,VALID_COVER,311,500,JPEG,data/cache/en-mass-editorial-engine/covers/EN-OL28297572M.jpeg,NO,NO,167.0000,201.0000,AUTO_ACCEPT,Strong author/title/language match and validated physical cover.,SELECTED,,RECOVERED,OPEN_LIBRARY_EDITION:number_of_pages,NO,1
EN,YOUTH,Roald Dahl,1,12,18,/works/OL45866W,George's Marvelous Medicine,Roald Dahl,1.0000,1981,/books/OL39483530M,George's Marvelous Medicine,,eng,1.0000,9780141365503,Puffin,2016,,12888192,VALID_COVER,318,500,JPEG,data/cache/en-mass-editorial-engine/covers/EN-OL39483530M.jpeg,NO,NO,167.0000,201.0000,AUTO_ACCEPT,Strong author/title/language match and validated physical cover.,SELECTED,,NO_PAGE_COUNT,,NO,1
