row_index,language,title,authors,decision,cover_reference_count,cover_references
1,LA,Æsopi Phrygis Fabulæ,Aesop,KEEP_TRANSLATION,0,
2,LA,Aesopi Phrygis fabulatoris celeberrimi lepidissimae fabulae Graecè & Latinè,Aesop | Joseph Jacobs | Percy J. Billinghurst | Roger L'Estrange,KEEP_TRANSLATION,0,
3,LA,Regulus,Antoine de Saint-Exupéry,KEEP_TRANSLATION,0,
4,LA,St. Augustine's Confessions,Augustine of Hippo,KEEP_CORE,0,
5,LA,Euphormionis Lusinini Satyricon.,"Barclay, John",KEEP_CORE,0,
6,LA,Fabula de Petro Cuniculo.,Beatrix Potter,KEEP_TRANSLATION,0,
7,LA,Ieremia Piscatore,Beatrix Potter,KEEP_TRANSLATION,0,
8,LA,Fabula de Jemima Anate-Aquatica,Beatrix Potter | Colin Twinn,KEEP_TRANSLATION,0,
9,LA,Ludovici Montaltii Litterae provinciales,Blaise Pascal,KEEP_TRANSLATION,0,
10,LA,Boethius' Consolation of philosophy,Boethius,KEEP_CORE,0,
11,LA,Pinoculus Latinus,Carlo Collodi,KEEP_TRANSLATION,0,
12,LA,Cicero,Cicero,KEEP_CORE,0,
13,LA,The letters of January to April 43 BC,Cicero,KEEP_CORE,0,
14,LA,Carmina,Claudius Claudianus,KEEP_CORE,0,
15,LA,Virent ova! Viret perna!!,Dr. Seuss,KEEP_TRANSLATION,0,
16,LA,Cattus petasatus,Dr. Seuss | Simon Mugford,KEEP_TRANSLATION,0,
17,LA,Expositiones Sequentiarum,Erika Kihlman,KEEP_CORE,0,
18,LA,Ysengrimus,Ernst Voigt | Nivardus,KEEP_CORE,0,
19,LA,Corpvs Inscriptionvm Latinarvm,Evgenivs Bormann,KEEP_CORE,0,
20,LA,De genere Byrsonima ...,Franz Niedenzu,KEEP_CORE,0,
21,LA,"Historiae florentinae Nicolai Machiavelli, civis et secretarii florentini",Félix Fernández Murga | Félix Gilbert | Giovanni Battista Niccolini | Niccolò Machiavelli | Peter Whithorne,KEEP_TRANSLATION,0,
22,LA,Collectio psalterii Bedae Venerabili adscripta,Gerald Browne,KEEP_CORE,0,
23,LA,"Aeneid, IV",H.E. Gould | J.L. Whiteley | Publius Vergilius Maro,KEEP_CORE,0,
24,LA,Petrulus Hirrutus: Der Struwwelpeter,Heinrich Hoffmann,KEEP_TRANSLATION,0,
25,LA,Heliodori Aethiopicae historiae libri decem,Heliodorus of Emesa,KEEP_TRANSLATION,0,
26,LA,De Sigaris Pharaonis,Hergé,KEEP_TRANSLATION,0,
27,LA,Olivia,Ian Falconer,KEEP_TRANSLATION,0,
28,LA,Dictata ad ius Hodiernum,Jacobus Voorda,KEEP_CORE,0,
29,LA,"De eclipsi solari anno MDCLIV die XII Augusti, in Europa, a pluribus spectata tubo optico, nunc iterum à Jacobo Balde è Societate Jesu tubo satyrico perlustrata, libri duo.",Jakob Balde,KEEP_CORE,0,
30,LA,Robinson Crusoëus,Joachim Heinrich Campe,KEEP_TRANSLATION,0,
31,LA,Polistoria de Virtutibus et Dotibus Romanorum,Joannes Caballinus de Cerronibus,KEEP_CORE,0,
32,LA,Magus mirabilis in Oz,L. Frank Baum,KEEP_TRANSLATION,0,
33,LA,Alicia in Terra Mirabili,Lewis Carroll,KEEP_TRANSLATION,0,
34,LA,Aliciae per speculum transitus (Quaeque ibi invenit),Lewis Carroll,KEEP_TRANSLATION,0,
35,LA,"Constitutiones et acta publica imperatorum et regum, Bd.1, 911-1197",Ludwig Weiland,KEEP_CORE,0,
36,LA,L Apulei Metamorphoseon Libri Xi,Maaike Zimmerman,KEEP_CORE,0,
37,LA,Erik 14,Magnus Karlsson,KEEP_CORE,0,
38,LA,Maria Poppina ab A ad Z.,Mary Shepard | Pamela L. Travers,KEEP_TRANSLATION,0,
39,LA,A Bear Called Paddington (BCP Latin Texts),Michael Bond,KEEP_TRANSLATION,0,
40,LA,Nithardi Historiarum libri 4.,Nithard,KEEP_CORE,0,
41,LA,Metamorphoses,Ovid,KEEP_CORE,0,
42,LA,"Tristia, III",Ovid,KEEP_CORE,0,
43,LA,Short Latin stories,Philip Dunlop,KEEP_CORE,0,
44,LA,"Naturalis Historiae, vol. I",Pliny the Elder,KEEP_CORE,0,
45,LA,"Naturalis Historiae, vol. II",Pliny the Elder,KEEP_CORE,0,
46,LA,"Naturalis Historiae, vol. V",Pliny the Elder,KEEP_CORE,0,
47,LA,"Naturalis Historiae, vol. VI",Pliny the Elder,KEEP_CORE,0,
48,LA,P. Vergili Maronis Opera omnia,Publius Vergilius Maro,KEEP_CORE,0,
49,LA,Apocolocyntosis divi Claudii,Seneca the Younger,KEEP_CORE,0,
50,LA,L. Annaei Senecae Oedipus,Seneca the Younger,KEEP_CORE,0,
51,LA,Thyestes,Seneca the Younger,KEEP_CORE,0,
52,LA,Tragoediae,Seneca the Younger,KEEP_CORE,0,
53,LA,The Utopia of Sir Thomas More,Thomas More,KEEP_CORE,0,
54,LA,A selection of Latin stories,Thomas Wright,KEEP_CORE,0,
55,LA,"Books V, VI, and VII",Titus Livius,KEEP_CORE,0,
56,LA,Nonius Marcellus: De compendiosa doctrina libri XX,Wallace Lindsay,KEEP_CORE,0,
57,IT,Gli Eredi di Gilgamesh,Abdullah Öcalan | Klaus Happel,KEEP_TRANSLATION,0,
58,IT,Diario della guerra del maiale,Adolfo Bioy Casares,KEEP_TRANSLATION,0,
59,IT,Oresteia,Aeschylus,KEEP_TRANSLATION,0,
60,IT,Alien Nation,Alan Dean Foster,KEEP_TRANSLATION,0,
61,IT,Filogenesi,Alan Dean Foster,KEEP_TRANSLATION,0,
62,IT,Flinx nella terra di mezzo,Alan Dean Foster,KEEP_TRANSLATION,0,
63,IT,Incontri pericolosi,Alan Dean Foster,KEEP_TRANSLATION,0,
64,IT,Krull,Alan Dean Foster,KEEP_TRANSLATION,0,
65,IT,La fine della vicenda,Alan Dean Foster,KEEP_TRANSLATION,0,
66,IT,Stella orfana,Alan Dean Foster,KEEP_TRANSLATION,0,
67,IT,Terra di Mezzo,Alan Dean Foster,KEEP_TRANSLATION,0,
68,IT,Le Muse a Los Angeles,Alberto Arbasino,KEEP_CORE,0,
69,IT,Orologi da polso,Alberto Uglietti,KEEP_CORE,0,
70,IT,Il cromosoma Calcutta,Amitav Ghosh,KEEP_TRANSLATION,0,
71,IT,Mare di Papaveri,Amitav Ghosh,KEEP_TRANSLATION,0,
72,IT,beata riva,Angelo Conti,KEEP_CORE,0,
73,IT,Gli anni,Annie Ernaux,KEEP_TRANSLATION,0,
74,IT,Il posto,Annie Ernaux,KEEP_TRANSLATION,0,
75,IT,La vergogna,Annie Ernaux,KEEP_TRANSLATION,0,
76,IT,Il Piccolo Principe,Antoine de Saint-Exupéry,KEEP_TRANSLATION,0,
77,IT,Pilota di guerra,Antoine de Saint-Exupéry,KEEP_TRANSLATION,0,
78,IT,Volo di notte,Antoine de Saint-Exupéry,KEEP_TRANSLATION,0,
79,IT,Manuale di storia dell'arte,Anton Heinrich Springer,KEEP_CORE,0,
80,IT,Antoni Tàpies.,Antoni Tàpies,KEEP_TRANSLATION,0,
81,IT,"La disciplina pe' grandi teatri, ossia, i precetti regolamentarii pel servizio interno de' medesimi",Antonio Larussa,KEEP_CORE,0,
82,IT,Il dio delle piccole cose,Arundhati Roy,KEEP_TRANSLATION,0,
83,IT,Autorità e individuo.,Bertrand Russell,KEEP_TRANSLATION,0,
84,IT,L' ABC della relatività.,Bertrand Russell,KEEP_TRANSLATION,0,
85,IT,L' analisi della materia.,Bertrand Russell,KEEP_TRANSLATION,0,
86,IT,Le arti figurative nell'arte di Gabriele d'Annunzio,Bianca Tamassia Mazzarotto,KEEP_CORE,0,
87,IT,I Colori del Divino,Biblioteca Riccardiana,KEEP_CORE,0,
88,IT,Nei limiti del compasso,Brunella Casalini,KEEP_CORE,0,
89,IT,Bruno Ceccobelli,Bruno Ceccobelli,KEEP_CORE,0,
90,IT,Machiavelli e le sue opere,Carlo Gioda,KEEP_CORE,0,
91,IT,Affari di famiglia,Catherine Gaskin,KEEP_TRANSLATION,0,
92,IT,Argenti da Tavola e Posate,Christina Venutia,KEEP_CORE,0,
93,IT,Giacomo Leopardi e il pensiero scientifico,"Convegno ""Leopardi e il pensiero scientifico"" (1998 Rome, Italy)",KEEP_CORE,0,
94,IT,Storia delle conquiste umane,Daniel J. Boorstin,KEEP_TRANSLATION,0,
95,IT,Canzoni d'amore e madrigali,Dante Alighieri,KEEP_CORE,0,
96,IT,"Commedia di Dante Allighieri, preceduta dalla vita e da studi preparatori illustrativi, esposta e commentata da Antonio Lubin.",Dante Alighieri,KEEP_CORE,0,
97,IT,Commento di Francesco da Buti sopra la Divina comedia di Dante Allighieri,Dante Alighieri,KEEP_CORE,0,
98,IT,"Dante, di giorno in giorno",Dante Alighieri,KEEP_CORE,0,
99,IT,La divina commedia di Dante Allighieri,Dante Alighieri,KEEP_CORE,0,
100,IT,"La divina commedia: ridotta a miglior lezione, coll' aiuto di vari testi a penna",Dante Alighieri,KEEP_CORE,0,
101,IT,Manuale minimo dell'attore,Dario Fo,KEEP_CORE,0,
102,IT,David Tremlett,David Tremlett,KEEP_CORE,0,
103,IT,Lo zoo umano,Desmond Morris,KEEP_TRANSLATION,0,
104,IT,arti di Bisanzio,Ennio Concina,KEEP_CORE,0,
105,IT,L Arsenale Della Repubblica DI Venezia,Ennio Concina,KEEP_CORE,0,
106,IT,La città degli ebrei,Ennio Concina,KEEP_CORE,0,
107,IT,Venezia nell'età moderna,Ennio Concina,KEEP_CORE,0,
108,IT,Vegetio De larte militare,Flavius Vegetius Renatus | Friedhelm R. Müller,KEEP_TRANSLATION,0,
109,IT,"""Tabulae Irnitanae""",Francesca Lamberti,KEEP_CORE,0,
110,IT,Pitture di vasi fittili,Francesco Inghirami,KEEP_CORE,0,
111,IT,Opuscoli politici,Francesco Orioli,KEEP_CORE,0,
112,IT,Il negoziatore.,Frederick Forsyth,KEEP_TRANSLATION,0,
113,IT,I fratelli Karamazov,Fyodor Dostoyevsky,KEEP_TRANSLATION,0,
114,IT,Notizia di un sequestro,Gabriel García Márquez,KEEP_TRANSLATION,0,
115,IT,I dialoghi di Galileo Galilei sui massimi sistemi tolemaico e copernicano,Galileo Galilei,KEEP_CORE,0,
116,IT,1984,George Orwell,KEEP_TRANSLATION,0,
117,IT,La fattoria degli animali,George Orwell,KEEP_TRANSLATION,0,
118,IT,Germaine Richier,Germaine Richier,KEEP_CORE,0,
119,IT,La Sacrestia del Santo E Il Suo Tesoro Nell'inventario del 1396,Giovanna Baldissin Molli,KEEP_CORE,0,
120,IT,"Il feticismo primitivo in Italia, e le sue forme di adattamento.",Giuseppe Bellucci,KEEP_CORE,0,
121,IT,Le mura di Adrianopoli,Guido Cervo,KEEP_CORE,0,
122,IT,L'uomo che credeva di non avere più tempo,Guillaume Musso,KEEP_TRANSLATION,0,
123,IT,Quando si ama non scende mai la notte,Guillaume Musso,KEEP_TRANSLATION,0,
124,IT,Ritorno a casa,Hamilton Basso,KEEP_TRANSLATION,0,
125,IT,Sulla violenza,Hannah Arendt,KEEP_TRANSLATION,0,
126,IT,Vita activa,Hannah Arendt,KEEP_TRANSLATION,0,
127,IT,Betsy,Harold Robbins,KEEP_TRANSLATION,0,
128,IT,I mercanti di sogni,Harold Robbins,KEEP_TRANSLATION,0,
129,IT,Bartleby lo scrivano,Herman Melville,KEEP_TRANSLATION,0,
130,IT,Billy Budd il marinaio,Herman Melville,KEEP_TRANSLATION,0,
131,IT,Taipi,Herman Melville,KEEP_TRANSLATION,0,
132,IT,Pisa,Igino Benvenuto Supino,KEEP_CORE,0,
133,IT,"Dell'azione del caso nelle invenzioni, e dell'influsso, degli astri ne' corpi terrestri dissertazioni due",Jacopo Belgrado,KEEP_CORE,0,
134,IT,Magritte,Jacques Dopagne,KEEP_TRANSLATION,0,
135,IT,Ensor,James Ensor,KEEP_TRANSLATION,0,
136,IT,James Ensor (1860-1949),James Ensor,KEEP_CORE,0,
137,IT,James Ensor,Joachim Heusinger von Waldegg | Rudolf Schmitz | Xavier Tricot | James Ensor,KEEP_TRANSLATION,0,
138,IT,Finzioni,Jorge Luis Borges,KEEP_TRANSLATION,0,
139,IT,Il manoscritto di Brodie,Jorge Luis Borges,KEEP_TRANSLATION,0,
140,IT,Il giro del mondo in ottanta giorni,Jules Verne,KEEP_TRANSLATION,0,
141,IT,Viaggio al centro della terra,Jules Verne,KEEP_TRANSLATION,0,
142,IT,Ombre bruciate,Kamila Shamsie,KEEP_TRANSLATION,0,
143,IT,Candido,Leonardo Sciascia,KEEP_CORE,0,
144,IT,"Della Costruzione e Del Regolamento Di una Pubblica Universale Biblioteca, con la Pianta Dimostrativa",Leopoldo Della Santa,KEEP_CORE,0,
145,IT,Boccaccio in Francia nel Cinquecento,Lionello Sozzi,KEEP_CORE,0,
146,IT,Dafni e Cloe,Longus,KEEP_TRANSLATION,0,
147,IT,Il cammino di madonna Oretta,Luca Badini Confalonieri,KEEP_CORE,0,
148,IT,L' umorismo,Luigi Pirandello,KEEP_CORE,0,
149,IT,L'Esclusa,Luigi Pirandello,KEEP_CORE,0,
150,IT,"Uno, nessuno e centomila",Luigi Pirandello,KEEP_CORE,0,
151,IT,Arrivano i Fortune! = The good fortunes gang,Margaret Mahy,KEEP_TRANSLATION,0,
152,IT,"Alexis, o, Il trattato della lotta vana",Marguerite Yourcenar,KEEP_TRANSLATION,0,
153,IT,Tigri e teoremi,Maria Rosa Menzio,KEEP_CORE,0,
154,IT,"La Biennale Di Venezia, Documenta Di Kassel",Marilena Vecco,KEEP_CORE,0,
155,IT,Estetica,Mario Pilo,KEEP_CORE,0,
156,IT,Capolavori della pittura italiana,Mario Ursino,KEEP_CORE,0,
157,IT,Uomini,Marisa Volpi,KEEP_CORE,0,
158,IT,Anelli tutti di una sola catena,Massimo Naro,KEEP_CORE,0,
159,IT,"Catalogo di alcune opere attinenti alle scienze, alle arti e ad altri bisogni dell'uomo, le ...",Michele Colombo,KEEP_CORE,0,
160,IT,Matematica generale con il calcolatore (UNITEXT / La Matematica per il 3+2),Michele Impedovo,KEEP_CORE,0,
161,IT,Amori ridicoli.,Milan Kundera,KEEP_TRANSLATION,0,
162,IT,Lo scherzo,Milan Kundera,KEEP_TRANSLATION,0,
163,IT,Matematica e cultura in Europa,Mirella Manaresi,KEEP_CORE,0,
164,IT,Il mirabile e l'artificio,Monica Pugliara,KEEP_CORE,0,
165,IT,Occasione d'amore,Nadine Gordimer,KEEP_TRANSLATION,0,
166,IT,Un matrimonio benedetto,Ngũgĩ wa Thiongʼo,KEEP_TRANSLATION,0,
167,IT,Accompagnatrice,Nina Nikolaevna Berberova,KEEP_TRANSLATION,0,
168,IT,La Chiesa Abbaziale Florense di San Giovanni in Fiore,Pasquale Lopetrone,KEEP_CORE,0,
169,IT,La conquista del pane,Peter Kropotkin,KEEP_TRANSLATION,0,
170,IT,La scienza moderna e l'anarchia,Peter Kropotkin,KEEP_TRANSLATION,0,
171,IT,Parole di un ribelle,Peter Kropotkin,KEEP_TRANSLATION,0,
172,IT,Memoria totale.,Philip K. Dick | Phil Gigante,KEEP_TRANSLATION,0,
173,IT,Il Menage a Quattro,Pierpaolo Antonello,KEEP_CORE,0,
174,IT,"Di Polidoro Virgilio da Vrbino de gli inventori delle cose, libri otto",Polydore Vergil,KEEP_TRANSLATION,0,
175,IT,Cronache Marziane,Ray Bradbury,KEEP_TRANSLATION,0,
176,IT,Fahrenheit 451,Ray Bradbury,KEEP_TRANSLATION,0,
177,IT,Il popolo dell'autunno,Ray Bradbury,KEEP_TRANSLATION,0,
178,IT,Discorso sul metodo,René Descartes,KEEP_TRANSLATION,0,
179,IT,I principj della filosofia di Renato Des-Cartes,René Descartes,KEEP_TRANSLATION,0,
180,IT,Io sono leggenda,Richard Matheson,KEEP_TRANSLATION,0,
181,IT,Atti della prima Riunione degli scienziati italiani,"Riunione degli scienziati italiani (1st 1839 Pisa, Italy)",KEEP_CORE,0,
182,IT,Tutti i racconti,Roald Dahl,KEEP_TRANSLATION,0,
183,IT,Urbano VIII e Galileo Galilei,Sante Pieralisi,KEEP_CORE,0,
184,IT,La sparizione,Saul Bellow,KEEP_TRANSLATION,0,
185,IT,Questioni naturali,Seneca the Younger,KEEP_TRANSLATION,0,
186,IT,Tieste [di] Seneca.,Seneca the Younger,KEEP_TRANSLATION,0,
187,IT,Il mondo Sfavillante,"Shailesh Kori | Margaret Cavendish, Duchess of Newcastle | Ian Randal Strock | Erika Garcia",KEEP_TRANSLATION,0,
188,IT,Parole E Immagini Futuriste,Silvia Barisione,KEEP_CORE,0,
189,IT,Alcuni principi di strategia marittima,Sir Julian Stafford Corbett,KEEP_TRANSLATION,0,
190,IT,Bollettino della Società dei naturalisti in Napoli,Società dei naturalisti in Napoli.,KEEP_CORE,0,
191,IT,Solaris,Stanisław Lem,KEEP_TRANSLATION,0,
192,IT,Nostra Sorella Carrie,Theodore Dreiser,KEEP_TRANSLATION,0,
193,IT,Le avventure di Mademoiselle de Maupin,Théophile Gautier,KEEP_TRANSLATION,0,
194,IT,A bordo con Noè,Timothy Findley,KEEP_TRANSLATION,0,
195,IT,La figlia del pianista,Timothy Findley,KEEP_TRANSLATION,0,
196,IT,"Memorie dei più insigni pittori, scultori e architetti domenicani",Vincenzo Fortunato Marchese,KEEP_CORE,0,
197,IT,Teorica del sovrannaturale,Vincenzo Gioberti,KEEP_CORE,0,
198,IT,La pace è allegrezza,Vittorio Luisa Beonio-Brocchieri,KEEP_CORE,0,
199,IT,"Candido, ovvero, L'ottimismo",Voltaire,KEEP_TRANSLATION,0,
200,ES,Los Funerales De Dios/ the Funerals of God (El Ojo Infalible),A. N. Nilson,KEEP_CORE,0,
201,ES,Poder y Opinion Publica,Adrian Ventura,KEEP_CORE,0,
202,ES,Geopoliticas de Ficcion,Adriana G. Culasso,KEEP_CORE,0,
203,ES,La ciudad de los elegidos,Adriana María Suárez Mayorga,KEEP_CORE,0,
204,ES,La Orestía,Aeschylus,KEEP_TRANSLATION,0,
205,ES,"Bunuel, Lorca, Dali, El Enigma Sin Fin",Agustín Sánchez,KEEP_CORE,0,
206,ES,"Ciencia, Cine E Historia",Alberto Elena Diaz,KEEP_CORE,0,
207,ES,Los trazos de mercurio,Alcides Beretta Curi,KEEP_CORE,0,
208,ES,El Latino,Alejandro Giménez Rodríguez,KEEP_CORE,0,
209,ES,"Montevideo, genio y figura",Alejandro Giménez Rodríguez,KEEP_CORE,0,
210,ES,El escudo de plata,Alejandro Paternain,KEEP_CORE,0,
211,ES,La cacería,Alejandro Paternain,KEEP_CORE,0,
212,ES,Tratado de Fileteado Porteno,Alfredo Genovese,KEEP_CORE,0,
213,ES,Callejones y mansiones,Alicia del Aguila Peralta,KEEP_CORE,0,
214,ES,El testimonio peruano oral y las ciencias sociales,Alicia G Andreu,KEEP_CORE,0,
215,ES,Coleccion Fotografica del Museo Nacional de Bellas Artes,Amigos del Museo Nacional de Asociacion,KEEP_CORE,0,
216,ES,Regina y Marcelo,Ana Maria Cabrera,KEEP_CORE,0,
217,ES,"Ah, Pajarita Si Yo Pudiera",Ana Maria Machado,KEEP_TRANSLATION,0,
218,ES,"Bisa Bea, Bisa Bel",Ana Maria Machado,KEEP_TRANSLATION,0,
219,ES,El Canto de la Plaza,Ana Maria Machado,KEEP_TRANSLATION,0,
220,ES,Historia Medio Al Reves,Ana Maria Machado,KEEP_TRANSLATION,0,
221,ES,La tortuga sabia y el mono entrometido/ The Wise Turtle and the Fresh Monkey,Ana Maria Machado,KEEP_TRANSLATION,0,
222,ES,Un Pajarito Me Conto/ a Little Bird Told Me,Ana Maria Machado,KEEP_TRANSLATION,0,
223,ES,Imagineria y piedad privada en el interior del Virreinato rioplatense,Ana María Martínez de Sánchez,KEEP_CORE,0,
224,ES,La seducción de un orden,Ana María Stuven,KEEP_CORE,0,
225,ES,Izquierda y Derecha En El Electorado Brasileno,Andres Singer,KEEP_CORE,0,
226,ES,Introduccion a la Quimica Industrial,Angel Vian Ortuno,KEEP_CORE,0,
227,ES,Entre El Liberalismo y La Socialdemocracia,Angeles J. Perona,KEEP_CORE,0,
228,ES,En Vez De Ver La Tele/ Instead of Watching TV (Familia),Anna Huete,KEEP_CORE,0,
229,ES,"Galileo, Ciencia Y Religion",Antoni Beltran Mari,KEEP_CORE,0,
230,ES,La habitación adoptiva,Antonia Michaelis,KEEP_TRANSLATION,0,
231,ES,El Guante / The Glove,Antonio Larreta,KEEP_CORE,0,
232,ES,Volavérunt,Antonio Larreta,KEEP_CORE,0,
233,ES,Cría ojos,Ariel Dorfman,KEEP_CORE,0,
234,ES,Hacia LA Liberacion Del Lector Latinoamericano,Ariel Dorfman,KEEP_CORE,0,
235,ES,Konfidenz,Ariel Dorfman,KEEP_CORE,0,
236,ES,La muerte y la doncella,Ariel Dorfman,KEEP_CORE,0,
237,ES,Los sueños nucleares de Reagan,Ariel Dorfman,KEEP_CORE,0,
238,ES,Reader's nuestro que estás en la tierra,Ariel Dorfman,KEEP_CORE,0,
239,ES,Terapia,Ariel Dorfman,KEEP_CORE,0,
240,ES,Conflictos por el poder,Arturo Carrillo Rojas,KEEP_CORE,0,
241,ES,Pragmatismo y voluntad,Arturo Claudio Laguado Duca,KEEP_CORE,0,
242,ES,Las Guerras Que Vienen/the Wars to Come,Baltasar Garzón | Ana Maria Salazar,KEEP_CORE,0,
243,ES,"De las partes de la tierra y de diversas provincias, o, las versiones castellanas del libro XV de ""De proprietatibus rerum""",Bartholomaeus Anglicus,KEEP_CORE,0,
244,ES,de Rabelais a Dali - La Imagen Grotesca del Cuerpo,Beatriz Fernandez Ruiz,KEEP_CORE,0,
245,ES,La Manzana En La Oscuridad,Benjamin Moser | Elena Losada | Clarice Lispector,KEEP_TRANSLATION,0,
246,ES,Autoridad E Individuo,Bertrand Russell,KEEP_TRANSLATION,0,
247,ES,Introducción a los accidentes geográficos,Bobbie Kalman,KEEP_TRANSLATION,0,
248,ES,"Don Pedro I de Brasil, posible rey de España",Braz Augusto Aquino Brancato,KEEP_CORE,0,
249,ES,Guia Practica Para Invitar a Casa,C. Alvo Alonso,KEEP_CORE,0,
250,ES,Fin De Milenio : Nuevos Artistas Cubanos / End Of The Millenium : New Cuban Artists,Carina Pino-Santos,KEEP_CORE,0,
251,ES,Borges y La Ciencia Ficcion,Carlos Abraham,KEEP_CORE,0,
252,ES,Introduccion a la historia del arte,Carlos Alvear,KEEP_CORE,0,
253,ES,La Patria en el Paseo de la Reforma,Carlos Martinez Assad,KEEP_CORE,0,
254,ES,Desde el corazón de América,Carlos Pineiro Iniguez,KEEP_CORE,0,
255,ES,El Evangelio De Evita (Narrativas Historicas del Siglo XX),Carlos R. Balmaceda,KEEP_CORE,0,
256,ES,Escritura e identidad criollas,Carmen de Mora,KEEP_CORE,0,
257,ES,Descubriendo los colores/ Discovering the Colors,Carolina Micha,KEEP_CORE,0,
258,ES,Enciclopedia De Las Ciencias,Catherine Headlam,KEEP_TRANSLATION,0,
259,ES,Trabajos de La Memoria,Cecilia Macon,KEEP_CORE,0,
260,ES,Historias de La Ciencia Argentina II,Cesa Lorenzano,KEEP_CORE,0,
261,ES,Nuestra señora de las tinieblas,Charles Busch | Fritz Leiber,KEEP_TRANSLATION,0,
262,ES,El arte del Islam,Clara Delgado,KEEP_CORE,0,
263,ES,Clarice Lispector,Clarice Lispector,KEEP_TRANSLATION,0,
264,ES,La hora de la estrella (Libros del Tiempo),Clarice Lispector,KEEP_TRANSLATION,0,
265,ES,La mujer que mató a los peces,Clarice Lispector,KEEP_TRANSLATION,0,
266,ES,La pasión según G. H.,Clarice Lispector,KEEP_TRANSLATION,0,
267,ES,Lazos de familia,Clarice Lispector,KEEP_TRANSLATION,0,
268,ES,"Un aprendizaje, o, El libro de los placeres",Clarice Lispector,KEEP_TRANSLATION,0,
269,ES,La etnoeducación en la construcción de sentidos sociales,"Congreso Nacional Universitario de Etnoeducación (2nd 2000 Popayán, Colombia)",KEEP_CORE,0,
270,ES,Descubre los sentidos,D. Suzuki,KEEP_TRANSLATION,0,
271,ES,Buenos Aires Arte Publico,Daniel Gonzalo Tejo,KEEP_CORE,0,
272,ES,La Furia De Buenos Aires / The Fury of Buenos Aires,Daniel Larriqueta,KEEP_CORE,0,
273,ES,Moluscos Magallánicos. Guía de moluscos de Patagonia y Sur de Chile,Daniel Oscar Forcelli | Daniel Forcelli,KEEP_CORE,0,
274,ES,Ambiciones imperiales,David Barsamian | David Barsamian | Noam Chomsky | Anna Llisterri Boix,KEEP_TRANSLATION,0,
275,ES,El zoo humano,Desmond Morris,KEEP_TRANSLATION,0,
276,ES,Historias Del Arte/art Histories,Diana Aisenberg,KEEP_CORE,0,
277,ES,María de Sanabria,Diego Bracco,KEEP_CORE,0,
278,ES,Escritos,Edgardo Juan Trucco,KEEP_CORE,0,
279,ES,Manualidades con Marina,Editores | Marina Orcoyen,KEEP_CORE,0,
280,ES,"La Cosa Politica, O, El Acecho de Lo Real",Eduardo Gruner,KEEP_CORE,0,
281,ES,Taekwondo - Itf,Eduardo Kuper,KEEP_CORE,0,
282,ES,Ruptura y Oposicion,Elisa Servin,KEEP_CORE,0,
283,ES,Vanguardias y Neovanguardias Artisticas,Elizabeth Sanchez Garay,KEEP_CORE,0,
284,ES,Calamarí,Emilio Ruiz Barrachina,KEEP_CORE,0,
285,ES,"Plano, El",Emmanuel Siety,KEEP_TRANSLATION,0,
286,ES,Diversidad cultural e interculturalidad,"Encuentros sobre ""Diversidad Cultural e Interculturalidad"" (2001 Universidad Nacional de General Sarmiento)",KEEP_CORE,0,
287,ES,La máscara de los poderosos,Enrique González Duro,KEEP_CORE,0,
288,ES,Kohunlich,Enrique Nalda,KEEP_CORE,0,
289,ES,Nacar En Manos Otomies,Enriqueta M. Olguin,KEEP_CORE,0,
290,ES,Marx y su concepto del hombre,Erich Fromm,KEEP_TRANSLATION,0,
291,ES,¿Qué es una nación?,Ernest Renan,KEEP_TRANSLATION,0,
292,ES,La Naturaleza Y Los Griegos,Erwin Schrödinger | Roger Penrose,KEEP_TRANSLATION,0,
293,ES,Buenos Aires,Fabio Grementieri | Xavier Verstraeten | Mimi Bohm,KEEP_CORE,0,
294,ES,La Ultima Odalisca,Faycal Bey | Fayçal Bey.,KEEP_TRANSLATION,0,
295,ES,El fantasma del populismo,Felipe De Lara Burbano,KEEP_CORE,0,
296,ES,Edén,Felipe Hernández,KEEP_CORE,0,
297,ES,"Iconografia, Identidad Nacional y Cambio de Siglo XIX-XX",Fernando Guzman Schiappacasse,KEEP_CORE,0,
298,ES,Ciencia Politica y Teoria Politica Contemporaneas,Fernando Harto De Vera,KEEP_CORE,0,
299,ES,En torno al estado y al desarrollo,Fernando Henrique Cardoso,KEEP_CORE,0,
300,ES,Teoría del poema,Fernando y German GULLON CABO ASEGUINOLAZA,KEEP_CORE,0,
301,ES,Arte Argentino del Siglo XX,Fiaar,KEEP_CORE,0,
302,ES,"Hombre, política, y sociedad en nuestro mundo",Francisco Rodríguez Adrados,KEEP_CORE,0,
303,ES,Ibero-America y el Cine (Foro Hispanico 10),Francisco Y Guido Podestá Lasarte,KEEP_CORE,0,
304,ES,El Sol del Poder,Francois Correa Rubio,KEEP_CORE,0,
305,ES,Espadas contra la Muerte,Fritz Leiber,KEEP_TRANSLATION,0,
306,ES,Espadas entre la niebla,Fritz Leiber,KEEP_TRANSLATION,0,
307,ES,Ha gase la oscuridad!,Fritz Leiber | Jonathan Davis,KEEP_TRANSLATION,0,
308,ES,XII Jornadas de Historia del Pensamiento Cientifico Argentino: Actas: La Mujer Cientifica,Fundaci on Para El Estudio del Pensamien,KEEP_CORE,0,
309,ES,Y Ahora Traeme... (Caminadores),G. Keselman Porter,KEEP_CORE,0,
310,ES,Impecable-Implacable,Gabriel F. Gutnisky,KEEP_CORE,0,
311,ES,Muñecos y animales de tela,Gabriela Caporale | Norberto Alayón,KEEP_CORE,0,
312,ES,La noche se hizo para los hombres,Gabriela Rodriguez | Benno De Keijzer,KEEP_CORE,0,
313,ES,Técnicas de investigación en ciencias humanas,Gemma Muñoz-Alonso López,KEEP_CORE,0,
314,ES,Lago del Sol Largo,Gene Wolfe,KEEP_TRANSLATION,0,
315,ES,Soldado de Arete,Gene Wolfe,KEEP_TRANSLATION,0,
316,ES,Rebelión en la granja,George Orwell,KEEP_TRANSLATION,0,
317,ES,Psicologia del arte (COLECCION PSICOLOGIA) (Coleccion Psicologia / Ediciones Piramide),Gisele Marty,KEEP_CORE,0,
318,ES,El Dinosaurio Sigue Alli/the Dinosaur Still There,Gloria Estela Gonzalez Zenteno,KEEP_CORE,0,
319,ES,Educacion Artistica En El Siglo XXI,Graciela Blasi,KEEP_CORE,0,
320,ES,"Arbol del Verano, El",Guy Gavriel Kay,KEEP_TRANSLATION,0,
321,ES,La condición humana,Hannah Arendt,KEEP_TRANSLATION,0,
322,ES,Los orígenes del totalitarismo,Hannah Arendt,KEEP_TRANSLATION,0,
323,ES,Sobre la violencia,Hannah Arendt,KEEP_TRANSLATION,0,
324,ES,De la razón antropofágica y otros ensayos,Haroldo de Campos,KEEP_TRANSLATION,0,
325,ES,Oratoria De 3 En 3,Hector Nogue,KEEP_CORE,0,
326,ES,Diablillo,Heike Hohlbein | Wolfgang Hohlbein,KEEP_TRANSLATION,0,
327,ES,Esaú y Jacob,Helen Caldwell | John Temple Graves | Machado de Assis,KEEP_TRANSLATION,0,
328,ES,Moby Dick,Herman Melville,KEEP_TRANSLATION,0,
329,ES,Herve Di Rosa En Mexico,Herve Di Rosa,KEEP_CORE,0,
330,ES,Las Instituciones Politicas de Gobierno (Temas--Politica),Hipolito Orlandi,KEEP_CORE,0,
331,ES,La Reformulacion de La Identidad Generica En La Narrativa de Mujeresargentinas del Siglo XX (Nueva Critica Hispanoamericana),Holmfridur Gardarsdottir,KEEP_CORE,0,
332,ES,Las ciencias naturales en México,Hugo Arechiga,KEEP_CORE,0,
333,ES,Veneno (Llibres de La Nostra Terra),Hugo Fontana,KEEP_CORE,0,
334,ES,Determinismos Y Alternativas En Las Ciencias Sociales De America Latina,Hugo Merino Zemelman,KEEP_CORE,0,
335,ES,Sujeto,Hugo Zemelman Merino,KEEP_CORE,0,
336,ES,"Retorica, induccion y ciencia en Aristoteles",Héctor Zagal Arreguín,KEEP_CORE,0,
337,ES,Complice,Iain Banks,KEEP_TRANSLATION,0,
338,ES,Pasos sobre cristal,Iain Banks,KEEP_TRANSLATION,0,
339,ES,Una cancion de piedra,Iain Banks,KEEP_TRANSLATION,0,
340,ES,El día en que murió Allende,Ignacio González Camus,KEEP_CORE,0,
341,ES,De historiografía lingüística e historia de las lenguas,Ignacio Guzman Betancourt,KEEP_CORE,0,
342,ES,Integrar La Educacion Artistica,Irma Fuentes Mata,KEEP_CORE,0,
343,ES,Las Claves Del Arte Precolombino,J. Alcina,KEEP_CORE,0,
344,ES,La Ilustración y las ciencias,"J. L., J. Moscoso, J. Primentel (Eds.) Barona",KEEP_CORE,0,
345,ES,La filosofia aristotelica del lenguaje,Jaime Araos San Martin,KEEP_CORE,0,
346,ES,Calderón y la máquina barroca,Javier Aparicio Maydeu,KEEP_CORE,0,
347,ES,El Teatro Principal de Guadalajara,Javier Hernandez Larraanaga,KEEP_CORE,0,
348,ES,Obras maestras españolas del Museo Goya de Castres,Jean-Louis Augé,KEEP_CORE,0,
349,ES,El trabajo de campo en la educacion primaria,Jesus Garcia Alba,KEEP_CORE,0,
350,ES,La Politica Del Consenso,Jesus Rodriguez Zepeda,KEEP_CORE,0,
351,ES,Comerciantes Españoles En La Lima Borbonica,Jesus Turiso Sebastian,KEEP_CORE,0,
352,ES,La Generacion Del 98 Frente Al Nuevo Fin De Siglo.,Jesús Torrecilla,KEEP_CORE,0,
353,ES,Homo ludens (COLECCION HISTORIA) (Historias / History),Johan Huizinga,KEEP_TRANSLATION,0,
354,ES,Mindhunter,John E. Douglas | Mark Olshaker,KEEP_TRANSLATION,0,
355,ES,Donde Esta Carmen Sandiego?,John Peel,KEEP_TRANSLATION,0,
356,ES,El utilitarismo,John Stuart Mill,KEEP_TRANSLATION,0,
357,ES,Ensayo Sobre La Libertad,John Stuart Mill,KEEP_TRANSLATION,0,
358,ES,La lógica de las ciencias morales,John Stuart Mill,KEEP_TRANSLATION,0,
359,ES,Memorial de Aires,John Temple Graves | Machado de Assis,KEEP_TRANSLATION,0,
360,ES,La ciudad situada / The Situated City (Libros Del Tiempo / Books of Time),Johnny Lorenz | Clarice Lispector,KEEP_TRANSLATION,0,
361,ES,Hay Alguien Ahi (Quintaesencia),Jordi Urmeneta | Antoni Navarrete,KEEP_CORE,0,
362,ES,Responsabilidad de la poesía,Jorge Arbeleche,KEEP_CORE,0,
363,ES,"Poder, resistencia y conflictos en las provincias vascas","Jornadas de Investigación Histórica sobre Poder y Conflicto en el País Vasco, Siglos XV-XVIII (1st 2000 Antigua Universidad de Oñati)",KEEP_CORE,0,
364,ES,El espacio público de las ciencias sociales y humanas,"Jornadas Internacionales ""El espacio público de las ciencias sociales y humanas"" (2006 Buenos Aires, Argentina?)",KEEP_CORE,0,
365,ES,Periodismo Cientifico En El Siglo XVIII,Jose Antonio de Alzate y. Ramirez,KEEP_CORE,0,
366,ES,Nacion Y Estado En Iberoamerica (Sudamericana Pensamiento),Jose C. Chiaramonte,KEEP_CORE,0,
367,ES,Tendencias en desvertebración social y en políticas de solidaridad,Jose Felix Tezanos,KEEP_CORE,0,
368,ES,La Izquierda Argentina Que No Fue,Jose Gabriel Vazeilles,KEEP_CORE,0,
369,ES,El Museo Nacional De Bellas Artes,Jose Linares,KEEP_CORE,0,
370,ES,El Circulo De Bellas Artes,Jose Luis Temes,KEEP_CORE,0,
371,ES,Montajes Y Fragmentos: Una Aproximacion A La Narrativa Espanola De Vanguardia.,Jose M. Del Pino,KEEP_CORE,0,
372,ES,El Fin de La Inocencia,Jose Maria Simonetti,KEEP_CORE,0,
373,ES,"Revelaciones Las artes en America Latina, 1492-1820 (Arte Universal) (Arte Universal)",Joseph Rishel,KEEP_CORE,0,
374,ES,Cuyano alborotador,José Ignacio García Hamilton,KEEP_CORE,0,
375,ES,Antimperialismo y nación,José Ingenieros,KEEP_CORE,0,
376,ES,Semiotica del Quijote. Teoria y practica de la ficcion narrativa.,José Maria PAZ GAGO,KEEP_CORE,0,
377,ES,La obra de José Medina Echavarría,José Medina Echavarría,KEEP_CORE,0,
378,ES,La formación de las almas,José Murilo de Carvalho,KEEP_TRANSLATION,0,
379,ES,Los Cristos de Querétaro,José Rodolfo Anaya Larios,KEEP_CORE,0,
380,ES,Atlas básico de biología,José Tola,KEEP_CORE,0,
381,ES,Escritos póstumos de Juan Bautista Alberdi.,Juan Bautista Alberdi,KEEP_CORE,0,
382,ES,Obras completas de J. B. Alberdi ...,Juan Bautista Alberdi,KEEP_CORE,0,
383,ES,Biografía de José Félix Ribas,Juan Vicente González,KEEP_CORE,0,
384,ES,Kosice,Juan-Jacobo Bajarlia,KEEP_CORE,0,
385,ES,Barcelona Design Guide/Spanish/English,Juliet Pomes Leiz,KEEP_CORE,0,
386,ES,Por siempre Ambar,Kathleen Winsor,KEEP_TRANSLATION,0,
387,ES,"La plaza mayor, centro de la metrópoli?",Kathrin Wildner,KEEP_CORE,0,
388,ES,Narrativa de la rebelion zapatista. Los relatos del Subcomandante Marcos. (Coleccion Nexos y Diferencias) (Coleccion Nexos y Diferencias),Kristine Vanden Berghe,KEEP_CORE,0,
389,ES,Isidro Miranda - Sus Artistas,Laura Messing,KEEP_CORE,0,
390,ES,Como hablar en radio y television/ How to speak on radio and television,Lidia Argibay | Celia Pagan,KEEP_CORE,0,
391,ES,Signos Esteticos y Teoria,Lluis X. Alvarez,KEEP_CORE,0,
392,ES,Seis personajes en busca de autor,Luigi Pirandello,KEEP_TRANSLATION,0,
393,ES,"Asclepiades De Samos, Epigramas Y Fragmentos",Luis Arturo Guichard,KEEP_CORE,0,
394,ES,El Siglo XVII,M. Mainstone,KEEP_TRANSLATION,0,
395,ES,"Ciencia, Tecnologia/Naturaleza, Cultura En El Siglo XXI",M. Medina,KEEP_CORE,0,
396,ES,"Sociocriticas Practicas Textuales: Cultura De Fronteras (Teoria Literaria : Texto Y Teoria, 7)",M. Pierrete Malcuzynski,KEEP_CORE,0,
397,ES,Gravedad Artificial,M. T. Anderson,KEEP_TRANSLATION,0,
398,ES,Contrabando y sociedad en el Río de la Plata colonial,Macarena Perusset,KEEP_CORE,0,
399,ES,Don Casmurro,Machado de Assis,KEEP_TRANSLATION,0,
400,ES,El Alienista,Machado de Assis,KEEP_TRANSLATION,0,
401,ES,Quincas Borba,Machado de Assis,KEEP_TRANSLATION,0,
402,ES,Indagaciones,Magaly Espinosa,KEEP_CORE,0,
403,ES,Escritos politicos y sociales,Manuel García-Pelayo,KEEP_CORE,0,
404,ES,Medio siglo de cultura (1939-1989),Manuel L. AbellÁN,KEEP_CORE,0,
405,ES,LA Mamama/Mamama,Manuel Lopez De Tejada,KEEP_CORE,0,
406,ES,Los Reyes Taumaturgos,Marc Bloch | Dr. Antonio Fontoura,KEEP_TRANSLATION,0,
407,ES,El Fundamentalismo Islamico/ The Islamic Fundamentalism (Cronica Del Siglo XX / XX Century Chronicles),Marcelo Borrelli | Mercedes Saborido,KEEP_CORE,0,
408,ES,"Ciencia, Tecnica Y Humanismo",Marcos Meeroff | Agustin Norberto Candioti,KEEP_CORE,0,
409,ES,De Fusiladores Y Morcilleros,Margot Bersteeg,KEEP_CORE,0,
410,ES,Herederas Y Heridas (Feminismos),Maria A. Garcia De Leon,KEEP_CORE,0,
411,ES,Arte Argentino y Latinoamericano del Siglo XX,Maria Amalia Garcia,KEEP_CORE,0,
412,ES,Entre El Cuerpo Y El Alma,Maria del Rosario Farga,KEEP_CORE,0,
413,ES,Arte Y Toros,Maria Dolores Palacios Lopez,KEEP_CORE,0,
414,ES,Arte Argentino Para El Tercer Milenio,Maria Esther Fernandez Navarro,KEEP_CORE,0,
415,ES,Delmira Agustini,Maria Jose Bruna Bragado,KEEP_CORE,0,
416,ES,Politica De La Memoria,Maria Teresa De La Garza,KEEP_CORE,0,
417,ES,Curso De Ciencia De La Administracion/ Science Course of Administration,Mariano Baena Del Alcazar,KEEP_CORE,0,
418,ES,Artículos,Mariano José de Larra,KEEP_CORE,0,
419,ES,Galileo En Roma/ Galileo in Rome,"Mariano-shea, William R. J. Artigas",KEEP_CORE,0,
420,ES,De Trujillo hacia el mundo,Mario Briceño-Iragorry,KEEP_CORE,0,
421,ES,No robarás las botas de los muertos,Mario Delgado Aparaín,KEEP_CORE,0,
422,ES,Paisajes Del Limbo,Mario Gonzalez Suarez,KEEP_CORE,0,
423,ES,"Ver, Conocer, Dominar",Marta Penhos,KEEP_CORE,0,
424,ES,Nombres Del Pensamiento Social / Names of the Social Thinking (Coleccion Polemos),Marta Perez Fernandez,KEEP_CORE,0,
425,ES,100 Recursos Practicos En El Dibujo y La Pintura,Martin Antonino,KEEP_CORE,0,
426,ES,El Mejor Amigo de La Ciencia,Martin de Ambrosio,KEEP_CORE,0,
427,ES,Limbo (Tezontle),Martin Kovensky,KEEP_CORE,0,
428,ES,Francisco de Vitoria,María del Carmen Rovira,KEEP_CORE,0,
429,ES,Bitácora de un viaje por la gerencia social,María Elena Silva-Díaz,KEEP_CORE,0,
430,ES,Élites intelectuales en el sur de Colombia,María Teresa Álvarez Hoyos,KEEP_CORE,0,
431,ES,Bricolage Contemporaneo,Matilde Marin,KEEP_CORE,0,
432,ES,Un Patrimonio Protegido,Mercedes de Las Carreras,KEEP_CORE,0,
433,ES,Tomando Cartas En El Asunto,Meri Torras,KEEP_CORE,0,
434,ES,Las últimas obras de José Donoso,Michael Colvin,KEEP_CORE,0,
435,ES,Rituales Con Velas,Michele Chatellier,KEEP_CORE,0,
436,ES,Estilo Mexicano,Miguel Angel Fernandez,KEEP_CORE,0,
437,ES,Génesis del patrimonialismo en México,Miguel Angel Rodríguez,KEEP_CORE,0,
438,ES,Miguel D'Arienzo,Miguel D'Arienzo,KEEP_CORE,0,
439,ES,Compendio del Quijote,Miguel de Cervantes Saavedra,KEEP_CORE,0,
440,ES,Don Quijote de la Mancha (Clasicos Inolvidables),Miguel de Cervantes Saavedra,KEEP_CORE,0,
441,ES,El Coloquio de los Perros,Miguel de Cervantes Saavedra,KEEP_CORE,0,
442,ES,El ingenioso Hidalgo Don Quijote de la Mancha,Miguel de Cervantes Saavedra,KEEP_CORE,0,
443,ES,El ingenioso Hidalgo Don Quijote de la Mancha - Segunda Parte,Miguel de Cervantes Saavedra,KEEP_CORE,0,
444,ES,El Rufian Dichoso,Miguel de Cervantes Saavedra,KEEP_CORE,0,
445,ES,Erase una vez Don Quijote,Miguel de Cervantes Saavedra,KEEP_CORE,0,
446,ES,Los baños de Argel ; Pedro de Urdemalas,Miguel de Cervantes Saavedra,KEEP_CORE,0,
447,ES,Corrupcion / Corruption,Miguel Pedrero,KEEP_CORE,0,
448,ES,La investigación lingüística desde la filosofía de la ciencia,Milagros Fernandez Perez,KEEP_CORE,0,
449,ES,Manual de Ciencia Política,Miquel Caminal Badía,KEEP_CORE,0,
450,ES,La verdad bajo la tierra,Miquel Dewever-Plana,KEEP_CORE,0,
451,ES,"Canto, Danza y Libacion En Los Andes",Monica Gudemos,KEEP_CORE,0,
452,ES,Historias del bello sexo/ Stories of the Beautiful Sex,Monserat Galt,KEEP_CORE,0,
453,ES,Manual Practico de Escritura Academica II,Montolio,KEEP_CORE,0,
454,ES,Seres Hibridos: Apropiacion de Motivos Miticos Mediterraneos,Museo Arqueol Ogico Nacional,KEEP_CORE,0,
455,ES,Salon Arturo y Rebeca Rabinovich,Museo de Arte Moderno de Medell in,KEEP_CORE,0,
456,ES,Museo Nacional Del Virreinato/national Museum Of The Virreinato,Museo Nacional del Virreinato,KEEP_CORE,0,
457,ES,México 2020,"México 2020 (1998 Mexico City, Mexico?)",KEEP_CORE,0,
458,ES,Historia General del Arte En La Argentina - Tomo 10,Nacional de Bellas Artes Academia,KEEP_CORE,0,
459,ES,"Romulo Rozo, el indoamericano universal en el centenario de su nacimiento (Biblioteca de la Academia Boyacense de Historia)",Napoleon Peralta Barrera,KEEP_CORE,0,
460,ES,El regreso de Martín Aquino,Napoleón Baccino Ponce de León,KEEP_CORE,0,
461,ES,Maluco,Napoleón Baccino Ponce de León,KEEP_CORE,0,
462,ES,Nedko Solakov,Nedko Solakov,KEEP_CORE,0,
463,ES,El príncipe,Niccolò Machiavelli,KEEP_TRANSLATION,0,
464,ES,Qué es ser de izquierda?,Nicolás Lynch,KEEP_CORE,0,
465,ES,Polesello,Nora Hochbaum,KEEP_CORE,0,
466,ES,Abece de la Vida,Octavio Colmenares Vargas | Colmenares Octavio,KEEP_CORE,0,
467,ES,La Malinche,Osvaldo Romero Melgarejo,KEEP_CORE,0,
468,ES,La Hermana/ the Sister,P. Yanielli Kaufmann,KEEP_CORE,0,
469,ES,Pinochet,Pablo Azocar,KEEP_CORE,0,
470,ES,La nación en tiempo heterogéneo y otros estudios subalternos,Partha Chatterjee,KEEP_TRANSLATION,0,
471,ES,Instituto Di Tella,Patricia Thompson Rizzo,KEEP_CORE,0,
472,ES,Imagenes de Ciudad,Paula Gonzalez Vergara,KEEP_CORE,0,
473,ES,Chile,Pedro Alvarez Caselli,KEEP_CORE,0,
474,ES,El Pensamiento Politico De La Derecha Española En El Siglo XX,Pedro Carlos Gonzalez Cuevas,KEEP_CORE,0,
475,ES,La última cena del ensayo,Pedro Téllez,KEEP_CORE,0,
476,ES,Secretos sexuales,Penny Slinger | Nik Douglas,KEEP_TRANSLATION,0,
477,ES,La ciencia moderna y el anarquismo,Peter Kropotkin,KEEP_TRANSLATION,0,
478,ES,Palabras de Un Rebelde,Peter Kropotkin,KEEP_TRANSLATION,0,
479,ES,Las Claves de Angeles y Demonios (The Keys to Angels and Demons) (Historia Incognita),Philippe Darwin,KEEP_CORE,0,
480,ES,Avance de La Insignificancia,Piera Castoriadis-Aulagnier,KEEP_TRANSLATION,0,
481,ES,Tratamiento Digital De Imagenes/ Digital Image Processing,R. Wood | Rafael C. Gonzalez,KEEP_CORE,0,
482,ES,Diseno Audiovisual,Rafael Rafols,KEEP_CORE,0,
483,ES,Historia regional de Yucatan / Regional History of Yucatan (Perfil Socioeconomico / Socioeconomico Profile),Ramirez | Luis Alfonso Conalep | Luis A. Ramírez Carrillo,KEEP_CORE,0,
484,ES,Ramon Casas - Impresionistas y Su Epoca -,Ramon Casas,KEEP_CORE,0,
485,ES,Introduccion a La Constitucion Espanola,Ramon Tamames | Laura Tamames,KEEP_CORE,0,
486,ES,Huellas del Ojo,Raul Santana,KEEP_CORE,0,
487,ES,El Arte Objeto,Raul Vera Ocampo,KEEP_CORE,0,
488,ES,Ahora y siempre,Ray Bradbury,KEEP_TRANSLATION,0,
489,ES,Algo Mas En El Equipaje,Ray Bradbury,KEEP_TRANSLATION,0,
490,ES,Crónicas marcianas,Ray Bradbury,KEEP_TRANSLATION,0,
491,ES,El hombre ilustrado,Ray Bradbury,KEEP_TRANSLATION,0,
492,ES,El vino del estío,Ray Bradbury,KEEP_TRANSLATION,0,
493,ES,Fahrenheit 451,Ray Bradbury,KEEP_TRANSLATION,0,
494,ES,Fantasmas de lo nuevo,Ray Bradbury,KEEP_TRANSLATION,0,
495,ES,La feria de las tinieblas,Ray Bradbury,KEEP_TRANSLATION,0,
496,ES,Las doradas manzanas del sol,Ray Bradbury,KEEP_TRANSLATION,0,
497,ES,Las maquinarias de la alegría,Ray Bradbury,KEEP_TRANSLATION,0,
498,ES,Memoria de Crimenes,Ray Bradbury,KEEP_TRANSLATION,0,
499,ES,Mucho después de medianoche,Ray Bradbury,KEEP_TRANSLATION,0,
500,ES,Remedio para melancólicos,Ray Bradbury,KEEP_TRANSLATION,0,
501,ES,Ciencia y sátira,René Raúl Drucker-Colín,KEEP_CORE,0,
502,ES,Raices de Un Nuevo Milenio,Ricardo Crivelli,KEEP_CORE,0,
503,ES,Mapuches del Neuquen,Ricardo Paz,KEEP_CORE,0,
504,ES,La Mujer en la literatura hispánica de la Edad Media y el Siglo de Oro,Rina Walthaus,KEEP_CORE,0,
505,ES,"AMIA, La Verdad Imposible/ AMIA, the Impossible Truth",Roberto Caballero,KEEP_CORE,0,
506,ES,La innovación y las políticas en ciencia y tecnología para el Uruguay,Rodrigo Arocena,KEEP_CORE,0,
507,ES,Barcelona 1000 Graffitis + DVD,Rosa Puig Torres,KEEP_CORE,0,
508,ES,La Muerte En El Espejo De La Ciencia/ The Death in Front of the Science Mirror,Rosanela Alvarez Ruiz,KEEP_CORE,0,
509,ES,La tiranía del automóvil,Roxana Kreimer,KEEP_CORE,0,
510,ES,Del Dominio Publico: Itinerarios De La Carta Privada.,Roxana PagÉS-rangel,KEEP_CORE,0,
511,ES,Agosto,Rubem Fonseca,KEEP_TRANSLATION,0,
512,ES,"Libreria, La",Ruben Loza Aguerrebere,KEEP_CORE,0,
513,ES,"Vernet, Caballero De Las Islas (Novela Historica)",S Siderer De Plager,KEEP_CORE,0,
514,ES,Textos escolares e interculturalidad en Ecuador,Sebastián Granda Merchán,KEEP_CORE,0,
515,ES,Retablos,Seminario de Estudio del Patrimonio Art,KEEP_CORE,0,
516,ES,Siete Margarets,Sheri S. Tepper,KEEP_TRANSLATION,0,
517,ES,Arte Para Todos,Silvia Dolinko,KEEP_CORE,0,
518,ES,Enseñar ciencias sociales,Silvia Finocchio,KEEP_CORE,0,
519,ES,Para Una Intelectualidad Sin Episteme,Silvia Kurlat Ares,KEEP_CORE,0,
520,ES,Stella Manhattan (Vereda Brasil),Silviano Santiago,KEEP_TRANSLATION,0,
521,ES,Estudios de historia social de Espan̈a.,Spain. Consejo Superior de Investigaciones Cientificas. Instituto Balmes de Sociologia,KEEP_CORE,0,
522,ES,Quisiera Ser Como Tu/ I Want to Be Like You,Stefan Gemmel,KEEP_CORE,0,
523,ES,"Juan de la Cruz, Espiritu de Llama",Steggink O.,KEEP_CORE,0,
524,ES,Viudas,Stephen Kessler | Ariel Dorfman,KEEP_CORE,0,
525,ES,El financiero,Theodore Dreiser,KEEP_TRANSLATION,0,
526,ES,Nuestra Carrie (Clasica Maior),Theodore Dreiser,KEEP_TRANSLATION,0,
527,ES,Una tragedia americana (An American Tragedy) (Narrativa (Punto de Lectura)),Theodore Dreiser,KEEP_TRANSLATION,0,
528,ES,Diccionario Ilustrado De Los Santos / Illustrated Dictionary of Saints,Vera Schauber | Schauber y Schindler,KEEP_CORE,0,
529,ES,El arte para comprender el mundo/The art of understanding the World,Veronique Antoine-Andersen | Véronique Antoine-Andersen,KEEP_CORE,0,
530,ES,Don Quijote de La Mancha - Gredos - 3 Tomos,Vicente Gaos | Miguel de Cervantes Saavedra,KEEP_CORE,0,
531,ES,El Derrocado,Victor Ego,KEEP_CORE,0,
532,ES,Libranos del mal,Victor Sueiro,KEEP_CORE,0,
533,ES,Analisis Paremiologico De El Quijote De Cervantes En La Version De Ludwig Tieck (Saarbrucker Beitrage Zur Sprach- Und Translationswissenschaf),Vigo Maria Jesus Barsanti,KEEP_CORE,0,
534,ES,Cándido,Voltaire,KEEP_TRANSLATION,0,
535,ES,Novelas y cuentos,Voltaire,KEEP_TRANSLATION,0,
536,ES,El Bosco Y La Tradicion Pictorica De Lo Fantastico/ Bosco and the Pictorial tradition of Fantastic Things,Vvaa,KEEP_CORE,0,
537,ES,"Las familias poderosas del cabildo de Culiacán, 1872-1910",Víctor Hugo Aguilar Gaxiola,KEEP_CORE,0,
538,ES,"Estado, burocracia y sociedad civil",Víctor Pérez Díaz,KEEP_CORE,0,
539,ES,Happy Feet - Gran Coleccion,Warner Bros,KEEP_TRANSLATION,0,
540,ES,Expresion Plastica,Zully Tocaven,KEEP_CORE,0,
541,ES,Nosotros,Евгений Иванович Замятин,KEEP_TRANSLATION,0,
542,DE,Politik unter Einigungszwang: eine Analyse f oderaler Verhandlungsprozesse,Achim Wiesner,KEEP_CORE,0,
543,DE,Die Lateinische Ubersetzung Der Historia Lausiaca Des Palladius (Patristische Texte Und Stuien),Adelheid Wellhausen,KEEP_CORE,0,
544,DE,Aliens - Die Rückkehr,Alan Dean Foster,KEEP_TRANSLATION,0,
545,DE,Das Tar-Aiym-Krang,Alan Dean Foster,KEEP_TRANSLATION,0,
546,DE,Der Augenblick des Magiers,Alan Dean Foster,KEEP_TRANSLATION,0,
547,DE,Die denkenden Wälder,Alan Dean Foster,KEEP_TRANSLATION,0,
548,DE,Die Fahrt der Slanderscree,Alan Dean Foster,KEEP_TRANSLATION,0,
549,DE,Flucht ins Chaos,Alan Dean Foster,KEEP_TRANSLATION,0,
550,DE,Meine galaktischen Freunde,Alan Dean Foster,KEEP_TRANSLATION,0,
551,DE,Raumschiff Enterprise. Die neuen Abenteuer 4. Gefahr im Delta- Dreieck.,Alan Dean Foster,KEEP_TRANSLATION,0,
552,DE,Raumschiff Enterprise. Die neuen Abenteuer 5. Ums nackte Leben.,Alan Dean Foster,KEEP_TRANSLATION,0,
553,DE,Reiseziel: Ewigkeit,Alan Dean Foster,KEEP_TRANSLATION,0,
554,DE,Star Wars. Skywalkers Rückkehr.,Alan Dean Foster,KEEP_TRANSLATION,0,
555,DE,Die Kunst zu überzeugen,Albert Thiele,KEEP_CORE,0,
556,DE,Politische Beiträge,Alexander Bilgeri,KEEP_CORE,0,
557,DE,Mona,Alexander Gorkow,KEEP_CORE,0,
558,DE,Zeppelin.,Alexander Häusser,KEEP_CORE,0,
559,DE,Japan und der Vorwurf des Trittbrettfahrerverhaltens in der US-amerikanisch-japanischen Allianz (Schriften zur Wirtschaftstheorie und Wirtschaftspolitik),Alexander Tiedtke,KEEP_CORE,0,
560,DE,Sichtbare Erinnerung,Alexandra Vasak,KEEP_CORE,0,
561,DE,Geschichte des Herzogtums Schwaben,Alfons Zettler,KEEP_CORE,0,
562,DE,Martin Heidegger und seine Heimat,Alfred Denker,KEEP_CORE,0,
563,DE,Existenz und Sprache. Überlegungen zur hermeneutischen Sprachauffassung von Martin Heidegger und Hans Lipps. (Philosophische Schriften; PHS 43),Alfred W. E. Hübner,KEEP_CORE,0,
564,DE,Sommer in Key West.,Alison Lurie,KEEP_TRANSLATION,0,
565,DE,Vom Salamander der im Feuer lebt und anderen Fabeltieren,Alison Lurie,KEEP_TRANSLATION,0,
566,DE,"Die Königin im mittelalterlichen Reich. Herrschaftsausübung, Herrschaftsrechte, Handlungsspielräume.",Amalie Fößel,KEEP_CORE,0,
567,DE,Rot ist mein Name,Amankeldī Qūrmet | Orhan Pamuk,KEEP_TRANSLATION,0,
568,DE,Die Nacht der Dämonen.,Amelia Atwater-Rhodes,KEEP_TRANSLATION,0,
569,DE,In den Wäldern tiefer Nacht.,Amelia Atwater-Rhodes,KEEP_TRANSLATION,0,
570,DE,Das kleine Stück vom großen Himmel. Eine Liebesgeschichte.,Ana Bilic,KEEP_CORE,0,
571,DE,Von Gnathon Zu Saturio,Andrea Antonsen-Resch,KEEP_CORE,0,
572,DE,Der andere Orientalismus,Andrea Polaschegg,KEEP_CORE,0,
573,DE,Hommage an einen Galeristen. Otto Stangl und seine Künstlerfreunde.,Andrea R. Stoll,KEEP_CORE,0,
574,DE,Gegen den Strom: die Reaktion der CDU/CSU-Opposition auf die Ost- und Deutschlandpolitik der sozial-liberalen Koalition 1969 - 1973,Andreas Grau,KEEP_CORE,0,
575,DE,Mir Ist Zuweilen So Als Ob Das Herz In Mir Zerbrach,Andreas Nolte,KEEP_CORE,0,
576,DE,Salzburg h ort Hitler atmen: die Salzburger Festspiele 1933 - 1944,Andreas Novak,KEEP_CORE,0,
577,DE,"Die Kunst, Stadt und Land zum Sprechen zu bringen (Bauwelt Fundamente)",André Corboz,KEEP_TRANSLATION,0,
578,DE,Die Ausstattung in den Kirchen des Berliner Kirchenbauvereins (1890-1905),Angela Beeskow,KEEP_CORE,0,
579,DE,Mein Name ist Afra.,Angela Dopfer-Werner,KEEP_CORE,0,
580,DE,Das Verstehen des Fremden: eine Simulationstheorie im Anschluss an W.V.O. Quine,Anne Koch,KEEP_CORE,0,
581,DE,Jakob in der Räuberhöhle,Anne Steinwart,KEEP_CORE,0,
582,DE,Der aufrechte Gang,Annette Mingels,KEEP_CORE,0,
583,DE,Arzt Und Heilkunde in Den Fruhmittelalterlichen Leges,Annette Niederhellmann,KEEP_CORE,0,
584,DE,Der Platz,Annie Ernaux,KEEP_TRANSLATION,0,
585,DE,Die Scham,Annie Ernaux,KEEP_TRANSLATION,0,
586,DE,Sich verlieren,Annie Ernaux,KEEP_TRANSLATION,0,
587,DE,Freundinnen. Die schönsten Geschichten.,Annika Krummacher,KEEP_CORE,0,
588,DE,Der Kleine Prinz,Antoine de Saint-Exupéry,KEEP_TRANSLATION,0,
589,DE,Flug nach Arras,Antoine de Saint-Exupéry,KEEP_TRANSLATION,0,
590,DE,Nachtflug. Roman. ( Erzähler- Bibliothek).,Antoine de Saint-Exupéry,KEEP_TRANSLATION,0,
591,DE,"Zwischen Idylle und Tabu: die Autobiographien von Carl Gustav Carus, Wilhelm von K ugelgen und Ludwig Richter",Anton Philipp Knittel,KEEP_CORE,0,
592,DE,Das Adoptivzimmer,Antonia Michaelis,KEEP_CORE,0,
593,DE,Drachen der Finsternis,Antonia Michaelis,KEEP_CORE,0,
594,DE,"Der einsame Reiter und Babar, König der Elefanten",Ariel Dorfman,KEEP_TRANSLATION,0,
595,DE,Der letzte Gesang des Manuel Sendero,Ariel Dorfman,KEEP_TRANSLATION,0,
596,DE,Flash 8 ActionScript,Arno Kohl,KEEP_CORE,0,
597,DE,Emmanuel Hirsch Als Dogmatiker,Arnulf Von Scheliha,KEEP_CORE,0,
598,DE,Das Bild des ästhetisch-empfindsamen Jugendlichen. Deutsche Schul- und Adoleszenzromane zu Beginn des 20. Jahrhunderts,Atsushi Imai,KEEP_CORE,0,
599,DE,Rechneraufbau und Rechnerarchitektur (eXamen.press),Axel Böttcher,KEEP_CORE,0,
600,DE,"Mein Trost, Kampf Und Sieg Ist Christus (Theologische Bibliothek Toepelmann)",Axel Wiemer,KEEP_CORE,0,
601,DE,Werkstoff- und Produktionstechnik mit Mathcad,B. Buchmayr,KEEP_CORE,0,
602,DE,Nachrichtenlose Vermögen bei Schweizer Banken,Barbara Bonhage,KEEP_CORE,0,
603,DE,Albertina,Barbara Dossi,KEEP_CORE,0,
604,DE,Wege der Sinne. Wahrnehmung und Kunst bei den Kashinawa- Indianern Amazoniens.,Barbara Keifenheim,KEEP_CORE,0,
605,DE,Treuhänder des Reichs,Beat Balzli,KEEP_CORE,0,
606,DE,Reallexikon Der Germanischen Altertumskunde,Begrundet Von Johannes Hoops,KEEP_CORE,0,
607,DE,Die Deutsche Literature Des Mittelalters Verfasserlexikon (Band 11 Lieferung 4),Bergrundet Von Wolfgang Stammler,KEEP_CORE,0,
608,DE,Das Faust-Syndrom,Bernard Nuss,KEEP_CORE,0,
609,DE,Das visuelle Lexikon der Umwelt.,Bernd Schuh,KEEP_CORE,0,
610,DE,Machiavelli- ABC.,Bernhard H. F. Taureck,KEEP_CORE,0,
611,DE,"Kein Herz, das mehr geliebt. Geschichten von Verführung.",Bettina Hesse,KEEP_CORE,0,
612,DE,Architekturfotografen. Wer fotografiert Architektur in Deutschland.,Bettina Michel,KEEP_CORE,0,
613,DE,Die politische Elite in der Bundesrepublik Deutschland,"Beyme, Klaus von.",KEEP_CORE,0,
614,DE,Die politischen Theorien der Gegenwart,"Beyme, Klaus von.",KEEP_CORE,0,
615,DE,Erinnerung-Identitat-Narration,Birgit Neumann,KEEP_CORE,0,
616,DE,Meteorologie,Brigitte Klose,KEEP_CORE,0,
617,DE,Das brandenburgische Stadtbürgertum als Mitgestalter der Moderne,Brigitte Meier,KEEP_CORE,0,
618,DE,Staatsbildung als Königskunst. Ästhetik und Herrschaft im preußischen Absolutismus.,Bruno Preisendörfer,KEEP_CORE,0,
619,DE,Ko-Evolution von Gesellschaft und funktionalem Staat,Carl Böhret,KEEP_CORE,0,
620,DE,Die Romantische Straße vom Main bis zu den Alpen.,Carlheinz Gräter,KEEP_CORE,0,
621,DE,Leben im Plattenbau: zur Dynamik sozialer Ausgrenzung,Carsten Keller,KEEP_CORE,0,
622,DE,Herrin der Dunkelheit,Charles Busch | Fritz Leiber,KEEP_TRANSLATION,0,
623,DE,Religiöse Autonomie der Stadt im Imperium Romanum,Christa Frateantonio,KEEP_CORE,0,
624,DE,Nietzsche Und Die Historisch-kritische Philologie (Monographien Und Texte Zur Nietzsche-Forschung),Christian Benne,KEEP_CORE,0,
625,DE,Der Science Fiction Film (Heyne Filmbibliothek),Christian Hellmann,KEEP_CORE,0,
626,DE,Das Pendel,Christian Kassung,KEEP_CORE,0,
627,DE,Entropiegeschichten,Christian Kassung,KEEP_CORE,0,
628,DE,"Phillippus Arab, Ein Soldatenkaiser in Der Tradition DES Antoninisch-Serverischen Prinzipats (Untersuchungen Zur Antiken Literaur Und Geschichte)",Christian Korner,KEEP_CORE,0,
629,DE,Atelierbilder in Der Deutschen Malerei Von 1800 Bis 1860 (Schriften Zur Bildenden Kunst),Christiane Kerrutt,KEEP_CORE,0,
630,DE,Alfred Ehrhardt: Naturphilosoph mit der Kamera; Fotografien von 1933 bis 1947,Christiane Stahl,KEEP_CORE,0,
631,DE,Berninis Unbekanntes Meisterwerk,Christina Strunck,KEEP_CORE,0,
632,DE,Ein Regisseur Des Barocken Welttheaters,Christina Strunck,KEEP_CORE,0,
633,DE,Der häretische Imperativ,Christoph Schmidt,KEEP_CORE,0,
634,DE,Die russische Spende,Christoph Spielberg,KEEP_CORE,0,
635,DE,Der blonde Vampir. ( Unheimlicher Roman),Christopher Pike,KEEP_TRANSLATION,0,
636,DE,Sati. Mystischer Thriller.,Christopher Pike,KEEP_TRANSLATION,0,
637,DE,Spook City,Christopher Pike,KEEP_TRANSLATION,0,
638,DE,Der Sohn der Drachen,Christopher Zimmer,KEEP_CORE,0,
639,DE,Die Lichter von Thalis,Christopher Zimmer,KEEP_CORE,0,
640,DE,Wanderer zwischen den Zeiten,Christopher Zimmer,KEEP_CORE,0,
641,DE,"Die Logik des Parasitären. Literarische Texte, Medizinische Diskurse, Schrifttheorien.",Claudia Jost,KEEP_CORE,0,
642,DE,Sprachratgeber und Stillehren in Deutschland (1923-1967) (Studia Linguistica Germanica),Claudia Law,KEEP_CORE,0,
643,DE,Die Erschaffung der Realität,Claus Janew,KEEP_CORE,0,
644,DE,Selbst- und Fremdzuschreibungen als Aspekte kultureller Identitätsarbeit,Clemens Dannenbeck,KEEP_CORE,0,
645,DE,Die Seelenfresser,Colin Wilson,KEEP_TRANSLATION,0,
646,DE,WarDaWas,Constanze Schargan,KEEP_CORE,0,
647,DE,"Christus, Nikodemus Und Die Samaritanerin Bei Juvencus",Cornel Heinsdorff,KEEP_CORE,0,
648,DE,Fremdenfeindliche Vorurteile in den Staaten der EU,Cornelia Weins,KEEP_CORE,0,
649,DE,Katharina von Medici.,Cornelia Wusowski,KEEP_CORE,0,
650,DE,Krise der Philosophie im Zeitalter wissenschaftlich-technischer Rationalität.,Dagmar de Sauvage,KEEP_CORE,0,
651,DE,Ein Bild Von Einem Mann,Danella,KEEP_CORE,0,
652,DE,Schlagworter Der Nachkriegszeit 1945 - 1949,Dieter Felbick,KEEP_CORE,0,
653,DE,Diskurse des Politischen: zwischen Re- und Dekonstruktion,Dietmar J. Wetzel,KEEP_CORE,0,
654,DE,Kants Ubergangskonzeption im Opus Postumum,Dina Emundts,KEEP_CORE,0,
655,DE,Schloss Zerbst in Anhalt,Dirk Herrmann,KEEP_CORE,0,
656,DE,Wie Wirkt Kunst,Dorothee Halcour,KEEP_CORE,0,
657,DE,Enzyklopadie Medizingeschichte,E. Gerabek,KEEP_CORE,0,
658,DE,Aristoteles,E. Schuetrumpf,KEEP_CORE,0,
659,DE,"Empirische Policy- und Verwaltungsforschung. Lokale, nationale und internationale Perspektiven.",Eckhard Schröter,KEEP_CORE,0,
660,DE,Monasteria semper reformanda,Edeltraud Klueting,KEEP_CORE,0,
661,DE,Kenningkunst,Edith Marold,KEEP_CORE,0,
662,DE,"Stadtvisionen In der Franzosischen Erzahlliteratur (Trierer Studien Zur Literatur,)",Elisabeth Giesenhagen,KEEP_CORE,0,
663,DE,Die Zarin.,Ellen Alpsten,KEEP_CORE,0,
664,DE,"Biologische Waffen, nicht in Hitlers Arsenalen",Erhard Geißler,KEEP_CORE,0,
665,DE,"Die Blütezeit der deutschen Hanse, 2 Bde.",Ernst Daenell,KEEP_CORE,0,
666,DE,Der Dritte Weg in den Bürgerkrieg,Ernst Lohoff,KEEP_CORE,0,
667,DE,Deutsche Originalromane zwischen 1680 und 1780,Ernst Weber,KEEP_CORE,0,
668,DE,Die poetologische Selbstreflexion im deutschen Roman des 18. Jahrhunderts.,Ernst Weber,KEEP_CORE,0,
669,DE,Offentlichkeiten Der Fruhen Neuzeit,Esther-Beate Korber,KEEP_CORE,0,
670,DE,Gerechtigkeit als Zufall,Fabian Steinhauer,KEEP_CORE,0,
671,DE,"Vom Wasser, 95. Band 2000 (Vom Wasser (VCH) *)",Fachgruppe Wasserchemie in der GDCh,KEEP_CORE,0,
672,DE,SPSS Für Dummies,Felix Brosius,KEEP_CORE,0,
673,DE,Philosophie in weltbürgerlicher Bedeutung.,Francis Cheneval,KEEP_CORE,0,
674,DE,Die Musik der Juden Osteuropas. Lomir ale singn,Francois Lilienfeld | Petra Goldman,KEEP_CORE,0,
675,DE,Typische Formen DES Romans,Frank Stanzel,KEEP_CORE,0,
676,DE,Wende Und Einheit Im Spiegel Der Deutschsprachigen Literatur,Frank Thomas Grub,KEEP_CORE,0,
677,DE,"Fiktion, Fiktivität, Fiktionalität",Frank Zipfel,KEEP_CORE,0,
678,DE,Bitte nicht spucken!,Frederik Hetmann,KEEP_CORE,0,
679,DE,"Verloren, Mein Vater",Fridolin Schley,KEEP_CORE,0,
680,DE,Die Neue Rechte und die Berliner Republik,Friedemann Schmidt,KEEP_CORE,0,
681,DE,Ernst Wilhelm Nay - Figur und Körperbild. Kunst und Kunsttheorie der vierziger Jahre.,Friedrich Weltzien,KEEP_CORE,0,
682,DE,Das Grüne Millennium,Fritz Leiber,KEEP_TRANSLATION,0,
683,DE,Ein Gespenst sucht Texas heim,Fritz Leiber,KEEP_TRANSLATION,0,
684,DE,Eine tolle Zeit,Fritz Leiber,KEEP_TRANSLATION,0,
685,DE,Schwerter im Nebel,Fritz Leiber,KEEP_TRANSLATION,0,
686,DE,Schwerter und Eiszauber,Fritz Leiber,KEEP_TRANSLATION,0,
687,DE,Das Licht der Finsternis,Fritz Leiber | Jonathan Davis,KEEP_TRANSLATION,0,
688,DE,Ritter und Knappe des Schwerts,Fritz Leiber | Neil Gaiman | Jonathan Davis,KEEP_TRANSLATION,0,
689,DE,Anti-Virus Fur Dummies,G. Wirth,KEEP_CORE,0,
690,DE,Kunstsponsoring im Steuerrecht.,Gabriele Irle,KEEP_CORE,0,
691,DE,Kunstler Und Modell,Gabriele Maria Vogelberg,KEEP_CORE,0,
692,DE,Mode und Chemie,Gabriele Maute-Daul,KEEP_CORE,0,
693,DE,Torh auser des Gl ucks: die Gedichte,Gerald Zschorsch,KEEP_CORE,0,
694,DE,Führungsdenken.,Gerhard P. Groß,KEEP_CORE,0,
695,DE,Rahmenerzählungen der Moderne,Gerrit Stratmann,KEEP_CORE,0,
696,DE,Kurzprosa der Gegenwart,Gertrud Schänzlin,KEEP_CORE,0,
697,DE,Muzal. Ein georgischer Roman.,Giwi Margwelaschwili,KEEP_CORE,0,
698,DE,Josepha Dominica Von Rottenberg (1676-1738) (Quellen Und Forschungen Zur Geschichte Des Dominikanerordens - Neue Folge),Guenter Esser,KEEP_CORE,0,
699,DE,Wirst du da sein?,Guillaume Musso,KEEP_TRANSLATION,0,
700,DE,"Charles Darwin und die Dynamik der Schöpfung. Unser Kosmos, unser Leben.",Günter Altner,KEEP_CORE,0,
701,DE,Allgemeine Technologie. Eine Systemtheorie der Technik.,Günter Ropohl,KEEP_CORE,0,
702,DE,Die Phantastischen Kinderbucher Von Michael Ende,Hajna Stoyan,KEEP_CORE,0,
703,DE,Empirische Sozialforschung für die Soziale Arbeit. Eine Einführung.,Hanne Schaffer,KEEP_CORE,0,
704,DE,Moderne Politik. Politikverständnis im 20. Jahrhundert.,Hans J. Lietzmann,KEEP_CORE,0,
705,DE,Homiletik,Hans Martin Muller,KEEP_CORE,0,
706,DE,"Staatsdienst, Staatsdenken Und Dienstgesinnung in Brandenburg-Preussen Im 18.Jahrhundert (1713-1806)",Hans Martin Sieg,KEEP_CORE,0,
707,DE,"Weltmacht und Weltordnung: der Krieg im Irak, die amerikanische Sicherheitspolitik, Europa und Deutschland",Hans Martin Sieg,KEEP_CORE,0,
708,DE,Romane der Konservativen Revolution in der Nachfolge von Nietzsche und Spengler (1918-1941).,Hans-Georg Meier,KEEP_CORE,0,
709,DE,Krieg Im Mittelalter,Hans-Henning Kortum,KEEP_CORE,0,
710,DE,Untersuchungen zur Kulturpolitik der pergamenischen Herrscher im dritten Jahrhundert vor Christus,Hans-Joachim Schalles,KEEP_CORE,0,
711,DE,Das narrative Interview. Eine Einführung für Sozialpädagogen.,Hans-Jürgen Glinka,KEEP_CORE,0,
712,DE,Perspektivenwechsel,Hans-Peter Krueger,KEEP_CORE,0,
713,DE,Texte zum Universalienstreit,Hans-Ulrich Woehler,KEEP_CORE,0,
714,DE,Die Finanzierung Der Reichshauptstadt (Veroeffentlichingen Der Historischen Kommission Zu Berlin),Harald Engler,KEEP_CORE,0,
715,DE,Wissenschaftliches Arbeiten in Bibliotheken. Einführung für Student/ Innen.,Harald Jele,KEEP_CORE,0,
716,DE,Politischer Protest und Stabilität,Harald Mehlich,KEEP_CORE,0,
717,DE,Verschlüsselung im Internet,Harald Neymanns,KEEP_CORE,0,
718,DE,Emil Nolde & Werner Berg,Harald Scheicher,KEEP_CORE,0,
719,DE,Individuelle Identität und kulturelle Praxis. Politische Philosophie nach Charles Taylor.,Hartmut Rosa,KEEP_CORE,0,
720,DE,Die Sprache im Bild Das Bild in der Sprache,Hartmut Stöckl,KEEP_CORE,0,
721,DE,Die rebellischen Töchter Scheherezades. Arabische Schriftstellerinnen der Gegenwart.,Hassouna Mosbahi,KEEP_TRANSLATION,0,
722,DE,Johannes Zurbuchen.,Hedi Sieber-Brunner,KEEP_CORE,0,
723,DE,"Nichts, was tragisch wäre",Heike Geißler,KEEP_CORE,0,
724,DE,Teufelchen,Heike Hohlbein | Wolfgang Hohlbein,KEEP_CORE,0,
725,DE,Bilder des Corpus Christi. Sakramentaler Realismus von Jan van Eyck bis Hieronymus Bosch.,Heike Schlie,KEEP_CORE,0,
726,DE,Lob der Elite,Heike Schmoll,KEEP_CORE,0,
727,DE,Karatedô - Meister der vier großen Schulrichtungen und ihre Lehre. Biographien - Lehrschriften - Rezeption,Heiko Bittmann,KEEP_CORE,0,
728,DE,Eschatologische Identitat,Heiko Schulz,KEEP_CORE,0,
729,DE,Die Romische Gesellschaft Bei Galen,Heinrich Schlange-Schoningen,KEEP_CORE,0,
730,DE,Wallfahren heute.,Heinz-Jürgen Förg | Hermann Scharnagl,KEEP_CORE,0,
731,DE,Deutschlernen in den polnischen Ländern vom 15. Jahrhundert bis 1918,Helmut Glück,KEEP_CORE,0,
732,DE,Johann Ernst Glück (1654-1705),Helmut Glück,KEEP_CORE,0,
733,DE,"Das Heer 1950 bis 1970: Konzeption, Organisation, Aufstellung",Helmut R. Hammerich,KEEP_CORE,0,
734,DE,Die Zukunft der Arbeit liegt nicht im Beruf. Neue Beschäftigungs- und Lebensmodelle.,Helmut Saiger,KEEP_CORE,0,
735,DE,Schallabsorber und Schalldämpfer,Helmut V. Fuchs,KEEP_CORE,0,
736,DE,Die Denkform der Paradoxalität als theologisches Problem,Henning Schröer,KEEP_CORE,0,
737,DE,Im-Wir-sein,Heribert Mühlen,KEEP_CORE,0,
738,DE,"Bartleby, der Schreiber. Eine Geschichte aus der Wall Street.",Herman Melville,KEEP_TRANSLATION,0,
739,DE,Benito Cereno.,Herman Melville,KEEP_TRANSLATION,0,
740,DE,Mardi und eine Reise dorthin.,Herman Melville,KEEP_TRANSLATION,0,
741,DE,Pierre. Oder die Doppeldeutigkeiten.,Herman Melville,KEEP_TRANSLATION,0,
742,DE,Taïpi,Herman Melville,KEEP_TRANSLATION,0,
743,DE,"Weissjacke, oder, Die Welt auf einem Kriegsschiff",Herman Melville,KEEP_TRANSLATION,0,
744,DE,Verwerfung der B urgerlichkeit: Wandlungen des Konservatismus am Beispiel Paul Ernsts,Hildegard Chatellier,KEEP_CORE,0,
745,DE,Die Restitutionsmünzen der frühen Kaiserzeit,Holger Komnick,KEEP_CORE,0,
746,DE,Geschichte(n) erzählen,Holger Zimmermann,KEEP_CORE,0,
747,DE,Der Heilige Gral,Hubert H. Simon,KEEP_CORE,0,
748,DE,Das Spiel Azad,Iain Banks,KEEP_TRANSLATION,0,
749,DE,Die Auserwählte,Iain Banks,KEEP_TRANSLATION,0,
750,DE,Die Sphären,Iain Banks,KEEP_TRANSLATION,0,
751,DE,Die Wespenfabrik,Iain Banks,KEEP_TRANSLATION,0,
752,DE,Förchtbar Maschien,Iain Banks,KEEP_TRANSLATION,0,
753,DE,Träume vom Kanal,Iain Banks,KEEP_TRANSLATION,0,
754,DE,Soziale Erkenntnistheorie,Ilia Kassavinie,KEEP_TRANSLATION,0,
755,DE,Familienporträts der Habsburger. Dynastische Repräsentation im Zeitalter der Aufklärung,Ilsebill Barta,KEEP_CORE,0,
756,DE,Die geraubten Bilder.,Ingeborg Prior,KEEP_CORE,0,
757,DE,Frauen in der DDR-Opposition,Ingrid Miethe,KEEP_CORE,0,
758,DE,Sozialgeschichte der klassischen Musik,Irmgard Jungmann,KEEP_CORE,0,
759,DE,Johann Weichard von Valvasor (1641-1693),Irmgard Palladino,KEEP_CORE,0,
760,DE,Kritik Der Neuzeitlichen Naturwissenschaft.Phanomenologie in der Alternative zwischen Husserl und Heidegger.,Ismail El Mossadeq,KEEP_CORE,0,
761,DE,Das klassische Griechenland (Bd.16),"J. / Martin, R. / Villard, F Charbonneaux",KEEP_TRANSLATION,0,
762,DE,Neues Organon Oder Gedanken Ueber Die Erforschung Und Beziechnung DES Wahren (Philosophiehistorische Texte),J.H. Lambert,KEEP_CORE,0,
763,DE,Mitten in der Nacht,Jacky Gleich | Bruno Blume,KEEP_CORE,0,
764,DE,Die Privatisierung Und Regulierung Des Wassersektors,Jan Muller-Scheebel,KEEP_CORE,0,
765,DE,Wilhelm Ockham.,Jan P. Beckmann,KEEP_CORE,0,
766,DE,Cezanne geht immer. Ein Kunst- Krimi.,Jan Schalm,KEEP_CORE,0,
767,DE,Antonio Canovas Mythologische Statuen,Jan Woratschek,KEEP_CORE,0,
768,DE,Die Finanziergung Der Bundeshauptstadt Bonn (Veroffentlichungen der Historischen Kommission Zu Berlin 106),Jens Krýýger,KEEP_CORE,0,
769,DE,Kierkegaards Furcht und Zittern als Bild seines ethischen Erkenntnisbegriffs (Kierkegaard Studies. Monograph Series),Joachim Boldt,KEEP_CORE,0,
770,DE,Das Ende der Kritik,Joachim Vahland | Ulrich Schödlbauer,KEEP_CORE,0,
771,DE,Die Grundstruktur des transzendentalen Wissens nach Joh. Gottl. Fichtes Wissenschaftslehre 1804℗,Joachim Widmann,KEEP_CORE,0,
772,DE,Die Tochter des Hirsch-Clans,Joan Wolf,KEEP_TRANSLATION,0,
773,DE,Biographisch Literarisches Handworterbuch Der Exakten Naturwissenschaften Band 8 Teil 2 L 3&4,Johann Christian Poggendorff,KEEP_CORE,0,
774,DE,Biographisch-Literarisches Handworterbuch Der Exakten Naturwissenschaften,Johann Christian Poggendorff,KEEP_CORE,0,
775,DE,Handworterbuch Derexakt Naturwiss Datenbank,Johann Christian Poggendorff,KEEP_CORE,0,
776,DE,"Alle Freuden, die unendlichen. Liebesgedichte und Interpretationen.",Johann Wolfgang von Goethe,KEEP_CORE,0,
777,DE,Behalte mich ja lieb. Christianes und Goethes Ehebriefe.,Johann Wolfgang von Goethe,KEEP_CORE,0,
778,DE,"Briefe Goethe's an Sophie von La Roche und Bettina Brentano, nebst dichterischen Beilagen",Johann Wolfgang von Goethe,KEEP_CORE,0,
779,DE,Der Groß - Cophta. Ein Lustspiel in fünf Aufzügen.,Johann Wolfgang von Goethe,KEEP_CORE,0,
780,DE,Dichter lieben nicht zu schweigen. Das Leben im Gedicht.,Johann Wolfgang von Goethe,KEEP_CORE,0,
781,DE,"Dichtung Und Wahrheit, I & II",Johann Wolfgang von Goethe,KEEP_CORE,0,
782,DE,Die Leiden Des Jungen Werther,Johann Wolfgang von Goethe,KEEP_CORE,0,
783,DE,"Die Leiden des jungen Werther. Diverse Umschlagfarben, unsortiert.",Johann Wolfgang von Goethe,KEEP_CORE,0,
784,DE,Die Leiden des jungen Werthers. Mit Materialien.,Johann Wolfgang von Goethe,KEEP_CORE,0,
785,DE,"Dramen: Clavigo, Egmont",Johann Wolfgang von Goethe,KEEP_CORE,0,
786,DE,"EinFach Deutsch, Iphigenie auf Tauris",Johann Wolfgang von Goethe,KEEP_CORE,0,
787,DE,Faust auf Sächsisch.,Johann Wolfgang von Goethe,KEEP_CORE,0,
788,DE,Faust. Eine Tragödie,Johann Wolfgang von Goethe,KEEP_CORE,0,
789,DE,Faust. Erläuterungen und Dokumente. Der Tragödie Erster Teil.,Johann Wolfgang von Goethe,KEEP_CORE,0,
790,DE,"Goethe's sämmtliche Werke: Vollständige, neugeordnete Ausgabe",Johann Wolfgang von Goethe,KEEP_CORE,0,
791,DE,Goethe-brevier: Goethes Leben in seinen Gedichten,Johann Wolfgang von Goethe,KEEP_CORE,0,
792,DE,Meine Religion: Mein politischer glaube: Zwei vertrauliche reden,Johann Wolfgang von Goethe,KEEP_CORE,0,
793,DE,Reineke Fuchs. In zwölf Gesängen.,Johann Wolfgang von Goethe,KEEP_CORE,0,
794,DE,Sämmtliche Werke,Johann Wolfgang von Goethe,KEEP_CORE,0,
795,DE,Unterhaltungen mit dem Kanzler Friedrich von Müller,Johann Wolfgang von Goethe | Friedrich von Müller,KEEP_CORE,0,
796,DE,Unterhaltungen mit Goethe,Johann Wolfgang von Goethe | Friedrich von Müller,KEEP_CORE,0,
797,DE,Der Blick durch die Wand.,Johannes Friedrich Lehmann,KEEP_CORE,0,
798,DE,Untersuchungen zur Rezeption der nationalsozialistischen Weltanschauung in den konfessionellen Periodika der Niederlande 1933-1940. Ein Beitrag zur komparatistischen Imagologie.,Joop Wekking,KEEP_CORE,0,
799,DE,Kant - die fremde Vernunft und die Sprache der Philosophie,Josef Simon,KEEP_CORE,0,
800,DE,Philosophie und linguistische Theorie.,Josef Simon,KEEP_CORE,0,
801,DE,Inselglück. Rousseau auf Sankt Peter.,Jost Imbach,KEEP_CORE,0,
802,DE,Nachrichtenauswahl Und Medienrealitaet in Vier Jahrhunderten,Juergen Wilke,KEEP_CORE,0,
803,DE,"Hegels Begriff der politischen Gesinnung: Zutrauen, Patriotismus und Vertrauen",Jun-Ho Won,KEEP_CORE,0,
804,DE,"Laser, Licht Und Leben",Jurgen Popp | Susanne Liedtke,KEEP_CORE,0,
805,DE,Das Sanssouci Kaiser Wilhelms II.,Jörg Michael Henneberg,KEEP_CORE,0,
806,DE,Denken vor Gott. Philosophie als Wahrheits- Liebe.,Jörg Splett,KEEP_CORE,0,
807,DE,Zerbrechende Zeit. Über den Sinn der Geschichte.,Jörn Rüsen,KEEP_CORE,0,
808,DE,Wissenschaftssprache und populärwissenschaftliche Vermittlung,Jürg Niederhauser,KEEP_CORE,0,
809,DE,Gegenüberstellungen alter und neuer Kunst. Im Museum am Dom.,Jürgen Emmert,KEEP_CORE,0,
810,DE,Karl May und der Wettermacher,Jürgen Heinzerling,KEEP_CORE,0,
811,DE,Snuff Bottles. Kostbarkeiten chinesischer Kleinkunst.,Jürgen Ludwig Fischer,KEEP_CORE,0,
812,DE,Roberta und ich,Jürgen Rieckhoff | Sibylle Rieckhoff,KEEP_CORE,0,
813,DE,Von Rabelais bis Voltaire,Jürgen von Stackelberg,KEEP_CORE,0,
814,DE,Archaische Koren.,K. Karakasi,KEEP_CORE,0,
815,DE,Untersuchungen Zur Zeitkonzeption in Kants Kritik Der Reinen Vernunft (Kantstudien-Erganzungshete),Karin Michel,KEEP_CORE,0,
816,DE,"Augustin, Contra Academicos (Vel De Academicis) Buch 1: Einleitung Und Kommentar (Patristische Texte Und Studien)",Karin Schlapbach,KEEP_CORE,0,
817,DE,Der Zweiklassenstaat,Karl Lauterbach,KEEP_CORE,0,
818,DE,Die Juden im christlichen Imperium Romanum. (4. - 6. Jahrhundert).,Karl Leo Noethlichs,KEEP_CORE,0,
819,DE,"""Verwilderte Selbsterhaltung""",Karsten Fischer,KEEP_CORE,0,
820,DE,Franz Joseph Molitor und die jüdische Tradition,Katharina Koch,KEEP_CORE,0,
821,DE,Leiden Lesen,Katharina Mertens Fleury,KEEP_CORE,0,
822,DE,Der Gottmensch aus Puṭṭaparthi,Katharina Poggendorf-Kakar,KEEP_CORE,0,
823,DE,Historischen Romane Von Jaan Kross,Kerttu Wagner,KEEP_CORE,0,
824,DE,"Ontologie des seelischen Lebens: ein Beitrag zur theologischen Anthropologie im Anschluss an Hume, Kant, Schleiermacher und Dilthey",Kirsten Huxel,KEEP_CORE,0,
825,DE,Ausdruck Macht Eindruck,Kirsten O. Frieling,KEEP_CORE,0,
826,DE,"""Ars corrigendi"" in der fruehen Neuzeit",Klara Vanek,KEEP_CORE,0,
827,DE,Die Kyniker,Klaus Döring,KEEP_CORE,0,
828,DE,Naturphilosophie der Frühromantik,Klaus Stein,KEEP_CORE,0,
829,DE,Bilder der Arbeit. Eine ikonografische Anthologie.,Klaus Türk,KEEP_CORE,0,
830,DE,Logik im Patentrecht.,Kurt Stamm,KEEP_CORE,0,
831,DE,Das Geheimnis des Kiver,Leonhard Kubizek,KEEP_CORE,0,
832,DE,Mummelmann,Lons,KEEP_CORE,0,
833,DE,Entwicklungsmanagement,Lothar Ophey,KEEP_CORE,0,
834,DE,Einbildungskraft und Mythologie,Lucas Marco Gisi,KEEP_CORE,0,
835,DE,Ottonen und Salier.,Ludger Körntgen,KEEP_CORE,0,
836,DE,Ausgewahlte Reden Des Staatsministers A.d. Und Parlamentariers Dr. Ludwig Windthorst.,Ludwig Windthorst,KEEP_CORE,0,
837,DE,Paian,Lutz Kappel,KEEP_CORE,0,
838,DE,Miltons Urania Poetik Im Spiegel Der Lesbaren Welten,M Windisch,KEEP_CORE,0,
839,DE,Freiheit Und Determinismus (Quellen Und Studien Zur Philosophie),Magnus Schallenberg,KEEP_CORE,0,
840,DE,"Agnes Bernauer. Hexe, Hure, Herzogin.",Manfred Böckl,KEEP_CORE,0,
841,DE,Das osmanische Heerwesen im 15. und 16. Jahrhundert,Manfred Pittioni,KEEP_CORE,0,
842,DE,Falsches Spiel mit Marek Miert.,Manfred Wieninger,KEEP_CORE,0,
843,DE,"Ehe, Liebe, Freundschaft",Manuel Braun,KEEP_CORE,0,
844,DE,Die Phantastoschen Kopte des Franz Xaver Messerschmidt,Maraike Buekling,KEEP_CORE,0,
845,DE,Mikropolitik und Moral. Die Bedeutung persönlicher Macht für eine Ethik in Unternehmen.,Marcus O. Mohr,KEEP_CORE,0,
846,DE,Künstlerverträge in der Florentiner Renaissance.,Mareile Büscher,KEEP_CORE,0,
847,DE,Der Klub der sieben Raben und der Piratenschatz. UNDERGROUND- Krimi.,Margit Grassi,KEEP_CORE,0,
848,DE,Dialektische Dynamik,Margret Eifler,KEEP_CORE,0,
849,DE,Johann Christoph Adelung,Margrit Strohbach,KEEP_CORE,0,
850,DE,Ein Hund in Teufels Küche.,Maria Benedickt,KEEP_CORE,0,
851,DE,Der Deserteuer und Erzahler Alfred Andersch,Maria E. Brunner,KEEP_CORE,0,
852,DE,Verbotene Bilder,Marianne Stoal,KEEP_CORE,0,
853,DE,"Bruder, Freunde und Betruger",Mark Haberlein,KEEP_CORE,0,
854,DE,Der Tod Im Text Thomas Bernhards Grabschriften,Markus Janner,KEEP_CORE,0,
855,DE,Sich Verzehrender Skeptizismus,Markus Kleinert,KEEP_CORE,0,
856,DE,Pop- Art.,Martin Büsser,KEEP_CORE,0,
857,DE,"Politischer Diskurs und Hegemonie: das Projekt ""Soziale Marktwirtschaft""",Martin Nonhoff,KEEP_CORE,0,
858,DE,Die Beutefrau,Martina Kempff,KEEP_TRANSLATION,0,
859,DE,Krise Und Kritik Bei Bruno Bauer,Massimiliano Tomba,KEEP_CORE,0,
860,DE,Schellings Und Hegels Verhaeltnis Zur Naturwissenschaft (1844) (Acta Humaniora: Schriften Zur Naturphilosophie),Matthias Jakob Schleiden,KEEP_CORE,0,
861,DE,Menschenrechte bei Durkheim und Weber.,Matthias König,KEEP_CORE,0,
862,DE,Theologie Und Gebet Bei Luther,Matthias Mikoteit,KEEP_CORE,0,
863,DE,Strategische Personalentwicklung,Matthias T. Meifert,KEEP_CORE,0,
864,DE,Erklärung - Begründung - Kausalität,Matthias Varga von Kibed,KEEP_CORE,0,
865,DE,"Nachfolge Christi, Nachahmung der Natur",Maximilian Bergengruen,KEEP_CORE,0,
866,DE,"Leben und Schaffen der Künstlergruppe ""Brücke"" 1905 bis 1913",Meike Hoffmann,KEEP_CORE,0,
867,DE,Das Nachrepublikanische Finanzsystem,Michael Alpers,KEEP_CORE,0,
868,DE,Sodom als Symptom (Religionsgeschichtliche Versuche und Vorarbeiten 55) (Religionsgeschichtliche Versuche Und Vorarbeiten),Michael Brinkschroder,KEEP_CORE,0,
869,DE,"Texte, die alles sagen: erz ahlende Literatur des 18. und 19. Jahrhunderts und Theorien der Stimme",Michael Eggers,KEEP_CORE,0,
870,DE,"Naturwissenschaftliche Weltbilder in Managementtheorien. Chaostheorie, Selbstorganisation, Autopoiesis.",Michael Flämig,KEEP_CORE,0,
871,DE,Die Ästhetik als Antwort auf das kopernikanische Weltbild,Michael Jäger,KEEP_CORE,0,
872,DE,Integration in Staatenverbindungen,Michael Kuschnick,KEEP_CORE,0,
873,DE,Vom Ornament zum Nationalkunstwerk,Michael Mönninger,KEEP_CORE,0,
874,DE,Kontingenz und Dezision. Beiträge zur Analyse der politischen Gesellschaft.,Michael Th. Greven,KEEP_CORE,0,
875,DE,Eine Begegnung von Wissenschaft und Aufklärung,Michael Trauth,KEEP_CORE,0,
876,DE,Abenteuer Philosophie,Michael Wittschier,KEEP_CORE,0,
877,DE,Naturhistoriker Und Zeitenseher,Michaela Haberkorn,KEEP_CORE,0,
878,DE,Das Siegel der Macht. Ein historischer Roman um das Jahr 1000.,Monika Dettwiler,KEEP_CORE,0,
879,DE,Aristophanes Und Eupolis,Natalia Kyriakidi,KEEP_CORE,0,
880,DE,Jurodstvo--Eine Studie Zur Phanomenologie Und Typologie Des Narren in Christo,Natalia Ottovordemgentschenfelde,KEEP_CORE,0,
881,DE,Der Bildtitel,Natalie Bruch,KEEP_CORE,0,
882,DE,Der mann mit dem goldenen arm.,Nelson Algren,KEEP_TRANSLATION,0,
883,DE,"UT, Nr.99, Der Fluß dazwischen",Ngũgĩ wa Thiongʼo,KEEP_TRANSLATION,0,
884,DE,Verborgene Schicksale,Ngũgĩ wa Thiongʼo,KEEP_TRANSLATION,0,
885,DE,"Baumwolle, Sklaven und Kredite",Niklaus Stettler,KEEP_CORE,0,
886,DE,Kants System Der Transzendentalen Ideen (Kantstudien-Erganzungshete),Nikolai F. Klimmek,KEEP_CORE,0,
887,DE,Die Ordnung der Bildung,Norbert Ricken,KEEP_CORE,0,
888,DE,Raumgeschichten,Oliver Simons,KEEP_CORE,0,
889,DE,Das neue Leben.,Orhan Pamuk,KEEP_TRANSLATION,0,
890,DE,Das schwarze Buch.,Orhan Pamuk,KEEP_TRANSLATION,0,
891,DE,Das stille Haus,Orhan Pamuk,KEEP_TRANSLATION,0,
892,DE,Die Weiße Festung,Orhan Pamuk,KEEP_TRANSLATION,0,
893,DE,Das surrealistische Kriegsbild bei Max von Moos (Edition Voldemeer),Otto Karl Werckmeister,KEEP_CORE,0,
894,DE,"Glaube, Liebe, Aircondition",Ozakin | Aysel Özakın,KEEP_CORE,0,
895,DE,Affektenlehre und Ph anomenologie der Stimmungen: Wege einer Ontologie und Ethik des Emotionalen,Paola-Ludovica Coriando,KEEP_CORE,0,
896,DE,Systematischer Kommentar Zur Kritik Der Reinen Vernunft,Paul Natterer,KEEP_CORE,0,
897,DE,Herrschaft und Geschichte,Pedro Demo,KEEP_CORE,0,
898,DE,Der mit den zwei H ornern: Alexander der Grosse der arabischen Literatur; 1. Dionysos und sein Kreis im Werk des Exekias: 2,Peter Bachmann,KEEP_CORE,0,
899,DE,Festsymbole,Peter Biehl,KEEP_CORE,0,
900,DE,Ordnungen der Sichtbarkeit,Peter Geimer,KEEP_CORE,0,
901,DE,Der Zweifel des Anarchisten,Peter Rinderle,KEEP_CORE,0,
902,DE,Therapie Als Bild - Das Bild Als Therapie,Peter Sinapius,KEEP_CORE,0,
903,DE,"Schalom, Herr Hitler. Trilogie Zeitsprünge. Davidstern und Hakenkreuz.",Peter Süess-Kolbl,KEEP_CORE,0,
904,DE,Softwaresysteme und ihre Modellierung,Peter Tabeling,KEEP_CORE,0,
905,DE,Schöne Geschichten. Deutsche Erzählkunst aus zwei Jahrhunderten.,Peter von Matt,KEEP_CORE,0,
906,DE,Grundzüge der byzantinischen Geschichte.,Peter Wirth,KEEP_CORE,0,
907,DE,Die Akademie für Kunst und Kunstgewerbe zu Breslau,Petra Hölscher,KEEP_CORE,0,
908,DE,Lebende Bilder in der italienischen Festkultur des 15. Jahrhunderts,Philine Helas,KEEP_CORE,0,
909,DE,Erzahlen Nach Darwin: Die Krise Der Teleologie Im Literarischen Realismus,Philip Ajouri,KEEP_CORE,0,
910,DE,Habitus Barbarus (Reallexikon Der Germanischen Altertumskunde - Ergaenzungsbaende 55) (Erganzungsbande Zum Reallexikon Der Germanischen Altertumskunde),Philipp Von Rummel,KEEP_CORE,0,
911,DE,Experimente Und Computersimulationen Im Naturwissenschaftlichen Unterricht,Priit Reiska,KEEP_CORE,0,
912,DE,Die Hauswirtin Am Tor,Radoslav Katicic,KEEP_CORE,0,
913,DE,Das Museum der Unschuld,Rafael Carpintero; | Orhan Pamuk,KEEP_TRANSLATION,0,
914,DE,"Goetter, Helden Und Grotesken",Rainer G. Richter,KEEP_CORE,0,
915,DE,Paula Modersohn-Becker Und Die Agyptischen Mumienportraits,Rainer Stamm,KEEP_CORE,0,
916,DE,planet berlin,Ralf Richert,KEEP_CORE,0,
917,DE,Fallrepetitorium Europarecht,Ralph Alexander Lorz,KEEP_CORE,0,
918,DE,Funktion von Natur und Landschaft in der österreichischen Literatur,Regine Battiston-Zuliani,KEEP_CORE,0,
919,DE,Der phonologisch-typologische Wandel des Deutschen von einer Silbenzu einer Wortsprache (Studia Linguistica Germanica 85) (Studia Linguistica Germanica),Renata Szczepaniak,KEEP_CORE,0,
920,DE,Conrat Meit,Renate Eickelman,KEEP_CORE,0,
921,DE,Das Buch der verrückten Experimente,Reto U. Schneider,KEEP_CORE,0,
922,DE,Die Planetenjäger,Reto U. Schneider,KEEP_CORE,0,
923,DE,(rire),Richard Reichensperger,KEEP_CORE,0,
924,DE,Friaul und Istrien.,Richard Zürcher,KEEP_CORE,0,
925,DE,Gluck Als Vollendung Des Menschseins,Rochus Leonhardt,KEEP_CORE,0,
926,DE,Giorgio Vasari. Im Dienst der Medici.,Roland LeMolle,KEEP_CORE,0,
927,DE,Annäherung an Frankreich im Dienste Hitlers?,Roland Ray,KEEP_CORE,0,
928,DE,Pathologie in Fallstudien,Roland Sedivy,KEEP_CORE,0,
929,DE,Bufo & Spallanzani,Rubem Fonseca,KEEP_TRANSLATION,0,
930,DE,Die Bilderkammer,Rudolf Marko,KEEP_CORE,0,
931,DE,Lexikonpolitik,Ruth Conrad,KEEP_CORE,0,
932,DE,Wissenschaftliches Arbeiten.,Rüdiger Jacob,KEEP_CORE,0,
933,DE,Wolfsruf,S. P. Somtow,KEEP_TRANSLATION,0,
934,DE,Unterrichtstheorie in Bilddokumenten des 15. bis 17. Jahrhunderts,Sabine Kirk,KEEP_CORE,0,
935,DE,Elf Freunde müßt ihr sein. Fußballbuch.,Sammy Drechsel,KEEP_CORE,0,
936,DE,Der kleine Pirat und das Seeungeheuer,Sarah Bosse,KEEP_CORE,0,
937,DE,Paul und Sina retten den Reiterhof,Sarah Bosse,KEEP_CORE,0,
938,DE,Zacharias Walfischzahn,Sigrid Heuck,KEEP_CORE,0,
939,DE,Das Ende Weimars in Exilroman,Sigrid Schneider,KEEP_CORE,0,
940,DE,Skurrile Quantenwelt,Silvia Arroyo Camejo,KEEP_CORE,0,
941,DE,Sprichwort und Sentenz im narrativen Kontext,Silvia Reuvekamp,KEEP_CORE,0,
942,DE,Von Newton zu Haller.,Simone DeAngelis,KEEP_CORE,0,
943,DE,Vergleich der politischen Theorie und der politischen Systeme des Althusius mit der EU,Stefan Hohberger,KEEP_CORE,0,
944,DE,Die Versorgung des päpstlichen Hofes in Avignon mit Lebensmitteln (1316 - 1378).,Stefan Weiß,KEEP_CORE,0,
945,DE,Oswald Oberhuber,Stephan Ettl,KEEP_CORE,0,
946,DE,Geophilosophie. Neitzsches philosophische Geographie.,Stephan Günzel,KEEP_CORE,0,
947,DE,Vom König zum Führer,Stephan Malinowski,KEEP_CORE,0,
948,DE,Die Münzen der Römischen Republik und ihre Bildquellen,Stephanie Böhm,KEEP_CORE,0,
949,DE,Hagiographie im Kontext,Stephanie Coue,KEEP_CORE,0,
950,DE,Bitte streicheln Sie hier. Erotische Geschichten.,Susann Rehlein,KEEP_CORE,0,
951,DE,FrauenLeben. Ein Lesebuch.,Susanne Gretter,KEEP_CORE,0,
952,DE,"Sei nicht traurig, Monty Maulwurf",Susanne Mais | Greta Carolat,KEEP_CORE,0,
953,DE,Homo democraticus. Demokratische Tugenden in der Ideengeschichte.,Sven-Uwe Schmitz,KEEP_CORE,0,
954,DE,Werbung und Kunst,Sylvia Meffert,KEEP_CORE,0,
955,DE,Die Story Von Monty Spinner-Ratz,T. Seidler,KEEP_CORE,0,
956,DE,Die Spur des Medaillons. Roman.,Tania Schlie,KEEP_CORE,0,
957,DE,"Das ""genie,"" roman.",Theodore Dreiser,KEEP_TRANSLATION,0,
958,DE,Das Buch über mich selbst,Theodore Dreiser,KEEP_TRANSLATION,0,
959,DE,Der financier.,Theodore Dreiser,KEEP_TRANSLATION,0,
960,DE,Der Titan,Theodore Dreiser,KEEP_TRANSLATION,0,
961,DE,Der unentwegte,Theodore Dreiser,KEEP_TRANSLATION,0,
962,DE,Eine amerikanische Tragödie,Theodore Dreiser,KEEP_TRANSLATION,0,
963,DE,Jennie Gerhardt.,Theodore Dreiser,KEEP_TRANSLATION,0,
964,DE,"Schwester Carrie, roman.",Theodore Dreiser,KEEP_TRANSLATION,0,
965,DE,Zwischen Reeducation und Politischer Philosophie. Der Aufbau der Politischen Wissenschaft in München nach 1945.,Thies Marsen,KEEP_CORE,0,
966,DE,Staatsdenken im China der Republikzeit (1912-1949),Thomas Fröhlich,KEEP_CORE,0,
967,DE,Die Kirche der Väter,Thomas Graumann,KEEP_CORE,0,
968,DE,Aristotelische Diskurse.,Thomas Gutschker,KEEP_CORE,0,
969,DE,"Der Wissenschaftliche Standpunkt Der Theologie Isaak August Dorners (Theologische Bibliothek Topelmann , Vol 78)",Thomas Koppehl,KEEP_CORE,0,
970,DE,Uneigentliches Sprechen und Bildermischung in den Elegien des Properz (Untersuchungen Zur Antiken Literatur Und Geschichte),Thomas Riesenweber,KEEP_CORE,0,
971,DE,Philosophische Physiologie,Thomas S. Hoffmann,KEEP_CORE,0,
972,DE,Aisthesis Vor Platon,Thomas Schirren,KEEP_CORE,0,
973,DE,Die Geburt der Humanität,Thomas Vogl,KEEP_CORE,0,
974,DE,Reisen in Das Befremdliche Pompeji,Thorsten Fitzon,KEEP_CORE,0,
975,DE,Religionsunterricht und Dialog,Thorsten Knauth,KEEP_CORE,0,
976,DE,Das dunkle Herz.,Timothy Findley,KEEP_TRANSLATION,0,
977,DE,Der Gesandte,Timothy Findley,KEEP_TRANSLATION,0,
978,DE,Die letzte Flut,Timothy Findley,KEEP_TRANSLATION,0,
979,DE,Die Tochter des Klavierspielers.,Timothy Findley,KEEP_TRANSLATION,0,
980,DE,Im Herzen der Lüge.,Timothy Findley,KEEP_TRANSLATION,0,
981,DE,Krieg und die Kröte,Timothy Findley,KEEP_TRANSLATION,0,
982,DE,Mauberleys Ende,Timothy Findley,KEEP_TRANSLATION,0,
983,DE,Horror Vacui,Tina Uebel,KEEP_CORE,0,
984,DE,Science Fiction als Social Fiction - Das gesellschaftliche Potential eines Unterhaltungsgenres (Science-Fiction-Studien),Torben Schröder,KEEP_CORE,0,
985,DE,Gesichter,Tove Ditlevsen,KEEP_TRANSLATION,0,
986,DE,Der Radikale Konstruktivismus,Ulf Dettmann,KEEP_CORE,0,
987,DE,Mensch - Natur - Gott. Naturwissenschaftliche Beiträge und theologische Erträge.,Ulrich Lüke,KEEP_CORE,0,
988,DE,Urkunde Und Experiment,Ulrich Moustakas,KEEP_CORE,0,
989,DE,Lanzelet,Ulrich von Zatzikhoven,KEEP_CORE,0,
990,DE,"Lothringen. Kunst - Reiseführer. Zwischen Vogesen und Champagne, an Maas und Mosel.",Uwe Anhäuser,KEEP_CORE,0,
991,DE,Auslieferung und Europäischer Haftbefehl,Verena Murschetz,KEEP_CORE,0,
992,DE,Elitenvertrauen und Demokratie. Zur Akzeptanz gesellschaftlicher Führungskräfte im vereinten Deutschland,Viktoria Kaina,KEEP_CORE,0,
993,DE,Dinge und Undinge,Vilém Flusser,KEEP_CORE,0,
994,DE,"Grundkurs Statistik in den Sozialwissenschaften. Eine leicht verständliche, anwendungsorientierte Einführung in das sozialwissenschaftlich notwendige statistische Wissen.",Volker Müller-Benedict,KEEP_CORE,0,
995,DE,Menschliche Körper in Bewegung. Philosophie Modelle und Konzepte der Sportwissenschaft.,Volker Schürmann,KEEP_CORE,0,
996,DE,DuMont Schnellkurs Barock.,Volker Zähme,KEEP_CORE,0,
997,DE,"Kandide, oder, Die beste Welt",Voltaire,KEEP_TRANSLATION,0,
998,DE,"Philipp Von Zesen, Samtliche Werke",Von Ferdinand Van Ingen,KEEP_CORE,0,
999,DE,Die Entwicklung des neuen Strukturalismus seit 1973,"W., Stegmüller",KEEP_CORE,0,
1000,DE,Kommunikation und Marketing für Kulturprojekte.,Walter Boris Fischer,KEEP_CORE,0,
1001,DE,Doppelgänger Geschichten. Ein literarisches Lesebuch.,Walter Rösler,KEEP_CORE,0,
1002,DE,"Komik in Den Romanen George Eliots (Bochumer Anglistische Studien Bochum Studies in English Band, 19)",Werner Schafer,KEEP_CORE,0,
1003,DE,Perspektivitat Und Sprache,Wilhelm Koller,KEEP_CORE,0,
1004,DE,Wigalois (De Gruyter Texte),Wirnt Von Grafenberg,KEEP_CORE,0,
1005,DE,Von Rodin Bis Baselitz,Wolfgang Bruckle,KEEP_CORE,0,
1006,DE,"Chronologie Der Didrachmenpragung Von Tarent 510-280 V.Chr (Antike Munzen Und Geschnittene Steine, 14)",Wolfgang Fischer-Bossert,KEEP_CORE,0,
1007,DE,Ordnungspolitisches Konzept der Regionalpolitik,Wolfgang Grimme,KEEP_CORE,0,
1008,DE,"Geschichte der Philosophie, in 12 Bdn., Bd.8, Die Philosophie der Neuzeit",Wolfgang. Röd,KEEP_CORE,0,
1009,DE,Die römische Armee. Von Augustus zu Konstantin d. Gr.,Yann le Bohec,KEEP_TRANSLATION,0,
1010,NL,Babi Jar,A. Anatoliĭ,KEEP_TRANSLATION,0,
1011,NL,De strijd voor harmonie,A. H Bornebroek,KEEP_CORE,0,
1012,NL,Gids van de archieven van de christelijke vakbeweging in Nederland,A. H Bornebroek,KEEP_CORE,0,
1013,NL,De Americaensche zee-roovers.,A. O. (Alexandre Olivier) Exquemelin,KEEP_CORE,0,
1014,NL,Politeia.,A. Vloemans,KEEP_CORE,0,
1015,NL,Van Artsenijmengkunde Naar artsenijbereidkunde. Ontwikkelingen van de Nederlandse farmacie in de negentiende eeuw.,A.I. Bierman,KEEP_CORE,0,
1016,NL,De ziel en haar voertuig,A.P Bos,KEEP_CORE,0,
1017,NL,Hoe de zoon van den pionier President werd,Aart Cornelis de Zwart,KEEP_CORE,0,
1018,NL,Rudolf de Mepse,Ab Visser,KEEP_CORE,0,
1019,NL,Manon Lescaut,Abbé Prévost,KEEP_TRANSLATION,0,
1020,NL,Antirevolutionaire staatkunde,Abraham Kuyper,KEEP_CORE,0,
1021,NL,De overheid,Abraham Kuyper,KEEP_CORE,0,
1022,NL,Variabelen en modellen,Ad Nooij,KEEP_CORE,0,
1023,NL,Brigitta,Adalbert Stifter,KEEP_TRANSLATION,0,
1024,NL,Gestolen leven,Adam Johnson,KEEP_TRANSLATION,0,
1025,NL,Het boek van Ye Ye,Adeline Yen Mah,KEEP_TRANSLATION,0,
1026,NL,De droom van de helden,Adolfo Bioy Casares,KEEP_TRANSLATION,0,
1027,NL,Geschiedkundige aanteekeningen over Haarlemsche schilders: en andere ...,Adriaan van der Willigen,KEEP_CORE,0,
1028,NL,Notities van een landstormman,Adrianus Michael de Jong,KEEP_CORE,0,
1029,NL,Invoer te lande verboden,Agnes Lewe,KEEP_CORE,0,
1030,NL,De Goddemaers,"Aken, Piet van",KEEP_CORE,0,
1031,NL,De hoogtewerkers,"Aken, Piet van",KEEP_TRANSLATION,0,
1032,NL,Onderbroek (Vieze Rik),Alan MacDonald,KEEP_TRANSLATION,0,
1033,NL,De mens in opstand,Albert Camus,KEEP_TRANSLATION,0,
1034,NL,De pest,Albert Camus,KEEP_TRANSLATION,0,
1035,NL,De val,Albert Camus,KEEP_TRANSLATION,0,
1036,NL,De Vreemdeling,Albert Camus,KEEP_TRANSLATION,0,
1037,NL,Relativiteit,Albert Einstein,KEEP_TRANSLATION,0,
1038,NL,Een geschiedenis van het lezen,Alberto Manguel,KEEP_TRANSLATION,0,
1039,NL,George,Alex Gino,KEEP_TRANSLATION,0,
1040,NL,De 'joodse' Rembrandt,Alexander-Knotter,KEEP_CORE,0,
1041,NL,Reached (Matched trilogie),Ally Condie,KEEP_TRANSLATION,0,
1042,NL,Blauwe Maan,Alyson Noël,KEEP_TRANSLATION,0,
1043,NL,Ik heet Karmozijn,Amankeldī Qūrmet | Orhan Pamuk,KEEP_TRANSLATION,0,
1044,NL,In de wouden van de nacht,Amelia Atwater-Rhodes,KEEP_TRANSLATION,0,
1045,NL,Catalogus van boeken en tijdschriften der handels-economische bibliotheek,Amsterdam. Openbare Leeszaal en Bibliotheek. Handels-Economische Bibliotheek,KEEP_CORE,0,
1046,NL,Hollandse en Vlaamse veduteschilders te Rome 1675-1725,An Zwollo,KEEP_CORE,0,
1047,NL,Het fatale zwijgen,Andreas Eschbach,KEEP_TRANSLATION,0,
1048,NL,"Artemis Fowl, het Arctische incident",Andrew Donkin | Eoin Colfer,KEEP_TRANSLATION,0,
1049,NL,Oorlogswond,Andy McNab,KEEP_TRANSLATION,0,
1050,NL,The Hate U Give,Angie Thomas | Angie Thomas,KEEP_TRANSLATION,0,
1051,NL,Bergen (Dossier aarde),Anita Ganeri,KEEP_TRANSLATION,0,
1052,NL,De Koran en de islam (Heilige teksten),Anita Ganeri,KEEP_TRANSLATION,0,
1053,NL,Ik schrijf ... verslagen,Anita Ganeri,KEEP_TRANSLATION,0,
1054,NL,Mexico,Anita Ganeri,KEEP_TRANSLATION,0,
1055,NL,Het verlangen.,Anita Shreve,KEEP_TRANSLATION,0,
1056,NL,Het ijs,Anna Kavan,KEEP_TRANSLATION,0,
1057,NL,Julia en de bazooka : en andere verhalen,Anna Kavan,KEEP_TRANSLATION,0,
1058,NL,Het wintergewelf,Anne Michaels,KEEP_TRANSLATION,0,
1059,NL,De jaren,Annie Ernaux,KEEP_TRANSLATION,0,
1060,NL,De Pallisers,Anthony Trollope,KEEP_TRANSLATION,0,
1061,NL,Nachtvlucht,Antoine de Saint-Exupéry,KEEP_TRANSLATION,0,
1062,NL,Populisme als politiek drijfzand,Anton C. Zijderveld,KEEP_CORE,0,
1063,NL,De sprookjesverteller,Antonia Michaelis,KEEP_TRANSLATION,0,
1064,NL,De cellulaire gevangenisstraf voor jeugdige misdadigers in Nederland ...,Antonie Hendrik Büchler,KEEP_CORE,0,
1065,NL,De verbeeldingswereld van Edgar Allan Poe en enkele tijdgenoten.,Arie Nicolaas Jan den Hollander,KEEP_CORE,0,
1066,NL,De god van kleine dingen,Arundhati Roy,KEEP_TRANSLATION,0,
1067,NL,In schemerland,Astrid Lindgren,KEEP_TRANSLATION,0,
1068,NL,Lotta uit de Kabaalstraat,Astrid Lindgren,KEEP_TRANSLATION,0,
1069,NL,Rasmus en de landloper,Astrid Lindgren,KEEP_TRANSLATION,0,
1070,NL,Ronja de roversdochter,Astrid Lindgren,KEEP_TRANSLATION,0,
1071,NL,Sterfelijk zijn,Atul Gawande,KEEP_TRANSLATION,0,
1072,NL,Pip en Posy in de sneeuw,Axel Scheffler,KEEP_TRANSLATION,0,
1073,NL,Beleidseconomie,Barbara Baarsma,KEEP_CORE,0,
1074,NL,De sociale cohesie voorbij,Bas van Stokkom,KEEP_CORE,0,
1075,NL,De filosofie van het Belcampisme.,Belcampo,KEEP_CORE,0,
1076,NL,Werktitel,Ben Van Melick,KEEP_CORE,0,
1077,NL,De oudste Middelnederlandse vertaling van de Regula S[ancti] Benedicti,"Benedict Saint, Abbot of Monte Cassino. | Benedict Saint, Abbot of Monte Cassino",KEEP_CORE,0,
1078,NL,"Abela, het meisje dat leeuwen zag",Berlie Doherty,KEEP_TRANSLATION,0,
1079,NL,De huurders,Bernard Malamud,KEEP_TRANSLATION,0,
1080,NL,De Elfen,Bernhard Hennen | James A. Sullivan,KEEP_TRANSLATION,0,
1081,NL,Het eerste weekend,Bernhard Schlink,KEEP_TRANSLATION,0,
1082,NL,Autobiografie.,Bertrand Russell,KEEP_TRANSLATION,0,
1083,NL,Het ABC van de relativiteit.,Bertrand Russell,KEEP_TRANSLATION,0,
1084,NL,Rikkie en jijn vriendjes,Beverly Cleary,KEEP_TRANSLATION,0,
1085,NL,Rikkie en Ripsie,Beverly Cleary,KEEP_TRANSLATION,0,
1086,NL,Gedachten in glas,Beáta Balgavá,KEEP_CORE,0,
1087,NL,Een heel kleine geschiedenis van bijna alles,Bill Bryson,KEEP_TRANSLATION,0,
1088,NL,Een huis vol,Bill Bryson,KEEP_TRANSLATION,0,
1089,NL,Voorspel en voorspelling,"Blijstra, Reinder",KEEP_CORE,0,
1090,NL,Drie modellen van het menselijk handelen,Bransen J.,KEEP_CORE,0,
1091,NL,"Dank je wel, lekker brood!",Brigitte Weninger,KEEP_TRANSLATION,0,
1092,NL,Johanna de Waanzinnige,"Brouwer, Johannes",KEEP_CORE,0,
1093,NL,Inleiding tot de taal-philosophie,C. F. P. Stutterheim,KEEP_CORE,0,
1094,NL,Nederlands cartesianisme,C. Louise Thijssen-Schoute,KEEP_CORE,0,
1095,NL,Grammaticale interpretatie van zeventiende-eeuwse teksten,C. van de Ketterij,KEEP_CORE,0,
1096,NL,Geschiedenis van de seksuele normen,C. van Emde Boas,KEEP_CORE,0,
1097,NL,Sterk en zwak,Camilla De la Bédoyère,KEEP_TRANSLATION,0,
1098,NL,Van ei tot haai,Camilla De la Bédoyère,KEEP_TRANSLATION,0,
1099,NL,CARRIES DAGBOEKEN,Candace Bushnell,KEEP_TRANSLATION,0,
1100,NL,Zomer & de City,Candace Bushnell,KEEP_TRANSLATION,0,
1101,NL,Op het kruispunt van de politiek,Carl Devos,KEEP_CORE,0,
1102,NL,Pinocchio,Carlo Collodi,KEEP_TRANSLATION,0,
1103,NL,Het hart is een havik,Carson McCullers,KEEP_TRANSLATION,0,
1104,NL,Stad van gevallen engelen,Cassandra Clare,KEEP_TRANSLATION,0,
1105,NL,Stad van glas,Cassandra Clare,KEEP_TRANSLATION,0,
1106,NL,"Ja, ja, ja",Cecily von Ziegesar,KEEP_TRANSLATION,0,
1107,NL,Antieke Oosterse tapijten uit de Collectie Van Aardenne.,"Centraal Museum (Utrecht, Netherlands)",KEEP_CORE,0,
1108,NL,De bloemen van het Kwaad,Charles Baudelaire,KEEP_TRANSLATION,0,
1109,NL,Onechte paradijzen,Charles Baudelaire,KEEP_TRANSLATION,0,
1110,NL,De Klok van Meester Humphrey,Charles Dickens,KEEP_TRANSLATION,0,
1111,NL,De Krekel achter de Haardplaat,Charles Dickens,KEEP_TRANSLATION,0,
1112,NL,Dombey en Zoon,Charles Dickens,KEEP_TRANSLATION,0,
1113,NL,Het Verlaten Huis,Charles Dickens,KEEP_TRANSLATION,0,
1114,NL,Martin Chuzzlewit,Charles Dickens,KEEP_TRANSLATION,0,
1115,NL,Mopes de kluizenaar,Charles Dickens,KEEP_TRANSLATION,0,
1116,NL,Nelly,Charles Dickens,KEEP_TRANSLATION,0,
1117,NL,Nikolaas Nickleby,Charles Dickens,KEEP_TRANSLATION,0,
1118,NL,Overdrukken,Charles Dickens,KEEP_TRANSLATION,0,
1119,NL,Schetsen uit Amerika en Tafereelen uit Italië,Charles Dickens,KEEP_TRANSLATION,0,
1120,NL,Tafereelen uit Italie,Charles Dickens,KEEP_TRANSLATION,0,
1121,NL,Onze wederzijdsche vriend,Charles Dickens | Margeret Tarner | Adam Leverton,KEEP_TRANSLATION,0,
1122,NL,Kleine Dorrit,Charles Dickens | Mary Sebag-Montefiore | Adam Leverton,KEEP_TRANSLATION,0,
1123,NL,"Een reiziger, die geen handel drijft",Charles Dickens | Pedro Tena,KEEP_TRANSLATION,0,
1124,NL,Dieren,Charlotte Guillain,KEEP_TRANSLATION,0,
1125,NL,Griekse krijgers,Charlotte Guillain,KEEP_TRANSLATION,0,
1126,NL,Water besparen,Charlotte Guillain,KEEP_TRANSLATION,0,
1127,NL,Voedsel voor kleine beestjes,Charlotte Guillain | Rebecca Rissman,KEEP_TRANSLATION,0,
1128,NL,De ontdekking van het onschuldige criminele kind,Chris Leonards,KEEP_CORE,0,
1129,NL,Het computertijdperk,Chris Oxlade,KEEP_TRANSLATION,0,
1130,NL,"Tegen Piso, voor Plancius, voor Rabirius, voor Milo",Cicero,KEEP_TRANSLATION,0,
1131,NL,Sterrekinderen.,Clara Asscher-Pinkhof,KEEP_CORE,0,
1132,NL,Clara's oorlog,Clara Kramer | Stephen Glantz,KEEP_TRANSLATION,0,
1133,NL,Badminton,Clive Gifford,KEEP_TRANSLATION,0,
1134,NL,Karate,Clive Gifford,KEEP_TRANSLATION,0,
1135,NL,De opbouw van de wetenschap,Cornelis Anthonie van Peursen,KEEP_CORE,0,
1136,NL,Historisch verhael en politique bedeckingen aengaende de bestieringe van staet-en oorloghs-saken,Cornelis de Witt,KEEP_CORE,0,
1137,NL,De nederlandsche scheeps-bouw-konst open gestelt,Cornelis van Eyk,KEEP_CORE,0,
1138,NL,De ogen van Plato,Cornelis Verhoeven,KEEP_CORE,0,
1139,NL,Kaputt,Curzio Malaparte,KEEP_TRANSLATION,0,
1140,NL,Het Verloren Symbool,Dan Brown,KEEP_TRANSLATION,0,
1141,NL,De ontdekkers,Daniel J. Boorstin,KEEP_TRANSLATION,0,
1142,NL,De scheppende mens,Daniel J. Boorstin,KEEP_TRANSLATION,0,
1143,NL,De weg van het hart,Danielle Steel,KEEP_TRANSLATION,0,
1144,NL,Erfenis,Danielle Steel,KEEP_TRANSLATION,0,
1145,NL,Familieband,Danielle Steel,KEEP_TRANSLATION,0,
1146,NL,Het einde van een zomer,Danielle Steel,KEEP_TRANSLATION,0,
1147,NL,Het warme Zuiden,Danielle Steel,KEEP_TRANSLATION,0,
1148,NL,Winnaars,Danielle Steel,KEEP_TRANSLATION,0,
1149,NL,Elke dag is er een / druk 4,Danielle Steel | Luis Murillo Fort,KEEP_TRANSLATION,0,
1150,NL,Het huis aan het strand,Daphne du Maurier,KEEP_TRANSLATION,0,
1151,NL,Mary Anne,Daphne du Maurier,KEEP_TRANSLATION,0,
1152,NL,Wat is de Wat,Dave Eggers,KEEP_TRANSLATION,0,
1153,NL,Zeitoun,Dave Eggers,KEEP_TRANSLATION,0,
1154,NL,Slangenkuil,David Almond,KEEP_TRANSLATION,0,
1155,NL,Freddie en de frietvrienden,David Baldacci,KEEP_TRANSLATION,0,
1156,NL,Verlos ons van het kwaad,David Baldacci,KEEP_TRANSLATION,0,
1157,NL,Het houtsnijwerk in Nederland tijdens de Gothiek en de Renaissance,David Bierens de Haan,KEEP_CORE,0,
1158,NL,Geopolitiek,David Criekemans,KEEP_CORE,0,
1159,NL,De verhouding tusschen de plaatselijke en de algemeene kerk in de eerste drie eeuwen,David Jacobs,KEEP_CORE,0,
1160,NL,De Indische klerk,David Leavitt,KEEP_TRANSLATION,0,
1161,NL,De jongen in de jurk,David Walliams,KEEP_TRANSLATION,0,
1162,NL,De waanzinnige tandarts,David Walliams,KEEP_TRANSLATION,0,
1163,NL,Begraaf mijn hart bij Wounded Knee,Dee Alexander Brown,KEEP_TRANSLATION,0,
1164,NL,De naakte aap,Desmond Morris,KEEP_TRANSLATION,0,
1165,NL,Burp!,Diane Swanson,KEEP_TRANSLATION,0,
1166,NL,Nijntje,Dick Bruna,KEEP_CORE,0,
1167,NL,HOMERUN,Didier Pontzeele,KEEP_CORE,0,
1168,NL,KRIJGSGEVANGEN,Didier Pontzeele,KEEP_CORE,0,
1169,NL,Het oproer te Utrecht in 1610,Dina Albertina Felix,KEEP_CORE,0,
1170,NL,De oude apotheek,Dirk Arnold Wittkop Koning,KEEP_CORE,0,
1171,NL,Koning-Stadhouder Willem III en de Zeeuwse Admiraal Cornelis Evertsen,Doeke Roos,KEEP_CORE,0,
1172,NL,"De Stijl toen, J.J.P. Oud nu",Dolf Broekhuizen,KEEP_CORE,0,
1173,NL,De shampoo planeet,Douglas Coupland,KEEP_TRANSLATION,0,
1174,NL,Generatie X,Douglas Coupland,KEEP_TRANSLATION,0,
1175,NL,JPod,Douglas Coupland,KEEP_TRANSLATION,0,
1176,NL,Leven na God,Douglas Coupland,KEEP_TRANSLATION,0,
1177,NL,Microslaven,Douglas Coupland,KEEP_TRANSLATION,0,
1178,NL,Vrienden in coma,Douglas Coupland,KEEP_TRANSLATION,0,
1179,NL,Baba Jaga legde een ei,Dubravka Ugrešić,KEEP_TRANSLATION,0,
1180,NL,Steffie Steek in de klauwen van het leven,Dubravka Ugrešić,KEEP_TRANSLATION,0,
1181,NL,"Het Oorkondewezen Van Enige Kloosters En Steden in Holland En Zeeland 1200-1325 (Schrift En Schriftdragers in De Nederlanden in De Middeleeuwen, 3.1)",E. C. Dijkhof,KEEP_CORE,0,
1182,NL,De gehuwde man,Edmund White,KEEP_TRANSLATION,0,
1183,NL,Dogmatische Rechtswetenschap,Eduard Maurits Meijers,KEEP_CORE,0,
1184,NL,"Hollands rijkdom, behelzende den oorsprong van den koophandel, en van den magt van dezen staat ... uit het Fransch vertaald, vervolgens overgezien, merkelijk veranderd, verm. en van verscheiden misslagen gezuiverd",Elias Luzac,KEEP_TRANSLATION,0,
1185,NL,De avonturen van Marco Polo,Elisabetta Dami,KEEP_TRANSLATION,0,
1186,NL,De ontdekking van de superparel,Elisabetta Dami,KEEP_TRANSLATION,0,
1187,NL,De roof van de gi-ga-diamant,Elisabetta Dami,KEEP_TRANSLATION,0,
1188,NL,De sprekende berg (Geronimo Stilton-reeks),Elisabetta Dami,KEEP_TRANSLATION,0,
1189,NL,De stenen moppentapper,Elisabetta Dami,KEEP_TRANSLATION,0,
1190,NL,De Thea Sisters op avontuur,Elisabetta Dami,KEEP_TRANSLATION,0,
1191,NL,De verborgen stad,Elisabetta Dami,KEEP_TRANSLATION,0,
1192,NL,Een berg op pootjes,Elisabetta Dami,KEEP_TRANSLATION,0,
1193,NL,Een muizenissige kerst in New York,Elisabetta Dami,KEEP_TRANSLATION,0,
1194,NL,Fantasia,Elisabetta Dami,KEEP_TRANSLATION,0,
1195,NL,Fantasia II de speurtocht naar het geluk,Elisabetta Dami,KEEP_TRANSLATION,0,
1196,NL,Geheim agent Nul Nul K,Elisabetta Dami,KEEP_TRANSLATION,0,
1197,NL,Het hollende harnas,Elisabetta Dami,KEEP_TRANSLATION,0,
1198,NL,Het monster van Lago Lago,Elisabetta Dami,KEEP_TRANSLATION,0,
1199,NL,Het supergeheime project,Elisabetta Dami,KEEP_TRANSLATION,0,
1200,NL,Red de witte walvis!,Elisabetta Dami,KEEP_TRANSLATION,0,
1201,NL,Terug naar kasteel Vrekkenstein,Elisabetta Dami,KEEP_TRANSLATION,0,
1202,NL,Wie heeft de vuursteen gestolen?,Elisabetta Dami,KEEP_TRANSLATION,0,
1203,NL,De bende van Ratstad,Elisabetta Dami | David Nel·lo,KEEP_TRANSLATION,0,
1204,NL,"Gi-ga-geitenkaas, ik heb gewonnen",Elisabetta Dami | David Nel·lo,KEEP_TRANSLATION,0,
1205,NL,De indiaan met het gouden hart,Elisabetta Dami | David Nel·lo | Manel Martí i Viudes,KEEP_TRANSLATION,0,
1206,NL,Dynamiet,Elmore Leonard,KEEP_TRANSLATION,0,
1207,NL,Tuig,Elmore Leonard,KEEP_TRANSLATION,0,
1208,NL,De onwillige moordenaar,Eoin Colfer,KEEP_TRANSLATION,0,
1209,NL,Op de juiste plaats,Eric Haas,KEEP_CORE,0,
1210,NL,"Liefhebben, een kunst, een kunde",Erich Fromm,KEEP_TRANSLATION,0,
1211,NL,De hemel kent geen gunstelingen.,Erich Maria Remarque,KEEP_TRANSLATION,0,
1212,NL,Eclips,Erin Hunter,KEEP_TRANSLATION,0,
1213,NL,Spoor van de maan,Erin Hunter,KEEP_TRANSLATION,0,
1214,NL,Tijgerklauws woede,Erin Hunter,KEEP_TRANSLATION,0,
1215,NL,Wat is een natie?,Ernest Renan,KEEP_TRANSLATION,0,
1216,NL,"Ambon: kolonisatie, dekolonisatie en neo-kolonisatie.",Ernst Utrecht,KEEP_CORE,0,
1217,NL,Gelukkig nieuwjaar,Eveline Doelman,KEEP_CORE,0,
1218,NL,Heroïne en Antiek.,Evelyn Anthony,KEEP_TRANSLATION,0,
1219,NL,De blinde man,Faye Kellerman,KEEP_TRANSLATION,0,
1220,NL,Einde of Nieuw Begin?,Feitse Boerwinkel,KEEP_CORE,0,
1221,NL,kindeken Jezus in Vlaanderen,Felix Timmermans,KEEP_CORE,0,
1222,NL,Karakter,Ferdinand Bordewijk,KEEP_CORE,0,
1223,NL,De Azteken,Fiona MacDonald,KEEP_TRANSLATION,0,
1224,NL,De philosophie der voorsokratici,Franciscus de Raedemaeker,KEEP_CORE,0,
1225,NL,Die ostafrikanische Schweiz,Franciscus Dominicus Huijzendveld,KEEP_CORE,0,
1226,NL,Vitale democratie,Frank Hendriks,KEEP_CORE,0,
1227,NL,Fort Napoleon,Frank Ryon,KEEP_CORE,0,
1228,NL,Ontspoorde wetenschap,Frank van Kolfschooten,KEEP_CORE,0,
1229,NL,Als in een donkere spiegel,Frank Vande Veire,KEEP_CORE,0,
1230,NL,Waartoe wetenschap?,Frans W. Saris,KEEP_CORE,0,
1231,NL,De Verste Ster,Frederik Pohl | Jack Williamson,KEEP_TRANSLATION,0,
1232,NL,Apocalypse,Frederik van der Meer,KEEP_CORE,0,
1233,NL,Duivels,Fyodor Dostoyevsky,KEEP_TRANSLATION,0,
1234,NL,Het eerste kohier van de tiende penning van Delft (1543) (Apparaat voor de geschiedenis van Holland),G Verhoeven,KEEP_CORE,0,
1235,NL,(Strafbare) overlast door jongerengroepen in het kader van openbaar vervoer,G. Vermeulen,KEEP_CORE,0,
1236,NL,de Meridiaan Van Moskou,G. Voerman,KEEP_CORE,0,
1237,NL,Clochemerle,Gabriel Chevallier,KEEP_TRANSLATION,0,
1238,NL,De kinderkens van Clochemerle,Gabriel Chevallier,KEEP_TRANSLATION,0,
1239,NL,Ontvoeringsbericht,Gabriel García Márquez,KEEP_TRANSLATION,0,
1240,NL,3× wicca,Gabrielle Charbonnet,KEEP_TRANSLATION,0,
1241,NL,Voor altijd de jouwe,Gabrielle Charbonnet,KEEP_TRANSLATION,0,
1242,NL,De Instituten van Gaius,Gaius,KEEP_TRANSLATION,0,
1243,NL,Memoires Van De Gallische Oorlog,Gaius Julius Caesar,KEEP_CORE,0,
1244,NL,Mannelijke vrouwen,Geertje Mak,KEEP_CORE,0,
1245,NL,Johanna Borski,Geertje Wiersma,KEEP_CORE,0,
1246,NL,Verborgen en geborgen,Geertruida de Moor,KEEP_CORE,0,
1247,NL,Kritische profielen,Geldof K.,KEEP_CORE,0,
1248,NL,1984,George Orwell,KEEP_TRANSLATION,0,
1249,NL,De domineesdochter,George Orwell,KEEP_TRANSLATION,0,
1250,NL,Dierenboerderij,George Orwell,KEEP_TRANSLATION,0,
1251,NL,Happend naar lucht,George Orwell,KEEP_TRANSLATION,0,
1252,NL,Brief aan mijn rechter,Georges Simenon,KEEP_TRANSLATION,0,
1253,NL,De dood van Auguste,Georges Simenon,KEEP_TRANSLATION,0,
1254,NL,De dood van Belle,Georges Simenon,KEEP_TRANSLATION,0,
1255,NL,De gele hond,Georges Simenon,KEEP_TRANSLATION,0,
1256,NL,De horlogemaker van Everton,Georges Simenon,KEEP_TRANSLATION,0,
1257,NL,De klasgenoot van Maigret,Georges Simenon,KEEP_TRANSLATION,0,
1258,NL,De rijkaard,Georges Simenon,KEEP_TRANSLATION,0,
1259,NL,De vergissing van Maigret,Georges Simenon,KEEP_TRANSLATION,0,
1260,NL,De verloofdes van meneer Hire,Georges Simenon,KEEP_TRANSLATION,0,
1261,NL,De zaak-Saint-Fiacre,Georges Simenon,KEEP_TRANSLATION,0,
1262,NL,Het bloedspoor in de sneeuw,Georges Simenon,KEEP_TRANSLATION,0,
1263,NL,Het huis aan het kanaal,Georges Simenon,KEEP_TRANSLATION,0,
1264,NL,Maigret en de minister,Georges Simenon,KEEP_TRANSLATION,0,
1265,NL,Maigret en het spook,Georges Simenon,KEEP_TRANSLATION,0,
1266,NL,Maigret in Holland,Georges Simenon,KEEP_TRANSLATION,0,
1267,NL,Pietr-le-Letton,Georges Simenon,KEEP_TRANSLATION,0,
1268,NL,Schele Marie,Georges Simenon,KEEP_TRANSLATION,0,
1269,NL,Tante Jeanne.,Georges Simenon,KEEP_TRANSLATION,0,
1270,NL,Allemaal leugens,Geraldine McCaughrean,KEEP_TRANSLATION,0,
1271,NL,De mirakel spelers,Geraldine McCaughrean,KEEP_TRANSLATION,0,
1272,NL,Liefdesverhalen uit alle windstreken,Geraldine McCaughrean,KEEP_TRANSLATION,0,
1273,NL,Phelim en het steengebroed,Geraldine McCaughrean,KEEP_TRANSLATION,0,
1274,NL,"Napoleon, voor en tegen in de Franse geschiedschrijving","Geyl, P.",KEEP_CORE,0,
1275,NL,Een publieke zaak,Gijsbert van den Brink,KEEP_CORE,0,
1276,NL,Overleven,Gordon Korman,KEEP_TRANSLATION,0,
1277,NL,Schipbreuk,Gordon Korman,KEEP_TRANSLATION,0,
1278,NL,Peyton Place,Grace Metalious,KEEP_TRANSLATION,0,
1279,NL,De derde man =,Graham Greene,KEEP_TRANSLATION,0,
1280,NL,De kern van de zaak = The heart of the matter,Graham Greene,KEEP_TRANSLATION,0,
1281,NL,De privé factor,Graham Greene,KEEP_TRANSLATION,0,
1282,NL,De stille Amerikaan = The quiet American,Graham Greene,KEEP_TRANSLATION,0,
1283,NL,Een soort leven = A sort of life,Graham Greene,KEEP_TRANSLATION,0,
1284,NL,Genezen verklaard,Graham Greene,KEEP_TRANSLATION,0,
1285,NL,Kind van Albion,Graham Greene,KEEP_TRANSLATION,0,
1286,NL,Monseigneur Quichot,Graham Greene,KEEP_TRANSLATION,0,
1287,NL,Onze man in Havana,Graham Greene,KEEP_TRANSLATION,0,
1288,NL,Stamboel expres,Graham Greene,KEEP_TRANSLATION,0,
1289,NL,Vluchtwegen =,Graham Greene,KEEP_TRANSLATION,0,
1290,NL,"Dr. Fischer van Genève, of Het knalfeest = Doctor Fischer of Geneva",Graham Greene | Josep Alemany Castells,KEEP_TRANSLATION,0,
1291,NL,Koud zweet,Graham McNamee,KEEP_TRANSLATION,0,
1292,NL,Eon,Greg Bear,KEEP_TRANSLATION,0,
1293,NL,Kolkende kloof,Gregory Benford,KEEP_TRANSLATION,0,
1294,NL,Max op de fiets,Guido van Genechten,KEEP_CORE,0,
1295,NL,Guinness World Records 2009,Guinness World Records,KEEP_TRANSLATION,0,
1296,NL,Sylvie,Gérard de Nerval,KEEP_TRANSLATION,0,
1297,NL,"Walvisvaart, wijnhandel & schilderkunst: De Rotterdamse reders Beyerman = Whale hunting, wine trading & painting : de Rotterdam ship-owners Beyerman = ...",H. C Beyerman,KEEP_CORE,0,
1298,NL,Memorabele Mystiek,H. Ceulemans,KEEP_CORE,0,
1299,NL,Grenzen van het theoretisch denken,H. Dooyeweerd,KEEP_CORE,0,
1300,NL,"Lering En Stichting Op Klein Formaat: Middelnederlandse Rijmteksten in Eenkolomsboekjes Van Perkament. Deel I Onderzoek, Deel Ii",H. Kienhorst,KEEP_CORE,0,
1301,NL,Totalitarisme,Hannah Arendt,KEEP_TRANSLATION,0,
1302,NL,Over macht en overwicht,Hanno Brand,KEEP_CORE,0,
1303,NL,Toverij en samenleving,Hans de Waardt,KEEP_CORE,0,
1304,NL,Johann Sebastian's pelgrimstocht,Hans Franck,KEEP_TRANSLATION,0,
1305,NL,Dromen van Holland,Hans Kraan,KEEP_CORE,0,
1306,NL,De onschuldigen,Harlan Coben,KEEP_TRANSLATION,0,
1307,NL,Gevonden,Harlan Coben,KEEP_TRANSLATION,0,
1308,NL,Vermist,Harlan Coben,KEEP_TRANSLATION,0,
1309,NL,Zes jaar,Harlan Coben,KEEP_TRANSLATION,0,
1310,NL,Wijkverpleging in historisch perspectief,Harmke W. Stolk-Van Delen,KEEP_CORE,0,
1311,NL,De piraat.,Harold Robbins,KEEP_TRANSLATION,0,
1312,NL,De hut van oom Tom,Harriet Beecher Stowe,KEEP_TRANSLATION,0,
1313,NL,De slavernij.,Harriet Stowe | Harriet Beecher Stowe,KEEP_TRANSLATION,0,
1314,NL,Teken de dood,Heather Graham,KEEP_TRANSLATION,0,
1315,NL,Heren van de thee,Hella S. Haasse,KEEP_CORE,0,
1316,NL,Mevrouw Bentinck of Onverenigbaarheid van karakter,Hella S. Haasse,KEEP_CORE,0,
1317,NL,Sleuteloog,Hella S. Haasse,KEEP_CORE,0,
1318,NL,Over muziek,Hendrik Andriessen,KEEP_CORE,0,
1319,NL,Gids voor de Nederlandse kunst,Hendrik Enno van Gelder,KEEP_CORE,0,
1320,NL,De gulden,Henk Povee,KEEP_CORE,0,
1321,NL,De Chinees,Henning Mankell,KEEP_TRANSLATION,0,
1322,NL,De hond die naar de sterren rende,Henning Mankell,KEEP_TRANSLATION,0,
1323,NL,Het oog van de luipaard,Henning Mankell,KEEP_TRANSLATION,0,
1324,NL,Lukas en de kat die van regen hield,Henning Mankell,KEEP_TRANSLATION,0,
1325,NL,Reis naar het einde van de wereld,Henning Mankell,KEEP_TRANSLATION,0,
1326,NL,"Moby Dick, of De witte walvisch",Herman Melville,KEEP_TRANSLATION,0,
1327,NL,Mummelman,Hermann Löns,KEEP_TRANSLATION,0,
1328,NL,Reizigster op één been,Herta Müller,KEEP_TRANSLATION,0,
1329,NL,Eenheid in de tegendelen,Heymericus de Campo,KEEP_CORE,0,
1330,NL,De gevallen koning,Holly Black,KEEP_TRANSLATION,0,
1331,NL,De wrede prins,Holly Black,KEEP_TRANSLATION,0,
1332,NL,Ooggetuige,Howard Roughan | James Patterson,KEEP_TRANSLATION,0,
1333,NL,De man die van nergens kwam,Hubert Lampo,KEEP_CORE,0,
1334,NL,De zwanen van Stonehenge.,Hubert Lampo,KEEP_CORE,0,
1335,NL,Denken over oorlog en vrede,Hugo Grotius,KEEP_CORE,0,
1336,NL,Boeren in de toekomst,Ian Graham,KEEP_TRANSLATION,0,
1337,NL,Computers en communicatie,Ian Graham,KEEP_TRANSLATION,0,
1338,NL,Mijn eerste boek over raceauto's en andere snelheidsmonsters,Ian Graham,KEEP_TRANSLATION,0,
1339,NL,'Cijfers en Aequaties' en 'Kennis der Staatskrachten',Ida H. Stamhuis,KEEP_CORE,0,
1340,NL,Kwalitatief onderzoek,Ilja Maso,KEEP_CORE,0,
1341,NL,Broeders Penitenten,Ineke Merks-van Brunschot,KEEP_CORE,0,
1342,NL,Het persoonlijke wordt politiek,Irene Costera Meijer,KEEP_CORE,0,
1343,NL,De Sacrale En Profane Liefdes Machine,Iris Murdoch,KEEP_TRANSLATION,0,
1344,NL,Een Afgehouwen Hoofd,Iris Murdoch,KEEP_TRANSLATION,0,
1345,NL,Een Wilde Roos,Iris Murdoch,KEEP_TRANSLATION,0,
1346,NL,Het Italiaanse Meisje,Iris Murdoch,KEEP_TRANSLATION,0,
1347,NL,Hitte van het bloed,Irène Némirovsky,KEEP_TRANSLATION,0,
1348,NL,Shosha,Isaac Bashevis Singer,KEEP_TRANSLATION,0,
1349,NL,Handboek tot de staatkundige geschiedenis van Nederland,Izaak Hendrik Gosses,KEEP_CORE,0,
1350,NL,Dodelijke bijen,J. A. Jance,KEEP_TRANSLATION,0,
1351,NL,Hersenschimmen,J. Bernlef,KEEP_CORE,0,
1352,NL,Tussen Descartes en Darwin.,J. Bots,KEEP_CORE,0,
1353,NL,De redelijke natuur,J. J. Oversteegen | Multatuli,KEEP_CORE,0,
1354,NL,Bij nader inzien,J. J. Voskuil,KEEP_CORE,0,
1355,NL,"Vijfenzestig jaar bouwen aan wonen, werken en winkelen",J. M Kersloot,KEEP_CORE,0,
1356,NL,Stad Van Koopmanschap En Vrede,J. Oosterman,KEEP_CORE,0,
1357,NL,Passie Voor Het Lijden,J. Van Aelst,KEEP_CORE,0,
1358,NL,De kwestie Europa,J. W. de Beus,KEEP_CORE,0,
1359,NL,Worden,J.-P Guépin,KEEP_CORE,0,
1360,NL,"Drinken, drank en dronkenschap",Jaap van der Stel,KEEP_CORE,0,
1361,NL,Elisabeth Musch,Jacob van Lennep,KEEP_CORE,0,
1362,NL,"De koophandel van Amsterdam, en andere Nederlandsche steden, naar alle gewesten der waereld.",Jacques Le Moine de l'Espine,KEEP_CORE,0,
1363,NL,De Heksen van Karres,James H. Schmitz,KEEP_TRANSLATION,0,
1364,NL,Visie op de toekomst van het wetenschappelijk onderzoek,James P. Kahan,KEEP_CORE,0,
1365,NL,Cross fire,James Patterson,KEEP_TRANSLATION,0,
1366,NL,Kat en muis.,James Patterson,KEEP_TRANSLATION,0,
1367,NL,Het vuur,James Patterson | Jill Dembowski,KEEP_TRANSLATION,0,
1368,NL,Achtste bekentenis,James Patterson | Maxine Paetro,KEEP_TRANSLATION,0,
1369,NL,Bekentenis van een moordverdachte,James Patterson | Maxine Paetro,KEEP_TRANSLATION,0,
1370,NL,Bikini,James Patterson | Maxine Paetro,KEEP_TRANSLATION,0,
1371,NL,De vierde seconde / druk 1,James Patterson | Maxine Paetro,KEEP_TRANSLATION,0,
1372,NL,Private,James Patterson | Maxine Paetro,KEEP_TRANSLATION,0,
1373,NL,"Koelies, planters en koloniale politiek",Jan Breman,KEEP_CORE,0,
1374,NL,De inspecteur,Jan De Hartog,KEEP_CORE,0,
1375,NL,De kapitein,Jan De Hartog,KEEP_CORE,0,
1376,NL,De kleine ark,Jan De Hartog,KEEP_CORE,0,
1377,NL,Spraakmakende Blazers-Discografieen,Jan de Kruijff,KEEP_CORE,0,
1378,NL,Spraakmakende Dirigenten.Discografieën,Jan de Kruijff,KEEP_CORE,0,
1379,NL,Spraakmakende Pianisten,Jan de Kruijff,KEEP_CORE,0,
1380,NL,Spraakmakende Pianisten. Discografieen,Jan de Kruijff,KEEP_CORE,0,
1381,NL,Spraakmakende Strijkers,Jan de Kruijff,KEEP_CORE,0,
1382,NL,Spraakmakende Strijkers - Discografieen,Jan de Kruijff,KEEP_CORE,0,
1383,NL,Spraakmakende Zangers,Jan de Kruijff,KEEP_CORE,0,
1384,NL,Spraakmakende Zangers - Discografieen,Jan de Kruijff,KEEP_CORE,0,
1385,NL,Opstellen Voor Dr. Jan DesChamps Ter Gelegenheid Van Zijn Zeventigste Verjaardag,Jan DesChamps,KEEP_CORE,0,
1386,NL,"Godturugtige almanach of lof-gedachtenis der heyligen, op ijder dag van 't Jaar",Jan Goeree,KEEP_CORE,0,
1387,NL,Omslag in beeld,Jan Jaap Heij,KEEP_CORE,0,
1388,NL,Het verboden rijk,Jan Jacob Slauerhoff,KEEP_CORE,0,
1389,NL,Drostambt en schoutambt,Jan Kuys,KEEP_CORE,0,
1390,NL,Handleiding bij de beoefening der gewijde geschiedenis,Jan van Andel,KEEP_CORE,0,
1391,NL,De Haagse jurist Jean Theodore Royer (1737-1807) en zijn verzameling Chinese voorwerpen,Jan van Campen,KEEP_CORE,0,
1392,NL,Royers Chinese kabinet,Jan van Campen,KEEP_CORE,0,
1393,NL,Als het ijs is gesmolten.,Janet Dailey,KEEP_TRANSLATION,0,
1394,NL,Eens zal het morgen zijn.,Janet Dailey,KEEP_TRANSLATION,0,
1395,NL,De gelaarsde kater,Janwillem van de Wetering,KEEP_CORE,0,
1396,NL,De fluistering van de maan,Jayne Ann Krentz,KEEP_TRANSLATION,0,
1397,NL,De piraat,Jayne Ann Krentz,KEEP_TRANSLATION,0,
1398,NL,Dromen van verlangen,Jayne Ann Krentz,KEEP_TRANSLATION,0,
1399,NL,Een eeuwig bruidsboeket,Jayne Ann Krentz,KEEP_TRANSLATION,0,
1400,NL,De stenen goden,Jeanette Winterson,KEEP_TRANSLATION,0,
1401,NL,De Penderwicks aan zee,Jeanne Birdsall,KEEP_CORE,0,
1402,NL,Drie keer niks,Jeff Kinney,KEEP_TRANSLATION,0,
1403,NL,Flutvakantie,Jeff Kinney,KEEP_TRANSLATION,0,
1404,NL,Niet te doen! (Het leven van een Loser) (Dutch Edition),Jeff Kinney,KEEP_TRANSLATION,0,
1405,NL,Bezoek van de knokploeg,Jennifer Egan,KEEP_TRANSLATION,0,
1406,NL,Het toverboek,Jim Pipe,KEEP_TRANSLATION,0,
1407,NL,Darwins moordbekentenis,Johan Braeckman,KEEP_CORE,0,
1408,NL,De schreeuw van de witte kakatoe,Johan Fabricius,KEEP_CORE,0,
1409,NL,Flipje,Johan Fabricius,KEEP_CORE,0,
1410,NL,Nacht over Java,Johan Fabricius,KEEP_CORE,0,
1411,NL,Het regime van de tijd,Johan Goudsbloem,KEEP_CORE,0,
1412,NL,Homo ludens,Johan Huizinga,KEEP_CORE,0,
1413,NL,Verspreide opstellen over de geschiedenis van Nederland,Johan Huizinga,KEEP_CORE,0,
1414,NL,vidsaka in het Indisch tooneel.,Johan Huizinga,KEEP_CORE,0,
1415,NL,"Merkwaardige bijzonderheden inhoudende de nieuwste ontdekkingen in de natuurkinde, natuurlijke historie, land- en volkenkunde op alle gedeelten van den aardbol",Johann Gottfried Sommer,KEEP_TRANSLATION,0,
1416,NL,Genade in overvloed,John Bunyan,KEEP_TRANSLATION,0,
1417,NL,De ebbehouten toren,John Fowles,KEEP_TRANSLATION,0,
1418,NL,De wapentuin,John Gardner,KEEP_TRANSLATION,0,
1419,NL,Een weeffout in onze sterren,John Green,KEEP_TRANSLATION,0,
1420,NL,Paper towns,John Green,KEEP_TRANSLATION,0,
1421,NL,De wettelozen,John Grisham,KEEP_TRANSLATION,0,
1422,NL,Het Protest,John Grisham,KEEP_TRANSLATION,0,
1423,NL,Apologia pro vita sua,John Henry Newman,KEEP_TRANSLATION,0,
1424,NL,De gouden reis,John Rowe Townsend,KEEP_TRANSLATION,0,
1425,NL,De Behekste Man of de Gesloten Koop,John Tenniel | Charles Dickens | Frank Stone,KEEP_TRANSLATION,0,
1426,NL,Reize door de binnenlanden van Noord-Amerika,Jonathan Carver,KEEP_TRANSLATION,0,
1427,NL,De broek van Big,Jonathan Emmett,KEEP_TRANSLATION,0,
1428,NL,Nood greep.,Jonathan Kellerman,KEEP_TRANSLATION,0,
1429,NL,Misdadigers,Jonathan Kellerman | Jonathan Kellerman | Faye Kellerman,KEEP_TRANSLATION,0,
1430,NL,De Aleph,Jorge Luis Borges,KEEP_TRANSLATION,0,
1431,NL,Het Verslag van Brodie,Jorge Luis Borges,KEEP_TRANSLATION,0,
1432,NL,De bassaxofoon,Josef Škvorecký,KEEP_TRANSLATION,0,
1433,NL,Ingenieur van de menselijke ziel,Josef Škvorecký,KEEP_TRANSLATION,0,
1434,NL,Een incident,Joseph Heller,KEEP_TRANSLATION,0,
1435,NL,De Etruskische glimlach,José Luis Sampedro,KEEP_TRANSLATION,0,
1436,NL,De Kunstkamera van Peter de Grote,Jozien J. Driessen-van het Reve,KEEP_CORE,0,
1437,NL,De laatste middagen met Teresa,Juan Marsé,KEEP_TRANSLATION,0,
1438,NL,Reizen en lotgevallen van kapitein Hatteras,Jules Verne,KEEP_TRANSLATION,0,
1439,NL,"Engeland, Engeland",Julian Barnes,KEEP_TRANSLATION,0,
1440,NL,Rayuela,Julio Cortázar,KEEP_TRANSLATION,0,
1441,NL,De oversteek,Justin Cronin,KEEP_TRANSLATION,0,
1442,NL,Dit Mateloze Verlangen,K. Meyers,KEEP_CORE,0,
1443,NL,Holland Dada,K. Schippers,KEEP_CORE,0,
1444,NL,Reis door Noord Amerika,"Kalm, Pehr",KEEP_TRANSLATION,0,
1445,NL,Verbrande schaduwen,Kamila Shamsie,KEEP_TRANSLATION,0,
1446,NL,Oostende verteld,Karel Jonckheere,KEEP_CORE,0,
1447,NL,Diep geraakt (Het witte doek) (Dutch Edition),Karen Kingsbury,KEEP_TRANSLATION,0,
1448,NL,Tweede kans,Karen Kingsbury,KEEP_TRANSLATION,0,
1449,NL,Joos van Craesbeeck (1605/06-ca.1660),Karolien de Clippel,KEEP_CORE,0,
1450,NL,Archeologie in het Heilige Land,Kathleen M. Kenyon,KEEP_TRANSLATION,0,
1451,NL,Het verloren geheugen,Keith Laumer,KEEP_TRANSLATION,0,
1452,NL,De elite,Kiera Cass,KEEP_TRANSLATION,0,
1453,NL,De Prins & De Lijfwacht,Kiera Cass,KEEP_TRANSLATION,0,
1454,NL,De selectie,Kiera Cass,KEEP_TRANSLATION,0,
1455,NL,Verdeelde macht,Klaartje Peters,KEEP_CORE,0,
1456,NL,Wijsbegeerte en godsdienst in het drama van Euripides: bijdrage tot de kennis van het ...,Koenraad Kuiper,KEEP_CORE,0,
1457,NL,"AEKI, experimenteel ontwerp en functionele kunst =",KOP Kunstenaars Ontmoetingsplaats,KEEP_CORE,0,
1458,NL,Ziften En Zemelknoopen,Korrie Korevaart,KEEP_CORE,0,
1459,NL,Over de grondslagen der wiskunde.,L. E. J. Brouwer,KEEP_CORE,0,
1460,NL,De tovenaar van Oz,L. Frank Baum,KEEP_TRANSLATION,0,
1461,NL,Het is een boek,L. Smith | Lane Smith,KEEP_TRANSLATION,0,
1462,NL,Avondster,Larry McMurtry,KEEP_TRANSLATION,0,
1463,NL,De Zamperini Legende,Laura Hillenbrand,KEEP_TRANSLATION,0,
1464,NL,De stad op de prairie,Laura Ingalls Wilder,KEEP_TRANSLATION,0,
1465,NL,Nacht Van de Witte Maan,Laurie R. King,KEEP_TRANSLATION,0,
1466,NL,61 uur,Lee Child,KEEP_TRANSLATION,0,
1467,NL,Kraai & Koninkrijk,Leigh Bardugo,KEEP_TRANSLATION,0,
1468,NL,De avonturen van Alice in Wonderland,Lewis Carroll,KEEP_TRANSLATION,0,
1469,NL,Verhael van de Nederlandsche vreede handeling...: Op nieuws gecorrigeert en ...,Lieuwe van Aitzema,KEEP_CORE,0,
1470,NL,"Verhael, van de Nederlantsche vreedehandeling.",Lieuwe van Aitzema,KEEP_CORE,0,
1471,NL,Kijk niet weg,Linwood Barclay,KEEP_TRANSLATION,0,
1472,NL,De Oppenheims,Lion Feuchtwanger,KEEP_TRANSLATION,0,
1473,NL,De Zonen,Lion Feuchtwanger,KEEP_TRANSLATION,0,
1474,NL,"Maanlied (The Vampire Diaries: The Hunters, #2)",Lisa Jane Smith,KEEP_TRANSLATION,0,
1475,NL,Schaduwzielen,Lisa Jane Smith,KEEP_TRANSLATION,0,
1476,NL,Extaze,Louis Couperus,KEEP_CORE,0,
1477,NL,Metamorfoze,Louis Couperus,KEEP_CORE,0,
1478,NL,Psyche,Louis Couperus,KEEP_CORE,0,
1479,NL,Volledige werken Louis Couperus,Louis Couperus,KEEP_CORE,0,
1480,NL,Reis naar het Einde van de Nacht,Louis-Ferdinand Céline,KEEP_TRANSLATION,0,
1481,NL,"Lud. Smids M.D. Oorlogend Europa, of, Een korte chronyk van het voorgevallene in staat en oorlog",Ludolph Smids,KEEP_CORE,0,
1482,NL,Actieve solidariteit,M. J. Trappenburg,KEEP_CORE,0,
1483,NL,Het mysterie van de verdwenen bordelen,M. P Bossenbroek,KEEP_CORE,0,
1484,NL,De bril van God,Maarten 't Hart,KEEP_CORE,0,
1485,NL,De som van misverstanden,Maarten 't Hart,KEEP_CORE,0,
1486,NL,Het uur tussen hond en wolf,Maarten 't Hart,KEEP_CORE,0,
1487,NL,Lotte Weeda,Maarten 't Hart,KEEP_CORE,0,
1488,NL,De ravenjongens (De ravenserie Book 1) (Dutch Edit,Maggie Stiefvater,KEEP_TRANSLATION,0,
1489,NL,De ravenkoning,Maggie Stiefvater,KEEP_TRANSLATION,0,
1490,NL,Huiver,Maggie Stiefvater,KEEP_TRANSLATION,0,
1491,NL,"Piet Zwiers, 1907-1965",Marc Couwenbergh,KEEP_CORE,0,
1492,NL,Resonanties,Marcel Cobussen,KEEP_CORE,0,
1493,NL,Tussen patient en delinquent,Marcel de Kort,KEEP_CORE,0,
1494,NL,Persoonlijke notities,Marcus Aurelius,KEEP_TRANSLATION,0,
1495,NL,De stenen engel,Margaret Laurence,KEEP_TRANSLATION,0,
1496,NL,De vuurbewoners,Margaret Laurence,KEEP_TRANSLATION,0,
1497,NL,"Rachel, Rachel",Margaret Laurence,KEEP_TRANSLATION,0,
1498,NL,Operatie terreur,Margaret Mahy,KEEP_TRANSLATION,0,
1499,NL,De muren hebben oren,Margaret Millar,KEEP_TRANSLATION,0,
1500,NL,Muren hebben ogen,Margaret Millar,KEEP_TRANSLATION,0,
1501,NL,De erfenis van het doodszwaard,Margaret Weis | Tracy Hickman,KEEP_TRANSLATION,0,
1502,NL,"Alexis, of De verhandeling over de vergeefse strijd",Marguerite Yourcenar,KEEP_TRANSLATION,0,
1503,NL,Als stromend water,Marguerite Yourcenar,KEEP_TRANSLATION,0,
1504,NL,"De tijd, de grote beeldhouwer",Marguerite Yourcenar,KEEP_TRANSLATION,0,
1505,NL,Dierbare nagedachtenis,Marguerite Yourcenar,KEEP_TRANSLATION,0,
1506,NL,Het hermetisch zwart,Marguerite Yourcenar,KEEP_TRANSLATION,0,
1507,NL,Weduwen en wezen in het laat-middeleeuwse gent,Marianne Danneel,KEEP_CORE,0,
1508,NL,Ik ben Rosemarie,Marietta D. Moskin,KEEP_TRANSLATION,0,
1509,NL,Het berenhuis,Marilyn Sachs,KEEP_TRANSLATION,0,
1510,NL,"Wie had gelijk, Mary Rose?",Marilyn Sachs,KEEP_TRANSLATION,0,
1511,NL,Verzameling van disposities der verschillende orgels in Nederland,Marinus Hendrik van 't Kruys,KEEP_TRANSLATION,0,
1512,NL,Een verschrikkelijk verlangen naar verboden ogen,Marion de Zanger,KEEP_CORE,0,
1513,NL,Mzzl meiden,Marion van de Coolwijk,KEEP_CORE,0,
1514,NL,Wereldwonderen,Mark Bergin,KEEP_TRANSLATION,0,
1515,NL,Collector,Markus Heitz,KEEP_TRANSLATION,0,
1516,NL,De dwergen,Markus Heitz,KEEP_TRANSLATION,0,
1517,NL,Grootmeesters van de sociologie,Mart-Jan de Jong,KEEP_CORE,0,
1518,NL,De zwangere weduwe,Martin Amis,KEEP_TRANSLATION,0,
1519,NL,De mystiek van ik en jij,Martin Buber,KEEP_TRANSLATION,0,
1520,NL,De gouden mijl,Martin Cruz Smith,KEEP_TRANSLATION,0,
1521,NL,Maanlicht staat je goed,Mary Higgins Clark,KEEP_TRANSLATION,0,
1522,NL,Stad van schepen,Mary Hoffman,KEEP_TRANSLATION,0,
1523,NL,De enige en zijn eigendom,Max Stirner,KEEP_TRANSLATION,0,
1524,NL,Een taart voor kleine Beer,Max Velthuijs,KEEP_CORE,0,
1525,NL,Kikker gaat logeren,Max Velthuijs,KEEP_CORE,0,
1526,NL,Kikker is kikker,Max Velthuijs,KEEP_CORE,0,
1527,NL,Fleur Humeur wordt dokter,Megan McDonald,KEEP_TRANSLATION,0,
1528,NL,Heren van de weg,Michael Chabon,KEEP_TRANSLATION,0,
1529,NL,Zomerland,Michael Chabon,KEEP_TRANSLATION,0,
1530,NL,Gone Plaag,Michael Grant,KEEP_TRANSLATION,0,
1531,NL,Verlaten,Michael Grant | Michael Grant,KEEP_TRANSLATION,0,
1532,NL,De strijd van Jenkins' oor,Michael Morpurgo,KEEP_TRANSLATION,0,
1533,NL,Tussen de getijden,Michael Wallner,KEEP_TRANSLATION,0,
1534,NL,Mijn verhaal journal,Michelle Obama,KEEP_TRANSLATION,0,
1535,NL,Vijf uren met mario,Miguel Delibes,KEEP_TRANSLATION,0,
1536,NL,Brieven van Multatuli,Multatuli,KEEP_CORE,0,
1537,NL,De geschiedenis van Woutertje Pieterse,Multatuli,KEEP_CORE,0,
1538,NL,Duizend-en-eenige hoofdstukken over specialiteiten,Multatuli,KEEP_CORE,0,
1539,NL,Gedichten,Multatuli,KEEP_CORE,0,
1540,NL,Het Woutertje van Multatuli,Multatuli,KEEP_CORE,0,
1541,NL,Ideën,Multatuli,KEEP_CORE,0,
1542,NL,Millioenen-studiën,Multatuli,KEEP_CORE,0,
1543,NL,Multatuli en de kritiek,Multatuli,KEEP_CORE,0,
1544,NL,Nog-eens: Vrye-Arbeid in Nederlandsche-Indië,Multatuli,KEEP_CORE,0,
1545,NL,Briefwisseling tusschen Multatuli en S.E.W. Roorda van Eysinga,Multatuli | Sicco Ernst Willem Roorda van Eysinga,KEEP_CORE,0,
1546,NL,Wereldbeeld en teologie,N. M. Wildiers,KEEP_CORE,0,
1547,NL,Dit zijn mijn woorden,Nancy E. Turner | Valerie Leonard,KEEP_TRANSLATION,0,
1548,NL,De mysterieuze zolder,Neal Shusterman | Eric Elfman,KEEP_TRANSLATION,0,
1549,NL,Grote historische atlas van Nederland: 1:50.000,Netherlands.,KEEP_CORE,0,
1550,NL,De heerser,Niccolò Machiavelli,KEEP_TRANSLATION,0,
1551,NL,Wegen en dwarswegen,Nico K. van den Akker,KEEP_CORE,0,
1552,NL,Ikke niet!,Nicola Killen,KEEP_TRANSLATION,0,
1553,NL,Geographische en historische beschrijuing der Kusten van Noord-America,Nicolas Denys,KEEP_TRANSLATION,0,
1554,NL,Het hervormingsmoeras van de verzorgingsstaat,Nicolette van Gestel,KEEP_CORE,0,
1555,NL,Beteekenis en oorsprong van het Russische communisme,Nikolaĭ Berdi͡aev,KEEP_TRANSLATION,0,
1556,NL,De zoektocht,Nora Roberts,KEEP_TRANSLATION,0,
1557,NL,Droomwereld,Nora Roberts,KEEP_TRANSLATION,0,
1558,NL,Een kans voor de liefde,Nora Roberts,KEEP_TRANSLATION,0,
1559,NL,Een nieuw begin,Nora Roberts,KEEP_TRANSLATION,0,
1560,NL,Het heetst van de dag,Nora Roberts,KEEP_TRANSLATION,0,
1561,NL,Verhalen van de nacht,Nora Roberts,KEEP_TRANSLATION,0,
1562,NL,Zijden prooi,Nora Roberts,KEEP_TRANSLATION,0,
1563,NL,Geboorterecht,Nora Roberts | Michel Ganstel,KEEP_TRANSLATION,0,
1564,NL,Dat moet je gelezen hebben,"Onder redactie van Helma van Lierop-Debrauwer, Piet Mooren en Harry Bekkering",KEEP_CORE,0,
1565,NL,De witte vesting,Orhan Pamuk,KEEP_TRANSLATION,0,
1566,NL,Het huis van de stilte,Orhan Pamuk,KEEP_TRANSLATION,0,
1567,NL,De ontvoerde zeug,P. G. Wodehouse,KEEP_TRANSLATION,0,
1568,NL,"Geschiedenis van het tijdperk van vijfentwintigjarigen vrede, 1849-1874",P. J. Andriessen,KEEP_CORE,0,
1569,NL,Nietzsche en de kromme lijn,P. Veldhuizen,KEEP_CORE,0,
1570,NL,De brandhaard,Patricia Cornwell,KEEP_TRANSLATION,0,
1571,NL,Fataal Weekend,Patricia Cornwell,KEEP_TRANSLATION,0,
1572,NL,Het eindstation,Patricia Cornwell,KEEP_TRANSLATION,0,
1573,NL,Het front,Patricia Cornwell,KEEP_TRANSLATION,0,
1574,NL,Het Kains teken.,Patricia Cornwell,KEEP_TRANSLATION,0,
1575,NL,Het risico,Patricia Cornwell,KEEP_TRANSLATION,0,
1576,NL,Onnatuurlijke dood,Patricia Cornwell,KEEP_TRANSLATION,0,
1577,NL,Rigor mortis,Patricia Cornwell,KEEP_TRANSLATION,0,
1578,NL,Roofdier,Patricia Cornwell,KEEP_TRANSLATION,0,
1579,NL,Scarpetta,Patricia Cornwell,KEEP_TRANSLATION,0,
1580,NL,Het noodlot is een vrouw.,Patrick Quentin,KEEP_TRANSLATION,0,
1581,NL,"Darwin, dier en recht",Paul Cliteur,KEEP_CORE,0,
1582,NL,De jonge opstandeling,Pearl S. Buck,KEEP_TRANSLATION,0,
1583,NL,Tijdloos,Penelope J. Stokes,KEEP_TRANSLATION,0,
1584,NL,Het rollenspel,Peter Abrahams,KEEP_TRANSLATION,0,
1585,NL,Ondankbare hond,Peter Abrahams,KEEP_TRANSLATION,0,
1586,NL,Meneer tijger wordt wild,Peter Brown,KEEP_TRANSLATION,0,
1587,NL,Antropologie als wetenschap,Peter Kloos,KEEP_CORE,0,
1588,NL,Filosofie van de antropologie,Peter Kloos,KEEP_CORE,0,
1589,NL,Wolfsberg,Peter Lars Sandberg,KEEP_CORE,0,
1590,NL,Zeeslagen en zeehelden in de Gouden Eeuw,Peter Sigmond,KEEP_CORE,0,
1591,NL,"Kuisheid voor mannen, vrijheid voor vrouwen",Petra de Vries,KEEP_CORE,0,
1592,NL,"Akbar, een Oosterse roman",Petrus Abraham Samuel van Limburg Brouwer,KEEP_CORE,0,
1593,NL,Verslag aangaande een voorloopig onderzoek in Engeland naar archivalia,Petrus Johannes Blok,KEEP_CORE,0,
1594,NL,De probleemstelling voor een onderzoek.,Petrus Johannus Maria Verschuren,KEEP_CORE,0,
1595,NL,Griekenland (Met het oog op),Philip Steele,KEEP_TRANSLATION,0,
1596,NL,Het Midden-Oosten,Philip Steele,KEEP_TRANSLATION,0,
1597,NL,Ridders & kastelen,Philip Steele,KEEP_TRANSLATION,0,
1598,NL,Cinna,Pierre Corneille,KEEP_TRANSLATION,0,
1599,NL,De vrouw en de ledenpop,Pierre Louÿs,KEEP_TRANSLATION,0,
1600,NL,De mondige jeugdliteratuur,"Piet Mooren, Jeanne Kurvers en Helma van Lierop",KEEP_CORE,0,
1601,NL,De grot van de nimfen,Porphyry,KEEP_TRANSLATION,0,
1602,NL,Unheimlich Moederland,"Postel, Gitte",KEEP_CORE,0,
1603,NL,Overwinning door gehoorzaamheid,R. J. Forbes | Eduard Jan Dijksterhuis,KEEP_CORE,0,
1604,NL,"de Opbouw Van de Antirevolutionaire Partij, 1850-1888",R. Janssens,KEEP_CORE,0,
1605,NL,Batavia,R. P. G. A. Voskuil,KEEP_CORE,0,
1606,NL,De leeuw in de muis,Rachel Bright,KEEP_TRANSLATION,0,
1607,NL,Arlington Park,Rachel Cusk,KEEP_TRANSLATION,0,
1608,NL,De bijzondere kinderen van mevrouw peregrine,Ransom Riggs,KEEP_TRANSLATION,0,
1609,NL,De Geïllustreerde Man,Ray Bradbury,KEEP_TRANSLATION,0,
1610,NL,De gouden appels van de zon,Ray Bradbury,KEEP_TRANSLATION,0,
1611,NL,Fahrenheit 451,Ray Bradbury,KEEP_TRANSLATION,0,
1612,NL,De toorn van een waanzinnige god,Raymond E. Feist,KEEP_TRANSLATION,0,
1613,NL,Het Islamisme,Reinhart Dozy,KEEP_CORE,0,
1614,NL,De wereldburger bestaat niet,René Cuperus,KEEP_CORE,0,
1615,NL,Principia Philosophiae,René Descartes,KEEP_TRANSLATION,0,
1616,NL,Byzantium,René Guerdan,KEEP_TRANSLATION,0,
1617,NL,De redding van de edmontosaurussen,Rex Stone,KEEP_TRANSLATION,0,
1618,NL,Jacht op de Velociraptor,Rex Stone,KEEP_TRANSLATION,0,
1619,NL,De corrector,Ricardo Menéndez Salmón,KEEP_TRANSLATION,0,
1620,NL,Hoe groen was mijn dal,Richard Llewellyn,KEEP_TRANSLATION,0,
1621,NL,Michael Vey,Richard Paul Evans,KEEP_TRANSLATION,0,
1622,NL,Op weg naar een dansfeest,Richard Powers,KEEP_TRANSLATION,0,
1623,NL,Ploegen door het donker,Richard Powers,KEEP_TRANSLATION,0,
1624,NL,De hamer van Thor,Rick Riordan,KEEP_TRANSLATION,0,
1625,NL,De verloren held,Rick Riordan,KEEP_TRANSLATION,0,
1626,NL,Het bloed van Olympus,Rick Riordan,KEEP_TRANSLATION,0,
1627,NL,Het Schip der Doden,Rick Riordan,KEEP_TRANSLATION,0,
1628,NL,Het verdoemde zwaard,Rick Riordan,KEEP_TRANSLATION,0,
1629,NL,Topstukken uit het Rijksmuseum voor Volkenkunde =,Rijksmuseum voor Volkenkunde (Netherlands),KEEP_CORE,0,
1630,NL,De opkomst van het medisch beroep in Belgie,Rita Schepers,KEEP_CORE,0,
1631,NL,Onzekerheid troef,Rob Hagendijk | Huub Dijstelbloem,KEEP_CORE,0,
1632,NL,Het nut van nutteloos onderzoek,Robbert Dijkgraaf,KEEP_CORE,0,
1633,NL,De nachtmerrie gaat door (Fear street),Robert Lawrence Stine,KEEP_TRANSLATION,0,
1634,NL,Grafgeesten,Robert Lawrence Stine,KEEP_TRANSLATION,0,
1635,NL,Vergeet me niet!,Robert Lawrence Stine,KEEP_TRANSLATION,0,
1636,NL,Insecten,Robert Snedden,KEEP_TRANSLATION,0,
1637,NL,De vloek van de Titaan,Robert Venditti | Rick Riordan,KEEP_TRANSLATION,0,
1638,NL,De dode republiek,Roddy Doyle,KEEP_TRANSLATION,0,
1639,NL,Electorale cultuur en politieke oriëntatie,Ron de Jong,KEEP_CORE,0,
1640,NL,Van standspolitiek naar partijloyaliteit,Ron de Jong,KEEP_CORE,0,
1641,NL,Schilders van Dongen,Ron Dirven,KEEP_CORE,0,
1642,NL,De schelpenzoekers,Rosamunde Pilcher,KEEP_TRANSLATION,0,
1643,NL,Spiegelbeeld,Rosamunde Pilcher,KEEP_TRANSLATION,0,
1644,NL,Een mooie nazomer,Rosamunde Pilcher | Claudia Preuschoft,KEEP_TRANSLATION,0,
1645,NL,Aru Shah en het einde van de tijd,Roshani Chokshi,KEEP_TRANSLATION,0,
1646,NL,Arbeid en alcohol,Roy van der Drift,KEEP_CORE,0,
1647,NL,Maar ik wil dansen,Rumer Godden,KEEP_TRANSLATION,0,
1648,NL,De fruitplukker,Ruth Rendell,KEEP_TRANSLATION,0,
1649,NL,Dubbelleven,Ruth Rendell,KEEP_TRANSLATION,0,
1650,NL,Het bruidsmeisje,Ruth Rendell,KEEP_TRANSLATION,0,
1651,NL,Het stenen oordeel,Ruth Rendell,KEEP_TRANSLATION,0,
1652,NL,Ruth Rendel Omnibus,Ruth Rendell,KEEP_TRANSLATION,0,
1653,NL,Wie kwaad doet en andere verhalen,Ruth Rendell,KEEP_TRANSLATION,0,
1654,NL,Zichzelf te zien leven,"Röling, Hugo",KEEP_CORE,0,
1655,NL,Verkocht,Sally Grindley,KEEP_TRANSLATION,0,
1656,NL,De woestenij,Samantha Harvey,KEEP_TRANSLATION,0,
1657,NL,Macht en onmacht,Samuel IJsseling,KEEP_CORE,0,
1658,NL,De glazen troon,Sarah J. Maas,KEEP_TRANSLATION,0,
1659,NL,Hof van vleugels en verwoesting,Sarah J. Maas,KEEP_TRANSLATION,0,
1660,NL,Koningin van de schaduw,Sarah J. Maas,KEEP_TRANSLATION,0,
1661,NL,Koude aarde,Sarah Moss,KEEP_TRANSLATION,0,
1662,NL,Een walvis scheert zich bij voorkeur nat,Scott Adams,KEEP_TRANSLATION,0,
1663,NL,Cathy's sleutel,Sean Stewart,KEEP_TRANSLATION,0,
1664,NL,De therapie,Sebastian Fitzek,KEEP_TRANSLATION,0,
1665,NL,"Oedipus, drama.",Seneca the Younger,KEEP_TRANSLATION,0,
1666,NL,De Strijd des Levens,Shahid Akram | Charles Dickens | Edward Stirling,KEEP_TRANSLATION,0,
1667,NL,Achter de maan,Sharon Creech,KEEP_TRANSLATION,0,
1668,NL,Haat die kat,Sharon Creech,KEEP_TRANSLATION,0,
1669,NL,De kleine schildpad en het lied van de zee,Sheridan Cain,KEEP_TRANSLATION,0,
1670,NL,Pas op voor de grote boze vis!,Sheridan Cain,KEEP_TRANSLATION,0,
1671,NL,Lean in / druk 4,Sheryl Sandberg | Nell Scovell,KEEP_TRANSLATION,0,
1672,NL,Als er een morgen is,Sidney Sheldon,KEEP_TRANSLATION,0,
1673,NL,De School van Goed en Kwaad,Soman Chainani,KEEP_TRANSLATION,0,
1674,NL,Caraval,Stephanie Garber,KEEP_TRANSLATION,0,
1675,NL,Achtbaan,Stephen King,KEEP_TRANSLATION,0,
1676,NL,DE DONKERE TOREN VI,Stephen King,KEEP_TRANSLATION,0,
1677,NL,De vervloeking,Stephen King,KEEP_TRANSLATION,0,
1678,NL,De wind door het sleutelgat,Stephen King,KEEP_TRANSLATION,0,
1679,NL,Duma,Stephen King,KEEP_TRANSLATION,0,
1680,NL,Tweeduister,Stephen King,KEEP_TRANSLATION,0,
1681,NL,Vlucht naar de top,Stephen King,KEEP_TRANSLATION,0,
1682,NL,Werk in uitvoering,Stephen King,KEEP_TRANSLATION,0,
1683,NL,Think like a freak,Steven D. Levitt | Stephen J. Dubner,KEEP_TRANSLATION,0,
1684,NL,Laatste avond in de Lobster,Stewart O'Nan,KEEP_TRANSLATION,0,
1685,NL,Sneeuwengelen,Stewart O'Nan,KEEP_TRANSLATION,0,
1686,NL,De crisis jaren (Oorzaak en gevolg),Stewart Ross,KEEP_TRANSLATION,0,
1687,NL,Het Verbrande Kind,Stig Dagerman,KEEP_TRANSLATION,0,
1688,NL,Shiva's vuur,Suzanne Fisher Staples,KEEP_TRANSLATION,0,
1689,NL,"Het Amerikaanse neoconservatisme, 1968-1988 (Utrechtse historische cahiers)",T. A. M Schoenmakers,KEEP_CORE,0,
1690,NL,Kobus Kruls parmantige kattenboek,T. S. Eliot,KEEP_TRANSLATION,0,
1691,NL,Vrees me,Tahereh Mafi,KEEP_TRANSLATION,0,
1692,NL,Schaduwland.,Tami Hoag,KEEP_TRANSLATION,0,
1693,NL,Merkwaardigheden uit alle bekende landen van Amerika,"Taylor, Isaac",KEEP_TRANSLATION,0,
1694,NL,De Mefisto Club,Tess Gerritsen,KEEP_TRANSLATION,0,
1695,NL,De zondares,Tess Gerritsen,KEEP_TRANSLATION,0,
1696,NL,Verdwijn,Tess Gerritsen,KEEP_TRANSLATION,0,
1697,NL,Zustermoord,Tess Gerritsen,KEEP_TRANSLATION,0,
1698,NL,Freaks,Tess Gerritsen | Alyssa Bresnahan | Carolyn McCormick,KEEP_TRANSLATION,0,
1699,NL,De chirurg,Tess Gerritsen | Christine Marshall,KEEP_TRANSLATION,0,
1700,NL,Kruistocht in spijkerbroek,Thea Beckman,KEEP_CORE,0,
1701,NL,Sodoms zaad in Nederland,Theo van der Meer,KEEP_CORE,0,
1702,NL,Berlijn,Theodor Plievier,KEEP_TRANSLATION,0,
1703,NL,"De gezegende, het leven van Spinoza in honderdzeven scènes",Theun de Vries,KEEP_CORE,0,
1704,NL,Margaret Cavendish in de Nederlanden,Thijs Weststeijn,KEEP_CORE,0,
1705,NL,Helden zonder land of vlag,Thomas Bertram Costain,KEEP_TRANSLATION,0,
1706,NL,De morte d'Arthur,Thomas Malory,KEEP_TRANSLATION,0,
1707,NL,Lotte in Weimar,Thomas Mann,KEEP_TRANSLATION,0,
1708,NL,"Het onbekend en wonderlijk eyland, Utopia",Thomas More,KEEP_TRANSLATION,0,
1709,NL,Wallner begint te vliegen,Thomas von Steinaecker,KEEP_TRANSLATION,0,
1710,NL,Pelgrim,Timothy Findley,KEEP_TRANSLATION,0,
1711,NL,Caesarion,Tommy Wieringa,KEEP_CORE,0,
1712,NL,Joe Speedboot,Tommy Wieringa,KEEP_CORE,0,
1713,NL,Ik wil een feestje!,Tony Ross,KEEP_TRANSLATION,0,
1714,NL,Ik wil mijn mama!,Tony Ross,KEEP_TRANSLATION,0,
1715,NL,Spoken in de speelzaal,Ulrich Karger,KEEP_TRANSLATION,0,
1716,NL,De begraafplaats van Praag,Umberto Eco,KEEP_TRANSLATION,0,
1717,NL,Aanwinsten op het gebied der wis- en natuurkundige wetenschappen,Universiteit van Amsterdam. Bibliotheek.,KEEP_CORE,0,
1718,NL,De jungle,Upton Sinclair,KEEP_TRANSLATION,0,
1719,NL,Het gezond verstand ben IK,Upton Sinclair,KEEP_TRANSLATION,0,
1720,NL,Romeinsch Amerika,Upton Sinclair,KEEP_TRANSLATION,0,
1721,NL,Wie wind zaait,Upton Sinclair,KEEP_TRANSLATION,0,
1722,NL,Als er Doornen zijn,V.C. Andrews,KEEP_TRANSLATION,0,
1723,NL,Celeste,V.C. Andrews,KEEP_TRANSLATION,0,
1724,NL,De Casteel-serie,V.C. Andrews,KEEP_TRANSLATION,0,
1725,NL,de Duistere Engel,V.C. Andrews,KEEP_TRANSLATION,0,
1726,NL,De geheimen van Heavenstone,V.C. Andrews,KEEP_TRANSLATION,0,
1727,NL,Delia's gave,V.C. Andrews,KEEP_TRANSLATION,0,
1728,NL,Delia's geluk,V.C. Andrews,KEEP_TRANSLATION,0,
1729,NL,Diep in het woud,V.C. Andrews,KEEP_TRANSLATION,0,
1730,NL,Dochter van de duisternis,V.C. Andrews,KEEP_TRANSLATION,0,
1731,NL,Gebroken vleugels,V.C. Andrews,KEEP_TRANSLATION,0,
1732,NL,Gefluister in de nacht,V.C. Andrews,KEEP_TRANSLATION,0,
1733,NL,Hemel zonder Engelen,V.C. Andrews,KEEP_TRANSLATION,0,
1734,NL,Het Geheim,V.C. Andrews,KEEP_TRANSLATION,0,
1735,NL,Het zaad van gisteren,V.C. Andrews,KEEP_TRANSLATION,0,
1736,NL,Ice,V.C. Andrews,KEEP_TRANSLATION,0,
1737,NL,M'n lieve Audrina,V.C. Andrews,KEEP_TRANSLATION,0,
1738,NL,Melody,V.C. Andrews,KEEP_TRANSLATION,0,
1739,NL,Middernachtmuziek,V.C. Andrews,KEEP_TRANSLATION,0,
1740,NL,Mysteries van de morgen,V.C. Andrews,KEEP_TRANSLATION,0,
1741,NL,Ruby,V.C. Andrews,KEEP_TRANSLATION,0,
1742,NL,Schaduwen in de tuin,V.C. Andrews,KEEP_TRANSLATION,0,
1743,NL,Verstilde stemmen,V.C. Andrews,KEEP_TRANSLATION,0,
1744,NL,Verwrongen wortels,V.C. Andrews,KEEP_TRANSLATION,0,
1745,NL,Zwart is de nacht,V.C. Andrews,KEEP_TRANSLATION,0,
1746,NL,Zwarte kat,V.C. Andrews,KEEP_TRANSLATION,0,
1747,NL,De wrede hand,Val McDermid,KEEP_TRANSLATION,0,
1748,NL,Een spoor van bloed,Val McDermid,KEEP_TRANSLATION,0,
1749,NL,Repertorium van de documenten in het archief Monseigneur Willy Onclin,Van de Wiel C.,KEEP_CORE,0,
1750,NL,Catalogus van de Bibliotheek der Vereeniging voor Nederlandsche Muziekgeschiedenis,Vereniging voor Nederlandse Muziekgeschiedenis. Bibliotheek,KEEP_CORE,0,
1751,NL,Divergent 1 Inwijding,Veronica Roth,KEEP_TRANSLATION,0,
1752,NL,Opstand,Veronica Roth,KEEP_TRANSLATION,0,
1753,NL,Samensmelting: haar keuze bepaalt alles,Veronica Roth,KEEP_TRANSLATION,0,
1754,NL,Wetenschapsfilosofie in veelvoud,Victor van den Bersselaar,KEEP_CORE,0,
1755,NL,Zwaard van Glas,Victoria Aveyard,KEEP_TRANSLATION,0,
1756,NL,"Candide, of Het optimisme",Voltaire,KEEP_TRANSLATION,0,
1757,NL,Rokoko,W. H. Thijsse,KEEP_CORE,0,
1758,NL,De menselijke beslisser,W. L. Tiemeijer,KEEP_CORE,0,
1759,NL,Natuurleven,Walt Whitman,KEEP_TRANSLATION,0,
1760,NL,De sociologie van Jürgen Habermas,Walter Weyns,KEEP_CORE,0,
1761,NL,Goya,Werner Hofmann,KEEP_CORE,0,
1762,NL,Aasgier van de golven,Wilbur Smith,KEEP_TRANSLATION,0,
1763,NL,Goudmijn,Wilbur Smith,KEEP_TRANSLATION,0,
1764,NL,De Gevaren van Sommige Engelse Gevangenen,Wilkie Collins | Charles Dickens,KEEP_TRANSLATION,0,
1765,NL,De aesthetische idee,Willem Adriaan van Konijnenburg,KEEP_CORE,0,
1766,NL,Au pair,Willem Frederik Hermans,KEEP_CORE,0,
1767,NL,Herinneringen van een engelbewaarder,Willem Frederik Hermans,KEEP_CORE,0,
1768,NL,Nooit meer slapen,Willem Frederik Hermans,KEEP_CORE,0,
1769,NL,"Hendrik IV, eerste deel",William Shakespeare,KEEP_TRANSLATION,0,
1770,NL,"Het treurspel van Hamlet, prins van Denemarken",William Shakespeare,KEEP_TRANSLATION,0,
1771,NL,Lancaster-Verliezen Vol 2,Wim Govaerts,KEEP_CORE,0,
1772,NL,Tsjik,Wolfgang Herrndorf,KEEP_TRANSLATION,0,
1773,NL,Tarr,Wyndham Lewis,KEEP_TRANSLATION,0,
1774,NL,De stenen maagden,Yvonne Vera,KEEP_TRANSLATION,0,
1775,NL,Oblomow,Ива́н Алекса́ндрович Гончаро́в,KEEP_TRANSLATION,0,
1776,NL,1q84,村上春樹,KEEP_TRANSLATION,0,
1777,EN,Advances in Ecological Research,A. H. Fitter | E. D. Ford | Michael Begon,KEEP_CORE,0,
1778,EN,Knowledge and Value (Tulane Studies in Philosophy),A.J. Reck,KEEP_CORE,0,
1779,EN,An introduction to the philosophy of science,Abram Cornelius Benjamin,KEEP_CORE,0,
1780,EN,Operationism.,Abram Cornelius Benjamin,KEEP_CORE,0,
1781,EN,"Science, technology, and human values [by] A. Cornelius Benjamin.",Abram Cornelius Benjamin,KEEP_CORE,0,
1782,EN,Survival Guide for Scientists,Ad Lagendijk,KEEP_CORE,0,
1783,EN,"Observation, Hypothesis, Introspection (Poznañ Studies in the Philosophy of the Sciences and the Humanities 87) (Poznan Studies in the Philosophy of the Sciences & the Humanities)",Adam Wiegner,KEEP_CORE,0,
1784,EN,The Contemplative Soul,Adena Tanenbaum,KEEP_CORE,0,
1785,EN,My struggle,Adolf Hitler,KEEP_TRANSLATION,0,
1786,EN,Economic means and Social ends,Adolph Lowe | Robert L. Heilbroner,KEEP_CORE,0,
1787,EN,Knowledge in Ferment,Adriaan In 't Groen,KEEP_CORE,0,
1788,EN,The Oresteia of Aeschylus,Aeschylus,KEEP_TRANSLATION,0,
1789,EN,Between Rome & Babylon,Aharon Oppenheimer,KEEP_CORE,0,
1790,EN,"Where Hegel, F Fukuyama and Others Err",Ahmad Baboo,KEEP_CORE,0,
1791,EN,"Augustinian Perspectives in the Renaissance (Studia Anglistica Upsaliensia, 117)",Ake Bergvall,KEEP_CORE,0,
1792,EN,Orphic Voice,Ake Strandberg,KEEP_CORE,0,
1793,EN,The game is patience,Akosua Gyamfuaa Fofie,KEEP_CORE,0,
1794,EN,Deleuze,Alain Badiou,KEEP_TRANSLATION,0,
1795,EN,Handbook Of Inaesthetics,Alain Badiou,KEEP_TRANSLATION,0,
1796,EN,Infinite Thought,Alain Badiou,KEEP_TRANSLATION,0,
1797,EN,Metapolitics,Alain Badiou,KEEP_TRANSLATION,0,
1798,EN,Polemics,Alain Badiou,KEEP_TRANSLATION,0,
1799,EN,The Concept of Model,Alain Badiou,KEEP_TRANSLATION,0,
1800,EN,Conditions,Alain Badiou | Badiou | Steven Corcoran | Alain Badiou,KEEP_TRANSLATION,0,
1801,EN,The 35-Hour Split Workweek,Alan Cort | Francsis Langlois | Hans Hoeffner,KEEP_CORE,0,
1802,EN,Splinter of the Mind's Eye,Alan Dean Foster,KEEP_CORE,0,
1803,EN,Transformers,Alan Dean Foster,KEEP_CORE,0,
1804,EN,Googie,Alan Hess,KEEP_CORE,0,
1805,EN,Googie Redux,Alan Hess,KEEP_CORE,0,
1806,EN,The architecture of John Lautner,Alan Hess,KEEP_CORE,0,
1807,EN,The Ranch House,Alan Hess,KEEP_CORE,0,
1808,EN,Viva Las Vegas,Alan Hess,KEEP_CORE,0,
1809,EN,Postmodernism And The Holocaust.(Value Inquiry Book Series 72),Alan Milchaman,KEEP_CORE,0,
1810,EN,A short history of ethics,Alasdair C. MacIntyre,KEEP_CORE,0,
1811,EN,Organic chemicals,Alasdair H. Neilson,KEEP_CORE,0,
1812,EN,Management Andragogics 2,Albert Stähli,KEEP_CORE,0,
1813,EN,Power and Social Structure,Aleksandra Jasinska-Kania,KEEP_CORE,0,
1814,EN,Teaching social science in schools,Alex M. George,KEEP_CORE,0,
1815,EN,Mediating the divine,Alex P. Jassen,KEEP_CORE,0,
1816,EN,The Science Of Folklore,Alexander Haggerty Krappe,KEEP_CORE,0,
1817,EN,Neural Networks Theory,Alexander I. Galushkin,KEEP_CORE,0,
1818,EN,Integrated design and simulation of chemical processes,Alexandre C. Dimian,KEEP_CORE,0,
1819,EN,"Private Households & Public Policies in 3Rd-5Th Century Jewish Palestine (Texts and Studies in Ancient Judaism, 90)",Alexei Sivertsev,KEEP_CORE,0,
1820,EN,Advances in Cryptology - EUROCRYPT '94,Alfredo DeSantis,KEEP_CORE,0,
1821,EN,A Way to Prevent War,Allan L. Benson,KEEP_CORE,0,
1822,EN,America,Allan M. Winkler | Elisabeth Israels Perry | Andrew R. L. Cayton | Linda Reed,KEEP_CORE,0,
1823,EN,Elementary Algebra,Allen R. Angel | William Radulovich | Nicholas Belloit,KEEP_CORE,0,
1824,EN,Front Office Management Simulation,Allisha A. Miller | David K. Hayes,KEEP_CORE,0,
1825,EN,Families and their needs,Alvis T. Harthern,KEEP_CORE,0,
1826,EN,Mediating the Past,Alyssa Lonner,KEEP_CORE,0,
1827,EN,Demon in My View (Laurel-Leaf Books),Amelia Atwater-Rhodes,KEEP_CORE,0,
1828,EN,Hawksong,Amelia Atwater-Rhodes,KEEP_CORE,0,
1829,EN,In the forests of the night,Amelia Atwater-Rhodes,KEEP_CORE,0,
1830,EN,Midnight predator,Amelia Atwater-Rhodes,KEEP_CORE,0,
1831,EN,Shattered mirror,Amelia Atwater-Rhodes,KEEP_CORE,0,
1832,EN,Snakecharm,Amelia Atwater-Rhodes,KEEP_CORE,0,
1833,EN,Wolfcry,Amelia Atwater-Rhodes,KEEP_CORE,0,
1834,EN,Wyvernhail,Amelia Atwater-Rhodes,KEEP_CORE,0,
1835,EN,Age of fear,Amitav Acharya,KEEP_CORE,0,
1836,EN,The challenge road,Amrit Wilson,KEEP_CORE,0,
1837,EN,Exploration into Latin America,Ana Maria Machado,KEEP_TRANSLATION,0,
1838,EN,From Another World,Ana Maria Machado,KEEP_TRANSLATION,0,
1839,EN,Me in the Middle,Ana Maria Machado,KEEP_TRANSLATION,0,
1840,EN,Nina Bonita,Ana Maria Machado,KEEP_TRANSLATION,0,
1841,EN,Affective Interactions,Ana Paiva,KEEP_CORE,0,
1842,EN,Myths And Legends Of Hindus And Buddhists,Ananda Coomaraswamy | The Sister Nivedita,KEEP_CORE,0,
1843,EN,Origins of the Synagogue,Anders Runesson,KEEP_CORE,0,
1844,EN,Leonhard Euler,Andreas K. Heyne,KEEP_CORE,0,
1845,EN,All about my neighbourhood,Andrew Burrell,KEEP_CORE,0,
1846,EN,A week in the woods,Andrew Clements,KEEP_CORE,0,
1847,EN,Dolores and the big fire,Andrew Clements,KEEP_CORE,0,
1848,EN,"Jake Drake, bully buster",Andrew Clements,KEEP_CORE,0,
1849,EN,"Jake Drake, teacher's pet",Andrew Clements,KEEP_CORE,0,
1850,EN,Lunch money,Andrew Clements,KEEP_CORE,0,
1851,EN,The Landry News,Andrew Clements,KEEP_CORE,0,
1852,EN,The report card,Andrew Clements,KEEP_CORE,0,
1853,EN,The school story,Andrew Clements,KEEP_CORE,0,
1854,EN,Things hoped for,Andrew Clements,KEEP_CORE,0,
1855,EN,Things not seen,Andrew Clements,KEEP_CORE,0,
1856,EN,Mathematical Connections,Andrew T. Stull | Audrey Frederick Borchardt | Bruce Pollack-Johnson,KEEP_CORE,0,
1857,EN,Giving Up Was Never an Option,Andrey Walwyn Larmony | Audrey Walwyn Larmony,KEEP_CORE,0,
1858,EN,What's so special about today,Andrzej Krauze,KEEP_CORE,0,
1859,EN,MaterialTool,Andrzej Wroblewski | Surya Vanka,KEEP_CORE,0,
1860,EN,Guardians of the North-West Frontier,André Singer,KEEP_CORE,0,
1861,EN,Fly Away Home,Andy MEAD,KEEP_CORE,0,
1862,EN,The first part last,Angela Johnson,KEEP_CORE,0,
1863,EN,Textiles of the Wiener Werkstatte,Angela Volker | Ruperta Pichler | Angela Völker,KEEP_TRANSLATION,0,
1864,EN,Tsunami and Nonlinear Waves,Anjan Kundu,KEEP_CORE,0,
1865,EN,Bad Boys,Ann Arnett Ferguson,KEEP_CORE,0,
1866,EN,Assessing Climate Change,Ann Henderson-Sellers | Wendy Howe,KEEP_CORE,0,
1867,EN,Anthropomorphic Representations in Prehistoric Cyprus,Anna L. Campo,KEEP_CORE,0,
1868,EN,Logic-Based Program Synthesis and Transformation,Annalisa Bossi,KEEP_CORE,0,
1869,EN,Sacred or Neural?,Anne L. C. Runehov,KEEP_CORE,0,
1870,EN,The great Trajanic frieze,Anne-Marie Leander Touati,KEEP_CORE,0,
1871,EN,Ancient sculptures in the Royal Museum,Anne-Marie Leander Touati | Magnus Olausson,KEEP_CORE,0,
1872,EN,Augustine's Confessions,Annemare Kotze,KEEP_CORE,0,
1873,EN,Screen-Based Art.,"Annette W.|SLAGER, Henk BALKEMA",KEEP_CORE,0,
1874,EN,Engineering Mechanics,Anthony Bedford | Wallace Fowler,KEEP_CORE,0,
1875,EN,Operative Chymist.(Clio Medica/The Wellcome Institute Series in the History of Medicine 45),Anthony MORSON,KEEP_CORE,0,
1876,EN,The essential anatomy of Britain,Anthony Terrell Seward Sampson,KEEP_CORE,0,
1877,EN,ARTIFICIAL NEURAL NETWORKS AS SUBSY (IHE Thesis Series),Anthony W Minns,KEEP_CORE,0,
1878,EN,Death in the Eastern Mediterranean 50 - 600 A.D: The Christianization of the East,Antigone Samellas,KEEP_CORE,0,
1879,EN,Italian Renaissance intarsia and the conservation of the Gubbio studiolo,Antoine M. Wilmering,KEEP_CORE,0,
1880,EN,Domestic Service And the Formation of European Identity,Antoinette Fauve-chamoux,KEEP_CORE,0,
1881,EN,The Dragons of Darkness,Antonia Michaelis,KEEP_TRANSLATION,0,
1882,EN,The Secret Room,Antonia Michaelis,KEEP_TRANSLATION,0,
1883,EN,The last portrait of the Duchess of Alba,Antonio Larreta,KEEP_TRANSLATION,0,
1884,EN,Chemistry,Antony C. Wilbraham | Dennis D. Staley | Edward L. Waterman | Michael S. Matta,KEEP_CORE,0,
1885,EN,"Science, ideology and development",Archie Mafeje,KEEP_CORE,0,
1886,EN,THE SOCIUS OF ARCHITECTURE,Arie Graafland,KEEP_CORE,0,
1887,EN,The Soils of Israel,Arieh Singer,KEEP_CORE,0,
1888,EN,Desert Memories,Ariel Dorfman,KEEP_CORE,0,
1889,EN,Exorcising Terror,Ariel Dorfman,KEEP_CORE,0,
1890,EN,Some write to the future,Ariel Dorfman,KEEP_CORE,0,
1891,EN,The empire's old clothes,Ariel Dorfman,KEEP_CORE,0,
1892,EN,The Dilemma of Science,Arnoldo K. Ventura,KEEP_CORE,0,
1893,EN,Measurement Driven Simulation of Complex Engineering Systems,Arnoud Visser,KEEP_CORE,0,
1894,EN,War and the American presidency,"Arthur M. Schlesinger, Jr.",KEEP_CORE,0,
1895,EN,Field notes on democracy,Arundhati Roy,KEEP_CORE,0,
1896,EN,Public power in the age of empire,Arundhati Roy,KEEP_CORE,0,
1897,EN,Shape of the Beast,Arundhati Roy,KEEP_CORE,0,
1898,EN,Bonfire of creeds,Ashis Nandy,KEEP_CORE,0,
1899,EN,Sensors & Environmental Applications Of,Askne,KEEP_CORE,0,
1900,EN,Korea Through the Ages (Vol. 2 Modern) (2),Association of Korean History Teachers,KEEP_CORE,0,
1901,EN,Three Years' Slavery Among The Patagonians,Auguste Guinnard | Charles S. Cheltnam,KEEP_TRANSLATION,0,
1902,EN,Aesthetics of the Opressed,Augusto Boal,KEEP_TRANSLATION,0,
1903,EN,Games for actors and non-actors,Augusto Boal,KEEP_TRANSLATION,0,
1904,EN,Hamlet and the baker's son,Augusto Boal,KEEP_TRANSLATION,0,
1905,EN,Legislative theatre,Augusto Boal,KEEP_TRANSLATION,0,
1906,EN,The rainbow of desire,Augusto Boal,KEEP_TRANSLATION,0,
1907,EN,Theatre of the Oppressed (Pluto Classics),Augusto Boal,KEEP_TRANSLATION,0,
1908,EN,The scheme of Christian and philosophical necessity asserted,Augustus Toplady,KEEP_CORE,0,
1909,EN,East African Societies,Aylward Shorter,KEEP_CORE,0,
1910,EN,Performing Islam: Gender and Ritual in Iran (Women and Gender: the Middle East and the Islamic World),Azam Torab,KEEP_CORE,0,
1911,EN,Time Seriers Modelling in Earth Sciences,B.K. Sahu,KEEP_CORE,0,
1912,EN,The kid's guide to service projects,Barbara A. Lewis,KEEP_CORE,0,
1913,EN,The kid's guide to social action,Barbara A. Lewis,KEEP_CORE,0,
1914,EN,What do you stand for?,Barbara A. Lewis,KEEP_CORE,0,
1915,EN,Being your best,Barbara A. Lewis | Marjorie Lisovskis,KEEP_CORE,0,
1916,EN,Learning with Recurrent Neural Networks,Barbara Hammer,KEEP_CORE,0,
1917,EN,The march of folly,Barbara Tuchman,KEEP_CORE,0,
1918,EN,Why Dog Left the Forest (Sparrow Reader),Barrack Muluka,KEEP_CORE,0,
1919,EN,An account of a voyage to New South Wales,"Barrington, George",KEEP_CORE,0,
1920,EN,The history of New South Wales,"Barrington, George",KEEP_CORE,0,
1921,EN,Situations and attitudes,"Barwise, Jon. | John Perry",KEEP_CORE,0,
1922,EN,"Corpus of Cypriote Antiquities, No. 26",Basak Arda,KEEP_CORE,0,
1923,EN,Psychological Modernity and Attitudes to Social Change in Ethiopian Young Adults,Benjamin Beit-Hallahmi | Jon Abbink | Habtamu Wondimu.,KEEP_CORE,0,
1924,EN,"Women, Men & Angels",Benjamin G. Wold,KEEP_CORE,0,
1925,EN,Life's Relationships and the Communication Styles That Support Them,Benne D. Williams | Susan K. Fuhr | Julianne K. Arbuckle,KEEP_CORE,0,
1926,EN,Addresses of the Mississippi Philosophical Association,Bennie R. Crockett,KEEP_CORE,0,
1927,EN,FROM HEAVEN TO HELL,Benoit Lelandais,KEEP_CORE,0,
1928,EN,Conceptualizing religion,Benson Saler,KEEP_CORE,0,
1929,EN,Facts about Finland.,Benz,KEEP_CORE,0,
1930,EN,Industrial Societies After the Stagnation of the 1970's,Berkhard Strumpel,KEEP_CORE,0,
1931,EN,Brazil,Bernardo Kucinski,KEEP_CORE,0,
1932,EN,Vitamin B12 and B12-Proteins,Bernhard Krautler,KEEP_CORE,0,
1933,EN,Great Monasteries of Europe,Bernhard Schutz | Bernhard Schütz | Henri Gaud,KEEP_CORE,0,
1934,EN,Caribbean diaspora in USA,Bettina E. Schmidt,KEEP_CORE,0,
1935,EN,The patchwork path,Bettye Stroud,KEEP_CORE,0,
1936,EN,How Europe Is Indebted to the Sikhs?,Bhupinder Singh Holland,KEEP_CORE,0,
1937,EN,Isma'Il Ankaravi on the Illuminative Philosophy,Bilal Kuspinar,KEEP_CORE,0,
1938,EN,A bond with death,Bill Crider,KEEP_CORE,0,
1939,EN,A dangerous thing,Bill Crider,KEEP_CORE,0,
1940,EN,A ghost of a chance,Bill Crider,KEEP_CORE,0,
1941,EN,A Knife In The Back,Bill Crider,KEEP_CORE,0,
1942,EN,A mammoth murder,Bill Crider,KEEP_CORE,0,
1943,EN,A romantic way to die,Bill Crider,KEEP_CORE,0,
1944,EN,A time for hanging,Bill Crider,KEEP_CORE,0,
1945,EN,Cursed to death,Bill Crider,KEEP_CORE,0,
1946,EN,Dead on the island,Bill Crider,KEEP_CORE,0,
1947,EN,Dead soldiers,Bill Crider,KEEP_CORE,0,
1948,EN,Death by accident,Bill Crider,KEEP_CORE,0,
1949,EN,Galveston gunman,Bill Crider,KEEP_CORE,0,
1950,EN,Gator kill,Bill Crider,KEEP_CORE,0,
1951,EN,Medicine show,Bill Crider,KEEP_CORE,0,
1952,EN,Murder among the OWLS,Bill Crider,KEEP_CORE,0,
1953,EN,Murder in four parts,Bill Crider,KEEP_CORE,0,
1954,EN,Murder is an art,Bill Crider,KEEP_CORE,0,
1955,EN,Murder most fowl,Bill Crider,KEEP_CORE,0,
1956,EN,Murder takes a break,Bill Crider,KEEP_CORE,0,
1957,EN,Muttketeer!,Bill Crider,KEEP_CORE,0,
1958,EN,"Of All Sad Words (Sheriff Dan Rhodes Mysteries, No. 15)",Bill Crider,KEEP_CORE,0,
1959,EN,One dead dean,Bill Crider,KEEP_CORE,0,
1960,EN,Outrage at Blanco,Bill Crider,KEEP_CORE,0,
1961,EN,"Red, white, and blue murder",Bill Crider,KEEP_CORE,0,
1962,EN,Ryan rides back,Bill Crider,KEEP_CORE,0,
1963,EN,Shotgun Saturday night,Bill Crider,KEEP_CORE,0,
1964,EN,Texas Vigilante,Bill Crider,KEEP_CORE,0,
1965,EN,The Texas capitol murders,Bill Crider,KEEP_CORE,0,
1966,EN,Too late to die,Bill Crider,KEEP_CORE,0,
1967,EN,We'll Always Have Murder,Bill Crider,KEEP_CORE,0,
1968,EN,When old men die,Bill Crider,KEEP_CORE,0,
1969,EN,Winning can be murder,Bill Crider,KEEP_CORE,0,
1970,EN,Food rules!,Bill Haduch,KEEP_CORE,0,
1971,EN,Science Fair Success Secrets,Bill Haduch,KEEP_CORE,0,
1972,EN,To Be an American,Bill Ong Hing,KEEP_CORE,0,
1973,EN,Furniture Collection in the Louvre,Bill Pallot,KEEP_CORE,0,
1974,EN,Male confessions,Björn Krondorfer,KEEP_CORE,0,
1975,EN,Salem on Trial (Sabrina the Teenage Witch #8),"Bobbi J.G, Weiss | David Cody Weiss",KEEP_CORE,0,
1976,EN,Prom time,Bobbi Weiss | David Cody | Bobbi J. G. Weiss | David Cody Weiss,KEEP_CORE,0,
1977,EN,THE TRUTH OF REASON AND THE REALITY OF THE WORLD,Botond Gaal,KEEP_CORE,0,
1978,EN,Eternally Yours,Brian Eno; John Thackara,KEEP_CORE,0,
1979,EN,Causal necessity,Brian Skyrms,KEEP_CORE,0,
1980,EN,"One For All, All For One",Brigitte Weninger,KEEP_TRANSLATION,0,
1981,EN,Pimp London,Briony Quested,KEEP_CORE,0,
1982,EN,Letterwork,Brody Neuenschwander,KEEP_CORE,0,
1983,EN,Contemplatio philosophica,Brook Taylor,KEEP_CORE,0,
1984,EN,Tomorrow's Chemistry Today,Bruno Pignataro,KEEP_CORE,0,
1985,EN,The Golden Twenties,Bärbel Schrader,KEEP_CORE,0,
1986,EN,The Color of a Great City,C. B. Falls | Theodore Dreiser,KEEP_CORE,0,
1987,EN,The normality of Shakespeare,C. H. Herford,KEEP_CORE,0,
1988,EN,Zapping Through Wonderland,C. Prescod,KEEP_CORE,0,
1989,EN,Calvinism in the Arts,C. R. Joby,KEEP_CORE,0,
1990,EN,The Usborne Guide to Riding and Pony Care (Riding & Pony Care),C. Rawson | J. Spector | Christopher Rawson,KEEP_CORE,0,
1991,EN,New Glass And Studio Glass,C. Schack Von Wittenau,KEEP_CORE,0,
1992,EN,Research Methodology in Social Sciences,C.R. Reddy,KEEP_CORE,0,
1993,EN,Tropical Truth,Caetano Veloso,KEEP_CORE,0,
1994,EN,Experimental Algorithms,Camil Demetrescu,KEEP_CORE,0,
1995,EN,Beyond populism,Candido Mendes,KEEP_CORE,0,
1996,EN,A mask for privilege,Carey McWilliams,KEEP_CORE,0,
1997,EN,Frankfurt as a Financial Centre. From medieval trade fair to European banking centre,Carl-Ludgwig Holtfrerich,KEEP_CORE,0,
1998,EN,The book of destiny,Carlos Barrios,KEEP_TRANSLATION,0,
1999,EN,Travelling in the Family,Carlos Drummond de Andrade,KEEP_TRANSLATION,0,
2000,EN,Ulysses Belize (Ulysses Travel Guides),Carlos Soldevia,KEEP_CORE,0,
2001,EN,Inside the Firm,Carol Clerk | Tony Lambrianou,KEEP_CORE,0,
2002,EN,Fashion at the edge,Caroline Edwards,KEEP_TRANSLATION,0,
2003,EN,My mom travels a lot,Caroline Feller Bauer,KEEP_CORE,0,
2004,EN,A single door,Caroline Glendinning,KEEP_TRANSLATION,0,
2005,EN,Digital Earth Moving,Caroline Y. Westort,KEEP_CORE,0,
2006,EN,A spirited seduction,Casey Claybourne,KEEP_CORE,0,
2007,EN,A thing of beauty,Casey Claybourne,KEEP_CORE,0,
2008,EN,Cat and the countess,Casey Claybourne,KEEP_CORE,0,
2009,EN,The Devil's Darling,Casey Claybourne,KEEP_CORE,0,
2010,EN,Tiger by the Tail,Casey Claybourne,KEEP_CORE,0,
2011,EN,"Chance and Determinism in Avicenna and Averroes (Islamic Philosophy, Theology, and Science)",Catarina Belo,KEEP_CORE,0,
2012,EN,The Myth of Neighbourhood Mutual Help,Cecilia Lai-Wan Chan,KEEP_CORE,0,
2013,EN,"An Essay on the Philosophy, Study and Use of Natural History",Charles Fothergill,KEEP_CORE,0,
2014,EN,Ballpoint bananas and other jokes for kids,Charles Keller,KEEP_CORE,0,
2015,EN,A Peanuts Valentine,Charles M. Schulz,KEEP_CORE,0,
2016,EN,All This and Snoopy Too,Charles M. Schulz,KEEP_CORE,0,
2017,EN,Born Crabby,Charles M. Schulz,KEEP_CORE,0,
2018,EN,Brothers & sisters,Charles M. Schulz,KEEP_CORE,0,
2019,EN,Colourful Charlie Brown.,Charles M. Schulz,KEEP_CORE,0,
2020,EN,Fun with Peanuts,Charles M. Schulz,KEEP_CORE,0,
2021,EN,"Get Back to Nature, Snoopy",Charles M. Schulz,KEEP_CORE,0,
2022,EN,"Go for It, Charlie Brown",Charles M. Schulz,KEEP_CORE,0,
2023,EN,"Good Morning, Snoopy",Charles M. Schulz,KEEP_CORE,0,
2024,EN,"Guess Who, Charlie Brown?",Charles M. Schulz,KEEP_CORE,0,
2025,EN,"Hats Off to You, Charlie Brown",Charles M. Schulz,KEEP_CORE,0,
2026,EN,"Have a Ball, Snoopy",Charles M. Schulz,KEEP_CORE,0,
2027,EN,"How Romantic, Charlie Brown",Charles M. Schulz,KEEP_CORE,0,
2028,EN,"It's Chow Time, Snoopy!",Charles M. Schulz,KEEP_CORE,0,
2029,EN,"It's Party Time, Snoopy",Charles M. Schulz,KEEP_CORE,0,
2030,EN,"Kick the ball, Marcie!",Charles M. Schulz,KEEP_CORE,0,
2031,EN,"Let's Party, Charlie Brown",Charles M. Schulz,KEEP_CORE,0,
2032,EN,Love Isn't Easy,Charles M. Schulz,KEEP_CORE,0,
2033,EN,"Nice Shot, Snoopy",Charles M. Schulz,KEEP_CORE,0,
2034,EN,Nothing Echoes Like an Empty Mailbox,Charles M. Schulz,KEEP_CORE,0,
2035,EN,Peanuts at school,Charles M. Schulz,KEEP_CORE,0,
2036,EN,Peanuts cook book.,Charles M. Schulz,KEEP_CORE,0,
2037,EN,"School's Out, Charlie Brown!",Charles M. Schulz,KEEP_CORE,0,
2038,EN,"Slide, Charlie Brown! Slide!",Charles M. Schulz,KEEP_CORE,0,
2039,EN,Snoopy,Charles M. Schulz,KEEP_CORE,0,
2040,EN,Snoopy and the Peanuts Gang,Charles M. Schulz,KEEP_CORE,0,
2041,EN,Snoopy and the twelve days of Christmas,Charles M. Schulz,KEEP_CORE,0,
2042,EN,Snoopy Features As the Great Entertainer,Charles M. Schulz,KEEP_CORE,0,
2043,EN,Snoopy Stars as the Great Pretender,Charles M. Schulz,KEEP_CORE,0,
2044,EN,Snoopy Stars in the Mixed Doubles,Charles M. Schulz,KEEP_CORE,0,
2045,EN,Snoopy the Fearless Leader,Charles M. Schulz,KEEP_CORE,0,
2046,EN,"Sweet Dreams, Charlie Brown",Charles M. Schulz,KEEP_CORE,0,
2047,EN,The Complete Peanuts,Charles M. Schulz,KEEP_CORE,0,
2048,EN,The complete Peanuts,Charles M. Schulz,KEEP_CORE,0,
2049,EN,The Complete Peanuts,Charles M. Schulz,KEEP_CORE,0,
2050,EN,The Complete Peanuts,Charles M. Schulz,KEEP_CORE,0,
2051,EN,The Joy of a Peanuts Christmas,Charles M. Schulz,KEEP_CORE,0,
2052,EN,The Round-Headed Kid and Me,Charles M. Schulz,KEEP_CORE,0,
2053,EN,The Wisdom of Charlie Brown,Charles M. Schulz,KEEP_CORE,0,
2054,EN,The Wonderful World of Peanuts,Charles M. Schulz,KEEP_CORE,0,
2055,EN,"Trick or Treat, Great Pumpkin",Charles M. Schulz,KEEP_CORE,0,
2056,EN,We're All in this Together,Charles M. Schulz,KEEP_CORE,0,
2057,EN,"What Next, Charlie Brown",Charles M. Schulz,KEEP_CORE,0,
2058,EN,What Was Bugging Ol' Pharaoh?,Charles M. Schulz,KEEP_CORE,0,
2059,EN,"Who Was that Dog I Saw You With, Charlie Brown?",Charles M. Schulz,KEEP_CORE,0,
2060,EN,"You're a Knockout, Charlie Brown",Charles M. Schulz,KEEP_CORE,0,
2061,EN,"You're an Ace, Snoopy!",Charles M. Schulz,KEEP_CORE,0,
2062,EN,You're Hopeless Charlie Brown,Charles M. Schulz,KEEP_CORE,0,
2063,EN,"You're not for Real, Snoopy!",Charles M. Schulz,KEEP_CORE,0,
2064,EN,"You're on the Wrong Foot Again, Charlie Brown",Charles M. Schulz,KEEP_CORE,0,
2065,EN,"You're On Your Own, Snoopy",Charles M. Schulz,KEEP_CORE,0,
2066,EN,"You're So Smart, Snoopy",Charles M. Schulz,KEEP_CORE,0,
2067,EN,"You're Something Special, Snoopy!",Charles M. Schulz,KEEP_CORE,0,
2068,EN,"You're Supposed to Lead, Charlie Brown",Charles M. Schulz,KEEP_CORE,0,
2069,EN,"You've Got It Made, Snoopy",Charles M. Schulz,KEEP_CORE,0,
2070,EN,"You've Got to Be You, Snoopy",Charles M. Schulz,KEEP_CORE,0,
2071,EN,"You've Had It, Charlie Brown",Charles M. Schulz,KEEP_CORE,0,
2072,EN,My Life with Charlie Brown,Charles M. Schulz | M. Thomas Inge,KEEP_CORE,0,
2073,EN,Ft-Charlie Brown Snoo,Charles M. Schulz | R. Smith Kiliper,KEEP_CORE,0,
2074,EN,Cost Accounting,Charles T. Horngren | George Foster | Srikant M. Datar,KEEP_CORE,0,
2075,EN,Doctor Dolittle takes charge,Charlie Sheppard,KEEP_CORE,0,
2076,EN,Travels & Discoveries in the Levant,Charly T. Newton,KEEP_CORE,0,
2077,EN,Stories Of Kindness,Chen Tia,KEEP_CORE,0,
2078,EN,"Economics, politics and social studies in Oxford, 1900-85","Chester, Norman Sir",KEEP_CORE,0,
2079,EN,"SEA CREATURES, Glow-in-the-Dark Sticker Book",Chris Madsen,KEEP_CORE,0,
2080,EN,The Incidence of Sexual Exploitation of Children in Tourism,Chris Ryan | Colin Michael Hall | Christine Beddoe,KEEP_CORE,0,
2081,EN,"Nietzsche on language, consciousness, and the body",Christian Emden,KEEP_CORE,0,
2082,EN,"Justice, punishment and the medieval Muslim imagination",Christian Lange,KEEP_TRANSLATION,0,
2083,EN,Risk-Averse Capacity Control in Revenue Management,Christiane Barz,KEEP_CORE,0,
2084,EN,Bottoms,Christine Blass,KEEP_CORE,0,
2085,EN,Academic Press Dictionary of Science and Technology/Cd-Rom Version 1.0,Christopher Morris | Academic Press,KEEP_CORE,0,
2086,EN,Aliens in the Sky (Spooksville),Christopher Pike,KEEP_CORE,0,
2087,EN,Alosha,Christopher Pike,KEEP_CORE,0,
2088,EN,Attack of the killer crabs,Christopher Pike,KEEP_CORE,0,
2089,EN,Black blood,Christopher Pike,KEEP_CORE,0,
2090,EN,Bury Me Deep,Christopher Pike,KEEP_CORE,0,
2091,EN,Chain Letter,Christopher Pike,KEEP_CORE,0,
2092,EN,Chain Letter 2 - The Ancient Evil,Christopher Pike,KEEP_CORE,0,
2093,EN,Christorpher Pike's Tales of Terror,Christopher Pike,KEEP_CORE,0,
2094,EN,Cold People #5 (Spooksville),Christopher Pike,KEEP_CORE,0,
2095,EN,Die Softly,Christopher Pike,KEEP_CORE,0,
2096,EN,Fall into darkness,Christopher Pike,KEEP_CORE,0,
2097,EN,Falling,Christopher Pike,KEEP_CORE,0,
2098,EN,Final Friends,Christopher Pike,KEEP_CORE,0,
2099,EN,Final Friends Book 1,Christopher Pike,KEEP_CORE,0,
2100,EN,Gimme a kiss,Christopher Pike,KEEP_CORE,0,
2101,EN,Invasion of the No Ones (Spooksville),Christopher Pike,KEEP_CORE,0,
2102,EN,Last Act,Christopher Pike,KEEP_CORE,0,
2103,EN,Little People #8 (Spooksville),Christopher Pike,KEEP_CORE,0,
2104,EN,Magic fire,Christopher Pike,KEEP_CORE,0,
2105,EN,Monster,Christopher Pike,KEEP_CORE,0,
2106,EN,Phone fear,Christopher Pike,KEEP_CORE,0,
2107,EN,Remember Me,Christopher Pike,KEEP_CORE,0,
2108,EN,Remember me 2,Christopher Pike,KEEP_CORE,0,
2109,EN,Remember Me 3,Christopher Pike,KEEP_CORE,0,
2110,EN,Road to Nowhere,Christopher Pike,KEEP_CORE,0,
2111,EN,Sati,Christopher Pike,KEEP_CORE,0,
2112,EN,Scavenger hunt,Christopher Pike,KEEP_CORE,0,
2113,EN,See You Later,Christopher Pike,KEEP_CORE,0,
2114,EN,Slumber Party (Point Paperback),Christopher Pike,KEEP_CORE,0,
2115,EN,Spellbound,Christopher Pike,KEEP_CORE,0,
2116,EN,Spooksville,Christopher Pike,KEEP_CORE,0,
2117,EN,Spooksville,Christopher Pike,KEEP_CORE,0,
2118,EN,Tachyon web.,Christopher Pike,KEEP_CORE,0,
2119,EN,The Blind Mirror,Christopher Pike,KEEP_CORE,0,
2120,EN,The cold one,Christopher Pike,KEEP_CORE,0,
2121,EN,"The Creature in the Teacher (Spooksville, #13)",Christopher Pike,KEEP_CORE,0,
2122,EN,The dangerous quest,Christopher Pike,KEEP_CORE,0,
2123,EN,The dark corner,Christopher Pike,KEEP_CORE,0,
2124,EN,The Deadly Past,Christopher Pike,KEEP_CORE,0,
2125,EN,The eternal enemy,Christopher Pike,KEEP_CORE,0,
2126,EN,The Evil House (Spooksville # 14),Christopher Pike,KEEP_CORE,0,
2127,EN,The Haunted Cave,Christopher Pike,KEEP_CORE,0,
2128,EN,The hidden beast,Christopher Pike,KEEP_CORE,0,
2129,EN,The hollow skull,Christopher Pike,KEEP_CORE,0,
2130,EN,The howling ghost,Christopher Pike,KEEP_CORE,0,
2131,EN,The immortal,Christopher Pike,KEEP_CORE,0,
2132,EN,The LAST VAMPIRE (LAST VAMPIRE 1),Christopher Pike,KEEP_CORE,0,
2133,EN,The last vampire 4,Christopher Pike,KEEP_CORE,0,
2134,EN,The last vampire 5,Christopher Pike,KEEP_CORE,0,
2135,EN,The lost mind.,Christopher Pike,KEEP_CORE,0,
2136,EN,The Midnight Club,Christopher Pike,KEEP_CORE,0,
2137,EN,The Secret Path,Christopher Pike,KEEP_CORE,0,
2138,EN,The Shaktra (Sequel to Alosha),Christopher Pike,KEEP_CORE,0,
2139,EN,The star group,Christopher Pike,KEEP_CORE,0,
2140,EN,The Starlight Crystal,Christopher Pike,KEEP_CORE,0,
2141,EN,The Thing in the Closet,Christopher Pike,KEEP_CORE,0,
2142,EN,The VISITOR,Christopher Pike,KEEP_CORE,0,
2143,EN,The wishing stone,Christopher Pike,KEEP_CORE,0,
2144,EN,The Witch's Gift,Christopher Pike,KEEP_CORE,0,
2145,EN,The WITCH'S REVENGE (SPOOKSVILLE 6): THE WITCH'S REVENGE (SPOOKSVILLE),Christopher Pike,KEEP_CORE,0,
2146,EN,The Witch's Revenge/The Dark Corner/The Little People/The Wishing Star,Christopher Pike,KEEP_CORE,0,
2147,EN,The Yanti (An Alosha Novel),Christopher Pike,KEEP_CORE,0,
2148,EN,Time terror,Christopher Pike,KEEP_CORE,0,
2149,EN,Weekend (Point),Christopher Pike,KEEP_CORE,0,
2150,EN,Whisper of Death,Christopher Pike,KEEP_CORE,0,
2151,EN,Witch,Christopher Pike,KEEP_CORE,0,
2152,EN,You Are Here,Christopher Potter,KEEP_CORE,0,
2153,EN,"Korean Film Directors - ""IM Kwon-taek""",Chung Sung-ill,KEEP_CORE,0,
2154,EN,Transitions in context,"Clare Holdsworth | Morgan, David",KEEP_TRANSLATION,0,
2155,EN,"An apprenticeship, or, The book of delights",Clarice Lispector,KEEP_TRANSLATION,0,
2156,EN,Discovering the world,Clarice Lispector,KEEP_TRANSLATION,0,
2157,EN,Family ties.,Clarice Lispector,KEEP_TRANSLATION,0,
2158,EN,Near to the wild heart,Clarice Lispector,KEEP_TRANSLATION,0,
2159,EN,Soulstorm,Clarice Lispector,KEEP_TRANSLATION,0,
2160,EN,The Foreign Legion,Clarice Lispector,KEEP_TRANSLATION,0,
2161,EN,The hour of the star,Clarice Lispector,KEEP_TRANSLATION,0,
2162,EN,The passion according to G.H.,Clarice Lispector,KEEP_TRANSLATION,0,
2163,EN,The stream of life,Clarice Lispector,KEEP_TRANSLATION,0,
2164,EN,Água viva,Clarice Lispector,KEEP_TRANSLATION,0,
2165,EN,"Science, development, and violence",Claude Alphonso Alvares,KEEP_CORE,0,
2166,EN,La Compagnie Genevoise Des Colonies Suisses de Setif (1853-1956),Claude Lutzelschwab,KEEP_CORE,0,
2167,EN,Carnaval,Claudio Edinger,KEEP_CORE,0,
2168,EN,Encyclopedia of saints,Clemens Jöckle,KEEP_CORE,0,
2169,EN,Robot,Clive Gifford,KEEP_CORE,0,
2170,EN,Information visualization,Colin Ware,KEEP_CORE,0,
2171,EN,Beyond the outsider,Colin Wilson,KEEP_CORE,0,
2172,EN,Mysteries of the universe,Colin Wilson,KEEP_CORE,0,
2173,EN,Poltergeist!,Colin Wilson,KEEP_CORE,0,
2174,EN,Religion and the rebel.,Colin Wilson,KEEP_CORE,0,
2175,EN,"The musician as ""outsider""",Colin Wilson,KEEP_CORE,0,
2176,EN,The outsider.,Colin Wilson,KEEP_CORE,0,
2177,EN,The stature of man.,Colin Wilson,KEEP_CORE,0,
2178,EN,Aaltomania,Connah Roger,KEEP_CORE,0,
2179,EN,Sa(l)vaged Modernism (Arc book series),Connah Roger,KEEP_CORE,0,
2180,EN,Quantum Learning,Conrad P. Pritscher,KEEP_CORE,0,
2181,EN,Chasing Tales,Corinne Fowler,KEEP_CORE,0,
2182,EN,Civilizing Violence,Cornelia Isler-Kerenyi,KEEP_CORE,0,
2183,EN,The Slow Fix,Coyote,KEEP_CORE,0,
2184,EN,The end of economics?,Cristovam Buarque,KEEP_TRANSLATION,0,
2185,EN,Pico's Heptaplus and Biblical Hermeneutics (Studies in Medieval and Reformation Traditions),Crofton Black,KEEP_CORE,0,
2186,EN,Jigsaw puzzle family,Cynthia MacGregor,KEEP_CORE,0,
2187,EN,What Do You Know About Manners?,Cynthia MacGregor,KEEP_CORE,0,
2188,EN,Why do people die?,Cynthia MacGregor,KEEP_CORE,0,
2189,EN,Evidence of francophony in mediaeval Levant,Cyril Aslanov,KEEP_CORE,0,
2190,EN,"General Maps of Persia 1477 - 1925 (Handbook of Oriental Studies: Section 1, the Near and Middle East)",Cyrus Alai,KEEP_CORE,0,
2191,EN,Undead Theories,D Geelan,KEEP_CORE,0,
2192,EN,Genes and Means,D. Balasubramaniam,KEEP_CORE,0,
2193,EN,Ancient Jewish Law,D. Daube,KEEP_CORE,0,
2194,EN,PROTECTION EARTH SLOPES HYDRAULIC (Geotechnika),D. Morozova,KEEP_CORE,0,
2195,EN,Participation as process - process as growth,Dale Chandler | Andreas Fuglesang,KEEP_CORE,0,
2196,EN,GREEKS The Lighthouse of Civilization Throughout the Ages,Damian M. Danopoulos M.D.,KEEP_CORE,0,
2197,EN,The kibbutz,Dan Leon,KEEP_CORE,0,
2198,EN,Philosophy In Post-communist Europe.,Dane R. GORDON,KEEP_CORE,0,
2199,EN,dissertation practical and conciliatory,Daniel Chapman,KEEP_CORE,0,
2200,EN,A History of the United States,Daniel J. Boorstin | Brooks Mather Kelley,KEEP_CORE,0,
2201,EN,Topics in the philosphy of possible worlds,Daniel Patrick Nolan,KEEP_CORE,0,
2202,EN,Islamic Piety in Medieval Syria,Daniella Talmon-heller,KEEP_CORE,0,
2203,EN,The Modern Principalia,Dante C. Simbulan,KEEP_CORE,0,
2204,EN,The King Embodies the Word,Darleen N. Pryds,KEEP_CORE,0,
2205,EN,Technology Education,Dave Burghardt | Michael Hacker,KEEP_CORE,0,
2206,EN,"Aristotle's Ethics in the Italian Renaissance (Ca. 1300-1650): The Universities and the Problem of Moral Education (Education and Society in the Middle Ages and Renaissance, 13)",David A. Lines,KEEP_CORE,0,
2207,EN,Christianity in Modern China,David Cheung,KEEP_CORE,0,
2208,EN,Close encounters!,David Cody Weiss,KEEP_CORE,0,
2209,EN,Gargoyles,David Cody Weiss,KEEP_CORE,0,
2210,EN,Jingle all the way,David Cody Weiss,KEEP_CORE,0,
2211,EN,Kitty cornered,David Cody Weiss,KEEP_CORE,0,
2212,EN,Now and again,David Cody Weiss,KEEP_CORE,0,
2213,EN,Smallville: Animal Rage,David Cody Weiss,KEEP_CORE,0,
2214,EN,The Arrival:The Journey of Allen Strange #1:Nickelodeon (Journey of Allen Strange),David Cody Weiss,KEEP_CORE,0,
2215,EN,The tale of the mogul monster,David Cody Weiss,KEEP_CORE,0,
2216,EN,The free Negroes of North Carolina.,David Dodge,KEEP_CORE,0,
2217,EN,All the Way to the Gallows,David Drake,KEEP_CORE,0,
2218,EN,An Oblique Approach,David Drake,KEEP_CORE,0,
2219,EN,Battlestation,David Drake,KEEP_CORE,0,
2220,EN,Birds of prey,David Drake,KEEP_CORE,0,
2221,EN,Counting the cost,David Drake,KEEP_CORE,0,
2222,EN,"Dagger (Thieves World Novel, No 5)",David Drake,KEEP_CORE,0,
2223,EN,Explorers in hell,David Drake,KEEP_CORE,0,
2224,EN,Fireships,David Drake,KEEP_CORE,0,
2225,EN,"Fireships (Igniting the Reaches , No 3)",David Drake,KEEP_CORE,0,
2226,EN,Fortress,David Drake,KEEP_CORE,0,
2227,EN,Fortress (Tom Kelly),David Drake,KEEP_CORE,0,
2228,EN,"French Intellectuals and Politics from the Dreyfus Affair to the Occupation (French Politics, Society and Culture)",David Drake,KEEP_CORE,0,
2229,EN,From the heart of darkness,David Drake,KEEP_CORE,0,
2230,EN,Goddess of the ice realm,David Drake,KEEP_CORE,0,
2231,EN,Grimmer than hell,David Drake,KEEP_CORE,0,
2232,EN,Hammer's slammers,David Drake,KEEP_CORE,0,
2233,EN,Igniting the reaches,David Drake,KEEP_CORE,0,
2234,EN,In the stormy red sky,David Drake,KEEP_CORE,0,
2235,EN,"Justice (Northworld, 3)",David Drake,KEEP_CORE,0,
2236,EN,Lacey and His Friends,David Drake,KEEP_CORE,0,
2237,EN,Lord of the Isles,David Drake,KEEP_CORE,0,
2238,EN,"Lt. Leary, commanding",David Drake,KEEP_CORE,0,
2239,EN,Master of the cauldron,David Drake,KEEP_CORE,0,
2240,EN,"MEN HUNTING THINGS (Starhunters, Vol 1)",David Drake,KEEP_CORE,0,
2241,EN,Mistress of the Catacombs,David Drake,KEEP_CORE,0,
2242,EN,Northworld,David Drake,KEEP_CORE,0,
2243,EN,Northworld Trilogy,David Drake,KEEP_CORE,0,
2244,EN,Other Times Than Peace,David Drake,KEEP_CORE,0,
2245,EN,Paying the piper,David Drake,KEEP_CORE,0,
2246,EN,Queen of Demons (Lord of the Isles 2),David Drake,KEEP_CORE,0,
2247,EN,Ranks of Bronze,David Drake,KEEP_CORE,0,
2248,EN,Rolling Hot,David Drake,KEEP_CORE,0,
2249,EN,Seas of Venus,David Drake,KEEP_CORE,0,
2250,EN,Servant of the dragon,David Drake,KEEP_CORE,0,
2251,EN,Skyripper,David Drake,KEEP_CORE,0,
2252,EN,"Some Golden Harbor (RCN - Lt. Leary, Book 5)",David Drake,KEEP_CORE,0,
2253,EN,Starliner,David Drake,KEEP_CORE,0,
2254,EN,Surface Action,David Drake,KEEP_CORE,0,
2255,EN,The butcher's bill,David Drake,KEEP_CORE,0,
2256,EN,The Complete Hammer's Slammers Volume 1 (Complete Hammer's Slammers),David Drake,KEEP_CORE,0,
2257,EN,The Complete Hammer's Slammers Volume 2 (Complete Hammer's Slammers),David Drake,KEEP_CORE,0,
2258,EN,The far side of the stars,David Drake,KEEP_CORE,0,
2259,EN,The fortress of glass,David Drake,KEEP_CORE,0,
2260,EN,The gods return,David Drake,KEEP_CORE,0,
2261,EN,The Jungle,David Drake,KEEP_CORE,0,
2262,EN,The mirror of worlds,David Drake,KEEP_CORE,0,
2263,EN,The reaches,David Drake,KEEP_CORE,0,
2264,EN,The Square Deal,David Drake,KEEP_CORE,0,
2265,EN,The Tank Lords (Hammer's Slammer's),David Drake,KEEP_CORE,0,
2266,EN,The voyage,David Drake,KEEP_CORE,0,
2267,EN,The Way to Glory,David Drake,KEEP_CORE,0,
2268,EN,The Way to Glory (RCN),David Drake,KEEP_CORE,0,
2269,EN,Things Hunting Men,David Drake,KEEP_CORE,0,
2270,EN,Time safari,David Drake,KEEP_CORE,0,
2271,EN,With the Lightnings,David Drake,KEEP_CORE,0,
2272,EN,Enemy Of My Enemy,David Drake | Ben Ohlander,KEEP_CORE,0,
2273,EN,Techniques and assumptions in Jewish exegesis before 70 CE (Texte und Studien zum antiken Judentum),David Instone Brewer,KEEP_CORE,0,
2274,EN,"Design, Specification And Verification Of Interactive Systems '99 (Eurographics)",David J Duke,KEEP_CORE,0,
2275,EN,Reason and the Passions in the Comedies of Calderon (Purdue University Monographs in Romance Languages),David J. Hildner,KEEP_CORE,0,
2276,EN,The new reckoning,David Marquand,KEEP_CORE,0,
2277,EN,An Anthology of African Photography,David Newnham,KEEP_CORE,0,
2278,EN,The dawn of political nihilism,David Ohana,KEEP_CORE,0,
2279,EN,"GO FETCH! SABRINA, THE TEENAGE WITCH #13 (Sabrina The Teenage Witch)",David Weiss | Bobbi J. G. Weiss | David Cody Weiss,KEEP_CORE,0,
2280,EN,Economic and human development in contemporary India,Debdas Banerjee,KEEP_CORE,0,
2281,EN,King Arthur and the Knights of the Round Table,Deborah Tempest,KEEP_CORE,0,
2282,EN,"The poverty of ""development economics""",Deepak Lal,KEEP_CORE,0,
2283,EN,Unintended consequences,Deepak Lal,KEEP_CORE,0,
2284,EN,The new social studies,Denis Lawton,KEEP_CORE,0,
2285,EN,Midsummer,Derek Walcott,KEEP_CORE,0,
2286,EN,What the twilight says,Derek Walcott,KEEP_CORE,0,
2287,EN,The human animal,Desmond Morris,KEEP_CORE,0,
2288,EN,The Art of Reform in Eleventh-Century Flanders,Diane J. Reilly,KEEP_CORE,0,
2289,EN,Behind His Back (Love Stories),Diane Schwemm,KEEP_CORE,0,
2290,EN,Don't Say Goodbye (Love Stories),Diane Schwemm,KEEP_CORE,0,
2291,EN,"Laurel (The Year I Turned Sixteen, Number 3)",Diane Schwemm,KEEP_CORE,0,
2292,EN,Lily,Diane Schwemm,KEEP_CORE,0,
2293,EN,The Encyclopedia of Sexually Transmitted Diseases (Facts on File Library of Health and Living),"Diane Stafford | Jennifer, M.D. Shoquist | Jennifer Shoquist",KEEP_CORE,0,
2294,EN,MIGRATION EMOTION IDENTITIES (Studienreihe Konfliktforschung),Dieter Bichlbauer | Angelika Kofler,KEEP_CORE,0,
2295,EN,Nanomaterials,Dieter Vollath | D. Vollath,KEEP_CORE,0,
2296,EN,Territorial Cohesion (German Annual of Spatial Research and Policy),Dietmar Scholich,KEEP_CORE,0,
2297,EN,Getting Started with Computer Concepts,Digital Content Factory,KEEP_CORE,0,
2298,EN,Application Fractals Earth Science,Dimri,KEEP_CORE,0,
2299,EN,"Performance and Consciousness (Performing Arts International, Volume 1, Part 4)",DINKGRAFE,KEEP_CORE,0,
2300,EN,Essays on Frege's Conception of Truth. (Grazer Philosophische Studien 75) (Grazer Philosophische Studien),Dirk Greismann,KEEP_CORE,0,
2301,EN,The king of drinks,Dmitri van den Bersselaar,KEEP_CORE,0,
2302,EN,Classical Arabic Verse,Dmitry Frolov,KEEP_CORE,0,
2303,EN,The social sciences in Canada,Donald Fisher,KEEP_CORE,0,
2304,EN,Science and Culture for Members Only,Donna C. Mehos,KEEP_CORE,0,
2305,EN,Three Armies in Britain,Douglas Biggs,KEEP_CORE,0,
2306,EN,Physics: Principles With Applicaitons,Douglas C. Giancoli,KEEP_CORE,0,
2307,EN,Christine de Pizan's Changing Opinion,Douglas Kelly,KEEP_CORE,0,
2308,EN,Harcourt Social Studies A Child's View,Dr. Michael J. Berson | Dr. Tyrone C. Howard | Dr. Cinthia Salinas,KEEP_CORE,0,
2309,EN,Playing Golf in the Philippines,Drs. D.J. Barreveld,KEEP_CORE,0,
2310,EN,After the Taliban,Dyan E. Mazurana,KEEP_CORE,0,
2311,EN,Phoenician furniture,E. Gubel,KEEP_CORE,0,
2312,EN,Negligence. The Comparative Legal History of the Law of Torts. (Comparative Studies in Continental and Anglo-American Legal History; CSC 22),E. J. H. Schrage,KEEP_CORE,0,
2313,EN,Key Works in Radical Constructivism (Bold Visions in Educational Research),E. Von Glasersfeld,KEEP_CORE,0,
2314,EN,Challenges in Scientific Computing - CISC 2002,Eberhard Bänsch,KEEP_CORE,0,
2315,EN,Salvation for the Righteous Revealed,Ed Condra,KEEP_CORE,0,
2316,EN,Transcultural Wars from the Middle Ages to the 21st Century,ed. Hans-Henning Kortum,KEEP_CORE,0,
2317,EN,"Smart schools, smart kids",Edward B. Fiske,KEEP_CORE,0,
2318,EN,"Civilisation: Its Cause and Cure, and Other Essays",Edward Carpenter,KEEP_CORE,0,
2319,EN,Intermediate Types among Primitive Folk,Edward Carpenter,KEEP_CORE,0,
2320,EN,The intermediate sex,Edward Carpenter,KEEP_CORE,0,
2321,EN,The origin and development of early Indian contemplative practices (Studies in Oriental religions),Edward Fitzpatrick Crangle,KEEP_CORE,0,
2322,EN,Cultural Travel And Migrancy,Edwin Jurriens,KEEP_CORE,0,
2323,EN,"Middle Knowledge (Studies in Philosophical Theology Series, 20)",Eef Dekker,KEEP_CORE,0,
2324,EN,Model-Checking Based Data Retrieval,Elisa Quintarelli,KEEP_CORE,0,
2325,EN,Dance!,Elisha Cooper,KEEP_CORE,0,
2326,EN,Ice Cream,Elisha Cooper,KEEP_CORE,0,
2327,EN,Ridiculous/hilarious/terrible/cool,Elisha Cooper,KEEP_CORE,0,
2328,EN,Brazen Angel,Elizabeth Boyle,KEEP_CORE,0,
2329,EN,Brazen heiress,Elizabeth Boyle,KEEP_CORE,0,
2330,EN,Brazen Temptress,Elizabeth Boyle,KEEP_CORE,0,
2331,EN,Confessions of a little black gown,Elizabeth Boyle,KEEP_CORE,0,
2332,EN,His Mistress By Morning (Avon Romantic Treasure),Elizabeth Boyle,KEEP_CORE,0,
2333,EN,It takes a hero,Elizabeth Boyle,KEEP_CORE,0,
2334,EN,Love Letters From a Duke,Elizabeth Boyle,KEEP_CORE,0,
2335,EN,No Marriage of Convenience (Avon Romantic Treasure),Elizabeth Boyle,KEEP_CORE,0,
2336,EN,Once Tempted (Avon Historical Romance),Elizabeth Boyle,KEEP_CORE,0,
2337,EN,One night of passion,Elizabeth Boyle,KEEP_CORE,0,
2338,EN,Something about Emmaline,Elizabeth Boyle,KEEP_CORE,0,
2339,EN,Stealing the Bride,Elizabeth Boyle,KEEP_CORE,0,
2340,EN,Tempted by the Night,Elizabeth Boyle,KEEP_CORE,0,
2341,EN,This Rake of Mine (Avon Romantic Treasure),Elizabeth Boyle,KEEP_CORE,0,
2342,EN,Resilience,Elizabeth Edwards,KEEP_CORE,0,
2343,EN,1609,Elizabeth Massie,KEEP_CORE,0,
2344,EN,A Forest Community Nf-Sb (Pair-It Books),Elizabeth Massie,KEEP_CORE,0,
2345,EN,A House Divided-A Novel of the Civil War (Young Founders),Elizabeth Massie,KEEP_CORE,0,
2346,EN,Barbara's escape,Elizabeth Massie,KEEP_CORE,0,
2347,EN,Homeplace,Elizabeth Massie,KEEP_CORE,0,
2348,EN,Maryland,Elizabeth Massie,KEEP_CORE,0,
2349,EN,Patsy and the Declaration,Elizabeth Massie,KEEP_CORE,0,
2350,EN,Patsy's discovery,Elizabeth Massie,KEEP_CORE,0,
2351,EN,Sineater,Elizabeth Massie,KEEP_CORE,0,
2352,EN,"The Great Chicago Fire, 1871",Elizabeth Massie,KEEP_CORE,0,
2353,EN,Wire mesh mothers,Elizabeth Massie,KEEP_CORE,0,
2354,EN,New World,Elizabeth Nakin Kornhauser,KEEP_CORE,0,
2355,EN,Treasure in clay jars,Elizabeth Ostrander Sutton,KEEP_CORE,0,
2356,EN,Origins of the State and civilization,Elman R. Service,KEEP_CORE,0,
2357,EN,Contemporary philosophy - since 1850,Emile Bréhier,KEEP_TRANSLATION,0,
2358,EN,The seventeenth century,Emile Bréhier,KEEP_TRANSLATION,0,
2359,EN,The abandoned rake,Emily Harland | Emily Hendrickson,KEEP_CORE,0,
2360,EN,A Chance Encounter,Emily Hendrickson,KEEP_CORE,0,
2361,EN,A Country Miss,Emily Hendrickson,KEEP_CORE,0,
2362,EN,A Perilous Engagement,Emily Hendrickson,KEEP_CORE,0,
2363,EN,A Scandalous Suggestion,Emily Hendrickson,KEEP_CORE,0,
2364,EN,Althea's Grand Tour,Emily Hendrickson,KEEP_CORE,0,
2365,EN,An Uncommon Bequest,Emily Hendrickson,KEEP_CORE,0,
2366,EN,Double Deceit,Emily Hendrickson,KEEP_CORE,0,
2367,EN,Drusilla's Downfall,Emily Hendrickson,KEEP_CORE,0,
2368,EN,Elizabeth's Rake,Emily Hendrickson,KEEP_CORE,0,
2369,EN,Harriet's Beau,Emily Hendrickson,KEEP_CORE,0,
2370,EN,Hidden Inheritance,Emily Hendrickson,KEEP_CORE,0,
2371,EN,Julia's Spirit,Emily Hendrickson,KEEP_CORE,0,
2372,EN,Lady Sara's Scheme,Emily Hendrickson,KEEP_CORE,0,
2373,EN,Lord Barry's Dream House,Emily Hendrickson,KEEP_CORE,0,
2374,EN,Lord Huntingdon's Legacy,Emily Hendrickson,KEEP_CORE,0,
2375,EN,Lord Nick's Folly,Emily Hendrickson,KEEP_CORE,0,
2376,EN,Lord Ware's Widow,Emily Hendrickson,KEEP_CORE,0,
2377,EN,Miss Chesney's Charade,Emily Hendrickson,KEEP_CORE,0,
2378,EN,Miss Haycroft's Suitors,Emily Hendrickson,KEEP_CORE,0,
2379,EN,Miss Timothy Perseveres,Emily Hendrickson,KEEP_CORE,0,
2380,EN,Miss Wyndham's Escapade,Emily Hendrickson,KEEP_CORE,0,
2381,EN,My Lady Faire,Emily Hendrickson,KEEP_CORE,0,
2382,EN,Pursuing Priscilla,Emily Hendrickson,KEEP_CORE,0,
2383,EN,Queen of the May,Emily Hendrickson,KEEP_CORE,0,
2384,EN,Tabitha's Tangle,Emily Hendrickson,KEEP_CORE,0,
2385,EN,The Colonial Upstart,Emily Hendrickson,KEEP_CORE,0,
2386,EN,The Contrary Corinthian,Emily Hendrickson,KEEP_CORE,0,
2387,EN,The Dangerous Baron Leigh,Emily Hendrickson,KEEP_CORE,0,
2388,EN,The Dashing Miss Fairchild,Emily Hendrickson,KEEP_CORE,0,
2389,EN,The Debonair Duke,Emily Hendrickson,KEEP_CORE,0,
2390,EN,The Fashionable Spy,Emily Hendrickson,KEEP_CORE,0,
2391,EN,The Gallant Lord Ives,Emily Hendrickson,KEEP_CORE,0,
2392,EN,The Ivory Dragon,Emily Hendrickson,KEEP_CORE,0,
2393,EN,The Madcap Heiress,Emily Hendrickson,KEEP_CORE,0,
2394,EN,The Rake and the Redhead,Emily Hendrickson,KEEP_CORE,0,
2395,EN,The Rake and the Redhead / Lord Dancy's Delight,Emily Hendrickson,KEEP_CORE,0,
2396,EN,The Rake's Revenge,Emily Hendrickson,KEEP_CORE,0,
2397,EN,The Scoundrel's Bride,Emily Hendrickson,KEEP_CORE,0,
2398,EN,The Unexpected Wife,Emily Hendrickson,KEEP_CORE,0,
2399,EN,The Wicked Proposal,Emily Hendrickson,KEEP_CORE,0,
2400,EN,Storm,Eric Barrett,KEEP_CORE,0,
2401,EN,Sites of the Uncanny,Eric Kligerman,KEEP_CORE,0,
2402,EN,Times of the Signs: Communication and Information,Eric Sadin,KEEP_TRANSLATION,0,
2403,EN,The Troll Boy and the Witch,Erik Arpi,KEEP_TRANSLATION,0,
2404,EN,Problem of Order,Ernest William Talbert,KEEP_CORE,0,
2405,EN,"DEVELOPMENT ECONOMICS BETWEEN MARKETS AND INSTITUTIONS INCENTIVES FOR GROWTH, FOODà (Mansholt)",Erwin Bulte,KEEP_CORE,0,
2406,EN,"Leisure, Pleasure and Healing (Supplements to the Journal for the Study of Judaism)",Estee Dvorjetski,KEEP_CORE,0,
2407,EN,Old World Journey,Eva Zetterberg Pettersson,KEEP_CORE,0,
2408,EN,Desired Haven,Evelyn M. Richardson,KEEP_CORE,0,
2409,EN,No Small Tempest,Evelyn M. Richardson,KEEP_CORE,0,
2410,EN,A Foreign Affair,Evelyn Richardson,KEEP_CORE,0,
2411,EN,A Lady of Talent,Evelyn Richardson,KEEP_CORE,0,
2412,EN,Fortune's Lady,Evelyn Richardson,KEEP_CORE,0,
2413,EN,Lady Alex's Gamble,Evelyn Richardson,KEEP_CORE,0,
2414,EN,Lord Harry's Daughter,Evelyn Richardson,KEEP_CORE,0,
2415,EN,Miss Cresswell's London Triumph,Evelyn Richardson,KEEP_CORE,0,
2416,EN,My Lady Nightingale,Evelyn Richardson,KEEP_CORE,0,
2417,EN,My Wayward Lady,Evelyn Richardson,KEEP_CORE,0,
2418,EN,The Education of Lady Frances / Miss Cresswell's London Triumph,Evelyn Richardson,KEEP_CORE,0,
2419,EN,The Gallant Guardian,Evelyn Richardson,KEEP_CORE,0,
2420,EN,The Scandalous Widow,Evelyn Richardson,KEEP_CORE,0,
2421,EN,The Willful Widow,Evelyn Richardson,KEEP_CORE,0,
2422,EN,Sectarianism in Qumran,Eyal Regev,KEEP_CORE,0,
2423,EN,Christian theology and social progress,F.W Bussell,KEEP_CORE,0,
2424,EN,Energy and the Deregulated Marketplace 1998 Survey,Fairmont Press | Ruth Bennett Fowler,KEEP_CORE,0,
2425,EN,Ismat's Eid,Fawzia Gilani,KEEP_CORE,0,
2426,EN,"Passover in the Works of Josephus (Supplements to the Journal for the Study of Judaism, V. 75)",Federico M. Colautti,KEEP_CORE,0,
2427,EN,"Sulla, the Elites and the Empire",Federico Santangelo,KEEP_CORE,0,
2428,EN,Dependency and development in Latin America,Fernando Henrique Cardoso,KEEP_TRANSLATION,0,
2429,EN,The House of Lords during the Civil War,"Firth, Charles Harding Sir.",KEEP_CORE,0,
2430,EN,"The annals of Flodoard of Reims, 919-966",Flodoard of Reims,KEEP_TRANSLATION,0,
2431,EN,Cinematograph of words,Flora Süssekind,KEEP_TRANSLATION,0,
2432,EN,Qumranica Minora I (Studies on the Texts of the Desert of Judah),Florentino Garcfa Martfnez,KEEP_CORE,0,
2433,EN,Fundamental Neuroscience CD-ROM,Floyd E. Bloom | Story C. Landis,KEEP_CORE,0,
2434,EN,ENJOYMENT AND THE ACTIVITY OF MIND. Dialogues on Whitehead and Education. (Value Inquiry Book Series 100) (Value Inquiry Book),Foster N. Walker,KEEP_CORE,0,
2435,EN,"Fostoria glassware, 1887-1982",Frances Bones,KEEP_CORE,0,
2436,EN,Hillsboro Crusade Sketches And Family Record,Frances Elizabeth Willard | Eliza Jane Trimble Thompson,KEEP_CORE,0,
2437,EN,Domestic Slavery Considered As A Scriptural Institution,Francis Wayland | Richard Fuller,KEEP_CORE,0,
2438,EN,Family Living,Frank D. Cox | Carol Canada,KEEP_CORE,0,
2439,EN,The Pavilion of Marital Harmony,Frank Dunand,KEEP_CORE,0,
2440,EN,Municipal administration in the Roman Empire,Frank Frost Abbott,KEEP_CORE,0,
2441,EN,World Guide to Scientific Assoications and Learned Societies (World Guide to Scientific Associations and Learned Societies),Frank Kirchner,KEEP_CORE,0,
2442,EN,The new face of science,Fred Hoyle,KEEP_CORE,0,
2443,EN,Popular culture and political power,Fred Inglis,KEEP_CORE,0,
2444,EN,A century of progress,Fred Saberhagen,KEEP_CORE,0,
2445,EN,An armory of swords,Fred Saberhagen,KEEP_CORE,0,
2446,EN,An old friend of the family,Fred Saberhagen,KEEP_CORE,0,
2447,EN,Berserker,Fred Saberhagen,KEEP_CORE,0,
2448,EN,Berserker fury,Fred Saberhagen,KEEP_CORE,0,
2449,EN,Brother Assassin,Fred Saberhagen,KEEP_CORE,0,
2450,EN,Empire of the East,Fred Saberhagen,KEEP_CORE,0,
2451,EN,Golden People,Fred Saberhagen,KEEP_CORE,0,
2452,EN,Mindsword's story,Fred Saberhagen,KEEP_CORE,0,
2453,EN,Octagon,Fred Saberhagen,KEEP_CORE,0,
2454,EN,Pyramids,Fred Saberhagen,KEEP_CORE,0,
2455,EN,Shiva in steel,Fred Saberhagen,KEEP_CORE,0,
2456,EN,Stonecutter's story,Fred Saberhagen,KEEP_CORE,0,
2457,EN,Séance for a vampire,Fred Saberhagen,KEEP_CORE,0,
2458,EN,The arrival,Fred Saberhagen,KEEP_CORE,0,
2459,EN,The berserker throne,Fred Saberhagen,KEEP_CORE,0,
2460,EN,The Berserker wars,Fred Saberhagen,KEEP_CORE,0,
2461,EN,The Dracula Tape,Fred Saberhagen,KEEP_CORE,0,
2462,EN,The First Book of Lost Swords: Woundhealer's Story,Fred Saberhagen,KEEP_CORE,0,
2463,EN,The First Book of Swords,Fred Saberhagen,KEEP_CORE,0,
2464,EN,The Frankenstein Papers,Fred Saberhagen,KEEP_CORE,0,
2465,EN,The Lost Swords,Fred Saberhagen,KEEP_CORE,0,
2466,EN,The second book of swords,Fred Saberhagen,KEEP_CORE,0,
2467,EN,The third book of swords,Fred Saberhagen,KEEP_CORE,0,
2468,EN,Thorn.,Fred Saberhagen,KEEP_CORE,0,
2469,EN,Water of Thought,Fred Saberhagen,KEEP_CORE,0,
2470,EN,The Holmes Dracula File,Fred Saberhagen | Fred Saberhagen | Robin Bloodworth,KEEP_CORE,0,
2471,EN,Abstract Compositional Analysis of Iterated Relations,Frederic Geurts,KEEP_CORE,0,
2472,EN,Answer Key to Engineering Drawing (Problem),Frederick E. Giesecke | John Thomas Dygdon | James E. Novak,KEEP_CORE,0,
2473,EN,SEE THE MUSIC HEAR THE DANCE,Frederick John Lamp,KEEP_CORE,0,
2474,EN,Advances in Marine Biology,Frederick S. Russell | J. H. S. Blaxter,KEEP_CORE,0,
2475,EN,Christianity and history,Frederick William James Butler,KEEP_CORE,0,
2476,EN,Creating Spaces For Action,Frida Nilsson,KEEP_CORE,0,
2477,EN,"The æsthetic letters, essays",Friedrich Schiller,KEEP_TRANSLATION,0,
2478,EN,The Knight and Knave of Swords,Fritz Leiber | Neil Gaiman | Jonathan Davis,KEEP_CORE,0,
2479,EN,The Brothers Karamazov,Fyodor Dostoyevsky,KEEP_TRANSLATION,0,
2480,EN,Contemporary philosophical alternatives and the crisis of truth,G. A. Rauche,KEEP_CORE,0,
2481,EN,[Sigma] and [pi] electrons in organic compounds,G. Del Re | W. Kutzelnigg | G. Berthier,KEEP_CORE,0,
2482,EN,Chemical Processes in Waste Water Treatment (Water and Wastewater Technology),G. Mattock | W. J. Eilbeck,KEEP_CORE,0,
2483,EN,The Physical Environment of the Faeroe Islands (Monographiae Biologicae),G.K. Rutherford,KEEP_CORE,0,
2484,EN,Magazine Beach,"Gannett, Lewis.",KEEP_CORE,0,
2485,EN,The siege,"Gannett, Lewis.",KEEP_CORE,0,
2486,EN,The faith of Dante Alighieri,Geoffrey F. Nuttall,KEEP_CORE,0,
2487,EN,Introduction to social science,George C. Attebury,KEEP_CORE,0,
2488,EN,Negotiating Toward Truth.,George David MILLER,KEEP_CORE,0,
2489,EN,Science and the Unknown,George Smith | M.D. G. Kent Smith,KEEP_CORE,0,
2490,EN,The Revelation of Elchasai,Gerald P. Luttikhuizen,KEEP_CORE,0,
2491,EN,Metaphors In Medical Texts.(Utrecht Studies in Language and Communication 8),Geraldine W. van Rijn-Van Tongeren,KEEP_CORE,0,
2492,EN,Progressive governance for the XXI century,Gerhard Schroder,KEEP_CORE,0,
2493,EN,Essays on the Foundations of Mathematics and Logic 1,Giandomenico Sica,KEEP_CORE,0,
2494,EN,Is God Sad?,Gil Daleski,KEEP_CORE,0,
2495,EN,"Science, Pseudo-Science, And Moral Values","Gila, Gat Tilman",KEEP_CORE,0,
2496,EN,"Discovering Spiders, Snails and Other Creepy Crawlies (Young Naturalist 1)",Gilles Brillon,KEEP_CORE,0,
2497,EN,"STORY OF A CONQUEST, THE",Gilles Pivard,KEEP_TRANSLATION,0,
2498,EN,Trinity and Man (Supplements to Vigiliae Christianae),Giulio Maspero,KEEP_CORE,0,
2499,EN,Inside Sydney,Giulio Veggi,KEEP_CORE,0,
2500,EN,Ship Collision Analysis (Proc Intl Symp,Gluver,KEEP_CORE,0,
2501,EN,INTEGRATING & ARTICULATING ENVIRONMENTS (Integrated Assessment Studies),Goksen,KEEP_CORE,0,
2502,EN,Concurrent Engineer W/cd,Goncalves,KEEP_CORE,0,
2503,EN,Electronic Handbook of Optical Constants of Solids,Gorachand Ghosh | Edward D. Palik,KEEP_CORE,0,
2504,EN,"Universal Ethics:Perspectives and Proposals from Scandinavian Scholars (The Raoul Wallenberg Institute Human Rights Library, Volume 11)",Goran Bexell,KEEP_CORE,0,
2505,EN,Ultimate high,Goran Kropp | David Lagercrantz | Göran Kropp,KEEP_TRANSLATION,0,
2506,EN,Global culture/individual identity,Gordon Mathews,KEEP_CORE,0,
2507,EN,Using SPSS for Windows,"Green, Samuel B.",KEEP_CORE,0,
2508,EN,Luann,Greg Evans,KEEP_CORE,0,
2509,EN,Evaluation of the Vedantic Critique of Buddhism,Gregory J. Darling,KEEP_CORE,0,
2510,EN,The Political Science Student Writers Nanual,Gregory M. Scott | Stephen M. Garrison,KEEP_CORE,0,
2511,EN,The Logos of the Bios 1,Guenther Witzany,KEEP_CORE,0,
2512,EN,Ontology and the Logistic Analysis of Language,Guido Küng,KEEP_CORE,0,
2513,EN,Half of an elephant,Gustavo Rosemffet,KEEP_TRANSLATION,0,
2514,EN,"The Sanhuri Code, and the Emergence of Modern Arab Civil Law (1932 to 1949) (Studies in Islamic Law and Society)",Guy Bechor,KEEP_CORE,0,
2515,EN,Visions in Late Medieval England,Gwenfair Walters Adams,KEEP_CORE,0,
2516,EN,The adventures of Sindbad,Gyula Krúdy,KEEP_TRANSLATION,0,
2517,EN,"D-DAY AND BATTLE OF NORMANDY, THE",Gérard Legout,KEEP_TRANSLATION,0,
2518,EN,Models in statistical social research,Götz Rohwer,KEEP_CORE,0,
2519,EN,101 president jokes,H. Illustrated by Schwadron | Melvin Berger,KEEP_CORE,0,
2520,EN,Science Awakening II,H. van der Waerden,KEEP_CORE,0,
2521,EN,Progress In Botany Volume 58,H.D. BEHNKE,KEEP_CORE,0,
2522,EN,Engineer Sport,Haake,KEEP_CORE,0,
2523,EN,"The Value of Victory in Pindar's Odes (Mnemosyne, Bibliotheca Classica Batava Supplementum)",Hanna Boeke,KEEP_CORE,0,
2524,EN,The Human Condition,Hannah Arendt,KEEP_CORE,0,
2525,EN,The portable Hannah Arendt,Hannah Arendt,KEEP_CORE,0,
2526,EN,Joy-Bearing Grief,Hannah Hunt,KEEP_CORE,0,
2527,EN,The art of scientific writing,Hans F. Ebel,KEEP_CORE,0,
2528,EN,The Berggruen Collection Berlin (Prestel Museum Guides),Hans Jurgen Papies,KEEP_CORE,0,
2529,EN,Raids and reconstructions,Hans Magnus Enzensberger,KEEP_TRANSLATION,0,
2530,EN,Aesthetics of the Elements,Hans-Erik Larsen,KEEP_CORE,0,
2531,EN,"Human Rights and Good Governance:Building Bridges (The Raoul Wallenberg Institute Human Rights Library, 9)",Hans-Otto Sano,KEEP_CORE,0,
2532,EN,It's my life,"Harrison, Michael",KEEP_CORE,0,
2533,EN,The Final Curtain,Harry Garlick,KEEP_CORE,0,
2534,EN,Lifelines (Lifelines (Prentice Hall)),Harry Pomann | Barbara Foley,KEEP_CORE,0,
2535,EN,Resistance in Vichy France,Harry Roderick Kedward,KEEP_CORE,0,
2536,EN,Border lord,Haywood Smith,KEEP_CORE,0,
2537,EN,Damask rose,Haywood Smith,KEEP_CORE,0,
2538,EN,Dangerous gifts,Haywood Smith,KEEP_CORE,0,
2539,EN,Highland princess,Haywood Smith,KEEP_CORE,0,
2540,EN,Ladies of the lake,Haywood Smith,KEEP_CORE,0,
2541,EN,Queen bee of Mimosa Branch,Haywood Smith,KEEP_CORE,0,
2542,EN,Secrets In Satin,Haywood Smith,KEEP_CORE,0,
2543,EN,Shadows In Velvet,Haywood Smith,KEEP_CORE,0,
2544,EN,The Red Hat Club,Haywood Smith,KEEP_CORE,0,
2545,EN,The red hat club rides again,Haywood Smith,KEEP_CORE,0,
2546,EN,Wedding belles,Haywood Smith,KEEP_CORE,0,
2547,EN,MSC Maximal Stress Cooperation,Heiner Mühlmann,KEEP_CORE,0,
2548,EN,Non-Aristotelian Drama in Eighteenth Century Germany and Its Modernity,Helga S. Madland,KEEP_CORE,0,
2549,EN,Applied Charged Particle Optics,Helmut Liebl,KEEP_CORE,0,
2550,EN,Bilingual Lexicography from a Communicative Perspective (Terminology and Lexicography Research and Practice),Heming Yong | Jing Peng,KEEP_CORE,0,
2551,EN,A Spirited Exchange (The Northern World),Henriette De Bruyn Kops,KEEP_CORE,0,
2552,EN,Archaeology,Henry Hankey,KEEP_CORE,0,
2553,EN,Henry Moore on sculpture,Henry Moore,KEEP_CORE,0,
2554,EN,Henry Moore's sheep sketchbook,Henry Moore,KEEP_CORE,0,
2555,EN,"Essays: moral, political and aesthetic.",Herbert Spencer,KEEP_CORE,0,
2556,EN,Social statics,Herbert Spencer,KEEP_CORE,0,
2557,EN,"Social statics, abridged and rev.",Herbert Spencer,KEEP_CORE,0,
2558,EN,"Social statics, abridged and revised",Herbert Spencer,KEEP_CORE,0,
2559,EN,"Social statics: or, The conditions essential to human happiness specified, and the first of them developed",Herbert Spencer,KEEP_CORE,0,
2560,EN,"Social statistics; or, Order, abridged and revised",Herbert Spencer,KEEP_CORE,0,
2561,EN,The principles of sociology,Herbert Spencer,KEEP_CORE,0,
2562,EN,Spectacular Chemical Experiments,Herbert W. Roesky,KEEP_CORE,0,
2563,EN,Quest for the Phoenix,Hereward Tilton,KEEP_CORE,0,
2564,EN,Narrative of the Anabaptist Madness,Hermann Von Kerssenbrock,KEEP_TRANSLATION,0,
2565,EN,"Farewell, Conch Republic",Hialeah Jackson,KEEP_CORE,0,
2566,EN,The alligator's farewell,Hialeah Jackson,KEEP_CORE,0,
2567,EN,Meaning and the moral sciences,Hilary Putman,KEEP_CORE,0,
2568,EN,Music and Poetry in France from Baudelaire to Mallarme,Hillery,KEEP_CORE,0,
2569,EN,Philosophical Theology and East-West Dialogue.,Hisakazu,KEEP_CORE,0,
2570,EN,Greedy Puppy,Hou Guanbin,KEEP_TRANSLATION,0,
2571,EN,Amazin' Met Memories,Howard Blatt,KEEP_CORE,0,
2572,EN,Gary Payton,Howard Blatt,KEEP_CORE,0,
2573,EN,NBA Fun Facts and Trivia,Howard Blatt,KEEP_CORE,0,
2574,EN,The NBA's 10 greatest teams ever,Howard Blatt,KEEP_CORE,0,
2575,EN,Community life and civic problems,Howard Copeland Hill,KEEP_CORE,0,
2576,EN,Law and the social sciences,Huntington Cairns,KEEP_CORE,0,
2577,EN,The Boy In The Invisible Box,"I., H. Reiss",KEEP_CORE,0,
2578,EN,Feersum endjinn,Iain Banks,KEEP_CORE,0,
2579,EN,Look to windward,Iain Banks,KEEP_CORE,0,
2580,EN,Matter,Iain Banks,KEEP_CORE,0,
2581,EN,The player of games,Iain Banks,KEEP_CORE,0,
2582,EN,The Popes and the Baltic Crusades 1147-1254 (The Northern World),Iben Fonnesberg-schmidt,KEEP_CORE,0,
2583,EN,Soil Pollution,Ibrahim Mirsal,KEEP_CORE,0,
2584,EN,Maritime Work Law Fundamentals,Iliana Christodoulou-Varotsi,KEEP_CORE,0,
2585,EN,The understanding of Jenner Ransfield,Imogen de la Bere,KEEP_CORE,0,
2586,EN,Shakespeare and race,Imtiaz H. Habib,KEEP_CORE,0,
2587,EN,Risks in the Making,Ine Van Hoyweghen,KEEP_CORE,0,
2588,EN,Impressionism,Ines Janet Engelmann,KEEP_TRANSLATION,0,
2589,EN,"The Quality of Heroic Living, of High Endeavour and Adventure",Inger Marie Okkenhaug,KEEP_CORE,0,
2590,EN,Ethik der Liebe. Studien zu Kierkegaards 'Taten der Liebe'.,Ingolf Dalferth,KEEP_CORE,0,
2591,EN,Methods and Applications of Artificial Intelligence,Ioannis P. Vlahavas,KEEP_CORE,0,
2592,EN,The Austrian National Library (Prestel Museum Guide),Irina Kubadinow,KEEP_CORE,0,
2593,EN,"Tribal innovators: Tswana chiefs and social change, 1795-1940",Isaac Schapera,KEEP_CORE,0,
2594,EN,Evaluating a therapeutic intervention programme,Istifan Maroon,KEEP_CORE,0,
2595,EN,The celebration,Ivan Angelo,KEEP_TRANSLATION,0,
2596,EN,Tower of Glass,Ivan Angelo,KEEP_TRANSLATION,0,
2597,EN,Last Chance for Destiny,"Ivette, Cardoso",KEEP_CORE,0,
2598,EN,Idealization Vthe Dynamics of Idealizations (Poznan Studies in the Philosophy of the Sciences and the Humanities),Izabella Nowakowa,KEEP_CORE,0,
2599,EN,Idealization.,Izabella Nowakowa,KEEP_CORE,0,
2600,EN,Mathematical Foundations of Computer Science 1975,J. Becvar,KEEP_CORE,0,
2601,EN,Facing reality,J. C. Eccles,KEEP_CORE,0,
2602,EN,Principles of Biochemistry,J. David Rawn | Laurence A. Moran | H. Robert Horton | Allen J. Scism | Raymond S. Ochs | K. Gray Scrimgeour,KEEP_CORE,0,
2603,EN,Theology and Ethics in 1 Peter,J. de Waal Dryden,KEEP_CORE,0,
2604,EN,The sharp end,J. Ed. Drake | David Drake,KEEP_CORE,0,
2605,EN,West African Church History,J. K. Agbeti,KEEP_CORE,0,
2606,EN,Samples from English Cultures,J. Klein | Josephine Klein,KEEP_CORE,0,
2607,EN,African Charismatics,J. Kwabena Asamoah-Gyadu,KEEP_CORE,0,
2608,EN,A new history of the Cold War,J. Lukacs,KEEP_CORE,0,
2609,EN,Language Design and Programming Methodology,J. M. Tobias,KEEP_CORE,0,
2610,EN,Calvinism and Scholasticism in Vermigli's Doctrine of Man and Grace,J. P. Donnelly,KEEP_CORE,0,
2611,EN,"Jackie, Ethel, Joan",J. Randy Taraborrelli,KEEP_CORE,0,
2612,EN,Man and His Destiny,J. T. Ergardt,KEEP_CORE,0,
2613,EN,Petroleum Bioventing,J. van Eyk,KEEP_CORE,0,
2614,EN,E.W. Beth Memorial Colloquium,J.L. Destouches,KEEP_CORE,0,
2615,EN,The philosophy of natural theology.,"Jackson, William",KEEP_CORE,0,
2616,EN,The ascent of man,Jacob Bronowski,KEEP_CORE,0,
2617,EN,The Relationship between Roman and Local Law in the Babatha and Salome Komaise Archives (Studies on the Texts of the Desert of Judah),Jacobine G. Oudshoornn,KEEP_CORE,0,
2618,EN,Factor analysis,Jae-On Kim,KEEP_CORE,0,
2619,EN,Vauban Under Siege,Jamel Ostwald,KEEP_CORE,0,
2620,EN,Malthus and His Work,James Bonar,KEEP_CORE,0,
2621,EN,Theories of Population from Raleigh to Arthur Young,James Bonar,KEEP_CORE,0,
2622,EN,"Living Geography, Book 3",James C. Dobson | Judith Woodfield | John Sander,KEEP_CORE,0,
2623,EN,"Living Geography, Book One",James C. Dobson | Judith Woodfield | John Sander,KEEP_CORE,0,
2624,EN,"Living Geography, Book Two",James C. Dobson | Judith Woodfield | John Sander,KEEP_CORE,0,
2625,EN,"Descartes, Spinoza and the new philosophy",James Iverach,KEEP_CORE,0,
2626,EN,Social problems,James M. Henslin,KEEP_CORE,0,
2627,EN,Social Problems (7th Edition) (MySocKit Series),James M. Henslin,KEEP_CORE,0,
2628,EN,Epistle of Barnabas & Deuteronomic Tradition,James N. Rhodes,KEEP_CORE,0,
2629,EN,"Paul's Language of Grace in Its Graeco-Roman Context (Wissenschaftliche Untersuchungen Zum Neuen Testament 2, 172) (Wissenschaftliche Untersuchungen Zum Neuen Testament 2, 172)",James R. Harrison,KEEP_CORE,0,
2630,EN,Men and monuments on the East African coast,James S. Kirkman,KEEP_CORE,0,
2631,EN,Calculus,James Stewart,KEEP_CORE,0,
2632,EN,"Electric Circuits Revised and PSpice Supplement Package, Sixth Edition",James W. Nilsson | Susan Riedel,KEEP_CORE,0,
2633,EN,The reopening of the American mind,James W. Vice,KEEP_CORE,0,
2634,EN,"Structure, sign, and function",Jan Mukarovsky,KEEP_TRANSLATION,0,
2635,EN,Automatic Semantic Interpretation,Jan Van Bakel,KEEP_CORE,0,
2636,EN,Babies,Jane Glover | David Glover,KEEP_CORE,0,
2637,EN,Renaissance Religion in Urban Scotland,Janet P. Foggie,KEEP_CORE,0,
2638,EN,The Aegean and the East,Janice L. Crowley,KEEP_CORE,0,
2639,EN,Cognition and Representation in Literature,Janos Laszlo,KEEP_CORE,0,
2640,EN,The elements of intellectual philosophy,Januarius Vincent De Concilio,KEEP_CORE,0,
2641,EN,East and West,Japanese Association for Legal and Social Philosophy. Annual Conference (1986),KEEP_CORE,0,
2642,EN,Critical Information Infrastructures Security,Javier Lopez,KEEP_CORE,0,
2643,EN,The Pot-King,Jean-Pierre Warnier,KEEP_TRANSLATION,0,
2644,EN,Transition Planning For Students With Disabilities,Jeffrey P. Bakken | Festus E. Obiakor,KEEP_CORE,0,
2645,EN,Legends of the Fortune Gods,Jeffrey Seow,KEEP_CORE,0,
2646,EN,Pyrgouthi,Jenni Hjohlman | Arto Penttinen,KEEP_CORE,0,
2647,EN,The Community Is My University,Jennifer Jenkins | Selina Maphorogo,KEEP_CORE,0,
2648,EN,The Islands of the Bahamas (Ulysses Travel Guides),Jennifer McMorran,KEEP_CORE,0,
2649,EN,Scientific knowledge and its social problems,Jerome R. Ravetz,KEEP_CORE,0,
2650,EN,Check-In; Check-Out (reprint),Jerry J. Vallen | Gary K. Vallen,KEEP_CORE,0,
2651,EN,"Ready When You Are, Mr. Coppola, Mr. Spielberg, Mr. Crowe",Jerry Ziesmer,KEEP_CORE,0,
2652,EN,"Wittgenstein, from a New Point of View",Jesus Padilla Galvez,KEEP_CORE,0,
2653,EN,Sermons,Jethro Inwood,KEEP_CORE,0,
2654,EN,Touch Key 10-Key Software,Jo Burton | David Burton,KEEP_CORE,0,
2655,EN,Sociology of religion.,Joachim Wach,KEEP_CORE,0,
2656,EN,Immanence & Transcendence in Thomas Pynchon's Mason & Dixon,Joakim Sigvardson,KEEP_CORE,0,
2657,EN,A Double Deception,Joan Wolf,KEEP_CORE,0,
2658,EN,Born of the Sun,Joan Wolf,KEEP_CORE,0,
2659,EN,Daughter of the Red Deer,Joan Wolf,KEEP_CORE,0,
2660,EN,High meadow,Joan Wolf,KEEP_CORE,0,
2661,EN,His Lordship's Mistress,Joan Wolf,KEEP_CORE,0,
2662,EN,Someday soon,Joan Wolf,KEEP_CORE,0,
2663,EN,That summer,Joan Wolf,KEEP_CORE,0,
2664,EN,The Counterfeit Marriage,Joan Wolf,KEEP_CORE,0,
2665,EN,The edge of light,Joan Wolf,KEEP_CORE,0,
2666,EN,The horsemasters,Joan Wolf,KEEP_CORE,0,
2667,EN,The Poisoned Serpent,Joan Wolf,KEEP_CORE,0,
2668,EN,The Rebel and the Rose,Joan Wolf,KEEP_CORE,0,
2669,EN,The Rebellious Ward,Joan Wolf,KEEP_CORE,0,
2670,EN,The reindeer hunters,Joan Wolf,KEEP_CORE,0,
2671,EN,The Road to Avalon,Joan Wolf,KEEP_CORE,0,
2672,EN,Headquarters-Subsidiary Relationship Governance In Emerging Markets Of Central Eastern Europe,Joanna Sylwia Hendriks-Gusc,KEEP_CORE,0,
2673,EN,A pup in King Arthur's Court,Joanne Barkan,KEEP_CORE,0,
2674,EN,A tale of two sitters,Joanne Barkan,KEEP_CORE,0,
2675,EN,Anna Marie's blanket,Joanne Barkan,KEEP_CORE,0,
2676,EN,CREATURES THAT GLOW (Glow in the Dark Book),Joanne Barkan,KEEP_CORE,0,
2677,EN,Jim Henson presents The Christmas toy,Joanne Barkan,KEEP_CORE,0,
2678,EN,That fat hat,Joanne Barkan,KEEP_CORE,0,
2679,EN,Visions of emancipation,Joanne Barkan,KEEP_CORE,0,
2680,EN,What Is Velocity? (Rookie Read-About Science),Joanne Barkan,KEEP_CORE,0,
2681,EN,Whiskerville firehouse,Joanne Barkan,KEEP_CORE,0,
2682,EN,Whiskerville grocery,Joanne Barkan,KEEP_CORE,0,
2683,EN,Whiskerville Post Office,Joanne Barkan | Joanne Barkin | Karen L. Schmidt,KEEP_CORE,0,
2684,EN,Lincoln's centenary,Joaquim Nabuco,KEEP_CORE,0,
2685,EN,Was The 2004 Presidential Election Stolen?,Joel Bleifuss | Steve Freeman,KEEP_CORE,0,
2686,EN,"Researcher, Traveller, Narrator",Johanna Akujarvi,KEEP_CORE,0,
2687,EN,Human Nature in Gregory of Nyssa,Johannes Zachhuber,KEEP_CORE,0,
2688,EN,The European administrative elite.,John Alexander Armstrong,KEEP_CORE,0,
2689,EN,Einstein,John B. Severance,KEEP_CORE,0,
2690,EN,Skyscrapers,John B. Severance,KEEP_CORE,0,
2691,EN,Reconstruction in philosophy,John Dewey,KEEP_CORE,0,
2692,EN,Raid on the articulate,John Dominic Crossan,KEEP_CORE,0,
2693,EN,The dark interval,John Dominic Crossan,KEEP_CORE,0,
2694,EN,A Treasury of Christmas classics.,John Donne | O. Henry | Harriet Beecher Stowe | George MacDonald | Charles Dickens | John Henry Hopkins | Hans Christian Andersen | Madeleine L'Engle | Henry van Dyke | Alfred Lord Tennyson | Henry Wadsworth Longfellow | Christina Georgina Rosetti | Charles Jennens | St Matthew the Apostle | John Milton | Saint Ephraem Syrus | William Shakespeare | Charles Wesley,KEEP_CORE,0,
2695,EN,An outline of American philosophy.,John Edward Bentley,KEEP_CORE,0,
2696,EN,Uncommon Sound,John Engel,KEEP_CORE,0,
2697,EN,Cellulosics,John F. Kennedy | Glyn O. Phillips,KEEP_CORE,0,
2698,EN,The Two Noble Kinsmen,John Fletcher | William Shakespeare,KEEP_CORE,0,
2699,EN,How to draw birds,John Green,KEEP_CORE,0,
2700,EN,Human anatomy in full color,John Green,KEEP_CORE,0,
2701,EN,Ready-to-use illustrations of horses,John Green,KEEP_CORE,0,
2702,EN,Twelve days of Christmas,John Green,KEEP_CORE,0,
2703,EN,Drake & the Elizabethan explorers,John Guy,KEEP_CORE,0,
2704,EN,The established and the outsiders,John L. Scotson | Norbert Elias,KEEP_CORE,0,
2705,EN,Coordinating Collaborative Building Design,John Linke Heintz,KEEP_CORE,0,
2706,EN,Discipline of the Cave,John Niemeyer Findlay,KEEP_CORE,0,
2707,EN,All our yesterdays,John Peel,KEEP_CORE,0,
2708,EN,Book Of Earth (Diadem Worlds of Magic),John Peel,KEEP_CORE,0,
2709,EN,Book of magic,John Peel,KEEP_CORE,0,
2710,EN,Book of Names,John Peel,KEEP_CORE,0,
2711,EN,"Book Of Nightmares (Diadem, Worlds of Magic)",John Peel,KEEP_CORE,0,
2712,EN,Book of Oceans,John Peel,KEEP_CORE,0,
2713,EN,Book of reality,John Peel,KEEP_CORE,0,
2714,EN,Book of signs,John Peel,KEEP_CORE,0,
2715,EN,Book of Thunder,John Peel,KEEP_CORE,0,
2716,EN,"Doctor Who, the Daleks' masterplan.",John Peel,KEEP_CORE,0,
2717,EN,Double disaster!,John Peel,KEEP_CORE,0,
2718,EN,Field trip,John Peel,KEEP_CORE,0,
2719,EN,Files magazine spotlight on Doctor Who.,John Peel,KEEP_CORE,0,
2720,EN,Firestorm,John Peel,KEEP_CORE,0,
2721,EN,Grave doubts,John Peel,KEEP_CORE,0,
2722,EN,Hangman,John Peel,KEEP_CORE,0,
2723,EN,Here There Be Dragons,John Peel,KEEP_CORE,0,
2724,EN,Hide-and-seek,John Peel,KEEP_CORE,0,
2725,EN,Lost in Vegas!,John Peel,KEEP_CORE,0,
2726,EN,Maniac,John Peel,KEEP_CORE,0,
2727,EN,Prisoners of Peace,John Peel,KEEP_CORE,0,
2728,EN,Revolution,John Peel,KEEP_CORE,0,
2729,EN,Shockers,John Peel,KEEP_CORE,0,
2730,EN,Star Wars: The Fight For Justice,John Peel,KEEP_CORE,0,
2731,EN,Suddenly twins!,John Peel,KEEP_CORE,0,
2732,EN,Tag (you're dead),John Peel,KEEP_CORE,0,
2733,EN,Talons,John Peel,KEEP_CORE,0,
2734,EN,The change,John Peel,KEEP_CORE,0,
2735,EN,The lost,John Peel,KEEP_CORE,0,
2736,EN,The time shifter,John Peel,KEEP_CORE,0,
2737,EN,The vanished,John Peel,KEEP_CORE,0,
2738,EN,"Uptime, downtime",John Peel,KEEP_CORE,0,
2739,EN,War of the Daleks,John Peel,KEEP_CORE,0,
2740,EN,Where in America's past is Carmen Sandiego?,John Peel,KEEP_CORE,0,
2741,EN,Where in space is Carmen Sandiego?,John Peel,KEEP_CORE,0,
2742,EN,Where in the U.S.A. is Carmen Sandiego?,John Peel,KEEP_CORE,0,
2743,EN,Where in the world is Carmen Sandiego?,John Peel,KEEP_CORE,0,
2744,EN,Where in time is Carmen Sandiego?,John Peel,KEEP_CORE,0,
2745,EN,"Henry IV, part 2",John Philip Kemble | William Shakespeare,KEEP_CORE,0,
2746,EN,"Consent, freedom and political obligation.",John Plamenatz,KEEP_CORE,0,
2747,EN,The Crowd,John Plotz,KEEP_CORE,0,
2748,EN,A dictionary of philosophy in the words of philosophers.,John Radford Thomson,KEEP_CORE,0,
2749,EN,Too much of a good thing,John Sparrow,KEEP_CORE,0,
2750,EN,Collected works.,John Stuart Mill,KEEP_CORE,0,
2751,EN,"Essays on ethics, religion and society",John Stuart Mill,KEEP_CORE,0,
2752,EN,On Liberty,John Stuart Mill,KEEP_CORE,0,
2753,EN,On liberty and other essays,John Stuart Mill,KEEP_CORE,0,
2754,EN,On the logic of the moral sciences.,John Stuart Mill,KEEP_CORE,0,
2755,EN,Principles of political economy,John Stuart Mill,KEEP_CORE,0,
2756,EN,King Midas,John W. Stewig,KEEP_CORE,0,
2757,EN,Elizabethan drama,John Webster | Christopher Marlowe | William Shakespeare,KEEP_CORE,0,
2758,EN,Conceptual atomism and the computational theory of mind,John-Michael Kuczynski,KEEP_CORE,0,
2759,EN,Elements of virtualism,John-Michael Kuczynski,KEEP_CORE,0,
2760,EN,A Breath of Life: Pulsations,Johnny Lorenz | Clarice Lispector,KEEP_TRANSLATION,0,
2761,EN,The Besieged City,Johnny Lorenz | Clarice Lispector,KEEP_TRANSLATION,0,
2762,EN,"Ibn Taymiyya's Theodicy of Perpetual Optimism (Islamic Philosophy, Theology, and Science)",Jon Hoover,KEEP_CORE,0,
2763,EN,"Witchcraft, Gender and Society in Early Modern Germany (Studies in Medieval and Reformation Traditions)",Jonathan B. Durrant,KEEP_CORE,0,
2764,EN,"A Rag, a Bone, and a Hank of Hair",Jonathan Gash,KEEP_CORE,0,
2765,EN,Bone Dancing,Jonathan Gash,KEEP_CORE,0,
2766,EN,Different women dancing,Jonathan Gash,KEEP_CORE,0,
2767,EN,Gold by Gemini,Jonathan Gash,KEEP_CORE,0,
2768,EN,Moonspender (Lovejoy Mystery),Jonathan Gash,KEEP_CORE,0,
2769,EN,Paid and Loving Eyes (Lovejoy Mystery),Jonathan Gash,KEEP_CORE,0,
2770,EN,Pearlhanger,Jonathan Gash,KEEP_CORE,0,
2771,EN,The Gondola Scam (Lovejoy),Jonathan Gash,KEEP_CORE,0,
2772,EN,The grace in older women,Jonathan Gash,KEEP_CORE,0,
2773,EN,The lies of fair ladies,Jonathan Gash,KEEP_CORE,0,
2774,EN,The rich and the profane,Jonathan Gash,KEEP_CORE,0,
2775,EN,The Sin within Her Smile,Jonathan Gash,KEEP_CORE,0,
2776,EN,The ten word game,Jonathan Gash,KEEP_CORE,0,
2777,EN,The settlement issue in Turkey and the Kurds,Joost Jongerden,KEEP_CORE,0,
2778,EN,"The Structuralist Theory of Inflation and Structural Inflation in Chile, 1950-1972",Jorge D. Dresdner,KEEP_CORE,0,
2779,EN,"Revelation, Reason and Reality",Joris Geldhof,KEEP_CORE,0,
2780,EN,Abilene gundown,Jory Sherman,KEEP_CORE,0,
2781,EN,Blood River,Jory Sherman,KEEP_CORE,0,
2782,EN,Blood Sky at Morning,Jory Sherman,KEEP_CORE,0,
2783,EN,Ghost Warrior,Jory Sherman,KEEP_CORE,0,
2784,EN,Song of the Cheyenne,Jory Sherman,KEEP_CORE,0,
2785,EN,The savage curse,Jory Sherman,KEEP_CORE,0,
2786,EN,The savage trail,Jory Sherman,KEEP_CORE,0,
2787,EN,The Vigilante,Jory Sherman,KEEP_CORE,0,
2788,EN,Death And Medical Power,"Jos V. M. Welie | Henk A. M. J., M.D., Ph.D. Ten Have",KEEP_CORE,0,
2789,EN,Boricua power,Jose Ramon Sanchez,KEEP_CORE,0,
2790,EN,The impertinent self,Josef Früchtl,KEEP_CORE,0,
2791,EN,The Shifts in Hizbullah's Ideology,Joseph Alagha,KEEP_CORE,0,
2792,EN,Femina ut Imago Dei in the Integral Feminism of St. Thomas,Joseph Francis Hartel,KEEP_CORE,0,
2793,EN,Foundation,Joseph Glenn Schloss,KEEP_CORE,0,
2794,EN,Havana,Joseph L. Scarpaci | Mario Coyula | Roberto Segre,KEEP_CORE,0,
2795,EN,"Self-determination and freedom in ""The acting person"" by Karol Cardinal Wojtyla",Joseph Mairura Okemwa,KEEP_CORE,0,
2796,EN,"Views Of Christian Truth, Piety, And Morality","Joseph Priestley | Jr., Henry Ware",KEEP_CORE,0,
2797,EN,Bound to lead,Joseph S. Nye,KEEP_CORE,0,
2798,EN,Power in the global information age,Joseph S. Nye,KEEP_CORE,0,
2799,EN,Soft power,Joseph S. Nye,KEEP_CORE,0,
2800,EN,The paradox of American power,Joseph S. Nye,KEEP_CORE,0,
2801,EN,The power game,Joseph S. Nye,KEEP_CORE,0,
2802,EN,The Study of groups,Josephine Klein,KEEP_CORE,0,
2803,EN,Narrative Analogy in the Hebrew Bible,Joshua Berman,KEEP_CORE,0,
2804,EN,Exporting democracy,Joshua Muravchik,KEEP_CORE,0,
2805,EN,The Formation of the Early Church (Wissenschaftliche Untersuchungen Zum Neuen Testament) (Wissenschaftliche Untersuchungen Zum Neuen Testament),Jostein Adna,KEEP_CORE,0,
2806,EN,Death in the Northeast.,Josué de Castro,KEEP_TRANSLATION,0,
2807,EN,The formation of souls,José Murilo de Carvalho,KEEP_TRANSLATION,0,
2808,EN,Historical reason,José Ortega y Gasset,KEEP_TRANSLATION,0,
2809,EN,Man and Crisis,José Ortega y Gasset,KEEP_TRANSLATION,0,
2810,EN,The Low countries,Jozef Deleu (ed.),KEEP_CORE,0,
2811,EN,An invincible memory,João Ubaldo Ribeiro,KEEP_TRANSLATION,0,
2812,EN,Sergeant Getúlio,João Ubaldo Ribeiro,KEEP_TRANSLATION,0,
2813,EN,The lizard's smile,João Ubaldo Ribeiro,KEEP_TRANSLATION,0,
2814,EN,Scribal Habits and Theological Influences in the Apocalypse,"Juan, Jr. Hernandez",KEEP_CORE,0,
2815,EN,Kalahari,Judith Burri,KEEP_CORE,0,
2816,EN,Unsex me here,Judy Celine A. Ick,KEEP_CORE,0,
2817,EN,Interfacing Geostatstics and GIS,Juergen Pilz,KEEP_CORE,0,
2818,EN,"Quest, The",Juliana Garnett,KEEP_CORE,0,
2819,EN,The Baron,Juliana Garnett,KEEP_CORE,0,
2820,EN,The Knight,Juliana Garnett,KEEP_CORE,0,
2821,EN,The Laird,Juliana Garnett,KEEP_CORE,0,
2822,EN,The Scotsman,Juliana Garnett,KEEP_CORE,0,
2823,EN,The Vow,Juliana Garnett,KEEP_CORE,0,
2824,EN,Human-Computer Interaction. Interaction Platforms and Techniques,Julie A. Jacko,KEEP_CORE,0,
2825,EN,Human-Computer Interaction.HCI Applications and Services,Julie A. Jacko,KEEP_CORE,0,
2826,EN,Human-Computer Interaction.HCI Intelligent Multimodal Interaction Environments,Julie A. Jacko,KEEP_CORE,0,
2827,EN,"Right, morality, ethical life",Jussi Kotkavirta,KEEP_CORE,0,
2828,EN,"Jewish Worship in Philo of Alexandria (Texts and Studies in Ancient Judaism, 84)",Jutta Leonhardt,KEEP_CORE,0,
2829,EN,A samba for Sherlock,Jô Soares,KEEP_TRANSLATION,0,
2830,EN,Twelve fingers,Jô Soares,KEEP_TRANSLATION,0,
2831,EN,"Biotechnology, Volume 8, E2: Volume 8a: Biotransformations I + Volume 8b",Jörg Peters,KEEP_CORE,0,
2832,EN,"Urban mortality change in England and Germany, 1870-1913",Jörg Vögele,KEEP_CORE,0,
2833,EN,Spatial Modeling in Natural Sciences and Engineering,Jürgen Friedrich,KEEP_CORE,0,
2834,EN,"Ornithology, Evolution, and Philosophy",Jürgen Haffer,KEEP_CORE,0,
2835,EN,Iterative Software Engineering for Multiagent Systems,Jürgen Lind,KEEP_CORE,0,
2836,EN,Tradition and Economy in Village India: International Library of Sociology E,K. Ishwaran,KEEP_CORE,0,
2837,EN,Artificial Intelligence,K.D. Pavate,KEEP_CORE,0,
2838,EN,Language and reality,Kanti Lal Das,KEEP_CORE,0,
2839,EN,God Pro Nobis,Karin Johannesson,KEEP_CORE,0,
2840,EN,Health Promotion and Disease Prevention in the Family,Karl E Bergmann,KEEP_CORE,0,
2841,EN,Meaning in history,Karl Löwith,KEEP_TRANSLATION,0,
2842,EN,Advances in Virus Research,Karl Maramorosch | Frederick A. Murphy,KEEP_CORE,0,
2843,EN,The Philosophy of Karl Popper,"Karl Popper | Schilpp, Paul Arthur",KEEP_CORE,0,
2844,EN,Liquid Separations with Membranes,Karl W. Böddeker,KEEP_CORE,0,
2845,EN,Democracy and Lobbying in the European Union,Karolina Karr,KEEP_CORE,0,
2846,EN,Student's guide for writing college papers.,Kate L. Turabian,KEEP_CORE,0,
2847,EN,"Ji Gong, The Crazy Monk",Katherine Goh Pei Ki; Wu Jingyu,KEEP_TRANSLATION,0,
2848,EN,Bride of Danger,Katherine O'Neal,KEEP_CORE,0,
2849,EN,Just for her,Katherine O'Neal,KEEP_CORE,0,
2850,EN,Master of Paradise,Katherine O'Neal,KEEP_CORE,0,
2851,EN,My one and only,Katherine O'Neal,KEEP_CORE,0,
2852,EN,Silent surrender,Katherine O'Neal,KEEP_CORE,0,
2853,EN,The art of seduction,Katherine O'Neal,KEEP_CORE,0,
2854,EN,The last highwayman,Katherine O'Neal,KEEP_CORE,0,
2855,EN,Written in the stars,Katherine O'Neal,KEEP_CORE,0,
2856,EN,Ordaining the Catholic Reformation,Kathleen M. Comerford,KEEP_CORE,0,
2857,EN,Reforming Priests and Parishes (Education and Society in the Middle Ages and Renaissance),Kathleen M. Comerford,KEEP_CORE,0,
2858,EN,"American,with love.",Kathleen Winsor,KEEP_CORE,0,
2859,EN,Calais,Kathleen Winsor,KEEP_CORE,0,
2860,EN,Forever Amber / Kathleen Winsor,Kathleen Winsor,KEEP_CORE,0,
2861,EN,Jacintha,Kathleen Winsor,KEEP_CORE,0,
2862,EN,Star money.,Kathleen Winsor,KEEP_CORE,0,
2863,EN,"Wanderers eastward, wanderers west.",Kathleen Winsor,KEEP_CORE,0,
2864,EN,Baseball ballerina,Kathryn Cristaldi,KEEP_CORE,0,
2865,EN,Even Steven and Odd Todd,Kathryn Cristaldi,KEEP_CORE,0,
2866,EN,Samantha the Snob,Kathryn Cristaldi,KEEP_CORE,0,
2867,EN,Art Nouveau in Munich,Kathyrn Bloom Hiesinger,KEEP_CORE,0,
2868,EN,Scary Book Volume 1,Kazuo Umezu | Umezo Kazuo | Kazuo Umezo | Kazurō Umezu,KEEP_TRANSLATION,0,
2869,EN,"The Newgate novel, 1830-1847",Keith Hollingsworth,KEEP_CORE,0,
2870,EN,Mastering A+ Certification and Lab Manual (Install Computer/Network/System Installation Certification),Kenneth C. Mansfield | James L. Antonakos,KEEP_CORE,0,
2871,EN,The social system of the planet earth,Kenneth E. Boulding,KEEP_CORE,0,
2872,EN,System Analysis and Design,Kenneth E. Kendall | Julie E. Kendall,KEEP_CORE,0,
2873,EN,Toward transformation in socialknowledge,Kenneth J. Gergen,KEEP_CORE,0,
2874,EN,Applied Statistics for Public Administration With Data Disk,Kenneth J. Meier,KEEP_CORE,0,
2875,EN,Writing in motion,Kenneth King,KEEP_CORE,0,
2876,EN,Prentice Hall Biology - (6-year Online Access),Kenneth Miller | Joseph Levine,KEEP_CORE,0,
2877,EN,Democracy is a good thing,Keping Yu,KEEP_CORE,0,
2878,EN,Knowledge Potential Measurement and Uncertainty,Kerstin Fink,KEEP_CORE,0,
2879,EN,Campaign of Pharaoh Shoshenq I into Palestine (Forschungen Zum Alten Testament),Kevin A. Wilson,KEEP_CORE,0,
2880,EN,Wrestling With Angels,Kevin P. Sullivan,KEEP_CORE,0,
2881,EN,Phantom Volume 1 (Phantom (Tokyopop)),Ki-hoon Lee | Seung-yup Cho | Ki-hun Yi,KEEP_TRANSLATION,0,
2882,EN,Formal Properties of Measurement Constructions,Kimiko Nakanishi,KEEP_CORE,0,
2883,EN,My-hime,Kimura Noboru | Sato Ken-etsu | Noboru Kimura,KEEP_TRANSLATION,0,
2884,EN,Magic Lilly,KNISTER,KEEP_TRANSLATION,0,
2885,EN,Magic Lilly and the vampire with the wiggly tooth,KNISTER,KEEP_TRANSLATION,0,
2886,EN,The Welfare Ark,Koen Margodt,KEEP_CORE,0,
2887,EN,"Life Writing. Contemporary Autobiography, Biography, and Travel Writing",Koray Melikoglu,KEEP_CORE,0,
2888,EN,HYDROLOGICAL PROBLEMS & ENVIRONMENTAL,Krecek,KEEP_CORE,0,
2889,EN,Child Labour,Kristoffel Lieten,KEEP_CORE,0,
2890,EN,"Battle Royale, Vol. 8",Kōshun Takami | Masayuki Taguchi,KEEP_TRANSLATION,0,
2891,EN,"Socialism, democracy and human rights",L. I. Brezhnev,KEEP_TRANSLATION,0,
2892,EN,"Philosophy, Religion, and The Coming World Civilization",L.S. Rouner,KEEP_CORE,0,
2893,EN,"Religion, Morality, and Politics According to Mahatma Gandhi",Lala Gopal Prasad,KEEP_CORE,0,
2894,EN,Introduction to Social Work,Larry Lorenzo Smith | Milton G. Thackeray | Rex A. Skidmore | O. William Farley | Scott W. Boyle,KEEP_CORE,0,
2895,EN,Old Delhi,Laurraine Malone | Gaynor Barton,KEEP_CORE,0,
2896,EN,Prognosis 2000,Lawrance George Lux | Lawrence Lux,KEEP_CORE,0,
2897,EN,Popular education and its discontents,Lawrence Arthur Cremin,KEEP_CORE,0,
2898,EN,Traditions of American education.,Lawrence Arthur Cremin,KEEP_CORE,0,
2899,EN,Culture and Values: A Survey of the Western Humanities,Lawrence S. Cunningham | John J. Reich,KEEP_CORE,0,
2900,EN,Billy Acres and the Gold Miners' Treasure,Lee Blum,KEEP_CORE,0,
2901,EN,The Intrinsic Value Of Nature.,Leena VILKKA,KEEP_CORE,0,
2902,EN,Inventing the Public Sphere,Leidulf Melve,KEEP_CORE,0,
2903,EN,The art of Brazil,"Lemos, Carlos Alberto Cerqueira.",KEEP_CORE,0,
2904,EN,Aspects of late antiquity and early Byzantium,Lennart Ryden,KEEP_CORE,0,
2905,EN,Studies in Platonic political philosophy,Leo Strauss,KEEP_CORE,0,
2906,EN,"Advances in Experimental Social Psychology, Vol 6. Ed by Leonard Berkowitz. Issn 0065-2601",Leonard Berkowitz,KEEP_CORE,0,
2907,EN,Ecclesiogenesis,Leonardo Boff,KEEP_TRANSLATION,0,
2908,EN,Essential Care,Leonardo Boff,KEEP_TRANSLATION,0,
2909,EN,Faith on the edge,Leonardo Boff,KEEP_TRANSLATION,0,
2910,EN,Global Civilization,Leonardo Boff,KEEP_TRANSLATION,0,
2911,EN,New evangelization,Leonardo Boff,KEEP_TRANSLATION,0,
2912,EN,African philosophy and the quest for autonomy,Leonhard Praeg,KEEP_CORE,0,
2913,EN,The Architectonic of Philosophy,Leslie Kavanaugh,KEEP_CORE,0,
2914,EN,Hardy Boys starter set (Hardy Boys),Leslie McFarlane,KEEP_CORE,0,
2915,EN,Vital signs,Lester Russell Brown | Hal Kane,KEEP_CORE,0,
2916,EN,A critique of design-arguments,Lewis Ezra Hicks,KEEP_CORE,0,
2917,EN,The living one,Lewis Gannett,KEEP_CORE,0,
2918,EN,The Linz testament,Lewis Perdue,KEEP_CORE,0,
2919,EN,"Knowledge, society and reality",León Olivé,KEEP_CORE,0,
2920,EN,Go home!,Libby Phillips Meggs,KEEP_CORE,0,
2921,EN,Navigating Borders,"Liempt, Ilse van",KEEP_CORE,0,
2922,EN,Taoist teachings from the book of Lieh Tzu,Liezi,KEEP_TRANSLATION,0,
2923,EN,The book of Lieh-tzŭ.,Liezi,KEEP_TRANSLATION,0,
2924,EN,Christmas Emotions,Life3,KEEP_CORE,0,
2925,EN,Glimpses of northern Tibet,Lihua Ma,KEEP_CORE,0,
2926,EN,Fiddles And Spoons,Lila Hope-Simpson,KEEP_CORE,0,
2927,EN,The emperor's beard,Lilia Moritz Schwarcz,KEEP_TRANSLATION,0,
2928,EN,The spectacle of the races,Lilia Moritz Schwarcz,KEEP_TRANSLATION,0,
2929,EN,Tell Me about the Oceans (Discovering the World),Linda Blake,KEEP_CORE,0,
2930,EN,Machines & Structures,Linda Sonntag | Garry Colby,KEEP_CORE,0,
2931,EN,"Roland-Michel Barrin de La Galissoniere, 1693-1756. --",Lionel Groulx,KEEP_CORE,0,
2932,EN,365 Great Things About Getting Older,Lisa Birnbach | Ann Hodgman,KEEP_CORE,0,
2933,EN,365 Great Things About Getting Older 2007 Day-to-Day Calendar,Lisa Birnbach | Ann Hodgman,KEEP_CORE,0,
2934,EN,"Discourse of a Peregrination in Europe, Asia and Affrica",Lithogow,KEEP_CORE,0,
2935,EN,"Restorative Justice for Juveniles-Potentialities, Risks and Problems for Research (Samenleving, Criminaliteit & Stratfrechtspleging)",Lode Walgrave,KEEP_CORE,0,
2936,EN,Why does history matter to philosophy and the sciences?,Lorenz Krüger,KEEP_CORE,0,
2937,EN,Dead Sea New Jerusalem Text (Texts & Studies in Ancient Judaism),Lorenzo Ditommaso,KEEP_CORE,0,
2938,EN,Precalculus,Lothar Redlin | Saleem Watson | James Stewart,KEEP_CORE,0,
2939,EN,Words 3,Louise Skinner | Dianne Tucker-Laplount,KEEP_CORE,0,
2940,EN,Legacy of Franz Rosenzweig,Luc Anckaert,KEEP_CORE,0,
2941,EN,On humor.,Luigi Pirandello,KEEP_TRANSLATION,0,
2942,EN,Six Characters in Search of an Author,Luigi Pirandello,KEEP_TRANSLATION,0,
2943,EN,"Development and crisis in Brazil, 1930-1983",Luiz Carlos Bresser Pereira,KEEP_CORE,0,
2944,EN,Economic crisis and state reform in Brazil,Luiz Carlos Bresser Pereira,KEEP_CORE,0,
2945,EN,Control of the imaginary,Luiz Costa Lima,KEEP_CORE,0,
2946,EN,The limits of voice,Luiz Costa Lima,KEEP_CORE,0,
2947,EN,Innovating the Social Sciences,Luk Van Langenhove,KEEP_CORE,0,
2948,EN,My friend the painter,Lygia Bojunga Nunes,KEEP_TRANSLATION,0,
2949,EN,Working with Foucault in Education,M Walshaw,KEEP_CORE,0,
2950,EN,"Five Pedagogies, a Thousand Possibilities",M Zembylas,KEEP_CORE,0,
2951,EN,"Knowledge Economy, Development and the Future of Higher Education","M, A Peters",KEEP_CORE,0,
2952,EN,Story of the Chinese Zodiac,M. Chang,KEEP_CORE,0,
2953,EN,I wish I'd made you angry earlier,M. F. Perutz,KEEP_CORE,0,
2954,EN,D. H. Lawrence Travel Books and Fiction (European University Studies),M. Hostettler,KEEP_CORE,0,
2955,EN,The German Novel of 1800,M. W. Heiderich,KEEP_CORE,0,
2956,EN,A chapter of hats,Machado de Assis,KEEP_TRANSLATION,0,
2957,EN,Dom Casmurro,Machado de Assis,KEEP_TRANSLATION,0,
2958,EN,Epitaph of a small winner,Machado de Assis,KEEP_TRANSLATION,0,
2959,EN,Quincas Borba,Machado de Assis,KEEP_TRANSLATION,0,
2960,EN,The alienist,Machado de Assis,KEEP_TRANSLATION,0,
2961,EN,River Basin Sediment Systems,Maddy,KEEP_CORE,0,
2962,EN,The use and abuse of nature,Madhav Gadgil,KEEP_CORE,0,
2963,EN,"The fiery chariot, An Ardalba Story",Maire Welford,KEEP_CORE,0,
2964,EN,Mr. Mentch (Meet the Yids),Mamas,KEEP_CORE,0,
2965,EN,Communicating the Environment,Manfred Oepen,KEEP_CORE,0,
2966,EN,Information and Information Flow,Manuel Bremer,KEEP_CORE,0,
2967,EN,Nietzsche on Time and History,Manuel Dries,KEEP_CORE,0,
2968,EN,The Fragments of the Methodists,Manuela Tecusan,KEEP_CORE,0,
2969,EN,The Fragments of the Methodists (Studies in Ancient Medicine),Manuela Tecusan,KEEP_CORE,0,
2970,EN,Donald Davidson,Marc A. Joseph,KEEP_CORE,0,
2971,EN,An Archaeological Ethnography of a Neolithic Community,Marc Verhoeven,KEEP_CORE,0,
2972,EN,Transcendental Idealism & the Organism,Marcel Quarfood,KEEP_CORE,0,
2973,EN,Ceremonies and Celebrations,Marchant | Dineen,KEEP_CORE,0,
2974,EN,Dreamseeker,Marcia Martin Donna parker,KEEP_CORE,0,
2975,EN,Southern Secrets,Marcia Martin Donna parker,KEEP_CORE,0,
2976,EN,Rewriting Roman History in the Middle Ages (Mittellateinische Studien Und Texte),Marek Thue Kretschmer,KEEP_CORE,0,
2977,EN,Focus on early childhood,Margaret Boushel,KEEP_CORE,0,
2978,EN,Bloody Kin,Margaret Maron,KEEP_CORE,0,
2979,EN,bootleggers_daughter,Margaret Maron,KEEP_CORE,0,
2980,EN,Corpus Christmas.,Margaret Maron,KEEP_CORE,0,
2981,EN,DEATH IN BLUE FOLDERS (Sigrid Harald Mystery),Margaret Maron,KEEP_CORE,0,
2982,EN,Death of a Butterfly,Margaret Maron,KEEP_CORE,0,
2983,EN,Fugitive colors,Margaret Maron,KEEP_CORE,0,
2984,EN,Hard row,Margaret Maron,KEEP_CORE,0,
2985,EN,High country fall,Margaret Maron,KEEP_CORE,0,
2986,EN,Home fires,Margaret Maron,KEEP_CORE,0,
2987,EN,Last lessons of summer,Margaret Maron,KEEP_CORE,0,
2988,EN,PAST IMPERFECT (Sigrid Harald Mystery),Margaret Maron,KEEP_CORE,0,
2989,EN,Rituals of the season,Margaret Maron,KEEP_CORE,0,
2990,EN,Shooting at Loons (Deborah Knott Mysteries),Margaret Maron,KEEP_CORE,0,
2991,EN,Slow dollar,Margaret Maron,KEEP_CORE,0,
2992,EN,Southern discomfort,Margaret Maron,KEEP_CORE,0,
2993,EN,Storm track,Margaret Maron,KEEP_CORE,0,
2994,EN,Uncommon clay,Margaret Maron,KEEP_CORE,0,
2995,EN,"Women, power, and politics",Margaret Stacey,KEEP_CORE,0,
2996,EN,The Image of Aleksandr Nevskiy in Medieval Russia,Mari Isoaho,KEEP_CORE,0,
2997,EN,Adverbial Subordination in English,Maria Jesus Perez Quintero,KEEP_CORE,0,
2998,EN,Avalon Revisited,Maria Jose Alvarez Faedo,KEEP_CORE,0,
2999,EN,Early Modern Humans at the Moravian Gate,Maria Teschler-Nicola,KEEP_CORE,0,
3000,EN,Intertextuality in the Tales of Rabbi Nahman of Bratslav,Marianne Schleicher,KEEP_CORE,0,
3001,EN,Fashion or fancy?,Marieke de Winkel,KEEP_CORE,0,
3002,EN,Origins of African Nationalism,Mario Pereira | Mário Pinto de Andrade,KEEP_TRANSLATION,0,
3003,EN,Singing opera in Germany,Marita Knobel | Brigitte Steinert,KEEP_CORE,0,
3004,EN,Boston,Mark Antony De Wolfe Howe,KEEP_CORE,0,
3005,EN,Variation and change in the lexicon. A corpus-based analysis of adjectives in English ending in -ic and -ical (Language and Computers 63) (Language & Computers),Mark Kaunisto,KEEP_CORE,0,
3006,EN,Implementing distributed systems with Java and CORBA,Markus Aleksy,KEEP_CORE,0,
3007,EN,Prayers of Jewish Women,Markus Mcdowell,KEEP_CORE,0,
3008,EN,A Theological Journey Into Narnia,Markus Mueling,KEEP_CORE,0,
3009,EN,The Rhythm of Strategy,Marleen Dieleman,KEEP_CORE,0,
3010,EN,The age of television,Martin Esslin,KEEP_CORE,0,
3011,EN,White House Horrors,Martin H. Greenberg,KEEP_CORE,0,
3012,EN,Doing physics,Martin H. Krieger,KEEP_CORE,0,
3013,EN,Government in America,Martin P. Wattenberg | George C. Edwards III | Robert L. Lineberry,KEEP_CORE,0,
3014,EN,Water and Air (Concepts and Challenges),Martin Schachter | Alan Winkler | Stanley Wolfe | Leonard Bernstein,KEEP_CORE,0,
3015,EN,The Reform of Bismarckian Pension Systems,Martin Schludi,KEEP_CORE,0,
3016,EN,Hwange,"Martin, David",KEEP_CORE,0,
3017,EN,Victoria falls,"Martin, David",KEEP_CORE,0,
3018,EN,Ada Byron Lovelace,Mary Dodson Wade,KEEP_CORE,0,
3019,EN,All around Texas,Mary Dodson Wade,KEEP_CORE,0,
3020,EN,Amazing arctic explorer Matthew Henson,Mary Dodson Wade,KEEP_CORE,0,
3021,EN,Amazing champion of the earth Rachel Carson,Mary Dodson Wade,KEEP_CORE,0,
3022,EN,Amazing Cherokee hero Sequoyah,Mary Dodson Wade,KEEP_CORE,0,
3023,EN,Amazing civil war nurse Clara Barton,Mary Dodson Wade,KEEP_CORE,0,
3024,EN,Amazing Olympic athlete Wilma Rudolph,Mary Dodson Wade,KEEP_CORE,0,
3025,EN,Amelia Earhart,Mary Dodson Wade,KEEP_CORE,0,
3026,EN,Austin,Mary Dodson Wade,KEEP_CORE,0,
3027,EN,Benedict Arnold,Mary Dodson Wade,KEEP_CORE,0,
3028,EN,C.S. Lewis,Mary Dodson Wade,KEEP_CORE,0,
3029,EN,Cabeza De Vaca,Mary Dodson Wade,KEEP_CORE,0,
3030,EN,Christopher Columbus,Mary Dodson Wade,KEEP_CORE,0,
3031,EN,Condoleezza Rice (Gateway Biographies),Mary Dodson Wade,KEEP_CORE,0,
3032,EN,David Crockett,Mary Dodson Wade,KEEP_CORE,0,
3033,EN,Easter fires,Mary Dodson Wade,KEEP_CORE,0,
3034,EN,El Dia De Los Muertos,Mary Dodson Wade,KEEP_CORE,0,
3035,EN,El Dia De Los Muertos/the Day of the Dead,Mary Dodson Wade,KEEP_CORE,0,
3036,EN,George W. Bush,Mary Dodson Wade,KEEP_CORE,0,
3037,EN,Guadalupe Quintanilla,Mary Dodson Wade,KEEP_CORE,0,
3038,EN,Indonesia,Mary Dodson Wade,KEEP_CORE,0,
3039,EN,Ireland,Mary Dodson Wade,KEEP_CORE,0,
3040,EN,Jane Long,Mary Dodson Wade,KEEP_CORE,0,
3041,EN,Joan Lowery Nixon,Mary Dodson Wade,KEEP_CORE,0,
3042,EN,Opa's stories,Mary Dodson Wade,KEEP_CORE,0,
3043,EN,People of Texas,Mary Dodson Wade,KEEP_CORE,0,
3044,EN,Presidents' Day,Mary Dodson Wade,KEEP_CORE,0,
3045,EN,Road to San Jacinto,Mary Dodson Wade,KEEP_CORE,0,
3046,EN,Sam Houston,Mary Dodson Wade,KEEP_CORE,0,
3047,EN,Stephen F. Austin,Mary Dodson Wade,KEEP_CORE,0,
3048,EN,T is for Texas,Mary Dodson Wade,KEEP_CORE,0,
3049,EN,Texas history,Mary Dodson Wade,KEEP_CORE,0,
3050,EN,Texas Native Peoples (State Studies-Texas),Mary Dodson Wade,KEEP_CORE,0,
3051,EN,Texas Plants and Animals,Mary Dodson Wade,KEEP_CORE,0,
3052,EN,Tiny Life on the Ground (Rookie Read-About Science),Mary Dodson Wade,KEEP_CORE,0,
3053,EN,Tsunami,Mary Dodson Wade,KEEP_CORE,0,
3054,EN,Types of Maps (Rookie Read-About Geography),Mary Dodson Wade,KEEP_CORE,0,
3055,EN,Uniquely Texas,Mary Dodson Wade,KEEP_CORE,0,
3056,EN,Yo voy a Texas,Mary Dodson Wade,KEEP_CORE,0,
3057,EN,Embodied Texts,Mary Fleischer,KEEP_CORE,0,
3058,EN,Journeys,Mary Lou Alsin | Kathryn Au | Rosalinda B. Barrera | Joseph E. Brzeinski | Ruth P. Bunyan,KEEP_CORE,0,
3059,EN,Algebra and Trigonometry,Mary P. Dolciani | Robert B. Kane | Richard G. Brown | Robert H. Sorgenfrey,KEEP_CORE,0,
3060,EN,Frankenstein,Mary Shelley | Deborah Tempest,KEEP_CORE,0,
3061,EN,Metaphor and Ideology,Mary Therese Descamp,KEEP_CORE,0,
3062,EN,New Architecture in Slovenia,Matevz Celik,KEEP_CORE,0,
3063,EN,Student Edition of MATLAB Version 5 for Windows,MathWorks,KEEP_CORE,0,
3064,EN,Guests in the House (The Northern World),Mats Roslund,KEEP_CORE,0,
3065,EN,Financial Cryptography,Matt Blaze,KEEP_CORE,0,
3066,EN,Fast Software Encryption,Matt Robshaw,KEEP_CORE,0,
3067,EN,The Best of Ray Bradbury,Matt Wagner | Ray Bradbury | Mike Mignola | Jon J. Muth | Richard Corben | Mark Chiarello | Kent Williams | John Van Fleet | Daniel Torres | Wayne Douglas Barlowe | Michael Lark | Dave Gibbons | P. Craig Russell | Harvey Kurtzman,KEEP_CORE,0,
3068,EN,Colossian Hymn in Context,Matthew E. Gordley,KEEP_CORE,0,
3069,EN,Financial Cryptography,Matthew Franklin,KEEP_CORE,0,
3070,EN,Evolution in Action (Museum Guides),Matthias Glaubrecht,KEEP_CORE,0,
3071,EN,The Raspberry Ice Cream War,"Matthias; Michael Jager, ed. Ripp",KEEP_CORE,0,
3072,EN,Isaiah Among The Ancient Near Eastern Prophets,Matthijs J. De Jong,KEEP_CORE,0,
3073,EN,Uncovering your ancestry through family photographs,Maureen Alice Taylor,KEEP_CORE,0,
3074,EN,Xingu,Maureen Bisilliat,KEEP_CORE,0,
3075,EN,New renaissance,Maurice Ash,KEEP_CORE,0,
3076,EN,Multimedia Databases and Image Communication,Maurizio Tucci,KEEP_CORE,0,
3077,EN,Jonathan And His Continent,Max O'Rell | Jack Allyn,KEEP_CORE,0,
3078,EN,Decoherence and the Quantum-To-Classical Transition (The Frontiers Collection),Maximilian A. Schlosshauer,KEEP_CORE,0,
3079,EN,In Conflict & Order,Maxine Baca Zinn | D. Stanley Eitzen,KEEP_CORE,0,
3080,EN,Music and mysticism,Maxwell Steer,KEEP_CORE,0,
3081,EN,"Above all, don't look back",Maïssa Bey,KEEP_TRANSLATION,0,
3082,EN,Aspects of seventeenth-century French drama and thought,"McBride, Robert",KEEP_CORE,0,
3083,EN,An Improper Proposal,Meg Cabot,KEEP_CORE,0,
3084,EN,Educating Caroline,Meg Cabot,KEEP_CORE,0,
3085,EN,Kiss the bride,Meg Cabot,KEEP_CORE,0,
3086,EN,Lady of Skye,Meg Cabot,KEEP_CORE,0,
3087,EN,Portrait of my heart,Meg Cabot,KEEP_CORE,0,
3088,EN,Where Roses Grow Wild,Meg Cabot,KEEP_CORE,0,
3089,EN,101 wacky camping jokes,Melvin Berger,KEEP_CORE,0,
3090,EN,Scheherazade Goes West,"Mernissi, Fatima.",KEEP_TRANSLATION,0,
3091,EN,Social studies and the world,Merry M. Merryfield,KEEP_CORE,0,
3092,EN,Case of the impounded hounds,Michael Anthony Steele,KEEP_CORE,0,
3093,EN,Digging to the center of the earth,Michael Anthony Steele,KEEP_CORE,0,
3094,EN,Forgotten heroes,Michael Anthony Steele,KEEP_CORE,0,
3095,EN,Winx club,Michael Anthony Steele,KEEP_CORE,0,
3096,EN,Housing and social change in Europe and the USA,Michael Ball,KEEP_CORE,0,
3097,EN,Paddington rides on!,Michael Bond,KEEP_CORE,0,
3098,EN,Study Guide for Human Heredity,Michael Cummings | Nancy Shontz,KEEP_CORE,0,
3099,EN,The Restoration of Israel,Michael E. Fuller,KEEP_CORE,0,
3100,EN,The Tudors,Michael Hirst | Elizabeth Massie,KEEP_CORE,0,
3101,EN,From Genome To Proteome,"Michael J., Ed. Dunn",KEEP_CORE,0,
3102,EN,The Power of Geometry,Michael Korey,KEEP_CORE,0,
3103,EN,Self-Instruction Pedagogy,Michael L. Wehmeyer | James E. Martin | Deirdre K. Mithaug | Dennis E. Mithaug | Martin Agran,KEEP_CORE,0,
3104,EN,Modern philosophy of history,Michael Murray,KEEP_CORE,0,
3105,EN,Laboratory Guide and Dissection Manual Human Anatomy (2nd Edition),Michael P. McKinley | Michael J. Timmons,KEEP_CORE,0,
3106,EN,Tang China And The Collapse Of The Uighur Empire,Michael R. Drompp,KEEP_CORE,0,
3107,EN,Primary philosophy,Michael Scriven,KEEP_CORE,0,
3108,EN,The Cytokine Handbook,Michael T. Lotze | Angus W. Thomson,KEEP_CORE,0,
3109,EN,Modelling Spatial Processes,Michael Tiefelsdorf,KEEP_CORE,0,
3110,EN,Plato's Cratylus,Michael W. Riley,KEEP_CORE,0,
3111,EN,Swiss Made,Michaela Unterdorfer,KEEP_CORE,0,
3112,EN,Power,Michel Foucault,KEEP_TRANSLATION,0,
3113,EN,The archaeology of knowledge,Michel Foucault,KEEP_TRANSLATION,0,
3114,EN,The birth of biopolitics,Michel Foucault,KEEP_TRANSLATION,0,
3115,EN,An American artist in Tokyo,Michiyo Morioka,KEEP_CORE,0,
3116,EN,Modern masters of Kyoto,Michiyo Morioka,KEEP_CORE,0,
3117,EN,Babysitting the Reader,Mieke K. T. Desmet,KEEP_CORE,0,
3118,EN,Empire and local worlds,Mingming Wang,KEEP_CORE,0,
3119,EN,Mathematics and Culture in Europe,Mirella Manaresi,KEEP_CORE,0,
3120,EN,"Art, Politics, & Cultural Identification In Sudan (Aesthetica Upsaliensia)",Mohamed Abusabib,KEEP_CORE,0,
3121,EN,Jinn Eviction as a Discourse of Power (Islam in Africa),Mohammed Maarouf,KEEP_CORE,0,
3122,EN,"Proceedings of the Tenth Seminar of the IATS, 2003, Volume 10 Soundings in Tibetan Medicine (Brill's Tibetan Studies Library)",Mona Schrempf,KEEP_CORE,0,
3123,EN,Swedish Graphic Designers 2004,Monika Sarstad,KEEP_CORE,0,
3124,EN,The drama of power,Moody Erasmus Prior,KEEP_CORE,0,
3125,EN,The diaries of Edmund Montague Morris,"Morris, Edmund",KEEP_CORE,0,
3126,EN,Late Samaritan Hebrew,Moshe Florentin,KEEP_CORE,0,
3127,EN,Knowledge acquisition for knowledge-based systems,Motoda,KEEP_CORE,0,
3128,EN,Phenotypic and Genotypic Diagnosis of Malignancies,Muin S. A. Tuffaha,KEEP_CORE,0,
3129,EN,"Feeling Threatened, Muslim-Chritian Relations In Indonesia's New Order",Mujiburrahman,KEEP_CORE,0,
3130,EN,Evolution of Indian PHilosophy,Murty; K Satchidananda,KEEP_CORE,0,
3131,EN,Anthems & Anthem Composers,Myles B. Foster,KEEP_CORE,0,
3132,EN,Semantics-Directed Compiler Generation,N.D. Jones,KEEP_CORE,0,
3133,EN,Water margin,Nai'an Shi,KEEP_TRANSLATION,0,
3134,EN,Dr. Jekyll and Mr. Dog,Nancy Butcher,KEEP_CORE,0,
3135,EN,Lights! camera! action dog!,Nancy Butcher,KEEP_CORE,0,
3136,EN,"Surf, sand, and secrets",Nancy Butcher,KEEP_CORE,0,
3137,EN,"Computers, Brief Edition",Nancy Long | Larry Long,KEEP_CORE,0,
3138,EN,Retail Best Practices and Quick Reference to Food Safety & Sanitation Trainer's Kit,Nancy R. Rue | FMI | Anna Graf Williams,KEEP_CORE,0,
3139,EN,Personal Law Reforms and Gender Empowerment ; A Debate on Uniform Civil Code,Nandini Chavan,KEEP_CORE,0,
3140,EN,"Hebrew Style in the Liturgical Poetry of Shmuel Hashlishi (Hebrew Language and Literature, 5)",Naoya Katsumata,KEEP_CORE,0,
3141,EN,The Liturgical Poetry of Nehemiah Ben Shelomoh Ben Heiman Ha-Nasi (Hebrew Language and Literature),Naoya Katsumata,KEEP_CORE,0,
3142,EN,Yanomamo/the Dobe Ju/'Hoansi 2nd Edition,Napoleon A. Chagnon | Richard B. Lee,KEEP_CORE,0,
3143,EN,Ethnicity and Populist Mobilization,Narendra Subramanian,KEEP_CORE,0,
3144,EN,"Style and Form in Old-Babylonian Literary Texts (Cuneiform Monographs, 27)",Nathan Wasserman,KEEP_CORE,0,
3145,EN,Biology,Neil Allison Campbell | Jane B. Reece | Martha R. Taylor | Eric J. Simon,KEEP_CORE,0,
3146,EN,Thucydides' war,Neil Morpeth,KEEP_CORE,0,
3147,EN,Altruism,Niall Scott,KEEP_CORE,0,
3148,EN,Monsters and the Monstrous,Niall Scott,KEEP_CORE,0,
3149,EN,Proclus of Constantinople and the Cult of the Virgin in Late Antiquity,Nicholas Constas | Proclus Diadochus,KEEP_CORE,0,
3150,EN,Public concerns,Nicholas Rescher,KEEP_CORE,0,
3151,EN,Social science in Southeast Asia,Nico Schulte Nordholt,KEEP_CORE,0,
3152,EN,Parallel universe,Nicola Baxter,KEEP_CORE,0,
3153,EN,Rocket rescue,Nicola Baxter,KEEP_CORE,0,
3154,EN,Winter,Nicola Baxter,KEEP_CORE,0,
3155,EN,Knowledge and Religious Authority in the Pseudo-Clementines,Nicole Kelley,KEEP_CORE,0,
3156,EN,Technopolis,Nigel Calder,KEEP_CORE,0,
3157,EN,The Legal Regime of the Turkish Straits (International Straits of the World),Nihan Unlu,KEEP_CORE,0,
3158,EN,"Wisdom in Loose Form (Mnemosyne, Bibliotheca Classica Batava Supplementum)",Nikolaos L. Lazaridis,KEEP_CORE,0,
3159,EN,Self-knowledge,Nikolaĭ Berdi͡aev,KEEP_TRANSLATION,0,
3160,EN,Spirit and reality,Nikolaĭ Berdi͡aev,KEEP_TRANSLATION,0,
3161,EN,The end of our time,Nikolaĭ Berdi͡aev,KEEP_TRANSLATION,0,
3162,EN,The fate of man in the modern world,Nikolaĭ Berdi͡aev,KEEP_TRANSLATION,0,
3163,EN,The meaning of history,Nikolaĭ Berdi͡aev,KEEP_TRANSLATION,0,
3164,EN,The origin of Russian communism,Nikolaĭ Berdi͡aev,KEEP_TRANSLATION,0,
3165,EN,The realm of spirit and the realm of Caesar,Nikolaĭ Berdi͡aev,KEEP_TRANSLATION,0,
3166,EN,Friedrich Nietzsche on the philosophy of right and the state,Nikos Kazantzakis | Odysseus Makridis,KEEP_TRANSLATION,0,
3167,EN,The Anglo-Saxons in England During the Early Centuries After the Invasion,Nils Aberg,KEEP_CORE,0,
3168,EN,Swedish West Coast Through the Artist's Eye,Nils-olof Olsson,KEEP_CORE,0,
3169,EN,Vicradipa of Bhagavatkavi,Nina Bhavnagari,KEEP_CORE,0,
3170,EN,Representing India,Niraja Gopal Jayal,KEEP_CORE,0,
3171,EN,The collected works of Norbert Elias.,Norbert Elias,KEEP_TRANSLATION,0,
3172,EN,"Psychiatry, Psychoimmunology, and Viruses (Key Topics in Brain Research)",Norbert Müller,KEEP_CORE,0,
3173,EN,Citizenship and Rights in Thatcher's Britain (Choice in Welfare),"Norman P. Barry | Plant, Raymond. | Institute of Economic Affairs | Raymond Plant",KEEP_CORE,0,
3174,EN,Human Development,North South Roundtable,KEEP_CORE,0,
3175,EN,Program planning & proposal writing,Norton J. Kiritz,KEEP_CORE,0,
3176,EN,The unknown Modigliani,Noël Alexandre,KEEP_TRANSLATION,0,
3177,EN,"Guns, girls, gambling, ganja",Nualnoi Treerat. | Sangsit Phiriyarangsan | Pasuk Phongpaichit.,KEEP_CORE,0,
3178,EN,Policy Analysis in Multi-Actor Policy Settings,Odette van de Riet,KEEP_CORE,0,
3179,EN,Lateral Alignment of Epitaxial Quantum Dots (NanoScience and Technology) (NanoScience and Technology),Oliver G. Schmidt,KEEP_CORE,0,
3180,EN,Matthias Flacius and the survival of Luther's reform,Oliver K. Olson,KEEP_CORE,0,
3181,EN,Africation,Oluwole | Artley,KEEP_CORE,0,
3182,EN,The anvil of dreams,Omar Tarin,KEEP_CORE,0,
3183,EN,Art of Motivation,Ong Hean Tatt,KEEP_CORE,0,
3184,EN,Tales of the Great Victory,"Oostdijk, D. & Valenta, M.G.",KEEP_CORE,0,
3185,EN,Christian August Brandis,Orrin F. Summerell,KEEP_CORE,0,
3186,EN,Liquid assets,Osbert Lancaster,KEEP_CORE,0,
3187,EN,The Dissolution of Mind,Oscar Vilarroya,KEEP_CORE,0,
3188,EN,Power and Victimization - The Rhetoric of Sociopolitical Power and Representations of Victimhood in Contemporary Literature,Oya Berk,KEEP_CORE,0,
3189,EN,Reading Cases and Exercises,P. Blunt,KEEP_CORE,0,
3190,EN,"Nietzsche, Ethics and Education",P. Fitzsimons,KEEP_CORE,0,
3191,EN,Confucian moral self cultivation,P. J. Ivanhoe,KEEP_CORE,0,
3192,EN,"Knowledge-Based Software Engineering, (Frontiers in Artificial Intelligence and Applications, 48)",P. Navrat,KEEP_CORE,0,
3193,EN,Cap-Independent Translation,P. Sarnow,KEEP_CORE,0,
3194,EN,"Science Explorer, Cells and Heredity",Padilla | Cyr | Miaoulis,KEEP_CORE,0,
3195,EN,Engineering Drawing,Paige Davis | Karen Renee Juneau,KEEP_CORE,0,
3196,EN,"Passion, Promises and Punishment",Pall S. Ardal,KEEP_CORE,0,
3197,EN,Knock at a star,Pamela Hill,KEEP_CORE,0,
3198,EN,My Lady Glamis,Pamela Hill,KEEP_CORE,0,
3199,EN,O madcap duchess,Pamela Hill,KEEP_CORE,0,
3200,EN,The devil of Aske,Pamela Hill,KEEP_CORE,0,
3201,EN,Venus Rising,Pamela Hill,KEEP_CORE,0,
3202,EN,Protestant Nations Redefined,Pasi Ihalainen,KEEP_CORE,0,
3203,EN,Civilization in the West,Patricia O'Brien | Mark A. Kishlansky | Patrick J. Geary,KEEP_CORE,0,
3204,EN,Imagine a metropolis,Patricia van Ulzen,KEEP_CORE,0,
3205,EN,"D-DAY HEROES, THE",Patrick Bousquet,KEEP_TRANSLATION,0,
3206,EN,"In Pursuit of Purity, Unity, and Liberty",Paul Chang-Ha Lim,KEEP_CORE,0,
3207,EN,Caap'86,Paul Franchi-Zannettacci,KEEP_CORE,0,
3208,EN,Paul McCartney in his own words,Paul McCartney,KEEP_CORE,0,
3209,EN,"Law, socialism and democracy",Paul Q. Hirst,KEEP_CORE,0,
3210,EN,Bolzano's Philosophy and the Emergence of Modern Mathematics.,Paul Rusnock,KEEP_CORE,0,
3211,EN,Travel with your pet,Paula Weideger,KEEP_CORE,0,
3212,EN,Science for sane societies,Paulos Gregorios,KEEP_CORE,0,
3213,EN,Writing,"Peggy B. Jolley | John B., Jr. Jolly",KEEP_CORE,0,
3214,EN,Borrowing court systems,Penelope Nicholson,KEEP_CORE,0,
3215,EN,Earth,Penelope York,KEEP_CORE,0,
3216,EN,The world of the microscope.,Penny Kirkpatrick,KEEP_CORE,0,
3217,EN,Creating Grand Illusions,Peta Laurisen,KEEP_CORE,0,
3218,EN,Crying wolf,Peter Abrahams,KEEP_CORE,0,
3219,EN,The future of complexity,Peter Baofu,KEEP_CORE,0,
3220,EN,.45-caliber deathtrap,Peter Brandvold,KEEP_CORE,0,
3221,EN,.45-caliber fury,Peter Brandvold,KEEP_CORE,0,
3222,EN,.45-Caliber Manhunt,Peter Brandvold,KEEP_CORE,0,
3223,EN,Once a lawman,Peter Brandvold,KEEP_CORE,0,
3224,EN,Once late with a .38,Peter Brandvold,KEEP_CORE,0,
3225,EN,Once upon a dead man,Peter Brandvold,KEEP_CORE,0,
3226,EN,Staring down the devil,Peter Brandvold,KEEP_CORE,0,
3227,EN,The devil gets his due,Peter Brandvold,KEEP_CORE,0,
3228,EN,The devil's lair,Peter Brandvold,KEEP_CORE,0,
3229,EN,Ethics Radical Thinkers,Peter Hallward | Alain Badiou,KEEP_TRANSLATION,0,
3230,EN,The Psalms of the Tamid Service,Peter L. Trudinger,KEEP_CORE,0,
3231,EN,Thought Palaces,Peter Magyar,KEEP_CORE,0,
3232,EN,"Science, Nature, and Ethics",Peter P. Kirschenmann,KEEP_CORE,0,
3233,EN,"Negro Neighbors, Bond And Free",Phila M. Whipple,KEEP_CORE,0,
3234,EN,Study of Religion and It's Meaning,Philip Barnhart,KEEP_CORE,0,
3235,EN,Conscience in Philo & Paul,Philip Bosman,KEEP_CORE,0,
3236,EN,Philostorgius,Philip R. Amidon,KEEP_CORE,0,
3237,EN,Hippocrates in Context,Philip van der Eijk,KEEP_CORE,0,
3238,EN,Unearthing the Politics of Globalization,Philipp Muller,KEEP_CORE,0,
3239,EN,Mayer Guide 2005 (Mayer International Auction Records),Philippe Moreno,KEEP_CORE,0,
3240,EN,Ageing in the City,"Phillipson, Chris. | Allison E Smith | Thomas Scharf",KEEP_CORE,0,
3241,EN,Peirce's Pragmatism. The Design for Thinking. (Value Inquiry Book Series 107) (Value Inquiry Book Ser),Phyllis Chiasson,KEEP_CORE,0,
3242,EN,Biological time,Pierre Lecomte du Noüy,KEEP_TRANSLATION,0,
3243,EN,"An account of the wild tribes inhabiting the Malayan Peninsula, Sumatra, and a few neighbouring islands",Pierre Étienne Lazare Favre,KEEP_TRANSLATION,0,
3244,EN,Sos the rope,Piers Anthony | Erik Mona | Christopher Paul Carey | Robert E. Vardeman,KEEP_CORE,0,
3245,EN,Masterworks of Government,Plato | Leonard Dalton Abbott,KEEP_TRANSLATION,0,
3246,EN,Neural Preprocessing and Control of Reactive Walking Machines,Poramate Manoonpong,KEEP_CORE,0,
3247,EN,Carving blocs,Pradip Kumar Datta,KEEP_CORE,0,
3248,EN,Romance of the Ghost Maiden,Pu Songung,KEEP_TRANSLATION,0,
3249,EN,Jainism,Puran Chand Nahar | Krishnachandra Ghosh,KEEP_CORE,0,
3250,EN,Iqbal and the Western Philosophers,Qaiser Nazir,KEEP_CORE,0,
3251,EN,Democratic Practices as Learning Opportunities,R Van der Veen,KEEP_CORE,0,
3252,EN,Common to Body And Soul,R. A. H. King,KEEP_CORE,0,
3253,EN,Bioprocesses and Applied Enzymology (Advances in Biochemical Engineering/biotechnology),R. Blaszczyk,KEEP_CORE,0,
3254,EN,Minoan crafts,R. D. G. Evely,KEEP_CORE,0,
3255,EN,Halide Perovskite-type Layer Structures (Landolt-Bornstein),R. Geick,KEEP_CORE,0,
3256,EN,Global Encounters in the World of Art,R. Lavrijsen,KEEP_CORE,0,
3257,EN,Angels & Orthodoxy,R. M. M. Tuschling,KEEP_CORE,0,
3258,EN,Why science?,R. Stephen White,KEEP_CORE,0,
3259,EN,Libraries for All,R. Vosper,KEEP_CORE,0,
3260,EN,"Language and Mind, Vol. 1","R.C. Pradhan | National Seminar on ""Language and Mind"" (2004 Hyderabad, India)",KEEP_CORE,0,
3261,EN,Dewey and His Influence,R.C. Whittemore,KEEP_CORE,0,
3262,EN,The Reach of Philosophy,R.C. Whittemore,KEEP_CORE,0,
3263,EN,"Emotion in Speech, Language, and Voice",Rainer Schonweiler,KEEP_CORE,0,
3264,EN,Islam,Rais Siddiqi,KEEP_CORE,0,
3265,EN,Real and imagined women,Rajeswari Sunder Rajan,KEEP_CORE,0,
3266,EN,After 1989,Ralf Dahrendorf,KEEP_CORE,0,
3267,EN,Breaking away from broken windows,Ralph B Taylor,KEEP_CORE,0,
3268,EN,Autumn of the Gun,Ralph Compton,KEEP_CORE,0,
3269,EN,Death Rides a Chestnut Mare (Signet Historical Fiction),Ralph Compton,KEEP_CORE,0,
3270,EN,Ralph Compton Death Along the Cimarron (Ralph Compton Novels),Ralph Compton,KEEP_CORE,0,
3271,EN,Sixguns and Double Eagles,Ralph Compton,KEEP_CORE,0,
3272,EN,"Skeleton Lode (Sundown Riders, #6)",Ralph Compton,KEEP_CORE,0,
3273,EN,The Border Empire,Ralph Compton,KEEP_CORE,0,
3274,EN,The dawn of fury,Ralph Compton,KEEP_CORE,0,
3275,EN,The Deadwood trail,Ralph Compton,KEEP_CORE,0,
3276,EN,The Goodnight Trail,Ralph Compton,KEEP_CORE,0,
3277,EN,The Killing Season,Ralph Compton,KEEP_CORE,0,
3278,EN,The Palo Duro Trail,Ralph Compton,KEEP_CORE,0,
3279,EN,Whiskey River (The Sundown Riders),Ralph Compton,KEEP_CORE,0,
3280,EN,"Social Reality and Tradition, India",Ramashanker Misra | Bijoy H. Boruah,KEEP_CORE,0,
3281,EN,"Racism and Human Rights (Nijhoff Law Specials, 58.)",Raphael Walden,KEEP_CORE,0,
3282,EN,Escape from Baghdad,Raswan,KEEP_CORE,0,
3283,EN,Ray Bradbury Chronicles Volume,Ray Bradbury,KEEP_CORE,0,
3284,EN,Something Wicked This Way Comes,Ray Bradbury,KEEP_CORE,0,
3285,EN,All that glitters,Ray Garton,KEEP_CORE,0,
3286,EN,"Lights, camera, action!",Ray Garton,KEEP_CORE,0,
3287,EN,Night Life,Ray Garton,KEEP_CORE,0,
3288,EN,Pieces of Hate,Ray Garton,KEEP_CORE,0,
3289,EN,Ravenous,Ray Garton,KEEP_CORE,0,
3290,EN,Resurrecting Ravana,Ray Garton,KEEP_CORE,0,
3291,EN,Sex and Violence in Hollywood,Ray Garton,KEEP_CORE,0,
3292,EN,Shackled,Ray Garton,KEEP_CORE,0,
3293,EN,The Folks 2,Ray Garton,KEEP_CORE,0,
3294,EN,The Loveliest Dead,Ray Garton,KEEP_CORE,0,
3295,EN,The New Neighbor,Ray Garton,KEEP_CORE,0,
3296,EN,Warlock,Ray Garton,KEEP_CORE,0,
3297,EN,"Power, Knowledge and Domination (Advances in Organization Studies)",Raymond Daniel Gordon,KEEP_CORE,0,
3298,EN,James Louis O'Donel in Newfoundland 1784-1807,Raymond J. Lahey,KEEP_CORE,0,
3299,EN,The First Thousand Years,Raymond J. Lahey,KEEP_CORE,0,
3300,EN,"War, domination, and the monarchy of France",Rebecca Ard Boone,KEEP_CORE,0,
3301,EN,Visions of savage paradise,Rebecca Parker Brienen,KEEP_CORE,0,
3302,EN,A War of Fools,Reinhard P. Becker,KEEP_CORE,0,
3303,EN,Music and the Mind Machine,Reinhard Steinberg,KEEP_CORE,0,
3304,EN,Spanish Islam,Reinhart Dozy,KEEP_TRANSLATION,0,
3305,EN,Art nouveau patterns and designs,René Beauclair,KEEP_CORE,0,
3306,EN,Poetry and Prophecy,Reuven Shoham,KEEP_CORE,0,
3307,EN,The Book of Proverbs and Arabic Proverbial Works (Supplements to Vetus Testamentum),Riad Aziz Kassis,KEEP_CORE,0,
3308,EN,Reconstructing Foucault,Ricardo Miguel-Alfonso,KEEP_CORE,0,
3309,EN,Latin American postmodernisms,Richard A YOUNG,KEEP_CORE,0,
3310,EN,Media and Culture 4e and and Media Career Guide 4e,Richard Campbell | Bettina G. Fabos | James Seguin | Chris Martin,KEEP_CORE,0,
3311,EN,The Fundamentals of Digital Art (Fundamentals),Richard Colson,KEEP_CORE,0,
3312,EN,Integrating Language Arts and Social Studies for Intermediate and Middle School Students,Richard D. Kellough,KEEP_CORE,0,
3313,EN,"Primordiality, science, and value",Richard Milton Martin,KEEP_CORE,0,
3314,EN,Science deified & science defied,Richard Olson,KEEP_CORE,0,
3315,EN,Heart Development Slide Set,Richard P. Harvey | Nadia Rosenthal,KEEP_CORE,0,
3316,EN,Behavioral statistics,Richard P. Runyon,KEEP_CORE,0,
3317,EN,"Critical thinking handbook, K-3",Richard W. Paul | Daniel Weil | A. J. A. Binker,KEEP_CORE,0,
3318,EN,"Music and the Numinous. (Consciousness, Literature & the Arts)","Richard, Elfyn Jones",KEEP_CORE,0,
3319,EN,Aristophanes and others,"Richards, Herbert",KEEP_CORE,0,
3320,EN,Research Methods in Social Relations,Rick H. Hoyle | Monica J. Harris | Charles M. Judd,KEEP_CORE,0,
3321,EN,The Calvinist Copernicans,Rienk Vermij,KEEP_CORE,0,
3322,EN,Entering fire,Rikki Ducornet,KEEP_CORE,0,
3323,EN,Gray Eagle,Rita Kerr,KEEP_CORE,0,
3324,EN,Texas' first lady,Rita Kerr,KEEP_CORE,0,
3325,EN,Natural Rhythms,Rob Plattel,KEEP_CORE,0,
3326,EN,Democracyin the United States,Robert Alan Dahl,KEEP_CORE,0,
3327,EN,Dilemmas of pluralist democracy.,Robert Alan Dahl,KEEP_CORE,0,
3328,EN,Modern social science,Robert Bierstedt,KEEP_CORE,0,
3329,EN,Twenty Questions,Robert C. Solomon | Meredith W. Michaels | G. Lee Bowie,KEEP_CORE,0,
3330,EN,An Essay on Thomas Reid's Philosophy of Science (Stockholm Studies in Philosophy),Robert Callergard,KEEP_CORE,0,
3331,EN,Addison Wesley Mathematics Grade K/Student,Robert E. Eicholz,KEEP_CORE,0,
3332,EN,Addison-Wesley Mathematics,Robert E. Eicholz,KEEP_CORE,0,
3333,EN,Scripturalist Islam,Robert M. Gleave,KEEP_CORE,0,
3334,EN,Thanksgiving Day.,Robert Merrill Bartlett,KEEP_CORE,0,
3335,EN,Promissory Notes on the Treasury of Merits (Brill's Companions to the Christian Tradition),Robert N. Swanson,KEEP_CORE,0,
3336,EN,QSB+ 2.1,Robert S. Sullivan | Yih-Long Chang,KEEP_CORE,0,
3337,EN,Art in Reproduction,Robert Verhoogt,KEEP_CORE,0,
3338,EN,Introduction to mass spectrometry and its applications,Robert W. Kiser,KEEP_CORE,0,
3339,EN,Exemplum,Robert W. Scheller,KEEP_CORE,0,
3340,EN,Informatics Education - The Bridge between Using and Understanding Computers,Roland Mittermeir,KEEP_CORE,0,
3341,EN,Shifting Paradigms in Software Engineering,Roland Mittermeir,KEEP_CORE,0,
3342,EN,Globalization and Social Theory (Theorizing Society),Roland Robertson | David Inglis,KEEP_CORE,0,
3343,EN,Multiparameter Equations of State,Roland Span,KEEP_CORE,0,
3344,EN,Advances in Solid State Physics / Volume 46 (Advances in Solid State Physics),Rolf Haug,KEEP_CORE,0,
3345,EN,Ulster-American Religion,Ronald A. Wells | David N. Livingstone,KEEP_CORE,0,
3346,EN,The discovery of peace,Ronald Sampson,KEEP_CORE,0,
3347,EN,Spelling and Vocabulary: California Teachers Edition Level 1,Rosa Maria Pena | Shane Templeton,KEEP_CORE,0,
3348,EN,"Doing gender in media, art and culture",Rosemarie Buikema,KEEP_CORE,0,
3349,EN,"Self-Reported Juvenile Delinquency in England and Wales, the Netherlands and Spain",Rosemary Barberet,KEEP_CORE,0,
3350,EN,SARTREAN DIALECTICS. A Method for Critical Discourse on Aesthetic Experience.,Roxanne Claire Farrar,KEEP_CORE,0,
3351,EN,Bufo & Spallanzani,Rubem Fonseca,KEEP_TRANSLATION,0,
3352,EN,High Art,Rubem Fonseca,KEEP_TRANSLATION,0,
3353,EN,The lost manuscript,Rubem Fonseca,KEEP_TRANSLATION,0,
3354,EN,"The taker, and other stories",Rubem Fonseca,KEEP_TRANSLATION,0,
3355,EN,Vast Emotions and Imperfect Thoughts,Rubem Fonseca,KEEP_TRANSLATION,0,
3356,EN,Introduction to Human Geography:,Rubenstein,KEEP_CORE,0,
3357,EN,Dynamic Entrepreneurship,"Rusinovic, Katja",KEEP_CORE,0,
3358,EN,Fundamentals of Computation Theory,Rusins Freivalds,KEEP_CORE,0,
3359,EN,Atlanta Graves (Sunny Childs Mysteries),Ruth Birmingham,KEEP_CORE,0,
3360,EN,Blue plate special,Ruth Birmingham,KEEP_CORE,0,
3361,EN,Cold trail,Ruth Birmingham,KEEP_CORE,0,
3362,EN,Fulton County blues,Ruth Birmingham,KEEP_CORE,0,
3363,EN,Sweet Georgia,Ruth Birmingham,KEEP_CORE,0,
3364,EN,The cosmic microwave background,Ruth Durrer,KEEP_CORE,0,
3365,EN,Rio de Janeiro,Ruy Castro,KEEP_TRANSLATION,0,
3366,EN,Mister Once-upon-a-time,Rémy Simard,KEEP_TRANSLATION,0,
3367,EN,The magic boot,Rémy Simard,KEEP_TRANSLATION,0,
3368,EN,Daniel van der Meulin in Arabia Felix,S Vink,KEEP_CORE,0,
3369,EN,Miwok Material Culture,S. A.. Barrett | E. W. Gifford,KEEP_CORE,0,
3370,EN,The dismal state of the social sciences in Pakistan,S. Akbar Zaidi,KEEP_CORE,0,
3371,EN,The new development paradigm,S. Akbar Zaidi,KEEP_TRANSLATION,0,
3372,EN,Managing civil-military cooperation,S. J. H. Rietjens,KEEP_CORE,0,
3373,EN,Dirichlet Series,S. Mandelbrojt,KEEP_CORE,0,
3374,EN,The Science of Anthropology,S.M. Channa,KEEP_CORE,0,
3375,EN,Exploring 'Unseen' Social Capital in Community Participation,Sam Wong,KEEP_CORE,0,
3376,EN,The Modal System of Earlier Egyptian Complement Clauses (Probleme Der Agyptologie),Sami Uljas,KEEP_CORE,0,
3377,EN,The physical world of late antiquity,Samuel Sambursky,KEEP_CORE,0,
3378,EN,The physical world of the Greeks,Samuel Sambursky,KEEP_TRANSLATION,0,
3379,EN,With dance shoes in Siberian snows,Sandra Kalniete,KEEP_CORE,0,
3380,EN,Introduction to social research,Sanford Labovitz,KEEP_CORE,0,
3381,EN,The Cultural Politics of Emotion,Sara Ahmed,KEEP_CORE,0,
3382,EN,Women in Mauritius,Satinder Ragobar | Oomandra Nath Varma | Bhagiawatty Gunganah,KEEP_CORE,0,
3383,EN,Faradawn (The Fog Mound),"Schade, Susan, Buller, Jon | Jon Buller | Susan Schade",KEEP_TRANSLATION,0,
3384,EN,Information and library science source book.,Schutze,KEEP_CORE,0,
3385,EN,"Theodore Beza and the Quest for Peace in France, 1572-1598 (Studies in Medieval and Reformation Traditions)",Scott M. Manetsch,KEEP_CORE,0,
3386,EN,Ecclesiastical Japanese =,Seitarō Satō,KEEP_CORE,0,
3387,EN,Modern riding techniques,Selma Brandl,KEEP_CORE,0,
3388,EN,Functional Food: Safety Aspects,Senate Commission on Food Safety SKLM,KEEP_CORE,0,
3389,EN,17 letters,Seneca the Younger,KEEP_TRANSLATION,0,
3390,EN,Letters from a Stoic.,Seneca the Younger,KEEP_CORE,0,
3391,EN,"Minor dialogues, together with the dialogue On clemency.",Seneca the Younger,KEEP_CORE,0,
3392,EN,Philosophische Schriften ...,Seneca the Younger,KEEP_CORE,0,
3393,EN,Physical science in the time of Nero,Seneca the Younger,KEEP_CORE,0,
3394,EN,The satire of Seneca on the Apotheosis of Claudius commonly called the Apocolocyntosis,Seneca the Younger,KEEP_CORE,0,
3395,EN,The stoic philosophy of Seneca,Seneca the Younger,KEEP_TRANSLATION,0,
3396,EN,Tragedies.,Seneca the Younger,KEEP_TRANSLATION,0,
3397,EN,From Lenin To Malenkov,"Seton-Watson, Hugh.",KEEP_CORE,0,
3398,EN,Future of Law and Justice,Sharma Golukesh,KEEP_CORE,0,
3399,EN,Bookpeople,Sharron L. McElmeel,KEEP_CORE,0,
3400,EN,The Last trek,Sheila Patterson,KEEP_CORE,0,
3401,EN,Shadow's End,Sheri S. Tepper,KEEP_CORE,0,
3402,EN,Singer from the sea,Sheri S. Tepper,KEEP_CORE,0,
3403,EN,Development of sociology in Japan,Shingo Shimada (Hrsg.) Ilja Srubar,KEEP_CORE,0,
3404,EN,Bouquet,Shirl Henke,KEEP_CORE,0,
3405,EN,Broken Vows,Shirl Henke,KEEP_CORE,0,
3406,EN,Finders keepers,Shirl Henke,KEEP_CORE,0,
3407,EN,Golden Lady,Shirl Henke,KEEP_CORE,0,
3408,EN,Love a Rebel...Love a Rogue (Leisure Historical Romance),Shirl Henke,KEEP_CORE,0,
3409,EN,Love Unwilling,Shirl Henke,KEEP_CORE,0,
3410,EN,McCrory's Lady,Shirl Henke,KEEP_CORE,0,
3411,EN,Moon Flower,Shirl Henke,KEEP_CORE,0,
3412,EN,N ight flower.,Shirl Henke,KEEP_CORE,0,
3413,EN,Night Wind's Woman,Shirl Henke,KEEP_CORE,0,
3414,EN,Return to Paradise,Shirl Henke,KEEP_CORE,0,
3415,EN,Sneak and Rescue,Shirl Henke,KEEP_CORE,0,
3416,EN,Sundancer,Shirl Henke,KEEP_CORE,0,
3417,EN,Terms of Love,Shirl Henke,KEEP_CORE,0,
3418,EN,Terms of Surrender,Shirl Henke,KEEP_CORE,0,
3419,EN,The River Nymph,Shirl Henke,KEEP_CORE,0,
3420,EN,Wanton angel,Shirl Henke,KEEP_CORE,0,
3421,EN,Wicked angel,Shirl Henke,KEEP_CORE,0,
3422,EN,Yankee Earl,Shirl Henke,KEEP_CORE,0,
3423,EN,English: California Teachers Edition Level 3,Shirley Haley-James | John Warren Stewig,KEEP_CORE,0,
3424,EN,Rawshanan-i sipihr-i andishah,Shiva Kaviyani,KEEP_TRANSLATION,0,
3425,EN,Reflections on Japanese Taste,Shuzo Kuki,KEEP_CORE,0,
3426,EN,Ethics and the history of indian philosophy,Shyam Ranganathan,KEEP_CORE,0,
3427,EN,Vamanavikrama,Siddharta Wakankar,KEEP_CORE,0,
3428,EN,The best laid plans,Sidney Sheldon,KEEP_CORE,0,
3429,EN,Missões Guarani,"Simpósio ""O Espaço Jesuítico-Missioneiro: Aspectos da Colonização Ibero-Americana e seu Impacto na Sociedade Contemporânea"" (1997 Quito, Equador)",KEEP_CORE,0,
3430,EN,The old animals' forest band,Sirish Rao,KEEP_CORE,0,
3431,EN,World List of Social Science Periodicals,Social Science Documentation Centre Unesco,KEEP_CORE,0,
3432,EN,Art Goes Underground Art In the Stockhol,Soderstrom,KEEP_CORE,0,
3433,EN,Basic Avanzado Para Ninos/Advanced Basic for Children,Sofia Watt,KEEP_CORE,0,
3434,EN,A pragmatic analysis of legal proofs of criminal intent,Sol Azuelos-Atias,KEEP_TRANSLATION,0,
3435,EN,Loyalty,Song Shouxiang,KEEP_CORE,0,
3436,EN,The door,Sonolux Asia,KEEP_CORE,0,
3437,EN,Sophocles,Sophocles,KEEP_TRANSLATION,0,
3438,EN,"Restoration of Breath. Consciousness and Performance. (Consciousness, Literature & the Arts)",Sreenath Nair,KEEP_CORE,0,
3439,EN,Symeonis Magistri Et Logothetae Chronicon,Staffen Wahlgren,KEEP_CORE,0,
3440,EN,Nl,Stedeliijk Van Abbemuseum Eindhoven,KEEP_CORE,0,
3441,EN,(E)Pedagogy - Visual Knowledge Building,Stefan Sonvilla-weiss,KEEP_CORE,0,
3442,EN,House party!,Stefanie Scott,KEEP_CORE,0,
3443,EN,Lovin' Leo,Stefanie Scott,KEEP_CORE,0,
3444,EN,"Aristotle's Zoology & Its Renaissance Commentators (1521-1601 (Ancient & Medieval Philosophy, Series 1, 27)",Stefano Perfetti,KEEP_CORE,0,
3445,EN,Reform Before the Reformation,Stephen David Bowd,KEEP_CORE,0,
3446,EN,"Aw, here it goes!",Steve Freeman,KEEP_CORE,0,
3447,EN,Family and food and orange soda,Steve Freeman,KEEP_CORE,0,
3448,EN,Ethical Practice in Social Work,Steven Curry | Wendy Bowles | Michael Collingridge | Bruce Valentine,KEEP_TRANSLATION,0,
3449,EN,Photo-Graphics,Steven Gilmore,KEEP_CORE,0,
3450,EN,Economics,Steven M. Sheffrin | Arthur O'Sullivan,KEEP_CORE,0,
3451,EN,Frameworks of power,Stewart Clegg,KEEP_CORE,0,
3452,EN,The proper study of mankind,Stuart Chase,KEEP_CORE,0,
3453,EN,Databases in Networked Information Systems,Subash Bhalla,KEEP_CORE,0,
3454,EN,MaterialTool 1.0,Surya Vanka | Andrzej Jan Wroblewski,KEEP_CORE,0,
3455,EN,Out of Many,Susan H. Armitage | Daniel Czitrom | Mari Jo Buhle | John Mack Faragher,KEEP_CORE,0,
3456,EN,Out of Many: A History of the American People,Susan H. Armitage | Daniel Czitrom | Mari Jo Buhle | John Mack Faragher,KEEP_CORE,0,
3457,EN,Out of Many: A History of the American People,Susan H. Armitage | Daniel Czitrom | Mari Jo Buhle | John Mack Faragher,KEEP_CORE,0,
3458,EN,The Written world,Susan Miller,KEEP_CORE,0,
3459,EN,Vocabulary for Achievement,Susan Weiler | Margaret Ann Richek,KEEP_CORE,0,
3460,EN,When summer ends,Susi Gregg Fowler,KEEP_TRANSLATION,0,
3461,EN,Middle Grades Math,Suzanne H. Chapin | Theodore Gardella,KEEP_CORE,0,
3462,EN,The hunger moon,Suzanne Matson,KEEP_CORE,0,
3463,EN,The tree-sitter,Suzanne Matson,KEEP_CORE,0,
3464,EN,Mathematics of Meaning,Svend Ostergaard,KEEP_CORE,0,
3465,EN,Tu Reves Pitchounette?,Sylvia Massicotte,KEEP_CORE,0,
3466,EN,Rogue state,T. D. Allman,KEEP_CORE,0,
3467,EN,Airborne Particulate Matter,T. Kouimtzis,KEEP_CORE,0,
3468,EN,In Defence of Judaism,T.A.M. Fontaine,KEEP_CORE,0,
3469,EN,Leda Catunda,Tadeu Chiarelli,KEEP_CORE,0,
3470,EN,Al-mu'ayyad Al-shirazi And Fatimid Da'wa Poetry,Tahera Qutbuddin,KEEP_TRANSLATION,0,
3471,EN,Japonisme,Takagi Yoko,KEEP_CORE,0,
3472,EN,The space-frame experience in art.,Tarmo Pasto,KEEP_CORE,0,
3473,EN,Mathematics of Program Construction,Tarmo Uustalu,KEEP_CORE,0,
3474,EN,Biology,Teresa Audesirk | Gerald Audesirk,KEEP_CORE,0,
3475,EN,Prayer in Josephus (Ancient Judaism and Early Christianity),"Tessel, M. JonquiFre",KEEP_CORE,0,
3476,EN,Origins Unknown,The Ekkart Committee,KEEP_CORE,0,
3477,EN,Climate Strategy,The Netherlands Scientific Council for Government Policy,KEEP_CORE,0,
3478,EN,Rediscovering Europe in the Netherlands,The Netherlands Scientific Council for Government Policy,KEEP_CORE,0,
3479,EN,A book about myself,Theodore Dreiser,KEEP_CORE,0,
3480,EN,A gallery of women,Theodore Dreiser,KEEP_CORE,0,
3481,EN,A hoosier holiday,Theodore Dreiser,KEEP_CORE,0,
3482,EN,An American Tragedy,Theodore Dreiser,KEEP_CORE,0,
3483,EN,"Art, Music, and Literature, 1897-1902",Theodore Dreiser,KEEP_CORE,0,
3484,EN,Best short stories.,Theodore Dreiser,KEEP_CORE,0,
3485,EN,Dreiser looks at Russia,Theodore Dreiser,KEEP_CORE,0,
3486,EN,"Free, and other stories.",Theodore Dreiser,KEEP_CORE,0,
3487,EN,Jennie Gerhardt,Theodore Dreiser,KEEP_CORE,0,
3488,EN,"Life, art and America",Theodore Dreiser,KEEP_CORE,0,
3489,EN,Plays of the natural and the supernatural.,Theodore Dreiser,KEEP_CORE,0,
3490,EN,Short stories,Theodore Dreiser,KEEP_CORE,0,
3491,EN,Sister Carrie,Theodore Dreiser,KEEP_CORE,0,
3492,EN,Sister Carrie ; Jennie Gerhardt ; Twelve men,Theodore Dreiser,KEEP_CORE,0,
3493,EN,The Bulwark,Theodore Dreiser,KEEP_CORE,0,
3494,EN,The Financier,Theodore Dreiser,KEEP_CORE,0,
3495,EN,The Genius,Theodore Dreiser,KEEP_CORE,0,
3496,EN,The stoic.,Theodore Dreiser,KEEP_CORE,0,
3497,EN,The Titan,Theodore Dreiser,KEEP_CORE,0,
3498,EN,Trilogy of desire,Theodore Dreiser,KEEP_CORE,0,
3499,EN,Twelve Men,Theodore Dreiser,KEEP_CORE,0,
3500,EN,Glimpses Of The Ages,Theophilus E. Samuel Scholes,KEEP_CORE,0,
3501,EN,Frank Lloyd Wright's Houses,Thomas A. Heinz,KEEP_CORE,0,
3502,EN,Frank Lloyd Wright's Stained Glass &,Thomas A. Heinz,KEEP_CORE,0,
3503,EN,Frank Lloyd Wright's Stained Glass & Lightscreens,Thomas A. Heinz,KEEP_TRANSLATION,0,
3504,EN,The Vision of Frank Lloyd Wright,Thomas A. Heinz,KEEP_CORE,0,
3505,EN,Chartism,Thomas Carlyle,KEEP_CORE,0,
3506,EN,World Geography,Thomas J. Baerwald | Celeste Fraser,KEEP_CORE,0,
3507,EN,Values And Education.,Thomas Magnell,KEEP_CORE,0,
3508,EN,"Protocols, Truth and Convention (Studien Zur Oesterreichischen Philosophie)",Thomas Oberdan,KEEP_CORE,0,
3509,EN,Politics in America,Thomas R. Dye | L. Tucker Gibson | Clay Robison,KEEP_CORE,0,
3510,EN,Creative Chemical Sensor Systems,Thomas Schrader,KEEP_CORE,0,
3511,EN,A winter in Russia.,Théophile Gautier,KEEP_CORE,0,
3512,EN,"Captain Fracasse, parts I, 2 & 3",Théophile Gautier,KEEP_CORE,0,
3513,EN,grotesques,Théophile Gautier,KEEP_TRANSLATION,0,
3514,EN,Voyage en Russie,Théophile Gautier,KEEP_CORE,0,
3515,EN,Toward a Science of Man,Timothy H. Thoresen,KEEP_CORE,0,
3516,EN,Church Paintings Of Gottfried Hendtzschel In Norway - Past & Future Conservation,Tine Froysaker,KEEP_CORE,0,
3517,EN,"Texts & Contexts of the Oldest Runic Inscriptions (Northern World, 4)",Tineke Looijenga,KEEP_CORE,0,
3518,EN,Bo Po Mo Fo Chinese-English Pictorial Dictionary,Tinnakeh Wu,KEEP_CORE,0,
3519,EN,The Study of Africa Volume 1,Tiyambe Zeleza,KEEP_CORE,0,
3520,EN,The Study of Africa Volume 2,Tiyambe Zeleza,KEEP_CORE,0,
3521,EN,Sociology and socialism,Tom Bottomore,KEEP_CORE,0,
3522,EN,Cognition in Emotion,Tone Roald,KEEP_CORE,0,
3523,EN,The Best of Pupung,Tonton Young,KEEP_CORE,0,
3524,EN,An Introduction to Community,Tony Jeffs | Anne Quinney | Keith Popple,KEEP_CORE,0,
3525,EN,Electronic expectations,Tony Stankus,KEEP_CORE,0,
3526,EN,Making sense of journals in the life sciences,Tony Stankus,KEEP_CORE,0,
3527,EN,Making sense of journals in the physical sciences,Tony Stankus,KEEP_CORE,0,
3528,EN,The Day of Awakening,Tony Titshall,KEEP_CORE,0,
3529,EN,The Zurich connection and Tudor political theology,Torrance Kirby,KEEP_CORE,0,
3530,EN,The Internet,Tyrone L. Adams | Norman E. Clark,KEEP_CORE,0,
3531,EN,Bionik,U Kuppers,KEEP_TRANSLATION,0,
3532,EN,Forces by Which We Live,Ulf Zackariasson,KEEP_CORE,0,
3533,EN,Differential optical absorption spectroscopy,Ulrich Platt | Jochen Stutz,KEEP_CORE,0,
3534,EN,Migrant women transforming citizenship,Umut Erel,KEEP_CORE,0,
3535,EN,Encyclopedia of World Problems and Human Potential,Union of International Associates,KEEP_CORE,0,
3536,EN,United Kingdom Association for Legal & Social Philosophy Equality & Discrimination,United Kingdom Assn for Legal & Social,KEEP_CORE,0,
3537,EN,Statistical Data Editing,United Nations Statistical Commission & Economic Commission for europe,KEEP_CORE,0,
3538,EN,Nonverbal Language of Prayer,Uri Ehrlich,KEEP_CORE,0,
3539,EN,Conscience,Uspenskiĭ Petr Demʹi͡anovich,KEEP_TRANSLATION,0,
3540,EN,In search of the miraculous,Uspenskiĭ Petr Demʹi͡anovich,KEEP_CORE,0,
3541,EN,The fourth way,Uspenskiĭ Petr Demʹi͡anovich,KEEP_CORE,0,
3542,EN,Evidence of Greek Philosophical Concepts in the Writings of Ephrem the Syrian,Ute Possekel,KEEP_CORE,0,
3543,EN,Main Group Elements And Their Compounds,V. G. Kumar Das,KEEP_CORE,0,
3544,EN,Mélanges offerts à Juraj Andrassy,V. Ibler,KEEP_CORE,0,
3545,EN,A history of Russian philosophy,V. V. Zenʹkovskiĭ,KEEP_CORE,0,
3546,EN,"Early Christian, Viking and Romanesque Art (Early Christian, Viking & Romanesque Art)",Vainin O'Meadhra,KEEP_CORE,0,
3547,EN,Scientific Perspectives,Varadaraja V. Raman,KEEP_CORE,0,
3548,EN,"Aesthetics. (On the Boundary of Two Worlds: Identity, Freedom, & Moral Imagination in the Baltics)",Vasily Sesemann,KEEP_CORE,0,
3549,EN,Jungfrau Express - With The Jungfrau Railway Up To The Glaciers,"Verena; Translated by Heller, Paul L. Gurtner",KEEP_CORE,0,
3550,EN,The Immigrant Organising Process,"Vermeulen, Floris",KEEP_TRANSLATION,0,
3551,EN,A turn of the blade,Veronica Geoghegan Sweeney,KEEP_CORE,0,
3552,EN,The emancipist,Veronica Geoghegan Sweeney,KEEP_CORE,0,
3553,EN,An enquiry into the Social Science Research Council,"Victor Rothschild, 3rd Baron Rothschild",KEEP_CORE,0,
3554,EN,Data Analysis in Cosmology,Vincent Martinez,KEEP_CORE,0,
3555,EN,Dog overboard!,Vivian Sathre,KEEP_CORE,0,
3556,EN,Stage invader,Vivian Sathre,KEEP_CORE,0,
3557,EN,age of Lewis XIV.,Voltaire,KEEP_TRANSLATION,0,
3558,EN,age of Louis XIV.,Voltaire,KEEP_TRANSLATION,0,
3559,EN,Alzira,Voltaire,KEEP_TRANSLATION,0,
3560,EN,An Essay Upon The Civil Wars Of France,Voltaire,KEEP_TRANSLATION,0,
3561,EN,Annals of the Empire from the reign of Charlemagne,Voltaire,KEEP_TRANSLATION,0,
3562,EN,Calas affair,Voltaire,KEEP_TRANSLATION,0,
3563,EN,Candide,Voltaire,KEEP_TRANSLATION,0,
3564,EN,Critical essays on dramatic poetry,Voltaire,KEEP_TRANSLATION,0,
3565,EN,history of the Russian empire under Peter the Great,Voltaire,KEEP_TRANSLATION,0,
3566,EN,philosophical dictionary,Voltaire,KEEP_TRANSLATION,0,
3567,EN,Political writings,Voltaire,KEEP_TRANSLATION,0,
3568,EN,The general history and state of Europe.,Voltaire,KEEP_TRANSLATION,0,
3569,EN,"The history of Charles the Twelfth, king of Sweden.",Voltaire,KEEP_TRANSLATION,0,
3570,EN,The history of the war of seventeen hundred and forty one,Voltaire,KEEP_TRANSLATION,0,
3571,EN,The philosophical dictionary for the pocket.,Voltaire,KEEP_TRANSLATION,0,
3572,EN,The philosophy of history,Voltaire,KEEP_TRANSLATION,0,
3573,EN,The sincere Huron,Voltaire,KEEP_TRANSLATION,0,
3574,EN,Voltaire in his letters,Voltaire,KEEP_TRANSLATION,0,
3575,EN,Voltaire\'s Philosophical Dictionary,Voltaire,KEEP_TRANSLATION,0,
3576,EN,Isaac Newton's Philosophiae Naturalis Principia Mathematica,W. A. Kaminski,KEEP_CORE,0,
3577,EN,"Quest for a Unified Theory of Information (World-Futures General Evolution Studies, Vol 13)",W. Hofkirchner,KEEP_CORE,0,
3578,EN,"Philanthropy in England, 1480-1660",W. K. Jordan,KEEP_CORE,0,
3579,EN,Smiling Spleen,W. Pagel,KEEP_CORE,0,
3580,EN,The British in Bengal 1756-1773,W.G.J. Kuiters,KEEP_CORE,0,
3581,EN,Hegel's political philosophy,Walter Arnold Kaufmann,KEEP_TRANSLATION,0,
3582,EN,Walter Moorcroft,Walter Moorcroft,KEEP_CORE,0,
3583,EN,The Traditional Education of Korea,Wan Gee Choi,KEEP_CORE,0,
3584,EN,Personal Agency Beliefs in Self-Regulation,Wan Har Chong,KEEP_CORE,0,
3585,EN,Kua Fu Races with the Sun (CHINESE TALE SERIES),Wang Yangguang,KEEP_CORE,0,
3586,EN,Houyi Shoots down the Suns (CHINESE TALE SERIES),Wang Zhiwei,KEEP_CORE,0,
3587,EN,Test of Language Competence,Wayne Secord | Elisabeth Wiig,KEEP_CORE,0,
3588,EN,Test of Language Competence,Wayne Secord | Elisabeth Wiig,KEEP_CORE,0,
3589,EN,Ultimate SOS CD Library Season 1,Wayne Wolf,KEEP_CORE,0,
3590,EN,Ultimate SOS CD Library Season 2,Wayne Wolf,KEEP_CORE,0,
3591,EN,Journey Into Light,Webb B. Garrison | Gary Webster,KEEP_CORE,0,
3592,EN,Life in Xishuangbanna,Wei Aijun,KEEP_CORE,0,
3593,EN,Tracing Technique in Geohydrology,Werner Käss,KEEP_CORE,0,
3594,EN,The backward art of spending money,Wesley Clair Mitchell,KEEP_TRANSLATION,0,
3595,EN,The philosophy of Christianity,William D. Pirie,KEEP_CORE,0,
3596,EN,Living with asthma,William E. Berger,KEEP_CORE,0,
3597,EN,The Pro-Slavery Argument,William Gilmore Simms | William Harper | James H. Hammond,KEEP_CORE,0,
3598,EN,Intentionalist interpretation,William Irwin,KEEP_CORE,0,
3599,EN,A traveler at forty.,William J. Glackens | Theodore Dreiser,KEEP_CORE,0,
3600,EN,The American Journey,William L. Barney | Jo Ann E. Argersinger | Carl Abbott | Virginia Dejohn Anderson | Robert M. Weir | David R. Goldfield | Peter H. Argersinger,KEEP_CORE,0,
3601,EN,The American Journey: A History of the United States,William L. Barney | Jo Ann E. Argersinger | Carl Abbott | Virginia Dejohn Anderson | Robert M. Weir | David R. Goldfield | Peter H. Argersinger,KEEP_CORE,0,
3602,EN,Sennacherib's Campaign to Judah,William R. Gallagher,KEEP_CORE,0,
3603,EN,All the World's a Stage,William Shakespeare,KEEP_CORE,0,
3604,EN,Complete Works,William Shakespeare,KEEP_CORE,0,
3605,EN,"HENRY IV, PART II",William Shakespeare,KEEP_CORE,0,
3606,EN,King Henry the Fourth Part I,William Shakespeare,KEEP_CORE,0,
3607,EN,Romeo and Juliet,William Shakespeare,KEEP_CORE,0,
3608,EN,Shakespeares Venus and Adonis,William Shakespeare,KEEP_CORE,0,
3609,EN,The complete works of William Shakespeare,William Shakespeare,KEEP_CORE,0,
3610,EN,The Dramatic Works of Shakespeare,William Shakespeare,KEEP_CORE,0,
3611,EN,The Stratford Shakspere,William Shakespeare,KEEP_CORE,0,
3612,EN,The tragedies,William Shakespeare,KEEP_CORE,0,
3613,EN,Tragedies,William Shakespeare,KEEP_CORE,0,
3614,EN,The Satiric Voice,William T. Wehrle,KEEP_CORE,0,
3615,EN,The Big Show,Wim Peeters,KEEP_CORE,0,
3616,EN,Research Methods in Urban and Regional Planning (Tsinghua University Texts) (Tsinghua University Texts),Xinhao Wang | Rainer vom Hofe,KEEP_CORE,0,
3617,EN,Royal Autobiography in the Book of Qoheleth (Beihefte Zur Zeitschrift Fur die Alttestamentliche Wissenschaft 369) (Beiheft Zur Zeitschrift Fur Die Alttestamentliche Wissenschaft),Y V Koh,KEEP_CORE,0,
3618,EN,Deep thinking,"Yahya, Hârun.",KEEP_CORE,0,
3619,EN,Origins of Chinese Science and Technology,Yang Liping,KEEP_CORE,0,
3620,EN,Theology and Tafsir in the Major Works of Fakhr Al-Din Al-Razi,Yasin Ceylan,KEEP_CORE,0,
3621,EN,The Essentials of Medicine in Ancient China and Japan,Yasuyori Tamba,KEEP_TRANSLATION,0,
3622,EN,A winter in Italy,"Yates, Ashton Mrs.",KEEP_TRANSLATION,0,
3623,EN,Curie,YKids,KEEP_CORE,0,
3624,EN,Gandhi,YKids,KEEP_CORE,0,
3625,EN,Gulliver's Travels,YKids,KEEP_CORE,0,
3626,EN,Little Women,YKids,KEEP_CORE,0,
3627,EN,Mother Teresa,YKids,KEEP_CORE,0,
3628,EN,Treasure Island,YKids,KEEP_CORE,0,
3629,EN,Modern Korean History and Nationalism,Yong-ha Shin,KEEP_CORE,0,
3630,EN,MAHNMALE DES HOLOCAUST,YOUNG JAMES E.,KEEP_CORE,0,
3631,EN,Oughtopia,Young Seek Choue,KEEP_CORE,0,
3632,EN,Money,Yu Han Won,KEEP_CORE,0,
3633,EN,Public Key Cryptography - PKC 2003,Yvo Desmedt,KEEP_CORE,0,
3634,EN,Chantal,Yvone Lenard,KEEP_CORE,0,
3635,EN,The magic of Provence,Yvone Lenard,KEEP_CORE,0,
3636,EN,Tutankhamun,Zahi A. Hawass,KEEP_CORE,0,
3637,EN,Clay Geosynthetic Barriers (W/cd),Zanzinger,KEEP_CORE,0,
3638,FR,Le pour et le contre,[Jean] Louis Bridel,KEEP_CORE,0,
3639,FR,Palabres Sous Le Baobab,A De Hontheim,KEEP_CORE,0,
3640,FR,Siegfried,A. Alice,KEEP_CORE,0,
3641,FR,En attendant Goudou,A. Clairmont,KEEP_CORE,0,
3642,FR,Itinéraire de Québec à Chicago,A. G. Gérard,KEEP_CORE,0,
3643,FR,Les Mechants,Aaron Blabey,KEEP_TRANSLATION,0,
3644,FR,Pratique de l'art oratoire de Delsarte,abbé Delaumosne,KEEP_CORE,0,
3645,FR,Le Corps oriental,Abdelkebir Katibi,KEEP_CORE,0,
3646,FR,Le chemin des ordalies,Abdellatif Laâbi,KEEP_CORE,0,
3647,FR,Le fond de la jarre,Abdellatif Laâbi,KEEP_CORE,0,
3648,FR,Le juge de l'ombre,Abdellatif Laâbi,KEEP_CORE,0,
3649,FR,Les rides du lion,Abdellatif Laâbi,KEEP_CORE,0,
3650,FR,Ibn Khaldûn,Abdesselam Cheddadi,KEEP_CORE,0,
3651,FR,Compacite (de la),Abensour/Miguel,KEEP_CORE,0,
3652,FR,Religion et développement de la personnalité,Academy of Religion and Mental Health. Academy Symposium,KEEP_CORE,0,
3653,FR,Table générale et méthodique des Mémoires contenus dans les recueils de l'Académie des inscriptions et belles-lettres et de l'Académie des sciences morales et politiques.,Académie des inscriptions & belles-lettres (France),KEEP_CORE,0,
3654,FR,"Procès-verbaux de l'Académie royale de peinture et de sculpture, 1648-1793.",Académie royale de peinture et de sculpture (France),KEEP_CORE,0,
3655,FR,"La morphologie sociale, conférences tenues à l'Université nouvelle de Bruxelles au mois de mars 1905.",Achille Loria,KEEP_CORE,0,
3656,FR,Problèmes sociaux contemporains,Achille Loria,KEEP_CORE,0,
3657,FR,Savoirs du lointain et sciences sociales,"Actes colloque (Sidi-Bou Saïd, Tunis) (30 et 31 mars 2001)",KEEP_CORE,0,
3658,FR,La Vie volée de Jun Do,Adam Johnson,KEEP_TRANSLATION,0,
3659,FR,L' interdisciplinarité,Adam Karpinski,KEEP_CORE,0,
3660,FR,L'étrange histoire de Peter Schlemihl,Adelbert von Chamisso,KEEP_TRANSLATION,0,
3661,FR,Feuilles d'automne,Adeline Yen Mah,KEEP_TRANSLATION,0,
3662,FR,Journal de la guerre au cochon,Adolfo Bioy Casares,KEEP_TRANSLATION,0,
3663,FR,Un Français chez les Lincoln,Adolphe de Pineton marquis de Chambrun,KEEP_CORE,0,
3664,FR,Les intrus,Adrian Tomine,KEEP_TRANSLATION,0,
3665,FR,Anthologie d'art,Afred Lenoir,KEEP_CORE,0,
3666,FR,Les églises flamboyantes de Paris,Agnès Bos,KEEP_CORE,0,
3667,FR,Les femmes du fleuve,Aimée Laberge,KEEP_CORE,0,
3668,FR,Bloody Mary,Akaza Samamiya,KEEP_TRANSLATION,0,
3669,FR,"Yu-Gi-Oh ! R, Tome 2",Akira Itao,KEEP_TRANSLATION,0,
3670,FR,Yu-Gi-Oh! R - Tome 3,Akira Itao,KEEP_TRANSLATION,0,
3671,FR,Culture diktat,Al Coutelis,KEEP_CORE,0,
3672,FR,"A.D. Grand-Rivière, tome 4",Al Coutelis | Bollée,KEEP_CORE,0,
3673,FR,Abrégé de métapolitique,Alain Badiou,KEEP_CORE,0,
3674,FR,Deleuze,Alain Badiou,KEEP_CORE,0,
3675,FR,Le concept de modèle,Alain Badiou,KEEP_CORE,0,
3676,FR,Saint Paul,Alain Badiou,KEEP_CORE,0,
3677,FR,Conditions (L'Ordre philosophique),Alain Badiou | Badiou | Steven Corcoran | Alain Badiou,KEEP_CORE,0,
3678,FR,Théorie du sujet,Alain Badiou | Bruno Bosteels | Alain Badiou | BADIOU ALAIN,KEEP_CORE,0,
3679,FR,Derrière la magie,Alain Cayrol,KEEP_CORE,0,
3680,FR,"Penser la musique dans l'""Encyclopédie""",Alain Cernuschi,KEEP_CORE,0,
3681,FR,La France dans les comparaisons internationales,Alain Chenu | Laurent Lesnard,KEEP_CORE,0,
3682,FR,Métaphysique et noétique,Alain de Libera,KEEP_CORE,0,
3683,FR,"Lévi-Strauss, lecteur de Freud",Alain Delrieu,KEEP_CORE,0,
3684,FR,Le prestige des elites,Alain Duplouy,KEEP_CORE,0,
3685,FR,L' ingratitude,Alain Finkielkraut,KEEP_CORE,0,
3686,FR,Le livre et les livres,Alain Finkielkraut,KEEP_CORE,0,
3687,FR,Collection D'Architecture Du Centre Georges Pompidou,Alain Guiheux,KEEP_CORE,0,
3688,FR,Kisho Kurokawa,Alain Guiheux,KEEP_CORE,0,
3689,FR,Histoire de la philosophie espagnole,Alain Guy,KEEP_CORE,0,
3690,FR,La Philosophie espagnole,Alain Guy,KEEP_CORE,0,
3691,FR,D'une grande guerre a l'autre,Alain Gérard,KEEP_CORE,0,
3692,FR,Je suis né deux fois,Alain Kalita,KEEP_CORE,0,
3693,FR,Kalamazoo,Alain M. Bergeron,KEEP_CORE,0,
3694,FR,L'imposteur,Alain M. Bergeron,KEEP_CORE,0,
3695,FR,La grande illusion,Alain Minc,KEEP_CORE,0,
3696,FR,Le Musée d'Orsay,Alain Nave | A. Nave,KEEP_CORE,0,
3697,FR,La Population Du Comte de Nice de 1693 a 1939,Alain Ruggiero,KEEP_CORE,0,
3698,FR,Histoire de la notabilité en pays d'Apt aux XVIe et XVIIe siècles,Alain Servel,KEEP_CORE,0,
3699,FR,Jacques Adnet,Alain-René Hardy,KEEP_CORE,0,
3700,FR,Aliens - Le Retour,Alan Dean Foster,KEEP_TRANSLATION,0,
3701,FR,Le Choc des Titans,Alan Dean Foster,KEEP_TRANSLATION,0,
3702,FR,Alien,Alan Dean Foster | Peter Guinness,KEEP_TRANSLATION,0,
3703,FR,Poucette Peur-de-Tout,Alan MacDonald,KEEP_TRANSLATION,0,
3704,FR,"Samedi soir, dimanche matin",Alan Sillitoe,KEEP_TRANSLATION,0,
3705,FR,L' archipel Tintin,Albert Algoud,KEEP_CORE,0,
3706,FR,Tintinolatrie,Albert Algoud,KEEP_CORE,0,
3707,FR,Impressions de voyage.,Albert de Vleeshouwer,KEEP_CORE,0,
3708,FR,Comment je vois le monde,Albert Einstein | Neil Berger,KEEP_TRANSLATION,0,
3709,FR,Cinq milliards d'hommes dans un vaisseau,Albert Jacquard,KEEP_CORE,0,
3710,FR,L' équation du nénuphar,Albert Jacquard,KEEP_CORE,0,
3711,FR,Petite philosophie à l'usage des non-philosophes,Albert Jacquard,KEEP_CORE,0,
3712,FR,Manuel bibliographique des sciences psychiques ou occultes,Albert Louis Caillet,KEEP_CORE,0,
3713,FR,"Tourisme et transport aérien, de l'essor à la maturité",Albert Miroux,KEEP_CORE,0,
3714,FR,Humanisme et mystique,Albert Schweitzer,KEEP_TRANSLATION,0,
3715,FR,Astérix et les Indiens,Albert Uderzo,KEEP_CORE,0,
3716,FR,Lexique anglais-français,Alberta. Alberta Education. Language Services,KEEP_CORE,0,
3717,FR,"Programme d'études sociales de l'Alberta, 1981",Alberta. Alberta Education. Language Services,KEEP_CORE,0,
3718,FR,"Etudes sociales, secondaire 7e à 12e",Alberta. Alberta Education. Language Services.,KEEP_CORE,0,
3719,FR,Histoire De L'humanité En Bandes Dessinées,Alberto Cabado,KEEP_CORE,0,
3720,FR,Voyage dans l'Amérique méridionale,Alcide Dessalines d’Orbigny,KEEP_CORE,0,
3721,FR,Borgia,Alejandro Jodorowsky,KEEP_CORE,0,
3722,FR,Ce qui est en bas,Alejandro Jodorowsky,KEEP_CORE,0,
3723,FR,La cinquième essence,Alejandro Jodorowsky,KEEP_CORE,0,
3724,FR,"Barcelone, 1888-1929",Alejandro Sánchez,KEEP_CORE,0,
3725,FR,Mythe & super héros,Alex Nikolavitch,KEEP_CORE,0,
3726,FR,"Le voyageur américain, ou, Observations sur l'etat actuel, la culture, le commerce des colonies britanniques en Amérique",Alexander Clúny,KEEP_CORE,0,
3727,FR,L'Affaire des hommes disparus,Alexander Forbes | Kris Bertin,KEEP_CORE,0,
3728,FR,Esquisse sur le Nord-Ouest de l'Amérique,Alexandre A. Taché,KEEP_CORE,0,
3729,FR,"Naufrage de la frégate la Méduse, faisant partie de l'expédition du Sénégal en 1816",Alexandre Corréard,KEEP_CORE,0,
3730,FR,Souvenirs d\'une favorite,Alexandre Dumas,KEEP_CORE,0,
3731,FR,La notion de l'autorité,Alexandre Kojève,KEEP_CORE,0,
3732,FR,L'idee de Dieu dans la philosophie de St. Anselme,Alexandre Koyré,KEEP_CORE,0,
3733,FR,Structures en béton armé,Alexandre Sarrasin,KEEP_CORE,0,
3734,FR,Fièvre afteuse,Alexis Clairmont,KEEP_CORE,0,
3735,FR,Le sens de la vie,Alfred Adler,KEEP_TRANSLATION,0,
3736,FR,"Historiens, poëtes et romanciers.",Alfred Auguste Cuvillier-Fleury,KEEP_CORE,0,
3737,FR,Un touriste au Caucase,Alfred Koechlin-Schwartz,KEEP_CORE,0,
3738,FR,Le Monde du comique et du rire,Alfred Michiels,KEEP_CORE,0,
3739,FR,Aventures d'idées,Alfred North Whitehead,KEEP_TRANSLATION,0,
3740,FR,Richard Serra-Jalons,Alfred Paquement,KEEP_CORE,0,
3741,FR,Étude sur Georges Michel,Alfred Sensier,KEEP_CORE,0,
3742,FR,Sémiotique et sciences sociales.,Algirdas Julien Greimas,KEEP_CORE,0,
3743,FR,"Maroc, les élites du royaume",Ali Benhaddou,KEEP_CORE,0,
3744,FR,Heartstopper 1,Alice Oseman,KEEP_CORE,0,
3745,FR,Fun Home,Alison Bechdel,KEEP_TRANSLATION,0,
3746,FR,La vérité sur Lorin Jones,Alison Lurie | Alison Lurie | Sophie Mayoux,KEEP_TRANSLATION,0,
3747,FR,"Tiens-Toi Bien, Mathieu",Allan Morgan,KEEP_TRANSLATION,0,
3748,FR,"Au gré du Yukon, 80 jours de canoë",Allano Joel,KEEP_CORE,0,
3749,FR,Histoire des sciences et des savants depuis deux siècles,Alphonse de Candolle,KEEP_CORE,0,
3750,FR,"Histoire des sciences et des savants depuis deux siècles, d'après l'opinion des principales académies ou sociétés scientifiques",Alphonse de Candolle,KEEP_CORE,0,
3751,FR,J.-J. Rousseau: son faux contrat social et le vrai contrat social,Alphonse de Lamartine,KEEP_CORE,0,
3752,FR,Journal d'un séminariste en Algérie (1960-1962),Alphonse Georger,KEEP_CORE,0,
3753,FR,Le rôle de la génération charnière ouest-africaine,Amadou Booker Washington Sadji,KEEP_CORE,0,
3754,FR,Mon nom est Rouge,Amankeldī Qūrmet | Orhan Pamuk,KEEP_TRANSLATION,0,
3755,FR,Rien ne manque,Ammar Khodja/Soumya,KEEP_CORE,0,
3756,FR,"Les grandes seigneuries de Haute-Bretagne, tome 1",Amédée Guillotin De Corson,KEEP_CORE,0,
3757,FR,Les cours d'adulte de pierre sacreste,Andr Burgos,KEEP_CORE,0,
3758,FR,Guadeloupe amerindienne et archipel des petites antilles,Andre Delpuech,KEEP_CORE,0,
3759,FR,"Histoire, Doxographie, Verite",Andre Laks,KEEP_CORE,0,
3760,FR,Les Bois Magiques,Andre Noel,KEEP_CORE,0,
3761,FR,Trafic chez les hurons,Andre Noel,KEEP_CORE,0,
3762,FR,Les Grenouilles,Andrea Wayne Konigslow,KEEP_TRANSLATION,0,
3763,FR,Associations et champ politique. loi 1901 epreuve siecle. 53,Andrieu.le Beguec.Ta,KEEP_CORE,0,
3764,FR,Qu'est-ce que le cinéma?,André Bazin,KEEP_CORE,0,
3765,FR,Voyage au Japon.,André Bellessort,KEEP_CORE,0,
3766,FR,Voyage au Japon: La société japonaise,André Bellessort,KEEP_CORE,0,
3767,FR,Vie politique au Canada,André Bernard,KEEP_CORE,0,
3768,FR,Jacques Cartier,André Berthiaume (1938-2023),KEEP_CORE,0,
3769,FR,Dictionnaire abrégé du surréalisme,André Breton,KEEP_CORE,0,
3770,FR,Le pentecôtisme au Brésil,André Corten,KEEP_CORE,0,
3771,FR,La Sirène et le chapiteau roman,André Crémillieux | Pierre Burger,KEEP_CORE,0,
3772,FR,"Quai Branly, un miroir aux alouettes?",André Desvallées,KEEP_CORE,0,
3773,FR,Les doctrines d'art en France,André Fontaine,KEEP_CORE,0,
3774,FR,"Spirou et Fantasio, tome 4",André Franquin,KEEP_CORE,0,
3775,FR,madones comtadines.,André Godard,KEEP_CORE,0,
3776,FR,Avignon et le Comtat-Venaissin,André Hallays,KEEP_CORE,0,
3777,FR,Nancy,André Hallays,KEEP_CORE,0,
3778,FR,À travers l'Alsace,André Hallays,KEEP_CORE,0,
3779,FR,Les 7 vies de l'Epervier - L'Intégrale,André Juillard,KEEP_CORE,0,
3780,FR,Des dieux et des empereurs,André Lama,KEEP_CORE,0,
3781,FR,Foi et philosophies,André Léonard,KEEP_CORE,0,
3782,FR,Au feu!,André Marois,KEEP_CORE,0,
3783,FR,Cinq visages de l'amour.,André Maurois,KEEP_CORE,0,
3784,FR,Frédéric Chopin,André Maurois,KEEP_CORE,0,
3785,FR,Patapoufs et Filifers,André Maurois,KEEP_CORE,0,
3786,FR,L'esthétique de Jean-Sebastien Bach,André Pirro,KEEP_CORE,0,
3787,FR,Le Caire,André Raymond,KEEP_CORE,0,
3788,FR,G.W. Leibniz,André Robinet,KEEP_CORE,0,
3789,FR,Astérix : l'épopée burlesque de la France,André Stoll,KEEP_CORE,0,
3790,FR,Karl Popper ou La connaissance sans certitude,André Verdan,KEEP_CORE,0,
3791,FR,Mythologie et maniérisme,Andrée de Bosque,KEEP_CORE,0,
3792,FR,Une démarche scientifique en sciences humaines,Andrée Lamoureux,KEEP_CORE,0,
3793,FR,Animaux,Anita Ganeri,KEEP_TRANSLATION,0,
3794,FR,Atlas jeunesse des océans,Anita Ganeri,KEEP_TRANSLATION,0,
3795,FR,De mémoire de-- romains,Anita Ganeri,KEEP_TRANSLATION,0,
3796,FR,GRANDE-BRETAGNE ET BRITANNIQUE,Anita Ganeri,KEEP_TRANSLATION,0,
3797,FR,Jours de noces,Anita Ganeri,KEEP_TRANSLATION,0,
3798,FR,L'Allemagne et les Allemands,Anita Ganeri,KEEP_TRANSLATION,0,
3799,FR,La France et les Français,Anita Ganeri,KEEP_TRANSLATION,0,
3800,FR,La Terre,Anita Ganeri,KEEP_TRANSLATION,0,
3801,FR,Les animaux forment des familles,Anita Ganeri,KEEP_TRANSLATION,0,
3802,FR,Les animaux surprenants,Anita Ganeri,KEEP_TRANSLATION,0,
3803,FR,Les Mers et les Océans,Anita Ganeri,KEEP_TRANSLATION,0,
3804,FR,Le Péloponèse du IVe au VIIe siècle,Anna Avraméa,KEEP_CORE,0,
3805,FR,Neige,Anna Kavan,KEEP_TRANSLATION,0,
3806,FR,Black Beauty,Anna Sewell,KEEP_TRANSLATION,0,
3807,FR,La nuit du Viking,Anne Bernard Lenoir,KEEP_CORE,0,
3808,FR,L' amoureux de ma mère,Anne Fine,KEEP_TRANSLATION,0,
3809,FR,Madame Doubtfire,Anne Fine,KEEP_TRANSLATION,0,
3810,FR,Les chevaliers d'Émeraude,Anne Robillard,KEEP_CORE,0,
3811,FR,Ouram,Anne Vallières,KEEP_CORE,0,
3812,FR,Le Français et les sciences,Anne-Elizabeth Dalcq,KEEP_CORE,0,
3813,FR,Fiancée d'hiver poche,Anne-Lise Grobety,KEEP_CORE,0,
3814,FR,L' expression musicale,Anne-Marie Chevalier,KEEP_CORE,0,
3815,FR,Une femme au royaume des interdits,Anne-Marie Gemignani,KEEP_CORE,0,
3816,FR,"Antoine Courtens, créateur art déco",Anne-Marie Pirlot,KEEP_CORE,0,
3817,FR,Renault et les sciences sociales,Anne-Sophie Perriaux,KEEP_CORE,0,
3818,FR,Ils l'ont appelé Nathan,Annette Desjardins,KEEP_CORE,0,
3819,FR,Ce qu'ils disent ou rien,Annie Ernaux,KEEP_CORE,0,
3820,FR,Journal du dehors,Annie Ernaux,KEEP_CORE,0,
3821,FR,L' occupation,Annie Ernaux,KEEP_CORE,0,
3822,FR,L'événement,Annie Ernaux,KEEP_CORE,0,
3823,FR,La femme gelée,Annie Ernaux,KEEP_CORE,0,
3824,FR,La honte,Annie Ernaux,KEEP_CORE,0,
3825,FR,La place,Annie Ernaux,KEEP_CORE,0,
3826,FR,Les armoires vides,Annie Ernaux,KEEP_CORE,0,
3827,FR,Passion simple,Annie Ernaux,KEEP_CORE,0,
3828,FR,Une femme,Annie Ernaux | Tanya Leslie,KEEP_CORE,0,
3829,FR,A nnie Groovie présente Délirons avec Léon numéro 4,Annie Groovie,KEEP_CORE,0,
3830,FR,Léon et les expressions,Annie Groovie,KEEP_CORE,0,
3831,FR,Les Quatre Saisons Du Tarn-Et-Garonne,Annie Lafforgue,KEEP_CORE,0,
3832,FR,Picasso et lieris dans l'arene,Annie Maillis,KEEP_CORE,0,
3833,FR,La Pensée politique arabe contemporaine,Anouar Abdel-Malek | Anouar Abdel-Malek,KEEP_CORE,0,
3834,FR,Mr Raj,Anthony Burgess,KEEP_TRANSLATION,0,
3835,FR,Autobiographie,Anthony Trollope,KEEP_TRANSLATION,0,
3836,FR,"Voyages historiques et littéraires en Italie, pendant les années 1826, 1827 et 1828, ou, L'indicateur italien",Antoine Claude Pasquin Valery,KEEP_CORE,0,
3837,FR,"Voyages historiques, littéraires et artistiques en Italie",Antoine Claude Pasquin Valery,KEEP_CORE,0,
3838,FR,Citadelle,Antoine de Saint-Exupéry,KEEP_CORE,0,
3839,FR,Le petit prince,Antoine de Saint-Exupéry,KEEP_CORE,0,
3840,FR,Vol de nuit,Antoine de Saint-Exupéry,KEEP_CORE,0,
3841,FR,"Jésus Christ, grand prêtre de l'ancienne et de la nouvelle alliance",Antoine Guggenheim,KEEP_CORE,0,
3842,FR,Liberté et vérité,Antoine Guggenheim,KEEP_CORE,0,
3843,FR,L'aventure du balnéaire,Antoine Picon | Claude Prélorenzo,KEEP_CORE,0,
3844,FR,Oh yeah!,Antoine.,KEEP_CORE,0,
3845,FR,Dungeons & Dragons - Le Sourire du Dragon,Antoinette de Jorna,KEEP_CORE,0,
3846,FR,"Mémoires philosophiques, historiques, physiques",Antonio de Ulloa,KEEP_TRANSLATION,0,
3847,FR,Brooklyn quesadillas,Antony Huchette,KEEP_CORE,0,
3848,FR,Un atlas de l'impossible,Anuradha Roy | Arundhati Roy,KEEP_TRANSLATION,0,
3849,FR,L' oiseau a miel,April Pulley Sayre,KEEP_TRANSLATION,0,
3850,FR,Un violoncelle sur le toit du monde,Ariane Wilson,KEEP_CORE,0,
3851,FR,Morale et politique,Aristotle,KEEP_TRANSLATION,0,
3852,FR,Un siècle d'art: notes sur la peinture française à l'Exposition centennale des beauxarts ...,Armand Pierre Marie Dayot,KEEP_CORE,0,
3853,FR,"Afrique arabe, Afrique noire",Arnold J. Toynbee,KEEP_TRANSLATION,0,
3854,FR,Guerre et Civilisation,Arnold J. Toynbee,KEEP_TRANSLATION,0,
3855,FR,La civilisation à l'épreuve,Arnold J. Toynbee,KEEP_TRANSLATION,0,
3856,FR,Survivre,Arnold J. Toynbee,KEEP_TRANSLATION,0,
3857,FR,L'Histoire,Arnold J. Toynbee | D.C Somervell,KEEP_TRANSLATION,0,
3858,FR,Choisis la vie,Arnold J. Toynbee | Daisaku Ikéda,KEEP_TRANSLATION,0,
3859,FR,Art(s) et fiction,Arrouye Bessiere,KEEP_CORE,0,
3860,FR,Coffret maus 2 volumes,Art Spiegelman,KEEP_TRANSLATION,0,
3861,FR,Jacques et la boîte,Art Spiegelman,KEEP_TRANSLATION,0,
3862,FR,Basile au secours de Ted,Ashley Spires,KEEP_TRANSLATION,0,
3863,FR,Basile et Gordy le genie,Ashley Spires,KEEP_TRANSLATION,0,
3864,FR,No woman no cry,Asse Gueye,KEEP_CORE,0,
3865,FR,Le blanc de l'Algérie,"Assia Djebar | Djebar, Assia",KEEP_CORE,0,
3866,FR,La transformation du pouvoir au Québec : le citoyen et les appareils,Association canadienne des sociologues et anthropologues de langue française. Colloque,KEEP_CORE,0,
3867,FR,Constitution de l'Association canadienne pour l'étude et la diffusion des sciences sociales,Association canadienne pour l'étude et la diffusion des sciences sociales.,KEEP_CORE,0,
3868,FR,L' inégalité sociale et les mécanismes de pouvoir,Association d'économie politique. Colloque.,KEEP_CORE,0,
3869,FR,Culture technique et formation,Association des enseignants-chercheurs en sciences de l'éducation. Colloque,KEEP_CORE,0,
3870,FR,L' information à l'ère bionique,Asted. Congrès,KEEP_CORE,0,
3871,FR,Air mail,Attilio Micheluzzi,KEEP_TRANSLATION,0,
3872,FR,Philosophie première,Auguste Comte,KEEP_CORE,0,
3873,FR,Sommaire appréciation de l'ensemble du passé moderne,Auguste Comte,KEEP_CORE,0,
3874,FR,Dictionnaire topographique du département de la Marne,Auguste Longnon,KEEP_CORE,0,
3875,FR,Dictionnaire des sciences politiques et sociales,Auguste Ott,KEEP_CORE,0,
3876,FR,Mission Pavie Indo-Chine,Auguste Pavie,KEEP_CORE,0,
3877,FR,Renoir,Auguste Renoir,KEEP_CORE,0,
3878,FR,Les Lascives,Augustin Carrache,KEEP_CORE,0,
3879,FR,Essai sur la philosophie bouddhique.,Augustin Chaboseau,KEEP_CORE,0,
3880,FR,Jeux pour acteurs et non-acteurs,Augusto Boal,KEEP_CORE,0,
3881,FR,"Isis, narcisse, psyche entre lumieres et romantisme. mythe et écritures, écritures mythe. 1",Auraix-Jonchiere/,KEEP_CORE,0,
3882,FR,Le Repas des hyènes,Aurélien Ducoudray | Mélanie Allag,KEEP_CORE,0,
3883,FR,"Merveilles de la nature vivante ou Galerie des animaux curieux, industrieux et domestiques de tous les pays",Auteur de la Galerie industrielle.,KEEP_CORE,0,
3884,FR,Le recrutement des élites poliques en Afrique subsaharienne,Axel Eric Augé,KEEP_CORE,0,
3885,FR,Otomen,Aya Kanno,KEEP_CORE,0,
3886,FR,Les Grands Décors français du XVIIe au XVIIIe siècles,B. Pons,KEEP_CORE,0,
3887,FR,Le visiteur du soir et autres histoires.,B. Traven,KEEP_TRANSLATION,0,
3888,FR,Annales dramatiques,Babault,KEEP_CORE,0,
3889,FR,"Fondements de la spiritualité naturelle, tome 1",Bahrâm Elâhi,KEEP_CORE,0,
3890,FR,Cette chanson que la télé assassine,Baptiste Vignol,KEEP_CORE,0,
3891,FR,Coup d'oeil sur ... les symboles du Canada,Barb McDermott,KEEP_CORE,0,
3892,FR,"Tu Ne Dors Pas, Petit Ours? / Can't You Sleep, Little Bear?",Barbara Firth | Martin Waddell | Virginia Miller,KEEP_TRANSLATION,0,
3893,FR,Histoire des progrès des sciences naturelles depuis 1789 jusqu'à ce jour ...,Baron Georges Cuvier,KEEP_CORE,0,
3894,FR,"Les Fouilles Du Yaudet En Ploulec'h, Cotes-d'armor",Barry W. Cunliffe | Patrick Galliou,KEEP_CORE,0,
3895,FR,Creoles-bossales/conflit...,Barthelemy G./,KEEP_CORE,0,
3896,FR,Ceci N'est Pas Un Roman,Baudouin Millet,KEEP_CORE,0,
3897,FR,Deux vilaines souris,Beatrix Potter,KEEP_TRANSLATION,0,
3898,FR,"Histoire de Monsieur Jeremie Peche-a-la-ligne, L' (Potter 23 Tales)",Beatrix Potter,KEEP_TRANSLATION,0,
3899,FR,Histoire de Pierre Lapin.,Beatrix Potter,KEEP_TRANSLATION,0,
3900,FR,Samuel le Moustache,Beatrix Potter,KEEP_TRANSLATION,0,
3901,FR,Beurre D'arachide et Gelato,Ben Clanton,KEEP_TRANSLATION,0,
3902,FR,Narval : Licorne de Mer,Ben Clanton,KEEP_TRANSLATION,0,
3903,FR,Super Narval et Électro-Gelato,Ben Clanton,KEEP_TRANSLATION,0,
3904,FR,Itineraires De L'ecriture Au Feminin.Voyageuses du 19e siecle.,Benedicte Monicat,KEEP_CORE,0,
3905,FR,Le Canada par l'image,Benoît Brouillette | Benoit Brouillette,KEEP_CORE,0,
3906,FR,Pratique de la statistique,Bernadette Bonhivers,KEEP_CORE,0,
3907,FR,"Une saison en Irlande, ou, L'attente de l'Ouest (Bibliothque irlandaise)",Bernard Berrou,KEEP_CORE,0,
3908,FR,La France en fiches,Bernard Braun,KEEP_CORE,0,
3909,FR,La naissance de l'individu dans l'art,Bernard Foccroulle,KEEP_CORE,0,
3910,FR,Ils sont fous ces humains !,Bernard Lassablière,KEEP_CORE,0,
3911,FR,Les locataires,Bernard Malamud,KEEP_TRANSLATION,0,
3912,FR,Pharmacologie du Front national,Bernard Stiegler,KEEP_CORE,0,
3913,FR,I.R.$.,Bernard Vrancken | Stephen Desberg,KEEP_CORE,0,
3914,FR,Meurtrissures,Bernard Zongo,KEEP_CORE,0,
3915,FR,Harmonies de la nature,Bernardin de Saint-Pierre,KEEP_CORE,0,
3916,FR,Oeuvres complètes de Jacques-Henri-Bernardin de Saint-Pierre,Bernardin de Saint-Pierre,KEEP_CORE,0,
3917,FR,Voyage a l'Île de France,Bernardin de Saint-Pierre,KEEP_CORE,0,
3918,FR,Études de la nature,Bernardin de Saint-Pierre,KEEP_CORE,0,
3919,FR,Le Parti socialiste entre Résistance et République,Berstein /Cepede /Morin,KEEP_CORE,0,
3920,FR,Le Journal Intime D'Ani Croche,Bertand Gauthier,KEEP_CORE,0,
3921,FR,Du Pouvoir,Bertrand de Jouvenel,KEEP_CORE,0,
3922,FR,Adrien N'Est Pas UN Chameau,Bertrand Gautheir,KEEP_CORE,0,
3923,FR,Le Monde inconnu d'Hergé,Bertrand Portevin,KEEP_CORE,0,
3924,FR,Le tour du monde d'Astérix,Bertrand Richet,KEEP_CORE,0,
3925,FR,ABC de la relativité.,Bertrand Russell,KEEP_TRANSLATION,0,
3926,FR,Analyse de l'esprit.,Bertrand Russell,KEEP_TRANSLATION,0,
3927,FR,Introduction à la philosophie mathématique,Bertrand Russell,KEEP_TRANSLATION,0,
3928,FR,L' analyse de la matiere.,Bertrand Russell,KEEP_TRANSLATION,0,
3929,FR,Effie,Beverley Allinson,KEEP_TRANSLATION,0,
3930,FR,Catalogue des gravures contemporaines formant la collection Ardail,Bibliothèque nationale (France). Cabinet des estampes.,KEEP_CORE,0,
3931,FR,Catalogue des camées antiques et modernes de la Bibliotheque nationale,"Bibliothèque nationale (France). Département des monnaies, médailles et antiques.",KEEP_CORE,0,
3932,FR,Maîtres de la bande dessinée européenne,Bibliothèque nationale de France.,KEEP_CORE,0,
3933,FR,Principes du journalisme,Bill Kovach | Tom Rosenstiel,KEEP_TRANSLATION,0,
3934,FR,Futurama-o-rama,Bill Morrison | Eric Rogers | Karen Bates | Matt Groening,KEEP_TRANSLATION,0,
3935,FR,"Les Simpson, numéro 1",Bill Morrison | Matt Groening | Steve Vance,KEEP_TRANSLATION,0,
3936,FR,Calvin et Hobbes,Bill Watterson,KEEP_TRANSLATION,0,
3937,FR,Fairest : Les belles et la bête,Bill Willingham,KEEP_TRANSLATION,0,
3938,FR,"Blaise de Vigenere, la Renaissance du regard",Blaise de Vigenère,KEEP_CORE,0,
3939,FR,La nouvelle aux pis.,Blanquet.,KEEP_CORE,0,
3940,FR,Les Amphibiens (Petit Monde Vivant),Bobbie Kalman,KEEP_TRANSLATION,0,
3941,FR,Les bébés renards,Bobbie Kalman,KEEP_TRANSLATION,0,
3942,FR,Les castors,Bobbie Kalman,KEEP_TRANSLATION,0,
3943,FR,Les dragons de Komodo,Bobbie Kalman,KEEP_TRANSLATION,0,
3944,FR,Les Papillons (Petit Monde Vivant),Bobbie Kalman,KEEP_TRANSLATION,0,
3945,FR,Les tigres,Bobbie Kalman,KEEP_TRANSLATION,0,
3946,FR,Les Tortues De Mer (Petit Monde Vivant),Bobbie Kalman,KEEP_TRANSLATION,0,
3947,FR,Les Animaux En Mouvement (Petit Monde Vivant),Bobbie Kalman | Niki Walker,KEEP_TRANSLATION,0,
3948,FR,L'urgence de la tendresse,Boily,KEEP_CORE,0,
3949,FR,Bonjour la France,Bonte Pierre,KEEP_CORE,0,
3950,FR,Vercoquin et le plancton,Boris Vian,KEEP_CORE,0,
3951,FR,Études Coptes VII,Bosson N.,KEEP_CORE,0,
3952,FR,Litterature et reportage.,Boucharenc.Deluche/,KEEP_CORE,0,
3953,FR,La page blanche,Boulet | Pénélope Bagieu,KEEP_CORE,0,
3954,FR,La gendarmerie nationale,Bousquet/Alary,KEEP_CORE,0,
3955,FR,Deux parents de trop,Brenda Bellingham,KEEP_TRANSLATION,0,
3956,FR,L'Homme de deux mondes,Brian Herbert | Frank Herbert,KEEP_TRANSLATION,0,
3957,FR,Saga,Brian K. Vaughan,KEEP_TRANSLATION,0,
3958,FR,"Y le dernier homme, Volume 4",Brian K. Vaughan,KEEP_TRANSLATION,0,
3959,FR,"Y le dernier homme, Volume 5",Brian K. Vaughan | Pia Guerra,KEEP_TRANSLATION,0,
3960,FR,"Y le dernier homme, Volume 3","Brian K. Vaughan | Pia Guerra | Paul Chadwick | Massimo Carnevale | Marzan, José, Jr.",KEEP_TRANSLATION,0,
3961,FR,L'idée,Brigitte Frelat-Kahn,KEEP_CORE,0,
3962,FR,Le langage,Brigitte Frelat-Kahn,KEEP_CORE,0,
3963,FR,MONSIEUR BLAIREAU ET MADAME RENARDE T1 LA RENCONTRE,Brigitte Luciani,KEEP_CORE,0,
3964,FR,Le Parfum à travers les siècles,Brigitte Munier,KEEP_CORE,0,
3965,FR,"Anne de Chypre, duchesse de Savoie, 1418-1462",Brocard/Marcais,KEEP_CORE,0,
3966,FR,La philosophie de Pascal,"Brun, Jean Professor.",KEEP_CORE,0,
3967,FR,L'e conomie politique n'est pas une science morale,Bruno Amable,KEEP_CORE,0,
3968,FR,Religion et culture en europe occidentale de 1800 a 1914,Bruno Bethouart,KEEP_CORE,0,
3969,FR,Méthodologie de la recherche en sciences humaines,Bruno Deshaies,KEEP_CORE,0,
3970,FR,Nietzsche,Bruno Favrit,KEEP_CORE,0,
3971,FR,La littérature ivoirienne,Bruno Gnaoulé-Oupoh,KEEP_CORE,0,
3972,FR,Cogitamus,Bruno Latour,KEEP_CORE,0,
3973,FR,L' art roman en Auvergne,Bruno Phalip,KEEP_CORE,0,
3974,FR,La crise de l'intelligence,Bruno Tilliette | Michel Crozier,KEEP_CORE,0,
3975,FR,Seconds,Bryan Lee O'Malley,KEEP_TRANSLATION,0,
3976,FR,"Amos Daragon, la clé de Braha",Bryan Perro,KEEP_CORE,0,
3977,FR,"Amos Daragon, la colère d'Enki",Bryan Perro,KEEP_CORE,0,
3978,FR,"Amos Daragon, la grande croisade",Bryan Perro,KEEP_CORE,0,
3979,FR,"Amos Daragon, la toison d'or",Bryan Perro,KEEP_CORE,0,
3980,FR,"Amos Daragon, la tour d'El-Bab",Bryan Perro,KEEP_CORE,0,
3981,FR,"Amos Daragon, le crépuscule des dieux",Bryan Perro,KEEP_CORE,0,
3982,FR,"Amos Daragon, porteur de masques",Bryan Perro,KEEP_CORE,0,
3983,FR,"Amos Daragon, porteur de masques (manga)",Bryan Perro,KEEP_CORE,0,
3984,FR,"Amos Daragon, voyage aux Enfers",Bryan Perro,KEEP_CORE,0,
3985,FR,Sandman,Bryan Talbot | Neil Gaiman | Jill Thompson,KEEP_CORE,0,
3986,FR,Trente ans de cinéma suisse,Buache Freddy,KEEP_CORE,0,
3987,FR,"A force de descendre dans la rue, l'art peut-il enfin y monter?",Buren d.,KEEP_CORE,0,
3988,FR,"La mémoire télévisuelle de la guerre d'Algérie, 1962-1992",Béatrice Fleury-Vilatte,KEEP_CORE,0,
3989,FR,"Le "" savoir-infirmier""",Béatrice Walter,KEEP_CORE,0,
3990,FR,L'impressionnisme,Bérénice Morvan,KEEP_CORE,0,
3991,FR,Téhéran,C. Adle,KEEP_CORE,0,
3992,FR,Les villageois face a la guerre,C. Desplat,KEEP_CORE,0,
3993,FR,Histoire des differences.../histoires,C. Michalon,KEEP_CORE,0,
3994,FR,"Au Maroc avec Louis Morere, 1885-1949",C. Monto,KEEP_CORE,0,
3995,FR,"Jérusalem, 1850-1948",C. Nicault,KEEP_CORE,0,
3996,FR,De la nature a l'esprit. études sur la philosophie française du xixe siecle,C. R. /Marin Belay,KEEP_CORE,0,
3997,FR,Vrai secret de la droite,C. Reichmann,KEEP_CORE,0,
3998,FR,Dramaturgie de l'esprit (Phaenomenologica),C. Singevin,KEEP_CORE,0,
3999,FR,Kangourou et Son Petit,Camilla De la Bédoyère,KEEP_TRANSLATION,0,
4000,FR,La grenouille et le têtard,Camilla De la Bédoyère,KEEP_TRANSLATION,0,
4001,FR,Papillon et la Chenille,Camilla De la Bédoyère,KEEP_TRANSLATION,0,
4002,FR,Poule et L'oeuf,Camilla De la Bédoyère,KEEP_TRANSLATION,0,
4003,FR,échelles du Levant.,Camille Allard,KEEP_CORE,0,
4004,FR,"Dans le ciel et sur la terre, tableaux et harmonies ...",Camille Flammarion,KEEP_CORE,0,
4005,FR,Dieu dans la nature,Camille Flammarion,KEEP_CORE,0,
4006,FR,Annuaire du Canada 2007,Canada. Statistique Canada,KEEP_CORE,0,
4007,FR,Les batailles nocturnes,Carlo Ginzburg | John Tedeschi | Anne C. Tedeschi,KEEP_TRANSLATION,0,
4008,FR,"Le champ visuel dans la psychopathologie de l'enfance délinquante, modifications consécutives au travail mental, possible parallelisme entre la sensibilité psychique et la sensibilité rétinienne.",Carlos de Arenaza,KEEP_CORE,0,
4009,FR,Promenade des Canadiens,Carlos Guijarro,KEEP_CORE,0,
4010,FR,Les céramiques de Gauguin,Carole Andréani,KEEP_CORE,0,
4011,FR,Les Rendez-vous de la Tour Eiffel,Carole Morgane,KEEP_CORE,0,
4012,FR,LA Philosophie De LA Sensation De Maurice Pradines,Caroline Guendouz,KEEP_CORE,0,
4013,FR,Goscinny,Caroline Guillot | Aymar Du Chatenet,KEEP_CORE,0,
4014,FR,Chronique du bordelais au crépuscule du grand siècle,Caroline Le Mao,KEEP_CORE,0,
4015,FR,Des «Belles Lettres» à la «Littérature». Une archéologie des signes du savoir profane en langue française,Caron P.,KEEP_CORE,0,
4016,FR,L' anti-Lucrèce du cardinal de Polignac,Casimir Alexandre Fusil,KEEP_CORE,0,
4017,FR,La restauration en Belgique de 1830 à nos jours,Catheline Périer-D'Ieteren,KEEP_CORE,0,
4018,FR,L' ABCdaire du Soudan,Catherine Berger,KEEP_CORE,0,
4019,FR,Prendre la parole,Catherine Buchillet,KEEP_CORE,0,
4020,FR,Arrêts sur sites,Catherine Cambazard-Amahan,KEEP_CORE,0,
4021,FR,Femmes d'Afrique,Catherine Coquery-Vidrovitch,KEEP_CORE,0,
4022,FR,Femmes en mouvements,Catherine Deudon,KEEP_CORE,0,
4023,FR,"Jeanne de Jobourg, paroles d'une paysanne du Cotentin",Catherine Ecole,KEEP_CORE,0,
4024,FR,Linguistique et traitements automatiques des langues,Catherine Fuchs,KEEP_CORE,0,
4025,FR,Fiona,Catherine Gaskin,KEEP_TRANSLATION,0,
4026,FR,La modiste de la reine,Catherine Guennec,KEEP_CORE,0,
4027,FR,Québec sauvage,Catherine Raoult,KEEP_CORE,0,
4028,FR,"Lire, comprendre, rédiger des textes théoriques",Catherine Schnedecker,KEEP_CORE,0,
4029,FR,Un canard majuscule,Celine Forcier,KEEP_CORE,0,
4030,FR,La République des tribus,Cels-Saint-Hila,KEEP_CORE,0,
4031,FR,"Constantinople, de Byzance à Stamboul",Celâl Esad Arseven,KEEP_TRANSLATION,0,
4032,FR,La production culturelle en milieu minoritaire,Centre d'études franco-canadiennes de l'Ouest. Colloque,KEEP_CORE,0,
4033,FR,Bande dessinee et vie quotidienne.,Centre de création industrielle.,KEEP_CORE,0,
4034,FR,Répertoire des dictionnaires scientifiques et techniques,Centre national de la recherche scientifique (France),KEEP_CORE,0,
4035,FR,"Panorama le ""Tout-Paris""",Ch Castellani,KEEP_CORE,0,
4036,FR,Vers le Nil français avec la mission Marchand.,Ch Castellani,KEEP_CORE,0,
4037,FR,"Le Syr-Daria, le Zérafchâne, le pays des Sept-Rivìeres et la Sibérie-occidentalé, avec quatre appendices",Ch.-E. de Ujfalvy,KEEP_CORE,0,
4038,FR,Le cahier bleu du Code vert,Chantal Descarie,KEEP_CORE,0,
4039,FR,"Arrête, ce n'est pas drôle",Chantale Métivier,KEEP_CORE,0,
4040,FR,"Capitales culturelles, capitales symboliques. paris et les expériences europeennes (18e-20e s.)",Charle /Roche,KEEP_CORE,0,
4041,FR,Poèmes.,Charles Baudelaire,KEEP_CORE,0,
4042,FR,Paris inconnu.,Charles Baudelaire | Alfred Delvau | Alexandre Privat d'Anglemont,KEEP_CORE,0,
4043,FR,Notre-dame des ténèbres,Charles Busch | Fritz Leiber,KEEP_CORE,0,
4044,FR,Bordeaux et ses vins,Charles Cocks,KEEP_CORE,0,
4045,FR,"Traité de législation, ou exposition des lois générales suivant lesquelles ...",Charles Comte,KEEP_CORE,0,
4046,FR,Avec de gaulle tome 1 la guerre et la reconstruction,Charles de Fond,KEEP_CORE,0,
4047,FR,Le Play d'après sa correspondance,Charles de Ribbe,KEEP_CORE,0,
4048,FR,Dictionnaire universel d'histoire naturelle,Charles Dessalines d' Orbigny,KEEP_CORE,0,
4049,FR,Kabyles et Kroumirs,Charles Farine,KEEP_CORE,0,
4050,FR,Slasher,Charles Forsman,KEEP_TRANSLATION,0,
4051,FR,The End of the Fucking World,Charles Forsman,KEEP_TRANSLATION,0,
4052,FR,Les œuvres de Charles Gide,Charles Gide,KEEP_CORE,0,
4053,FR,New York comme je l'ai vu,Charles Huard,KEEP_CORE,0,
4054,FR,Des aboiteaux à la génomique et au-delà,Charles L. Bourque,KEEP_CORE,0,
4055,FR,A travers le Nord-Ouest canadien,Charles Léon vicomte de Bouthillier Chavigny,KEEP_CORE,0,
4056,FR,A travers les grandes terres à blé du Nord Ouest canadien,Charles Léon vicomte de Bouthillier Chavigny,KEEP_CORE,0,
4057,FR,Bonne santé,Charles Masson,KEEP_CORE,0,
4058,FR,Romans de Charles Nodier,Charles Nodier,KEEP_CORE,0,
4059,FR,La baie d'Hudson,Charles P. Florent Baillairgé,KEEP_CORE,0,
4060,FR,La famille Flopsaut,Charles Santore | Wendy Rasmussen | Beatrix Potter | R.F. Gilmor,KEEP_TRANSLATION,0,
4061,FR,Mon utopie: nouvelles études morales et sociales,Charles Secrétan,KEEP_CORE,0,
4062,FR,L'imagerie phénicienne: et la mythologie iconologique chez les Grecs,Charles Simon Clermont-Ganneau,KEEP_CORE,0,
4063,FR,Vers le coeur de l'Amérique,Charles Wagner,KEEP_CORE,0,
4064,FR,Entrer dans la troisième république,Charles Wola Bangala,KEEP_CORE,0,
4065,FR,"Lettres sur l'Italie, en 1785.",Charles-Marguerite-Jean-Baptiste Mercier Dupaty,KEEP_CORE,0,
4066,FR,La politique en France,"Charlot, Jean",KEEP_CORE,0,
4067,FR,"Roland Dubillard et le ""Comique""",Charlotte Escamez,KEEP_CORE,0,
4068,FR,La fille de la forêt,Charlotte Gingras | Marcelle Buisson,KEEP_CORE,0,
4069,FR,Onésime,Chartier,KEEP_CORE,0,
4070,FR,"Le jeu des coïncidences dans ""la Vie mode d'emploi"" de Georges Perec",Chassay J-F.,KEEP_CORE,0,
4071,FR,"Le cinéma français sous l'Occupation, 1940-1944",Chateau/Rene,KEEP_CORE,0,
4072,FR,René Goscinny : La première vie d'un scénariste de génie,chatenet-marmonni-du,KEEP_CORE,0,
4073,FR,Dick Tracy,Chester Gould,KEEP_TRANSLATION,0,
4074,FR,Cours d'économie politique fait au Collège de France.,"Chevalier, Michel",KEEP_CORE,0,
4075,FR,"X, l'oeuvre en procès",Chiron/,KEEP_CORE,0,
4076,FR,Saison des roses,Chloé Wary,KEEP_CORE,0,
4077,FR,La véritable histoire de Spirou (1937-1946),Christelle Pissavy-Yvernault | Bertrand Pissavy-Yvernault,KEEP_CORE,0,
4078,FR,Les Bidochon en vacances,Christian Binet,KEEP_CORE,0,
4079,FR,En été,Christian Bénard,KEEP_CORE,0,
4080,FR,Recherche Et Enseignement Des Mathematiques Au IXe Siecle,Christian Houzel | Rushdī Rāshid,KEEP_CORE,0,
4081,FR,Méthodes de Monte-Carlo avec R,Christian P. Robert,KEEP_CORE,0,
4082,FR,Démystifier la politique,Christian Savès,KEEP_CORE,0,
4083,FR,En route,Christiane Vézina,KEEP_CORE,0,
4084,FR,Yonen buzz,Christina Plaka,KEEP_TRANSLATION,0,
4085,FR,La pensée du dehors,Christine Baron,KEEP_CORE,0,
4086,FR,Vivre-survivre,Christine Delory-Momberger,KEEP_CORE,0,
4087,FR,Philippe Leclerc de Hauteclocque (1902-1947),Christine Levisse-Touzé,KEEP_CORE,0,
4088,FR,Frissons-fictions,Christine Rivalan Guégo,KEEP_CORE,0,
4089,FR,Le courage des alternatives,Christoph Eberhard,KEEP_CORE,0,
4090,FR,"Les naufragés d'Ythaq, tome 6",Christophe Arleston | Adrien Floch,KEEP_CORE,0,
4091,FR,"Les Feux d'Askell, tome 1",Christophe Arleston | Jean-Louis Mourier,KEEP_CORE,0,
4092,FR,Aux sources de la nouvelle persane,Christophe Balaÿ,KEEP_CORE,0,
4093,FR,La BD facile. Super girls,Christopher Hart,KEEP_TRANSLATION,0,
4094,FR,Cette nuit-la,Christopher Pike,KEEP_TRANSLATION,0,
4095,FR,Diaboliquement vôtre,Christopher Pike,KEEP_TRANSLATION,0,
4096,FR,L'ombre froide,Christopher Pike,KEEP_TRANSLATION,0,
4097,FR,La saison du passage,Christopher Pike,KEEP_TRANSLATION,0,
4098,FR,La soif du mal,Christopher Pike,KEEP_TRANSLATION,0,
4099,FR,La Vampire,Christopher Pike,KEEP_TRANSLATION,0,
4100,FR,La Vampire - La promesse,Christopher Pike,KEEP_TRANSLATION,0,
4101,FR,Les Témoins,Christopher Pike,KEEP_TRANSLATION,0,
4102,FR,Monstres,Christopher Pike,KEEP_TRANSLATION,0,
4103,FR,Prémonitions,Christopher Pike,KEEP_TRANSLATION,0,
4104,FR,"Spooksville, tome 2. Le fantôme de l'océan",Christopher Pike,KEEP_TRANSLATION,0,
4105,FR,Ultime voyage,Christopher Pike,KEEP_TRANSLATION,0,
4106,FR,Week-end fatal,Christopher Pike,KEEP_TRANSLATION,0,
4107,FR,La disparition de Baffuto,Chrystine Brouillet,KEEP_CORE,0,
4108,FR,"Mon frère, le dragon",Chrystine Brouillet,KEEP_CORE,0,
4109,FR,Un jeu dangereux,Chrystine Brouillet,KEEP_CORE,0,
4110,FR,Le cinéma turc,Cinema Pluriel,KEEP_CORE,0,
4111,FR,Guerre de Catherine bd,Claire Fauvel | Julia BILLET,KEEP_CORE,0,
4112,FR,Économie familiale,Claire Gagné-Plante,KEEP_CORE,0,
4113,FR,Card Captor Sakura - Clear Card Arc T01,CLAMP,KEEP_TRANSLATION,0,
4114,FR,Kobato. T01,CLAMP,KEEP_TRANSLATION,0,
4115,FR,Kobato. T03,CLAMP,KEEP_TRANSLATION,0,
4116,FR,xxxHolic Rei T01,CLAMP,KEEP_TRANSLATION,0,
4117,FR,Le Rire des anciens,Clara Auvray-Assayas | Monique Trédé,KEEP_CORE,0,
4118,FR,Agua viva,Clarice Lispector,KEEP_TRANSLATION,0,
4119,FR,Clarice Lispector,Clarice Lispector,KEEP_CORE,0,
4120,FR,L'heure de l'étoile,Clarice Lispector,KEEP_TRANSLATION,0,
4121,FR,Près du cœur sauvage,Clarice Lispector,KEEP_TRANSLATION,0,
4122,FR,"Un apprentissage, ou, Le livre des plaisirs",Clarice Lispector,KEEP_TRANSLATION,0,
4123,FR,"Kailash, joyau des neiges",Claude B. Levenson/C,KEEP_CORE,0,
4124,FR,Fulgence Bienvenüe et la construction du métropolitain de Paris,Claude Berton | Alexandre Ossadzow,KEEP_CORE,0,
4125,FR,Où en est la psychanalyse ?. Psychanalyse et figures de la modernité,Claude Boukobza,KEEP_CORE,0,
4126,FR,Janine Janet,Claude D'Anthenaise,KEEP_CORE,0,
4127,FR,"Croquis d'Extreme-Orient, 1898.",Claude Farrère,KEEP_CORE,0,
4128,FR,"Lucky Luke, tome 27",Claude Guylouis | Morris,KEEP_CORE,0,
4129,FR,"L' état-maquereau, l'état-maffia",Claude Jasmin,KEEP_CORE,0,
4130,FR,La pensée sauvage.,Claude Lévi-Strauss,KEEP_CORE,0,
4131,FR,Race et histoire,Claude Lévi-Strauss,KEEP_CORE,0,
4132,FR,BDguide,Claude Moliterni,KEEP_CORE,0,
4133,FR,Histoire mondiale de la bande dessinée,Claude Moliterni,KEEP_CORE,0,
4134,FR,La démocratie grecque,Claude Mossé,KEEP_CORE,0,
4135,FR,Informatique,Claude Secroun,KEEP_CORE,0,
4136,FR,Plaidoyer pour réconcilier les sciences et la culture,Claudie Haigneré,KEEP_CORE,0,
4137,FR,En Guinée,Claudius Madrolle,KEEP_CORE,0,
4138,FR,Notes prises pendant un voyage en Syrie,Clément Huart,KEEP_CORE,0,
4139,FR,Science sociale,"Colins, Jean-Guillaume-César-Alexandre-Hippolyte baron de",KEEP_CORE,0,
4140,FR,Histoire de France en bandes dessinées.,Collectif,KEEP_CORE,0,
4141,FR,La grande aventure du journal Tintin - 1946-1988 - Le journal des jeunes de 7 ans a 77 ans (French Edition),Collectif,KEEP_CORE,0,
4142,FR,Jean-Jacques Rousseau et la Révolution,"Colloque de Montréal (1989 Montréal, Québec)",KEEP_CORE,0,
4143,FR,Continuité et rupture,Colloque du Mont-Gabriel (1981),KEEP_CORE,0,
4144,FR,Ville Et Pouvoir,"Colloque international de Paris ""La ville au coeur du pouvoir"" (2000 Institut catholique de Paris)",KEEP_CORE,0,
4145,FR,"Pouvoir, ville et société en Europe, 1650-1750",Colloque International du C.N.R.S. (1981 Strasbourg),KEEP_CORE,0,
4146,FR,Théâtre de l'anatomie et corps en spectacle,"Colloque international Théâtre de l'anatomie et corps en spectacle (2002 Haifa, Israel)",KEEP_CORE,0,
4147,FR,"musique, ses lois, son évolution","Combarieu, Jules",KEEP_CORE,0,
4148,FR,Études de philologie musicale III. La musique et la magie,"Combarieu, Jules",KEEP_CORE,0,
4149,FR,Art modes d'emploi,Cometti/Jean-Pierre,KEEP_CORE,0,
4150,FR,Traité d'équitation et histoire illustrée de l'équitation,Comte d' Aure,KEEP_CORE,0,
4151,FR,Espace +,Conrad Huard,KEEP_CORE,0,
4152,FR,Societe rurale et justice de paix. deux cantons del'allier en revolution,Coquard /Durand-Coquard,KEEP_CORE,0,
4153,FR,La Part du Ghetto,Corbeyran | Yann Dégruel,KEEP_CORE,0,
4154,FR,La barricade,Corbin Mayeur,KEEP_CORE,0,
4155,FR,La trame incertaine,Corinne Maitte,KEEP_CORE,0,
4156,FR,Les carrefours du labyrinthe,Cornelius Castoriadis,KEEP_CORE,0,
4157,FR,Ze lie Nord-Sud,Cosey,KEEP_CORE,0,
4158,FR,Louis bachelier aux origines de la finance mathematique,Courtault,KEEP_CORE,0,
4159,FR,Sarkis,Cousseau,KEEP_CORE,0,
4160,FR,Space Boulettes,Craig Thompson | Craig Thompson,KEEP_TRANSLATION,0,
4161,FR,Eglise et vie chretienne,Crete-Protin,KEEP_CORE,0,
4162,FR,"Studio Danse, tome 7",Crip | Béka,KEEP_CORE,0,
4163,FR,Femmes de Bretagne,Croix/Douard a./C.,KEEP_CORE,0,
4164,FR,Le provençal des Juifs et l'hébreu en Provence,Cyril Aslanov,KEEP_CORE,0,
4165,FR,Beau petit ami,Cécile Beurdeley,KEEP_CORE,0,
4166,FR,La girafe,Cécile Cloutier,KEEP_CORE,0,
4167,FR,Les Sciences sociales en Allemagne,Célestin Charles Alfred Bouglé,KEEP_CORE,0,
4168,FR,A travers l'Atlantique et dans le Nouveau-Monde,César Pascal,KEEP_CORE,0,
4169,FR,Les Trois grandes Egyptiennes: Les Pyramides de Gizeh,D Hooghe/Bruwier,KEEP_CORE,0,
4170,FR,Comme il vous pliera,D. Buren,KEEP_CORE,0,
4171,FR,Comment se faire des amis et influencer les autres,Dale Carnegie,KEEP_TRANSLATION,0,
4172,FR,L' arganier des femmes égarées,Damia Oumassine,KEEP_CORE,0,
4173,FR,L'eau vive,Damien Roudeau | Alain Bujak,KEEP_CORE,0,
4174,FR,Le poids des mots,Damon Mayaffre,KEEP_CORE,0,
4175,FR,Supports surfaces,Damperat,KEEP_CORE,0,
4176,FR,Mini-Justiciers,Dan Santat,KEEP_TRANSLATION,0,
4177,FR,Lucie et sa Licorne,Dana Simpson,KEEP_TRANSLATION,0,
4178,FR,Comment en finir avec la Révolution,Dangeville,KEEP_CORE,0,
4179,FR,Wilson,Daniel Clowes,KEEP_TRANSLATION,0,
4180,FR,Essai sur l'accélération de l'histoire.,Daniel Halévy,KEEP_CORE,0,
4181,FR,Visites aux paysans du centre,Daniel Halévy,KEEP_CORE,0,
4182,FR,Les découvreurs,Daniel J. Boorstin,KEEP_TRANSLATION,0,
4183,FR,La révolution technique,Daniel Jacques,KEEP_CORE,0,
4184,FR,Topffer,Daniel Maggetti | Lucien Boissonnas,KEEP_CORE,0,
4185,FR,Le pari des Maple Leafs,Daniel Marchildon,KEEP_CORE,0,
4186,FR,Samuel Hearne,Daniel Poliquin,KEEP_CORE,0,
4187,FR,Ma grammaire d'observation,Daniel Poulin,KEEP_CORE,0,
4188,FR,Image du Sahara,Daniel Richelet,KEEP_CORE,0,
4189,FR,Stendhal et le comique,Daniel Sangsue,KEEP_CORE,0,
4190,FR,"Comique, satire et parodie dans la tradition renardienne et les fabliaux",Danielle Buschinger | André Crépin,KEEP_CORE,0,
4191,FR,"Sous les sciences sociales, le genre",Danielle Chabaud-Rychter,KEEP_CORE,0,
4192,FR,Camy risque tout,Danielle Marcotte,KEEP_CORE,0,
4193,FR,J'ai vendu ma soeur,Danielle Simard,KEEP_CORE,0,
4194,FR,L' esprit du vent,Danielle Simard,KEEP_CORE,0,
4195,FR,Offrir l'espoir,Danielle Steel,KEEP_TRANSLATION,0,
4196,FR,Introduction aux théories des tests en sciences humaines,Dany Laveault,KEEP_CORE,0,
4197,FR,"La maison sur le rivage, ou, L'elixir de double vie",Daphne du Maurier,KEEP_TRANSLATION,0,
4198,FR,Les souffleurs de verre,Daphne du Maurier,KEEP_TRANSLATION,0,
4199,FR,Mary Anne,Daphne du Maurier,KEEP_TRANSLATION,0,
4200,FR,Pour les lumieres. defense illustration methode,Darnton,KEEP_CORE,0,
4201,FR,Sébastien le renaissant,Darriula,KEEP_CORE,0,
4202,FR,Pluto - Tome 1,Daruma Serveis Lingüistics S.L. | Osamu Tezuka | Takashi Nagasaki | 浦沢直樹,KEEP_TRANSLATION,0,
4203,FR,"Master Keaton, Tome 6",Daruma Serveis Lingüistics S.L. | Takashi Nagasaki | 浦沢直樹 | Hokusei Katsushika,KEEP_TRANSLATION,0,
4204,FR,"Master Keaton, Tome 7",Daruma Serveis Lingüistics S.L. | Takashi Nagasaki | 浦沢直樹 | Hokusei Katsushika,KEEP_TRANSLATION,0,
4205,FR,"Master Keaton, Tome 8",Daruma Serveis Lingüistics S.L. | Takashi Nagasaki | 浦沢直樹 | Hokusei Katsushika,KEEP_TRANSLATION,0,
4206,FR,Aventures du Capitaine Bobette,Dav Pilkey,KEEP_TRANSLATION,0,
4207,FR,"Capitaine Bobette Et La Bagarre Brutale de Biocrotte Dené, 1re Partie",Dav Pilkey,KEEP_TRANSLATION,0,
4208,FR,Capitaine Bobette et la machination machiavélique du professeur K.K. Prout,Dav Pilkey,KEEP_TRANSLATION,0,
4209,FR,Capitaine Bobette et la vengeance volcanique de la turbo-toilette 2000,Dav Pilkey,KEEP_TRANSLATION,0,
4210,FR,Capitaine Bobette et le Terrifiant Retour de Fifi Ti-Père,Dav Pilkey,KEEP_TRANSLATION,0,
4211,FR,Capitaine Bobette et les misérables mauviettes du p'tit coin mauve,Dav Pilkey,KEEP_TRANSLATION,0,
4212,FR,Capitaine Bobette et son album de jeux extra-croquant,Dav Pilkey,KEEP_TRANSLATION,0,
4213,FR,Capitaine Bobette et son tout nouvel album de jeux extra-croquant,Dav Pilkey,KEEP_TRANSLATION,0,
4214,FR,Déchaîné,Dav Pilkey,KEEP_TRANSLATION,0,
4215,FR,Les aventures de Bébé Super-couche,Dav Pilkey,KEEP_TRANSLATION,0,
4216,FR,Crack et cocaïne,David Browne,KEEP_TRANSLATION,0,
4217,FR,La planète des singes,David F. Walker | Carlos Magno | Damian Couceiro | Daryl Gregory | Caleb Monroe | Michael Moreci | Juan Torres García,KEEP_TRANSLATION,0,
4218,FR,David Hockney,David Hockney,KEEP_CORE,0,
4219,FR,Will & Will,David Levithan | John Green,KEEP_TRANSLATION,0,
4220,FR,Tout ce que vous avez toujours voulu savoir sur les Gaulois sans jamais oser le demander à Astérix,David Louyot,KEEP_CORE,0,
4221,FR,Bernard et le monstre,David McKee,KEEP_TRANSLATION,0,
4222,FR,Elmer et les chasseurs,David McKee,KEEP_TRANSLATION,0,
4223,FR,Elmer.,David McKee,KEEP_TRANSLATION,0,
4224,FR,La bonnefemme de neige,David McKee,KEEP_TRANSLATION,0,
4225,FR,Légendes de la Garde,David Petersen,KEEP_TRANSLATION,0,
4226,FR,Aller retour,David Schinkel,KEEP_CORE,0,
4227,FR,Philosophie des beaux-arts appliquée à la peinture.,David Sutter,KEEP_CORE,0,
4228,FR,Autour de l'Afghanistan (aux frontières interdites.,De Bouillane de Lacoste,KEEP_CORE,0,
4229,FR,Le temps de la fin de temps,De Laubier P,KEEP_CORE,0,
4230,FR,Études sur les beaux-arts en France et en Italie.,"Delaborde, Henri vicomte",KEEP_CORE,0,
4231,FR,"Les Nombrils, Tome 1",Delaf | Dubuc,KEEP_CORE,0,
4232,FR,No et moi,Delphine de Vigan,KEEP_CORE,0,
4233,FR,Voyage dans la Russie méridionale et la Crimée,"Demidov, Anatolii principe di San Donato",KEEP_CORE,0,
4234,FR,La crise de l'identité américaine,Denis Lacorne,KEEP_CORE,0,
4235,FR,La pensée de Milton ...,Denis Saurat,KEEP_CORE,0,
4236,FR,E n route vers la lune,Denise Gaouette,KEEP_CORE,0,
4237,FR,En tête,Denise Gaouette,KEEP_CORE,0,
4238,FR,L a boisson des champions,Denise Gaouette,KEEP_CORE,0,
4239,FR,"Dormir, les 1001 rituels du sommeil",Denise Glück,KEEP_CORE,0,
4240,FR,Louis II de baviere ou la vie revee,Denise Gury,KEEP_CORE,0,
4241,FR,Du comique dans le texte littéraire,Denise Jardon,KEEP_CORE,0,
4242,FR,Le grand transit moderne,Dennis Duffy,KEEP_CORE,0,
4243,FR,Bestiaire du roman contemporain d'expression française,Desblache,KEEP_CORE,0,
4244,FR,La femme nue,Desmond Morris,KEEP_TRANSLATION,0,
4245,FR,Le singe nu,Desmond Morris,KEEP_TRANSLATION,0,
4246,FR,Le zoo humain,Desmond Morris,KEEP_TRANSLATION,0,
4247,FR,Les sortilèges de la guiterne,Diana Wynne Jones,KEEP_TRANSLATION,0,
4248,FR,Croque-dictées,Diane Boileau,KEEP_CORE,0,
4249,FR,Amère patrie: féminisme et nationalisme dans le Québec,Diane Lamoureux,KEEP_CORE,0,
4250,FR,Les longs-museaux,Dick King-Smith,KEEP_TRANSLATION,0,
4251,FR,Asterix chez les Pictes,Didier Conrad | Jean-Yves Ferri,KEEP_CORE,0,
4252,FR,Le papyrus de César,Didier Conrad | Jean-Yves Ferri,KEEP_CORE,0,
4253,FR,La Force de l'ordre,Didier Fassin | Jake Raynal | Frederic Debomy,KEEP_CORE,0,
4254,FR,La République contre la propagande,Didier Georgakakis,KEEP_CORE,0,
4255,FR,"Le Goût de Monsieur, l'homosexualité masculine au XVIIe siècle",Didier Godard,KEEP_CORE,0,
4256,FR,Femmes d'Alger dans leur appartement,"Djebar, Assia",KEEP_CORE,0,
4257,FR,Les alouettes naïves.,"Djebar, Assia",KEEP_CORE,0,
4258,FR,Loin de Médine,"Djebar, Assia",KEEP_CORE,0,
4259,FR,Ombre sultane,"Djebar, Assia",KEEP_CORE,0,
4260,FR,Vaste est la prison,"Djebar, Assia",KEEP_CORE,0,
4261,FR,Une campagne au Tonkin,Docteur Hocquard,KEEP_CORE,0,
4262,FR,Bonjour les indes,Dodo,KEEP_CORE,0,
4263,FR,Antoine Pevsner - Dans Les Collections Du Mnam,Doina Lemny,KEEP_CORE,0,
4264,FR,Le Dictionnaire du Père Lachaise,Domenico Gabrielli,KEEP_CORE,0,
4265,FR,Augustin,Dominique Doucet,KEEP_CORE,0,
4266,FR,Mes ateliers de grammaire,Dominique Fortier,KEEP_CORE,0,
4267,FR,Faire semblant c'est mentir,Dominique Goblet,KEEP_CORE,0,
4268,FR,Les enfants de Mars,Dominique Haas | Gregory Benford,KEEP_TRANSLATION,0,
4269,FR,L' ombre de cette pensée,Dominique Janicaud,KEEP_CORE,0,
4270,FR,La puissance du rationnel,Dominique Janicaud,KEEP_CORE,0,
4271,FR,Où vas-tu Irlande ?,Dominique Le Meur,KEEP_CORE,0,
4272,FR,Le temps exposé,Dominique Païni,KEEP_CORE,0,
4273,FR,Momus philosophe,Dominique Quéro,KEEP_CORE,0,
4274,FR,Comme une fleur,Donald E. Westlake,KEEP_TRANSLATION,0,
4275,FR,Pour une question de peau,Donald E. Westlake,KEEP_TRANSLATION,0,
4276,FR,L' ide al e thique de la royaute en France au Moyen Age,Dora M. Bell,KEEP_CORE,0,
4277,FR,L' enfance abandonnée et délinquante dans la Russie soviétique,Dorena Caroli,KEEP_CORE,0,
4278,FR,Ecoute le danger.,Dorothy Eden,KEEP_TRANSLATION,0,
4279,FR,L' Ombre d'une femme,Dorothy Eden,KEEP_TRANSLATION,0,
4280,FR,La fille du millionaire,Dorothy Eden,KEEP_TRANSLATION,0,
4281,FR,La Maison du dragon,Dorothy Eden,KEEP_TRANSLATION,0,
4282,FR,Philosophies de notre temps,Dortier J.-F.,KEEP_CORE,0,
4283,FR,BASE ZONE,DOUBLEBOB,KEEP_CORE,0,
4284,FR,Spectropolis,Doug TenNapel,KEEP_TRANSLATION,0,
4285,FR,Tommysaure,Doug TenNapel | Helene Pilotto,KEEP_TRANSLATION,0,
4286,FR,"H2G2, L'intégrale de la trilogie en cinq volumes",Douglas Adams,KEEP_TRANSLATION,0,
4287,FR,Le guide galactique,Douglas Adams,KEEP_TRANSLATION,0,
4288,FR,La Science de la première personne,Douglas Edison Harding,KEEP_CORE,0,
4289,FR,La société au Moyen-Age,Douglas M. Gray,KEEP_CORE,0,
4290,FR,Les vins du siecle,Dovaz Michel,KEEP_CORE,0,
4291,FR,L'elficologue,"Dubois, Pierre",KEEP_CORE,0,
4292,FR,Le croquemitaine d'écume,"Dubois, Pierre",KEEP_CORE,0,
4293,FR,1795,Dupuy Morabito M,KEEP_CORE,0,
4294,FR,"Archives d'Algérie, 1830-1960",Durand-Evrard /Martini,KEEP_CORE,0,
4295,FR,Europe de l'extrême droite,Duranton Cabrol,KEEP_CORE,0,
4296,FR,Livres qui s'imposent,"Duval, Frédéric",KEEP_CORE,0,
4297,FR,Bleu Zinzolin Et Autres Bleus. Zigzart,E. Amzallag-Auge,KEEP_CORE,0,
4298,FR,Peaux Tissus Et Bouts De Ficelles.Zigzart,E. Amzallag-Auge,KEEP_CORE,0,
4299,FR,Voyage dans le Laos.,E. Aymonier,KEEP_CORE,0,
4300,FR,matérialisme et la science,E. Caro,KEEP_CORE,0,
4301,FR,philosophie de Goethe.,E. Caro,KEEP_CORE,0,
4302,FR,Conversations avec Antoine Vitez,E. Copfermann,KEEP_CORE,0,
4303,FR,Méthode statistique,E. Morice,KEEP_CORE,0,
4304,FR,La Madone libertaire,Edith Vallée,KEEP_CORE,0,
4305,FR,Le chant des baleines,Edmond Baudoin,KEEP_CORE,0,
4306,FR,Causeries sur l'art et la curiosité,Edmond Bonnaffé,KEEP_CORE,0,
4307,FR,Les amateurs de l'ancienne France,Edmond Bonnaffé,KEEP_CORE,0,
4308,FR,origines de la science sociale.,Edmond Bouchié de Belle,KEEP_CORE,0,
4309,FR,La nouvelle peinture,Edmond Duranty,KEEP_CORE,0,
4310,FR,Critique de l'anthropologie.,Edmund Ronald Leach,KEEP_TRANSLATION,0,
4311,FR,Les Systèmes politiques des hautes terres de Birmanie,Edmund Ronald Leach,KEEP_TRANSLATION,0,
4312,FR,Voyage en Californie,Edouard Auger,KEEP_CORE,0,
4313,FR,Machiavel en démocratie,Edouard Balladur,KEEP_CORE,0,
4314,FR,Passion et longeur de temps,Edouard Balladur,KEEP_CORE,0,
4315,FR,Dieu,Edouard Boné,KEEP_CORE,0,
4316,FR,Introduction à l'étude du problème religieux,Edouard Louis Emmanuel Julien Le Roy,KEEP_CORE,0,
4317,FR,Descartes en Allemagne,Edouard Mehl,KEEP_CORE,0,
4318,FR,La Chose Verte,Edward Packard | Susan Saunders,KEEP_TRANSLATION,0,
4319,FR,Linguistique,Edward Sapir,KEEP_TRANSLATION,0,
4320,FR,Masse et puissance,Elias Canetti,KEEP_TRANSLATION,0,
4321,FR,La nuit,Elie Wiesel,KEEP_CORE,0,
4322,FR,Bakst,Elisabeth Ingles | Andrei Rostov | Léon Bakst,KEEP_CORE,0,
4323,FR,Les aventures de Marco Polo,Elisabetta Dami,KEEP_TRANSLATION,0,
4324,FR,Cranford,Elizabeth Cleghorn Gaskell,KEEP_TRANSLATION,0,
4325,FR,Professeur Leca,Elizabeth Drévillon,KEEP_CORE,0,
4326,FR,"Moi, ce que j'aime, c'est les monstres - Livre premier",Emil Ferris,KEEP_TRANSLATION,0,
4327,FR,De la contingence des lois de la nature.,Emile Boutroux,KEEP_CORE,0,
4328,FR,Science et religion dans la philosophie contemporaine,Emile Boutroux,KEEP_CORE,0,
4329,FR,Essais et études.,Emile de Laveleye,KEEP_CORE,0,
4330,FR,Pour l'Irlande,Emile Piché,KEEP_CORE,0,
4331,FR,Itinéraire descriptif et instructif de l'Italie en 1833,Emile Polonceau,KEEP_CORE,0,
4332,FR,"Bécassine au Pays basque, tome 6",Emile-Joseph Porphyre Pinchon | Caumery | Caumery,KEEP_CORE,0,
4333,FR,LES HAUTS DE HURLE-VENT,Emily Brontë,KEEP_TRANSLATION,0,
4334,FR,La decision de philosopher,Emmanuel Cattin,KEEP_CORE,0,
4335,FR,"Les Olives noires, tome 2",Emmanuel Guibert,KEEP_CORE,0,
4336,FR,"Les Olives noires, tome 3",Emmanuel Guibert,KEEP_CORE,0,
4337,FR,Le pragmatisme américain & anglais,Emmanuel Leroux,KEEP_CORE,0,
4338,FR,Au cœur du pouvoir,Emmanuel Ratier,KEEP_CORE,0,
4339,FR,Maurice Blanchot Et L'art Au XXeme Siecle (Chiasma) (Chiasma),Emmanuelle Ravel,KEEP_CORE,0,
4340,FR,Gironde,Encyclopédie Bonneton,KEEP_CORE,0,
4341,FR,Ciels d'orage,Enki Bilal,KEEP_CORE,0,
4342,FR,Le monstre,Enki Bilal,KEEP_CORE,0,
4343,FR,Le sommeil du monstre,Enki Bilal,KEEP_CORE,0,
4344,FR,Partie de chasse,Enki Bilal,KEEP_CORE,0,
4345,FR,Rencontres 3 (Rencontres),Eric Caillon,KEEP_CORE,0,
4346,FR,La gauche sans le peuple,Eric Conan,KEEP_CORE,0,
4347,FR,Bons Baisers de Bravachie,Eric Courtois,KEEP_CORE,0,
4348,FR,"Bonne nuit,petit ourson!",Eric Hill,KEEP_TRANSLATION,0,
4349,FR,Le grand livre des mots de Spot.,Eric Hill,KEEP_TRANSLATION,0,
4350,FR,Le premier Noël de Spot,Eric Hill,KEEP_TRANSLATION,0,
4351,FR,La bolivie,Erich Fisbach,KEEP_CORE,0,
4352,FR,La conception de l'homme chez Marx,Erich Fromm,KEEP_TRANSLATION,0,
4353,FR,La peur de la liberté (Escape from freedom),Erich Fromm,KEEP_TRANSLATION,0,
4354,FR,La malédiction de La Méduse,Erik Emptaz,KEEP_CORE,0,
4355,FR,Art roman en France,Erlande-Brandenbourg,KEEP_CORE,0,
4356,FR,Le comte de Gobineau et l'aryanisme historique.,Ernest Antoine Aimé Léon Baron Seillière,KEEP_CORE,0,
4357,FR,Les mystiques du néo-romantisme,Ernest Antoine Aimé Léon Baron Seillière,KEEP_CORE,0,
4358,FR,Terres de soleil et de sommeil.,Ernest Psichari,KEEP_CORE,0,
4359,FR,avenir de la science,Ernest Renan,KEEP_CORE,0,
4360,FR,Averroes et l'averroïsme,Ernest Renan,KEEP_CORE,0,
4361,FR,Averroès et l'Averroïsme,Ernest Renan,KEEP_CORE,0,
4362,FR,Dialogues et fragments philosophiques,Ernest Renan,KEEP_CORE,0,
4363,FR,Dialogues philosophiques,Ernest Renan,KEEP_CORE,0,
4364,FR,Essais de morale et de critique,Ernest Renan,KEEP_CORE,0,
4365,FR,Examen de conscience philosophique,Ernest Renan,KEEP_CORE,0,
4366,FR,L' avenir de la science,Ernest Renan,KEEP_CORE,0,
4367,FR,Qu’est-ce qu’une nation?,Ernest Renan,KEEP_CORE,0,
4368,FR,Machiavel,Ernest Weibel,KEEP_CORE,0,
4369,FR,Sur les falaises de marbre,Ernst Jünger,KEEP_TRANSLATION,0,
4370,FR,Le Pouvoir de la satire - Tome 0 - Le Pouvoir de la satire,Erre Fabrice | Erre Fabrice | Terreur Graphique,KEEP_CORE,0,
4371,FR,Erró,Erró,KEEP_CORE,0,
4372,FR,Un train d'enfer,Erwan Manac’h | Gwenaël Manac’h,KEEP_CORE,0,
4373,FR,La nature et les Grecs,Erwin Schrödinger | Roger Penrose,KEEP_TRANSLATION,0,
4374,FR,Vivre Paris: Rencontre Avec 30 Artistes Latino-Americains,Espace Electra,KEEP_CORE,0,
4375,FR,"La logique, ou, Les premiers développement de l'art de penser",Etienne Bonnot de Condillac,KEEP_CORE,0,
4376,FR,Annales de la peinture,Etienne Parrocel,KEEP_CORE,0,
4377,FR,Chicago en flames,Eugene Izzi,KEEP_TRANSLATION,0,
4378,FR,Eugène Atget,Eugène Atget,KEEP_CORE,0,
4379,FR,En Birmanie,Eugène Gallois,KEEP_CORE,0,
4380,FR,Histoire de l'art pendant la renaissance.,Eugène Müntz,KEEP_CORE,0,
4381,FR,Études iconographiques et archéologiques sur le moyen age,Eugène Müntz,KEEP_CORE,0,
4382,FR,"Chrétiens et Turcs: scènes et souvenirs de la vie politique, militaire et religieuse en Orient",Eugène Poujade,KEEP_CORE,0,
4383,FR,L' épopée des tirailleurs sénégalais,Eugène-Jean Duval,KEEP_CORE,0,
4384,FR,Mademoiselle,Eva Rollin,KEEP_CORE,0,
4385,FR,théatre italien,Evaristo Gherardi,KEEP_CORE,0,
4386,FR,La science menacée,Evry L. Schatzman,KEEP_CORE,0,
4387,FR,Les soleils de l'automne,Exbrayat.,KEEP_CORE,0,
4388,FR,Catalogue général officiel,"Exposition universelle internationale de 1900 (Paris, France)",KEEP_CORE,0,
4389,FR,Catalogue officiel illustré de l'Exposition centennale de l'art français de 1800 à 1889.,"Exposition universelle internationale de 1900 (Paris, France)",KEEP_CORE,0,
4390,FR,Catalogue officiel illustré de l'exposition rétrospective de l'art français des origines à 1800.,"Exposition universelle internationale de 1900 (Paris, France)",KEEP_CORE,0,
4391,FR,"Pestalozzi, eleve de J.-J. Rousseau. --.",F Herisson,KEEP_CORE,0,
4392,FR,Sue et Mare,F. Camart,KEEP_CORE,0,
4393,FR,Le Fou du Palais-Royale,F. Cantagrel,KEEP_CORE,0,
4394,FR,Chronique d'un amour interdit,F. Muriel,KEEP_CORE,0,
4395,FR,La Nouvelle-Zélande,F. Tolron,KEEP_CORE,0,
4396,FR,Rendez-vous manqués,Fabien Conord,KEEP_CORE,0,
4397,FR,L'écolier en bleu - Chaïm Soutine,Fabien Grolleau | ANNA CONZATTI | Joël Legars,KEEP_CORE,0,
4398,FR,Je suis le gion,Fabien Nury,KEEP_CORE,0,
4399,FR,Inventer,Fabrice Praeger,KEEP_CORE,0,
4400,FR,Le Berceau du monde,Fady Stephan,KEEP_CORE,0,
4401,FR,Mon album de l'immigration en France,Farid Boudjellal,KEEP_CORE,0,
4402,FR,Invention du hottentot histoire du regard occidental sur les khoisan XV-XIX,Fauvelle.Aymar/,KEEP_CORE,0,
4403,FR,Musique et dramaturgie. esthetique de la représentation au xxe siecle,Feneyrou,KEEP_CORE,0,
4404,FR,Médecins et charlatans en Angleterre (1760-1815) / Nadine Fenouillat,Fenouillat/,KEEP_CORE,0,
4405,FR,La moralité de la doctrine évolutive,Ferdinand Brunetière,KEEP_CORE,0,
4406,FR,Le roman naturaliste.,Ferdinand Brunetière,KEEP_CORE,0,
4407,FR,Corinthe et Saint Paul,Ferdinand Joseph Maria de Waele,KEEP_CORE,0,
4408,FR,Le livre des rois,Ferdowsi,KEEP_TRANSLATION,0,
4409,FR,Economie et politique de l'électricité à Bordeaux (1887-1956),Fernandez/,KEEP_CORE,0,
4410,FR,Le centenaire,Ferrandez,KEEP_CORE,0,
4411,FR,La femme qui prenait son mari pour un chapeau,Fiamma Luzzati,KEEP_CORE,0,
4412,FR,Li abrejance de l'ordre de chevalerie,Flavius Vegetius Renatus,KEEP_CORE,0,
4413,FR,L'année des Déblok,Florence Cestac,KEEP_CORE,0,
4414,FR,"San Francisco, la grille sur les collines",Florence Lipsky,KEEP_CORE,0,
4415,FR,La Parole De L'autre Dans Le Roman-Memoires,Florence Magnot-Ogilvy,KEEP_CORE,0,
4416,FR,Histoire de Cauterets,Flurin Rene,KEEP_CORE,0,
4417,FR,La Libye - A la découverte d'un pays - tome 1,Fontaine | Danielle Bisson,KEEP_CORE,0,
4418,FR,Sciences sociales et marxisme,"Fougeyrollas, Pierre",KEEP_CORE,0,
4419,FR,"Nouvelles frontières, 10e.",Fran Catenacci,KEEP_CORE,0,
4420,FR,"De l'ide ologie, aujourd'hui",Franc ʹois Brune,KEEP_CORE,0,
4421,FR,Dissertation de culture ge ne rale,Franc ʹoise Lejeune,KEEP_CORE,0,
4422,FR,Croque-math,France Choquette,KEEP_CORE,0,
4423,FR,Croque-mots,France Choquette,KEEP_CORE,0,
4424,FR,Les stratégies textuelles de Michel Foucault,Frances Fortier,KEEP_CORE,0,
4425,FR,Bacon,Francis Bacon,KEEP_CORE,0,
4426,FR,Trente ans aux portes du Thibet interdit,Francis Goré,KEEP_CORE,0,
4427,FR,Les pionniers français dans l'Amerique du Nord--Floride--Canada--,Francis Parkman,KEEP_TRANSLATION,0,
4428,FR,Les idéologies politiques modernes,Francis Paul Bénoit,KEEP_CORE,0,
4429,FR,Les êtres de raison,Francisco Suárez,KEEP_TRANSLATION,0,
4430,FR,Le Volcan latino-américain,Franck Gaudichaud,KEEP_CORE,0,
4431,FR,Azrayen',Franck Giroud | Lax | Lax.,KEEP_CORE,0,
4432,FR,Le Paris d'aujourd'hui,Franck Louis Schoell,KEEP_CORE,0,
4433,FR,Routes,Franck Michel,KEEP_CORE,0,
4434,FR,"Art, religion, société dans espace germanique au XVIe siècle",Franck Muller,KEEP_CORE,0,
4435,FR,Victor Horta,Franco Borsi,KEEP_CORE,0,
4436,FR,Le Secret De Awa,Francois Pratte,KEEP_CORE,0,
4437,FR,Les Theories Hellenistiques De La Douleur (Bibliotheque D'etudes Classiques Dirigee Par J. Dangel - P. Martin),Francois Prost,KEEP_CORE,0,
4438,FR,"La Grande Galerie Des Peintures Musee Du Louvre, D'Orsay, Centre Pompidou/Musee National D'Art Moderne",Francoise Bertaux,KEEP_CORE,0,
4439,FR,Shirley et Dino,Frank Margerin,KEEP_CORE,0,
4440,FR,"Le Préfet, 1800-2000",François Borella,KEEP_CORE,0,
4441,FR,Africa mea,François Bugingo,KEEP_CORE,0,
4442,FR,Traité de législation,François Charles Louis Comte,KEEP_CORE,0,
4443,FR,Une histoire de la raison,François Châtelet,KEEP_CORE,0,
4444,FR,La Face cachée de 1940,François Delpla,KEEP_CORE,0,
4445,FR,La démarche d'une recherche en sciences humaines,François Depelteau,KEEP_CORE,0,
4446,FR,"Dits et Ecrits, tome 2",François Ewald | Daniel Defert | Michel Foucault,KEEP_CORE,0,
4447,FR,Figures de souveraineté,François Leroux,KEEP_CORE,0,
4448,FR,Peintures et sculptures du Panthéon,François Macé De Lépinay,KEEP_CORE,0,
4449,FR,Dieu et Mammon,François Mauriac,KEEP_CORE,0,
4450,FR,Le baiser au le preux,François Mauriac,KEEP_CORE,0,
4451,FR,Le Mystere Frontenac,François Mauriac,KEEP_CORE,0,
4452,FR,Lettres sur la philosophie de lhistoire,François Odysse Barot,KEEP_CORE,0,
4453,FR,La politique sans en avoir l’air,François Ploux | Michel Offerlé | Laurent Le Gall,KEEP_CORE,0,
4454,FR,Grandes demeures et collections d'art en Angleterre,François Portier,KEEP_CORE,0,
4455,FR,Gargantua ; Pantagruel,François Rabelais,KEEP_CORE,0,
4456,FR,Les Cités obscures,François Schuiten | Benoît Peeters,KEEP_CORE,0,
4457,FR,Voyages en utopie,François Schuiten | Benoît Peeters,KEEP_CORE,0,
4458,FR,Revoir Paris,François Schuiten | Benoît Peeters | Schuiten Et Peeters,KEEP_CORE,0,
4459,FR,Grands écrits politiques,François-René de Chateaubriand,KEEP_CORE,0,
4460,FR,Comprendre l'art moderne,Françoise Barbe-Gall,KEEP_CORE,0,
4461,FR,L' irrationnel,Françoise Bonardel,KEEP_CORE,0,
4462,FR,Bien commun recherché,Françoise David,KEEP_CORE,0,
4463,FR,Signet,Françoise Dulude,KEEP_CORE,0,
4464,FR,L'Art d'écrire de Marcel Duchamp,Françoise Le Penven,KEEP_CORE,0,
4465,FR,Gracchus Babeuf,Françoys Larue-Langlois,KEEP_CORE,0,
4466,FR,Hauteville House,Fred Duval,KEEP_CORE,0,
4467,FR,"Dictionnaire des imprimeurs, libraires et gens du livre a Paris 1701-1789: A - C",Frederic Barbier,KEEP_CORE,0,
4468,FR,Visites D'Ateliers,Frederic Gaussen,KEEP_CORE,0,
4469,FR,Le négociateur,Frederick Forsyth,KEEP_TRANSLATION,0,
4470,FR,"Bicentenaire du passage des Alpes par Bonaparte, 1800-2000",Frederick Kunzi,KEEP_CORE,0,
4471,FR,Le roi du rocher,Frederick Mummery,KEEP_CORE,0,
4472,FR,Aâma,Frederik Peeters,KEEP_CORE,0,
4473,FR,Lupus,Frederik Peeters,KEEP_CORE,0,
4474,FR,Stretching dynamique,Frenette,KEEP_CORE,0,
4475,FR,Epées et sorciers (Le cycle des épées),Fritz Leiber,KEEP_TRANSLATION,0,
4476,FR,Le Millénaire vert,Fritz Leiber,KEEP_TRANSLATION,0,
4477,FR,Les Racines du passé,Fritz Leiber,KEEP_TRANSLATION,0,
4478,FR,Un spectre hante le Texas,Fritz Leiber,KEEP_TRANSLATION,0,
4479,FR,Épées et mort,Fritz Leiber,KEEP_TRANSLATION,0,
4480,FR,L' anthropologie soviétique des années 20-30,Frédéric Bertrand,KEEP_CORE,0,
4481,FR,Mystique de Jésus chez Origène,Frédéric Bertrand,KEEP_CORE,0,
4482,FR,"Histoire de l'extrême gauche trotskiste, de 1929 à nos jours",Frédéric Charpier,KEEP_CORE,0,
4483,FR,Frantz Fanon,Frédéric Ciriez | Romain Lamy,KEEP_CORE,0,
4484,FR,Duquesne,Frédéric Hulot,KEEP_CORE,0,
4485,FR,Le Général Moreau,Frédéric Hulot,KEEP_CORE,0,
4486,FR,Le maréchal Masséna,Frédéric Hulot,KEEP_CORE,0,
4487,FR,Le Maréchal Ney,Frédéric Hulot,KEEP_CORE,0,
4488,FR,L'Oeuvre de Frédéric Le Play,Frédéric Le Play,KEEP_CORE,0,
4489,FR,"Capitalisme, désir et servitude",Frédéric Lordon,KEEP_CORE,0,
4490,FR,Le mensonge de l'art,Frédéric Paulhan,KEEP_CORE,0,
4491,FR,Paris des peintres,Fréedéric Gaussen,KEEP_CORE,0,
4492,FR,Des différends entre les nations civilisées et de leurs causes.,"Frölich, David comte.",KEEP_CORE,0,
4493,FR,Marsanès (NH X),Funk W.-P.,KEEP_CORE,0,
4494,FR,Cesare T06,Fuyumi Soryo,KEEP_TRANSLATION,0,
4495,FR,Cesare T10,Fuyumi Soryo,KEEP_TRANSLATION,0,
4496,FR,"Cesare, Tome 1",Fuyumi Soryo,KEEP_TRANSLATION,0,
4497,FR,Dostoïevski,Fyodor Dostoyevsky,KEEP_TRANSLATION,0,
4498,FR,Les frères Karamazov,Fyodor Dostoyevsky,KEEP_TRANSLATION,0,
4499,FR,Les possédés,Fyodor Dostoyevsky,KEEP_TRANSLATION,0,
4500,FR,Tombouctou la mystérieuse ...,Félix Dubois,KEEP_CORE,0,
4501,FR,Les problèmes du xxe siècle,G. de Molinari,KEEP_CORE,0,
4502,FR,Saint etienne et son agglomeration au XIX siecle,G. Thermeau,KEEP_CORE,0,
4503,FR,La guerre de Russie,G. Vekeman,KEEP_CORE,0,
4504,FR,La frontière sino-annamite: description géographique et ethnographique d'après des documents ...,Gabriel Devéria,KEEP_CORE,0,
4505,FR,Journal d'un enlèvement,Gabriel García Márquez,KEEP_TRANSLATION,0,
4506,FR,Les notables bamiléké de l'Ouest-Cameroun,Gabriel Hamani,KEEP_CORE,0,
4507,FR,"Un siecle de guerres. politique, conflits et societe depuis 1914",Gabriel Kolko,KEEP_CORE,0,
4508,FR,Le pouvoir ethnique en Afrique,Gabriel Madzou,KEEP_CORE,0,
4509,FR,Courte queue,Gabrielle Roy,KEEP_CORE,0,
4510,FR,Le monde perdu,Gail Herman | Gail Herman,KEEP_CORE,0,
4511,FR,La guerre des Gaules,Gaius Julius Caesar,KEEP_TRANSLATION,0,
4512,FR,Grand Jour de Kristy,Gale Galligan,KEEP_CORE,0,
4513,FR,Catalogue des tableaux modernes ... sculptures ... tableaux anciens ... tapis-series ...,"Galeries Georges Petit, Paris",KEEP_CORE,0,
4514,FR,"Avant les Scythes, préhistoire de l'art en U. R. S. S",Galeries nationales du Grand Palais.,KEEP_CORE,0,
4515,FR,"Jules Romain, 'L' Histoire de Scipion': tapisseries et dessins",Galeries nationales du Grand Palais.,KEEP_CORE,0,
4516,FR,L' Amérique vue par l'Europe,Galeries nationales du Grand Palais.,KEEP_CORE,0,
4517,FR,Un Gout d'orage,Gary Paulsen,KEEP_TRANSLATION,0,
4518,FR,Buchez historien,Gaston Castella,KEEP_CORE,0,
4519,FR,Éloges acadéiques et discours.,Gaston Darboux,KEEP_CORE,0,
4520,FR,archéologie égyptienne,Gaston Maspero,KEEP_CORE,0,
4521,FR,Guide du visiteur au Musée du Caire,Gaston Maspero,KEEP_CORE,0,
4522,FR,Ruines et paysages d'Egypte,Gaston Maspero,KEEP_CORE,0,
4523,FR,Égypte,Gaston Maspero,KEEP_CORE,0,
4524,FR,Statistiques appliquées aux sciences humaines,Gaston Mialaret,KEEP_CORE,0,
4525,FR,"Les philosophes-géomètres de la Grèce, Platon et ses prédécesseurs",Gaston Milhaud,KEEP_CORE,0,
4526,FR,Études sur la pensée scientifique chez les Grecs et chez les modernes,Gaston Milhaud,KEEP_CORE,0,
4527,FR,"Coup de foudre, clichés et autres atrocités","Gaudet-Beauregard, Julie",KEEP_CORE,0,
4528,FR,DE LA DICTATURE À LA DÉMOCRATIE - Un cadre conceptuel pour la libération,Gene Sharp,KEEP_TRANSLATION,0,
4529,FR,Livre du long soleil - l'exode,Gene Wolfe,KEEP_TRANSLATION,0,
4530,FR,Soldat d'Aretê,Gene Wolfe,KEEP_TRANSLATION,0,
4531,FR,Les duhamel sculpteurs a tulle aux xviie xviiie siecles,Geneste,KEEP_CORE,0,
4532,FR,"Leo a LA Mer (Premier Roman, 134)",Genevieve Cote | Marthe Pelletier | Marthe Pelletier,KEEP_CORE,0,
4533,FR,La comptine magique,Geneviève Brière,KEEP_CORE,0,
4534,FR,Nouveaux exercices de grammaire,Geneviève-Dominique de Salins,KEEP_CORE,0,
4535,FR,"Adieu, Sarah!",Geoffrey Bilson,KEEP_TRANSLATION,0,
4536,FR,Philosophie de l'amour,Georg Simmel,KEEP_TRANSLATION,0,
4537,FR,Philosophie du comedien,Georg Simmel,KEEP_TRANSLATION,0,
4538,FR,Le 9me bataillon au Nord-Ouest,George Beauregard,KEEP_CORE,0,
4539,FR,Alciphron,George Berkeley,KEEP_TRANSLATION,0,
4540,FR,Principes de la connaissaince humaine,George Berkeley | Alfred Klemmt,KEEP_TRANSLATION,0,
4541,FR,1984,George Orwell,KEEP_TRANSLATION,0,
4542,FR,Hommage à la Catalogne,George Orwell,KEEP_TRANSLATION,0,
4543,FR,Quai de Wigan,George Orwell,KEEP_TRANSLATION,0,
4544,FR,Wild Cards,George R. R. Martin | John J. Miller | Wild Cards Trust,KEEP_TRANSLATION,0,
4545,FR,Gabriel Dumont,George Woodcock,KEEP_CORE,0,
4546,FR,Le détour,Georges Balandier,KEEP_CORE,0,
4547,FR,L'Ame des villes,Georges Bégou,KEEP_CORE,0,
4548,FR,"Le droit, l'idéalisme et l'expérience",Georges Davy,KEEP_CORE,0,
4549,FR,En Mandehenrie,Georges de La Salle,KEEP_CORE,0,
4550,FR,Dialectique et sociologie,Georges Gurvitch,KEEP_CORE,0,
4551,FR,L' idée du droit social,Georges Gurvitch,KEEP_CORE,0,
4552,FR,L 'avènement des sciences humaines au siècle des lumières.,Georges Gusdorf,KEEP_CORE,0,
4553,FR,La parole,Georges Gusdorf,KEEP_CORE,0,
4554,FR,Réflexions sur la violence.,Georges Sorel,KEEP_CORE,0,
4555,FR,Dictionnaire topographique du département du Haut-Rhin comprenant les noms de lieu anciens et modernes,Georges Stoffel,KEEP_CORE,0,
4556,FR,"L'image de la nation anglaise dans l'""Histoire ecclesiastique"" de Bede le Vénérable",Georges Tugene,KEEP_CORE,0,
4557,FR,L'homme qui vient,Georges Valois,KEEP_CORE,0,
4558,FR,Du ròle des concepts daus la vie intellectuelle et morale: essai théorique d'après une vue de l ...,Georges Édouard Dumesnil,KEEP_CORE,0,
4559,FR,Scandaleusement d'elles,Georgiana M. M Colvile,KEEP_CORE,0,
4560,FR,Féeries dans l'île,Gerald Malcolm Durrell,KEEP_TRANSLATION,0,
4561,FR,Le survenant,Germaine Guèvremont,KEEP_CORE,0,
4562,FR,La théorie de la signification chez Gadadhara,Gerscheimer Gerdi,KEEP_CORE,0,
4563,FR,Salade de fruits,Ghislaine Grand,KEEP_CORE,0,
4564,FR,Gilbert & George,Gilbert,KEEP_CORE,0,
4565,FR,Les jeunes de la rue,Gilbert Mury,KEEP_CORE,0,
4566,FR,L' écriture comique de J.-K. Huysmans,Gilles Bonnet,KEEP_CORE,0,
4567,FR,"J'observe les escargots, les araignées et d'autres bestioles",Gilles Brillon,KEEP_CORE,0,
4568,FR,Capitalisme et schizophrénie,Gilles Deleuze,KEEP_CORE,0,
4569,FR,Cinéma,Gilles Deleuze,KEEP_CORE,0,
4570,FR,Critique et clinique,Gilles Deleuze,KEEP_CORE,0,
4571,FR,Qu'est-ce que la philosophie?,Gilles Deleuze,KEEP_CORE,0,
4572,FR,La mathématique sociale du marquis de Condorcet,Gilles Gaston Granger,KEEP_CORE,0,
4573,FR,Ne touchez pas à ma Babouche,Gilles Gauthier,KEEP_CORE,0,
4574,FR,Méthodes quantitatives en sciences humaines,Gilles Grenon,KEEP_CORE,0,
4575,FR,Si la route m'était contée--,Gilles Rabin,KEEP_CORE,0,
4576,FR,TMLP,Gilles Rochier,KEEP_CORE,0,
4577,FR,Louis XVI a la parole: Autoportrait du Roi Très Chrétien,Girault de C,KEEP_CORE,0,
4578,FR,Le mal et ses masques,Gisele Venet,KEEP_CORE,0,
4579,FR,L'école de la peur,Gitty Daneshvari,KEEP_TRANSLATION,0,
4580,FR,Archéologie du cinema et mémoire du siecle. dialogue,Godard /Ishaghpour,KEEP_CORE,0,
4581,FR,500 ans de résistance autochtone,Gord Hill,KEEP_TRANSLATION,0,
4582,FR,Bruno et Max font des vagues,Gordon Korman,KEEP_TRANSLATION,0,
4583,FR,Deux farceurs au collège,Gordon Korman,KEEP_TRANSLATION,0,
4584,FR,Everest,Gordon Korman,KEEP_TRANSLATION,0,
4585,FR,Mon père est un parrain,Gordon Korman,KEEP_TRANSLATION,0,
4586,FR,Naufragés,Gordon Korman,KEEP_TRANSLATION,0,
4587,FR,Sous La Mer,Gordon Korman,KEEP_TRANSLATION,0,
4588,FR,Confessio philosophi,Gottfried Wilhelm Leibniz,KEEP_TRANSLATION,0,
4589,FR,"La controverse entre Stahl et Leibniz sur la vie, l'organisme et le mixte",Gottfried Wilhelm Leibniz,KEEP_TRANSLATION,0,
4590,FR,Leibniz.,Gottfried Wilhelm Leibniz,KEEP_TRANSLATION,0,
4591,FR,Nouvelles lettres et opuscules inédits de Leibniz,Gottfried Wilhelm Leibniz,KEEP_TRANSLATION,0,
4592,FR,Oeuvres philosophiques latines & françoises de feu Mr. de Leibnitz,Gottfried Wilhelm Leibniz,KEEP_TRANSLATION,0,
4593,FR,Opuscules et fragments inédits de Leibniz,Gottfried Wilhelm Leibniz,KEEP_TRANSLATION,0,
4594,FR,Recherches générales sur l'analyse des notions et des vérités,Gottfried Wilhelm Leibniz,KEEP_TRANSLATION,0,
4595,FR,Système nouveau de la nature et de la communication des substances et autres textes,Gottfried Wilhelm Leibniz,KEEP_TRANSLATION,0,
4596,FR,Textes inédits,Gottfried Wilhelm Leibniz,KEEP_TRANSLATION,0,
4597,FR,Textes inédits d'après les manuscrits de la Bibliothèque provinciale de Hanovre,Gottfried Wilhelm Leibniz,KEEP_TRANSLATION,0,
4598,FR,Œuvres de Leibniz.,Gottfried Wilhelm Leibniz,KEEP_TRANSLATION,0,
4599,FR,"Les Montagnes hallucinées, tome 1",Gou Tanabe,KEEP_TRANSLATION,0,
4600,FR,"Le sublime du ""lieu commun""",Goyet Francis,KEEP_CORE,0,
4601,FR,Villa Ortiz-Basualdo,Graciela Di Lorio,KEEP_CORE,0,
4602,FR,A la rencontre du général,Graham Greene,KEEP_TRANSLATION,0,
4603,FR,Le Capitaine et l'ennemi,Graham Greene,KEEP_TRANSLATION,0,
4604,FR,Le petit omnibus = The little horse bus,Graham Greene,KEEP_TRANSLATION,0,
4605,FR,Le petit train,Graham Greene,KEEP_TRANSLATION,0,
4606,FR,Les comédiens - Pavillons poche,Graham Greene,KEEP_TRANSLATION,0,
4607,FR,Monsignor Quichotte,Graham Greene,KEEP_TRANSLATION,0,
4608,FR,Orient-express,Graham Greene,KEEP_TRANSLATION,0,
4609,FR,Routes sans lois = [The lawless roads],Graham Greene,KEEP_TRANSLATION,0,
4610,FR,Voyages avec ma tante,Graham Greene,KEEP_TRANSLATION,0,
4611,FR,Voyages sans cartes = Journey without maps,Graham Greene,KEEP_TRANSLATION,0,
4612,FR,"L' histoire--la vie--les mœurs et la curiosité par l'image, le pamphlet et le document (1450-1900).","Grand-Carteret, John",KEEP_CORE,0,
4613,FR,XIXe siècle (en France),"Grand-Carteret, John",KEEP_CORE,0,
4614,FR,Les enfants de Darwin,Greg Bear | Scott Brick | Jean-Daniel Brèque,KEEP_TRANSLATION,0,
4615,FR,L'Enigme de l'univers,Greg Egan,KEEP_TRANSLATION,0,
4616,FR,La Cité des permutants,Greg Egan,KEEP_TRANSLATION,0,
4617,FR,Téranésie,Greg Egan,KEEP_TRANSLATION,0,
4618,FR,Le Prisonnier du Bouddha,Greg | André Franquin,KEEP_CORE,0,
4619,FR,A travers la mer des soleils,Gregory Benford,KEEP_TRANSLATION,0,
4620,FR,Contre l'infini,Gregory Benford,KEEP_TRANSLATION,0,
4621,FR,Dans l'océan de la nuit,Gregory Benford,KEEP_TRANSLATION,0,
4622,FR,Fondation en péril,Gregory Benford,KEEP_TRANSLATION,0,
4623,FR,L'Ogre de l'espace,Gregory Benford,KEEP_TRANSLATION,0,
4624,FR,La grande rivière du ciel,Gregory Benford,KEEP_TRANSLATION,0,
4625,FR,Les Profondeurs furieuses,Gregory Benford,KEEP_TRANSLATION,0,
4626,FR,"Thorgal, tome 22",Grzegorz Rosiński | Jean Van Hamme,KEEP_CORE,0,
4627,FR,"Thorgal, tome 15",Grzegorz Rosiński | Jeann Van Hamme,KEEP_CORE,0,
4628,FR,Mythologie du Buddhisme au Tibet et en Mongolie,"Grünwedel, Albert",KEEP_CORE,0,
4629,FR,Socotra une île hors du temps,Guebourg,KEEP_CORE,0,
4630,FR,L'e ́volution des croyances et des doctrines politiques,Guillaume de Greef,KEEP_CORE,0,
4631,FR,Observations sur Le contrat social de J.J. Rousseau,Guillaume François Berthier,KEEP_CORE,0,
4632,FR,"Etat, économie, territoire en Allemagne",Guillaume Garner,KEEP_CORE,0,
4633,FR,A l'enseigne de Gersaint,Guillaume Glorieux,KEEP_CORE,0,
4634,FR,Ces nuits qui ont fait Paris,Guillaume Hanoteau,KEEP_CORE,0,
4635,FR,Complément du guide de la méthode,Guillaume Louis Bocquillon Wilhem,KEEP_CORE,0,
4636,FR,Et après...,Guillaume Musso,KEEP_CORE,0,
4637,FR,Parce que je t'aime,Guillaume Musso,KEEP_CORE,0,
4638,FR,Seras-tu là?,Guillaume Musso,KEEP_CORE,0,
4639,FR,La philosophie et la pratique de l'education,"Guimps, Roger de baron",KEEP_CORE,0,
4640,FR,Le Genie Verrier De L'Europe,Guiseppe Cappa,KEEP_CORE,0,
4641,FR,"Discours prononcés à la Direction des beaux-arts, 1888-1891",Gustave Larroumet,KEEP_CORE,0,
4642,FR,Études de littérature et d'art.,Gustave Larroumet,KEEP_CORE,0,
4643,FR,Raphaël,Guy Bloch-Champfort,KEEP_CORE,0,
4644,FR,De la préhistoire au siècle actuel,Guy Dauphinais,KEEP_CORE,0,
4645,FR,Chroniques de Jérusalem,Guy Delisle,KEEP_CORE,0,
4646,FR,Pyongyang,Guy Delisle,KEEP_CORE,0,
4647,FR,L'arc-en-ciel et l'archer. recits et philosophie de l'histoire chez herodote,Guy Lachenaud,KEEP_CORE,0,
4648,FR,Promettre et écrire,Guy Lachenaud,KEEP_CORE,0,
4649,FR,LA Foire Aux Fauves,Guy Lavigne,KEEP_CORE,0,
4650,FR,Les Risques Du Voyage,Guy Lavigne,KEEP_CORE,0,
4651,FR,La nature dans tous ses états,Guy Pâquet,KEEP_CORE,0,
4652,FR,Dictionnaire des petits maîtres de la peinture,Gérald Schurr,KEEP_CORE,0,
4653,FR,Rédiger des textes techniques et scientifiques en français et en anglais,Gérard Barbottin,KEEP_CORE,0,
4654,FR,Recensement de l'amour à Paris.,Gérard Bauër,KEEP_CORE,0,
4655,FR,Le nationalisme repensé,Gérard Boulet,KEEP_CORE,0,
4656,FR,L' ordre humain ou Le déni de la nature,Gérard Chazal,KEEP_CORE,0,
4657,FR,Les femmes et la science,Gérard Chazal,KEEP_CORE,0,
4658,FR,25 grands romans français résumés et commentés,Gérard Conio,KEEP_CORE,0,
4659,FR,Le roman francais,Gérard Conio,KEEP_CORE,0,
4660,FR,La voie chevaleresque et l'initiation royale dans la tradition chrétienne,Gérard de Sorval,KEEP_CORE,0,
4661,FR,Les religions au risque des sciences humaines,Gérard Donnadieu,KEEP_CORE,0,
4662,FR,L' oeuvre de l'art,Gérard Genette,KEEP_CORE,0,
4663,FR,"Ruben Bareiro Saguier, ou, L'hybridité culturelle paraguayenne",Gérard Gómez,KEEP_CORE,0,
4664,FR,Idéologies et régimes politiques comparés,Gérard Loriot,KEEP_CORE,0,
4665,FR,Les Doctrines du pouvoir,Gérard Mairet,KEEP_CORE,0,
4666,FR,La carte postale antisémite,Gérard Silvain,KEEP_CORE,0,
4667,FR,Les Chinois pendant une période de 4458 années,H. de Chavannes de la Giraudière,KEEP_CORE,0,
4668,FR,La feodalite languedocienne,H. Debax,KEEP_CORE,0,
4669,FR,Douze Histoires et un Rêve,H. G. Wells,KEEP_TRANSLATION,0,
4670,FR,Les mines du roi Salomon,H. Rider Haggard,KEEP_TRANSLATION,0,
4671,FR,La tirelire mervelleuse,H.-Pierre Linel,KEEP_CORE,0,
4672,FR,Perdu dans New-York,H.-Pierre Linel,KEEP_CORE,0,
4673,FR,Condition de l'homme moderne =,Hannah Arendt,KEEP_TRANSLATION,0,
4674,FR,Du mensonge à la violence : essai de politique contemporaine,Hannah Arendt,KEEP_TRANSLATION,0,
4675,FR,La crise de la culture,Hannah Arendt,KEEP_TRANSLATION,0,
4676,FR,Les origines du totalitarianisme,Hannah Arendt,KEEP_TRANSLATION,0,
4677,FR,Le vilain petit canard,Hans Christian Andersen,KEEP_TRANSLATION,0,
4678,FR,L' art de comprendre.,Hans-Georg Gadamer,KEEP_TRANSLATION,0,
4679,FR,Orfeo,Hans-Jurgen Greif,KEEP_CORE,0,
4680,FR,L' énigme de l'ancienne académie,Harold F. Cherniss,KEEP_TRANSLATION,0,
4681,FR,Sa Majesté des Puces,Harold Hutchins | Dav Pilkey | Jose Garibaldi | George Beard,KEEP_TRANSLATION,0,
4682,FR,Contes sur l'economie politique.,Harriet Martineau,KEEP_TRANSLATION,0,
4683,FR,De la société américaine,Harriet Martineau,KEEP_TRANSLATION,0,
4684,FR,La clef de la case l'Oncle Tom,Harriet Stowe | Harriet Beecher Stowe,KEEP_TRANSLATION,0,
4685,FR,Les animaux préhistoriques,Haublin Buffetant | Éric Buffetaut,KEEP_CORE,0,
4686,FR,Le Voyage de Shuna,Hayao Miyazaki,KEEP_TRANSLATION,0,
4687,FR,Les nouvelles frontie res du travail subordonne,He loi se Petit | Nadine The venot,KEEP_CORE,0,
4688,FR,Mémoires de Hector Berlioz ...,Hector Berlioz,KEEP_CORE,0,
4689,FR,Deux conférences sur la constitution de la sociologie et l'organisation du suffrage universel par M. H. Denis ...,Hector Denis,KEEP_CORE,0,
4690,FR,Superstitions politiques et phénomènes sociaux.,Henri Dagan,KEEP_CORE,0,
4691,FR,Esquisses vénitiennes.,Henri de Régnier,KEEP_CORE,0,
4692,FR,L'art national,Henri Du Cleuziou,KEEP_CORE,0,
4693,FR,L' évolution de la pensée politique en France au XVIIIe siècle,Henri Eugène Sée,KEEP_CORE,0,
4694,FR,Les idées politiques en France au XVIIIe siècle.,Henri Eugène Sée,KEEP_CORE,0,
4695,FR,Encyclopédie de la bande dessinée érotique,Henri Filippini,KEEP_CORE,0,
4696,FR,Gand & Tournai,Henri Hymans,KEEP_CORE,0,
4697,FR,L' exposition des primitifs flammands à Bruges.,Henri Hymans,KEEP_CORE,0,
4698,FR,Œuvres de Henri Hymans,Henri Hymans,KEEP_CORE,0,
4699,FR,"Poitiers & Angoulême, Saint-Savin, Chauvigny",Henri Labbé de La Mauvinière,KEEP_CORE,0,
4700,FR,Le retour de la dialectique,Henri Lefebvre,KEEP_CORE,0,
4701,FR,Pour causer de tout,Henri Mazel,KEEP_CORE,0,
4702,FR,Ecrits sur l'art,Henri Pierre Roché,KEEP_CORE,0,
4703,FR,"Inscription de Mérou-Nérar Ier, roi d\'Assyrie",Henri Pognon,KEEP_CORE,0,
4704,FR,Introduction biologique aux sciences de l'homme,Henri Verron,KEEP_CORE,0,
4705,FR,Proces-verbaux de la commune de 1871 t.1 et 2,Henriot Bourgin,KEEP_CORE,0,
4706,FR,Critique et religion,Henry Duméry,KEEP_CORE,0,
4707,FR,La foi n'est pas un cri,Henry Duméry,KEEP_CORE,0,
4708,FR,Dans les ténèbres de l'Afrique,Henry M. Stanley,KEEP_TRANSLATION,0,
4709,FR,"Letters de H. M. Stanley racontant ses voyages, ses aventures et ses découvertes a travers l'Afrique équatoriale, (novembre 1874 - septembre 1877)",Henry M. Stanley,KEEP_TRANSLATION,0,
4710,FR,Ponts de Paris à travers les siècles,Henry-Louis Dubly,KEEP_CORE,0,
4711,FR,Coke en stock.,Hergé,KEEP_CORE,0,
4712,FR,L'Étoile Mystérieuse,Hergé,KEEP_CORE,0,
4713,FR,La Vallee des Cobras.,Hergé,KEEP_CORE,0,
4714,FR,Le crabe aux pinces d'or,Hergé,KEEP_CORE,0,
4715,FR,"Le Lotus Bleu (Fac-similé, 1936)",Hergé,KEEP_CORE,0,
4716,FR,Le secret de La Licorne,Hergé,KEEP_CORE,0,
4717,FR,Le Trésor de Rackmam Le Rouge (fac-similé de l'édition originale de 1944),Hergé,KEEP_CORE,0,
4718,FR,Les 7 boules de cristal,Hergé,KEEP_CORE,0,
4719,FR,Les archives tintin,Hergé,KEEP_CORE,0,
4720,FR,Les Aventures de Tintin,Hergé,KEEP_CORE,0,
4721,FR,"Les aventures de Tintin reporter du petit ""Vingtième"" au pays des Soviets",Hergé,KEEP_CORE,0,
4722,FR,Les Cigares du Pharaon,Hergé,KEEP_CORE,0,
4723,FR,Objectif Lune,Hergé,KEEP_CORE,0,
4724,FR,On a marché sur la lune,Hergé,KEEP_CORE,0,
4725,FR,Tintin,Hergé,KEEP_CORE,0,
4726,FR,Tintin au Congo,Hergé,KEEP_CORE,0,
4727,FR,Tintin au Tibet,Hergé,KEEP_CORE,0,
4728,FR,Tintin et les picaros,Hergé,KEEP_CORE,0,
4729,FR,Vol 714 pour Sydney,Hergé,KEEP_CORE,0,
4730,FR,Bartleby,Herman Melville,KEEP_TRANSLATION,0,
4731,FR,"Billy Budd, marin",Herman Melville,KEEP_TRANSLATION,0,
4732,FR,La Vareuse blanche.,Herman Melville,KEEP_TRANSLATION,0,
4733,FR,Le Grand escroc,Herman Melville,KEEP_TRANSLATION,0,
4734,FR,Les îles enchantées,Herman Melville,KEEP_TRANSLATION,0,
4735,FR,Moby Dick,Herman Melville,KEEP_TRANSLATION,0,
4736,FR,Pierre ou les ambiguïtés,Herman Melville,KEEP_TRANSLATION,0,
4737,FR,"Redburn, ou, Sa première croisière",Herman Melville,KEEP_TRANSLATION,0,
4738,FR,Taipi ;,Herman Melville,KEEP_TRANSLATION,0,
4739,FR,Les Pneumatiques d'Héron d'Alexandrie,Hero of Alexandria | Argoud Guillaum,KEEP_TRANSLATION,0,
4740,FR,"Le Jardin, notre double",Hervé Brunon,KEEP_CORE,0,
4741,FR,Chroniques africaines de guerres et d'espérance,Hervé Cheuzeville,KEEP_CORE,0,
4742,FR,Kadogo,Hervé Cheuzeville,KEEP_CORE,0,
4743,FR,La planète hyper,Hervé Fischer,KEEP_CORE,0,
4744,FR,Fils de sorcière,Hervé Gagnon,KEEP_CORE,0,
4745,FR,Les produits du terroir en France,Hervé Lauriot Prévost,KEEP_CORE,0,
4746,FR,"Gintama, Tome 46",Hideaki Sorachi,KEEP_TRANSLATION,0,
4747,FR,Arc-en-ciel mathématique 6,Hilaire Des Lauriers,KEEP_CORE,0,
4748,FR,Fairy Tail T27,Hiro Mashima,KEEP_TRANSLATION,0,
4749,FR,La Cité Saturne,Hisae Iwaoka,KEEP_TRANSLATION,0,
4750,FR,De Montréal à Victoria par le transcontinental canadien,Honoré Beaugrand,KEEP_CORE,0,
4751,FR,Jeanne la fileuse,Honoré Beaugrand,KEEP_CORE,0,
4752,FR,La chasse-galerie et autres récits,Honoré Beaugrand,KEEP_CORE,0,
4753,FR,Lettres de voyage,Honoré Beaugrand,KEEP_CORE,0,
4754,FR,Mélanges,Honoré Beaugrand,KEEP_CORE,0,
4755,FR,Six mois dans les Montagnes-Rocheuses,Honoré Beaugrand,KEEP_CORE,0,
4756,FR,Ce sar Birotteau,Honoré de Balzac,KEEP_CORE,0,
4757,FR,lys dans la vallee.,Honoré de Balzac,KEEP_CORE,0,
4758,FR,Esquire générale de la province de Québec,Honoré Mercier,KEEP_CORE,0,
4759,FR,Au vent des Kerguelen,Houdaille,KEEP_CORE,0,
4760,FR,Prouve,Hubert Damisch | Jean-François Archieri | Jean-Pierre Levasseur,KEEP_CORE,0,
4761,FR,Leçons de rhétorique et de belles-lettres,Hugh Blair,KEEP_TRANSLATION,0,
4762,FR,Corto Maltese,Hugo Pratt,KEEP_TRANSLATION,0,
4763,FR,Jardinez avec le Professeur Scientifix,Huguette Beauchamp-Richards,KEEP_CORE,0,
4764,FR,L'Amitie Dans Les Chansons de Geste A L'Epoque Romane,Huguette Legros,KEEP_CORE,0,
4765,FR,La jambe sur la jambe,Humphrey Davies | Aḥmad Fāris Shidyāq,KEEP_TRANSLATION,0,
4766,FR,Hell's Angels,Hunter S. Thompson,KEEP_TRANSLATION,0,
4767,FR,Héritiers de la passion,Hélène Gagnon,KEEP_CORE,0,
4768,FR,Le Manifeste des 343,Hélène STRAG | Adeline Laffitte | Hervé Duphot,KEEP_CORE,0,
4769,FR,"Collection des Goncourt, arts de l'extrême-orient.",Hôtel Drouot,KEEP_CORE,0,
4770,FR,A travers l'Empire britannique (1883-1884),"Hübner, Joseph Alexander Graf von | Hübner, Alexander Graf von",KEEP_TRANSLATION,0,
4771,FR,Entrefer,Iain Banks,KEEP_TRANSLATION,0,
4772,FR,Inversions,Iain Banks,KEEP_TRANSLATION,0,
4773,FR,L'homme des jeux,Iain Banks,KEEP_TRANSLATION,0,
4774,FR,Le Sens du Vent,Iain Banks,KEEP_TRANSLATION,0,
4775,FR,Trames,Iain Banks,KEEP_TRANSLATION,0,
4776,FR,Un homme de glace,Iain Banks,KEEP_TRANSLATION,0,
4777,FR,Discours sur l'histoire universelle.,Ibn Khaldūn | عبد الرحمن ابن خلدون Abdel Rahman Ibn Khaldun,KEEP_TRANSLATION,0,
4778,FR,Autorités traditionnelles et démocratisation au Cameroun,Ibrahim Mouiche,KEEP_CORE,0,
4779,FR,L'Organon d'Aristote dans le monde arabe,Ibrāhīm Madkūr,KEEP_CORE,0,
4780,FR,Orange,Ichigo Takano,KEEP_TRANSLATION,0,
4781,FR,Grand Sole,Ignacio Aldecoa,KEEP_TRANSLATION,0,
4782,FR,Un moment d'impatience!,Impatients (Groupe),KEEP_CORE,0,
4783,FR,Revue économique internationale,Institut économique international,KEEP_CORE,0,
4784,FR,Entrepreneurs en herbe!,Irene Bernard,KEEP_CORE,0,
4785,FR,Mon passeport musical.,Isabelle Aubin,KEEP_CORE,0,
4786,FR,L'art contemporain,Isabelle de Maison Rouge,KEEP_CORE,0,
4787,FR,Ahouach,Isabelle Idali-Demeyere,KEEP_CORE,0,
4788,FR,Cheval de nuit,Isabelle Malmezat,KEEP_CORE,0,
4789,FR,J'ai rempli le coeur du Père Noël,Isabelle Tremblay,KEEP_CORE,0,
4790,FR,La reforme de l'education. --,Isidore Poiry,KEEP_CORE,0,
4791,FR,Cosmicomics,Italo Calvino,KEEP_TRANSLATION,0,
4792,FR,La machine littérature,Italo Calvino,KEEP_TRANSLATION,0,
4793,FR,Le baron perché,Italo Calvino,KEEP_TRANSLATION,0,
4794,FR,Temps zéro,Italo Calvino,KEEP_TRANSLATION,0,
4795,FR,Oeuvres complètes,Ivan Illich,KEEP_TRANSLATION,0,
4796,FR,Design et quoi ? histoire d'une collection (avec CD-ROM),J. Barre F. /Beauffret,KEEP_CORE,0,
4797,FR,Journal du maître d'école d'île de France,J. Bernet,KEEP_CORE,0,
4798,FR,Physique moderne et philosophie traditionnelle,J. Daujat,KEEP_CORE,0,
4799,FR,Lettres d'un cultivateur americain,J. Hector St. John de Crèvecoeur,KEEP_CORE,0,
4800,FR,Voyage dans la haute Pensylvanie et dans l'état de New-York,J. Hector St. John de Crèvecoeur,KEEP_CORE,0,
4801,FR,Principes du droit naturel et politique.,J. J. Burlamaqui,KEEP_CORE,0,
4802,FR,Ourania,J. M. G. Le Clézio,KEEP_CORE,0,
4803,FR,Ritournelle de la faim,J. M. G. Le Clézio,KEEP_CORE,0,
4804,FR,Notre langue,J. Marouzeau,KEEP_CORE,0,
4805,FR,Aujourd'hui,J. Mathiex,KEEP_CORE,0,
4806,FR,Histoire de la Lorraine,J. R. /Morette Bastien,KEEP_CORE,0,
4807,FR,Questions d'art paléolithique,J. Schefer,KEEP_CORE,0,
4808,FR,"Relation d'un voyage à Manitoba / par J.Y. Shantz. Accompagnée d'une analyse de l'Acte concernant les terres de la puissance, et d'un extrait du pamphlet publié par le gouvernement at [i.e. au] sujet de Manitoba",J. Y. Shantz,KEEP_CORE,0,
4809,FR,En veillant avec les petits de chez nous,J.-G Gélinas,KEEP_CORE,0,
4810,FR,Pour lire le récit,J.-L Dumortier,KEEP_CORE,0,
4811,FR,L' analyse des données redigés et publiés sous la direction du J.-P. Benzecri.,J.-P Benzécri,KEEP_CORE,0,
4812,FR,L'Appel de la forêt,Jack London,KEEP_TRANSLATION,0,
4813,FR,"Carte de hockey, La",Jack Siemiatycki | Avi Slodovnick,KEEP_TRANSLATION,0,
4814,FR,L'e pe e de cristal,Jacky Goupil,KEEP_CORE,0,
4815,FR,"L'epe e de cristal, premier cycle",Jacky Goupil,KEEP_CORE,0,
4816,FR,"Les ""Laudi""",Jacopone da Todi | Serge Hughes | Elizabeth Hughes,KEEP_TRANSLATION,0,
4817,FR,De Washington à Clinton,Jacquard/Roland,KEEP_CORE,0,
4818,FR,Le sens des choses,Jacques Attali,KEEP_CORE,0,
4819,FR,Aventures les plus curieuses des voyageurs,Jacques Bernard Hombron,KEEP_CORE,0,
4820,FR,Ces gens-là,Jacques Brel,KEEP_CORE,0,
4821,FR,Le plat pays,Jacques Brel,KEEP_CORE,0,
4822,FR,Basile-Juléat Fouda,Jacques Chatué,KEEP_CORE,0,
4823,FR,Famille et patrimoine de la haute noblesse française au XVIIIe siècle,Jacques Cuvillier,KEEP_CORE,0,
4824,FR,Dissemination,Jacques Derrida,KEEP_CORE,0,
4825,FR,Le monolinguisme de l'autre,Jacques Derrida,KEEP_CORE,0,
4826,FR,Marges de la philosophie.,Jacques Derrida,KEEP_CORE,0,
4827,FR,Parages,Jacques Derrida,KEEP_CORE,0,
4828,FR,Points de suspension,Jacques Derrida,KEEP_CORE,0,
4829,FR,Séminaire,Jacques Derrida,KEEP_CORE,0,
4830,FR,Échographies de la télévision,Jacques Derrida,KEEP_CORE,0,
4831,FR,Magritte,Jacques Dopagne,KEEP_CORE,0,
4832,FR,Histoire des doctrines politiques en France.,Jacques Droz,KEEP_CORE,0,
4833,FR,L'etranger,Jacques Ferrandez,KEEP_CORE,0,
4834,FR,Les grands débrouillards,Jacques Goldstyn,KEEP_CORE,0,
4835,FR,Ligne brisee d'Asie mineure,Jacques Hure,KEEP_CORE,0,
4836,FR,La violence à l'école,Jacques Hébert,KEEP_CORE,0,
4837,FR,Le français scientifique : guide de rédaction et de vulgarisation,Jacques Leclerc,KEEP_CORE,0,
4838,FR,Oui nide iou,Jacques Lob,KEEP_CORE,0,
4839,FR,Les 100 romans québécois qu'il faut lire,Jacques Martineau,KEEP_CORE,0,
4840,FR,Lettre des Iles Baladar,Jacques Prévert,KEEP_CORE,0,
4841,FR,L' Œil et la plume,Jacques Putman,KEEP_CORE,0,
4842,FR,La longue histoire de la matière,Jacques Reisse,KEEP_CORE,0,
4843,FR,Signification de l'homme,Jacques Rolland de Renéville,KEEP_CORE,0,
4844,FR,Des sciences physiques aux sciences morales,Jacques Rueff,KEEP_CORE,0,
4845,FR,Casse-pipe à la nation,Jacques Tardi,KEEP_CORE,0,
4846,FR,"Moi, René Tardi, prisonnier de guerre au Stalag II B",Jacques Tardi,KEEP_CORE,0,
4847,FR,L'Idée de l'état dans Saint Thomas d'Aquin,Jacques Zeiller,KEEP_CORE,0,
4848,FR,18450 Km en courant. Relier en courant les villes saintes,Jamel Balhi,KEEP_CORE,0,
4849,FR,Le lendemain du jugement dernier,James Blish,KEEP_TRANSLATION,0,
4850,FR,Un coup de cymbales,James Blish,KEEP_TRANSLATION,0,
4851,FR,Morts de Peur,James Burks,KEEP_TRANSLATION,0,
4852,FR,Sauve Qui Peut!,James Burks,KEEP_TRANSLATION,0,
4853,FR,La Théorie du chaos,James Gleick,KEEP_TRANSLATION,0,
4854,FR,4 Fers Au Feu,James Patterson | Maxine Paetro,KEEP_TRANSLATION,0,
4855,FR,Etudes camusiennes,Jan Baetens,KEEP_CORE,0,
4856,FR,La boîte aux lettres secrète.,Jan Mark,KEEP_TRANSLATION,0,
4857,FR,Saint-Simon et le saint-simonisme,"Janet, Paul",KEEP_CORE,0,
4858,FR,Éléments de philosophie scientifique et de philosophie morale,"Janet, Paul",KEEP_CORE,0,
4859,FR,Problèmes de cohésion syntaxique de 1550 à 1720,Janine Baudry,KEEP_CORE,0,
4860,FR,Remplissons les trous!,Janine Tougas,KEEP_CORE,0,
4861,FR,Tunisie,Jaques Fontaine,KEEP_CORE,0,
4862,FR,Star Wars : l'académie Jedi,Jarrett Krosoczka,KEEP_TRANSLATION,0,
4863,FR,"L'Ourson Qui Voulait Une Juliette (Il Etait Une Fois, 6)",Jasmine Dube,KEEP_CORE,0,
4864,FR,Le grand Nazaire,Jasmine Dube,KEEP_CORE,0,
4865,FR,Les Deux Nazaire,Jasmine Dube,KEEP_CORE,0,
4866,FR,Jasper Johns,Jasper Johns,KEEP_CORE,0,
4867,FR,Les soldats de Salamine,Javier Cercas | Elisabeth Beyer | Aleksandar Grujicic | José Pablo García,KEEP_TRANSLATION,0,
4868,FR,Petite Poule.,Javier Franco Aixela | Steven Kellogg,KEEP_TRANSLATION,0,
4869,FR,Au-delà du système pénal,Jean & Al Poupart,KEEP_CORE,0,
4870,FR,"Les voyages avantureux du capitaine Ian Alfonce, Sainctongeois",Jean Alfonce,KEEP_CORE,0,
4871,FR,Trois ans à la cour de Perse.,Jean Baptiste Feuvrier,KEEP_CORE,0,
4872,FR,"Discours sur l'utilite des lettres et des sciences, par rapport au bien de l'état.",Jean Barbeyrac,KEEP_CORE,0,
4873,FR,La fable créole,Jean Bernabé,KEEP_CORE,0,
4874,FR,Sur la logique et la théorie de la science,Jean Cavaillès,KEEP_CORE,0,
4875,FR,"Le voyage de Monsieur d'Aramon, ambassadeur pour le Roy en Levant.",Jean Chesneau,KEEP_CORE,0,
4876,FR,André Acquart,Jean Chollet,KEEP_CORE,0,
4877,FR,Julie des Loups,Jean Craighead George,KEEP_TRANSLATION,0,
4878,FR,Babar aux sports d'hiver,Jean de Brunhoff,KEEP_CORE,0,
4879,FR,Babar en famille.,Jean de Brunhoff,KEEP_CORE,0,
4880,FR,Babar et le Père Noël,Jean de Brunhoff,KEEP_CORE,0,
4881,FR,Le roi Babar,Jean de Brunhoff,KEEP_CORE,0,
4882,FR,Le voyage de Babar,Jean de Brunhoff,KEEP_CORE,0,
4883,FR,Memoires du mexique (1707-1709),Jean de Monsegur,KEEP_CORE,0,
4884,FR,Le temps de photographier,Jean Delord,KEEP_CORE,0,
4885,FR,"Rapaces, tome 3",Jean Dufaux | Enrico Marini,KEEP_CORE,0,
4886,FR,"Le roman tunisien de langue arabe, 1956-2001",Jean Fontaine,KEEP_CORE,0,
4887,FR,Recherches sur la littérature arabe,Jean Fontaine,KEEP_CORE,0,
4888,FR,Romans arabes modernes,Jean Fontaine,KEEP_CORE,0,
4889,FR,La grâce de l'État,Jean François Revel,KEEP_CORE,0,
4890,FR,Le moine et le philosophe,Jean François Revel | Matthieu Ricard,KEEP_CORE,0,
4891,FR,L' atelier d'Alberto Giacometti.,Jean Genet,KEEP_CORE,0,
4892,FR,L' enfant criminel et 'Adame Miroir.,Jean Genet,KEEP_CORE,0,
4893,FR,Qu'est-ce que la science sociale?,Jean Guillaume César Alexandre Hippolyte Colins,KEEP_CORE,0,
4894,FR,Étude d'économie rurale & sociale,Jean Guillou,KEEP_CORE,0,
4895,FR,Essai de définition de la science sociale,Jean Gustave Courcelle-Seneuil,KEEP_CORE,0,
4896,FR,Études sur la science sociale.,Jean Gustave Courcelle-Seneuil,KEEP_CORE,0,
4897,FR,La radio locale,Jean Kouchner,KEEP_CORE,0,
4898,FR,Journal d'un voyage sur le côtes de la mer Noire du 28 avril au 18 septembre 1784,Jean Lafitte-Clavé,KEEP_CORE,0,
4899,FR,Chez les français du Canada-,Jean Lionnet,KEEP_CORE,0,
4900,FR,L'arbre de proie,Jean Ma Selosse,KEEP_CORE,0,
4901,FR,La lutte pour l'existence et l'évolution des sociétés,Jean Marie Antoine de Lanessan,KEEP_CORE,0,
4902,FR,La morale des philosophes chinois extraite des livres classiques de la Chine et de l'Annam,Jean Marie Antoine de Lanessan,KEEP_CORE,0,
4903,FR,L'État blessé,Jean Noël Jeanneney,KEEP_CORE,0,
4904,FR,Les aventures du jeune comte Potowski,Jean Paul Marat,KEEP_CORE,0,
4905,FR,"Oeuvres politiques, 1789-1793",Jean Paul Marat | Charlotte Goëtz | Jacques De Cock,KEEP_CORE,0,
4906,FR,Sevres,Jean Paul Midant,KEEP_CORE,0,
4907,FR,Le Temps du caravagisme,Jean Penent,KEEP_CORE,0,
4908,FR,La vocation de l'élite,Jean Price-Mars,KEEP_CORE,0,
4909,FR,Le Carnaval de Québec,Jean Provencher,KEEP_CORE,0,
4910,FR,Mythe et allégorie,Jean Pépin,KEEP_CORE,0,
4911,FR,L' écriture comique,Jean Sareil,KEEP_CORE,0,
4912,FR,De Mentor à Orphée,Jean Terrasse,KEEP_CORE,0,
4913,FR,Les nouveaux romanciers,Jean Thoraval,KEEP_CORE,0,
4914,FR,Délinquance & protection de la jeunesse,Jean Trépanier,KEEP_CORE,0,
4915,FR,"Thorgal, tome 10",Jean Van Hamme | Grzegorz Rosiński,KEEP_CORE,0,
4916,FR,"Thorgal, tome 17",Jean Van Hamme | Grzegorz Rosiński,KEEP_CORE,0,
4917,FR,"Thorgal, tome 7",Jean Van Hamme | Grzegorz Rosiński,KEEP_CORE,0,
4918,FR,"Thorgal, tome 9",Jean Van Hamme | Grzegorz Rosiński,KEEP_CORE,0,
4919,FR,"Largo Winch, tome 1",Jean Van Hamme | Philippe Francq,KEEP_CORE,0,
4920,FR,"Largo Winch, tome 10",Jean Van Hamme | Philippe Francq,KEEP_CORE,0,
4921,FR,"Largo Winch, tome 12",Jean Van Hamme | Philippe Francq,KEEP_CORE,0,
4922,FR,"Largo Winch, tome 3",Jean Van Hamme | Philippe Francq,KEEP_CORE,0,
4923,FR,"Largo Winch, tome 8",Jean Van Hamme | Philippe Francq,KEEP_CORE,0,
4924,FR,"Largo Winch, tome 9",Jean Van Hamme | Philippe Francq,KEEP_CORE,0,
4925,FR,"Blake et Mortimer, tome 15",Jean Van Hamme | Ted Benoit,KEEP_CORE,0,
4926,FR,"La vigne du maréchal Pétain, ou, Un faire-valoir bourguignon de la révolution nationale",Jean Vigreux,KEEP_CORE,0,
4927,FR,Lignes d'horizon. recits de voyage de la litterature anglaise,Jean Vivies,KEEP_CORE,0,
4928,FR,Nouveau voyage de France,Jean-Aimar Piganiol de La Force,KEEP_CORE,0,
4929,FR,Nouvelle description de la France,Jean-Aimar Piganiol de La Force,KEEP_CORE,0,
4930,FR,Arithmétique politique,Jean-Antoine-Nicolas de Caritat marquis de Condorcet,KEEP_CORE,0,
4931,FR,Esquisse d'un tableau historique des progrès de l'esprit humain : suivi de,Jean-Antoine-Nicolas de Caritat marquis de Condorcet,KEEP_CORE,0,
4932,FR,Mathématique et société.,Jean-Antoine-Nicolas de Caritat marquis de Condorcet,KEEP_CORE,0,
4933,FR,Oeuvres de Condorcet,Jean-Antoine-Nicolas de Caritat marquis de Condorcet,KEEP_CORE,0,
4934,FR,A la baie d'Hudson ou Récit de la première visite pastorale de Mgr. N. Z. Lorrain,Jean-Baptiste Proulx,KEEP_CORE,0,
4935,FR,A Rome pour la troisième fois ou Journal de voyage 1891-1892,Jean-Baptiste Proulx,KEEP_CORE,0,
4936,FR,"Cinq mois en Europe ou Voyage du curé Labelle en France, en faveur de la colonisation",Jean-Baptiste Proulx,KEEP_CORE,0,
4937,FR,Dans la ville éternelle pendant que se discutait au Canada la question des écoles du Manitoba,Jean-Baptiste Proulx,KEEP_CORE,0,
4938,FR,En Europe,Jean-Baptiste Proulx,KEEP_CORE,0,
4939,FR,Visite pastorale de Mgr. J. Thomas Duhamel dans le haut de l'Ottawa,Jean-Baptiste Proulx,KEEP_CORE,0,
4940,FR,"Voyage au lac Abbitibi [i.e. Abitibi] ou Visite pastorale de Mgr J. Th. Duhamel, dans le haut de l'Ottawa",Jean-Baptiste Proulx,KEEP_CORE,0,
4941,FR,Voyage au lac Long dans le canton de Preston,Jean-Baptiste Proulx,KEEP_CORE,0,
4942,FR,"Réflexions sur le Muséum national, 14 janvier 1793",Jean-Baptiste-Pierre Le Brun,KEEP_CORE,0,
4943,FR,"Soldats en Algérie, 1954-1962. Expériences contrastées des hommes du contingent",Jean-Charles Jauffret,KEEP_CORE,0,
4944,FR,Le tre sor du Tonkin,Jean-Charles Kraehn,KEEP_CORE,0,
4945,FR,Comix 2000,Jean-Christophe Menu,KEEP_CORE,0,
4946,FR,Le cercle des menteurs,Jean-Claude Carrière,KEEP_CORE,0,
4947,FR,L'entretien compre hensif,Jean-Claude Kaufmann,KEEP_CORE,0,
4948,FR,"L'émancipation des Noirs dans la Révolution française, 1789-1795",Jean-Daniel Piquet,KEEP_CORE,0,
4949,FR,Al'Togo,Jean-David Morvan,KEEP_CORE,0,
4950,FR,L'Abbaye de Cluny,Jean-Denis Salvèque,KEEP_CORE,0,
4951,FR,Le management par les valeurs,Jean-François Claude,KEEP_CORE,0,
4952,FR,En route pour le Goncourt,Jean-François Kierzkowski,KEEP_CORE,0,
4953,FR,Sur la constitution du temps par la couleur dans les oeuvres recentes d'Albert Ayme.,Jean-François Lyotard,KEEP_CORE,0,
4954,FR,Contrat social,Jean-Jacques Rousseau,KEEP_CORE,0,
4955,FR,Discours sur l'économie politique,Jean-Jacques Rousseau,KEEP_CORE,0,
4956,FR,Du contract social,Jean-Jacques Rousseau,KEEP_CORE,0,
4957,FR,Du contrat social. Précédé de La Démocratie selon Rousseau (par Jean-Pierre Siméon),Jean-Jacques Rousseau,KEEP_CORE,0,
4958,FR,Le contrat social,Jean-Jacques Rousseau,KEEP_CORE,0,
4959,FR,Principes du droit politique,Jean-Jacques Rousseau,KEEP_CORE,0,
4960,FR,L' horizon dérobé,Jean-Louis Curtis,KEEP_CORE,0,
4961,FR,Paris-Saint-Louis du Sénégal,Jean-Louis Grosmaire,KEEP_CORE,0,
4962,FR,Les nationalismes dans l'Espagne contemporaine,Jean-Louis Guerena,KEEP_CORE,0,
4963,FR,"Le Lombard, 1946-1996",Jean-Louis Lechat,KEEP_CORE,0,
4964,FR,Art et littérature,Jean-loup Korzilius,KEEP_CORE,0,
4965,FR,Felix Buhot peintre-graveur entre romantisme et impressionnisme,Jean-Luc Dufresne,KEEP_CORE,0,
4966,FR,58 indices sur le corps,Jean-Luc Nancy,KEEP_CORE,0,
4967,FR,Le sens du monde,Jean-Luc Nancy,KEEP_CORE,0,
4968,FR,Noli Me Tangere,Jean-Luc Nancy,KEEP_CORE,0,
4969,FR,Politique et au-delà,Jean-Luc Nancy,KEEP_CORE,0,
4970,FR,"Un jour, les dieux se retirent...",Jean-Luc Nancy,KEEP_CORE,0,
4971,FR,Fernand Seguin,Jean-Marc Carpentier,KEEP_CORE,0,
4972,FR,Approches du discours comique,Jean-Marc Defays | Laurence Rosier,KEEP_CORE,0,
4973,FR,Recherche scientifique et crise de la rationalité,Jean-Marc Ela,KEEP_CORE,0,
4974,FR,La création d'un univers de fiction,Jean-Marc Lainé,KEEP_CORE,0,
4975,FR,ADQ: à droite toute!: le programme de l'ADQ expliqué,Jean-Marc Piotte,KEEP_CORE,0,
4976,FR,"Philibert de l'Orme, architecte du roi 1514-1570",Jean-Marie Perouse de Montclos,KEEP_CORE,0,
4977,FR,Des Pianos Qui S'Envolent,Jean-Marie Poupart,KEEP_CORE,0,
4978,FR,Les Mots Font LA Greve,Jean-Marie Poupart,KEEP_CORE,0,
4979,FR,La scène et la fabrique des corps,Jean-Marie Pradier,KEEP_CORE,0,
4980,FR,LA Parole Aux Africaines Ou L'Idee De Pouvoir Chez Les Romancieres D'Expression Francaise De L'Afrique Sub-Saharienne,Jean-Marie Volet,KEEP_CORE,0,
4981,FR,Napoléon,Jean-Michel Dequeker-Fergon,KEEP_CORE,0,
4982,FR,Secrets de guerre,Jean-Michel Lienhardt,KEEP_CORE,0,
4983,FR,Entre la plèbe et l'élite,Jean-Noël Lafargue,KEEP_CORE,0,
4984,FR,Internet,Jean-Noël Lafargue | Mathieu Burniat,KEEP_CORE,0,
4985,FR,La Charîa et l'Occident,Jean-Paul Charnay,KEEP_CORE,0,
4986,FR,Le royaume de soissons,Jean-Pierre Boizette,KEEP_CORE,0,
4987,FR,Allons enfants de la Belgique,Jean-Pierre Du Ry,KEEP_CORE,0,
4988,FR,Paroles de poilus,Jean-Pierre Guéno,KEEP_CORE,0,
4989,FR,Big bang,Jean-Pierre Petit,KEEP_CORE,0,
4990,FR,Entretiens avec Jean-Pierre Ronfard,Jean-Pierre Ronfard,KEEP_CORE,0,
4991,FR,La Poetique Du Merveilleux Dans Le,Jean-René Valette,KEEP_CORE,0,
4992,FR,Les années Mao,Jean-Yves Bajon,KEEP_CORE,0,
4993,FR,Marx et le marxisme,Jean-Yves Calvez,KEEP_CORE,0,
4994,FR,Dictionnaire d'économie et de sciences sociales,Jean-Yves Capul,KEEP_CORE,0,
4995,FR,Astérix et la Transitalique,Jean-Yves Ferri,KEEP_CORE,0,
4996,FR,L' invention de la guerre totale,Jean-Yves Guiomar,KEEP_CORE,0,
4997,FR,Cent jours sous le ciel de la Mongolie,Jean-Étienne Poirier,KEEP_CORE,0,
4998,FR,Les étapes de la rééducation des jeunes délinquants ... et des autres,Jeannine Guindon,KEEP_CORE,0,
4999,FR,ENCYCLOPEDIE DES FORCES SPECIALES DU MONDE TOME I,JeanPierre Husson,KEEP_CORE,0,
5000,FR,Journal d'un dégonflé - Tome 5 - La Vérité toute moche,Jeff Kinney,KEEP_TRANSLATION,0,
5001,FR,"Journal d'un dégonflé, Tome 10",Jeff Kinney,KEEP_TRANSLATION,0,
5002,FR,Journal de bord d'un parfait dégonflé,Jeff Kinney,KEEP_TRANSLATION,0,
5003,FR,Trop C'est Trop,Jeff Kinney,KEEP_TRANSLATION,0,
5004,FR,"Royal City, tome 2",Jeff Lemire,KEEP_TRANSLATION,0,
5005,FR,L'académie Jedi,Jeffrey Brown,KEEP_TRANSLATION,0,
5006,FR,La brute fantôme,Jeffrey Brown,KEEP_TRANSLATION,0,
5007,FR,Le retour du Padawan,Jeffrey Brown,KEEP_TRANSLATION,0,
5008,FR,Star Wars,Jeffrey Brown,KEEP_TRANSLATION,0,
5009,FR,Vador et sa petite princesse,Jeffrey Brown,KEEP_TRANSLATION,0,
5010,FR,Mini-Souris,Jennifer L. Holm | Matthew Holm | Isabelle Allard,KEEP_TRANSLATION,0,
5011,FR,White Sonya,Jerome Charyn,KEEP_TRANSLATION,0,
5012,FR,Trois hommes dans un bateau.,Jerome Klapka Jérôme,KEEP_TRANSLATION,0,
5013,FR,Trish Trash,Jessica Abel,KEEP_TRANSLATION,0,
5014,FR,La princesse du bal de minuit,Jessica Day George,KEEP_TRANSLATION,0,
5015,FR,Tropiques toxiques - Le scandale du chlordécone,JESSICA OUBLIE | KATHERINE AVRAAM | Vinciane Lebrun | Nicola Gobbi,KEEP_CORE,0,
5016,FR,My Way,Jidi,KEEP_CORE,0,
5017,FR,Sur la pointe des pieds,Jidi,KEEP_CORE,0,
5018,FR,Deadman wonderland,Jinsei Kataoka,KEEP_TRANSLATION,0,
5019,FR,Mon fils le tueur,Joann Sfar,KEEP_CORE,0,
5020,FR,Histoire de la science nautique portugaise,Joaquim Bensaúde,KEEP_CORE,0,
5021,FR,Locke & Key,Joe Hill,KEEP_TRANSLATION,0,
5022,FR,Homo ludens,Johan Huizinga,KEEP_TRANSLATION,0,
5023,FR,La planète Jojo,Johanne Gagné,KEEP_CORE,0,
5024,FR,"Voyage a la cochinchine par les iles de Madère, de Ténériffe et du Cap Verd, le Brésil et l'ile de Java ... ; accompagné de la Relation officielle d'un voyage au pays des Boushouans dans l'intérieur de l'Afrique australe",John Barrow,KEEP_TRANSLATION,0,
5025,FR,Givre et sang,John Cowper Powys,KEEP_TRANSLATION,0,
5026,FR,La fosse aux chiens,John Cowper Powys,KEEP_TRANSLATION,0,
5027,FR,La tête qui parle,John Cowper Powys,KEEP_TRANSLATION,0,
5028,FR,Morwyn,John Cowper Powys,KEEP_TRANSLATION,0,
5029,FR,Les Vikings,John D. Clare,KEEP_TRANSLATION,0,
5030,FR,Comment nous pensons,John Dewey,KEEP_TRANSLATION,0,
5031,FR,L' Histoire des flibustiers au XVIIe siècle,John Esquemeling | A. O. (Alexandre Olivier) Exquemelin,KEEP_CORE,0,
5032,FR,La face cachée de Margo,John Green,KEEP_TRANSLATION,0,
5033,FR,L' idée d'université,John Henry Newman,KEEP_TRANSLATION,0,
5034,FR,Moonfleet,John Meade Falkner,KEEP_TRANSLATION,0,
5035,FR,Les impressionnistes,John Russell Taylor,KEEP_TRANSLATION,0,
5036,FR,Des souris et des hommes,John Steinbeck,KEEP_TRANSLATION,0,
5037,FR,De la liberté,John Stuart Mill,KEEP_TRANSLATION,0,
5038,FR,L' asservissement des femmes,John Stuart Mill,KEEP_TRANSLATION,0,
5039,FR,L'utilitarisme,John Stuart Mill,KEEP_TRANSLATION,0,
5040,FR,Principes d'économie politique: avec quelques-unes de leurs applications a l'économie sociale,John Stuart Mill,KEEP_TRANSLATION,0,
5041,FR,Système de logique déductive et inductive,John Stuart Mill | Jean Louis Hippolyte Peisse | John Mill,KEEP_TRANSLATION,0,
5042,FR,Lettres inédites de John Stuart Mill à Auguste Comte,John Stuart Mill | Lucien Lévy-Bruhl | Auguste Comte,KEEP_TRANSLATION,0,
5043,FR,L' enfance coupable. --.,"Joly, Henri",KEEP_CORE,0,
5044,FR,Shoah et bande dessinée (French Edition),Jonathan Haudot,KEEP_CORE,0,
5045,FR,Fictions,Jorge Luis Borges,KEEP_TRANSLATION,0,
5046,FR,Le rapport de Brodie,Jorge Luis Borges,KEEP_TRANSLATION,0,
5047,FR,Manuel de zoologie fantastique,Jorge Luis Borges | Margarita Guerrero,KEEP_TRANSLATION,0,
5048,FR,Minuit a Rhodes,Jose . Be he,KEEP_CORE,0,
5049,FR,LA Promesse Des Iles,Josee Plourde,KEEP_CORE,0,
5050,FR,Les Fantomes D'Elia,Josee Plourde,KEEP_CORE,0,
5051,FR,Solitaire a L'Infini,Josee Plourde,KEEP_CORE,0,
5052,FR,Une Ombre Au Tableau,Josee Plourde,KEEP_CORE,0,
5053,FR,Une Voix D'or a New York,Josee Plourde,KEEP_CORE,0,
5054,FR,La fin des temps,Josef Pieper,KEEP_TRANSLATION,0,
5055,FR,La politique culturelle au Liban,Joseph Abou-Rizk,KEEP_CORE,0,
5056,FR,grande artère de la Chine - la Yangtseu.,Joseph Dautremer,KEEP_CORE,0,
5057,FR,L' Empire japonais et sa vie économique.,Joseph Dautremer,KEEP_CORE,0,
5058,FR,"L'Épouvanteur, Tome 04",Joseph Delaney,KEEP_TRANSLATION,0,
5059,FR,Le secret de l'épouvanteur,Joseph Delaney,KEEP_TRANSLATION,0,
5060,FR,Les Missions catholiques en Chine en 1846. Coup d'oeil sur l'état des missions de Chine présenté au Saint-Père le Pape Pie IX,Joseph Gabet,KEEP_CORE,0,
5061,FR,Histoire genérale de la Chine,Joseph-Anne-Marie de Moyriac de Mailla,KEEP_CORE,0,
5062,FR,Interrelations femmes-me dias dans l'Ame rique franc ʹaise,Josette Brun,KEEP_CORE,0,
5063,FR,Mise en scene et jeu de l'acteur. entretiens t.2,Josette Féral,KEEP_CORE,0,
5064,FR,Goodnight Paradise,Joshua Dysart | Alberto Ponticelli,KEEP_TRANSLATION,0,
5065,FR,Teenage mutant Ninja turtles,Joshua Sternin,KEEP_TRANSLATION,0,
5066,FR,Système de la nature,Josiane Boulad-Ayoub | Paul Henri Thiry baron d'Holbach,KEEP_CORE,0,
5067,FR,Pratique de l'information et écritures journalistiques,José de Broucker,KEEP_CORE,0,
5068,FR,Hombre !,José Messana,KEEP_CORE,0,
5069,FR,"Méditations sur la chasse (Lisbonne, 1942)",José Ortega y Gasset,KEEP_TRANSLATION,0,
5070,FR,La balade des mots,Josée Valiquette,KEEP_CORE,0,
5071,FR,Eglise et etat en Espagne,Journeau,KEEP_CORE,0,
5072,FR,S.M.,Joël Hespey,KEEP_CORE,0,
5073,FR,Chaplin aujourd'hui,Joël Magny,KEEP_CORE,0,
5074,FR,"Réseaux, familles et pouvoirs dans le monde ibérique à la fin de l'Ancien Régime",Juan Luis Castellano | Jean-Pierre Dedieu,KEEP_CORE,0,
5075,FR,L' exploitation sexuelle des enfants,Judith Ennew,KEEP_TRANSLATION,0,
5076,FR,Hommage à Violette Morin,Judith Stora-Sandor | Nelly Feuerhahn,KEEP_CORE,0,
5077,FR,Aventures de Lucky Luke d'après Morris - tome 7 - La Terre Promise,Jul | Achdé,KEEP_CORE,0,
5078,FR,Le bleu est une couleur chaude,Jul' Maroh,KEEP_CORE,0,
5079,FR,Skandalon,Jul' Maroh,KEEP_CORE,0,
5080,FR,Fumeurs d'opium,Jules Boissière,KEEP_CORE,0,
5081,FR,La frontière,Jules Claretie,KEEP_CORE,0,
5082,FR,Nietzsche et la réforme philosophique,Jules de Gaultier,KEEP_CORE,0,
5083,FR,Collection des livrets des anciennes expositions depuis 1673 jusqu'en 1800.,Jules Guiffrey,KEEP_CORE,0,
5084,FR,Inventaire général du mobilier de la couronne sous Louis xiv (1663-1715),Jules Guiffrey,KEEP_CORE,0,
5085,FR,Inventaires de Jean duc de Berry (1401-1416),Jules Guiffrey,KEEP_CORE,0,
5086,FR,L'homme du Mékong,Jules Harmand,KEEP_CORE,0,
5087,FR,Théâtre de Jules Romains,Jules Romains,KEEP_CORE,0,
5088,FR,La liberté,Jules Simon,KEEP_CORE,0,
5089,FR,Autour de la lune,Jules Verne,KEEP_CORE,0,
5090,FR,Claudius Bombarnac,Jules Verne,KEEP_CORE,0,
5091,FR,César Cascabel,Jules Verne,KEEP_CORE,0,
5092,FR,De la terre a la lune,Jules Verne,KEEP_CORE,0,
5093,FR,Deux Ans De Vacances,Jules Verne,KEEP_CORE,0,
5094,FR,Face au drapeau,Jules Verne,KEEP_CORE,0,
5095,FR,Famille-sans-nom,Jules Verne,KEEP_CORE,0,
5096,FR,L'île mystérieuse,Jules Verne,KEEP_CORE,0,
5097,FR,Le tour du monde en quatre-vingts jours,Jules Verne,KEEP_CORE,0,
5098,FR,Les enfants du capitaine Grant,Jules Verne,KEEP_CORE,0,
5099,FR,Les grands navigateurs du XVIIIe siècle,Jules Verne,KEEP_CORE,0,
5100,FR,Les voyageurs du 19e siècle.,Jules Verne,KEEP_CORE,0,
5101,FR,Paris au XXe siècle,Jules Verne,KEEP_CORE,0,
5102,FR,Robur-Le-Conquérant,Jules Verne,KEEP_CORE,0,
5103,FR,Voyage au centre de la terre,Jules Verne,KEEP_CORE,0,
5104,FR,Voyage à reculons en Angleterre et en Ecosse,Jules Verne,KEEP_CORE,0,
5105,FR,Les entrailles de New York,Julia Wertz,KEEP_TRANSLATION,0,
5106,FR,Pablo,Julie Birmant,KEEP_CORE,0,
5107,FR,Revolution sexuelle et mouvement de liberation des femmes a Geneve: (1970-1997),Julie de Dardel,KEEP_CORE,0,
5108,FR,Melek,Julie Doucet,KEEP_CORE,0,
5109,FR,Zombies!,Julien Bétan,KEEP_CORE,0,
5110,FR,"Paris photographié, 1900-1968",Jullian Stallabras,KEEP_TRANSLATION,0,
5111,FR,couleur de peau : miel tome 1,Jung Sik Jun,KEEP_CORE,0,
5112,FR,Citéruine,Jérôme Dubois,KEEP_CORE,0,
5113,FR,fête arabe,Jérôme Tharaud,KEEP_CORE,0,
5114,FR,L'Estampe,Jörge de Sousa Noronha,KEEP_CORE,0,
5115,FR,L' espace public,Jürgen Habermas,KEEP_TRANSLATION,0,
5116,FR,Textes et contextes,Jürgen Habermas,KEEP_TRANSLATION,0,
5117,FR,Les Passages parisiens,K. Rutkowski,KEEP_CORE,0,
5118,FR,The Promised Neverland T01,Kaiu Shirai | Posuka Demizu,KEEP_TRANSLATION,0,
5119,FR,Impatient d'être soi-même,Karine Hébert,KEEP_CORE,0,
5120,FR,Ondine,Karine-Marie Amiot,KEEP_CORE,0,
5121,FR,Marxisme et Philosophie,Karl Korsch,KEEP_TRANSLATION,0,
5122,FR,Fray,Karl Moline | Joss Whedon,KEEP_TRANSLATION,0,
5123,FR,Etat paternaliste ou Etat minimal,Karl Popper,KEEP_TRANSLATION,0,
5124,FR,Diantre! Un manant,Kate Beaton,KEEP_TRANSLATION,0,
5125,FR,Boucle d'or et les trois ours =,Kate Clynes,KEEP_TRANSLATION,0,
5126,FR,L' Humanite De L'Autre Homme Dans La Pensee Juive Ancienne (Supplements to the Journal for the Study of Judaism),Katell Berthelot,KEEP_CORE,0,
5127,FR,Angelina en scène,Katharine Holabird,KEEP_TRANSLATION,0,
5128,FR,Angelina et la princesse,Katharine Holabird,KEEP_TRANSLATION,0,
5129,FR,Ambre,Kathleen Winsor,KEEP_TRANSLATION,0,
5130,FR,D'or et d'argent (French Edition),Kathleen Winsor,KEEP_TRANSLATION,0,
5131,FR,En route vers le Nouveau monde,Kathryn Lasky,KEEP_TRANSLATION,0,
5132,FR,Le royaume des loups,Kathryn Lasky,KEEP_TRANSLATION,0,
5133,FR,"Dragon Goes House-Hunting, T03",Kawo Tanuki | Choco Aya,KEEP_TRANSLATION,0,
5134,FR,Dernier Conseil,Kazu Kibuishi,KEEP_TRANSLATION,0,
5135,FR,L'évasion,Kazu Kibuishi,KEEP_TRANSLATION,0,
5136,FR,La malédiction du gardien de la pierre,Kazu Kibuishi,KEEP_TRANSLATION,0,
5137,FR,Blue Exorcist 02,Kazue Kato,KEEP_TRANSLATION,0,
5138,FR,Blue Exorcist 11,Kazue Kato,KEEP_TRANSLATION,0,
5139,FR,Blue Exorcist 17,Kazue Kato,KEEP_TRANSLATION,0,
5140,FR,Blue Exorcist 20,Kazue Kato,KEEP_TRANSLATION,0,
5141,FR,Blue Exorcist T01,Kazue Kato,KEEP_TRANSLATION,0,
5142,FR,Blue Exorcist T14,Kazue Kato,KEEP_TRANSLATION,0,
5143,FR,Blue Exorcist Vol. 3,Kazue Kato,KEEP_TRANSLATION,0,
5144,FR,Journal,Keith Haring,KEEP_TRANSLATION,0,
5145,FR,"Negima !, Tome 9",Ken Akamatsu,KEEP_TRANSLATION,0,
5146,FR,Pourquoi pas moi?,Ken Brown,KEEP_TRANSLATION,0,
5147,FR,Au-Delà du Ciel,Kenneth Oppel,KEEP_TRANSLATION,0,
5148,FR,Sur la piste du robot,Kenneth Oppel,KEEP_TRANSLATION,0,
5149,FR,Le De excidio Britanniae de Gildas,Kerlouegan,KEEP_CORE,0,
5150,FR,L'Élue,Kiera Cass,KEEP_TRANSLATION,0,
5151,FR,Library wars,Kiiro Yumi,KEEP_TRANSLATION,0,
5152,FR,Un jour d'été,Kim Lewis,KEEP_TRANSLATION,0,
5153,FR,L' univers de la science-fiction,Kingsley Amis,KEEP_TRANSLATION,0,
5154,FR,Peinture et musique,Kintzler,KEEP_CORE,0,
5155,FR,A la recherche de voulet. sur les traces sanglantes de la mission afrique centra,Klobb /Meynier,KEEP_CORE,0,
5156,FR,Les Coupeurs de têtes,Kone,KEEP_CORE,0,
5157,FR,Ah! My goddess tome 44,Kosuke Fujishima,KEEP_TRANSLATION,0,
5158,FR,Ah! My goddess tome 47,Kosuke Fujishima,KEEP_TRANSLATION,0,
5159,FR,"Ah! my goddess, tome 34",Kosuke Fujishima,KEEP_TRANSLATION,0,
5160,FR,"Ah! my goddess, tome 35",Kosuke Fujishima,KEEP_TRANSLATION,0,
5161,FR,Demon Slayer T02,Koyoharu Gotoge,KEEP_TRANSLATION,0,
5162,FR,Rouge,Kristin Cashore,KEEP_TRANSLATION,0,
5163,FR,Tocqueville,Kévin Bazot,KEEP_CORE,0,
5164,FR,"Battle Royale, Vol. 5",Kōshun Takami | Masayuki Taguchi,KEEP_TRANSLATION,0,
5165,FR,"Battle Royale, Vol. 6",Kōshun Takami | Masayuki Taguchi,KEEP_TRANSLATION,0,
5166,FR,Héraclite et la philosophie,Kōstas Axelos,KEEP_CORE,0,
5167,FR,Theorie de l'education. --,L Laberthonniere,KEEP_CORE,0,
5168,FR,PUTAIN DE COVID,L'interne de garde,KEEP_CORE,0,
5169,FR,Metatextualite et metafiction,l. Lepaludier,KEEP_CORE,0,
5170,FR,Dictionnaire anti-philosophique,L. M. Chaudon,KEEP_CORE,0,
5171,FR,Le gouvernement direct chez J.-J. Rousseau et après lui,L. Puibaraud,KEEP_CORE,0,
5172,FR,Immigres d'Italie et paysans de France,l. Teulieres,KEEP_CORE,0,
5173,FR,Sur le bonheur,La Mettrie,KEEP_CORE,0,
5174,FR,L'allusion en poesie,Lajarrige /Moncelet,KEEP_CORE,0,
5175,FR,Qu'est ce que la philosophie presocratique,Laks,KEEP_CORE,0,
5176,FR,Les grandes explorations,Lallemand Evelyne.,KEEP_TRANSLATION,0,
5177,FR,Du système social et des lois qui le régissent,Lambert Adolphe Jacques Quetelet,KEEP_CORE,0,
5178,FR,Bye bye Babylone,Lamia Ziadé | Elena Martínez Bavière | Elena Martínez Bavière | Lamia Ziadé,KEEP_CORE,0,
5179,FR,Kampung boy.,Lat.,KEEP_TRANSLATION,0,
5180,FR,The Francophone bande dessinée,Laurence Grove | Charles Forsdick,KEEP_TRANSLATION,0,
5181,FR,La queste del saint graal,Laurence Hélix,KEEP_CORE,0,
5182,FR,Poison,Laurent Astier,KEEP_CORE,0,
5183,FR,L'équation gagnante,Laurent Baumel,KEEP_TRANSLATION,0,
5184,FR,Histoire de la répression des opposants politiques (1792-1848),Laurent Boscher,KEEP_TRANSLATION,0,
5185,FR,Babar a la fête de Célestville.,Laurent de Brunhoff,KEEP_CORE,0,
5186,FR,Babar et ce coquin d'Arthur,Laurent de Brunhoff,KEEP_CORE,0,
5187,FR,Babar à New York.,Laurent de Brunhoff,KEEP_TRANSLATION,0,
5188,FR,Babar's French lessons.,Laurent de Brunhoff,KEEP_TRANSLATION,0,
5189,FR,Politique en rase-mottes,Laurent Duvanel,KEEP_TRANSLATION,0,
5190,FR,Objets & me moires,Laurier Turgeon | Octave Debary,KEEP_TRANSLATION,0,
5191,FR,La philosophie française entre les deux guerres.,"Lavelle, Louis",KEEP_CORE,0,
5192,FR,"Science, esthéthique, métaphysique.","Lavelle, Louis",KEEP_TRANSLATION,0,
5193,FR,Individualisme contre autoritarisme,"Lavergne, Bernard",KEEP_CORE,0,
5194,FR,Les manuscrits et la miniature,"Lecoy de la Marche, A[lbert] i.e. Richard Albert",KEEP_TRANSLATION,0,
5195,FR,Scooby-Doo,Lee Howard,KEEP_TRANSLATION,0,
5196,FR,Sorcière Secrète,Lee Knox Ostertag,KEEP_CORE,0,
5197,FR,Garçon Sorcière,Lee Knox Ostertag | Sonia Fernández Ordás,KEEP_TRANSLATION,0,
5198,FR,Baddawi,Leila Abdelrazaq,KEEP_TRANSLATION,0,
5199,FR,Rousseau e Hobbes,Lelia Pezzillo,KEEP_TRANSLATION,0,
5200,FR,"Titres, Toiles et Critiques d'Art. Déterminants institutionnels du discours sur l'art au dix-neuvième siècle en France.",Leo Hoek,KEEP_TRANSLATION,0,
5201,FR,Five True Horse Stories,Leo Summers | Margaret Davidson,KEEP_CORE,0,
5202,FR,Retour de Guyane,Leon-Gontrand Damas,KEEP_TRANSLATION,0,
5203,FR,La chasse au Snark,Lewis Carroll,KEEP_CORE,0,
5204,FR,Le guide du touriste en Irlande,Liam Ó Flaithearta,KEEP_TRANSLATION,0,
5205,FR,Traité des couleurs,Libero Zuppiroli | Marie-Noelle Bussac,KEEP_TRANSLATION,0,
5206,FR,Strasbourg en 1548,Liliane Chatelet-Lange,KEEP_TRANSLATION,0,
5207,FR,Nate en vedette,Lincoln Peirce,KEEP_TRANSLATION,0,
5208,FR,Biographie de la revue Diogène,Lionel Moutot,KEEP_TRANSLATION,0,
5209,FR,Jujitsuffragettes,Lisa Lugrin | Clément Xavier | Albertine Ralenti,KEEP_TRANSLATION,0,
5210,FR,L' intolérance,Lise Noël,KEEP_CORE,0,
5211,FR,L' Origine du Monde,Liv Strömquist,KEEP_CORE,0,
5212,FR,Argumentation('),Livet & Al,KEEP_TRANSLATION,0,
5213,FR,"Lucky Luke, tome 25",Lo Hartog van Banda | Morris | Lo Hartog Van Banda | Morris,KEEP_CORE,0,
5214,FR,Punir les pauvres,Loic Wacquant | George Steinmetz,KEEP_TRANSLATION,0,
5215,FR,Le Passeur,Lois Lowry,KEEP_TRANSLATION,0,
5216,FR,La mer et le cèdre,Lois McConkey,KEEP_TRANSLATION,0,
5217,FR,Childe Harold's Pilgrimage,Lord Byron,KEEP_TRANSLATION,0,
5218,FR,Arts et cultures autochtones,Lorraine Létourneau,KEEP_TRANSLATION,0,
5219,FR,La terre et toi,Lorraine Létourneau,KEEP_TRANSLATION,0,
5220,FR,Ecrits philosophiques et politiques,Louis Althusser,KEEP_TRANSLATION,0,
5221,FR,Philosophie et philosophie spontanée des savants (1967),Louis Althusser,KEEP_TRANSLATION,0,
5222,FR,Politics and history,Louis Althusser,KEEP_TRANSLATION,0,
5223,FR,Bris et graffitis,Louis Cartier,KEEP_TRANSLATION,0,
5224,FR,Voyage à Madagascar,Louis Catat,KEEP_TRANSLATION,0,
5225,FR,Culture individuelle et culture de masse,Louis Dollot,KEEP_TRANSLATION,0,
5226,FR,Le Libéria,Louis Dollot,KEEP_TRANSLATION,0,
5227,FR,"roman social en Angleterre, 1830-1850",Louis François Cazamian,KEEP_TRANSLATION,0,
5228,FR,Œuvres de m. de Bonald,Louis Gabriel Ambroise de Bonald,KEEP_CORE,0,
5229,FR,Les ennemis des curés,Louis Gaston de Ségur,KEEP_TRANSLATION,0,
5230,FR,"Adieu, p'tit Chipagan",Louis Haché,KEEP_TRANSLATION,0,
5231,FR,A travers les champs et les bois.,Louis Jean Gagnon,KEEP_TRANSLATION,0,
5232,FR,"Second voyage à la Louisiane, faisant suite au premier de l'auteur de 1794 à 1798",Louis Narcisse Baudry des Lozières,KEEP_TRANSLATION,0,
5233,FR,Voyage a la Louisiane,Louis Narcisse Baudry des Lozières,KEEP_TRANSLATION,0,
5234,FR,"Voyage à la Louisiane et sur le continent de l'Amérique septentrionale, fait dans les années 1794 à 1798",Louis Narcisse Baudry des Lozières,KEEP_TRANSLATION,0,
5235,FR,Le rire,Louis Philbert,KEEP_TRANSLATION,0,
5236,FR,Cologne,Louis Réau,KEEP_TRANSLATION,0,
5237,FR,Des poissons dans la tête,Louis Sachar,KEEP_TRANSLATION,0,
5238,FR,Le Passage,Louis Sachar,KEEP_TRANSLATION,0,
5239,FR,Pas à pas,Louis Sachar,KEEP_TRANSLATION,0,
5240,FR,Les musées de France--Paris--guide et memento de Partiste et du voyageur,Louis Viardot,KEEP_TRANSLATION,0,
5241,FR,Féerie pour une autre fois,Louis-Ferdinand Céline,KEEP_TRANSLATION,0,
5242,FR,Le pont de Londres,Louis-Ferdinand Céline | Dominic Di Bernardi,KEEP_TRANSLATION,0,
5243,FR,Le tigre et la rose,Louis-Frédéric Nussbaum,KEEP_TRANSLATION,0,
5244,FR,"Oeuvres complètes de M. de Bonald, Pair de France et Membre de l'Acadʹemie Française: suivies d ...",Louis-Gabriel -Ambroise Bonald,KEEP_TRANSLATION,0,
5245,FR,Jeanne D'Arc,Louis-Maurice Boutet de Monvel,KEEP_TRANSLATION,0,
5246,FR,Les animaux sauvages 1,Louise Beaudin,KEEP_TRANSLATION,0,
5247,FR,Les animaux sauvages 3,Louise Beaudin,KEEP_TRANSLATION,0,
5248,FR,"Canada, mons pays, mon héritage",Louise Bédard,KEEP_TRANSLATION,0,
5249,FR,"Les Mots Secrets (New Poetry, 3)",Louise Dupre | Louise Dupré | Jean-Benoit Pouliot,KEEP_TRANSLATION,0,
5250,FR,Sophie prend les grands moyens,Louise Leblanc,KEEP_TRANSLATION,0,
5251,FR,Les Vampires Sortent De L'Ombre,Louise Leblance,KEEP_TRANSLATION,0,
5252,FR,Laure Conan,Louise Simard,KEEP_TRANSLATION,0,
5253,FR,"Alexandre Borodine, 1834-1887",Luba Jurgenson | Nina Berberova | Nina Nikolaevna Berberova,KEEP_TRANSLATION,0,
5254,FR,Méthodes quantitatives,Luc Amyotte,KEEP_TRANSLATION,0,
5255,FR,La mémoire dans les poches,Luc Brunschwig,KEEP_TRANSLATION,0,
5256,FR,Ecrits sur la royauté sacrée,Luc de Heusch,KEEP_TRANSLATION,0,
5257,FR,Star Wars Art,Lucasfilm Ltd.,KEEP_TRANSLATION,0,
5258,FR,Sentiers,Lucie Lessard,KEEP_TRANSLATION,0,
5259,FR,Cultural creation in modern society,Lucien Goldmann,KEEP_TRANSLATION,0,
5260,FR,The human sciences & philosophy,Lucien Goldmann,KEEP_TRANSLATION,0,
5261,FR,Primitive mentality,Lucien Lévy-Bruhl,KEEP_TRANSLATION,0,
5262,FR,Troyes et Provins,Lucien Morel-Payen,KEEP_TRANSLATION,0,
5263,FR,Anarchie morale et crise sociale,Lucien Roure,KEEP_TRANSLATION,0,
5264,FR,"Ethiopie, 4e édition",Luigi Cantamessa,KEEP_TRANSLATION,0,
5265,FR,"Essai théorique de droit naturel, basé sur les faits",Luigi Taparelli d'Azeglio,KEEP_TRANSLATION,0,
5266,FR,"Essai théorique de droit naturel, basé sur les faits",Luigi Taparelli d'Azeglio,KEEP_TRANSLATION,0,
5267,FR,Fables scientifiques,Luis Alfonso Gámez | Darryl Cunningham,KEEP_TRANSLATION,0,
5268,FR,Hilda et le chien noir,Luke Pearson,KEEP_TRANSLATION,0,
5269,FR,Catharsis,Luz,KEEP_TRANSLATION,0,
5270,FR,L'éclaireur,Lynd Ward,KEEP_CORE,0,
5271,FR,Des sciences citoyennes,Lynn K. Nyhart | Florian Charvolin | André Micoud,KEEP_TRANSLATION,0,
5272,FR,Guide,Lyon (France). Musée des beaux-arts.,KEEP_TRANSLATION,0,
5273,FR,Survivants,Léo,KEEP_TRANSLATION,0,
5274,FR,James Thomson,Léon Alexandre Morel,KEEP_TRANSLATION,0,
5275,FR,La science et la théorie de l'information,Léon Brillouin,KEEP_TRANSLATION,0,
5276,FR,La raison et la religion,Léon Brunschvicg,KEEP_TRANSLATION,0,
5277,FR,Nature et liberté.,Léon Brunschvieg,KEEP_TRANSLATION,0,
5278,FR,The adventures of Captain Mago,Léon Cahun,KEEP_TRANSLATION,0,
5279,FR,"Variétés orientales: historiques, géographiques, scientifiques, bibliographiques et littéraires",Léon de Rosny,KEEP_TRANSLATION,0,
5280,FR,Trois types de l'habitant canadien-français,Léon Gérin,KEEP_TRANSLATION,0,
5281,FR,Études sur la signification et la place de la physique dans la philosophie de Platon.,Léon Robin,KEEP_TRANSLATION,0,
5282,FR,Éléments de critique historique,Léon-E Halkin,KEEP_TRANSLATION,0,
5283,FR,Goscinny,M. A. Guillaume,KEEP_CORE,0,
5284,FR,René Goscinny,M. A. Guillaume,KEEP_TRANSLATION,0,
5285,FR,Endettement paysan et crédit rural dans l'Europe médiévale et moderne,M. Berthe,KEEP_TRANSLATION,0,
5286,FR,La traduction-poésie,M. Broda,KEEP_TRANSLATION,0,
5287,FR,Francois Simiand (Reimpression),M. Cedronio,KEEP_TRANSLATION,0,
5288,FR,Lectures on Probability Theory and Statistics,M. Emery | A. Nemirovski | D. Voiculescu | Ecole d'été de probabilités de Saint-Flour (28th 1998),KEEP_TRANSLATION,0,
5289,FR,"Méthodes nouvelles, musiques nouvelles",M. Grabocz,KEEP_TRANSLATION,0,
5290,FR,Le marxisme et la philosophie du langage,M. M. Bakhtin,KEEP_TRANSLATION,0,
5291,FR,Les maîtres de la Nomenklatura,M. S. Voslenskiĭ,KEEP_TRANSLATION,0,
5292,FR,Spatialisation En Art Et Sciences Humaines,M. Sobieszczanski,KEEP_TRANSLATION,0,
5293,FR,Interface,M. T. Anderson,KEEP_TRANSLATION,0,
5294,FR,Pharaon,M.-A Bonhême,KEEP_TRANSLATION,0,
5295,FR,Dom Casmurro et les yeux de ressac,Machado de Assis,KEEP_TRANSLATION,0,
5296,FR,Creil,Maddy Ariès,KEEP_TRANSLATION,0,
5297,FR,"Jacques Sevin, fondateur et mystique",Madeleine Bourcereau,KEEP_TRANSLATION,0,
5298,FR,De l'air galant,Madeleine de Scudery,KEEP_TRANSLATION,0,
5299,FR,Le principe d'autonomie. Introduction aux auteurs modernes,Maesschalck M.,KEEP_TRANSLATION,0,
5300,FR,Le sexe des sociologues,Magali Uhl,KEEP_TRANSLATION,0,
5301,FR,Frisson,Maggie Stiefvater,KEEP_TRANSLATION,0,
5302,FR,La naissance de l'élite politique comorienne (1945-1975),Mahmoud Ibrahime,KEEP_TRANSLATION,0,
5303,FR,Genre Queer,Maia Kobabe,KEEP_TRANSLATION,0,
5304,FR,Les mystères de Buenos Aires,Manuel Puig,KEEP_TRANSLATION,0,
5305,FR,Irak,Marc Boureau d'Argonne,KEEP_TRANSLATION,0,
5306,FR,Et si c'était vrai,Marc Levy,KEEP_TRANSLATION,0,
5307,FR,Où es-tu ?,Marc Levy,KEEP_TRANSLATION,0,
5308,FR,Les animaux et leurs petits,Marc Mongeau,KEEP_TRANSLATION,0,
5309,FR,Le lien politique à l'épreuve de l'environnement,Marc Mormont | Cecilia Claeys Mekdade | Cecilia Claeys-Mekdade | Cécilia Claeys-Mekdade,KEEP_TRANSLATION,0,
5310,FR,Bande dessinée québécoise,Marc Pageau | Bernard Dubois,KEEP_TRANSLATION,0,
5311,FR,Gauche-Droite,Marc Riglet-Chevanche,KEEP_TRANSLATION,0,
5312,FR,Papineau et les patriotes de 1837,Marc Simard,KEEP_TRANSLATION,0,
5313,FR,3 secondes,Marc-Antoine Mathieu,KEEP_TRANSLATION,0,
5314,FR,L' art et l'enfant,Marcel Braunschvig,KEEP_TRANSLATION,0,
5315,FR,Revue politique et parlementaire,Marcel Fournier,KEEP_TRANSLATION,0,
5316,FR,La Révolution des pouvoirs,Marcel Gauchet,KEEP_TRANSLATION,0,
5317,FR,Idéologies et organisation du pouvoir politique,Marcel Painchaud,KEEP_TRANSLATION,0,
5318,FR,Introduction à la vie politique,Marcel Painchaud,KEEP_TRANSLATION,0,
5319,FR,Remembrance of things past,Marcel Proust,KEEP_TRANSLATION,0,
5320,FR,Une maison dans les nuages,Margaret Laurence,KEEP_TRANSLATION,0,
5321,FR,Aya de Yopougon,Marguerite Abouet,KEEP_TRANSLATION,0,
5322,FR,Des journées entières dans les arbres,Marguerite Duras,KEEP_TRANSLATION,0,
5323,FR,Hiroshima mon amour,Marguerite Duras,KEEP_TRANSLATION,0,
5324,FR,L' Amante anglaise,Marguerite Duras,KEEP_TRANSLATION,0,
5325,FR,La pluie d'été,Marguerite Duras,KEEP_TRANSLATION,0,
5326,FR,La vie matérielle,Marguerite Duras,KEEP_TRANSLATION,0,
5327,FR,Le marin de Gibraltar,Marguerite Duras,KEEP_TRANSLATION,0,
5328,FR,Outside,Marguerite Duras,KEEP_TRANSLATION,0,
5329,FR,"Alexis, ou, Le traité du vain combat",Marguerite Yourcenar,KEEP_TRANSLATION,0,
5330,FR,Le Tour de la prison,Marguerite Yourcenar,KEEP_TRANSLATION,0,
5331,FR,La face cachée des gangs de rue,Maria Mourani,KEEP_TRANSLATION,0,
5332,FR,La Petite Peule,Mariama Barry,KEEP_TRANSLATION,0,
5333,FR,Parcours de femmes,Marie José Tubiana,KEEP_TRANSLATION,0,
5334,FR,Donation Kartell - Une Environnement Plastique 1949-1999. Quinze X Vingt & UN,Marie Laure Jousset,KEEP_TRANSLATION,0,
5335,FR,En hiver,Marie Lessard,KEEP_TRANSLATION,0,
5336,FR,Fêtes révolutionnaires à Paris,Marie Louise Biver,KEEP_TRANSLATION,0,
5337,FR,Au Soudan français: souvenirs de guerre et de mission,Marie Étienne Péroz,KEEP_TRANSLATION,0,
5338,FR,Déchirures,Marie-Andrée Manuel Etienne,KEEP_TRANSLATION,0,
5339,FR,"Paris, de l'image à la mémoire",Marie-Christine Kok Escalle,KEEP_TRANSLATION,0,
5340,FR,Des Fantomes Sous LA Mer,Marie-Danielle Crouteau,KEEP_TRANSLATION,0,
5341,FR,Une Tempete Dans UN Verre D'Eau (Premier Roman),Marie-Francine Hebert | Philippe Germain,KEEP_TRANSLATION,0,
5342,FR,Un dragon dans les pattes,Marie-Francine Hébert,KEEP_TRANSLATION,0,
5343,FR,Un monstre dans les céréales,Marie-Francine Hébert,KEEP_TRANSLATION,0,
5344,FR,Une sorcière dans la soupe,Marie-Francine Hébert,KEEP_TRANSLATION,0,
5345,FR,Le Monastère royal de Brou,Marie-Francoise Poiret,KEEP_TRANSLATION,0,
5346,FR,Dicto,Marie-Suzanne Bernier,KEEP_TRANSLATION,0,
5347,FR,"Science, culture et nation","Marie-Victorin frère, E.C.",KEEP_TRANSLATION,0,
5348,FR,Petite petite,Marijane Meaker,KEEP_TRANSLATION,0,
5349,FR,Quelle heure est-il (FR,Marilyn Janovitz,KEEP_TRANSLATION,0,
5350,FR,Te le fantaisie,Marina D'Amato,KEEP_TRANSLATION,0,
5351,FR,Le rapport disparu,Mario Quemin,KEEP_TRANSLATION,0,
5352,FR,Les survivants,Marion Zimmer Bradley | Paul Edwin Zimmer,KEEP_TRANSLATION,0,
5353,FR,Le soupir,Marjane Satrapi | Edward Gauvin,KEEP_TRANSLATION,0,
5354,FR,Encyclopédie des bandes dessinées,Marjorie Alessandrini,KEEP_TRANSLATION,0,
5355,FR,Jody et le faon.,Marjorie Kinnan Rawlings,KEEP_TRANSLATION,0,
5356,FR,"Monstress, Vol. 1",Marjorie M. Liu | Sana Takeda,KEEP_TRANSLATION,0,
5357,FR,L'Étrange cas de l'homme mécanique,Mark Hodder,KEEP_TRANSLATION,0,
5358,FR,Lacan et les sciences sociales - le déclin du pere 1938-1953,Markos Zafiropoulos,KEEP_TRANSLATION,0,
5359,FR,Heidegger et les paroles de l'origine,Marlène Zarader,KEEP_TRANSLATION,0,
5360,FR,Les infortunes de la vertu,Marquis de Sade,KEEP_TRANSLATION,0,
5361,FR,"Modèles dans art, musique, peinture, cinéma",Marta Grabocz,KEEP_TRANSLATION,0,
5362,FR,L' art en terres d'islam,Marthe Bernus-Taylor,KEEP_TRANSLATION,0,
5363,FR,Les Andalousies de Damas à Cordoue,Marthe Bernus-Taylor,KEEP_TRANSLATION,0,
5364,FR,P etit théâtre,Martin Gougeon,KEEP_TRANSLATION,0,
5365,FR,Les légions perdues,"Martin, Jacques",KEEP_TRANSLATION,0,
5366,FR,La subjectivité du chercheur en sciences humaines,Martine Arino,KEEP_TRANSLATION,0,
5367,FR,Pour changer de civilisation,Martine Aubry,KEEP_TRANSLATION,0,
5368,FR,Elle,Martine Roffinella,KEEP_TRANSLATION,0,
5369,FR,Clovis Ecrevisse Et Batiste Bete Puante/Clovis Ecrevisse Et Le Bon Voyage De Pauline (The Clovis Crawfish Audiocassette Series),Mary Alice Fontenot,KEEP_TRANSLATION,0,
5370,FR,"Houat, Hoëdic",Maryvonne Le Gurun,KEEP_TRANSLATION,0,
5371,FR,La B.D. critique latino-américaine (idéologie et intertextualité),María Pérez-Yglesias,KEEP_TRANSLATION,0,
5372,FR,Yu-Gi-Oh! 5 D's - Tome 3,Masahiro Hikokubo,KEEP_TRANSLATION,0,
5373,FR,Naruto - Tome 27,Masashi Kishimoto,KEEP_TRANSLATION,0,
5374,FR,Naruto - Tome 55,Masashi Kishimoto,KEEP_TRANSLATION,0,
5375,FR,Naruto - Tome 58,Masashi Kishimoto,KEEP_TRANSLATION,0,
5376,FR,Naruto - Tome 64,Masashi Kishimoto,KEEP_TRANSLATION,0,
5377,FR,Naruto Gaiden - Le 7e Hokage et la Lune écarlate,Masashi Kishimoto,KEEP_TRANSLATION,0,
5378,FR,Naruto t.38,Masashi Kishimoto,KEEP_TRANSLATION,0,
5379,FR,naruto t.56,Masashi Kishimoto,KEEP_TRANSLATION,0,
5380,FR,"Naruto, Tome 37",Masashi Kishimoto,KEEP_TRANSLATION,0,
5381,FR,"Naruto, Tome 39",Masashi Kishimoto,KEEP_TRANSLATION,0,
5382,FR,"Naruto, Tome 40",Masashi Kishimoto,KEEP_TRANSLATION,0,
5383,FR,"Naruto, Tome 49",Masashi Kishimoto,KEEP_TRANSLATION,0,
5384,FR,Naruto - romans - Tome 3 - Le roman de Kakashi,Masashi Kishimoto | Akira Higashiyama,KEEP_TRANSLATION,0,
5385,FR,Boruto - Naruto next generations - Tome 2,Masashi Kishimoto | Ukyō Kodachi,KEEP_TRANSLATION,0,
5386,FR,Boruto - Naruto next generations - Tome 3,Masashi Kishimoto | Ukyō Kodachi,KEEP_TRANSLATION,0,
5387,FR,Boruto - Naruto next generations - tome 1,Masashi Kishimoto | Ukyō Kodachi | Mikio Ikemoto,KEEP_TRANSLATION,0,
5388,FR,François Mitterrand à Sarajevo (28 juin 1992),Mathieu Braunstein,KEEP_TRANSLATION,0,
5389,FR,Pourquoi je préfère mon chat à ton bébé,Matthew Inman,KEEP_TRANSLATION,0,
5390,FR,Pourquoi les ours ne portent-ils pas de slip ?,Matthew Inman,KEEP_TRANSLATION,0,
5391,FR,Initiation pratique à la méthodologie des sciences humaines,Maurice Angers,KEEP_TRANSLATION,0,
5392,FR,Amori et dolori sacrum.,Maurice Barrès,KEEP_TRANSLATION,0,
5393,FR,Greco,Maurice Barrès,KEEP_TRANSLATION,0,
5394,FR,Une soirée dans le silence et le vent de la mort.,Maurice Barrès,KEEP_TRANSLATION,0,
5395,FR,voyage de Sparte.,Maurice Barrès,KEEP_TRANSLATION,0,
5396,FR,L'action,Maurice Blondel,KEEP_TRANSLATION,0,
5397,FR,"Délinquants, pourquoi?",Maurice Cusson,KEEP_TRANSLATION,0,
5398,FR,"La délinquance, une vie choisie",Maurice Cusson,KEEP_TRANSLATION,0,
5399,FR,La production du corps,Maurice Godelier | GODELIER MAURICE | Michel Panoff,KEEP_TRANSLATION,0,
5400,FR,The blue bird,Maurice Maeterlinck,KEEP_TRANSLATION,0,
5401,FR,Dans l'Inde du Sud,Maurice Maindron,KEEP_TRANSLATION,0,
5402,FR,incomparable Florimond,Maurice Maindron,KEEP_TRANSLATION,0,
5403,FR,L' art indien,Maurice Maindron,KEEP_TRANSLATION,0,
5404,FR,L' art chinois,Maurice Paléologue,KEEP_TRANSLATION,0,
5405,FR,Un Si joli petit chien ou Êtes-vous certain d'en vouloir un?,Maurice Sendak | Matthew Margolis,KEEP_TRANSLATION,0,
5406,FR,La science au coeur de nos vies,Maurice Tubiana,KEEP_TRANSLATION,0,
5407,FR,"La philosophie politique de Platon dans les ""Lois.""",Maurice Vanhoutte,KEEP_TRANSLATION,0,
5408,FR,L'Ethique protestante et l'Esprit du capitalisme,Max Weber,KEEP_TRANSLATION,0,
5409,FR,Rudolf Stammler et le matérialisme historique,Max Weber | Docteur Michel Weber,KEEP_TRANSLATION,0,
5410,FR,Vapor,Max | Kim Thompson,KEEP_TRANSLATION,0,
5411,FR,On aurait pu éviter tout cela,Max-Henri Boulois,KEEP_TRANSLATION,0,
5412,FR,Autre,Maël Nahon | Maël Nahon,KEEP_TRANSLATION,0,
5413,FR,Mittelalter und Moderne,Mediävistenverband. Symposium,KEEP_TRANSLATION,0,
5414,FR,C'est moi la star!,Megan McDonald,KEEP_TRANSLATION,0,
5415,FR,La psychose française,Mehdi Belhaj Kacem,KEEP_TRANSLATION,0,
5416,FR,Eupsychia,Mel Ahrweiler/,KEEP_TRANSLATION,0,
5417,FR,"Mel Bay's Modern Guitar Method Grade 1, Expanded Edition - French Edt.",Mel Bay | odile Noel | William Bay,KEEP_TRANSLATION,0,
5418,FR,Frisson l'écureuil,Melanie Watt,KEEP_TRANSLATION,0,
5419,FR,De l'oeuf à la coccinelle,Melvin Berger,KEEP_TRANSLATION,0,
5420,FR,Amahl et les rois Mages.,"Menotti, Gian Carlo | Gian-Carlo Menotti | Gian Carlo Menotti | G. C. Menotti",KEEP_TRANSLATION,0,
5421,FR,Les Sciences annexes en histoire du Moyen âge,Merdrignac / Chedeville,KEEP_TRANSLATION,0,
5422,FR,"Jaspers, témoin de son temps",Merlio,KEEP_TRANSLATION,0,
5423,FR,Ecrire Le Tableau,Miceala Symington,KEEP_TRANSLATION,0,
5424,FR,Les Extraordinaires aventures de Kavalier & Clay,Michael Chabon,KEEP_TRANSLATION,0,
5425,FR,Charisme,Michael G. Coney,KEEP_TRANSLATION,0,
5426,FR,Gone,Michael Grant | Michael Grant,KEEP_TRANSLATION,0,
5427,FR,Vivre avec,Michael Loriaux | Marc Crépon,KEEP_TRANSLATION,0,
5428,FR,oiseau noir,Michel Basilières,KEEP_TRANSLATION,0,
5429,FR,Charme et splendeur des plantes d'intérieur,Michel Bellin,KEEP_TRANSLATION,0,
5430,FR,Le mythe Machiavel,Michel Berges,KEEP_TRANSLATION,0,
5431,FR,Pour aider votre enfant au primaire en français,Michel Brindamour,KEEP_TRANSLATION,0,
5432,FR,Une planète à découvrir : la terre,Michel Brousseau,KEEP_TRANSLATION,0,
5433,FR,Repertoire,Michel Butor,KEEP_TRANSLATION,0,
5434,FR,Les jeunes amours de louis XV,Michel De Deker,KEEP_TRANSLATION,0,
5435,FR,Le gaullisme,Michel Debré,KEEP_TRANSLATION,0,
5436,FR,L'Orient et Lacan,Michel Faviez,KEEP_TRANSLATION,0,
5437,FR,Panorama,Michel Fiffe,KEEP_TRANSLATION,0,
5438,FR,Dits et écrits,Michel Foucault,KEEP_CORE,0,
5439,FR,Histoire de la sexualité,Michel Foucault,KEEP_CORE,0,
5440,FR,La peinture de Manet,Michel Foucault,KEEP_CORE,0,
5441,FR,La Pensée du dehors,Michel Foucault,KEEP_CORE,0,
5442,FR,Le gouvernement de soi et des autres,Michel Foucault,KEEP_CORE,0,
5443,FR,Le pouvoir psychiatrique,Michel Foucault,KEEP_CORE,0,
5444,FR,Naissance de la biopolitique,Michel Foucault,KEEP_CORE,0,
5445,FR,"Philosophie, anthologie",Michel Foucault,KEEP_CORE,0,
5446,FR,"Sécurité, territoire, population",Michel Foucault,KEEP_CORE,0,
5447,FR,"Un roi sans divertissement"", Jean Giono",Michel Gramain,KEEP_TRANSLATION,0,
5448,FR,La terreur et la pitié,Michel Guérin,KEEP_TRANSLATION,0,
5449,FR,Nihilisme et modernité,Michel Guérin,KEEP_TRANSLATION,0,
5450,FR,Par trente-six chemins,Michel Jobert,KEEP_TRANSLATION,0,
5451,FR,Sous le carillon,Michel Lavoie,KEEP_TRANSLATION,0,
5452,FR,Mais que font les fées avec toutes ces dents?,Michel Luppens,KEEP_TRANSLATION,0,
5453,FR,Défi mathématique,Michel Lyons,KEEP_TRANSLATION,0,
5454,FR,"Défi mathématique, 5",Michel Lyons,KEEP_TRANSLATION,0,
5455,FR,La ligne de trappe,Michel Noël,KEEP_TRANSLATION,0,
5456,FR,Les Papinachois,Michel Noël,KEEP_TRANSLATION,0,
5457,FR,Sila,Michel Noël,KEEP_TRANSLATION,0,
5458,FR,"De l'éloge à l'exclusion, les femmes auteurs et leurs préfaciers au XIXe siècle.",Michel Sauve,KEEP_TRANSLATION,0,
5459,FR,Continuité et avant-garde au Japon.,Michel Tapié,KEEP_TRANSLATION,0,
5460,FR,Gilles & Jeanne,Michel Tournier,KEEP_TRANSLATION,0,
5461,FR,La goutte d'or,Michel Tournier,KEEP_TRANSLATION,0,
5462,FR,Le Roi des Aulnes,Michel Tournier,KEEP_TRANSLATION,0,
5463,FR,Sept contes,Michel Tournier,KEEP_TRANSLATION,0,
5464,FR,Pour en finir avec les psy,Michel Trudeau,KEEP_TRANSLATION,0,
5465,FR,Le théâtre de sciences,Michel Valmer,KEEP_TRANSLATION,0,
5466,FR,"Oiseau, le Vieux-Port et le charpentier",Michel Van Schendel,KEEP_TRANSLATION,0,
5467,FR,Guide de la rédaction,Michel Voirol,KEEP_TRANSLATION,0,
5468,FR,Pour la prochaine Gauche,Michel Wieviorka,KEEP_TRANSLATION,0,
5469,FR,Poumeyrol,Michele Heng,KEEP_TRANSLATION,0,
5470,FR,couleur de la justice,Michelle Alexander,KEEP_TRANSLATION,0,
5471,FR,La philosophie naturelle de Descartes,Michio Kobayashi,KEEP_TRANSLATION,0,
5472,FR,Ignace de Loyola,Michèle Aumont,KEEP_TRANSLATION,0,
5473,FR,Le retour de la momie qui pue qui tue,Midam,KEEP_TRANSLATION,0,
5474,FR,Styles de pouvoir,Mike Burke,KEEP_TRANSLATION,0,
5475,FR,Jacques et son Maître,Milan Kundera,KEEP_TRANSLATION,0,
5476,FR,L' immortalité,Milan Kundera,KEEP_TRANSLATION,0,
5477,FR,La lenteur,Milan Kundera,KEEP_TRANSLATION,0,
5478,FR,La plaisanterie,Milan Kundera,KEEP_TRANSLATION,0,
5479,FR,La vie est ailleurs,Milan Kundera,KEEP_TRANSLATION,0,
5480,FR,Le livre du rire et de l'oubli,Milan Kundera,KEEP_TRANSLATION,0,
5481,FR,Risibles amours,Milan Kundera,KEEP_TRANSLATION,0,
5482,FR,La Loterie,Miles Hyman,KEEP_TRANSLATION,0,
5483,FR,Mimmo Paladino,Mimmo Paladino,KEEP_CORE,0,
5484,FR,Les élites municipales de l'Italie péninsulaire de la mort de César à la mort de Domitien entre continuité et rupture,Mireille Cébeillac-Gervasoni,KEEP_TRANSLATION,0,
5485,FR,"Jean & Lucie, histoire de deux jeunes refugies",Mme Des,KEEP_TRANSLATION,0,
5486,FR,Elites algériennes,Mohamed Lakhdar Maougal,KEEP_TRANSLATION,0,
5487,FR,Ibn Khaldun et l'histoire,Mohamed Talbi,KEEP_TRANSLATION,0,
5488,FR,Fes,Mohammed Metalsi,KEEP_TRANSLATION,0,
5489,FR,Le médecin malgré lui,Molière,KEEP_TRANSLATION,0,
5490,FR,"Pokémon, le film Blanc",Momota Inoue,KEEP_TRANSLATION,0,
5491,FR,Les voisins font un cirque le dimanche,Moncomble /Fortier,KEEP_TRANSLATION,0,
5492,FR,Fenelon platonicien?,Monika Simon,KEEP_TRANSLATION,0,
5493,FR,Peintures d'églises à Paris au XVIIIe siècle,Monique de Savignac,KEEP_TRANSLATION,0,
5494,FR,An apology for Raymond Sebond,"Montaigne, Michel de",KEEP_TRANSLATION,0,
5495,FR,Essays of Michel de Montaigne,"Montaigne, Michel de",KEEP_TRANSLATION,0,
5496,FR,Journal de voyage,"Montaigne, Michel de",KEEP_TRANSLATION,0,
5497,FR,Journal de voyage en Italie,"Montaigne, Michel de",KEEP_TRANSLATION,0,
5498,FR,Montaigne's Travel journal,"Montaigne, Michel de",KEEP_TRANSLATION,0,
5499,FR,Dom B. de Montfaucon,"Montfaucon, Bernard de",KEEP_TRANSLATION,0,
5500,FR,Michael Balint,Moreau-Ricaud,KEEP_TRANSLATION,0,
5501,FR,Code de la nature,Morelly,KEEP_TRANSLATION,0,
5502,FR,L'Elixir du Docteur Doxey (Lucky Luke VII),Morris,KEEP_CORE,0,
5503,FR,"Lucky Luke, tome 10",Morris,KEEP_CORE,0,
5504,FR,Morris / Lucky Luke 5 / Lucky Luke Contre Pat Poker,Morris,KEEP_CORE,0,
5505,FR,La valle e des male fices,Morris West,KEEP_TRANSLATION,0,
5506,FR,Le Juge,Morris | René Goscinny,KEEP_CORE,0,
5507,FR,"Lucky Luke, tome 1",Morris | René Goscinny,KEEP_CORE,0,
5508,FR,"Lucky Luke, tome 11",Morris | René Goscinny,KEEP_CORE,0,
5509,FR,"Lucky Luke, tome 14",Morris | René Goscinny,KEEP_CORE,0,
5510,FR,"Lucky Luke, tome 17",Morris | René Goscinny,KEEP_CORE,0,
5511,FR,"Lucky Luke, tome 18",Morris | René Goscinny,KEEP_CORE,0,
5512,FR,"Lucky Luke, tome 2",Morris | René Goscinny,KEEP_CORE,0,
5513,FR,"Lucky Luke, tome 22",Morris | René Goscinny,KEEP_CORE,0,
5514,FR,"Lucky Luke, tome 28",Morris | René Goscinny,KEEP_CORE,0,
5515,FR,"Lucky Luke, tome 29",Morris | René Goscinny,KEEP_CORE,0,
5516,FR,"Lucky Luke, tome 30",Morris | René Goscinny,KEEP_CORE,0,
5517,FR,"Lucky Luke, tome 31",Morris | René Goscinny,KEEP_CORE,0,
5518,FR,"Mount Vernon, Virginia, an illustrated handbook",Mount Vernon Ladies' Association,KEEP_TRANSLATION,0,
5519,FR,Le Parti social-démocrate et la politique étrangère de la Suède (1914-1918),Mousson-Lestang,KEEP_TRANSLATION,0,
5520,FR,The Channings.,Mrs. Henry Wood,KEEP_TRANSLATION,0,
5521,FR,Histoire du petit Henri,Mrs. Mary Martha (Butt) Sherwood,KEEP_TRANSLATION,0,
5522,FR,Peintures du Musée Carnavalet,Musée Carnavalet.,KEEP_TRANSLATION,0,
5523,FR,"Chantilly, Musée Condé",Musée Condé.,KEEP_TRANSLATION,0,
5524,FR,"Chasse à courre, chasse de cour",Musée Condé.,KEEP_TRANSLATION,0,
5525,FR,"Corse, colonies",Musée de la Corse,KEEP_TRANSLATION,0,
5526,FR,Catalogue illustré du Musée des antiquités nationales au Saint-Germain-en-Laye,Musée des antiquités nationales.,KEEP_TRANSLATION,0,
5527,FR,Antiquités égyptiennes,Musée des beaux-arts de Dijon.,KEEP_TRANSLATION,0,
5528,FR,"Catalogue sommaire des dessins, cartons, pastels, miniatures et émaux, exposés dans les salles du 1er et du 2e étage.",Musée du Louvre,KEEP_TRANSLATION,0,
5529,FR,De Pagnest à Puvis de Chavannes,Musée du Louvre,KEEP_TRANSLATION,0,
5530,FR,Le Musée du Louvre,Musée du Louvre,KEEP_TRANSLATION,0,
5531,FR,Notice des tableaux légués au Musée national du Louvre par M. Louis La Caze.,Musée du Louvre,KEEP_TRANSLATION,0,
5532,FR,La rencontre des héros,"Musée du Petit Palais (Paris, France)",KEEP_TRANSLATION,0,
5533,FR,La collection des dessins et estampes,Musée du Québec.,KEEP_TRANSLATION,0,
5534,FR,"La décennie de la métamorphose, 1982-1992",Musée du Québec.,KEEP_TRANSLATION,0,
5535,FR,L' art du Québec au lendemain de la Conquête (1760-1790),Musée du Québec. | Musée du Québec.,KEEP_TRANSLATION,0,
5536,FR,Catalogue du Musée Guimet ...,"Musée Guimet (Paris, France)",KEEP_TRANSLATION,0,
5537,FR,Exposition temporaire au Musée Guimet.,"Musée Guimet (Paris, France)",KEEP_TRANSLATION,0,
5538,FR,Catalogue du Musée Alaoui.,Musée national du Bardo (Tunisia),KEEP_TRANSLATION,0,
5539,FR,"Autour des néo-impressionnistes, le groupe de Lagny",N. Coret,KEEP_TRANSLATION,0,
5540,FR,LA Mecanique Hegelienne,N. Fevrier,KEEP_TRANSLATION,0,
5541,FR,Frequence Jeunes,N. Gidon | G. Capelle | M. Cavalli,KEEP_CORE,0,
5542,FR,La Caraïbe et son histoire,N. l. /Fejic Abenon,KEEP_TRANSLATION,0,
5543,FR,Nimona,N.D. Stevenson,KEEP_TRANSLATION,0,
5544,FR,L'Art Contemporain Arabe,Nabīl Naʻʻūm,KEEP_TRANSLATION,0,
5545,FR,Sur la piste des Touareg,Nadège Devaux,KEEP_TRANSLATION,0,
5546,FR,Un écho des grandes prairies,Nadège Devaux,KEEP_TRANSLATION,0,
5547,FR,Le désir et le pouvoir,Naim Kattan,KEEP_TRANSLATION,0,
5548,FR,La double disparition,Nancy Springer,KEEP_TRANSLATION,0,
5549,FR,Les enquêtes d'Enola Holmes (2): L'affaire Lady Alistair,Nancy Springer | Nancy Springer,KEEP_TRANSLATION,0,
5550,FR,Les enquêtes d'Enola Holmes (3): Le mystère des pavots blancs,Nancy Springer | Nancy Springer,KEEP_TRANSLATION,0,
5551,FR,Les enquêtes d'Enola Holmes - tome 1 La double disparition,Nancy Springer | Serena Blasco,KEEP_TRANSLATION,0,
5552,FR,Yu-Gi-Oh ! GX - Tome 9,Naoyuki Kageyama,KEEP_TRANSLATION,0,
5553,FR,Trajectoire de déviance juvénile,Nathacha Brunelle,KEEP_TRANSLATION,0,
5554,FR,Christophe au grand coeur,Nathalie Loignon,KEEP_TRANSLATION,0,
5555,FR,Ici,Nathalie Sarraute,KEEP_CORE,0,
5556,FR,Voyages en Europe (Hodoeporica),Nathan Chytraeus,KEEP_TRANSLATION,0,
5557,FR,Scientific and technical reports,National Information Standards Organization (U.S.),KEEP_TRANSLATION,0,
5558,FR,Les déconnectés,Neal Shusterman,KEEP_TRANSLATION,0,
5559,FR,Le matin se fait attendre,Nelson Algren,KEEP_TRANSLATION,0,
5560,FR,L’Empereur de toutes les maladies,Nessa Carey | Siddhartha Mukherjee,KEEP_TRANSLATION,0,
5561,FR,Le prince,Niccolò Machiavelli,KEEP_TRANSLATION,0,
5562,FR,A la chasse aux erreurs - a travers l'histoire,Nicola Baxter,KEEP_TRANSLATION,0,
5563,FR,Le patrimoine de l'humanité,Nicolas Beaujon,KEEP_TRANSLATION,0,
5564,FR,Jean-Jacques Rousseau,Nicolas Bonhôte,KEEP_TRANSLATION,0,
5565,FR,Prosopopus,Nicolas de Cre cy,KEEP_TRANSLATION,0,
5566,FR,Dico Manga (French Edition),Nicolas Finet,KEEP_TRANSLATION,0,
5567,FR,Les chroniques de Magon,Nicolas Jarry,KEEP_TRANSLATION,0,
5568,FR,"Tablettes chronologiques de l'histoire universelle sacrée et prophane, ecclésiastique et civile ...",Nicolas Lenglet Dufresnoy,KEEP_TRANSLATION,0,
5569,FR,"Astérix, ou, Les lumières de la civilisation",Nicolas Rouvière,KEEP_TRANSLATION,0,
5570,FR,Mise en scène de l'opinion publique dans la littérature des Lumières,Nicolas Veysman,KEEP_TRANSLATION,0,
5571,FR,Éléments d'art et d'histoire militaires,Nicolas Édouard Delabarre-Duparcq,KEEP_TRANSLATION,0,
5572,FR,"Mimi, Paul et Chabichou se Présentent (Tomycat Series)",Nicole Girard | Pol Danheux | Nicole Girard,KEEP_TRANSLATION,0,
5573,FR,L' hiver de Léo Polatouche,Nicole Leroux,KEEP_TRANSLATION,0,
5574,FR,Histoire de l'art et lutte des classes.,Nicos Hadjinicolaou,KEEP_TRANSLATION,0,
5575,FR,Physique atomique et connaissance humaine,Niels Bohr,KEEP_TRANSLATION,0,
5576,FR,"A Commentary on the United Nations Convention on the Rights of the Child, Article 20",Nigel Cantwell | Anna Holzscheiter,KEEP_TRANSLATION,0,
5577,FR,De la destination de l'homme,Nikolaĭ Berdi͡aev,KEEP_TRANSLATION,0,
5578,FR,Esprit et réalité,Nikolaĭ Berdi͡aev,KEEP_TRANSLATION,0,
5579,FR,Essai d'autobiographie spirituelle,Nikolaĭ Berdi͡aev,KEEP_TRANSLATION,0,
5580,FR,Le nouveau Moyen Âge,Nikolaĭ Berdi͡aev,KEEP_TRANSLATION,0,
5581,FR,The destiny of man.,Nikolaĭ Berdi͡aev,KEEP_TRANSLATION,0,
5582,FR,Le bien commun,Noam Chomsky,KEEP_TRANSLATION,0,
5583,FR,Le Langage et la Pensée,Noam Chomsky,KEEP_TRANSLATION,0,
5584,FR,La fortune des Sullivan,Nora Roberts,KEEP_TRANSLATION,0,
5585,FR,Les feux de la vengeance,Nora Roberts,KEEP_TRANSLATION,0,
5586,FR,Une femme dans la tourmente,Nora Roberts,KEEP_TRANSLATION,0,
5587,FR,"La croix de Morrigan, t. 1",Nora Roberts | Dick Hill,KEEP_TRANSLATION,0,
5588,FR,Leon Spilliaert,Norbet Hostyn,KEEP_TRANSLATION,0,
5589,FR,Your book of garden plans,Norman A Morris,KEEP_TRANSLATION,0,
5590,FR,Le chant du bourreau.,Norman Mailer,KEEP_TRANSLATION,0,
5591,FR,"L'Absinthe, un mythe toujours vert",Noël Benoît,KEEP_TRANSLATION,0,
5592,FR,Sefer nameh,Nāṣir-i Khusraw,KEEP_TRANSLATION,0,
5593,FR,Le livre réunissant les deux sagesses,Nāṣir-i Khusraw | Nasir-e Khosraw | Isabelle de Gastines,KEEP_TRANSLATION,0,
5594,FR,Toulouse,O. Foucaud,KEEP_TRANSLATION,0,
5595,FR,Vingt jours dans le Nouveau monde,Octave Uzanne,KEEP_TRANSLATION,0,
5596,FR,Architecture de fête,Oechslin,KEEP_TRANSLATION,0,
5597,FR,L' être et l'événement,Oliver Feltham | Alain Badiou | Alain Badiou,KEEP_TRANSLATION,0,
5598,FR,Luc ferry ou le retablissement de l'ordre,Olivier /Hardouin-Fugier,KEEP_TRANSLATION,0,
5599,FR,La disparition de Josef Mengele,Olivier Guez,KEEP_TRANSLATION,0,
5600,FR,"Zola, la plume et le compas",Olivier Lumbroso,KEEP_TRANSLATION,0,
5601,FR,"Thomas d'Aquin poète théologien, volume I",Olivier-Thomas Vanard,KEEP_TRANSLATION,0,
5602,FR,"Revision provisoire, Dessin et peinture",Ontario. Ministry of Education.,KEEP_TRANSLATION,0,
5603,FR,Social sciences in policy making,Organization for Economic Co-operation and Development,KEEP_TRANSLATION,0,
5604,FR,La Vie nouvelle,Orhan Pamuk,KEEP_TRANSLATION,0,
5605,FR,Le Château blanc,Orhan Pamuk,KEEP_TRANSLATION,0,
5606,FR,Le Livre noir,Orhan Pamuk,KEEP_TRANSLATION,0,
5607,FR,Black Jack,Osamu Tezuka,KEEP_TRANSLATION,0,
5608,FR,L'Ame de L'Homme sous le Socialisme / Oscar Wilde,Oscar Wilde,KEEP_TRANSLATION,0,
5609,FR,"La France, pays du tourisme",Ossip Alexandre Joseph Pernikoff,KEEP_TRANSLATION,0,
5610,FR,Pensées et souvenirs,Otto von Bismarck,KEEP_TRANSLATION,0,
5611,FR,Après le cubisme,Ozenfant,KEEP_TRANSLATION,0,
5612,FR,"Mémoires sur divers sujets de l'histoire naturelle des insectes, de géographie ancienne et de chronologie",P. A. Latreille,KEEP_TRANSLATION,0,
5613,FR,Les Epidémies terrassées,P. Bourdelais,KEEP_TRANSLATION,0,
5614,FR,L'etat l'armée la science,P. Bret,KEEP_TRANSLATION,0,
5615,FR,"De beaux lendemains ? histoire, societe et politique dans la science-fiction",P. G. /Gyger Haver,KEEP_TRANSLATION,0,
5616,FR,Christianisme et théorie de l'information,P. Gagnon,KEEP_TRANSLATION,0,
5617,FR,Pierrick Sorin,P. Giquel,KEEP_TRANSLATION,0,
5618,FR,L'exception urbaine,P. Graff,KEEP_TRANSLATION,0,
5619,FR,Mutation du visible vol.2,P. Hamou,KEEP_TRANSLATION,0,
5620,FR,17Me [i.e. Dix-septième] siècle,P. L. Jacob,KEEP_TRANSLATION,0,
5621,FR,Les arts au moyen âge et à l'époque de la renaissance,P. L. Jacob,KEEP_TRANSLATION,0,
5622,FR,Sciences & letters au moyen âge et à l'époque de la renaissance,P. L. Jacob,KEEP_TRANSLATION,0,
5623,FR,Vie militaire et religieuse au moyen âge et à l'époque de la renaissance,P. L. Jacob,KEEP_TRANSLATION,0,
5624,FR,"XVIIe siècle; lettres, sciences et arts, France, 1590-1700",P. L. Jacob,KEEP_TRANSLATION,0,
5625,FR,XVIIIme siècle,P. L. Jacob,KEEP_TRANSLATION,0,
5626,FR,Peintures françaises du XVIIe siècle,P. Malgouyres,KEEP_TRANSLATION,0,
5627,FR,L'électronique,P. W. Braby,KEEP_TRANSLATION,0,
5628,FR,L'homme entre science et foi,Paoletti J,KEEP_TRANSLATION,0,
5629,FR,Bambou a l'ecole des singes,Papineau,KEEP_TRANSLATION,0,
5630,FR,Si la musique t'etait contee,Pascal Amoyel,KEEP_TRANSLATION,0,
5631,FR,Modélisation statistique appliquée aux sciences sociales,Pascal Bressoux,KEEP_TRANSLATION,0,
5632,FR,Auschwitz,Pascal Croci,KEEP_TRANSLATION,0,
5633,FR,"Travaux de sciences sociales (TDESS), vol. 212: La rationalite des croyances magiques",Pascal Sanchez,KEEP_TRANSLATION,0,
5634,FR,Ioannis Buridani Expositio et Quaestiones in Aristotelis Physicam ad Albertum de Saxonia Attributae. Tome I,Patar B.,KEEP_TRANSLATION,0,
5635,FR,La Révolution française,Patrick Cothias,KEEP_TRANSLATION,0,
5636,FR,"LA Vie Et L'Oeuvre D'Alexandre Roubtzoff.Les Orientalistes (Orientalists Series , Vol 2)",Patrick Dubreucq,KEEP_TRANSLATION,0,
5637,FR,Dictionnaire mondial de la bande dessinée,Patrick Gaumer,KEEP_TRANSLATION,0,
5638,FR,Dictionnaire mondial de la BD,Patrick Gaumer,KEEP_TRANSLATION,0,
5639,FR,La BD,Patrick Gaumer,KEEP_TRANSLATION,0,
5640,FR,La Biologie de Dieu,Patrick Jean-Baptiste,KEEP_TRANSLATION,0,
5641,FR,"La psychanalyse, une science de l'homme?",Patrick Juignet,KEEP_TRANSLATION,0,
5642,FR,"Lucky Luke, tome 41",Patrick Nordmann | Morris,KEEP_CORE,0,
5643,FR,Titus l'éléphant,Patrick Tillard,KEEP_TRANSLATION,0,
5644,FR,Théories de la communication,Paul Attallah | Université du Québec. Télé-université | Paul Michael Attallah,KEEP_TRANSLATION,0,
5645,FR,"Testo Junkie : Sexe, drogue et biopolitique",Paul B. Preciado,KEEP_TRANSLATION,0,
5646,FR,Levinas et la psychanalyse,Paul Bercherie,KEEP_TRANSLATION,0,
5647,FR,Nouvelles pages de critique et de doctrine.,Paul Bourget,KEEP_TRANSLATION,0,
5648,FR,Pages de critique et de doctrine.,Paul Bourget,KEEP_TRANSLATION,0,
5649,FR,L' œil écoute,Paul Claudel,KEEP_TRANSLATION,0,
5650,FR,L'oeil écoute,Paul Claudel,KEEP_TRANSLATION,0,
5651,FR,The eye listens,Paul Claudel,KEEP_TRANSLATION,0,
5652,FR,Madeleine,Paul de Kock,KEEP_TRANSLATION,0,
5653,FR,UN Mal Etrange,Paul Grosbois,KEEP_TRANSLATION,0,
5654,FR,La politique naturelle,Paul Henri Thiry baron d'Holbach,KEEP_TRANSLATION,0,
5655,FR,"Système de la nature, ou, Des lois du monde physique et du monde moral.",Paul Henri Thiry baron d'Holbach,KEEP_TRANSLATION,0,
5656,FR,La culture et le pouvoir,Paul Henry Chombart de Lauwe,KEEP_TRANSLATION,0,
5657,FR,Harmonie et règle urbaine,Paul Lassus,KEEP_TRANSLATION,0,
5658,FR,Histoire du réalisme et du naturalisme dans la poésie et dans l'art depuis l'antiquité jusqu'à nos jours.,Paul Lenoir,KEEP_TRANSLATION,0,
5659,FR,"Anti-contract social: dans le quel on réfute, d'une manière claire, utile & agréable, les ...",Paul Louis de Beauclair,KEEP_TRANSLATION,0,
5660,FR,Cleveland,Paul Peckmans,KEEP_TRANSLATION,0,
5661,FR,Les leçons de la guerre.,Paul Stapfer,KEEP_TRANSLATION,0,
5662,FR,Lettres pour les chasseurs,Paul Vialar,KEEP_TRANSLATION,0,
5663,FR,Canadian geography,Paul Yvon Villeneuve,KEEP_TRANSLATION,0,
5664,FR,L'atelier des nuits,Paulette Choné,KEEP_TRANSLATION,0,
5665,FR,Anthologie,Pauline Cyr,KEEP_TRANSLATION,0,
5666,FR,Découvertes géographiques 1,Pauline Gladysz,KEEP_TRANSLATION,0,
5667,FR,Parole de Piloé.,Pauline Samson-Hindson,KEEP_TRANSLATION,0,
5668,FR,La terre chinoise,Pearl S. Buck,KEEP_TRANSLATION,0,
5669,FR,Frans Post,Pedro Corrêa do Lago,KEEP_TRANSLATION,0,
5670,FR,"Moi, gouverneur du detroit de magellan. la premiere colonisation de la terre de feu (1581-1584)",Pedro Samiento,KEEP_TRANSLATION,0,
5671,FR,Franc-maçonnerie et antimaconnisme en limousin,Perouas,KEEP_TRANSLATION,0,
5672,FR,La pensée tiède,Perry Anderson,KEEP_TRANSLATION,0,
5673,FR,Omnibus,Peteers/Benoît,KEEP_TRANSLATION,0,
5674,FR,Une pluie d'enfer,Peter Abrahams,KEEP_TRANSLATION,0,
5675,FR,Les fils du lion,Peter Danielson,KEEP_TRANSLATION,0,
5676,FR,Cyrano de Bergerac,Peter David | Edmond Rostand | Kyle Baker,KEEP_TRANSLATION,0,
5677,FR,The stairs,Peter Greenaway,KEEP_TRANSLATION,0,
5678,FR,L 'éthique,Peter Hallward | Alain Badiou,KEEP_CORE,0,
5679,FR,"Champs, usines et ateliers, ou, L'industrie combinée avec l'agriculture et le travail cérébral avec le travail manuel",Peter Kropotkin,KEEP_TRANSLATION,0,
5680,FR,Khli͡eb i voli͡a,Peter Kropotkin,KEEP_TRANSLATION,0,
5681,FR,L' entraide,Peter Kropotkin,KEEP_TRANSLATION,0,
5682,FR,L' éthique.,Peter Kropotkin,KEEP_TRANSLATION,0,
5683,FR,L'anarchie dans l'évolution socialiste: (Conférence faite à la salle Lévis) ...,Peter Kropotkin,KEEP_TRANSLATION,0,
5684,FR,Paroles d'un révolté,Peter Kropotkin,KEEP_TRANSLATION,0,
5685,FR,"Freaky Girls, T03",Petos,KEEP_TRANSLATION,0,
5686,FR,Des intellections,Petrus Abaelardus,KEEP_TRANSLATION,0,
5687,FR,"Les Schtroumpfs noirs, tome 1",Peyo | Yvan Delporte,KEEP_CORE,0,
5688,FR,Substance mort,Philip K. Dick,KEEP_TRANSLATION,0,
5689,FR,Confessions d'un barjo,Philip K. Dick | Peter Berkrot,KEEP_TRANSLATION,0,
5690,FR,L'Etat à l'épreuve des sciences sociales,Philippe Bezes,KEEP_CORE,0,
5691,FR,science sociale d'après Le Play et de Tourville.,Philippe Champault,KEEP_CORE,0,
5692,FR,Elvis,Philippe Chanoinat | Fabrice Le Henanff,KEEP_CORE,0,
5693,FR,Le Chat,Philippe Geluck,KEEP_CORE,0,
5694,FR,Gustave et l'énigme du capitaine Planète,Philippe Girard,KEEP_CORE,0,
5695,FR,L' ambition narrative,Philippe Sohet,KEEP_CORE,0,
5696,FR,Shanghai dream,Philippe Thirault | Jorge Miguel,KEEP_CORE,0,
5697,FR,La cartographie des données économiques et sociales,Philippe Waniez,KEEP_CORE,0,
5698,FR,Les anciens canadiens,Philippe-Joseph Aubert de Gaspé,KEEP_CORE,0,
5699,FR,Mémoire et Responsabilité,Philippe-Michaël de Saint-Cheron,KEEP_CORE,0,
5700,FR,Ma famille et moi,Phoebe Rankin,KEEP_TRANSLATION,0,
5701,FR,Alice entre deux eaux,Phyllis Reynolds Naylor,KEEP_TRANSLATION,0,
5702,FR,La Vie en rose !,Phyllis Reynolds Naylor | Phyllis Reynolds Naylor,KEEP_TRANSLATION,0,
5703,FR,Alechinsky au pays de l'encre,Pierre Alechinsky,KEEP_CORE,0,
5704,FR,De la méthode d'observation: dans son application aux sciences morales et politiques,Pierre Armand Dufau,KEEP_CORE,0,
5705,FR,Voyage littéraire de la Grèce,Pierre Augustin Guys,KEEP_CORE,0,
5706,FR,Toute la terre,Pierre Benoît,KEEP_CORE,0,
5707,FR,Le sens pratique,Pierre Bourdieu,KEEP_CORE,0,
5708,FR,Reprendre le pouvoir,Pierre Boutang,KEEP_CORE,0,
5709,FR,"La terre, la lune et le soleil",Pierre Chastenay,KEEP_CORE,0,
5710,FR,Valerian,Pierre Christin,KEEP_CORE,0,
5711,FR,Oeuvres de Pierre Curie,Pierre Curie,KEEP_CORE,0,
5712,FR,Pasteur / Pierre Darmon.,Pierre Darmon,KEEP_CORE,0,
5713,FR,Réflexions sur la science contemporaine,Pierre Darriulat,KEEP_CORE,0,
5714,FR,La colonisation française au Canada,Pierre Foursin,KEEP_CORE,0,
5715,FR,Art et technique aux XIXe et XXe siècles,Pierre Francastel,KEEP_CORE,0,
5716,FR,La Figure et le lieu,Pierre Francastel,KEEP_CORE,0,
5717,FR,Peinture et société,Pierre Francastel,KEEP_CORE,0,
5718,FR,Hergé ou la Profondeur des images plates,Pierre Fresnault-Deruelle,KEEP_CORE,0,
5719,FR,"Hergé, ou, Le secret de l'image",Pierre Fresnault-Deruelle,KEEP_CORE,0,
5720,FR,Aristippe de Cyrene,Pierre Gouirand,KEEP_CORE,0,
5721,FR,Précis de physiologie humaine,Pierre Jean Corneille Debreyne,KEEP_CORE,0,
5722,FR,Théorie biblique de la cosmogonie et de la géologie: doctrine nouvelle ...,Pierre Jean Corneille Debreyne,KEEP_CORE,0,
5723,FR,Traite de couverture traditionnelle,Pierre Lebouteux,KEEP_CORE,0,
5724,FR,L' homme et sa destinée.,Pierre Lecomte du Noüy,KEEP_CORE,0,
5725,FR,La Fabrique de l'homme occidental,Pierre Legendre,KEEP_CORE,0,
5726,FR,Raymond Hains - J'AI La Memoire Qui Planche,Pierre Leguillon,KEEP_CORE,0,
5727,FR,Dans les pas des Dieux grecs,Pierre Levêque,KEEP_CORE,0,
5728,FR,La femme et le pantin,Pierre Louÿs,KEEP_CORE,0,
5729,FR,A gauche,Pierre Mauroy,KEEP_CORE,0,
5730,FR,Ecosse Des Lumieres,Pierre Morere,KEEP_CORE,0,
5731,FR,L'analyse qualitative en sciences humaines et sociales,Pierre Paillé,KEEP_CORE,0,
5732,FR,Les illusions de mongou,Pierre Sammy Mackfoy,KEEP_CORE,0,
5733,FR,Les Estmpes De La Gazette DES Beaux - Arts 1859-1933,Pierre Sanchez | Pierre Sanchel,KEEP_CORE,0,
5734,FR,Gaston Fébus par Alexandre Dumas,Pierre Tucco-Chala,KEEP_CORE,0,
5735,FR,Le 17e arrondissement,Pierre Wachenheim | J.-C. Doërr | Roland Liot,KEEP_CORE,0,
5736,FR,Les antigangs,Pierre-Gilles de Gennes | Auguste Le Breton,KEEP_CORE,0,
5737,FR,"Notes de voyages, Proper Mérimée",Pierre-Marie Auzas,KEEP_CORE,0,
5738,FR,Mademoiselle Gertrude,Pierrette Dubé,KEEP_CORE,0,
5739,FR,Gloubinka,Piotr Smolar,KEEP_CORE,0,
5740,FR,Hegel,"Plant, Raymond.",KEEP_TRANSLATION,0,
5741,FR,"Wolfgang, tu feras informatique!",Plantu.,KEEP_CORE,0,
5742,FR,Vox populi vox dei,Poizat,KEEP_CORE,0,
5743,FR,L'asymétrie et la vie,Primo Levi,KEEP_TRANSLATION,0,
5744,FR,Oakeshott,Quentin Perret,KEEP_CORE,0,
5745,FR,La fugue a bruxelles,R. Maurice,KEEP_CORE,0,
5746,FR,Les mutations du journalisme en France et au Québec,R. Rieffel,KEEP_CORE,0,
5747,FR,Ligne et cercle,Radhika Menon,KEEP_TRANSLATION,0,
5748,FR,Les Eaux du Jarama,Rafael Sánchez Ferlosio,KEEP_TRANSLATION,0,
5749,FR,Drame,Raina Telgemeier,KEEP_TRANSLATION,0,
5750,FR,Eleanor & Park,Rainbow Rowell,KEEP_TRANSLATION,0,
5751,FR,La contorsionniste,Raives | Warnauts.,KEEP_CORE,0,
5752,FR,"Conrad et Paul, tome 1",Ralf König,KEEP_TRANSLATION,0,
5753,FR,Cornets d'amour,Ralf König,KEEP_TRANSLATION,0,
5754,FR,"Djinn Djinn, Tome 1, Le sortilège de Sa'âdât",Ralf König,KEEP_TRANSLATION,0,
5755,FR,"Et maintenant, allongez-vous !",Ralf König,KEEP_TRANSLATION,0,
5756,FR,"Et maintenant, embrassez-vous !",Ralf König,KEEP_TRANSLATION,0,
5757,FR,Lysistrata,Ralf König,KEEP_TRANSLATION,0,
5758,FR,Sociologie et normativité scientifique,Ramognino Houle,KEEP_CORE,0,
5759,FR,"BD Pirate: Cédric, tome 4",Raoul Cauvin | Laudec,KEEP_CORE,0,
5760,FR,"Cédric, tome 3",Raoul Cauvin | Laudec,KEEP_CORE,0,
5761,FR,"Cédric, tome 6",Raoul Cauvin | Laudec,KEEP_CORE,0,
5762,FR,"Les Tuniques bleues, tome 2",Raoul Cauvin | Louis Salvérius,KEEP_CORE,0,
5763,FR,"Les Tuniques bleues, tome 3",Raoul Cauvin | Louis Salvérius,KEEP_CORE,0,
5764,FR,Les Tuniques bleues,Raoul Cauvin | Willy Lambil,KEEP_CORE,0,
5765,FR,"Les tuniques bleues, tome 11",Raoul Cauvin | Willy Lambil,KEEP_CORE,0,
5766,FR,"Les Tuniques bleues, tome 13",Raoul Cauvin | Willy Lambil,KEEP_CORE,0,
5767,FR,"Les tuniques bleues, tome 16",Raoul Cauvin | Willy Lambil,KEEP_CORE,0,
5768,FR,"Les tuniques bleues, tome 20",Raoul Cauvin | Willy Lambil,KEEP_CORE,0,
5769,FR,"Les tuniques bleues, tome 33",Raoul Cauvin | Willy Lambil,KEEP_CORE,0,
5770,FR,"Les Tuniques bleues, tome 42",Raoul Cauvin | Willy Lambil,KEEP_CORE,0,
5771,FR,"Les Tuniques Bleues, Tome 45",Raoul Cauvin | Willy Lambil,KEEP_CORE,0,
5772,FR,"Les Tuniques bleues, tome 6",Raoul Cauvin | Willy Lambil,KEEP_CORE,0,
5773,FR,Puppet Blues,Raoul Cauvin | Willy Lambil,KEEP_CORE,0,
5774,FR,"Europe, la trahison des élites",Raoul Marc Jennar,KEEP_CORE,0,
5775,FR,Le guide du mineur,Raoul Rinfret,KEEP_CORE,0,
5776,FR,Le Yukon et son or,Raoul Rinfret,KEEP_CORE,0,
5777,FR,"Journal du voyage fait a la Mer de Sud avec les flibustiers de l'Amerique, en 1684. & années suivantes.",Raveneau de Lussan Sieur,KEEP_CORE,0,
5778,FR,... Mais à part ça tout va très bien,Ray Bradbury,KEEP_TRANSLATION,0,
5779,FR,A l'ouest d'octobre,Ray Bradbury,KEEP_TRANSLATION,0,
5780,FR,Bien après minuit,Ray Bradbury,KEEP_TRANSLATION,0,
5781,FR,Chroniques martiennes,Ray Bradbury,KEEP_TRANSLATION,0,
5782,FR,De la poussière à la chair,Ray Bradbury,KEEP_TRANSLATION,0,
5783,FR,Fahrenheit 451,Ray Bradbury,KEEP_TRANSLATION,0,
5784,FR,Je chante le corps électrique,Ray Bradbury,KEEP_TRANSLATION,0,
5785,FR,L'arbre d'halloween,Ray Bradbury,KEEP_TRANSLATION,0,
5786,FR,La baleine de Dublin,Ray Bradbury,KEEP_TRANSLATION,0,
5787,FR,La foire des ténèbres,Ray Bradbury,KEEP_TRANSLATION,0,
5788,FR,Le fantôme d'Hollywood,Ray Bradbury,KEEP_TRANSLATION,0,
5789,FR,Le Vin de l'été,Ray Bradbury,KEEP_TRANSLATION,0,
5790,FR,Les machines à bonheur,Ray Bradbury,KEEP_TRANSLATION,0,
5791,FR,Monstrueusement vôtre,Ray Bradbury,KEEP_TRANSLATION,0,
5792,FR,Train de nuit pour Babylone,Ray Bradbury,KEEP_TRANSLATION,0,
5793,FR,Un remède à la mélancolie,Ray Bradbury,KEEP_TRANSLATION,0,
5794,FR,République royale,Raymond Auzias-Turenne,KEEP_CORE,0,
5795,FR,La Fabuleuse histoire des pompiers,Raymond Deroo,KEEP_CORE,0,
5796,FR,Histoire du polar jeunesse,Raymond Perrin,KEEP_CORE,0,
5797,FR,Marilou Polaire et l'iguane des neiges,Raymond Plante,KEEP_CORE,0,
5798,FR,Une fenêtre dans ma tête,Raymond Plante,KEEP_CORE,0,
5799,FR,Contributions à la guerre en cours (French Edition),Raúl Suárez Tortosa | Santiago Rodríguez Rivarola | Tiqqun,KEEP_TRANSLATION,0,
5800,FR,Réciprocité dans.. relations de travail,Real Arseneau,KEEP_CORE,0,
5801,FR,Cendrars et les arts,Rech.Valenciennes/9/,KEEP_CORE,0,
5802,FR,L'Egypte ancienne à travers les papyrus,Regis Burnet,KEEP_CORE,0,
5803,FR,La grammaire du primaire,Reina Boily,KEEP_CORE,0,
5804,FR,Histoire des Musulmans d'Espagne jusqu'à la conquête de l'Andalousie,Reinhart Dozy,KEEP_TRANSLATION,0,
5805,FR,Cas d'école,Remedium,KEEP_CORE,0,
5806,FR,Gambie aujourd'hui,Remy/Mylene,KEEP_CORE,0,
5807,FR,Méthodes quantitatives et sciences humaines,Renaud Bouret,KEEP_CORE,0,
5808,FR,Écrire l'amour 2,"Rencontre québécoise internationale des écrivains. (15th 1987 Montréal, Quebec)",KEEP_CORE,0,
5809,FR,Marcel Trahan: En quête de justice et de fraternité,Rene Joyal,KEEP_CORE,0,
5810,FR,Le role des sciences dans l'education.,Rene Paucot,KEEP_CORE,0,
5811,FR,"L'Unesco oubliée, la Société des Nations et la coopération intellectuelle",Renoliet,KEEP_CORE,0,
5812,FR,Nord-sud: Amérique--Angleterre--Corse--Spitzberg.,René Bazin,KEEP_CORE,0,
5813,FR,Notes d'un amateur de couleurs,René Bazin,KEEP_CORE,0,
5814,FR,Sicile,René Bazin,KEEP_CORE,0,
5815,FR,Les plus belles affiches du cinéma français des années 50,René Chateau,KEEP_CORE,0,
5816,FR,Descartes,René Descartes,KEEP_CORE,0,
5817,FR,Descartes ou le Combat pour la vérité,René Descartes,KEEP_CORE,0,
5818,FR,Descartes par lui-même.,René Descartes,KEEP_CORE,0,
5819,FR,Discours De La Methode,René Descartes,KEEP_CORE,0,
5820,FR,Discours de la méthode,René Descartes,KEEP_CORE,0,
5821,FR,Discours de la méthode ; (suivi des) Méditations,René Descartes,KEEP_CORE,0,
5822,FR,La recherche dé la vérité par la lumière naturelle,René Descartes,KEEP_CORE,0,
5823,FR,"Le monde, ou, Traité de la lumière",René Descartes,KEEP_CORE,0,
5824,FR,Les principes de la philosophie,René Descartes,KEEP_CORE,0,
5825,FR,Méditations métaphysiques,René Descartes,KEEP_CORE,0,
5826,FR,Oeuvres de Descartes,René Descartes,KEEP_CORE,0,
5827,FR,Oeuvres philosophiques de Descartes,René Descartes,KEEP_CORE,0,
5828,FR,Règles utileset claires pour la direction de l'esprit en la recherche de la verité,René Descartes,KEEP_CORE,0,
5829,FR,uvres de Descartes,René Descartes,KEEP_CORE,0,
5830,FR,Œuvres choisies de Descartes.,René Descartes,KEEP_CORE,0,
5831,FR,Impressions du Canada,René Doumic,KEEP_CORE,0,
5832,FR,Le document fondateur du Judaïsme français,René Gutman,KEEP_CORE,0,
5833,FR,Memorbuch,René Gutman,KEEP_CORE,0,
5834,FR,Les sciences sociales dans l'Encyclopédie,René Hubert,KEEP_CORE,0,
5835,FR,Écrits complets,René Magritte,KEEP_CORE,0,
5836,FR,Le Meilleur des Pieds Nickelés - Tome 01,René Pellos,KEEP_CORE,0,
5837,FR,Matisse,René Percheron,KEEP_CORE,0,
5838,FR,Philosophie des sciences sociales,René Worms,KEEP_CORE,0,
5839,FR,Les français fictifs,Renée Balibar,KEEP_CORE,0,
5840,FR,"Panoramiques, numéro 42. L'orthographe c'est ma faute !",Renée Honvault,KEEP_CORE,0,
5841,FR,L'Arabe du futur,Riad Sattouf,KEEP_CORE,0,
5842,FR,"L'Arabe du futur, tome 3",Riad Sattouf,KEEP_CORE,0,
5843,FR,Les cahiers d'Esther - Tome 1,Riad Sattouf,KEEP_CORE,0,
5844,FR,Puulik chasse l'oomingmak,Richard Alarie,KEEP_CORE,0,
5845,FR,Mode les de mesure,Richard Bertrand,KEEP_CORE,0,
5846,FR,"A courre, à cor et à cri",Richard l,KEEP_CORE,0,
5847,FR,Stratégies de recherche en sciences sociales,Richard Lefrançois,KEEP_CORE,0,
5848,FR,Le nouveau défi démocratique,Richard Mairet,KEEP_CORE,0,
5849,FR,Jean-Michel Basquiat,Richard Marshall | Franklin Sirmans | Glenn O'Brien | Jean Michel Basquiat,KEEP_TRANSLATION,0,
5850,FR,Je suis une légende,Richard Matheson,KEEP_TRANSLATION,0,
5851,FR,Ici,Richard McGuire,KEEP_TRANSLATION,0,
5852,FR,Histoires d'espions,Richard Platt,KEEP_TRANSLATION,0,
5853,FR,La chute de l'Empire aztèque,Richard Platt,KEEP_TRANSLATION,0,
5854,FR,Les yeux du cinéma,Richard Platt,KEEP_TRANSLATION,0,
5855,FR,Les villes de la puissance,Richard Scoffier,KEEP_CORE,0,
5856,FR,Testament politique ou les maximes détat,"Richelieu, Armand Jean du Plessis duc de",KEEP_CORE,0,
5857,FR,Défense des sciences humaines,Richelle M,KEEP_CORE,0,
5858,FR,L'Ombre du Serpent,Rick Riordan,KEEP_TRANSLATION,0,
5859,FR,Georgie,Robert Bright,KEEP_TRANSLATION,0,
5860,FR,Miettes,Robert Crumb,KEEP_TRANSLATION,0,
5861,FR,"mirroir de la vie, essais sur l'évolution esthétique.",Robert De La Sizeranne,KEEP_CORE,0,
5862,FR,Les habits rouges,Robert de Roquebrune,KEEP_CORE,0,
5863,FR,L'Identite Malgache,Robert DuBois,KEEP_CORE,0,
5864,FR,Louis Riel en bande dessinée,Robert Freynet,KEEP_CORE,0,
5865,FR,12-La Gardienne la plus bête en ville,Robert Lawrence Stine,KEEP_TRANSLATION,0,
5866,FR,Les Micmacs,Robert Leavitt,KEEP_TRANSLATION,0,
5867,FR,L' homme sans qualités,Robert Musil,KEEP_TRANSLATION,0,
5868,FR,Mmm... des Biscuits!,Robert N. Munsch,KEEP_TRANSLATION,0,
5869,FR,Eugene Boudin (Monographies),Robert Schmit | Georges Jean-Aubry | G. Jean-Aubry,KEEP_CORE,0,
5870,FR,Chroniques de Majipoor,Robert Silverberg | Patrick Berthon,KEEP_TRANSLATION,0,
5871,FR,Un été sur le Richelieu,Robert Soulières,KEEP_CORE,0,
5872,FR,Horace Nelson et la Corse,Robert Southey,KEEP_TRANSLATION,0,
5873,FR,Tresser les herbes sacrées,Robin Wall Kimmerer,KEEP_TRANSLATION,0,
5874,FR,L' invention de la bande dessinée,Rodolphe Töpffer,KEEP_CORE,0,
5875,FR,"Monsieur Jabot, Monsieur Vieux Bois",Rodolphe Töpffer,KEEP_CORE,0,
5876,FR,Les jeux et le hommes,Roger Caillois,KEEP_CORE,0,
5877,FR,Qui dites-vous que je suis?,Roger Garaudy,KEEP_CORE,0,
5878,FR,Madame Bonheur,Roger Hargreaves,KEEP_TRANSLATION,0,
5879,FR,L'E ́ternité derriere,Roger Ikor,KEEP_CORE,0,
5880,FR,La frontière de la vie,Roger Leloup,KEEP_CORE,0,
5881,FR,Lord demon,Roger Zelazny,KEEP_TRANSLATION,0,
5882,FR,L' obvie et l'obtus,Roland Barthes,KEEP_CORE,0,
5883,FR,La chambre claire,Roland Barthes,KEEP_CORE,0,
5884,FR,L'ordre et la volupté,Roland Fivaz,KEEP_CORE,0,
5885,FR,Comment reconstituer la pre histoire?,Romain Pigeaud,KEEP_CORE,0,
5886,FR,Textus De La Tradition Latine A,Romaine Wolf Bonvin,KEEP_CORE,0,
5887,FR,Moi qui n'ai pas connu les hommes,Ros Schwartz | Jacqueline Harpman,KEEP_CORE,0,
5888,FR,Comment l'Europe construit la société civile,Rosa Sanchez-Salgado,KEEP_CORE,0,
5889,FR,L' art qui nous est contemporain,Rose Marie Arbour,KEEP_CORE,0,
5890,FR,Jean-François Oeben,Rosemarie Stratmann-Dohler,KEEP_CORE,0,
5891,FR,Capitaines courageux,Rudyard Kipling,KEEP_TRANSLATION,0,
5892,FR,Le livre de la jungle,Rudyard Kipling,KEEP_TRANSLATION,0,
5893,FR,Les Tâches du léopard,Rudyard Kipling,KEEP_TRANSLATION,0,
5894,FR,Livre Royal d'Oz Illustré,Ruth Plumly Thompson,KEEP_TRANSLATION,0,
5895,FR,Douces morts violentes,Ruth Rendell | Geraldine Somerville,KEEP_TRANSLATION,0,
5896,FR,sens commun,Réginald Garrigou-Lagrange,KEEP_CORE,0,
5897,FR,Que vive la République,Régis Debray,KEEP_CORE,0,
5898,FR,Religions de guérison,Régis Dericquebourg,KEEP_CORE,0,
5899,FR,La Quête de l'oiseau du temps - Intégrale,Régis Loisel | Serge Le Tendre,KEEP_CORE,0,
5900,FR,"Le ""Detective Novel"" et l'influence de la pensée scientifique",Régis Messac,KEEP_CORE,0,
5901,FR,Méthodes quantitatives pour les sciences humaines,Réjean Huot,KEEP_CORE,0,
5902,FR,Les conquérants aveugles,Rémy Chauvin,KEEP_CORE,0,
5903,FR,L'Invention pharmaceutique,S. Chauveau,KEEP_CORE,0,
5904,FR,Faussement vrai et vraiment faux. La logique au quotidien,S. Cuenod,KEEP_CORE,0,
5905,FR,Economie du nord pas de calais,S. Dormard,KEEP_CORE,0,
5906,FR,La litterature et le sida,S. Spoiden,KEEP_CORE,0,
5907,FR,Drôle de cauchemar,Saint Aubin,KEEP_CORE,0,
5908,FR,Contes magiques de Haute Kabylie,Salima Ait Mohamed,KEEP_CORE,0,
5909,FR,POURQUOI LE CIEL EST BLEU,Sally Grindley,KEEP_TRANSLATION,0,
5910,FR,Quatre petits chiens noirs,Sally Grindley,KEEP_TRANSLATION,0,
5911,FR,"Réveille-toi, Papa!",Sally Grindley,KEEP_TRANSLATION,0,
5912,FR,Rêve de glace et patins blancs,Sally Grindley,KEEP_TRANSLATION,0,
5913,FR,"Toc, toc! Qui est là?",Sally Grindley,KEEP_TRANSLATION,0,
5914,FR,Quand vous lirez ce livre,Sally Nicholls | Sally Nicholls,KEEP_TRANSLATION,0,
5915,FR,Les catalogues des Salons,"Salon (Exhibition : Paris, France)",KEEP_CORE,0,
5916,FR,Abeilles féroces,Sami Kélada,KEEP_CORE,0,
5917,FR,Détectives extra-lucides,Sami Kélada,KEEP_CORE,0,
5918,FR,Le goût en France,Samuel Rocheblave,KEEP_CORE,0,
5919,FR,Le mythe d'Arthur,Sandra Gorgievski,KEEP_CORE,0,
5920,FR,Un autre Maupassant,Sandrine de Montmort,KEEP_CORE,0,
5921,FR,Glenn Gould,Sandrine Revel,KEEP_CORE,0,
5922,FR,"Comédie française, voyages dans l'antichambre du pouvoir",Sapin Mathieu | Sapin Mathieu,KEEP_CORE,0,
5923,FR,"Comment comprendre Israël en 60 jours, ou moins",Sarah Glidden,KEEP_TRANSLATION,0,
5924,FR,Le faiseur de pluie,Saul Bellow,KEEP_TRANSLATION,0,
5925,FR,Le diabolique Fu-Manchu,Sax Rohmer,KEEP_TRANSLATION,0,
5926,FR,Précis de droit des gens,"Scelle, Georges",KEEP_CORE,0,
5927,FR,"1916, attaques du requin",Scott Dawson | Haus Studio | Lauren Haus Studio | Lauren Tarshis,KEEP_TRANSLATION,0,
5928,FR,Batman : La cour des hiboux,Scott Snyder,KEEP_TRANSLATION,0,
5929,FR,Cathy's book,Sean Stewart | Jordan Weisman,KEEP_TRANSLATION,0,
5930,FR,Dictionnaire culturel de l'expressionnisme,Sebastien Clerbois,KEEP_CORE,0,
5931,FR,... Tragédies ...,Seneca the Younger,KEEP_TRANSLATION,0,
5932,FR,Dialogues,Seneca the Younger,KEEP_TRANSLATION,0,
5933,FR,"Lettres à Lucilius, extraits.",Seneca the Younger,KEEP_TRANSLATION,0,
5934,FR,Questions naturelles ...,Seneca the Younger,KEEP_TRANSLATION,0,
5935,FR,Tocqueville retrouvé,Serge Audier,KEEP_CORE,0,
5936,FR,Sugar,Serge Baeken,KEEP_CORE,0,
5937,FR,Le cousin de Max et Lili se drogue,Serge Bloch,KEEP_CORE,0,
5938,FR,Ah! c'est mon histoire!,Serge Cham,KEEP_CORE,0,
5939,FR,Les alchimistes au Moyen Age,Serge Hutin,KEEP_CORE,0,
5940,FR,"Jeunes délinquants, jeunes violents",Serge Michalski,KEEP_CORE,0,
5941,FR,Violence et délinquance en milieu scolaire,Serge Michalski,KEEP_CORE,0,
5942,FR,Cobra,Severo Sarduy,KEEP_TRANSLATION,0,
5943,FR,La nouvelle école des élites,Shamus Rahman Khan,KEEP_CORE,0,
5944,FR,Sol Lewitt,Shariann Lewitt,KEEP_CORE,0,
5945,FR,La danse des six lunes,Sheri S. Tepper,KEEP_TRANSLATION,0,
5946,FR,Rituel de chasse,Sheri S. Tepper,KEEP_TRANSLATION,0,
5947,FR,En avant toutes,Sheryl Sandberg | Nell Scovell,KEEP_TRANSLATION,0,
5948,FR,Le livre de la sagesse orientale,"Shihâboddîn Yahya Sohravardî | Qotboddîn Shîrâzî | Mollâ Sadrâ Shîrâzî | Yaḥyá ibn Ḥabash Suhrawardī | Corbin, Henry.",KEEP_TRANSLATION,0,
5949,FR,Structure de l'iki,Shuzo Kuki,KEEP_TRANSLATION,0,
5950,FR,Cerveau dans tous ses etats,Sicard Monique Pres,KEEP_CORE,0,
5951,FR,Cinquante ans de philosophie française,Sichere B,KEEP_CORE,0,
5952,FR,Jingo Django,Sid Fleischman,KEEP_TRANSLATION,0,
5953,FR,Le Cheval de minuit,Sid Fleischman,KEEP_TRANSLATION,0,
5954,FR,Le treizième étage,Sid Fleischman,KEEP_TRANSLATION,0,
5955,FR,Identités nationales dans l'Europe des Lumières,Siecles/,KEEP_CORE,0,
5956,FR,Toit du Monde,Sigismond de Vajay,KEEP_CORE,0,
5957,FR,"Correspondance avec le pasteur Pfister, 1909-1939",Sigmund Freud,KEEP_TRANSLATION,0,
5958,FR,La psychopathologie de la vie quotidienne,Sigmund Freud,KEEP_TRANSLATION,0,
5959,FR,Confreries urbaines,Simiz,KEEP_CORE,0,
5960,FR,"Le pouvoir, c'est pas sorcier",Simone Landry,KEEP_CORE,0,
5961,FR,"Travail, affection et pouvoir dans les groupes restreints",Simone Landry,KEEP_CORE,0,
5962,FR,Les abords de la région inconnue,Sir Clements R. Markham,KEEP_TRANSLATION,0,
5963,FR,Voyage autour de la terre,Sir John Mandeville,KEEP_TRANSLATION,0,
5964,FR,Dessins et tableaux de la renaissance italienne dans les collections de Suède,"Sirén, Osvald",KEEP_CORE,0,
5965,FR,Japon pluriel 2,Societe francaise des etudes japonaises,KEEP_CORE,0,
5966,FR,La Science sociale,Société internationale de science,KEEP_CORE,0,
5967,FR,"Tricot, Piano Et Jeu Video",Sonia Sarafati,KEEP_CORE,0,
5968,FR,Proust Et Ses Peintres.,Sophie Bertho,KEEP_CORE,0,
5969,FR,LA QUESTION DU POUVOIR EN AFRIQUE DU NORD ET DE L'OUEST - Hors-se rie - (volume 2) - Affirmations identitaires et enjeux de pouvoir,Sophie Caratini,KEEP_CORE,0,
5970,FR,Comment survivre aux deux prochaines minutes,Sophie Labelle,KEEP_CORE,0,
5971,FR,Jean Vendome,Sophie Lefèvre,KEEP_CORE,0,
5972,FR,Andalousie,Sophie Markariou,KEEP_CORE,0,
5973,FR,"Élisabeth; ou, Les exiles de Sibérie ..",Sophie Ristaud Cottin,KEEP_CORE,0,
5974,FR,La culture du sport au Québec,Sorbets Augustin,KEEP_CORE,0,
5975,FR,Temps et développement dans la pensée de l'Afrique subsaharienne,Souleymane et Heinz KIMMERLE BACHIR DIAGNE,KEEP_CORE,0,
5976,FR,LES GRANDES QUESTIONS DE LA PHILOSOPHIE PENALE,"Stamatios Tzitzis | Stamatios, TZITZIS",KEEP_CORE,0,
5977,FR,L' invincible,Stanisław Lem,KEEP_TRANSLATION,0,
5978,FR,Mémoires trouvés dans une baignoire,Stanisław Lem,KEEP_TRANSLATION,0,
5979,FR,Solaris,Stanisław Lem,KEEP_TRANSLATION,0,
5980,FR,L'Appel Des Loups,Stanley Pean,KEEP_CORE,0,
5981,FR,LA Memoire Ensanglantee,Stanley Pean,KEEP_CORE,0,
5982,FR,Le Temps S'Enfuit,Stanley Pean,KEEP_CORE,0,
5983,FR,"Ranxerox, tome 2",Stefano Tamburini | Tanino Liberatore,KEEP_TRANSLATION,0,
5984,FR,Pas de répit pour Mélanie,Stella Goulet,KEEP_CORE,0,
5985,FR,Le gang,Stephan Niederwieser,KEEP_TRANSLATION,0,
5986,FR,"I.R.S., tome 3",Stephen Desberg | Bernard Vrancken,KEEP_CORE,0,
5987,FR,Duma Key,Stephen King,KEEP_TRANSLATION,0,
5988,FR,Le manoir de l'enfer,Steve Jackson,KEEP_TRANSLATION,0,
5989,FR,Dragman,Steven Appleby,KEEP_TRANSLATION,0,
5990,FR,Coma,Steven Dupre,KEEP_CORE,0,
5991,FR,Topologie du néant,Stevens B.,KEEP_CORE,0,
5992,FR,"Une BD, des infos, pour élucider un mystère à Rome",Stewart Ross,KEEP_TRANSLATION,0,
5993,FR,Guide de l'enquête de terrain,Stéphane Beaud,KEEP_CORE,0,
5994,FR,Promenade en Mongolie,Stéphane Bouvier,KEEP_CORE,0,
5995,FR,Le garde-meuble de la couronne et ses intendants du XVIe au XVIIIe siècle,Stéphane Castelluccio,KEEP_CORE,0,
5996,FR,Les collections royales,Stéphane Castelluccio,KEEP_CORE,0,
5997,FR,La musique europaïenne,Stéphane François,KEEP_CORE,0,
5998,FR,Dominique Gonzalez-Foerster,Stéphanie Moisdon-Trembley,KEEP_CORE,0,
5999,FR,"Saintete française reforme catholique, 16e-18e siecles.",Suire/,KEEP_CORE,0,
6000,FR,"Le Voleur De Poisson D'or (Premier Roman, 113)",Suzane Langlois | Sylvain Trudel | Sylvain Trudel,KEEP_CORE,0,
6001,FR,La Mésange à tête noire,Suzanne Brûlotte,KEEP_CORE,0,
6002,FR,Hunger Games,Suzanne Collins,KEEP_TRANSLATION,0,
6003,FR,Le Feu de Shiva,Suzanne Fisher Staples,KEEP_TRANSLATION,0,
6004,FR,Shabanu,Suzanne Fisher Staples,KEEP_TRANSLATION,0,
6005,FR,Le Pouvoir Et Lautoriti. Avatars Italiens de La Notion Dauctoritas Dauguste Domitien (27 A.C. - 96 P.C.) (Bibliotheque D'Etudes Classiques),Suzanne Gely,KEEP_CORE,0,
6006,FR,Mémo 3,Suzanne Guillemette,KEEP_CORE,0,
6007,FR,Sur la route de Samarcande,Sveta Gorshenina,KEEP_CORE,0,
6008,FR,Les explorateurs de l'Asie centrale,Svetlana Gorshenina,KEEP_CORE,0,
6009,FR,L e macareux moine,Sylvain Meunier,KEEP_CORE,0,
6010,FR,"Le Lieu unique, Nantes",Sylvie Capocci,KEEP_CORE,0,
6011,FR,Décrire le Caire Fustāt-Miṣr d'aprés Ibn Duqmāq et Maqrīzī,Sylvie Denoix,KEEP_CORE,0,
6012,FR,Peut-on dessiner un souvenir?,Sylvie Desrosiers,KEEP_CORE,0,
6013,FR,Le Plus Beau Prenom Du Monde,Sylvie Massiicotte,KEEP_CORE,0,
6014,FR,De bons voisins,Sylvie Tissot,KEEP_CORE,0,
6015,FR,Oscar wilde,Sébastien Heurtel,KEEP_CORE,0,
6016,FR,De l'attaque et de la defense des places,Sébastien Le Prestre de Vauban,KEEP_CORE,0,
6017,FR,Korn de A à Z,Sébastien Paquet,KEEP_CORE,0,
6018,FR,Crainte et tremblement,Søren Kierkegaard,KEEP_TRANSLATION,0,
6019,FR,La reprise,Søren Kierkegaard,KEEP_TRANSLATION,0,
6020,FR,Les Miettes philosophiques,Søren Kierkegaard,KEEP_TRANSLATION,0,
6021,FR,Post-scriptum aux miettes philosophiques,Søren Kierkegaard,KEEP_TRANSLATION,0,
6022,FR,Exercices d'arithmétique pour les élèves des classes primaires,T. Rochon,KEEP_CORE,0,
6023,FR,Chats !,T. S. Eliot,KEEP_TRANSLATION,0,
6024,FR,Symbolique des cathedrales,T. Schwarz,KEEP_CORE,0,
6025,FR,De la certitude dans les sciences d'observation,T.-E Hamel,KEEP_CORE,0,
6026,FR,Seraph of the end,Takaya Kagami,KEEP_TRANSLATION,0,
6027,FR,Prince du Tennis - Tome 29,Takeshi Konomi,KEEP_TRANSLATION,0,
6028,FR,Prince du Tennis - Tome 30,Takeshi Konomi,KEEP_TRANSLATION,0,
6029,FR,Prince du Tennis - Tome 31,Takeshi Konomi,KEEP_TRANSLATION,0,
6030,FR,Prince du Tennis - Tome 32,Takeshi Konomi,KEEP_TRANSLATION,0,
6031,FR,Prince du Tennis - Tome 33,Takeshi Konomi,KEEP_TRANSLATION,0,
6032,FR,Prince du Tennis - Tome 39,Takeshi Konomi,KEEP_TRANSLATION,0,
6033,FR,Prince du Tennis - Tome 41,Takeshi Konomi,KEEP_TRANSLATION,0,
6034,FR,Prince du Tennis - Tome 42,Takeshi Konomi,KEEP_CORE,0,
6035,FR,Les Relations entre le monde arabo-musulman et le monde latin,Talon,KEEP_CORE,0,
6036,FR,"120, rue de la Gare",Tardi | Léo Malet,KEEP_CORE,0,
6037,FR,Sir Arthur Benton,Tarek,KEEP_CORE,0,
6038,FR,Les peintres realistes russes en France (1860-1900),Tatiana Mojenok,KEEP_CORE,0,
6039,FR,"Blake et Mortimer, tome 13",Ted Benoit,KEEP_CORE,0,
6040,FR,L'Héritage de Shannara 3,Terry Brooks,KEEP_TRANSLATION,0,
6041,FR,Le Linceul de l'éternité,Terry Goodkind | Christina Traister,KEEP_TRANSLATION,0,
6042,FR,Je m'habillerai de nuit,Terry Pratchett,KEEP_TRANSLATION,0,
6043,FR,Pouvoirs et cultures organisationnels,"Tessier, Roger | Yvan Tellier",KEEP_CORE,0,
6044,FR,The Testament of Sister New Devil T01,Tetsuto Uesu | Miyakokasiwa,KEEP_TRANSLATION,0,
6045,FR,Eminences grises à l'ombre du pouvoir,"Theoret, Yves*Lafrance, Andre-A",KEEP_CORE,0,
6046,FR,Laïcité ou religion nouvelle?,Thibaud Collin,KEEP_CORE,0,
6047,FR,On tue à chaque page !,Thierry Groensteen,KEEP_CORE,0,
6048,FR,Le sens des mots.,Thierry Maulnier,KEEP_CORE,0,
6049,FR,Somme théologique.,"Thomas Aquinas | Kennedy, Daniel Joseph, 1862-1930",KEEP_TRANSLATION,0,
6050,FR,Violence de la loi à la Renaissance,Thomas Berns,KEEP_CORE,0,
6051,FR,Sartor resartus,Thomas Carlyle,KEEP_TRANSLATION,0,
6052,FR,"Voyage bibliographique, archéologique et pittoresque en France",Thomas Frognall Dibdin,KEEP_CORE,0,
6053,FR,Les sciences naturelles et les problèmes qu'elles font surgir,Thomas Henry Huxley,KEEP_TRANSLATION,0,
6054,FR,La description de l'isle d'Utopie.,Thomas More,KEEP_TRANSLATION,0,
6055,FR,Le capital au XXIe siècle,Thomas Piketty,KEEP_CORE,0,
6056,FR,Une vie comme un été,Thomas von Steinaecker | Barbara Yelin,KEEP_TRANSLATION,0,
6057,FR,Histoire de Édouard Manet et de son oeuvre.,Théodore Duret,KEEP_CORE,0,
6058,FR,Histoire des peintres impressionnistes,Théodore Duret,KEEP_CORE,0,
6059,FR,L' émeraude des Garamantes,Théodore Monod,KEEP_CORE,0,
6060,FR,Méharées,Théodore Monod,KEEP_CORE,0,
6061,FR,Itinéraire spirituel.,Théodore Ruyssen,KEEP_CORE,0,
6062,FR,Sophistes allemands et les nihilistes russes,Théophile Funck-Brentano,KEEP_CORE,0,
6063,FR,Abécédaire du salon de 1861.,Théophile Gautier,KEEP_CORE,0,
6064,FR,Constantinople,Théophile Gautier,KEEP_CORE,0,
6065,FR,Fusains et eaux-fortes,Théophile Gautier,KEEP_CORE,0,
6066,FR,Le capitaine Fracasse,Théophile Gautier,KEEP_CORE,0,
6067,FR,Le roman de la momie,Théophile Gautier,KEEP_CORE,0,
6068,FR,Le Roman de la momie,Théophile Gautier,KEEP_CORE,0,
6069,FR,Loin de Paris,Théophile Gautier,KEEP_CORE,0,
6070,FR,Mademoiselle de Maupin.,Théophile Gautier,KEEP_CORE,0,
6071,FR,Orient.,Théophile Gautier,KEEP_CORE,0,
6072,FR,Portraits contemporains,Théophile Gautier,KEEP_CORE,0,
6073,FR,Tableaux à la plume,Théophile Gautier,KEEP_CORE,0,
6074,FR,Théophile Gautier,Théophile Gautier,KEEP_CORE,0,
6075,FR,Voyage en Espagne,Théophile Gautier,KEEP_CORE,0,
6076,FR,Voyage en Russie,Théophile Gautier,KEEP_CORE,0,
6077,FR,L'annee du lievre 2,Tian,KEEP_CORE,0,
6078,FR,L'année du lièvre,Tian,KEEP_CORE,0,
6079,FR,"Istanbul Face Aux Regards--Visions, Illusions, Illuminations",Tijen Olcay,KEEP_CORE,0,
6080,FR,Chasseur de t^etes,Timothy Findley,KEEP_TRANSLATION,0,
6081,FR,Guerres,Timothy Findley,KEEP_TRANSLATION,0,
6082,FR,La fille de l'homme au piano,Timothy Findley,KEEP_TRANSLATION,0,
6083,FR,Le dernier des fous,Timothy Findley,KEEP_TRANSLATION,0,
6084,FR,Le Grand Elysium Hôtel,Timothy Findley,KEEP_TRANSLATION,0,
6085,FR,Les Robes bleues,Timothy Findley,KEEP_TRANSLATION,0,
6086,FR,Passagers clandestins,Timothy Findley,KEEP_TRANSLATION,0,
6087,FR,Pilgrim,Timothy Findley,KEEP_TRANSLATION,0,
6088,FR,Police lunaire,Tom Gauld,KEEP_TRANSLATION,0,
6089,FR,N'oublie pas ta capuche!,Tome | Janry,KEEP_CORE,0,
6090,FR,"Spirou et Fantasio, tome 37",Tome | Janry,KEEP_CORE,0,
6091,FR,Du mensonge,Tommi Parrish,KEEP_TRANSLATION,0,
6092,FR,"Radiant, tome 12",Tony Valente,KEEP_CORE,0,
6093,FR,Spirit of wonder,Toren Smith | Dana Lewis | Kenji Tsuruta,KEEP_TRANSLATION,0,
6094,FR,Balaena Nun,Trantkat,KEEP_CORE,0,
6095,FR,La tijaniyya. une confrerie musulmane a la conquete de l'afrique,Triaud /Robinson,KEEP_CORE,0,
6096,FR,Dictionnaire humoristique de A à Z,Tristan Bernard,KEEP_CORE,0,
6097,FR,La Chine en mouvement,Trudie BonBernard,KEEP_CORE,0,
6098,FR,Bakuman - Tome 12 (BAKUMAN (12)) (French Edition),Tsugumi Ohba | Takeshi Obata,KEEP_TRANSLATION,0,
6099,FR,Bakuman - Tome 13,Tsugumi Ohba | Takeshi Obata,KEEP_TRANSLATION,0,
6100,FR,Bakuman - Tome 17,Tsugumi Ohba | Takeshi Obata,KEEP_TRANSLATION,0,
6101,FR,"Bakuman, Tome 4 (French Edition)",Tsugumi Ohba | Takeshi Obata,KEEP_TRANSLATION,0,
6102,FR,"Bakuman, Tome 6",Tsugumi Ohba | Takeshi Obata,KEEP_TRANSLATION,0,
6103,FR,Death Note - Black edition Tome 5,Tsugumi Ohba | Takeshi Obata,KEEP_TRANSLATION,0,
6104,FR,DEATH NOTE BLACK EDITION - Tome 1,Tsugumi Ohba | Takeshi Obata,KEEP_TRANSLATION,0,
6105,FR,"œuvres de Mr. Turgot, ministre d'état, précédées et accompagnées de Mémoires et de notes sur sa ...",Turgot,KEEP_CORE,0,
6106,FR,Images et représentation du pouvoir et de l'ordre social dans l'antiquité,"Université d'Angers, HIRES (Centre d'histoire des régulations et des politiques sociales UPRES EA 1710) (Angers) (28-29 mai 1999)",KEEP_CORE,0,
6107,FR,Guide de Montréal,Université Laval,KEEP_CORE,0,
6108,FR,"Rapports des jurys du baccalauréat, session de juin 1912",Université Laval,KEEP_CORE,0,
6109,FR,Dieu amour dans la tradition chrétienne et la pensée contemporaine,V. (Vera) Araújo,KEEP_CORE,0,
6110,FR,Dictionnaire iconologique,V. Bar,KEEP_CORE,0,
6111,FR,L' education des sentiments. --.,V. Bridou,KEEP_CORE,0,
6112,FR,"Le siècle de la lumière, 1600-1715",V. C. /Jullien Biet,KEEP_CORE,0,
6113,FR,La Terminologie franco-canadienne dans les sciences naturelles,V.-A Huard,KEEP_CORE,0,
6114,FR,Manuel des sciences usuelles,V.-A Huard,KEEP_CORE,0,
6115,FR,L'ange de la nuit,V.C. Andrews,KEEP_TRANSLATION,0,
6116,FR,Les enfants des collines,V.C. Andrews,KEEP_TRANSLATION,0,
6117,FR,Palestine(s): Les Dechirures,Valerie Feron,KEEP_CORE,0,
6118,FR,La bioéthique,Valérie Marange,KEEP_CORE,0,
6119,FR,Casino royale,Van Jensen,KEEP_TRANSLATION,0,
6120,FR,Anciens et modernes,Vasco de Magalhães-Vilhena,KEEP_TRANSLATION,0,
6121,FR,D'holbach - oeuvres philosophiques completes t3,Vercruysse Jerome,KEEP_CORE,0,
6122,FR,Allégeance,Veronica Roth,KEEP_TRANSLATION,0,
6123,FR,Divergence,Veronica Roth,KEEP_TRANSLATION,0,
6124,FR,Divergente 2,Veronica Roth,KEEP_CORE,0,
6125,FR,Temps et aspect,Veronique Lagae,KEEP_CORE,0,
6126,FR,Études de philosophie ancienne et de philosophie moderne.,Victor Charles Louis Brochard,KEEP_CORE,0,
6127,FR,De Kant aux postkantiens,Victor Delbos,KEEP_CORE,0,
6128,FR,problème moral dans la philosophie de Spinoza et dans l'histoire du spinozisme.,Victor Delbos,KEEP_CORE,0,
6129,FR,Platonisme et pensée contemporaine,Victor Goldschmidt,KEEP_CORE,0,
6130,FR,"Alpes, de la Haute-Savoie à la Suisse",Victor Hugo,KEEP_CORE,0,
6131,FR,Bug-Jargal,Victor Hugo,KEEP_CORE,0,
6132,FR,Chanson Pour Faire Danser En Rond Les Petits Enfants,Victor Hugo,KEEP_CORE,0,
6133,FR,Correspondance entre Victor Hugo et Paul Meurice.,Victor Hugo,KEEP_CORE,0,
6134,FR,De la jeunesse,Victor Hugo,KEEP_CORE,0,
6135,FR,Dernier jour d'un condamné,Victor Hugo,KEEP_CORE,0,
6136,FR,Ecrits politiques,Victor Hugo,KEEP_CORE,0,
6137,FR,En voyage,Victor Hugo,KEEP_CORE,0,
6138,FR,enfants (Le livre des mères),Victor Hugo,KEEP_CORE,0,
6139,FR,Esmeralda,Victor Hugo,KEEP_CORE,0,
6140,FR,Extraits,Victor Hugo,KEEP_CORE,0,
6141,FR,feuilees d'automne.,Victor Hugo,KEEP_CORE,0,
6142,FR,Grand album Victor Hugo,Victor Hugo,KEEP_CORE,0,
6143,FR,Jargal,Victor Hugo,KEEP_CORE,0,
6144,FR,L' art et la science,Victor Hugo,KEEP_CORE,0,
6145,FR,L' esprit de la lettre,Victor Hugo,KEEP_CORE,0,
6146,FR,La voix de Victor Hugo dans la guerre mondiale et ses prophéties,Victor Hugo,KEEP_CORE,0,
6147,FR,Le Conservateur littéraire. Edition critique publiée par Jules Marsan.,Victor Hugo,KEEP_CORE,0,
6148,FR,Le Hugo,Victor Hugo,KEEP_CORE,0,
6149,FR,Les Chants Du Crepuscule (Collection Poesie),Victor Hugo,KEEP_CORE,0,
6150,FR,Les Chants du crépuscule - Les Voix intérieures - Les Rayons et les Ombres,Victor Hugo,KEEP_CORE,0,
6151,FR,Les Miserables 1,Victor Hugo,KEEP_CORE,0,
6152,FR,Littérature et philosophie mêlées.,Victor Hugo,KEEP_CORE,0,
6153,FR,Sur les bords du Rhin,Victor Hugo,KEEP_CORE,0,
6154,FR,Victor Hugo,Victor Hugo,KEEP_CORE,0,
6155,FR,Voyage vers les Pyrénées,Victor Hugo,KEEP_CORE,0,
6156,FR,Voyages France et Belgique (1834-1837),Victor Hugo,KEEP_CORE,0,
6157,FR,VLB,Victor Lévy Beaulieu,KEEP_CORE,0,
6158,FR,Roller Girl,Victoria Jamieson,KEEP_TRANSLATION,0,
6159,FR,Inférence statistique,Vidya Bhushan,KEEP_CORE,0,
6160,FR,Le Discernement selon d'Edith Stein,Vincent Aucante,KEEP_CORE,0,
6161,FR,Autofictions et autres mythomanies littéraires,Vincent Colonna,KEEP_CORE,0,
6162,FR,La société malade de la gestion,Vincent de Gaujelac,KEEP_CORE,0,
6163,FR,C'était la ville nouvelle,Vincent Girard,KEEP_CORE,0,
6164,FR,Les premiers missionnaires protestants de madagascar (1795-1827),Vincent Huyghues-Belrose,KEEP_CORE,0,
6165,FR,L'Illusion nationale: Deux ans d'enquete dans les villes FN (French Edition),Vincent JAROUSSEAU | Valerie IGOUNET,KEEP_CORE,0,
6166,FR,L' analyse structurale des réseaux sociaux,Vincent Lemieux,KEEP_CORE,0,
6167,FR,Negalyod,Vincent Perriot,KEEP_CORE,0,
6168,FR,"L' éducation, la famille et la société","Vinet, Alexandre Rodolphe",KEEP_CORE,0,
6169,FR,Visages de la pauvreté - don alimentaire et precarite urbaine,Violette-Bajard,KEEP_CORE,0,
6170,FR,Histoire de l habitation humaine,Viollet,KEEP_CORE,0,
6171,FR,Le canard fermier,Vivian French | Martin Waddell | Helen Oxenbury | Susana Tornero Brugués,KEEP_TRANSLATION,0,
6172,FR,Lignes de front,Viviane Alary | Benoît Mitaine,KEEP_CORE,0,
6173,FR,Le récit de voyage en Angleterre au XVIIIe siècle,Vivies J,KEEP_CORE,0,
6174,FR,"Candide, ou L'optimisme",Voltaire,KEEP_CORE,0,
6175,FR,L' ingénu,Voltaire,KEEP_CORE,0,
6176,FR,La philosophie de l'histoire,Voltaire,KEEP_CORE,0,
6177,FR,Le Monde Comme Il Va Micromegas Jeannot Et Colin (Petits Classiques Larousse Texte Integral),Voltaire,KEEP_CORE,0,
6178,FR,Merope,Voltaire,KEEP_CORE,0,
6179,FR,Micromégas,Voltaire,KEEP_CORE,0,
6180,FR,Oedipe,Voltaire,KEEP_CORE,0,
6181,FR,Questions sur l'Encyclopedie,Voltaire,KEEP_CORE,0,
6182,FR,Zadig,Voltaire,KEEP_CORE,0,
6183,FR,Zadig et autres contes,Voltaire,KEEP_CORE,0,
6184,FR,Œuvres complètes de Voltaire.,Voltaire,KEEP_CORE,0,
6185,FR,Un art de la figure,Vouilloux B,KEEP_CORE,0,
6186,FR,Noms de lieux de la Loire et du Rhône,Vurpas/Michel,KEEP_CORE,0,
6187,FR,Z eckie Zan,Véronique Drouin,KEEP_CORE,0,
6188,FR,"Rapport de M.W.T. Jennings, I.C.",W. T. Jennings,KEEP_CORE,0,
6189,FR,Alien 3,Walter Hill | David Giler | Larry Ferguson | Alan Dean Foster | Vincent Ward,KEEP_TRANSLATION,0,
6190,FR,Nos origines,Walter Vogels,KEEP_CORE,0,
6191,FR,Down,Warren Ellis,KEEP_TRANSLATION,0,
6192,FR,Histoire de la philosophie européenne,"Weber, Alfred",KEEP_CORE,0,
6193,FR,Histoire de Petit-Jean des Villes (Potter Original),Wendy Rasmussen | Beatrix Potter,KEEP_TRANSLATION,0,
6194,FR,Goya,Werner Hofmann,KEEP_CORE,0,
6195,FR,"Voyage au Brésil, dans les années 1815, 1816 et 1817","Wied, Maximillian Prinz von",KEEP_CORE,0,
6196,FR,Histoire de la civilisation,Will Durant | Ariel Durant,KEEP_TRANSLATION,0,
6197,FR,Les leçons de l'histoire,Will Durant | Ariel Durant | Ni yu ping | Zhang kang,KEEP_TRANSLATION,0,
6198,FR,Mon dernier jour au Vietnam,Will Eisner,KEEP_TRANSLATION,0,
6199,FR,Principaux monuments du Musée égyptien de Florence,William B. Berend,KEEP_CORE,0,
6200,FR,Terres françaises,William Morton Fullerton,KEEP_CORE,0,
6201,FR,Henri IV (1re partie),William Shakespeare,KEEP_TRANSLATION,0,
6202,FR,La tempête,William Shakespeare,KEEP_TRANSLATION,0,
6203,FR,Macbeth (1606),William Shakespeare,KEEP_TRANSLATION,0,
6204,FR,"XIII, tome 10",William Vance | Jean Van Hamme,KEEP_CORE,0,
6205,FR,"XIII, tome 12",William Vance | Jean Van Hamme,KEEP_CORE,0,
6206,FR,"XIII, tome 2",William Vance | Jean Van Hamme,KEEP_CORE,0,
6207,FR,"XIII, tome 4, Spads",William Vance | Jean Van Hamme,KEEP_CORE,0,
6208,FR,"XIII, tome 7, La nuit du 3 août",William Vance | Jean Van Hamme,KEEP_CORE,0,
6209,FR,"XIII, tome 6",William Vance | Jean Van Hamme | William Vance,KEEP_CORE,0,
6210,FR,La Femme dans le miroir,Winston Graham,KEEP_TRANSLATION,0,
6211,FR,Les Élites du pouvoir et la construction de l'État en Europe,Wolfgang Reinhard,KEEP_CORE,0,
6212,FR,La Nouvelle Langue du dragon,Wu Hua,KEEP_CORE,0,
6213,FR,Egon Schiele,Xavier Coste,KEEP_CORE,0,
6214,FR,Propos gascons,Xavier de Cardaillac,KEEP_CORE,0,
6215,FR,"Super-héros, une histoire française",Xavier Fournier,KEEP_CORE,0,
6216,FR,La premiere empreinte,Xavier-Marie Bonnot,KEEP_CORE,0,
6217,FR,Black butler,Yana Toboso,KEEP_TRANSLATION,0,
6218,FR,"Rome, ville et capitale-collectif",Yann le Bohec,KEEP_CORE,0,
6219,FR,Urbs/rome de César a commode-synthese,Yann le Bohec,KEEP_CORE,0,
6220,FR,Méthode d'étude et de recherche en sciences économiques et sociales,"Yao, Joseph economist.",KEEP_CORE,0,
6221,FR,L 'homme sans talent,Yoshiharu Tsuge,KEEP_TRANSLATION,0,
6222,FR,"Skip Beat!, 16",Yoshiko Nakamura,KEEP_TRANSLATION,0,
6223,FR,"Skip Beat!, 19",Yoshiko Nakamura,KEEP_TRANSLATION,0,
6224,FR,Yosl Bergner,Yosl Bergner,KEEP_CORE,0,
6225,FR,Les clandestins,Youssouf Amine Elalamy,KEEP_CORE,0,
6226,FR,Un Marocain à New York,Youssouf Amine Elalamy,KEEP_CORE,0,
6227,FR,Harem,Ysabel Saiah-Baudis,KEEP_CORE,0,
6228,FR,Another T01,Yukito Ayatsuji | Hiro Kiyohara,KEEP_TRANSLATION,0,
6229,FR,Gunnm Other Stories,Yukito Kishiro,KEEP_TRANSLATION,0,
6230,FR,Sapiens,Yuval Noah Harari,KEEP_TRANSLATION,0,
6231,FR,L'oligarchie au pouvoir,Yvan Blot,KEEP_CORE,0,
6232,FR,Un art de fonctionnaires,Yves Aguilar,KEEP_CORE,0,
6233,FR,Grandir à Moncton,Yves Cormier,KEEP_CORE,0,
6234,FR,M1 ABRAMS (Materiels Militaires Du Monde),Yves Debay,KEEP_CORE,0,
6235,FR,La perte des mots,Yves Delègue,KEEP_CORE,0,
6236,FR,Le surréalisme,Yves Duplessis,KEEP_CORE,0,
6237,FR,La recherche qualitative en éducation,Yves Poisson,KEEP_CORE,0,
6238,FR,Ashini,Yves Thériault,KEEP_CORE,0,
6239,FR,L' étude de cas comme méthode de recherche,Yves-Chantal Gagnon,KEEP_CORE,0,
6240,FR,L'étude de cas comme méthode de recherche,Yves-Chantal Gagnon,KEEP_CORE,0,
6241,FR,Le Cinéma tchèque et slovaque,Zaoralova/Passek,KEEP_CORE,0,
6242,FR,Litterature et philosophie,Zard /Ich,KEEP_CORE,0,
6243,FR,Paris 2119,Zep,KEEP_CORE,0,
6244,FR,"Titeuf, tome 15",Zep,KEEP_CORE,0,
6245,FR,Représentation picturale et représentation théâtrale,Zorzi /Guglielmi-Peretti,KEEP_CORE,0,
6246,FR,Du volcan au chaos,Édith de La Héronnière,KEEP_CORE,0,
6247,FR,"""Lectio philosophorum""",Édouard Jeauneau,KEEP_CORE,0,
6248,FR,Voyageurs anciens et modernes ou Choix des relations de voyages les plus intéressantes et les ...,Édouard Thomas Charton,KEEP_CORE,0,
6249,FR,erreurs sociales du temps présent,Élie Méric,KEEP_CORE,0,
6250,FR,N'importe quoi,Élise Gravel,KEEP_CORE,0,
6251,FR,La parenthèse,Élodie Durand,KEEP_CORE,0,
6252,FR,Boucle d'or et les sept ours nains,Émile Bravo,KEEP_CORE,0,
6253,FR,"""Tu seras soldat"", histoire d'un soldat français",Émile Charles Lavisse,KEEP_CORE,0,
6254,FR,La Debacle,Émile Zola,KEEP_CORE,0,
6255,FR,Née place Royale,Émilia Boivin-Allaire,KEEP_CORE,0,
6256,FR,Cahiers poitevins d'histoire du droit,Éric Gojosso,KEEP_CORE,0,
6257,FR,Chute de vélo,Étienne Davodeau,KEEP_CORE,0,
6258,FR,Les Tribulations de Sophie ...,Étienne Gilson,KEEP_CORE,0,
6259,FR,Peinture et réalité.,Étienne Gilson,KEEP_CORE,0,
6260,FR,L' art religieux du XIIe siècle en France,Êmile Mâle,KEEP_CORE,0,
6261,FR,Nous autres,Евгений Иванович Замятин,KEEP_TRANSLATION,0,
6262,FR,La création de Robinson et autres récits humoristiques et satiriques,Евгений Петрович Петров | Илья Арнольдович Ильф,KEEP_TRANSLATION,0,
6263,FR,Oblomov,Ива́н Алекса́ндрович Гончаро́в,KEEP_TRANSLATION,0,
6264,FR,Journaux et carnets,Лев Толстой,KEEP_TRANSLATION,0,
6265,FR,Jusqu'à la mort,עמוס עוז | Nicholas de Lange,KEEP_TRANSLATION,0,
6266,FR,Le jardin du passé,نجيب محفوظ,KEEP_TRANSLATION,0,
6267,FR,Le palais du désir,نجيب محفوظ,KEEP_TRANSLATION,0,
6268,FR,Matin de roses,نجيب محفوظ,KEEP_TRANSLATION,0,
6269,FR,Chi - Une vie de chat,こなみかなた [Konami Kanata],KEEP_TRANSLATION,0,
6270,FR,Les Carnets de l'Apothicaire,七緒一綺 | 日向夏 | ねこクラゲ,KEEP_TRANSLATION,0,
6271,FR,"Moi, quand je me réincarne en Slime, Tome 9",伏瀬,KEEP_TRANSLATION,0,
6272,FR,Fire Force,大久保篤,KEEP_TRANSLATION,0,
6273,FR,Fire Force,大久保篤,KEEP_TRANSLATION,0,
6274,FR,Fire Force,大久保篤,KEEP_TRANSLATION,0,
6275,FR,Fire Force,大久保篤 | Laura García Alarcón,KEEP_TRANSLATION,0,
6276,FR,Fire Force,大久保篤 | Laura García Alarcón,KEEP_TRANSLATION,0,
6277,FR,To Your Eternity T01,大今良時,KEEP_TRANSLATION,0,
6278,FR,To Your Eternity T13,大今良時,KEEP_TRANSLATION,0,
6279,FR,"To Your Eternity, Tome 2",大今良時,KEEP_TRANSLATION,0,
6280,FR,Cristallisation secrète,小川洋子 | Stephen Snyder - undifferentiated,KEEP_TRANSLATION,0,
6281,FR,Captive hearts,樋野 まつり,KEEP_TRANSLATION,0,
6282,FR,Vampire Knight,樋野 まつり,KEEP_TRANSLATION,0,
6283,FR,Sailor Moon Eternal Edition T02,武内 直子,KEEP_TRANSLATION,0,
6284,FR,Sailor Moon Eternal Edition T03,武内 直子,KEEP_TRANSLATION,0,
6285,FR,Sailor Moon Eternal Edition T06,武内 直子,KEEP_TRANSLATION,0,
6286,FR,Nijigahara Holograph,浅野いにお,KEEP_TRANSLATION,0,
6287,FR,Un Monde Formidable - Tome 2,浅野いにお,KEEP_TRANSLATION,0,
6288,FR,Monster,浦沢直樹,KEEP_TRANSLATION,0,
6289,FR,Nana.,矢沢あい,KEEP_TRANSLATION,0,
6290,FR,"Détective Conan, tome 53",青山 剛昌 [Gōshō Aoyama],KEEP_TRANSLATION,0,
6291,FR,"Détective Conan, tome 54",青山 剛昌 [Gōshō Aoyama],KEEP_TRANSLATION,0,
6292,FR,Démons et chimères T05,高屋奈月,KEEP_TRANSLATION,0,
6293,FR,Liselotte et la forêt des sorcières T04,高屋奈月,KEEP_TRANSLATION,0,
6294,FR,Inu-Yasha - Tome 49,高橋留美子,KEEP_TRANSLATION,0,
6295,FR,Rinne T02,高橋留美子,KEEP_TRANSLATION,0,
6296,FR,Rinne T22,高橋留美子,KEEP_TRANSLATION,0,
6297,FR,Rinne T26,高橋留美子,KEEP_TRANSLATION,0,
