source_key,language,quality_bucket,quality_score,original_title,original_authors,rescue_state
/books/OL1167532M,DE,PROMISING,5,Lob der Oberflächlichkeit,Vilém Flusser,NO_LANGUAGE_EDITION_WITH_COVER
/books/OL12644473M,DE,PROMISING,5,Zur Beschreibung und Klassifizierung von Ubersetzungsverfahren (Travaux du Centre de traduction literaire),Kathe Henschelmann,NO_LANGUAGE_EDITION_WITH_COVER
/books/OL12659365M,DE,PROMISING,5,Natchez. Das Sonnenkönigstum am Mississippi.,Helmut von Papen,NO_LANGUAGE_EDITION_WITH_COVER
/books/OL12659775M,DE,PROMISING,5,Totengräber der Demokratie.,Marianne Leemann,NO_LANGUAGE_EDITION_WITH_COVER
/books/OL12659783M,DE,PROMISING,5,"Veröffentlichungen der Unabhängigen Expertenkommission Schweiz (UEK) - Zweiter Weltkrieg; Publications de la Commission, Bd.2, Interhandel",Mario König,NO_LANGUAGE_EDITION_WITH_COVER
/books/OL12660133M,DE,PROMISING,5,Klezmer,Georg Winkler,NO_LANGUAGE_EDITION_WITH_COVER
/books/OL12660135M,DE,PROMISING,5,Poetische Gartner Und Phaetonische Himmelsflieger,Marc Spani,NO_LANGUAGE_EDITION_WITH_COVER
/books/OL12660163M,DE,PROMISING,5,Der St. Galler Botanicus Ein Fr¨ Hmittelalterliches Herbar,Monica Niederer,NO_LANGUAGE_EDITION_WITH_COVER
/books/OL12660169M,DE,PROMISING,5,Basler Missionare In Brasilien,Marlon Ronald Fluck,NO_LANGUAGE_EDITION_WITH_COVER
/books/OL12660194M,DE,PROMISING,5,Die Literarische Identitat Des Drehbuchs,Birgit Schmid,NO_LANGUAGE_EDITION_WITH_COVER
/books/OL12660259M,DE,PROMISING,5,Das Kunstlerinterview,Christoph Lichtin,NO_LANGUAGE_EDITION_WITH_COVER
/books/OL12660316M,DE,PROMISING,5,Das Denken Der Hand,Kai Eikels,NO_LANGUAGE_EDITION_WITH_COVER
/books/OL12660320M,DE,PROMISING,5,Spiegel Des Neuen,Nikolaus Urbanek,NO_LANGUAGE_EDITION_WITH_COVER
/books/OL12660340M,DE,PROMISING,5,Sehnsucht Nach Illusion?,Simone MC,NO_LANGUAGE_EDITION_WITH_COVER
/books/OL12660426M,DE,PROMISING,5,Guan Ren,Matthias Richter,NO_LANGUAGE_EDITION_WITH_COVER
/books/OL12660436M,DE,PROMISING,5,"Polyphones Erzahlen: Zum Phanomen Der Erlebten Rede in Deutschen Romanen Der Jahrhundertwende (Europaische Hochschulschriften: Reihe 1, Deutsche Sprache Un)",Lucia Salvato,NO_LANGUAGE_EDITION_WITH_COVER
/books/OL12660448M,DE,PROMISING,5,Ein Kunstwerk Im Dienst Der Republik,Karin Fuchs,NO_LANGUAGE_EDITION_WITH_COVER
/books/OL12660497M,DE,PROMISING,5,Wie Kinder Witze Erzahlen,Stefan Hauser,NO_LANGUAGE_EDITION_WITH_COVER
/books/OL12660505M,DE,PROMISING,5,Vom Kulturlosen Volk Zur Europaischen Avantgarde,Erwin Kostler,NO_LANGUAGE_EDITION_WITH_COVER
/books/OL12660710M,DE,PROMISING,5,Rechtslehre - Schriften Zur Rechtsphilosophie (Philosophiehistorische Texte),I. Kant,NO_LANGUAGE_EDITION_WITH_COVER
/books/OL12660821M,DE,PROMISING,5,"August Der Starke (Sitzungsberichte Der Saechsischen Akademie Der Wissenschaften Zu Leipzig, Phil.-hist. Klasse)",K. Czok,NO_LANGUAGE_EDITION_WITH_COVER
/books/OL12660829M,DE,PROMISING,5,Gottfried Wilhelm Leibniz Im Philosophischen Diskurs Ueber Geometrie Und Erfahrung,H. Hecht,NO_LANGUAGE_EDITION_WITH_COVER
/books/OL12660941M,DE,PROMISING,5,"Das Sorbische Und Der Stand Seiner Erforschung (Sitzungsberichte Der Saechsischen Akademie Der Wissenschaften Zu Leipzig, Phil.-hist. Klasse)",H. Schuster-Sewc,NO_LANGUAGE_EDITION_WITH_COVER
/books/OL12660959M,DE,PROMISING,5,Der Semantische Wertbegriff in Sprachtheorien Vom 18. Bis Zum 20. Jahrhundert,G. Hassler,NO_LANGUAGE_EDITION_WITH_COVER
/books/OL12660982M,DE,PROMISING,5,Der Gehalt Der Sprachform,Janette Friedrich,NO_LANGUAGE_EDITION_WITH_COVER
/books/OL12661092M,DE,PROMISING,5,Sowjetische Forschungen (1917 Bis 1991) Zur Geschichte Der Deutsch-Russischen Beziehungen Von Den Anfaengen Bis 1949 (Publikationen Der Historischen Kommission Zu Berlin),Karin Borck,NO_LANGUAGE_EDITION_WITH_COVER
/books/OL12661129M,DE,PROMISING,5,"Medizin, Effizienz Und Oekonomie Im Griechischen Denken Der Klassischen Zeit (Sitzungsberichte Der Saechsischen Akademie Der Wissenschaften Zu Liepzig, Philologisch-historische Klasse)",Carl Werner Mueller,NO_LANGUAGE_EDITION_WITH_COVER
/books/OL12661260M,DE,PROMISING,5,"Kommentar Zu ""De Revolutionibus""",Schmeidler,NO_MATCHING_WORK
/books/OL12661355M,DE,PROMISING,5,Aby Warburgs Theorie der Kultur. Detail und Sinnhorizont.,Bernd Villhauer,NO_VALID_PHYSICAL_COVER
/books/OL12661537M,DE,PROMISING,5,"Lichtmikroskopie (Sitzungsberichte Der Saechsischen Akademie Der Wissenschaften Zu Leipzig, Math.-naturwiss. Klasse)",Bernd Wilhelmi,NO_LANGUAGE_EDITION_WITH_COVER
/books/OL12661567M,DE,PROMISING,5,Mathematik Und Wirklichkeit,Ulrich Roeseberg,NO_LANGUAGE_EDITION_WITH_COVER
/books/OL12662715M,DE,PROMISING,5,Die deutsche Sparkassenorganisation 1924 bis 1934 (Sparkassen in der Geschichte),Jens Piorkowski,NO_LANGUAGE_EDITION_WITH_COVER
/books/OL12663500M,DE,PROMISING,5,Handbuch Der Germanischen Philologie,Friedrich Stroh,NO_LANGUAGE_EDITION_WITH_COVER
/books/OL12663687M,DE,PROMISING,5,Grundlagen Einer Theorie Der Wahrheit (Foundations of Communication),Lorenz Bruno Puntel,NO_LANGUAGE_EDITION_WITH_COVER
/books/OL12663779M,DE,PROMISING,5,"Die Politische Und Soziale Bedeutung Der Naqsbandiyya in Mittelasien Im 15. Jahrhundert (Studien Zur Sprache, Geschichte Und Kultur Des Islamischen Orients, Nf)",Jurgen Paul,NO_LANGUAGE_EDITION_WITH_COVER
/books/OL12664815M,DE,PROMISING,5,Theodori Scutariotae Chronica,Raimondo Tocci,NO_LANGUAGE_EDITION_WITH_COVER
/books/OL12665878M,DE,PROMISING,5,Literarische Kreativität,Norbert Kellner,NO_LANGUAGE_EDITION_WITH_COVER
/books/OL12674906M,DE,PROMISING,5,Bartholomäus Zeitblom,Dietlinde Bosch,NO_LANGUAGE_EDITION_WITH_COVER
/books/OL12674914M,DE,PROMISING,5,Geschichte im Fragment. Grundelemente einer Theologie der Geschichte.,Karl F. Grimmer,NO_LANGUAGE_EDITION_WITH_COVER
/books/OL12675207M,DE,PROMISING,5,Durchbruch der Tiefenphänomenologie. Die Neue Vorsokratik.,Jose Sanchez de Murillo,NO_LANGUAGE_EDITION_WITH_COVER
/books/OL12678459M,DE,PROMISING,5,Psychologie und Kunst,Wolfgang Tunner,NO_LANGUAGE_EDITION_WITH_COVER
/books/OL12679270M,DE,PROMISING,5,Mit Leier und Schwert. Die Habsburger und die Musik.,Elisabeth Theresia Hilscher,NO_LANGUAGE_EDITION_WITH_COVER
/books/OL12680579M,DE,PROMISING,5,Toleranz ohne Grenzen? Globale Realitäten und die politische Kultur der Schweiz.,Katja Gentinetta,NO_VALID_PHYSICAL_COVER
/books/OL12684251M,DE,PROMISING,5,Geschichten aus dem Bett.,Andre Herzberg,NO_LANGUAGE_EDITION_WITH_COVER
/books/OL12686919M,DE,PROMISING,5,Alkidamas,Ruth Mariß,NO_LANGUAGE_EDITION_WITH_COVER
/books/OL12686921M,DE,PROMISING,5,Der Dom von Münster in alten Ansichten.,Geza Jaszai,NO_LANGUAGE_EDITION_WITH_COVER
/books/OL12687077M,DE,PROMISING,5,"Pädagogisches Handeln bei Hugo Gaudig, Maria Montessori und Peter Petersen.",Leopold Kratochwil,NO_LANGUAGE_EDITION_WITH_COVER
/books/OL12689246M,DE,PROMISING,5,Beethoven. Leben und Werk des großen Komponisten. ( Biographie).,Felix Huch,NO_VALID_PHYSICAL_COVER
/books/OL12691522M,DE,PROMISING,5,Staat als Argument.,Christoph Möllers,NO_VALID_PHYSICAL_COVER
/books/OL12691899M,DE,PROMISING,5,'Nieder mit den schwarzen Paragrafenhengsten!',Erich Dittmann,NO_LANGUAGE_EDITION_WITH_COVER
/books/OL12696718M,DE,PROMISING,5,SCHAUFENSTER KUNST; BERLIN UND NEW YORK,Nina Schleif,NO_LANGUAGE_EDITION_WITH_COVER
/books/OL12696728M,DE,PROMISING,5,Geschichtsbegriff und Historisches Denken bei Hannah Arendt.,Annette Vowinckel,NO_LANGUAGE_EDITION_WITH_COVER
/books/OL12696767M,DE,PROMISING,5,Geschichte im Kulturprozess.,Jörn Rüsen,NO_VALID_PHYSICAL_COVER
/books/OL12696778M,DE,PROMISING,5,Die Bürgerbewegung in Dresden 1989/90.,Karin Urich,NO_LANGUAGE_EDITION_WITH_COVER
/books/OL12696801M,DE,PROMISING,5,"Bildung, Militär und Gesellschaft in Deutschland. Studien zur Entwicklung im 19. Jahrhundert.",Heinz Stübig,NO_LANGUAGE_EDITION_WITH_COVER
/books/OL12696813M,DE,PROMISING,5,Historische Orientierung.,Jörn Rüsen,NO_LANGUAGE_EDITION_WITH_COVER
/books/OL12696854M,DE,PROMISING,5,Berufsausbildung im Grossherzogum Baden,Robert Hasfeld,NO_LANGUAGE_EDITION_WITH_COVER
/books/OL12698756M,DE,PROMISING,5,Künstlerwanderungen nach Berlin. Vor Schinkel und danach.,Helmut Börsch-Supan,NO_LANGUAGE_EDITION_WITH_COVER
/books/OL12698758M,DE,PROMISING,5,Genealogie als Monument und Argument,Kilian Heck,NO_LANGUAGE_EDITION_WITH_COVER
/books/OL12698759M,DE,PROMISING,5,Lucas Cranach d. Ä. und der deutsche Humanismus,Edgar Bierende,NO_VALID_PHYSICAL_COVER
/books/OL12699625M,DE,PROMISING,5,Klopf nicht an diese Wand. Roman.,Mira Magen,NO_VALID_PHYSICAL_COVER
/books/OL12699987M,DE,PROMISING,5,denkmalimkopf.,Dörte Franke,NO_VALID_PHYSICAL_COVER
/books/OL12700077M,DE,PROMISING,5,Das vereinigte Paradies. Nachrichten vom ost-westlichen Divan.,Marcia Zuckermann,NO_VALID_PHYSICAL_COVER
/books/OL12700353M,DE,PROMISING,5,Die nackte Frau in der Kunst. Von der Antike bis zur Renaissance,Evangelia Kelperi,NO_VALID_PHYSICAL_COVER
/books/OL12703973M,DE,PROMISING,5,"Natur, Herrschaft, Recht. Das Recht der ersten Natur in der zweiten",Mathias Becker,NO_LANGUAGE_EDITION_WITH_COVER
/books/OL12704008M,DE,PROMISING,5,Wissenschaft und Freiheit in der Risikogesellschaft. Eine grundrechtsdogmatische Untersuchung zum Normbereich von Art. 5 Abs. 3 Satz 1 des Grundgesetzes. (Schriften zum Öffentlichen Recht; SÖR 745),Ralf Kleindiek,NO_LANGUAGE_EDITION_WITH_COVER
/books/OL12704031M,DE,PROMISING,5,Die Zeitlichkeit des positiven Rechts und die Geschichtlichkeit des Rechtsbewusstseins,Stephan Kirste,NO_LANGUAGE_EDITION_WITH_COVER
/books/OL12704101M,DE,PROMISING,5,"Rechtsphilosophische Aspekte der ""Mauerschützen""-Prozesse. (Schriften zur Rechtstheorie; RT 189)",Knut Seidel,NO_MATCHING_WORK
/books/OL12704146M,DE,PROMISING,5,"Zeitgeschichtliche Forschungen, Bd.8, Vom sozialistischen Realismus zur Kunst im Sozialismus",Ulrike Goeschen,NO_LANGUAGE_EDITION_WITH_COVER
/books/OL12704307M,DE,PROMISING,5,Kritik der Verfassung Deutschlands. Hegels Vermächtnis 1801 und 2001. (Beiträge zur Politischen Wissenschaft; BPW 123),Werner Mäder,NO_LANGUAGE_EDITION_WITH_COVER
/books/OL12705944M,DE,PROMISING,5,Welten im Kopf. Das 20. Jahrhundert- Projekt,Ingeborg Breuer,NO_LANGUAGE_EDITION_WITH_COVER
/books/OL12710319M,DE,PROMISING,5,Eine Liebe in Afrika. Roman zum Film.,Julia Bach,NO_VALID_PHYSICAL_COVER
/books/OL12712906M,DE,STRONG,7,Die Luft an der Spitze des Pinsels. Kritische Spaziergänge durch Bildersäle.,Willibald Sauerländer,NO_VALID_PHYSICAL_COVER
/books/OL12713545M,DE,PROMISING,5,Erneuerungsversuch und Ende der Sowjetphilosophie in der Spatphase der Perestroika (Philosophische und soziologische Veroffentlichungen der Freien Universitat Berlin),Seong-Paik Lee,NO_LANGUAGE_EDITION_WITH_COVER
/books/OL12714639M,DE,PROMISING,5,Gemeinwohl und Gerechtigkeit.,Christian Kissling,NO_LANGUAGE_EDITION_WITH_COVER
/books/OL12714882M,DE,PROMISING,5,Montessori- Pädagogik in der Diskussion. Aktuelle Forschungen und internationale Entwicklungen.,Harald. Ludwig,NO_LANGUAGE_EDITION_WITH_COVER
/books/OL12726844M,DE,PROMISING,5,Gesprach Eines Philosophen,P Abailard,NO_LANGUAGE_EDITION_WITH_COVER
/books/OL12727380M,DE,PROMISING,5,"Die Kunst des Lebens. Aus seinen Werken, Briefen und Gesprächen.",Johann Wolfgang von Goethe,NO_VALID_PHYSICAL_COVER
/books/OL12736098M,DE,PROMISING,5,Literatur für das Philosophiestudium.,Norbert Retlich,NO_VALID_PHYSICAL_COVER
/books/OL12736136M,DE,PROMISING,5,Denker ohne Gott und Vater,Benjamin M. Schmidt,NO_LANGUAGE_EDITION_WITH_COVER
/books/OL12737780M,DE,PROMISING,5,"Picasso, Kokoschka und all die anderen... Meine abenteuerlichen Jahre für die Kunst.",Peter A. Ade,NO_VALID_PHYSICAL_COVER
/books/OL12737815M,DE,PROMISING,5,Silber im Saum.,Katja von Glan,NO_VALID_PHYSICAL_COVER
/books/OL12739173M,DE,PROMISING,5,Wissenschaftliches Arbeiten in Bibliotheken. Einführung für Studierende.,Harald Jele,NO_VALID_PHYSICAL_COVER
/books/OL12741493M,DE,PROMISING,5,Allein zu sein bedarf es wenig. Ein Lesebuch für Solitäre.,Petra Reinfelder,NO_LANGUAGE_EDITION_WITH_COVER
/books/OL12741943M,DE,PROMISING,5,Tropfen auf kalten Stein. Roman.,Ulla Schneider,NO_LANGUAGE_EDITION_WITH_COVER
/books/OL12742142M,DE,PROMISING,5,Die vierte Tochter. Kriminalroman.,Krystyna Kuhn,NO_VALID_PHYSICAL_COVER
/books/OL12742688M,DE,PROMISING,5,Wissen und Bewerten. Unterwegs zu einer Ethik der Naturwissenschaften.,Wedig Kolster,NO_LANGUAGE_EDITION_WITH_COVER
/books/OL12742758M,DE,PROMISING,5,Fluxus - Flirt - Feminismus? Carolee Schneemanns Körperkunst und die Avantgarde.,Anette Kubitza,NO_LANGUAGE_EDITION_WITH_COVER
/books/OL12742759M,DE,PROMISING,5,"Kunst am Computer. Ästhetik, Bildtheorie und Praxis des Computerbildes.",Karin Guminski,NO_LANGUAGE_EDITION_WITH_COVER
/books/OL12744172M,DE,PROMISING,5,All die schönen Sünden. Ein erotisches Lesebuch.,Bettina Hesse,NO_VALID_PHYSICAL_COVER
/books/OL12765484M,DE,PROMISING,5,Das Phaenomen Zeit in Kunst Und Wissenschaft (Acta Humaniora S.),Hannelore Paflik-Huber,NO_LANGUAGE_EDITION_WITH_COVER
/books/OL12765494M,DE,PROMISING,5,Der Abentheuerliche Simplicissimus Teutsch Und Continuatio DES Abentheuerlichen Simplicissimi,H J Von Grimmels,NO_LANGUAGE_EDITION_WITH_COVER
/books/OL12765529M,DE,PROMISING,5,Peter Behrens in Duesseldorf,Gisela Moeller,NO_LANGUAGE_EDITION_WITH_COVER
/books/OL12766518M,DE,PROMISING,5,Vom Wasser Band V90 1998,Fachgruppe,NO_LANGUAGE_EDITION_WITH_COVER
/books/OL12767683M,DE,PROMISING,5,"Biographisch-Literarisches Handwoerterbuch Der Exakten Band Viii, Teil 1 Installment 3",Johann Christian Poggendorff,NO_LANGUAGE_EDITION_WITH_COVER
/books/OL12770204M,DE,PROMISING,5,Moral und Erziehung in der pluralistischen Gesellschaft.,Hans-Joachim Werner,NO_LANGUAGE_EDITION_WITH_COVER
/books/OL12770214M,DE,PROMISING,5,"Transformation, Reflexion und Heterogenität.",Andreas Küker,NO_LANGUAGE_EDITION_WITH_COVER
/books/OL12811674M,DE,STRONG,7,Die Fälscherin,Beate Rygiert,NO_VALID_PHYSICAL_COVER
/books/OL12811711M,DE,PROMISING,5,Zwei hinterm Limes. Roman.,Peter Untucht,NO_VALID_PHYSICAL_COVER
/books/OL12812105M,DE,PROMISING,5,Der Brautmörder.,Beatrix Mannel,NO_LANGUAGE_EDITION_WITH_COVER
/books/OL12816356M,DE,PROMISING,5,Der Klub der sieben Raben und die Petroglyphen. UNDERGROUND- Krimi.,Margit Grassi,NO_LANGUAGE_EDITION_WITH_COVER
/books/OL12820289M,DE,PROMISING,5,Geschichten schreiben mit Foucault.,Jürgen Martschukat,NO_VALID_PHYSICAL_COVER
/books/OL12820301M,DE,PROMISING,5,Bioethik,Johann S. Ach | Christa Runtenberg | Kurt Bayertz,NO_VALID_PHYSICAL_COVER
/books/OL12822238M,DE,PROMISING,5,Einsatz Neuer Technologien Im Bibliothekswesen,Ute Krauss-Leichert,NO_LANGUAGE_EDITION_WITH_COVER
/books/OL12823685M,DE,PROMISING,5,"Stephen King. Das Wunder, das Böse und der Tod.",Burkhard Müller,NO_VALID_PHYSICAL_COVER
/books/OL12826710M,DE,PROMISING,5,Vom Rand der Welt.,Christa Hein,NO_VALID_PHYSICAL_COVER
/books/OL12827140M,DE,PROMISING,5,Bewussteinskonflikte von Madchen im naturwissenschaftlichen Unterricht,Katrin Meuche,NO_LANGUAGE_EDITION_WITH_COVER
/books/OL12827158M,DE,PROMISING,5,Vergleich von multivariaten statistischen Analyseverfahren und kunstlichen neuronalen Netzen zur Klassifikation bei Entscheidungsproblemen in der Wirtschaft (Schriften zur Wirtschaftsinformatik),Helge Petersohn,NO_LANGUAGE_EDITION_WITH_COVER
/books/OL12827170M,DE,PROMISING,5,Social Support und Gesundheit bei alteren Frauen,Ute Zimmermann,NO_LANGUAGE_EDITION_WITH_COVER
/books/OL12827200M,DE,PROMISING,5,Alternativer Landbau Und Feministische Naturwissenschaftskritik,Maren Landschulze,NO_LANGUAGE_EDITION_WITH_COVER
/books/OL12827226M,DE,PROMISING,5,Europaorientiertes Lernen und transnationale Integration,Peter Hellmann,NO_LANGUAGE_EDITION_WITH_COVER
/books/OL12827234M,DE,PROMISING,5,Determinanten der Effektivitat der Umweltpolitik,Christian Ricken,NO_LANGUAGE_EDITION_WITH_COVER
/books/OL12827238M,DE,PROMISING,5,Sozialwissenschaftliche Methoden in der klinischen Forschung,Hans-Christian Waldmann,NO_LANGUAGE_EDITION_WITH_COVER
/books/OL12827312M,DE,PROMISING,5,Adaptive neuronale Netze zur Losung von Klassifikationsproblemen im Marketing,Andreas Polifke,NO_LANGUAGE_EDITION_WITH_COVER
/books/OL12827367M,DE,PROMISING,5,"Die Akquisition Betriebswirtschaftlichen Wissens Zum Aufbau Von Wissensbasierten Entscheidungsunterstutzungssystemen (Europaische Hochschulschriften. Reihe V, Volks- Und Betriebs)",Detlev Frick,NO_LANGUAGE_EDITION_WITH_COVER
/books/OL12827378M,DE,PROMISING,5,"Aspekte Des Raumes Und Ihre Bedeutung Im Werk Bernhard Heiligers (Europaische Hochschulschriften. Reihe XXVIII, Kunstgeschicht)",Stephan Diederich,NO_LANGUAGE_EDITION_WITH_COVER
/books/OL12827415M,DE,PROMISING,5,Die Bekampfung der Steuerumgehung (Finanzwissenschaftliche Schriften),Ralf Oberheide,NO_LANGUAGE_EDITION_WITH_COVER
/books/OL12827451M,DE,PROMISING,5,Erlebnispadagogik als Moglichkeit zur Kompensation von Verhaltensdefiziten,Heribert Felten,NO_LANGUAGE_EDITION_WITH_COVER
/books/OL12827465M,DE,PROMISING,5,"Untersuchungen Zu Den Politika Des Aristoteles (Salzburger Studien Zum Europaischen Privatrecht,)",Markus Frank,NO_LANGUAGE_EDITION_WITH_COVER
/books/OL12827524M,DE,PROMISING,5,Christliche Adversus-Judaeos-Bilder,Heinz Schrechenberg,NO_LANGUAGE_EDITION_WITH_COVER
/books/OL12827553M,DE,PROMISING,5,Die Natur Und Ihr Gegenteil,Gunther Sandner,NO_LANGUAGE_EDITION_WITH_COVER
/books/OL12827590M,DE,PROMISING,5,"Die Staatphilosophie Giovanni Gentiles Und Fie Versuche Ihrer Verwirklichung Im Faschistischen Italien (Frankfurter Kriminalwissenschaftliche Studien,)",Sebastian Schattenfroh,NO_LANGUAGE_EDITION_WITH_COVER
/books/OL12827616M,DE,PROMISING,5,Wirtschaftliche Integration und Kooperation Im Asiatisch-Pazifischen Raum. die APEC,Antje Marielle Gerhold,NO_LANGUAGE_EDITION_WITH_COVER
/books/OL12827634M,DE,PROMISING,5,Tizian in England,Sophie Reinhardt,NO_LANGUAGE_EDITION_WITH_COVER
/books/OL12827658M,DE,PROMISING,5,Eliten,Harald Leipertz,NO_LANGUAGE_EDITION_WITH_COVER
/books/OL12827751M,DE,PROMISING,5,Umweltbewubsein Und Umwelthandeln Turkischer Und Deutscher Schulerinnen Und Schuler der 3. Und 4. Grundschulklasse,Kathrin Maack-Rheinlander,NO_LANGUAGE_EDITION_WITH_COVER
/books/OL12827800M,DE,PROMISING,5,Gemalte Leere,Karen Bork,NO_LANGUAGE_EDITION_WITH_COVER
/books/OL12827827M,DE,PROMISING,5,Amor Hypermedialis: Logiken der Liebe Im Spanischen Gegenwartsroman,Peter Schonbach | Peter Schönberger,NO_LANGUAGE_EDITION_WITH_COVER
/books/OL12827866M,DE,PROMISING,5,Wissensvermittlung Durch Sprache Und Bild,Ortrun Hanna,NO_LANGUAGE_EDITION_WITH_COVER
/books/OL12827882M,DE,PROMISING,5,Kunst- Und Kulturraub Im Zweiten Weltkrieg,Natalia Volkert,NO_LANGUAGE_EDITION_WITH_COVER
/books/OL12827913M,DE,PROMISING,5,Das Kunstmuseum ALS Paedagogische Herausforderung,Irit Wyrobnik,NO_LANGUAGE_EDITION_WITH_COVER
/books/OL12827917M,DE,PROMISING,5,Picasso Und Spanien,Silke Immenga,NO_LANGUAGE_EDITION_WITH_COVER
/books/OL12828061M,DE,PROMISING,5,Die Geburt Der Hermeneutik Aus Dem Geist Der Politik,Marion George,NO_LANGUAGE_EDITION_WITH_COVER
/books/OL12828200M,DE,PROMISING,5,Geschichtstexte Verstehen in Einer Anderen Sprache,Johannes Doll,NO_LANGUAGE_EDITION_WITH_COVER
/books/OL12828257M,DE,PROMISING,5,Entwicklung Des Physik- Bzw. Technik-begriffs In Der Griechischen Naturphilosophie,Konstantinos Andreou,NO_LANGUAGE_EDITION_WITH_COVER
/books/OL12828286M,DE,PROMISING,5,Wissenschaft Durch Wechselwirkung,Peter Ploger,NO_LANGUAGE_EDITION_WITH_COVER
/books/OL12828404M,DE,PROMISING,5,Das Spiel Der Interessen,Uwe Saint-Mont,NO_LANGUAGE_EDITION_WITH_COVER
/books/OL12828517M,DE,PROMISING,5,"Portugiesisch, Papiamentu",Gabriele Blaikner-Hohenwart,NO_LANGUAGE_EDITION_WITH_COVER
/books/OL12828543M,DE,PROMISING,5,Der Krieg Im Bild - Bilder Vom Krieg,Arbeitskreis Historische Bildforschung,NO_LANGUAGE_EDITION_WITH_COVER
/books/OL12828587M,DE,PROMISING,5,Romanische Kunst Als Politische Propaganda Im Erzbistum Lund Wahrend Der Waldemarzeit,Werner Steinwarder,NO_LANGUAGE_EDITION_WITH_COVER
/books/OL12828606M,DE,PROMISING,5,Zwischen Den Stuhlen,Eva Studinger,NO_LANGUAGE_EDITION_WITH_COVER
/books/OL12828668M,DE,PROMISING,5,Erzahlte Aufklarung,Mirja Lecke,NO_LANGUAGE_EDITION_WITH_COVER
/books/OL12828675M,DE,PROMISING,5,Wegekostenfinanzierung Und Lenkung Im Deregulierten Europaischen Verkehrsmarkt (Cege-Schriften),Axel Hennighausen,NO_LANGUAGE_EDITION_WITH_COVER
/books/OL12828749M,DE,PROMISING,5,Zu Text Und Bild Bei Leonardo Da Vinci: Eine Mediengeschichtliche Kritik Des Einsatzes Verbaler Und Visueller Darstellungsmittel in Der Italienischen (Europaische Hochschulschriften: Reihe),Jorg Bittner,NO_LANGUAGE_EDITION_WITH_COVER
/books/OL12828764M,DE,PROMISING,5,Eindimensionale Skalogramm-Analyse (Europaische Hochschulschriften),Thomas Staufenbiel,NO_LANGUAGE_EDITION_WITH_COVER
/books/OL12829001M,DE,PROMISING,5,Die Verwaltete Kunst,Markus Thiel,NO_LANGUAGE_EDITION_WITH_COVER
/books/OL12829056M,DE,PROMISING,5,Der Prufungsumfang Des Bundesverfassungsgerichts Bei Verfassungsbeschwerden Am Beispiel Der Kunstfreiheitsrechtsprechung,Stephanie Vogel,NO_LANGUAGE_EDITION_WITH_COVER
/books/OL12829103M,DE,PROMISING,5,Die Polnische Telekommunikation Vor Dem Eu-beitritt,Malgorzata Stankiewicz,NO_LANGUAGE_EDITION_WITH_COVER
/books/OL12829259M,DE,PROMISING,5,Hermann Hesses Kunstauffassung Auf Der Grundlage Seiner Rezeptionshaltung,Heiko Groger,NO_LANGUAGE_EDITION_WITH_COVER
/books/OL12829311M,DE,PROMISING,5,Kulturguterschutz Im Internationalen Recht Unter Besonderer Berucksichtigung Der Deutsch-russischen Beziehungen,Eva Stumpf,NO_LANGUAGE_EDITION_WITH_COVER
/books/OL12829333M,DE,PROMISING,5,Tempusfunktionen In Texten,Hyun-Sun Park,NO_LANGUAGE_EDITION_WITH_COVER
/books/OL12829466M,DE,PROMISING,5,Die Soziogenese Des Altagyptischen Staates in Komparativer Perspektive,Ingrid El Masry,NO_LANGUAGE_EDITION_WITH_COVER
/books/OL12829575M,DE,PROMISING,5,Argumentation In Der Erst- Und Fremdsprache,Dalia Ohlinger,NO_LANGUAGE_EDITION_WITH_COVER
/books/OL12829608M,DE,PROMISING,5,Sekundare Bedeutungen Von Nationalitats- Und Landerbezeichnungen Im Deutschen Und Polnischen,Barbara Komenda,NO_LANGUAGE_EDITION_WITH_COVER
/books/OL12829636M,DE,PROMISING,5,Integrative Darstellung Englischer Serviceinteraktionen,Birte Bos,NO_LANGUAGE_EDITION_WITH_COVER
/books/OL12829695M,DE,PROMISING,5,"Asem (asia-europe Meeting): Bestandsaufnahme, Moglichkeiten Und Grenzen Einer Interregionalen Kooperation (Europaische Hochschulschriften: Reihe 31, Politikwissenschaf)",Andreas Pareira,NO_LANGUAGE_EDITION_WITH_COVER
/books/OL12829715M,DE,PROMISING,5,"Eine Grammatik Für Lernende Unter Funktional-kommunikativem Blickwinkel: Bindeglied Zwischen Linguistik, Psychologie Und Fremdsprachendidaktik",Yvette Verbeeck,NO_LANGUAGE_EDITION_WITH_COVER
/books/OL12829731M,DE,PROMISING,5,Regionalisierung Und Politische Bewubtseinsbildung,Wolfram Bracher,NO_LANGUAGE_EDITION_WITH_COVER
/books/OL12829741M,DE,PROMISING,5,Tradition Im Ubergang,Andreas Beilmann,NO_LANGUAGE_EDITION_WITH_COVER
/books/OL12829763M,DE,PROMISING,5,"We, On Death Row - Der Tod Steht Ihnen Gut",Sandra Muller,NO_LANGUAGE_EDITION_WITH_COVER
/books/OL12829776M,DE,PROMISING,5,Barlach Und Die Avantgarde,Andrea Fromm,NO_LANGUAGE_EDITION_WITH_COVER
/books/OL12829822M,DE,PROMISING,5,Die Geburt Des Modernen Propagandakrieges Im Ersten Weltkrieg,Jens P. Ackermann,NO_LANGUAGE_EDITION_WITH_COVER
/books/OL12829938M,DE,PROMISING,5,Kunst Und Kirche Am Ende Der Klassischen Moderne,Sven Ochsenreither,NO_LANGUAGE_EDITION_WITH_COVER
/books/OL12830064M,DE,PROMISING,5,Die Ausfuhrungsvarianten Des Qigong,Friederike Baeumer,NO_LANGUAGE_EDITION_WITH_COVER
/books/OL12830136M,DE,PROMISING,5,"Nichts ALS Die Spuren Meiner Hand - Der Chinesische Maler Gao Fenghan (1683-1749: Unter Besonderer Berucksichtigung Seiner Alben (Europaische Hochschulschriften: Reihe 28, Kunstgeschichte)",Nora Von Achenbach,NO_LANGUAGE_EDITION_WITH_COVER
/books/OL12830251M,DE,PROMISING,5,Geistes- und sozialwissenschaftliche Hochschullehre in Osteuropa I,Andreas Umland,NO_LANGUAGE_EDITION_WITH_COVER
/books/OL12830360M,DE,PROMISING,5,Die Italienischen Streitkrafte Und Ihr Internationales Engagement,Enrico Brissa,NO_LANGUAGE_EDITION_WITH_COVER
/books/OL12830412M,DE,PROMISING,5,Film Und Musik Im Spanischsprachigen Roman Der Gegenwart,Ben Scheffler,NO_LANGUAGE_EDITION_WITH_COVER
/books/OL12830505M,DE,PROMISING,5,Die Industrie ALS Kunstmazen Und Auftraggeber in Der Deutschen Demokratischen Republik,Lutz Fichtner,NO_LANGUAGE_EDITION_WITH_COVER
/books/OL12830559M,DE,PROMISING,5,Anglizismen in Der Deutschen Fachsprache Der Computertechnik,Youngick Chang,NO_LANGUAGE_EDITION_WITH_COVER
/books/OL12830595M,DE,PROMISING,5,Ivan Milev Und Die Zeitschrift Vezni,Rada Bieberstein,NO_LANGUAGE_EDITION_WITH_COVER
/books/OL12830638M,DE,PROMISING,5,Systemwettbewerb Und Umverteilung,Ingmar Kumpmann,NO_LANGUAGE_EDITION_WITH_COVER
/books/OL12830869M,DE,PROMISING,5,Kulturpolitik Im Geteilten Deutschland,Ulrike Ziegler,NO_LANGUAGE_EDITION_WITH_COVER
/books/OL12830875M,DE,PROMISING,5,de Arte Boneste Amandi,Katharina A. Glanz,NO_LANGUAGE_EDITION_WITH_COVER
/books/OL12830924M,DE,PROMISING,5,"Spurensuche: Der Mediziner, Romancier, Kulturkritiker Und Journalist Max Nordau in Seiner Rolle ALS Kunstkritiker Der Neuen Freien (Europaische Hochschulschriften: Reihe 28, Kunstgeschichte)",Karola Agnes Franziska Dahmen,NO_LANGUAGE_EDITION_WITH_COVER
/books/OL12830982M,DE,PROMISING,5,Die Entdecking Der Unscharfe in Optik Und Malerei,Marc Wellmann,NO_LANGUAGE_EDITION_WITH_COVER
/books/OL12831053M,DE,PROMISING,5,"Identifizierung, Visualisierung Und Analyse Der Volatilitatsoberflachen Von Dax-Optionen Mit Neuronalen Netzen",Jan Koserski,NO_LANGUAGE_EDITION_WITH_COVER
/books/OL12831076M,DE,PROMISING,5,Eine Fruhe Aktionskunst,Ann-Katrin Gunzel,NO_LANGUAGE_EDITION_WITH_COVER
/books/OL12831328M,DE,PROMISING,5,Mediale Bedingungen Des Erzahlens Im Digitalen Raum,Nicole Mahne,NO_LANGUAGE_EDITION_WITH_COVER
/books/OL12832204M,DE,PROMISING,5,"Alles, was recht(s) ist. Ideen, Köpfe und Perspektiven der politischen Rechten.",Karlheinz Weißmann,NO_LANGUAGE_EDITION_WITH_COVER
/books/OL12832666M,DE,PROMISING,5,Kunstschauplatz Salzburg.,Anton Gugg,NO_LANGUAGE_EDITION_WITH_COVER
/books/OL12832772M,DE,PROMISING,5,Wege zur ganzheitlichen Landwirtschaft (AV Ratgeber),Wolfgang Becvar,NO_LANGUAGE_EDITION_WITH_COVER
/books/OL12858748M,DE,PROMISING,5,Auf Peamount,Stefan D. Kaufer,NO_LANGUAGE_EDITION_WITH_COVER
/books/OL12858755M,DE,PROMISING,5,Von Pilzen und anderen Menschen. Erzählung.,Cecily Von Hundt,NO_LANGUAGE_EDITION_WITH_COVER
/books/OL12859777M,DE,PROMISING,5,Hundegeschichten.,Dora. Meier-Jaeger,NO_VALID_PHYSICAL_COVER
/books/OL12860591M,DE,PROMISING,5,Kulturschätze im Thurgau entdecken und erleben.,Cornelia Stäheli,NO_LANGUAGE_EDITION_WITH_COVER
/books/OL12861282M,DE,PROMISING,5,"Die drei Tage. Die Passion, nach Hans Memlings 'Passionspanorama'.",Günther Lange,NO_LANGUAGE_EDITION_WITH_COVER
/books/OL12861543M,DE,PROMISING,5,Chancenungleichheiten im Wissenschaftssystem. Wie Geschlecht und soziale Herkunft Karrieren beeinflussen.,Regula Julia Leemann,NO_VALID_PHYSICAL_COVER
/books/OL12862201M,DE,PROMISING,5,Borromini.,Andreas Bellasi,NO_LANGUAGE_EDITION_WITH_COVER
/books/OL12862941M,DE,PROMISING,5,Der Abtrünnige.,Michael Mortag,NO_VALID_PHYSICAL_COVER
/books/OL12865407M,DE,PROMISING,5,Neue Geschichten vom Lago Maggiore.,Ernst Wilhelm Wies,NO_VALID_PHYSICAL_COVER
/books/OL12868349M,DE,PROMISING,5,Ist die Existenz Gottes beweisbar?,Volker Kessler,NO_LANGUAGE_EDITION_WITH_COVER
/books/OL12869542M,DE,PROMISING,5,Restauratoren Taschenbuch 2000.,Ulrike Besch,NO_LANGUAGE_EDITION_WITH_COVER
/books/OL12869762M,DE,PROMISING,5,"Luther, Cranach und die Bilder",Christoph Weimer,NO_LANGUAGE_EDITION_WITH_COVER
/books/OL12869974M,DE,PROMISING,5,Wols.,Claus Mewes,NO_LANGUAGE_EDITION_WITH_COVER
/books/OL12870012M,DE,PROMISING,5,Das Kreuz aus Salz. Ein Roman aus der Zeit der Inquisition.,Sylvia Marquardt,NO_LANGUAGE_EDITION_WITH_COVER
/books/OL12871834M,DE,PROMISING,5,Maler Modell.,Georg-W. Költzsch,NO_LANGUAGE_EDITION_WITH_COVER
/books/OL12872751M,DE,PROMISING,5,Der letzte Gott als Anfang,Paola-Ludovica Coriando,NO_LANGUAGE_EDITION_WITH_COVER
/books/OL12872775M,DE,PROMISING,5,Die Einheit der Wirklichkeit. Zum Wissenschaftsverständnis der Gegenwart.,Bernd-Olaf Küppers,NO_LANGUAGE_EDITION_WITH_COVER
/books/OL12872782M,DE,PROMISING,5,Dies. Hier. Jetzt. Wirklichkeitserfahrungen mit zeitgenössischer Kunst.,Angeli Janhsen,NO_LANGUAGE_EDITION_WITH_COVER
/books/OL12872798M,DE,PROMISING,5,Kandinskys Abstraktion,Matthias Haldemann,NO_LANGUAGE_EDITION_WITH_COVER
/books/OL12872866M,DE,PROMISING,5,Transparente Zeit. Zur Temporalität kubistischer Bilder.,Nicolaj VanDerMeulen,NO_LANGUAGE_EDITION_WITH_COVER
/books/OL12872874M,DE,PROMISING,5,Liebe als Roman. Zur Koevolution intimer und literarischer Kommunikation.,Nils Werber,NO_LANGUAGE_EDITION_WITH_COVER
/books/OL12872894M,DE,PROMISING,5,Körper- Szenarien. Zum Verhältnis von Körper und Bild in Videoinstallationen.,Sabine Flach,NO_LANGUAGE_EDITION_WITH_COVER
/books/OL12873139M,DE,PROMISING,5,Kunst - Jenseits von Gut und Böse? Kritischer Versuch über das Verhältnis von Ästhetik und Ethik.,Dagmar Fenner,NO_LANGUAGE_EDITION_WITH_COVER
/books/OL12880046M,DE,PROMISING,5,Einen anderen Gott denken?,Tobias Specker,NO_LANGUAGE_EDITION_WITH_COVER
/books/OL12881219M,DE,PROMISING,5,Politik. Eine Einführung für soziale Berufe.,Martin Bellermann,NO_LANGUAGE_EDITION_WITH_COVER
/books/OL12911251M,DE,PROMISING,5,Des Kaisers neue Kleider. Der Schwindel der Moderne.,Reinhard Müller-Mehlis,NO_VALID_PHYSICAL_COVER
/books/OL12912910M,DE,PROMISING,5,"Hans Karl Burgeff, Medaillen, Plaketten, Münzen",Elisabeth Wynhoff,NO_LANGUAGE_EDITION_WITH_COVER
/books/OL12912947M,DE,PROMISING,5,Giorgiones Ländliches Konzert,Gabriele Frings,NO_VALID_PHYSICAL_COVER
/books/OL12912956M,DE,PROMISING,5,Kunst und Politik der Farbe. Gainsboroughs Porträtmalerei.,Bettina Gockel,NO_LANGUAGE_EDITION_WITH_COVER
/books/OL12912990M,DE,PROMISING,5,"Erkenntnis, Erfindung, Konstruktion",Hans Holländer,NO_LANGUAGE_EDITION_WITH_COVER
/books/OL12913001M,DE,PROMISING,5,Ars Et Scriptura,Rudolf Preimesberger,NO_LANGUAGE_EDITION_WITH_COVER
/books/OL12914873M,DE,PROMISING,5,Die Struktur der Gerechtigkeit.,Nils Jansen,NO_LANGUAGE_EDITION_WITH_COVER
/books/OL12914974M,DE,PROMISING,5,"Kleine Kriege, große Wirkung.",Christopher Daase,NO_VALID_PHYSICAL_COVER
/books/OL12915361M,DE,PROMISING,5,Gemeinwohl als Wert und Norm. Zur Argumentations- und Kommunikationskultur der Politik.,Heinrich Bußhoff,NO_LANGUAGE_EDITION_WITH_COVER
/books/OL12916203M,DE,PROMISING,5,Marx und Marxismus. Eine deutsche Schizophrenie.,Konrad Löw,NO_LANGUAGE_EDITION_WITH_COVER
/books/OL12922024M,DE,PROMISING,5,Utta Keppler Mutter Des Astronomen,Katharina Keplerin,NO_LANGUAGE_EDITION_WITH_COVER
/books/OL12924779M,DE,PROMISING,5,Geo-Informatik Anwendungen - Erfahrungen - Tendenzen,M Schilcher,NO_LANGUAGE_EDITION_WITH_COVER
/books/OL12928921M,DE,PROMISING,5,Das syro-hethitische Grabdenkmal.,Dominik Bonatz,NO_LANGUAGE_EDITION_WITH_COVER
/books/OL12971039M,DE,PROMISING,5,Bacchantische Nacht,Beate Schaefer,NO_VALID_PHYSICAL_COVER
/books/OL12971835M,DE,PROMISING,5,Zeit der Wahrheit. Ein Südafrika- Roman.,Renate Ahrens,NO_VALID_PHYSICAL_COVER
/books/OL12976243M,DE,PROMISING,5,Sozialwissenschaftliche Handlungstheorien. Eine Einführung.,Christian Etzrodt,NO_VALID_PHYSICAL_COVER
/books/OL12976917M,DE,PROMISING,5,"Volk, Raum und Sozialstruktur",Jorg Gutberger,NO_LANGUAGE_EDITION_WITH_COVER
/books/OL12984594M,DE,PROMISING,5,"Indio Und Konquistador in Der Hispanoamerikanischen, 1978-1999",Katharina Von Schutz | Katharina von Schütz,NO_LANGUAGE_EDITION_WITH_COVER
/books/OL1348047M,DE,PROMISING,5,Vilém Flusser,Vilém Flusser,NO_LANGUAGE_EDITION_WITH_COVER
/books/OL13588283M,DE,PROMISING,5,Der Sokratesschüler Aristipp und die Kyrenaiker,Klaus Döring,NO_LANGUAGE_EDITION_WITH_COVER
/books/OL141122M,DE,PROMISING,5,Werke nach 1945 im Westfälischen Landesmuseum für Kunst und Kulturgeschichte Münster,Westfälisches Landesmuseum für Kunst und Kulturgeschichte Münster.,NO_LANGUAGE_EDITION_WITH_COVER
/books/OL141124M,DE,PROMISING,5,Werke der Moderne bis 1945 im Westfälischen Landesmuseum für Kunst und Kulturgeschichte Münster,Westfälisches Landesmuseum für Kunst und Kulturgeschichte Münster.,NO_LANGUAGE_EDITION_WITH_COVER
/books/OL141129M,DE,PROMISING,5,Brooklyn drawings,"Sommer, Dirk.",NO_LANGUAGE_EDITION_WITH_COVER
/books/OL141131M,DE,PROMISING,5,Georg von der Vring,Jörg Michael Henneberg,NO_LANGUAGE_EDITION_WITH_COVER
/books/OL141135M,DE,PROMISING,5,Der Schortenser Altar,Ingeborg Nöldeke,NO_LANGUAGE_EDITION_WITH_COVER
/books/OL14382349M,DE,PROMISING,5,Eingeschlossen in Lorient.,Horst Müller,NO_LANGUAGE_EDITION_WITH_COVER
/books/OL1506848M,DE,PROMISING,5,"Ende der Geschichte, Ende der Stadt?",Vilém Flusser,NO_LANGUAGE_EDITION_WITH_COVER
/books/OL15224374M,DE,PROMISING,5,Textsorten in Naturwissenschaften und Technik,Susanne Göpferich,NO_LANGUAGE_EDITION_WITH_COVER
/books/OL15290288M,DE,PROMISING,5,Die frühen Klosterbauten der Reichenau,Alfons Zettler,NO_LANGUAGE_EDITION_WITH_COVER
/books/OL15300718M,DE,PROMISING,5,Sankt-Rochus-Fest zu Bingen.,Johann Wolfgang von Goethe,NO_LANGUAGE_EDITION_WITH_COVER
/books/OL15301613M,DE,PROMISING,5,Historische Psychologie des Karnevals.,Florens Christian Rang,NO_LANGUAGE_EDITION_WITH_COVER
/books/OL15411267M,DE,PROMISING,5,"Thema, Symbol, Gestalt",Matthias Scharer,NO_LANGUAGE_EDITION_WITH_COVER
/books/OL15505942M,DE,PROMISING,5,Interpretationshilfen deutsche Kurzgeschichten 1945-1968,Rainer Könecke,NO_LANGUAGE_EDITION_WITH_COVER
/books/OL15993797M,DE,PROMISING,5,"Staat, Gesellschaft und Bürger im Denken von Emmanuel Joseph Sieyes",Thomas Hafen,NO_LANGUAGE_EDITION_WITH_COVER
/books/OL16172293M,DE,PROMISING,5,Mata Hari,Friedrich Wencker-Wildberg,NO_LANGUAGE_EDITION_WITH_COVER
/books/OL16328517M,DE,PROMISING,5,Die Bedeutung Alfred Adlers für die Pädagogik,Jürg Rüedi,NO_LANGUAGE_EDITION_WITH_COVER
/books/OL16368895M,DE,PROMISING,5,Site-specific art im Kirchenraum,Frank Hiddemann,NO_LANGUAGE_EDITION_WITH_COVER
/books/OL16424245M,DE,PROMISING,5,Kreuzstich,Kurt A. Bernecker,NO_LANGUAGE_EDITION_WITH_COVER
/books/OL16552535M,DE,PROMISING,5,"Die Kunst, das Loch, die Frau",Anette Kubitza,NO_LANGUAGE_EDITION_WITH_COVER
/books/OL16591371M,DE,PROMISING,5,Grundriss der Religionsdidaktik,Godwin Lämmermann,NO_LANGUAGE_EDITION_WITH_COVER
/books/OL16643985M,DE,PROMISING,5,Theologische Klangrede,Rüdiger Bartelmus,NO_LANGUAGE_EDITION_WITH_COVER
/books/OL16822980M,DE,PROMISING,5,"Friedrich Wilhelm II. König von Preussen, 1744-1797",Brigitte Meier,NO_LANGUAGE_EDITION_WITH_COVER
/books/OL16946409M,DE,PROMISING,5,Die neue Geschäftigkeit,Christoph Türcke,NO_LANGUAGE_EDITION_WITH_COVER
/books/OL17080742M,DE,PROMISING,5,Die Trägheit des Bildes,Christian Spies,NO_LANGUAGE_EDITION_WITH_COVER
/books/OL17238459M,DE,PROMISING,5,Retrospektive,A. R. Penck,NO_LANGUAGE_EDITION_WITH_COVER
/books/OL17296415M,DE,PROMISING,5,Kunstpsychologie,Max J. Kobbert,NO_LANGUAGE_EDITION_WITH_COVER
/books/OL17299968M,DE,PROMISING,5,Konfigurationen des Historismus,Jörn Rüsen,NO_LANGUAGE_EDITION_WITH_COVER
/books/OL17466722M,DE,PROMISING,5,"Warte nur, balde ruhest Du auch",Eva Klingler,NO_LANGUAGE_EDITION_WITH_COVER
/books/OL17888678M,DE,PROMISING,5,Repräsentative Diskurse,Wilhelm Hofmann,NO_LANGUAGE_EDITION_WITH_COVER
/books/OL17902892M,DE,PROMISING,5,Philosophie und Pädagogik bei Pestalozzi,Daniel Tröhler,NO_LANGUAGE_EDITION_WITH_COVER
/books/OL17949096M,DE,PROMISING,5,Das Wildwest-Romanheft in der Bundesrepublik,Jens-Ulrich Davids,NO_LANGUAGE_EDITION_WITH_COVER
/books/OL17982978M,DE,PROMISING,5,Merleau-Ponty und die Kulturwissenschaften,Regula Guiliani,NO_LANGUAGE_EDITION_WITH_COVER
/books/OL18051115M,DE,PROMISING,5,Nur Theater?,Sigrun Damas,NO_LANGUAGE_EDITION_WITH_COVER
/books/OL18070094M,DE,PROMISING,5,Studien zu den Quellen der frühmittelalterlichen Bussbücher,Ludger Körntgen,NO_LANGUAGE_EDITION_WITH_COVER
/books/OL18105461M,DE,PROMISING,5,Zu einer hermeneutischen Soziologie der betrieblichen Mitbestimmung,Rüdiger Klatt,NO_LANGUAGE_EDITION_WITH_COVER
/books/OL18253338M,DE,PROMISING,5,Abschied von der Natur,Ben-Alexander Bohnke,NO_LANGUAGE_EDITION_WITH_COVER
/books/OL18268753M,DE,PROMISING,5,Zwischen Gespräch und Diskurs,Samuel Jakob,NO_LANGUAGE_EDITION_WITH_COVER
/books/OL18287863M,DE,PROMISING,5,"Politikwissenschaft im ""Zeitalter der Diktaturen""",Christoph Görg | Hans J. Lietzmann | Michael Flitner | Volker Heins,NO_MATCHING_WORK
/books/OL18305218M,DE,PROMISING,5,Phänomenologie der Kunst,Gunther Poltner,NO_LANGUAGE_EDITION_WITH_COVER
/books/OL18310791M,DE,PROMISING,5,Werte und Fakten,Martin Flügel,NO_LANGUAGE_EDITION_WITH_COVER
/books/OL18311415M,DE,PROMISING,5,Die College mystery novel - a blurred genre,Margret Reimer,NO_LANGUAGE_EDITION_WITH_COVER
/books/OL18316460M,DE,PROMISING,5,"Paulinus Nolanus, Carmen 17",Robert Kirstein,NO_LANGUAGE_EDITION_WITH_COVER
/books/OL18339239M,DE,PROMISING,5,Kontexte als Modelle der Welt,Uwe Saint-Mont,NO_LANGUAGE_EDITION_WITH_COVER
/books/OL18398055M,DE,PROMISING,5,Jan van Eyck,Nina Zenker,NO_LANGUAGE_EDITION_WITH_COVER
/books/OL18489219M,DE,PROMISING,5,Indische Elemente im Christentum,Herbert Hofmann,NO_LANGUAGE_EDITION_WITH_COVER
/books/OL18494735M,DE,PROMISING,5,Abschrecken und Überleben im Nuklearzeitalter,Thomas Peter,NO_LANGUAGE_EDITION_WITH_COVER
/books/OL18553715M,DE,PROMISING,5,Begegnungen--Athen im Spiegel antiker Texte und Bilder,Kurt Roeske,NO_LANGUAGE_EDITION_WITH_COVER
/books/OL18554570M,DE,PROMISING,5,Der Raum des Politischen,Markus Holzinger,NO_LANGUAGE_EDITION_WITH_COVER
/books/OL18587448M,DE,PROMISING,5,Werte im Widerstreit,Peter Rinderle,NO_LANGUAGE_EDITION_WITH_COVER
/books/OL18749408M,DE,PROMISING,5,Weimar im Blick der USA,Carmen Müller,NO_LANGUAGE_EDITION_WITH_COVER
/books/OL18752488M,DE,PROMISING,5,"Petrarcas ""Trionfi"" in Malerei, Dichtung und Festkultur",Alexandra Ortner,NO_LANGUAGE_EDITION_WITH_COVER
/books/OL18758855M,DE,PROMISING,5,Der Einfluss der klassischen deutschen Universitätsidee auf die Higher Education in Amerika,Hermann Röhrs,NO_LANGUAGE_EDITION_WITH_COVER
/books/OL18911460M,DE,PROMISING,5,Florenz--Metropole der Renaissance,Marie-Louise Schmeer-Sturm,NO_LANGUAGE_EDITION_WITH_COVER
/books/OL18926792M,DE,PROMISING,5,Emotionale Grundlagen ästhetischen Urteilens,Holger Höge,NO_LANGUAGE_EDITION_WITH_COVER
/books/OL18964872M,DE,PROMISING,5,Bubikopf und Gretchenzopf,Susanne Meyer-Büser,NO_LANGUAGE_EDITION_WITH_COVER
/books/OL18969190M,DE,PROMISING,5,Wissenschaft als Ideologie,Alexander Pechmann,NO_LANGUAGE_EDITION_WITH_COVER
/books/OL19009188M,DE,PROMISING,5,Beton und kunst,Jörg M. Fehlhaber,NO_LANGUAGE_EDITION_WITH_COVER
/books/OL19036740M,DE,PROMISING,5,Moderner Nationalismus,Bernhard Kittel,NO_LANGUAGE_EDITION_WITH_COVER
/books/OL19135812M,DE,PROMISING,5,Wittgensteins Physikalismus,Timm Lampert,NO_LANGUAGE_EDITION_WITH_COVER
/books/OL19162470M,DE,PROMISING,5,"Pädagogik, Wissenschaft, Bildung",Birgitt Feldmann,NO_LANGUAGE_EDITION_WITH_COVER
/books/OL19168743M,DE,PROMISING,5,Schlafzimmerbilder,Günther Nenning,NO_LANGUAGE_EDITION_WITH_COVER
/books/OL19258152M,DE,PROMISING,5,Wanted-- Gott,Wolfgang Abendschön,NO_LANGUAGE_EDITION_WITH_COVER
/books/OL1926368M,DE,PROMISING,5,Für eine Philosophie der Fotografie,Vilém Flusser,NO_LANGUAGE_EDITION_WITH_COVER
/books/OL19294921M,DE,PROMISING,5,Opfer und Täter zugleich?,Revital Ludewig-Kedmi,NO_LANGUAGE_EDITION_WITH_COVER
/books/OL19321704M,DE,PROMISING,5,Kontingenz und Vernunft: Grundlagen einer Theorie kommunikativen Handelns im Anschluss an Habermas und Merleau-Ponty,Andreas Niederberger,NO_LANGUAGE_EDITION_WITH_COVER
/books/OL19341649M,DE,PROMISING,5,Die Bildhauerwerkstatt der Familie Torretto,Annette Stahl,NO_LANGUAGE_EDITION_WITH_COVER
/books/OL19370787M,DE,PROMISING,5,Postnationale politische Herrschaft,Jürgen Neyer,NO_LANGUAGE_EDITION_WITH_COVER
/books/OL19426445M,DE,PROMISING,5,Fast ein Wahrzeichen Münchens,Ulrich Kirstein,NO_LANGUAGE_EDITION_WITH_COVER
/books/OL19451677M,DE,PROMISING,5,Kunstskandale,Heinz Peter Schwerfel,NO_LANGUAGE_EDITION_WITH_COVER
/books/OL19452612M,DE,WEAK,4,"Sp atantike - fr uhes Christentum - Byzanz. Reihe B, Bd. 14: Die illustrierten Homilien des Johannes Chrysostomos in Byzanz",Karin Krause,NO_LANGUAGE_EDITION_WITH_COVER
/books/OL19492580M,DE,PROMISING,5,Schweizerische Bodenkreditanstalt,Barbara Bonhage,NO_LANGUAGE_EDITION_WITH_COVER
/books/OL19497888M,DE,PROMISING,5,Methodik des Deutschunterrichts.,Robert Ulshöfer,NO_LANGUAGE_EDITION_WITH_COVER
/books/OL19532570M,DE,PROMISING,5,Alfred 'Jude' Dreyfus,Hans-Ulrich Lüdemann,NO_LANGUAGE_EDITION_WITH_COVER
/books/OL19534499M,DE,PROMISING,5,F alschung und Instrumentalisierung antifaschistischer Biographien: das Beispiel Halle/Saale 1945 - 2005,Frank Hirschinger,NO_LANGUAGE_EDITION_WITH_COVER
/books/OL19534968M,DE,PROMISING,5,Stierhunger: Roman,Linda Stift,NO_LANGUAGE_EDITION_WITH_COVER
/books/OL19552144M,DE,PROMISING,5,Das Herz von Chopin,Artur Becker,NO_LANGUAGE_EDITION_WITH_COVER
/books/OL19555687M,DE,PROMISING,5,Zwillinge und Zwillingsmythen in der Literatur,Barbara Frey,NO_LANGUAGE_EDITION_WITH_COVER
/books/OL19566475M,DE,PROMISING,5,Schr oder gegen Merkel: Wahrnehmung und Wirkung des TV-Duells 2005 im Ost-West-Vergleich,Marcus Maurer,NO_LANGUAGE_EDITION_WITH_COVER
/books/OL19587061M,DE,PROMISING,5,"Wie im wachen Traume: Zeichnungen, Aquarelle, Olskizzen der deutschen und osterreichischen Romantik; Bestandskatalog der Sammlung des Kupferstichkabinetts der Akademie der Bildenden K unste Wien",Cornelia Reiter,NO_LANGUAGE_EDITION_WITH_COVER
/books/OL19613030M,DE,PROMISING,5,Beringers Auftrag,Marie-Jo Morell,NO_LANGUAGE_EDITION_WITH_COVER
/books/OL19617714M,DE,PROMISING,5,Wahlverwandte: Rassendiskurs und Nationalismus im sp aten 19. Jahrhundert,Christian Geulen,NO_LANGUAGE_EDITION_WITH_COVER
/books/OL19625253M,DE,PROMISING,5,Die haipai-Erz ahlliteratur,Jialing Fu,NO_LANGUAGE_EDITION_WITH_COVER
/books/OL19640590M,DE,PROMISING,5,Öffentliche Kunst als Denkmalkritik,Herbert Jochmann,NO_LANGUAGE_EDITION_WITH_COVER
/books/OL19649606M,DE,PROMISING,5,Quellen,Josef Moos,NO_LANGUAGE_EDITION_WITH_COVER
/books/OL19680752M,DE,PROMISING,5,Herrschaft in der modernen Gesellschaft,Michael Bruch,NO_LANGUAGE_EDITION_WITH_COVER
/books/OL19685482M,DE,PROMISING,5,Hannah Arendt,Annette Vowinckel,NO_LANGUAGE_EDITION_WITH_COVER
/books/OL19727169M,DE,WEAK,4,Die Melancholie der Philosophie,Andreas Walker,NO_LANGUAGE_EDITION_WITH_COVER
/books/OL19786477M,DE,PROMISING,5,Die Deutsche Frage in Wissenschaft und Unterricht,Horst Müller,NO_LANGUAGE_EDITION_WITH_COVER
/books/OL19795854M,DE,PROMISING,5,"Versuche, den Morgen zu beschreiben",Christine Pitzke,NO_LANGUAGE_EDITION_WITH_COVER
/books/OL19807125M,DE,PROMISING,5,"Schriften zur diachronen Sprachwissenschaft, Band 18: Textstruktur, Textstrukturvariation, Textstrukturmuster",Andreas Bieberstedt,NO_LANGUAGE_EDITION_WITH_COVER
/books/OL19813258M,DE,PROMISING,5,Die letzte List,Andreas Walker,NO_LANGUAGE_EDITION_WITH_COVER
/books/OL19822782M,DE,PROMISING,5,Die Zwangsvollstreckung in der DDR,Thomas Thaetner,NO_LANGUAGE_EDITION_WITH_COVER
/books/OL19837904M,DE,PROMISING,5,Albrecht Dürers Marienleben,Anna Scherbaum,NO_LANGUAGE_EDITION_WITH_COVER
/books/OL19862765M,DE,PROMISING,5,Die Abschaffung des Krieges: ein philosophischer Entwurf,Manfred Köhler | Manfred K ohler,NO_LANGUAGE_EDITION_WITH_COVER
/books/OL19931845M,DE,PROMISING,5,Ammen und Pädagogen,Harald Schulze,NO_LANGUAGE_EDITION_WITH_COVER
/books/OL19990255M,DE,PROMISING,5,Kann moralisch falsches Handeln richtig sein?: eine Untersuchung zum Vorrang der Moral,Carsten Lenz,NO_LANGUAGE_EDITION_WITH_COVER
/books/OL20003273M,DE,PROMISING,5,Deutsche Europapolitik der Regierung Schr oder: 1998 - 2002; von den strategischen H ugeln zur M uhsal der Ebene,Dorothea Lamatsch,NO_LANGUAGE_EDITION_WITH_COVER
/books/OL20003677M,DE,PROMISING,5,"Von der Illusion zur Realit at: Beiträge zu einer Philosophie der Aufkl arung, des Realismus und der Lebenskunst",Jochen Schaare,NO_LANGUAGE_EDITION_WITH_COVER
/books/OL20017501M,DE,PROMISING,5,Macht und Elite im ländlichen Südamerika,Klaus Westermeier,NO_LANGUAGE_EDITION_WITH_COVER
/books/OL20023748M,DE,PROMISING,5,Entzweiungen,Caroline Arni,NO_LANGUAGE_EDITION_WITH_COVER
/books/OL20090805M,DE,PROMISING,5,"Berner Reihe philosophischer Studien, Band 30: Methodologie der qualitativen Sozialforschung: eine Kritik",Heiko Holweg,NO_LANGUAGE_EDITION_WITH_COVER
/books/OL20091018M,DE,PROMISING,5,"Parteienfinanzierung in Deutschland: Entwicklung der Einnahmestrukturen politischer Parteien oder eine Sittengeschichte uber Parteien, Geld und Macht",Karl-Heinz Adams,NO_LANGUAGE_EDITION_WITH_COVER
/books/OL20129697M,DE,PROMISING,5,Zwischen den Bildern: metaphernkritische Essays uber Liberalismus und Revolution,Bernhard H. F. Taureck,NO_LANGUAGE_EDITION_WITH_COVER
/books/OL20161372M,DE,PROMISING,5,Weibsbilder al fresco,Werner Wunderlich,NO_LANGUAGE_EDITION_WITH_COVER
/books/OL20169357M,DE,PROMISING,5,Apollonius von Tyana,Maria Schneider,NO_LANGUAGE_EDITION_WITH_COVER
/books/OL20295402M,DE,PROMISING,5,Diesseits der Fassade,Edith Futscher,NO_LANGUAGE_EDITION_WITH_COVER
/books/OL20307958M,DE,PROMISING,5,Wiederkehr in Sils,Hans-Joachim Friedrich,NO_LANGUAGE_EDITION_WITH_COVER
/books/OL20317943M,DE,PROMISING,5,Gewalt und Tabu,Christoph Türcke,NO_LANGUAGE_EDITION_WITH_COVER
/books/OL20335767M,DE,PROMISING,5,"Was war und was ist: die Mahn- und Gedenkst atte am M unchner Platz in Dresden: der Umgang mit einem Erbe; Erinnerungen, Erfahrungen und Empfehlungen",Gerhard Lehmann,NO_LANGUAGE_EDITION_WITH_COVER
/books/OL20344131M,DE,PROMISING,5,Wissenschaft an Hochschulen,Cornelia Koppetsch,NO_LANGUAGE_EDITION_WITH_COVER
/books/OL20405424M,DE,PROMISING,5,Utopie oder Alptraum?,Christiane Uhlig,NO_LANGUAGE_EDITION_WITH_COVER
/books/OL20412920M,DE,PROMISING,5,"Geschichte der Kunst, Gegenwart der Kritik",Willibald Sauerländer,NO_LANGUAGE_EDITION_WITH_COVER
/books/OL20514311M,DE,PROMISING,5,Am Ursprung der Zeit,Gerhard Ruff,NO_LANGUAGE_EDITION_WITH_COVER
/books/OL20575556M,DE,PROMISING,5,Wirklich wahr!,Sigrid Schneider,NO_LANGUAGE_EDITION_WITH_COVER
/books/OL20652897M,DE,PROMISING,5,Der deutsche Militarismus vom 17. Jahrhundert bis 1917,Peter Bachmann,NO_LANGUAGE_EDITION_WITH_COVER
/books/OL20677832M,DE,PROMISING,5,Der Dom zu Minden,Paul Jakobi,NO_LANGUAGE_EDITION_WITH_COVER
/books/OL20682148M,DE,PROMISING,5,Politische Vernunft,Peter Rinderle,NO_LANGUAGE_EDITION_WITH_COVER
/books/OL20768495M,DE,PROMISING,5,Die Vergangenheit der Kunst,Peter Geimer,NO_LANGUAGE_EDITION_WITH_COVER
/books/OL20807988M,DE,PROMISING,5,Japans Kaiserhof in der Edo-Zeit,Eva-Maria Meyer,NO_LANGUAGE_EDITION_WITH_COVER
/books/OL20830028M,DE,PROMISING,5,Das Gespr ach mit dem Anderen: Perspektiven einer ethischen Hermeneutik,Nicole Ruchlak,NO_LANGUAGE_EDITION_WITH_COVER
/books/OL20885345M,DE,PROMISING,5,"Kunst, Region und Regionalität",Gerd Simons,NO_LANGUAGE_EDITION_WITH_COVER
/books/OL20893731M,DE,PROMISING,5,"Engel, engel scharenweise",Walter Müller,NO_LANGUAGE_EDITION_WITH_COVER
/books/OL20907009M,DE,PROMISING,5,Christian Philipp Koester (1784-1851),Thomas Rudi,NO_LANGUAGE_EDITION_WITH_COVER
/books/OL20914594M,DE,PROMISING,5,Weimar - Cambridge und zurück,Günter Kollert,NO_LANGUAGE_EDITION_WITH_COVER
/books/OL20957219M,DE,PROMISING,5,"Caravaggio, Guercino, Mattia Preti: das halbfigurige Historienbild und die Sammler des Seicento",Sandra Gianfreda,NO_LANGUAGE_EDITION_WITH_COVER
/books/OL20957322M,DE,PROMISING,5,Fabeltiere und D amonen: die Welt der phantastischen Wesen,Heinz Mode,NO_LANGUAGE_EDITION_WITH_COVER
/books/OL20958327M,DE,PROMISING,5,Studien zur politischen Utopie: theoretische Reflexionen und ideengeschichtliche Ann aherungen,Andreas Heyer,NO_LANGUAGE_EDITION_WITH_COVER
/books/OL20970099M,DE,PROMISING,5,Empirische Herrschaftstheorie.,Norbert Müller,NO_LANGUAGE_EDITION_WITH_COVER
/books/OL20979345M,DE,PROMISING,5,Kierkegaard und Lessing,Andre Kraus,NO_LANGUAGE_EDITION_WITH_COVER
/books/OL21013614M,DE,PROMISING,5,Ostdeutschland: Beobachtungen einer Ubergangs- und Teilgesellschaft,Raj Kollmorgen,NO_LANGUAGE_EDITION_WITH_COVER
/books/OL21034303M,DE,PROMISING,5,Sammlung Bezirk Oberpfalz,Werner Mayer,NO_LANGUAGE_EDITION_WITH_COVER
/books/OL21236374M,DE,PROMISING,5,"Otto Mittmannsgruber, Martin Strauss",Otto Mittmannsgruber,NO_LANGUAGE_EDITION_WITH_COVER
/books/OL21262847M,DE,PROMISING,5,Vom Pionier zum Diplom-Pädagogen,Cathleen Grunert,NO_LANGUAGE_EDITION_WITH_COVER
/books/OL21262897M,DE,PROMISING,5,Die neue Hässlichkeit,Max Herfert,NO_LANGUAGE_EDITION_WITH_COVER
/books/OL21264063M,DE,PROMISING,5,Industrie im geteilten Berlin (1945-1990),Johannes Bähr,NO_LANGUAGE_EDITION_WITH_COVER
/books/OL21296548M,DE,PROMISING,5,Eliteverhalten und Unternehmertum im Transformationsprozess,Martin Rahe,NO_LANGUAGE_EDITION_WITH_COVER
/books/OL21352996M,DE,PROMISING,5,Littérature féminine?,Alexandra König,NO_LANGUAGE_EDITION_WITH_COVER
/books/OL21359749M,DE,PROMISING,5,Jüdische Seidenunternehmer und die soziale Ordnung zur Zeit Friedrichs II.,Brigitte Meier,NO_LANGUAGE_EDITION_WITH_COVER
/books/OL21391152M,DE,PROMISING,5,Crucifixae,Jürgen Zänker,NO_LANGUAGE_EDITION_WITH_COVER
/books/OL21416922M,DE,PROMISING,5,Singen als schöpferischer Akt,Peter Keller,NO_LANGUAGE_EDITION_WITH_COVER
/books/OL21590467M,DE,PROMISING,5,Untiefen,Daniel Tyradellis,NO_LANGUAGE_EDITION_WITH_COVER
/books/OL21611668M,DE,PROMISING,5,Die Ganzheit der Geschichte: historische Romane im 19. Jahrhundert,Barbara Potthast-Jutkeit,NO_LANGUAGE_EDITION_WITH_COVER
/books/OL21611926M,DE,PROMISING,5,Mediengeschichte vor und nach Gutenberg,Horst Wenzel,NO_LANGUAGE_EDITION_WITH_COVER
/books/OL21663289M,DE,PROMISING,5,"Politik, Hermeneutik, Humanität",Jürgen Gebhardt,NO_LANGUAGE_EDITION_WITH_COVER
/books/OL21669073M,DE,PROMISING,5,Spielzeug aus dem Erzgebirge,Botho G. Wagner,NO_LANGUAGE_EDITION_WITH_COVER
/books/OL21727634M,DE,PROMISING,5,Der Goldhandel der Dresdner Bank im Zweiten Weltkrieg,Johannes Bähr,NO_VALID_PHYSICAL_COVER
/books/OL21727670M,DE,PROMISING,5,Methode und Inhalt,Peter Joch,NO_LANGUAGE_EDITION_WITH_COVER
/books/OL21739701M,DE,PROMISING,5,Berufsbildung in der deutschen Kreditwirtschaft,Günter Ashauer,NO_LANGUAGE_EDITION_WITH_COVER
/books/OL21813772M,DE,PROMISING,5,Das Grundeigentum in Mesopotamien.,B. Brentjes,NO_MATCHING_WORK
/books/OL21831175M,DE,PROMISING,5,Zur Kunst der pragmatischen Orientierung,Klaus Peter Müller,NO_LANGUAGE_EDITION_WITH_COVER
/books/OL21831205M,DE,PROMISING,5,Simone de Beauvoir,Barbara Brüning,NO_LANGUAGE_EDITION_WITH_COVER
/books/OL21837403M,DE,PROMISING,5,Die deutsche Novelle im 19. Jahrhundert,Josef Kunz,NO_LANGUAGE_EDITION_WITH_COVER
/books/OL21884097M,DE,PROMISING,5,Deutsche Reichsbahn in Österreich,Roland Beier,NO_VALID_PHYSICAL_COVER
/books/OL21989639M,DE,PROMISING,5,"KOMPENDIUM DER GRUNDLAGENSTATISTIK FÜR SOZIOLOGEN, PÄDAGOGEN, PSYCHOLOGEN, VOLKSWIRTE.",Hans-Werner Müller,NO_LANGUAGE_EDITION_WITH_COVER
/books/OL21992726M,DE,PROMISING,5,Die Methode der wissenschaftlichen Revolution,Michael Jäger,NO_LANGUAGE_EDITION_WITH_COVER
/books/OL22027568M,DE,PROMISING,5,Sizilien,Brigit Carnabuci,NO_LANGUAGE_EDITION_WITH_COVER
/books/OL22058821M,DE,PROMISING,5,Versailles als Nationaldenkmal,Thomas W. Gaethgens,NO_LANGUAGE_EDITION_WITH_COVER
/books/OL22156353M,DE,PROMISING,5,Weltversionen,Volker Böhnigk,NO_LANGUAGE_EDITION_WITH_COVER
/books/OL22259122M,DE,PROMISING,5,Telemann und Paris,Hans-Jürgen Becker,NO_LANGUAGE_EDITION_WITH_COVER
/books/OL22319308M,DE,PROMISING,5,Penthesilea,Beat Schneider,NO_LANGUAGE_EDITION_WITH_COVER
/books/OL22348908M,DE,PROMISING,5,Angelika Kauffmann,Jutta Rebmann,NO_LANGUAGE_EDITION_WITH_COVER
/books/OL22386906M,DE,PROMISING,5,Fremdheit und Integration,Erol Yildiz,NO_LANGUAGE_EDITION_WITH_COVER
/books/OL22427430M,DE,PROMISING,5,Skulptur als Feld,Julia Otto,NO_LANGUAGE_EDITION_WITH_COVER
/books/OL22464503M,DE,PROMISING,5,"Die nationalsozialistische Kunstzeitschrift 'Das Bild', 'Monatsschrift für das Deutsche Kunstschaffen in Vergangenheit und Gegenwart'",Annette Ludwig,NO_LANGUAGE_EDITION_WITH_COVER
/books/OL22464744M,DE,PROMISING,5,"""Your own voice""",Jean-Pierre Reinle,NO_MATCHING_WORK
/books/OL22466900M,DE,PROMISING,5,Kreativität und Geschlecht,Maike Christadler,NO_LANGUAGE_EDITION_WITH_COVER
/books/OL22494187M,DE,PROMISING,5,Das römische Reich,Hans Peter L'Orange | Hans Peter LOrange,NO_LANGUAGE_EDITION_WITH_COVER
/books/OL22495216M,DE,PROMISING,5,Unsere Schule war ein KZ,Jörg Wollenberg,NO_LANGUAGE_EDITION_WITH_COVER
/books/OL22519369M,DE,PROMISING,5,Geschenkt!,Westfälisches Landesmuseum für Kunst und Kulturgeschichte Münster.,NO_LANGUAGE_EDITION_WITH_COVER
/books/OL22548645M,DE,PROMISING,5,Die Reichsarbeitsgemeinschaft für Raumforschung (RAG) und die reichsdeutsche Raumplanung seit ihrer Entstehung bis zum Ende des Zweiten Weltkrieges 1945,Michael Venhoff,NO_LANGUAGE_EDITION_WITH_COVER
/books/OL22587104M,DE,PROMISING,5,Unbegreifliche Sünde,Hans-Peter Willi,NO_LANGUAGE_EDITION_WITH_COVER
/books/OL22587971M,DE,PROMISING,5,"Schweizerische Wertpapiergeschäfte mit dem ""Dritten Reich""",Hanspeter Lussy | Barbara Bonhage | Christian Horn,NO_MATCHING_WORK
/books/OL22588601M,DE,PROMISING,5,Pieter Bruegels d.Ä. Landschaft mit pflügendem Bauern und Ikarussturz,Christian Vöhringer,NO_LANGUAGE_EDITION_WITH_COVER
/books/OL22592536M,DE,PROMISING,5,"Diskurs, Macht und Geschichte",Michael Maset,NO_VALID_PHYSICAL_COVER
/books/OL22592753M,DE,PROMISING,5,Jan Gossaert,Ariane Mensger,NO_LANGUAGE_EDITION_WITH_COVER
/books/OL22592791M,DE,PROMISING,5,Reden von Gewalt,Kristin Platt,NO_LANGUAGE_EDITION_WITH_COVER
/books/OL22660315M,DE,PROMISING,5,Der Wissenschaftsrat,Olaf Bartz,NO_LANGUAGE_EDITION_WITH_COVER
/books/OL22727605M,DE,PROMISING,5,Outre Newton,Bertrand Hespel,NO_LANGUAGE_EDITION_WITH_COVER
/books/OL22733206M,DE,PROMISING,5,Postmoderne/postkoloniale Konzepte der Autobiographie in der französischen und maghrebinischen Literatur,Claudia Gronemann,NO_LANGUAGE_EDITION_WITH_COVER
/books/OL22741265M,DE,PROMISING,5,Schatzhäuser Deutschlands,Wilfried Rogasch,NO_LANGUAGE_EDITION_WITH_COVER
/books/OL22765985M,DE,PROMISING,5,Individualität Im Komischen Roman Der Frühen Neuezeit,Ansgar Thiele,NO_LANGUAGE_EDITION_WITH_COVER
/books/OL22942558M,DE,PROMISING,5,Keine Angst vor Mister Dobermann,Ingrid Kötter,NO_LANGUAGE_EDITION_WITH_COVER
/books/OL23010181M,DE,PROMISING,5,Der Tiger von Mysore,Claudia Urbanovsky,NO_LANGUAGE_EDITION_WITH_COVER
/books/OL23029980M,DE,PROMISING,5,Piggeldy und Frederick,Dieter Loewe | Elke Loewe,NO_LANGUAGE_EDITION_WITH_COVER
/books/OL23054550M,DE,PROMISING,5,Schattenbrüder,Udo Röbel,NO_LANGUAGE_EDITION_WITH_COVER
/books/OL23064829M,DE,PROMISING,5,Die kiste,Lorenz Pauli,NO_LANGUAGE_EDITION_WITH_COVER
/books/OL23069115M,DE,PROMISING,5,Wenn Fuchs und Hase sich Gute Nacht sagen,Kathrin Schärer,NO_LANGUAGE_EDITION_WITH_COVER
/books/OL23069888M,DE,STRONG,7,Fuchs und Storch,Karl Rühmann,NO_LANGUAGE_EDITION_WITH_COVER
/books/OL23072224M,DE,PROMISING,5,Frau Bund und Hund,Helga Bansch,NO_LANGUAGE_EDITION_WITH_COVER
/books/OL23081277M,DE,PROMISING,5,Willi wünscht sich einen Bruder,Bernhard Lins,NO_LANGUAGE_EDITION_WITH_COVER
/books/OL23169295M,DE,PROMISING,5,Die berufliche Spezialisierung in Handel und Handwerk,Kai Ruffing,NO_LANGUAGE_EDITION_WITH_COVER
/books/OL23696403M,DE,PROMISING,5,Sehen als Praxis,Eva Schürmann,NO_LANGUAGE_EDITION_WITH_COVER
/books/OL2443268M,DE,PROMISING,5,Ins Universum der technischen Bilder,Vilém Flusser,NO_LANGUAGE_EDITION_WITH_COVER
/books/OL2806757M,DE,PROMISING,5,Freundeskreis des Westfälischen Landesmuseums für Kunst und Kulturgeschichte Münster,Westfälisches Landesmuseum für Kunst und Kulturgeschichte Münster.,NO_LANGUAGE_EDITION_WITH_COVER
/books/OL29410015M,DE,PROMISING,5,Die Reputation Einer Zentralbank,Iris Henning,NO_LANGUAGE_EDITION_WITH_COVER
/books/OL29410261M,DE,PROMISING,5,Konzeptionelle Grundfragen Eines Kinderleistungsausgleichs Im Rahmen Einer Umlagefinanzierten Zwangsweisen Rentenversicherung,Eckart Bauer,NO_LANGUAGE_EDITION_WITH_COVER
/books/OL31887433M,DE,STRONG,7,Pandora im Kongo,Albert Sánchez Piñol,NO_MATCHING_WORK
/books/OL3278099M,DE,PROMISING,5,Oscar Niemeyer,Mauro Cavalcanti | Julia Peyton-Jones | Oscar Niemeyer,NO_LANGUAGE_EDITION_WITH_COVER
/books/OL3463131M,DE,PROMISING,5,Framework for science education in Germany,Kurt Riquarts,NO_LANGUAGE_EDITION_WITH_COVER
/books/OL35916801M,DE,PROMISING,5,Rechtsphilosophie,Dietmar von der Pfordten,NO_LANGUAGE_EDITION_WITH_COVER
/books/OL37151794M,DE,PROMISING,5,Europa Auf Dem Weg Nach Rechts?,Susanne Rippl,NO_LANGUAGE_EDITION_WITH_COVER
/books/OL37271770M,DE,PROMISING,5,Grundzüge der Politikwissenschaft,Arno Mohr,NO_LANGUAGE_EDITION_WITH_COVER
/books/OL3830698M,DE,PROMISING,5,"Fichtes ""System der Freiheit""",Manfred O. Hinz,NO_MATCHING_WORK
/books/OL4011707M,DE,PROMISING,5,Renaissance und Barock,Westfälisches Landesmuseum für Kunst und Kulturgeschichte Münster.,NO_LANGUAGE_EDITION_WITH_COVER
/books/OL483550M,DE,PROMISING,5,"Henry Moore, animals",Henry Moore,NO_LANGUAGE_EDITION_WITH_COVER
/books/OL50323792M,DE,PROMISING,5,Schatten über München,Reinhart Hoffmeister,NO_LANGUAGE_EDITION_WITH_COVER
/books/OL50586347M,DE,PROMISING,5,Normbegründung und Politische Legitimität,Frank Grunert,NO_LANGUAGE_EDITION_WITH_COVER
/books/OL50606518M,DE,PROMISING,5,Ambivalente Gesellschaftlichkeit,Matthias Junge,NO_LANGUAGE_EDITION_WITH_COVER
/books/OL51029273M,DE,PROMISING,5,Demokratische Konsolidierung Im Postsozialistischen Europa,Timm Beichelt,NO_LANGUAGE_EDITION_WITH_COVER
/books/OL537354M,DE,PROMISING,5,Die Stiftung Bernhard und Ilse Rensch,Westfälisches Landesmuseum für Kunst und Kulturgeschichte Münster.,NO_LANGUAGE_EDITION_WITH_COVER
/books/OL57547271M,DE,PROMISING,5,Johann Georg Hamann und David Hume,Thomas Brose,NO_LANGUAGE_EDITION_WITH_COVER
/books/OL58241152M,DE,PROMISING,5,Lautlos wandert der Schatten,Roland Breitenbach,NO_LANGUAGE_EDITION_WITH_COVER
/books/OL9077406M,DE,PROMISING,5,Ich Bitte Dringend Um ein Happyend,Katja B. Zaich,NO_LANGUAGE_EDITION_WITH_COVER
/books/OL10070873M,EN,PROMISING,5,The Ap Professional Fuzzy Logic Cd-Rom Library/Cd-Rom,AP Professional | Academic Press,NO_LANGUAGE_EDITION_WITH_COVER
/books/OL10070899M,EN,PROMISING,5,"Genetics and Biology of the Drosophila, Part D (Genetics & Biology of Drosophilia)",M. Ashburner | H. L. Carson,NO_LANGUAGE_EDITION_WITH_COVER
/books/OL10072151M,EN,PROMISING,5,Applied Optics and Optical Engineering (Vol 13),Shannon | Robert R. Shannon,NO_LANGUAGE_EDITION_WITH_COVER
/books/OL10072289M,EN,PROMISING,5,Database of Palladium Chemistry (CD-ROM Version 1.1),Jean-Luc Malleron | Alain Juin,NO_LANGUAGE_EDITION_WITH_COVER
/books/OL10072989M,EN,PROMISING,5,The Biochemistry of Plants: A Comprehensive Treatise,David D. Davies,NO_LANGUAGE_EDITION_WITH_COVER
/books/OL10073141M,EN,PROMISING,5,The Mollusca,N. H. Verdonk | J. A. M. Van Den Biggelaar,NO_LANGUAGE_EDITION_WITH_COVER
/books/OL10073199M,EN,PROMISING,5,Fundamentals of Optical Engineering,Francis T.S. Yu | Ching-Cherng Sun,NO_LANGUAGE_EDITION_WITH_COVER
/books/OL10073844M,EN,PROMISING,5,Foundation of American Education & Surving the First Year of Teaching,Webb,NO_LANGUAGE_EDITION_WITH_COVER
/books/OL10073847M,EN,PROMISING,5,Life on Earth/Science on Earth,Teresa Audesirk | Bruce E. Byers | Gerald Audesirk,NO_LANGUAGE_EDITION_WITH_COVER
/books/OL10074100M,EN,PROMISING,5,Intermediate Algebra for College Students/How to Study Math,Allen R. Angel,NO_LANGUAGE_EDITION_WITH_COVER
/books/OL10074818M,EN,PROMISING,5,General Science Third Edition,Globe Fearon | Philip Altshuler,NO_LANGUAGE_EDITION_WITH_COVER
/books/OL10074916M,EN,PROMISING,5,Concepts and Challeneges in Life Science,Na,NO_LANGUAGE_EDITION_WITH_COVER
/books/OL10075024M,EN,PROMISING,5,2000 Media Update Astronomy,Eric Chaisson | S. McMillan,NO_LANGUAGE_EDITION_WITH_COVER
/books/OL10075045M,EN,PROMISING,5,Virtual Fieldtrips for Physical Geography (standalone version),Larry Onesti | Jeremy Dunning,NO_LANGUAGE_EDITION_WITH_COVER
/books/OL10075088M,EN,PROMISING,5,Practical Approach to Digital Electronics + Becoming an Electronics Technician,Alan C. Dixon | James L. Antonakos,NO_LANGUAGE_EDITION_WITH_COVER
/books/OL10075185M,EN,PROMISING,5,Sociololgy for the 21th Century,Timothy J. Curry | Kent Schwirian | Robert M. Jibou,NO_LANGUAGE_EDITION_WITH_COVER
/books/OL10075299M,EN,PROMISING,5,"HomeLink Reader, English For Me! (Book/Audio cassette Package), Scott Foresman ESL Kindergarten Level, Second Edition",Jim Cummins | Anna Uhl Chamot,NO_LANGUAGE_EDITION_WITH_COVER
/books/OL10075369M,EN,PROMISING,5,American Express Guide to Tokyo,American Express | Mitchell Beazley,NO_LANGUAGE_EDITION_WITH_COVER
/books/OL10075410M,EN,PROMISING,5,Succeeding in Mechanical Engineering,Mark N. Horenstein | James,NO_LANGUAGE_EDITION_WITH_COVER
/books/OL10075414M,EN,PROMISING,5,Engineering Computations,David C. Kuncicky | Schwartz,NO_LANGUAGE_EDITION_WITH_COVER
/books/OL10075447M,EN,PROMISING,5,Concepts of Genetics : Science on the Internet,William S. Klug | Michael R. Cummings,NO_LANGUAGE_EDITION_WITH_COVER
/books/OL10075635M,EN,PROMISING,5,Engineering Experimentation,Ronald W. Larsen | John T. Sears | Royce Wilkinson,NO_LANGUAGE_EDITION_WITH_COVER
/books/OL10076157M,EN,PROMISING,5,Spanish Supervisor's Guide to Food Safety and Sanitation,Nancy R. Rue | Richard Linton | David R. McSwane | Anna Graf Williams,NO_LANGUAGE_EDITION_WITH_COVER
/books/OL10076177M,EN,PROMISING,5,Western Civilization and Culture,Virginia Brown | Mark A. Kishlansky | David Blackbourn | James Hankins,NO_LANGUAGE_EDITION_WITH_COVER
/books/OL10076239M,EN,PROMISING,5,Writing and Grammar: Standardized Test Prep Copper Level 6 (Prentice Hall Writing and Grammar:Communication in Action),Gary Forlini | Edward E. Wilson | Joyce Armstrong Carroll,NO_LANGUAGE_EDITION_WITH_COVER
/books/OL10076241M,EN,PROMISING,5,Writing and Grammar: Standardized Test Prep Silver Level 8 (Prentice Hall Writing and Grammar: Communication in Action),Gary Forlini | Edward E. Wilson | Joyce Armstrong Carroll,NO_LANGUAGE_EDITION_WITH_COVER
/books/OL10076302M,EN,PROMISING,5,Writing And Grammar Hands-on Activity Book 8,Gary Forlini | Edward E. Wilson | Joyce Armstrong Carroll,NO_LANGUAGE_EDITION_WITH_COVER
/books/OL10076432M,EN,PROMISING,5,Student Study Guide,Paynter | Daugherty,NO_MATCHING_WORK
/books/OL10076531M,EN,PROMISING,5,College Physics,W. Christian | Gregor Novak | Andrew Gavrin,NO_LANGUAGE_EDITION_WITH_COVER
/books/OL10076532M,EN,PROMISING,5,Fluid Mechanics in the Human Circulation,K.B. Chandran | Ajit P Yoganathan | Stanley Rittgers,NO_LANGUAGE_EDITION_WITH_COVER
/books/OL10076540M,EN,PROMISING,5,Spss-X User's Guide,Inc. Spss,NO_LANGUAGE_EDITION_WITH_COVER
/books/OL10076661M,EN,PROMISING,5,"Student Book, Level A, Shining Star",Jann Huizenga | P. Hartmann | Anna Uhl Chamot,NO_LANGUAGE_EDITION_WITH_COVER
/books/OL10076729M,EN,PROMISING,5,"Prentice Hall Simulations and Data Graphing for Economics, Government, Civics",Sheffrin | O'Sullivan,NO_LANGUAGE_EDITION_WITH_COVER
/books/OL10076748M,EN,PROMISING,5,Algebra Tools for a Changing World Volume 2,Suzanne H. Chapin | Sadie Bragg | Allan E. Bellman | Theodore J. Gardella | William G. Handlin | Edward Manfre | Bettye C. Hall,NO_LANGUAGE_EDITION_WITH_COVER
/books/OL10076832M,EN,PROMISING,5,Algebra 1 -skills Intervention Kit,Smith,NO_LANGUAGE_EDITION_WITH_COVER
/books/OL10076844M,EN,PROMISING,5,"Red Tides: Biology, Environmental Science, and Toxicology",Tomotoshi Okaichi | Donald M. Anderson,NO_LANGUAGE_EDITION_WITH_COVER
/books/OL10076938M,EN,PROMISING,5,Writing And Grammar Reading Support Practice Book,Gary Forlini | Edward E. Wilson | Joyce Armstrong Carroll,NO_LANGUAGE_EDITION_WITH_COVER
/books/OL10077153M,EN,PROMISING,5,Baedeker Map of Belgium/Luxembourg,Jarrold Baedeker,NO_LANGUAGE_EDITION_WITH_COVER
/books/OL10077155M,EN,PROMISING,5,Baedeker Map of Caribbean,Jarrold Baedeker,NO_LANGUAGE_EDITION_WITH_COVER
/books/OL10077160M,EN,PROMISING,5,Baedeker Map of Japan,Jarrold Baedeker,NO_LANGUAGE_EDITION_WITH_COVER
/books/OL10077175M,EN,PROMISING,5,Baedeker Map of Switzerland,Jarrold Baedeker,NO_LANGUAGE_EDITION_WITH_COVER
/books/OL10077184M,EN,PROMISING,5,Baedeker Map of Yugoslavia,Jarrold Baedeker,NO_LANGUAGE_EDITION_WITH_COVER
/books/OL10077197M,EN,PROMISING,5,Chemistry Connections to Changing World,Lemay | Beall | Brower | Robblee,NO_LANGUAGE_EDITION_WITH_COVER
/books/OL10077298M,EN,PROMISING,5,Baedeker Map of Yugoslavia/Bulgaria/Romania/Hungary,Jarrold Baedeker,NO_LANGUAGE_EDITION_WITH_COVER
/books/OL10077863M,EN,PROMISING,5,A First Course in Applied Mathematics,Peter J. Olver | Cheri Shakiban,NO_LANGUAGE_EDITION_WITH_COVER
/books/OL10078075M,EN,PROMISING,5,Beginning Writing,Carolyn Fink | John Fink,NO_LANGUAGE_EDITION_WITH_COVER
/books/OL10078189M,EN,PROMISING,5,Principles of Engineering Graphics Solid Works Student Des Ctr Pk,Frederick E. Giesecke,NO_LANGUAGE_EDITION_WITH_COVER
/books/OL10078218M,EN,PROMISING,5,Life on Earth Learning System Edition with CourseCompass (2nd Edition),Teresa Audesirk | Audesirk,NO_LANGUAGE_EDITION_WITH_COVER
/books/OL10078401M,EN,PROMISING,5,Agi Lab Manual,Agi | Nagt,NO_LANGUAGE_EDITION_WITH_COVER
/books/OL10078567M,EN,PROMISING,5,"The Blair Handbook, 1998 Mla & Apa Guidelines for Documenting On-Line Sources",Toby Fulwiler | Alan R. Hayakawa,NO_LANGUAGE_EDITION_WITH_COVER
/books/OL10078591M,EN,PROMISING,5,Pocket Handbook of Separation Method Instrumental Techniques for Analytical Chemistry,Mary Janes Van Sant | Mary Jane Van Sant,NO_LANGUAGE_EDITION_WITH_COVER
/books/OL10078761M,EN,PROMISING,5,Biological Electron Transport Processes,M. Malik | G. Yu. Riznichenko | A. Rubin,NO_LANGUAGE_EDITION_WITH_COVER
/books/OL10079047M,EN,PROMISING,5,Applied Weed Science (3rd Edition),Merrill A. Ross | Carol A. Lembi,NO_LANGUAGE_EDITION_WITH_COVER
/books/OL10079649M,EN,PROMISING,5,Workbook for Machine Tool Practices,Richard R. Kibbe | Warren T. White | Roland O. Meyer | John E. Neely,NO_MATCHING_WORK
/books/OL10079754M,EN,PROMISING,5,Pre-Hospital Emergency Care and Anthrax,Karren | Hafen,NO_LANGUAGE_EDITION_WITH_COVER
/books/OL10079770M,EN,PROMISING,5,"Kirk's Fire Investigation, Valuepack",Daniel Limmer | John D. DeHaan,NO_LANGUAGE_EDITION_WITH_COVER
/books/OL10080321M,EN,PROMISING,5,Civics Itext,James E. Davis | Phyllis Maxey Fernlund,NO_LANGUAGE_EDITION_WITH_COVER
/books/OL10080335M,EN,PROMISING,5,Civics Itext,James E. Davis | Phyllis Maxey Fernlund,NO_LANGUAGE_EDITION_WITH_COVER
/books/OL10080344M,EN,PROMISING,5,Medieval Times to Today,Michal L. LaVasseur | Hiedi Hayes Jacob,NO_LANGUAGE_EDITION_WITH_COVER
/books/OL10080435M,EN,PROMISING,5,Carbon Disulfide in Organic Chemistry (Ellis Horwood Books in Organic Chemistry),A. D. Dunn | W. D. Rudorf,NO_LANGUAGE_EDITION_WITH_COVER
/books/OL10080532M,EN,PROMISING,5,Both Sides of the Bars,Richard P. Seiter | Kevin Walsh,NO_LANGUAGE_EDITION_WITH_COVER
/books/OL10080792M,EN,PROMISING,5,Chemistry Small-scale Lab Manual 5-pack,Antony C. Wilbraham | Dennis D. Staley | Edward L. Waterman | Michael S. Matta,NO_LANGUAGE_EDITION_WITH_COVER
/books/OL10080936M,EN,PROMISING,5,Thinking Through Design,Edward McDonald | Henry Sayre,NO_LANGUAGE_EDITION_WITH_COVER
/books/OL10081740M,EN,PROMISING,5,"Anywhere, Anytime Chemistry",Doris R Kimbrough | James H Reeves,NO_LANGUAGE_EDITION_WITH_COVER
/books/OL10081831M,EN,PROMISING,5,AutoCAD 2005 Interior Design & AutoCAD 2005 180 Day Student Edition,James M. Kirkpatrick | Beverly L. Kirkpatrick,NO_LANGUAGE_EDITION_WITH_COVER
/books/OL10081877M,EN,PROMISING,5,Gousha Colorado Road Atlas,Susan Farewell | H.M. Gousha Co. | Mary T. Mulkerin,NO_LANGUAGE_EDITION_WITH_COVER
/books/OL10082381M,EN,PROMISING,5,Prentice Hall Writing And Grammar - Grade 8,D. Lapp | J. Flood,NO_LANGUAGE_EDITION_WITH_COVER
/books/OL10082725M,EN,PROMISING,5,Mech Vibrtn&Intro Matlab (4th Edition),RAO,NO_LANGUAGE_EDITION_WITH_COVER
/books/OL10083108M,EN,PROMISING,5,Solid Modeling with Inventor,Sheryl A. Sorby | John Zarling,NO_LANGUAGE_EDITION_WITH_COVER
/books/OL10083174M,EN,PROMISING,5,Drafters' Guide to Autocad,Jon M. Duff | William A. Ross,NO_LANGUAGE_EDITION_WITH_COVER
/books/OL10083428M,EN,PROMISING,5,Chemical Building Blocks - Interactive Textbook (6 Year Online Access),Michael J. Padilla | Ioannis Miaoulis | Martha Cyr,NO_LANGUAGE_EDITION_WITH_COVER
/books/OL10083634M,EN,PROMISING,5,"PH Reference Guide Updated MLA 2003 & Companion Website & Rogets Package, Fifth Edition",Muriel Harris | Muriel G. Harris,NO_LANGUAGE_EDITION_WITH_COVER
/books/OL10083677M,EN,PROMISING,5,"Here We Go, Pre-Primary Book",Ellen L. Leeder | PH Regents,NO_LANGUAGE_EDITION_WITH_COVER
/books/OL10083678M,EN,PROMISING,5,"Here We Go, Level One, Pupil Edition",Ellen L. Leeder | PH Regents,NO_LANGUAGE_EDITION_WITH_COVER
/books/OL10083812M,EN,PROMISING,5,A Handbook for Understanding Global Issues 2nd Ed. + World Religion Special Edition + Time Special Edition,Ann Kelleher | Laura Klein,NO_LANGUAGE_EDITION_WITH_COVER
/books/OL10083894M,EN,PROMISING,5,"Science Explorer, Environmental Science",Padilla | Cyr | Miaoulis,NO_LANGUAGE_EDITION_WITH_COVER
/books/OL10083917M,EN,PROMISING,5,"Science Explorer, Earth Science",Michael J. Padilla | Cyr | Miaoulis,NO_LANGUAGE_EDITION_WITH_COVER
/books/OL10083927M,EN,PROMISING,5,"Science Explorer, Physical Science",Michael J. Padilla | Cyr | Miaoulis,NO_LANGUAGE_EDITION_WITH_COVER
/books/OL10083946M,EN,PROMISING,5,Biology+Lab Manual+CD-ROM,Neil Allison Campbell | Brad Williamson | Robin Heyden,NO_LANGUAGE_EDITION_WITH_COVER
/books/OL10083947M,EN,PROMISING,5,Chemistry - Textbook With 6-year Online Access,Edward L. Waterman | Anthony C. Wilbraham | Dennis C. Staley | Michael S. Matta,NO_LANGUAGE_EDITION_WITH_COVER
/books/OL10084449M,EN,PROMISING,5,With Yellow Shoes,Thomas Keneally,NO_LANGUAGE_EDITION_WITH_COVER
/books/OL10084659M,EN,PROMISING,5,Digital Electronics Circuit Analysis (Ellis Horwood Series in Electrical and Electronic Engineering),Richardson,NO_LANGUAGE_EDITION_WITH_COVER
/books/OL10084707M,EN,PROMISING,5,Instructor's manual with selected solutions for Discrete structures,Fletcher R. Norris,NO_LANGUAGE_EDITION_WITH_COVER
/books/OL10084948M,EN,PROMISING,5,COLL PHYSICS& STUDY GD& SELECT SOLS MNL PKG,WILSON,NO_LANGUAGE_EDITION_WITH_COVER
/books/OL10084983M,EN,PROMISING,5,Prentice Hall Reference to Practical Grammar and Usage,Muriel Harris | Harris,NO_LANGUAGE_EDITION_WITH_COVER
/books/OL10085057M,EN,PROMISING,5,Language Arts for Young Children,Gail E. Tompkins,NO_LANGUAGE_EDITION_WITH_COVER
/books/OL10085710M,EN,PROMISING,5,"World History, Survey Edition",Esler | Elizabeth Ellis,NO_LANGUAGE_EDITION_WITH_COVER
/books/OL10086126M,EN,PROMISING,5,The Handbook of Wildlife Management,Paul R. Krausman,NO_LANGUAGE_EDITION_WITH_COVER
/books/OL10086172M,EN,PROMISING,5,"Test item file, third edition, environmental science",Bernard J. Nebel,NO_LANGUAGE_EDITION_WITH_COVER
/books/OL10086494M,EN,PROMISING,5,Art Since the Mid-Century,Wheeler. | Reid,NO_LANGUAGE_EDITION_WITH_COVER
/books/OL10086692M,EN,PROMISING,5,Fibre Failure and Wear of Materials,J. W. S. Hearle | B. Lomas | W. D. Cooke | I. J. Duerdon,NO_LANGUAGE_EDITION_WITH_COVER
/books/OL10086808M,EN,PROMISING,5,Florida Road Atlas and Visitor's Guide (Gousha State Atlases),Susan Farewell | H.M. Gousha Co. | Naomi Cutner,NO_LANGUAGE_EDITION_WITH_COVER
/books/OL10086931M,EN,PROMISING,5,Baedeker Map of France,Jarrold Baedeker,NO_LANGUAGE_EDITION_WITH_COVER
/books/OL10086977M,EN,PROMISING,5,Fundamentals of English (2nd Edition),Torrey | Sloat,NO_LANGUAGE_EDITION_WITH_COVER
/books/OL10087000M,EN,PROMISING,5,San Francisco with Kids (Frommer's Family Travel Guides),George McDonald | Charlene M. Solomon | Marmer Solomon,NO_LANGUAGE_EDITION_WITH_COVER
/books/OL10087004M,EN,PROMISING,5,Seattle and Portland (Frommer's City Guides),George McDonald | Karl Samson,NO_LANGUAGE_EDITION_WITH_COVER
/books/OL10087005M,EN,PROMISING,5,"Frommer's Guide to Arizona, 1992",George McDonald | Karl Samson,NO_LANGUAGE_EDITION_WITH_COVER
/books/OL10087037M,EN,PROMISING,5,Virginia (Frommer's Comprehensive Travel Guides),George McDonald | Rena Bulkin,NO_LANGUAGE_EDITION_WITH_COVER
/books/OL10087040M,EN,PROMISING,5,Frmr NW Zeal 92,Poole | Poole Susan,NO_LANGUAGE_EDITION_WITH_COVER
/books/OL10087076M,EN,PROMISING,5,Mexico City and Acapulco (Frommer's City Guides),George McDonald | Arthur Frommer,NO_LANGUAGE_EDITION_WITH_COVER
/books/OL10087303M,EN,PROMISING,5,Baedeker Map of Germany,Jarrold Baedeker,NO_LANGUAGE_EDITION_WITH_COVER
/books/OL10087339M,EN,PROMISING,5,Gousha Charlotte Street Atlas,H.M. Gousha Co. | Gousha,NO_LANGUAGE_EDITION_WITH_COVER
/books/OL10087425M,EN,PROMISING,5,Gousha Kansas City Street Atlas,Gousha | Ozark Map Co,NO_LANGUAGE_EDITION_WITH_COVER
/books/OL10087585M,EN,PROMISING,5,American Government Action,Schultz - undifferentiated,NO_LANGUAGE_EDITION_WITH_COVER
/books/OL10087593M,EN,PROMISING,5,Digital Fundamentals/Keys to Success,Floyd,NO_LANGUAGE_EDITION_WITH_COVER
/books/OL10088753M,EN,PROMISING,5,Human Geography,David Stephens | Stephens,NO_LANGUAGE_EDITION_WITH_COVER
/books/OL10089118M,EN,PROMISING,5,Insight South East Asia (Insight Guide),Joseph R. Yogerst,NO_LANGUAGE_EDITION_WITH_COVER
/books/OL10089121M,EN,PROMISING,5,Egypt (Insight Guide Egypt),Insight Guides | Apa Productions,NO_LANGUAGE_EDITION_WITH_COVER
/books/OL10089142M,EN,PROMISING,5,Nepal-Insight Guide (Insight Guide Nepal),Insight Guides | Apa Productions,NO_LANGUAGE_EDITION_WITH_COVER
/books/OL10089167M,EN,PROMISING,5,Insight Guide Eastern Europe,Insight Guides | Hofer Communications,NO_LANGUAGE_EDITION_WITH_COVER
/books/OL10089169M,EN,PROMISING,5,Insight Los Angeles (Insight Guide Los Angeles),Insight Guides | Apa Publications,NO_LANGUAGE_EDITION_WITH_COVER
/books/OL10089207M,EN,PROMISING,5,Instant Byline (Ibm Version 1.1),Steven J. Bennett | Peter G. Randall | Kate Hatsy Thompson,NO_LANGUAGE_EDITION_WITH_COVER
/books/OL10089296M,EN,PROMISING,5,Insight Tokyo (Insight City Guide Tokyo),Insight Guides | Apa Publications,NO_LANGUAGE_EDITION_WITH_COVER
/books/OL10089425M,EN,PROMISING,5,Introduction to the Design and Analysis of Algorithms,Lee,NO_LANGUAGE_EDITION_WITH_COVER
/books/OL10089636M,EN,PROMISING,5,Progress in High Energy Physics,W. Y. Pauchy Hwang | Shih-Chang Lee | Chien-Er Lee,NO_LANGUAGE_EDITION_WITH_COVER
/books/OL10089762M,EN,PROMISING,5,Baedeker Map of Italy (Baedeker's Maps),Jarrold Baedeker,NO_LANGUAGE_EDITION_WITH_COVER
/books/OL10089899M,EN,PROMISING,5,"International Relations, Brief Edition (4th Edition)",Joshua S. Goldstein | Jon C. Pevehouse,NO_LANGUAGE_EDITION_WITH_COVER
/books/OL10090056M,EN,PROMISING,5,A First Course in Applied Mathematics,Manfred Konig | Ronald B. Guenther,NO_LANGUAGE_EDITION_WITH_COVER
/books/OL10090362M,EN,PROMISING,5,Looking at English,Deborah S. Pires | Fred Malkemes,NO_LANGUAGE_EDITION_WITH_COVER
/books/OL10090758M,EN,PROMISING,5,AutoCAD Release 13 Update Manual,John M. Leetch | Steve Helba,NO_LANGUAGE_EDITION_WITH_COVER
/books/OL10090958M,EN,PROMISING,5,Mixtures in Chemistry,M. Murphy | T. Harrison,NO_LANGUAGE_EDITION_WITH_COVER
/books/OL10091399M,EN,PROMISING,5,Map-Netherlands,Jarrold Baedeker,NO_LANGUAGE_EDITION_WITH_COVER
/books/OL10091484M,EN,PROMISING,5,Design of Experiments,John W. Sutherland | Tsong-how Chang | Richard E. DeVor,NO_LANGUAGE_EDITION_WITH_COVER
/books/OL10091538M,EN,PROMISING,5,Gousha New York Road Atlas,Susan Farewell | H.M. Gousha Co. | Mary T. Mulkerin,NO_LANGUAGE_EDITION_WITH_COVER
/books/OL10091597M,EN,PROMISING,5,"United States, Canada, Mexico Road Atlas, 1990",Gousha | H.M. Gousha,NO_LANGUAGE_EDITION_WITH_COVER
/books/OL10091721M,EN,PROMISING,5,Simulations for Transistors Using EWB,James L. Antonakos,NO_LANGUAGE_EDITION_WITH_COVER
/books/OL10091722M,EN,PROMISING,5,Simulations for Transistors Using PSpice,James L. Antonakos,NO_LANGUAGE_EDITION_WITH_COVER
/books/OL10091786M,EN,PROMISING,5,Goldstein Statistics 1-2-3,Goldstein,NO_LANGUAGE_EDITION_WITH_COVER
/books/OL10091896M,EN,PROMISING,5,National Mechanical Estimator Ottaviano/Fair,Fairmont Press | Victor B. Ottaviano,NO_LANGUAGE_EDITION_WITH_COVER
/books/OL10091913M,EN,PROMISING,5,Simulations for Digital Electronics Using Pspice,James L. Antonakos,NO_LANGUAGE_EDITION_WITH_COVER
/books/OL10091914M,EN,PROMISING,5,Simulations for Electric Circuits Using Electronic Workbench,James L. Antonakos,NO_LANGUAGE_EDITION_WITH_COVER
/books/OL10091915M,EN,PROMISING,5,Simulations for Electric Circuits Using Pspice,James L. Antonakos,NO_LANGUAGE_EDITION_WITH_COVER
/books/OL10091917M,EN,PROMISING,5,Simulations for Electronic Devices Using PSpice,James L. Antonakos,NO_LANGUAGE_EDITION_WITH_COVER
/books/OL10092053M,EN,PROMISING,5,Gousha Pennsylvania Road Atlas (Gousha State Road Atlas),H.M. Gousha Co. | Lisa Volpe,NO_LANGUAGE_EDITION_WITH_COVER
/books/OL10092139M,EN,PROMISING,5,Physics Scientists Eng Transp Fishbane,Paul M. Fishbane | Stephen Gasiorowicz,NO_LANGUAGE_EDITION_WITH_COVER
/books/OL10092258M,EN,PROMISING,5,Teachers manual with keys to laboratory manual and tests,Milton O. Pella,NO_LANGUAGE_EDITION_WITH_COVER
/books/OL10092265M,EN,PROMISING,5,Physics Career Education,Dale Ewen | Michael A. Topper,NO_LANGUAGE_EDITION_WITH_COVER
/books/OL10092895M,EN,PROMISING,5,Process and Pollution Control Equipment Series,Nicholas P. Cheremisinoff | Paul N. Cheremisinoff,NO_LANGUAGE_EDITION_WITH_COVER
/books/OL10093176M,EN,PROMISING,5,Radioanalytical Chemistry (Ellis Horwood Series in Analytical Chemistry),J. Tolgyessy | M. Kyrs,NO_LANGUAGE_EDITION_WITH_COVER
/books/OL10093177M,EN,PROMISING,5,Radioanalytical Chemistry (Ellis Harwood Series in Analytical Chemistry),J. Tolgyessy | M. Kyrs,NO_LANGUAGE_EDITION_WITH_COVER
/books/OL10093181M,EN,PROMISING,5,Camp Interstate-5,Rand McNally,NO_LANGUAGE_EDITION_WITH_COVER
/books/OL10093192M,EN,PROMISING,5,Favorite National Parks,Michael Frome | National Park Foundations,NO_LANGUAGE_EDITION_WITH_COVER
/books/OL10093511M,EN,PROMISING,5,College Physics/With Physics on the Internet,Jerry D. Wilson,NO_LANGUAGE_EDITION_WITH_COVER
/books/OL10093647M,EN,PROMISING,5,Microbiological Analysis in Water Distribution Networks,A. Maul | D. Vagost | J. C. Block,NO_LANGUAGE_EDITION_WITH_COVER
/books/OL10093854M,EN,PROMISING,5,Baedkr Map Europe,Mairs Geographischer Verlag,NO_LANGUAGE_EDITION_WITH_COVER
/books/OL10094034M,EN,PROMISING,5,Baedeker Map of Spain/Portugal,Jarrold Baedeker,NO_LANGUAGE_EDITION_WITH_COVER
/books/OL10094859M,EN,PROMISING,5,Mastering Design Patterns in C++,Tim DeBruine | Luke Hohmann,NO_LANGUAGE_EDITION_WITH_COVER
/books/OL10094907M,EN,PROMISING,5,An Introduction to PSpice for Windows,Tim Christensen | J. Michael O'Malley,NO_LANGUAGE_EDITION_WITH_COVER
/books/OL10095072M,EN,PROMISING,5,Gousha Virginia Road Atlas (Road Atlas Series),H.M. Gousha Co. | H. M. Gousha | Robert Fleming,NO_LANGUAGE_EDITION_WITH_COVER
/books/OL10095164M,EN,PROMISING,5,Texas Road Atlas and Visitor's Guide (Gousha State Atlases),Susan Farewell | H.M. Gousha Co. | Mary T. Mulkerin,NO_LANGUAGE_EDITION_WITH_COVER
/books/OL10095165M,EN,PROMISING,5,Street Map of Phoenix (Gousha Travel Publication),H.M. Gousha Co. | H. M. Gousha,NO_LANGUAGE_EDITION_WITH_COVER
/books/OL10095166M,EN,PROMISING,5,Trucker's Road Atlas (Laminated),Will Balliett | F. Stop Fitzgerald,NO_LANGUAGE_EDITION_WITH_COVER
/books/OL10095567M,EN,PROMISING,5,Vector and Parallel Computing,Iain Duff | Jack Dongarra | Patrick Gaffney,NO_LANGUAGE_EDITION_WITH_COVER
/books/OL10098545M,EN,PROMISING,5,Sheep Pig (Puffin Cover to Cover),Jean Little,NO_LANGUAGE_EDITION_WITH_COVER
/books/OL10101794M,EN,PROMISING,5,"Proofreading Skills for Word Processing, 1986",Lee | Jo Ann Lee,NO_LANGUAGE_EDITION_WITH_COVER
/books/OL10101795M,EN,PROMISING,5,Communication Skills for Word Processing 1986,Luke | Cheryl M. Luke,NO_LANGUAGE_EDITION_WITH_COVER
/books/OL10102489M,EN,PROMISING,5,Tests - Harcourt Brace Language,Strickland | Dorothy S. Strickland,NO_LANGUAGE_EDITION_WITH_COVER
/books/OL10102490M,EN,PROMISING,5,Tests - Harcourt Brace Language,Strickland | Dorothy S. Strickland,NO_LANGUAGE_EDITION_WITH_COVER
/books/OL10102492M,EN,PROMISING,5,Tests - Harcourt Brace Language,Strickland | Dorothy S. Strickland,NO_LANGUAGE_EDITION_WITH_COVER
/books/OL10103225M,EN,PROMISING,5,Resource Book for HBJ Handwriting (Resource Book for HBJ Handwriting),Johnson | Betty Kracht Johnson,NO_LANGUAGE_EDITION_WITH_COVER
/books/OL10103226M,EN,PROMISING,5,Resource Book for HBJ Handwriting (Resource Book for HBJ Handwriting),Johnson | Betty Kracht Johnson,NO_LANGUAGE_EDITION_WITH_COVER
/books/OL10103227M,EN,PROMISING,5,Resource Book for HBJ Handwriting (Resource Book for HBJ Handwriting),Johnson | Betty Kracht Johnson,NO_LANGUAGE_EDITION_WITH_COVER
/books/OL10103228M,EN,PROMISING,5,Resource Book for HBJ Handwriting (Resource Book for HBJ Handwriting),Johnson | Betty Kracht Johnson,NO_LANGUAGE_EDITION_WITH_COVER
/books/OL10103229M,EN,PROMISING,5,Resource Book for HBJ Handwriting (Resource Book for HBJ Handwriting),Johnson | Betty Kracht Johnson,NO_LANGUAGE_EDITION_WITH_COVER
/books/OL10103451M,EN,PROMISING,5,"Widening Circles 83, Level 8 (HBJ Bookmark Reading Program, Eagle Edition)",Earley | Margaret Early,NO_LANGUAGE_EDITION_WITH_COVER
/books/OL10104465M,EN,PROMISING,5,Hbj Mathematics Grade K,Lola J. May | Shirley M. Frye | Donna Cyier Jacobs,NO_LANGUAGE_EDITION_WITH_COVER
/books/OL10105211M,EN,PROMISING,5,Ethical Foundations for Journalists,Merrill,NO_LANGUAGE_EDITION_WITH_COVER
/books/OL10105283M,EN,PROMISING,5,Logic & Critical Thinking,Wesley C. Salmon | Merrilee H. Salmon,NO_LANGUAGE_EDITION_WITH_COVER
/books/OL10105592M,EN,PROMISING,5,First Course in Syntax,Anthony Kroch | Ken Kasee | Michael Rosenberg,NO_LANGUAGE_EDITION_WITH_COVER
/books/OL10105659M,EN,PROMISING,5,Intro to Critical Reading,Thomas Barnwell | Leah McCraney,NO_LANGUAGE_EDITION_WITH_COVER
/books/OL10105739M,EN,PROMISING,5,1998 Writer's Advice Calendar,Harcourt Brace Jovanovich. | Harcourt Brace College Publishers,NO_LANGUAGE_EDITION_WITH_COVER
/books/OL10105745M,EN,PROMISING,5,Ethical Theory and Social Issues 3e,Goldberg,NO_LANGUAGE_EDITION_WITH_COVER
/books/OL10105813M,EN,PROMISING,5,Answer Key,Paul R. Frommer | Edward Finegan | Frommer's,NO_LANGUAGE_EDITION_WITH_COVER
/books/OL10105889M,EN,PROMISING,5,The Speaker's Handbook & Ron Adler's Understanding Human Communication,Jo Sprague,NO_LANGUAGE_EDITION_WITH_COVER
/books/OL10106051M,EN,PROMISING,5,Harbrace College Workbook,Larry G. Mapp | Sheila Y. Graham,NO_MATCHING_WORK
/books/OL10106064M,EN,PROMISING,5,"The Harbrace College Workbook, Form 11b",Larry G. Mapp | Map,NO_MATCHING_WORK
/books/OL10106267M,EN,PROMISING,5,Shortcut Basic Writing Skills,Gary G. Steele,NO_LANGUAGE_EDITION_WITH_COVER
/books/OL10106737M,EN,PROMISING,5,Depraved and Insulting English Copy-6 Cntr Disp,Peter Novobatzky | Ammon Shea,NO_LANGUAGE_EDITION_WITH_COVER
/books/OL10107060M,EN,PROMISING,5,English Writing Skills,Winterowd | W. Ross Winterowd,NO_LANGUAGE_EDITION_WITH_COVER
/books/OL10107077M,EN,PROMISING,5,"Reading Today and Tomorrow Level 1: Sundrops, Level 1 (Hrw Reading: Reading Today and Tomorrow<>)",Isabel L. Beck | Beck,NO_LANGUAGE_EDITION_WITH_COVER
/books/OL10107230M,EN,PROMISING,5,Diagnostic Evaluation of Language Variation-Criterion Referenced,Harry Seymour | Thomas Roeper | Jill Villiers | Peter Villiers,NO_LANGUAGE_EDITION_WITH_COVER
/books/OL10107231M,EN,PROMISING,5,Diagnostic Evaluation of Language Variation-Criterion Referenced,Harry Seymour | Thomas Roeper | Jill Villiers | Peter Villiers,NO_LANGUAGE_EDITION_WITH_COVER
/books/OL10107232M,EN,PROMISING,5,Diagnostic Evaluation of Language Variation-Criterion Referenced,Harry Seymour | Thomas Roeper | Jill Villiers | Peter Villiers,NO_LANGUAGE_EDITION_WITH_COVER
/books/OL10107233M,EN,PROMISING,5,Diagnostic Evaluation of Language Variation-Criterion Referenced,Harry Seymour | Thomas Roeper | Jill Villiers | Peter Villiers,NO_LANGUAGE_EDITION_WITH_COVER
/books/OL10107234M,EN,PROMISING,5,Diagnostic Evaluation of Language Variation-Screening Test,Harry Seymour | Thomas Roeper | Jill De Villiers | Peter De Villiers,NO_LANGUAGE_EDITION_WITH_COVER
/books/OL10107235M,EN,PROMISING,5,Diagnostic Evaluation of Language Variation-Screening Test,Harry Seymour | Thomas Roeper | Jill De Villiers | Peter De Villiers,NO_LANGUAGE_EDITION_WITH_COVER
/books/OL10107236M,EN,PROMISING,5,Diagnostic Evaluation of Language Variation-Screening Test,Harry Seymour | Thomas Roeper | Jill De Villiers | Peter De Villiers,NO_LANGUAGE_EDITION_WITH_COVER
/books/OL10107237M,EN,PROMISING,5,Diagnostic Evaluation of Language Variation-Screening Test,Harry Seymour | Thomas Roeper | Jill De Villiers | Peter De Villiers,NO_LANGUAGE_EDITION_WITH_COVER
/books/OL10107238M,EN,PROMISING,5,Diagnostic Evaluation of Language Variation-Screening Test,Harry Seymour | Thomas Roeper | Jill De Villiers | Peter De Villiers,NO_LANGUAGE_EDITION_WITH_COVER
/books/OL10107239M,EN,PROMISING,5,Diagnostic Evaluation of Language Variation-Criterion Referenced,Harry Seymour | Thomas Roeper | Jill Villiers | Peter Villiers,NO_LANGUAGE_EDITION_WITH_COVER
/books/OL10107309M,EN,PROMISING,5,Receptive-Expressive Emergent Language Test,Richard League | Kenneth Bzoch,NO_LANGUAGE_EDITION_WITH_COVER
/books/OL10107310M,EN,PROMISING,5,Receptive-Expressive Emergent Language Test,Richard League | Kenneth Bzoch,NO_LANGUAGE_EDITION_WITH_COVER
/books/OL10107311M,EN,PROMISING,5,Receptive-Expressive Emergent Language Test,Richard League | Kenneth Bzoch,NO_LANGUAGE_EDITION_WITH_COVER
/books/OL10107345M,EN,PROMISING,5,Rice/Wexler Test of Early Grammatical Impairment,Mabel Rice | Kenneth Wexler,NO_LANGUAGE_EDITION_WITH_COVER
/books/OL10107348M,EN,PROMISING,5,Test of Adolescent and Adult Language,Virginia Brown | Donald Hammill | Stephen Larsen,NO_LANGUAGE_EDITION_WITH_COVER
/books/OL10107349M,EN,PROMISING,5,Test of Adolescent and Adult Language,Virginia Brown | Donald Hammill | Stephen Larsen,NO_LANGUAGE_EDITION_WITH_COVER
/books/OL10107350M,EN,PROMISING,5,Test of Adolescent and Adult Language,Virginia Brown | Donald Hammill | Stephen Larsen,NO_LANGUAGE_EDITION_WITH_COVER
/books/OL10107365M,EN,PROMISING,5,Test of Language Development-Primary,Donald Hammill | Phyllis Newcomer,NO_LANGUAGE_EDITION_WITH_COVER
/books/OL10107366M,EN,PROMISING,5,Test of Language Development-Primary,Donald Hammill | Phyllis Newcomer,NO_LANGUAGE_EDITION_WITH_COVER
/books/OL10107367M,EN,PROMISING,5,Test of Language Development-Intermediate,Donald Hammill | Phyllis Newcomer,NO_LANGUAGE_EDITION_WITH_COVER
/books/OL10107368M,EN,PROMISING,5,Test of Language Development-Intermediate,Donald Hammill | Phyllis Newcomer,NO_LANGUAGE_EDITION_WITH_COVER
/books/OL10107375M,EN,PROMISING,5,Useful Field of View (Ufov,Karlene Ball | Daniel Roenker,NO_LANGUAGE_EDITION_WITH_COVER
/books/OL10116832M,EN,PROMISING,5,Fire Dynamics Tools (FDTs),Nareem Iqbal | Mark Henry Salley | Sunil Weerakkody,NO_LANGUAGE_EDITION_WITH_COVER
/books/OL10125585M,EN,PROMISING,5,Focus on Advanced English Cae Grammar Practice No Key (Focus on Advanced English CAE),Walton,NO_LANGUAGE_EDITION_WITH_COVER
/books/OL10125602M,EN,PROMISING,5,Steps to Handwriting (Steps to),Clark | Ashworth,NO_LANGUAGE_EDITION_WITH_COVER
/books/OL10127497M,EN,PROMISING,5,Max O'Million,Alex Brychta | Anji Loman,NO_LANGUAGE_EDITION_WITH_COVER
/books/OL10147741M,EN,PROMISING,5,Selected Recipe Steps and Newsletters to Accompany Cook and Learn,T. Harms | B. Veitch,NO_LANGUAGE_EDITION_WITH_COVER
/books/OL10151163M,EN,PROMISING,5,The Yoga of the Ancient Hebrews,David L'Hrar | Helen Kolikow Garber,NO_LANGUAGE_EDITION_WITH_COVER
/books/OL10153454M,EN,PROMISING,5,"""Two Butterflies on My Head...""",M. Leuzinger-Bohleber | H. Schneider,NO_MATCHING_WORK
/books/OL10157922M,EN,PROMISING,5,Readings on Race and Ethnicity in the United States,Gary Sandefur | Susan Mannon,NO_LANGUAGE_EDITION_WITH_COVER
/books/OL10158765M,EN,PROMISING,5,Hand Hand Finger Thumb/Book and Cassette,Perkins,NO_LANGUAGE_EDITION_WITH_COVER
/books/OL10161534M,EN,PROMISING,5,"Radar, Antenna and Gyro (Interaction: a student-centered language arts program, comics)",James Morrow,NO_LANGUAGE_EDITION_WITH_COVER
/books/OL10162844M,EN,PROMISING,5,Journeys Workbook,William K. Durr | John J. Pikulski,NO_MATCHING_WORK
/books/OL10162845M,EN,PROMISING,5,Explorations,Na,NO_LANGUAGE_EDITION_WITH_COVER
/books/OL10162875M,EN,PROMISING,5,Caravans,Na,NO_LANGUAGE_EDITION_WITH_COVER
/books/OL10163242M,EN,PROMISING,5,Discovering French,Marie-Claire Antoine | Sophie Masliah,NO_LANGUAGE_EDITION_WITH_COVER
/books/OL10165834M,EN,PROMISING,5,Understanding Sociology,Armand,NO_LANGUAGE_EDITION_WITH_COVER
/books/OL10167312M,EN,PROMISING,5,Problem-Solving Experiences in Mathematics Grade 1/Teacher Sourcebook and Blackline Master Booklet,Randall I. Charles | Frank K. Lester | Anne M. Bloomer,NO_LANGUAGE_EDITION_WITH_COVER
/books/OL10168903M,EN,PROMISING,5,Chemistry Asap,Waterman | Wilbraham | Matta | Staley,NO_LANGUAGE_EDITION_WITH_COVER
/books/OL10168934M,EN,PROMISING,5,Addison Wesley Secondary Math,Na,NO_LANGUAGE_EDITION_WITH_COVER
/books/OL10169472M,EN,PROMISING,5,"Quantitative Reasoning, Preliminary Version, with Student Solutions",Bennett,NO_LANGUAGE_EDITION_WITH_COVER
/books/OL10169494M,EN,PROMISING,5,Algebra 1 Skills Practice,Paul A. Foerster,NO_LANGUAGE_EDITION_WITH_COVER
/books/OL10169819M,EN,PROMISING,5,Ghost Rider: Is He Alive or Dead?,Gary Friedrich | Stan Lee,NO_LANGUAGE_EDITION_WITH_COVER
/books/OL10171597M,EN,PROMISING,5,Sociology Down to Earth/the Press Reader,James M. Henslin,NO_LANGUAGE_EDITION_WITH_COVER
/books/OL10172025M,EN,PROMISING,5,Boundaries,Bradley R.E. Wright | Ralph B. McNeal,NO_LANGUAGE_EDITION_WITH_COVER
/books/OL10172137M,EN,PROMISING,5,Casebook,George Grant | Jerry L. Johnson,NO_LANGUAGE_EDITION_WITH_COVER
/books/OL10172139M,EN,PROMISING,5,Casebook,George Grant | Jerry L. Johnson,NO_LANGUAGE_EDITION_WITH_COVER
/books/OL10172141M,EN,PROMISING,5,Casebook,George Grant | Jerry L. Johnson,NO_LANGUAGE_EDITION_WITH_COVER
/books/OL10172177M,EN,PROMISING,5,Understanding Sports & Society,Marvin Dawkins | Jomills Braddok,NO_LANGUAGE_EDITION_WITH_COVER
/books/OL10173531M,EN,PROMISING,5,Serafina's recovery (Watch me read),Philemon Sturges,NO_LANGUAGE_EDITION_WITH_COVER
/books/OL10173802M,EN,PROMISING,5,Math Passport,Na,NO_LANGUAGE_EDITION_WITH_COVER
/books/OL10174354M,EN,PROMISING,5,Wonders of Snails and Slugs,David Franz | Morris Jacobson,NO_LANGUAGE_EDITION_WITH_COVER
/books/OL10178256M,EN,PROMISING,5,Book of Ballymote,Robert Atkinson,NO_LANGUAGE_EDITION_WITH_COVER
/books/OL10184798M,EN,PROMISING,5,The Public Services Yearbook 1993,Peter Jackson,NO_LANGUAGE_EDITION_WITH_COVER
/books/OL10185267M,EN,PROMISING,5,Dynamica,Peter Henderson | P. Henderson | R. Seaby | Richard Seaby,NO_LANGUAGE_EDITION_WITH_COVER
/books/OL10189029M,EN,PROMISING,5,"Hero for Hire: Luke Cage: Watch Out, Luke Cage, When You Shake Hands with Stiletto!",Jenny Isabella | Stan Lee,NO_LANGUAGE_EDITION_WITH_COVER
/books/OL10189030M,EN,PROMISING,5,Power Man: Luke Cage: The First and Still the Greatest Black Superhero of All!: Guest Starring the Armored Might of Iron Man!,Stan Lee | Len Wein,NO_LANGUAGE_EDITION_WITH_COVER
/books/OL10189404M,EN,PROMISING,5,Frankenstein: The Monster Of,Gary Friedrich | Stan Lee,NO_LANGUAGE_EDITION_WITH_COVER
/books/OL10190623M,EN,PROMISING,5,My First Duck (Bath Books),Various,NO_LANGUAGE_EDITION_WITH_COVER
/books/OL10215511M,EN,PROMISING,5,Team Yankee,David Drake,NO_LANGUAGE_EDITION_WITH_COVER
/books/OL10225637M,EN,PROMISING,5,Gerry's House,John Stringer | Sinclair MacLeod | Martin Skelton,NO_LANGUAGE_EDITION_WITH_COVER
/books/OL10227160M,EN,PROMISING,5,"Creatures on the Loose: Featuring Thongor, Warrior of the Lost Land!: Sword Vs. Sorcery, in the Great Tradition of Conan!",Gardner F. Fox | Stan Lee,NO_LANGUAGE_EDITION_WITH_COVER
/books/OL10227163M,EN,PROMISING,5,"Amazing Adventures: Featuring War of the Worlds, Based on Concepts Created in the Novel By H.G. Wells: Starring Killraven!: They're Bigger Than Ben, Wilder Than Willard, & They're Out for Blood!",Don McGregor | Stan Lee,NO_LANGUAGE_EDITION_WITH_COVER
/books/OL10250184M,EN,PROMISING,5,Orangutans (Animal safari),Mary-Claire Helldorfer,NO_LANGUAGE_EDITION_WITH_COVER
/books/OL10255491M,EN,PROMISING,5,Nirvana (Who's Hot!),Fonda Marx | Anita Bier,NO_LANGUAGE_EDITION_WITH_COVER
/books/OL10262378M,EN,PROMISING,5,Capture the Sun,Shirl Henke,NO_LANGUAGE_EDITION_WITH_COVER
/books/OL10262524M,EN,PROMISING,5,"Bristling Mad (Mad, No 93)",Mad Magazine | Editors Mad,NO_LANGUAGE_EDITION_WITH_COVER
/books/OL10305265M,EN,PROMISING,5,"Applied Calculus for Business, Social Sciences and Life Sciences",D. Hughes-Hallett | A.M. Gleason,NO_LANGUAGE_EDITION_WITH_COVER
/books/OL10319758M,EN,PROMISING,5,"Action Comics: In This Issue, Action Plus with Green Arrow",Cary Bates | Elliot Maggin,NO_LANGUAGE_EDITION_WITH_COVER
/books/OL10319760M,EN,PROMISING,5,Adventure Comics,Michael Fleisher | Shelly Mayer,NO_LANGUAGE_EDITION_WITH_COVER
/books/OL10321974M,EN,PROMISING,5,"The Flash: Solo Starring in This Issue, Green Lantern: You'll Never Guess What Happens When the Fastest Man Alive Is Haunted By the Fastest Man Dead!",Cary Bates | Denny O'Neil,NO_LANGUAGE_EDITION_WITH_COVER
/books/OL10322049M,EN,PROMISING,5,"Ghosts: If You Don't Believe In, We Challenge You to Read True Tales of the Weird and Supernatural",Ken Barr | Paul Levitz,NO_LANGUAGE_EDITION_WITH_COVER
/books/OL10322103M,EN,PROMISING,5,Our Army At War: Featuring Sgt. Rock,Henry Boltinoff | Bob Kanigher,NO_LANGUAGE_EDITION_WITH_COVER
/books/OL10322104M,EN,PROMISING,5,Our Army At War: Featuring Sgt. Rock,U.S.S. Stevens | Sam Glanzman,NO_LANGUAGE_EDITION_WITH_COVER
/books/OL10322105M,EN,PROMISING,5,"Our Fighting Forces: Featuring the Losers (Capt. Storm, Johnny Cloud, Gunner, & Sarge): A Flag for Losers! (Vol. 1, No. 145, October 1973)",Bob Kanigher | J. David Warner,NO_LANGUAGE_EDITION_WITH_COVER
/books/OL10322158M,EN,PROMISING,5,The Phantom Stranger,Steve Skeates | Arnold Drake,NO_LANGUAGE_EDITION_WITH_COVER
/books/OL10322159M,EN,PROMISING,5,The Phantom Stranger,Steve Skeates | Arnold Drake,NO_LANGUAGE_EDITION_WITH_COVER
/books/OL10341176M,EN,PROMISING,5,Reversing Landscape History,James Fairhead | Melissa Leach,NO_LANGUAGE_EDITION_WITH_COVER
/books/OL10345038M,EN,PROMISING,5,Social Problems,Stout | Dello Buono | William J. Chambliss,NO_LANGUAGE_EDITION_WITH_COVER
/books/OL10345271M,EN,PROMISING,5,HUMAN DEVELOPMENT PSY 311 at Portland State University,CAROL K. SIGELMAN The George Washington University | ELIZABETH A. RIDER Elizabethtown College,NO_LANGUAGE_EDITION_WITH_COVER
/books/OL10345448M,EN,PROMISING,5,Cengage Advantage Books,John S. Dempsey | Linda S. Forst,NO_LANGUAGE_EDITION_WITH_COVER
/books/OL10351555M,EN,PROMISING,5,Weird War Tales: The Mystery and Madness Of,Arnold Drake | Paul Levitz,NO_LANGUAGE_EDITION_WITH_COVER
/books/OL10359628M,EN,PROMISING,5,Church as a Community,Willow Creek Resources | Gilbert Bilzikian,NO_LANGUAGE_EDITION_WITH_COVER
/books/OL10359634M,EN,PROMISING,5,How to Survive a Growing Church,Willow Creek Resources | Stu Boehmig,NO_LANGUAGE_EDITION_WITH_COVER
/books/OL10359641M,EN,PROMISING,5,How to Rally Teams for Ministry,Willow Creek Resources | Tim Celeck,NO_LANGUAGE_EDITION_WITH_COVER
/books/OL10359652M,EN,PROMISING,5,Relating to Baby Busters,Willow Creek Resources | Tim Celek,NO_LANGUAGE_EDITION_WITH_COVER
/books/OL10360072M,EN,PROMISING,5,New Rules for Fund Raising,Willow Creek Resources | Larry Entwistle,NO_LANGUAGE_EDITION_WITH_COVER
/books/OL10385873M,EN,PROMISING,5,Truly Tasteless Jokes Cube-1995 Calendar,Daily | Blanche Knott,NO_LANGUAGE_EDITION_WITH_COVER
/books/OL10389380M,EN,PROMISING,5,Society and Culture of Japan,Burns,NO_LANGUAGE_EDITION_WITH_COVER
/books/OL10391000M,EN,PROMISING,5,Bedford Anthology of World Literature V1 & V2 & V3 & Othello,William Shakespeare,NO_LANGUAGE_EDITION_WITH_COVER
/books/OL10391247M,EN,STRONG,7,Bedford Companion to Shakespeare 2e & Measure for Measure & Taming the Shrew & Merchant of Venice,William Shakespeare,NO_LANGUAGE_EDITION_WITH_COVER
/books/OL10391325M,EN,STRONG,7,Bedford Anthology of World Literature V1 & V2 & V3 & Hamlet,William Shakespeare,NO_LANGUAGE_EDITION_WITH_COVER
/books/OL10391362M,EN,PROMISING,5,12 Plays and Merchant of Venice,William Shakespeare,NO_LANGUAGE_EDITION_WITH_COVER
/books/OL10391684M,EN,PROMISING,5,250 Poems & 40 Short Stories 2e & Measure for Measure,Michael Meyer | William Shakespeare,NO_LANGUAGE_EDITION_WITH_COVER
/books/OL10431561M,EN,PROMISING,5,Quebec (Discover Canada),Jean Provencher | Danielle Ouellet,NO_LANGUAGE_EDITION_WITH_COVER
/books/OL10436798M,EN,PROMISING,5,Jump Start 7 & 8,Chrissy Collins | Donna Davies | Leanne Compton | Sally Lasslett | Arena Nilsson | Catherine Murphy,NO_LANGUAGE_EDITION_WITH_COVER
/books/OL10436800M,EN,PROMISING,5,Jump Start 9 & 10,Margaret Stone | Donna Davies | Leanne Compton | Sally Lasslett | Catherine Murphy,NO_LANGUAGE_EDITION_WITH_COVER
/books/OL10471288M,EN,PROMISING,5,Black Ash and White Clay,William Curran Rogers | William Curran Rogers Sr.,NO_LANGUAGE_EDITION_WITH_COVER
/books/OL10471668M,EN,PROMISING,5,Room for Doubt,Veronica Boyle | Nicholas Churchich,NO_LANGUAGE_EDITION_WITH_COVER
/books/OL10473129M,EN,PROMISING,5,Student supplement for Basic statistics in business and economics,George William Summers,NO_LANGUAGE_EDITION_WITH_COVER
/books/OL10473190M,EN,PROMISING,5,Irony of Democracy Im,ZEIGLER | DYE,NO_LANGUAGE_EDITION_WITH_COVER
/books/OL10474018M,EN,PROMISING,5,Introductory Statistics for the Behavioral Sciences/Book With Flashcards and Study Guide,Lise Miller | Larry E. Toothaker,NO_MATCHING_WORK
/books/OL10475199M,EN,PROMISING,5,"Essentials of Sociology, Media Edition (High School/Retail Version)",David B. Brinkerhoff | Lynn K. White | Suzanne T. Ortega | Rose Weitz,NO_LANGUAGE_EDITION_WITH_COVER
/books/OL10475497M,EN,PROMISING,5,Study Guide for Samaha's Criminal Justice,Tom McAninch | Helen McAninch,NO_MATCHING_WORK
/books/OL10475650M,EN,PROMISING,5,"Community, Self, and the Sacred",Alison k.cohen | Canin,NO_LANGUAGE_EDITION_WITH_COVER
/books/OL10475651M,EN,PROMISING,5,CD-ROM for Greene's Social Work Practice,Michael Wright | Roberta R. Greene,NO_LANGUAGE_EDITION_WITH_COVER
/books/OL10475709M,EN,PROMISING,5,Homo Sapiens,Deacon | Laden,NO_LANGUAGE_EDITION_WITH_COVER
/books/OL10475792M,EN,PROMISING,5,Micro Level Roles and Intervention in Social Work,Richard K. James | Burl E. Gilliland,NO_LANGUAGE_EDITION_WITH_COVER
/books/OL10523844M,EN,PROMISING,5,"The Human Mosaic, Ninth Edition & Study Guide",Terry G. Jordan-Bychkov | Mona Domosh,NO_MATCHING_WORK
/books/OL10524819M,EN,PROMISING,5,The Wilding of America & Myth of Self-Esteem,"Hewitt, John P. | Charles Derber",NO_LANGUAGE_EDITION_WITH_COVER
/books/OL10524928M,EN,PROMISING,5,Study Guide for Human Mosaic 9e & Premier World Atlas,Terry G. Jordan-Bychkov | Michael Kukral | Mona Domosh,NO_MATCHING_WORK
/books/OL10525120M,EN,PROMISING,5,"Race, Class, and Gender in the United States, White Privilege & A Writer's Reference 5e",Paula S. Rothenberg | Diana Hacker,NO_LANGUAGE_EDITION_WITH_COVER
/books/OL10525419M,EN,PROMISING,5,Human Mosaic & Atlas of World Geography,Lydia M. Pulsipher | Patricia L. Price | Roderick P. Neumann | Terry G. Jordan-Bychkov | Mona Domosh,NO_LANGUAGE_EDITION_WITH_COVER
/books/OL10525420M,EN,PROMISING,5,"Human Mosaic, Atlas of World Geography & Exploring Human Geography with Maps Workbook",Lydia M. Pulsipher | Patricia L. Price | Roderick P. Neumann | Terry G. Jordan-Bychkov | Mona Domosh,NO_MATCHING_WORK
/books/OL10525421M,EN,PROMISING,5,"Human Mosaic, Study Guide & Atlas of Word Geography",Lydia M. Pulsipher | Patricia L. Price | Roderick P. Neumann | Terry G. Jordan-Bychkov | Michael Kukral | Mona Domosh,NO_MATCHING_WORK
/books/OL10525431M,EN,PROMISING,5,Human Mosaic & Exploring Human Geography with Maps Workbook,Patricia L. Price | Roderick P. Neumann | Terry G. Jordan-Bychkov | Margaret Pearce | Mona Domosh,NO_MATCHING_WORK
/books/OL10525723M,EN,PROMISING,5,"Race, Class, and Gender in the United States & College How Race is Lived in America",Correspondents of The New York Times | Paula S. Rothenberg,NO_LANGUAGE_EDITION_WITH_COVER
/books/OL10525741M,EN,PROMISING,5,"Race, Class and Gender & I-Clicker",iclicker | Paula S. Rothenberg,NO_LANGUAGE_EDITION_WITH_COVER
/books/OL10526209M,EN,PROMISING,5,Beyond Borders & From Critical Thinking to Argument,Sylvan Barnet | Paula S. Rothenberg | Hugo Bedau,NO_LANGUAGE_EDITION_WITH_COVER
/books/OL10526266M,EN,PROMISING,5,"The Human Mosaic, Ninth Edition & Atlas of World Geography",Terry G. Jordan-Bychkov | Mona Domosh,NO_LANGUAGE_EDITION_WITH_COVER
/books/OL10526302M,EN,PROMISING,5,The Human Mosaic & Premier World Atlas,Terry G. Jordan-Bychkov | Mona Domosh,NO_LANGUAGE_EDITION_WITH_COVER
/books/OL10526308M,EN,PROMISING,5,The Human Mosaic & Exploring Human Geography with Maps & Atlas of World Geography,Terry G. Jordan-Bychkov | Margaret Pearce | Mona Domosh,NO_LANGUAGE_EDITION_WITH_COVER
/books/OL10526309M,EN,PROMISING,5,"The Human Mosaic, Ninth Edition, Study Guide & Rand McNally Atlas",Terry G. Jordan-Bychkov | Mona Domosh,NO_MATCHING_WORK
/books/OL10561801M,EN,PROMISING,5,Understanding Policing (Crime & Justice S.),Trevor Jones | Amanda Robinson | Mike Maguire,NO_LANGUAGE_EDITION_WITH_COVER
/books/OL10561954M,EN,PROMISING,5,Older Women's Lives and Voices,Joanne Cook | Lorna Warren,NO_LANGUAGE_EDITION_WITH_COVER
/books/OL10602749M,EN,PROMISING,5,Warfare and Weapons,Kim Covert | Tracey Boraas | Edward Voeller | Andrea Weiser | Michael Burgman,NO_LANGUAGE_EDITION_WITH_COVER
/books/OL1075623M,EN,PROMISING,5,African philosophical projections and prospects for the indigenisation of political and intellectual discourse,Archie Mafeje,NO_LANGUAGE_EDITION_WITH_COVER
/books/OL11077801M,EN,PROMISING,5,Christopher Pike Gift Set,Christopher Pike,NO_MATCHING_WORK
/books/OL11077939M,EN,PROMISING,5,Christopher Pike's Final Friends Gift Set 1,Christopher Pike,NO_MATCHING_WORK
/books/OL11397304M,EN,PROMISING,5,"Chemistry In The Philosophical Melting Pot (Dia-Logos (Frankfurt Am Main, Germany), Bd. 5.)",Danuta Sobczynska,NO_LANGUAGE_EDITION_WITH_COVER
/books/OL1234486M,EN,PROMISING,5,"Estevan, walking across America",Mary Dodson Wade,NO_VALID_PHYSICAL_COVER
/books/OL12626196M,EN,PROMISING,5,Havana,Xavier Galmiche,NO_LANGUAGE_EDITION_WITH_COVER
/books/OL12634558M,EN,PROMISING,5,Zarou,Patrice de La Perriere,NO_LANGUAGE_EDITION_WITH_COVER
/books/OL12639471M,EN,PROMISING,5,Bridges Across Chasms,Bénédicte Ledent,NO_LANGUAGE_EDITION_WITH_COVER
/books/OL12643711M,EN,PROMISING,5,"Urban Life in Kingston, Jamaica",D. J. Austin,NO_LANGUAGE_EDITION_WITH_COVER
/books/OL12644734M,EN,PROMISING,5,"Gender, Literature and the English Revolution",Sharon Achinstein,NO_LANGUAGE_EDITION_WITH_COVER
/books/OL12644757M,EN,PROMISING,5,Categories for the Description of Works of Art,Baca,NO_LANGUAGE_EDITION_WITH_COVER
/books/OL12647799M,EN,PROMISING,5,Caillou,Melanie Rudel-Tessier,NO_VALID_PHYSICAL_COVER
/books/OL12649102M,EN,PROMISING,5,Tombs of Paradise,Editions D'Art Monelle Hayot,NO_LANGUAGE_EDITION_WITH_COVER
/books/OL12649902M,EN,PROMISING,5,The Gutenberg Bible,Jean-Marie Dodu,NO_LANGUAGE_EDITION_WITH_COVER
/books/OL12651832M,EN,PROMISING,5,"James Ensor & Paul West (Secret Museum. Twentieth Century, Vol. 5)",Paul West | James Ensor,NO_LANGUAGE_EDITION_WITH_COVER
/books/OL12652229M,EN,PROMISING,5,Revue Noire #35,Revue Noire Magazine,NO_LANGUAGE_EDITION_WITH_COVER
/books/OL12652465M,EN,PROMISING,5,"Breguet, Watchmakers Since 1775",Emmanuel Brequet,NO_LANGUAGE_EDITION_WITH_COVER
/books/OL12653030M,EN,PROMISING,5,Matériaux pour l'histoire économique du monde iranien,Gyselen R.,NO_LANGUAGE_EDITION_WITH_COVER
/books/OL12658301M,EN,PROMISING,5,Parfums d'orient,Gyselen R.,NO_LANGUAGE_EDITION_WITH_COVER
/books/OL12658695M,EN,PROMISING,5,Flanders New Architecture,Liliane Knopes,NO_LANGUAGE_EDITION_WITH_COVER
/books/OL12659398M,EN,PROMISING,5,"Des Schah Von Persien Aufenthalt in Osterreich 1873 (Munchner Materialien Und Mitteilungen Zur Irankunde,)",Anton Von Schonfeld,NO_LANGUAGE_EDITION_WITH_COVER
/books/OL12660153M,EN,PROMISING,5,"German Literature, History And The Nation (Cultural History and Literary Imagination)",Christian Emden,NO_LANGUAGE_EDITION_WITH_COVER
/books/OL12660255M,EN,PROMISING,5,"Ecrire L'Amour Kitsch: Approches Narratologiques de L'Oeuvre Romanesque de Hedwig Courths-Mahler (1867-1950) (Contacts: Serie 3, Etudes Et Documents)",Regine Atzenhoffer,NO_LANGUAGE_EDITION_WITH_COVER
/books/OL12660473M,EN,PROMISING,5,Sobre El Pergamino Y Laminas De Granada,De Pedro Valencia,NO_LANGUAGE_EDITION_WITH_COVER
/books/OL12660501M,EN,PROMISING,5,La Note Bleue: Melanges Offerts Au Professeur Jean-Jacques Eigeldinger (Publications de la Societe Suisse de Musicologie: Serie II),Jacqueline Waeber,NO_LANGUAGE_EDITION_WITH_COVER
/books/OL12660506M,EN,PROMISING,5,Dispositio Picta - Dispositio Imaginum,Simone Schultz-Balluff,NO_LANGUAGE_EDITION_WITH_COVER
/books/OL12660517M,EN,PROMISING,5,Musikalisches Gestalten,Stephan Hollwerth,NO_LANGUAGE_EDITION_WITH_COVER
/books/OL12660538M,EN,PROMISING,5,Neue Musik in Alten Mauern,Doris Lanz,NO_LANGUAGE_EDITION_WITH_COVER
/books/OL12660571M,EN,PROMISING,5,Evolution Der Kommunikationsmedien/Technik Und Kultureller Wandel in Edgar Reitz' Heimat,Goran Miji&cacute,NO_LANGUAGE_EDITION_WITH_COVER
/books/OL12660607M,EN,PROMISING,5,Beitrage Zur Deutschen Literatur 1780-1980,Syng Sup Yom,NO_LANGUAGE_EDITION_WITH_COVER
/books/OL12660614M,EN,PROMISING,5,Les Rapports Franco-Allemands A L'Epreuve de La Question Algerienne (1955-1963) (Travaux Interdisciplinaires Et Plurilingues En Langues Etran),Nassima Bougherara,NO_LANGUAGE_EDITION_WITH_COVER
/books/OL12660769M,EN,PROMISING,5,Hethitische Rituale Und Festbeschreibungen (Keilschrifturkunden Aus Boghazkoei),M. Popko,NO_LANGUAGE_EDITION_WITH_COVER
/books/OL12661026M,EN,PROMISING,5,Trauma Und Skepsis Nach Levinas,K Nosratian,NO_LANGUAGE_EDITION_WITH_COVER
/books/OL12661056M,EN,PROMISING,5,Zufall Der Forschung Aspekte Zur Kunst Der Erkennt Nis,Doering,NO_LANGUAGE_EDITION_WITH_COVER
/books/OL12661102M,EN,PROMISING,5,Waehlerbewegung Im Wilhelminischen Deutschland Publikationen Der Historischen Kommission Zu Berlin,J Schmaedeke,NO_LANGUAGE_EDITION_WITH_COVER
/books/OL12661117M,EN,PROMISING,5,Die Galater Geschichte Und Eigenart Der Keltischen Staatenbildung,K Strobel,NO_LANGUAGE_EDITION_WITH_COVER
/books/OL12661118M,EN,PROMISING,5,Kirchengeschichte,Socrates Scholasticus,NO_LANGUAGE_EDITION_WITH_COVER
/books/OL12661144M,EN,PROMISING,5,Geschichte DES Modernen Japan Von Meiji Bis Heisei,R Hartmann,NO_LANGUAGE_EDITION_WITH_COVER
/books/OL12661155M,EN,PROMISING,5,"Kirchengeschichte Eingeleitet, Zum Druck Besorgt Und Mit Registern Versehen Von",Sozomen,NO_LANGUAGE_EDITION_WITH_COVER
/books/OL12661157M,EN,PROMISING,5,Philosophie Der Demokratie Bei Kant Und Popper Zum Verhaeltnis Von Freiheit Und Verantwortung,Doering,NO_LANGUAGE_EDITION_WITH_COVER
/books/OL12661186M,EN,PROMISING,5,Frauen Im Klassischen Athen Sozialer Raum Und Reale Bewegungsfreiheit,Schnurr-Redf,NO_LANGUAGE_EDITION_WITH_COVER
/books/OL12661189M,EN,PROMISING,5,Tugend Und Gerechtigkeit,O. O'neill,NO_LANGUAGE_EDITION_WITH_COVER
/books/OL12661202M,EN,PROMISING,5,Athanasius Kircher S.J. Sein Viertes Geluebde Und Malta,O Hein,NO_LANGUAGE_EDITION_WITH_COVER
/books/OL12661203M,EN,PROMISING,5,Athanasius Kircher S.J. in Malta Ein Beitrag Zur Geschichte,O Hein,NO_LANGUAGE_EDITION_WITH_COVER
/books/OL12661243M,EN,PROMISING,5,Das Vexierbild DES Politischen Dolf Sternberger Als Politischer Aristoteliker,J Pannier,NO_LANGUAGE_EDITION_WITH_COVER
/books/OL12661244M,EN,PROMISING,5,Geschichte Der Oeffentlichen Finanzen in Europa in Spaetmittelalter Darstellung - Analyse - Bibliographie,W. Buchholz,NO_LANGUAGE_EDITION_WITH_COVER
/books/OL12661261M,EN,PROMISING,5,Natura Als Goettin Im Mittelalter Ikonographische Studien,M Modersohn,NO_LANGUAGE_EDITION_WITH_COVER
/books/OL12673953M,EN,PROMISING,5,Until It Is Fulfilled,Anders Eyvind Nielsen,NO_LANGUAGE_EDITION_WITH_COVER
/books/OL12675031M,EN,PROMISING,5,Neuer Antisemitismus--Alte Vorurteile? (Kohlhammer Studienbucher),Christina Tuor-Kurth,NO_LANGUAGE_EDITION_WITH_COVER
/books/OL12678128M,EN,PROMISING,5,Rotating Fluids in Geophysical and Industrial Applications,E.J. Hopfinger,NO_LANGUAGE_EDITION_WITH_COVER
/books/OL12678366M,EN,PROMISING,5,Welt Aus Eisen,Landeszeughaus Am Landesmuseum Joanneum,NO_LANGUAGE_EDITION_WITH_COVER
/books/OL12680926M,EN,PROMISING,5,"The Pleasing Instructor (Children's Books from the Past, Vol 6)",Thomas Slack,NO_LANGUAGE_EDITION_WITH_COVER
/books/OL12680933M,EN,PROMISING,5,"Tukarama, His Person and His Religion",Ajit Lokhande,NO_LANGUAGE_EDITION_WITH_COVER
/books/OL12680943M,EN,PROMISING,5,Oblomov Jungian Approach Literary Image of the Mother Complex (European University Studies),N. Baratoff,NO_LANGUAGE_EDITION_WITH_COVER
/books/OL12704260M,EN,PROMISING,5,"Der Deutsche Bundesstaat Im Wandel (1867-1933) (Schriften Zur Verfassungsgeschichte,)",Heiko Holste,NO_LANGUAGE_EDITION_WITH_COVER
/books/OL12705625M,EN,PROMISING,5,German Architecture in China: Architectural Transfer/Deutsche Architektur in China,Torsten Warner,NO_VALID_PHYSICAL_COVER
/books/OL12705627M,EN,PROMISING,5,"Extension of the Association of Savings and Clearing Banks (Bonn Bauwerke , No 4)",Karl-Heinz Schommer,NO_VALID_PHYSICAL_COVER
/books/OL12705681M,EN,PROMISING,5,Francis Soler (German/French Language),O Fillion,NO_LANGUAGE_EDITION_WITH_COVER
/books/OL12705722M,EN,PROMISING,5,Architektur Im Dialog Texte Zur Architekturpraxis,Von Gerkan,NO_LANGUAGE_EDITION_WITH_COVER
/books/OL12713574M,EN,PROMISING,5,Aufbau Der Koniglichen Stelentexte Vom Beginn Der 18. Dynastie Bis Zur Amarnazeit,Peter Beylage,NO_LANGUAGE_EDITION_WITH_COVER
/books/OL12765492M,EN,PROMISING,5,Ellipsen Und Ovale in Der Malerei DES 15. Und 16. Jahrhunderts Untersuchungen Zur Entwicklung DES Ovalen Bildes,I Preussner,NO_LANGUAGE_EDITION_WITH_COVER
/books/OL12765518M,EN,PROMISING,5,Die Figuerliche Steinplastik DES 11.-13. Jahrhunderts in Apulien Corpus in IV V 1 Part 1+2,H Schaefer-Schu,NO_LANGUAGE_EDITION_WITH_COVER
/books/OL12765523M,EN,PROMISING,5,Lebenserwartungen in Deutschland Vom 17. Bis 19. Jahrhundert Life Expectancies in Germany from the 17th to the 19th Century,A Imhof,NO_LANGUAGE_EDITION_WITH_COVER
/books/OL12765532M,EN,PROMISING,5,Die Gutachten DES Baumeisters Ernst George Sonnin,H Heckmann,NO_LANGUAGE_EDITION_WITH_COVER
/books/OL12766232M,EN,PROMISING,5,Wissenschaft Im Widerstreit Zwischen Erkenntinisstreben Und Verwertungspraxis,H. Markl,NO_LANGUAGE_EDITION_WITH_COVER
/books/OL12766372M,EN,PROMISING,5,Umweltlexikon Fuer Ingenieure Und Techniker,E Beier,NO_LANGUAGE_EDITION_WITH_COVER
/books/OL12766441M,EN,PROMISING,5,Biographische Und Andere Erlebte Daten Der,W Martell,NO_LANGUAGE_EDITION_WITH_COVER
/books/OL12766579M,EN,PROMISING,5,Parat Lexikon Computertechnik,A Moeschwitzer,NO_LANGUAGE_EDITION_WITH_COVER
/books/OL12767675M,EN,PROMISING,5,Information - New Questions to a Multidisciplinary Concept,Kornwachs,NO_LANGUAGE_EDITION_WITH_COVER
/books/OL12767739M,EN,PROMISING,5,Goodbye Boomerang,Wolfgang Burger,NO_LANGUAGE_EDITION_WITH_COVER
/books/OL12770171M,EN,PROMISING,5,Peter Petersen,Maria C. Alberich-Carramiinana,NO_LANGUAGE_EDITION_WITH_COVER
/books/OL12772941M,EN,STRONG,7,Matchmaking in Electronic Markets,Daniel J. Veit,NO_VALID_PHYSICAL_COVER
/books/OL12774686M,EN,STRONG,7,Practical Aspects of Declarative Languages,I.V. Ramakrishnan,NO_VALID_PHYSICAL_COVER
/books/OL12774980M,EN,STRONG,7,New Concepts for Parallel Object-Relational Query Processing,Michael Jaedicke,NO_VALID_PHYSICAL_COVER
/books/OL12775339M,EN,PROMISING,5,Computer Science Logic,Julian Bradfield,NO_VALID_PHYSICAL_COVER
/books/OL12790364M,EN,PROMISING,5,"Cloud Patterns (Asian Art Motifs from Korea, No 4)",Ahn Graphics,NO_LANGUAGE_EDITION_WITH_COVER
/books/OL12790376M,EN,PROMISING,5,Museum Motifs,Ahn Graphics,NO_LANGUAGE_EDITION_WITH_COVER
/books/OL12790402M,EN,PROMISING,5,Hanguk munhon chongbohak ui munjedul,Chae-chol Yi,NO_LANGUAGE_EDITION_WITH_COVER
/books/OL12790942M,EN,PROMISING,5,Hanguk munhangnon chango (Inmun kwahak haksul nonchong),Pyong-uk Mun,NO_LANGUAGE_EDITION_WITH_COVER
/books/OL12791130M,EN,PROMISING,5,Master of Manipulation,Stephen Jin-Woo Kim,NO_LANGUAGE_EDITION_WITH_COVER
/books/OL12791135M,EN,PROMISING,5,A History of Christian Churches in Korea,Kyoung Bae Min,NO_LANGUAGE_EDITION_WITH_COVER
/books/OL12791253M,EN,PROMISING,5,Nongop kyonjesa yongu,Ho-chol Yi,NO_LANGUAGE_EDITION_WITH_COVER
/books/OL12793406M,EN,PROMISING,5,Hanguk chontong sahoe ui chongsin munhwa kujo yangsang,Chong-hwa Chong,NO_LANGUAGE_EDITION_WITH_COVER
/books/OL12794846M,EN,PROMISING,5,Hanguk sohak sasangsa yongu,Ok-hui Kim,NO_LANGUAGE_EDITION_WITH_COVER
/books/OL12795610M,EN,PROMISING,5,Tongso chorhak taebi yongu Hanguk sasang kwa Togil chorhak,Tu-ha Chon,NO_LANGUAGE_EDITION_WITH_COVER
/books/OL12796584M,EN,PROMISING,5,Pultan changom,Kwanjo,NO_LANGUAGE_EDITION_WITH_COVER
/books/OL12797340M,EN,PROMISING,5,Gaya (Ancient Kingdoms of Korea),Gaya History Policy Committee,NO_LANGUAGE_EDITION_WITH_COVER
/books/OL12798247M,EN,PROMISING,5,Traditions of Rabbi Ishmael,G. Porton,NO_LANGUAGE_EDITION_WITH_COVER
/books/OL12798371M,EN,PROMISING,5,History of Shell Collecting,Peter Dance,NO_LANGUAGE_EDITION_WITH_COVER
/books/OL12798483M,EN,PROMISING,5,"The Construction of American Indianness (Philosophy of History and Culture, Vol 12)",Genevieve Bell,NO_LANGUAGE_EDITION_WITH_COVER
/books/OL12799141M,EN,STRONG,7,Divine Knowledge,Brian Baumann,NO_LANGUAGE_EDITION_WITH_COVER
/books/OL12799435M,EN,STRONG,7,"The Representations of the Overseas World in the De Bry Collection of Voyages, 1590-1634 (Library of the Written Word)",Michiel Van Groesen,NO_LANGUAGE_EDITION_WITH_COVER
/books/OL12799967M,EN,PROMISING,5,Cultural Aspects of Landscape,H. Svobodova,NO_LANGUAGE_EDITION_WITH_COVER
/books/OL12800087M,EN,PROMISING,5,Austria,Wolfgang Lazius,NO_LANGUAGE_EDITION_WITH_COVER
/books/OL12800183M,EN,PROMISING,5,Space in Architecture,Cornelis Van De Ven,NO_LANGUAGE_EDITION_WITH_COVER
/books/OL12800200M,EN,PROMISING,5,"Forms in Plato's ""Philebus""",E.E. Benitez,NO_MATCHING_WORK
/books/OL12800236M,EN,PROMISING,5,Evolution and Counter Evolution,P. Zwart,NO_LANGUAGE_EDITION_WITH_COVER
/books/OL12800566M,EN,PROMISING,5,Toward a Science of Man in Society (Studies of Social Life),K.W. Kapp,NO_LANGUAGE_EDITION_WITH_COVER
/books/OL12800569M,EN,PROMISING,5,The Passionate Liberal,W.E. Volkomer,NO_LANGUAGE_EDITION_WITH_COVER
/books/OL12801632M,EN,PROMISING,5,"Russian Philosophical Terminology (in English, German, Russian and French) (Sovietica)",K.G. Ballestrem,NO_LANGUAGE_EDITION_WITH_COVER
/books/OL12801656M,EN,PROMISING,5,Rubinstejn and The Philosophical Foundations of Soviet Psychology (Sovietica),T.R.S.L. Payne,NO_LANGUAGE_EDITION_WITH_COVER
/books/OL12801708M,EN,PROMISING,5,"What I Do Not Believe, and Other Essays",N.R. Hanson,NO_VALID_PHYSICAL_COVER
/books/OL12802914M,EN,PROMISING,5,Threat to the Power Relation and Negative Intergroup Behavior,Eefje Vonken,NO_LANGUAGE_EDITION_WITH_COVER
/books/OL12805848M,EN,PROMISING,5,Cardinal Mercier's Philosophical Essays. A study in neo-Thomism,David A. Boileau,NO_LANGUAGE_EDITION_WITH_COVER
/books/OL12806300M,EN,PROMISING,5,From the Corner of the Eye,M.Van Nieuwenhuyzen,NO_LANGUAGE_EDITION_WITH_COVER
/books/OL12806378M,EN,PROMISING,5,The Reporting Procedure Under the Covenant on Civil and Political Rights,Ineke Boerefijn,NO_LANGUAGE_EDITION_WITH_COVER
/books/OL12807457M,EN,PROMISING,5,Identites Et Monde Commun,Raphael Gely,NO_LANGUAGE_EDITION_WITH_COVER
/books/OL12807506M,EN,PROMISING,5,Importance Of Ideals,Wibren Van Der Burg,NO_LANGUAGE_EDITION_WITH_COVER
/books/OL12807684M,EN,PROMISING,5,The Four Seasons of Human Life,"A M, Ed. Luyendijk-Elshout",NO_LANGUAGE_EDITION_WITH_COVER
/books/OL12807964M,EN,PROMISING,5,"Broken LInes - Emmy Van Leersum, 1930-1984",Yvonne G. J. M. Joris,NO_VALID_PHYSICAL_COVER
/books/OL12807973M,EN,PROMISING,5,Dreaming of Paradise,Netherlands) Museum Voor Volkenkunde (Rotterdam,NO_LANGUAGE_EDITION_WITH_COVER
/books/OL12807991M,EN,PROMISING,5,The Tale of Thangkas,Louis van der Wee,NO_LANGUAGE_EDITION_WITH_COVER
/books/OL12808216M,EN,PROMISING,5,Touring the Low Countries,Ton van Strien,NO_LANGUAGE_EDITION_WITH_COVER
/books/OL12808364M,EN,STRONG,7,Fashion and Fancy,Marieke de Winkel,NO_VALID_PHYSICAL_COVER
/books/OL12808553M,EN,PROMISING,5,Ground Freezing 91-V1,Xiang,NO_LANGUAGE_EDITION_WITH_COVER
/books/OL12808554M,EN,PROMISING,5,Ground Freezing 91-V2,Xiang,NO_LANGUAGE_EDITION_WITH_COVER
/books/OL12808760M,EN,PROMISING,5,Evolution Tasman Sea Basin,Lingen,NO_LANGUAGE_EDITION_WITH_COVER
/books/OL12808847M,EN,PROMISING,5,Orchids Southern Africa,H. Kurzweil,NO_LANGUAGE_EDITION_WITH_COVER
/books/OL12809617M,EN,PROMISING,5,Automated Reasoning with Analytic Tableaux and Related Methods,Neil V. Murray,NO_VALID_PHYSICAL_COVER
/books/OL12810625M,EN,PROMISING,5,"Anesthesia, Pain, Intensive Care And Medicine - A.p.i.c.e.",A Gullo,NO_LANGUAGE_EDITION_WITH_COVER
/books/OL12822242M,EN,PROMISING,5,"Management and Use of Name Authority Files: Personal Names, Corporate Bodies & Uniform Titles",Marcelle Beaudiquex,NO_LANGUAGE_EDITION_WITH_COVER
/books/OL12827448M,EN,PROMISING,5,Die Entwicklung Staatlich Organisierter Herrschaft in Fruhen Hochkulturen Am Beispiel Des Vorderen Orients,Werner Leuthausser,NO_LANGUAGE_EDITION_WITH_COVER
/books/OL12827478M,EN,PROMISING,5,"Leitfaden in Der Missionarslinguistik (Europaische Hochschulschriften: Reihe 27, Asiatische Und Afr)",Sandra Breitenbach,NO_LANGUAGE_EDITION_WITH_COVER
/books/OL12827627M,EN,PROMISING,5,Wovon Lebt Der Mensch?,Heinz Pollak,NO_LANGUAGE_EDITION_WITH_COVER
/books/OL12827819M,EN,PROMISING,5,Begriffs-Gesten,Michael Esders,NO_LANGUAGE_EDITION_WITH_COVER
/books/OL12828188M,EN,PROMISING,5,Chemieunterricht in Der NS-Zeit,Eva-Maria Stoya,NO_LANGUAGE_EDITION_WITH_COVER
/books/OL12828534M,EN,PROMISING,5,Bildung--Kunst Und Kontemplation,Michaela Schwarzbauer,NO_LANGUAGE_EDITION_WITH_COVER
/books/OL12828589M,EN,PROMISING,5,Zu Sprachlichen Realisierungsmitteln Der Komik in Ausgewahlten Aphoristischen Texten Aus Pragmalinguistischer Sicht,Jacek Szczepaniak,NO_LANGUAGE_EDITION_WITH_COVER
/books/OL12828969M,EN,PROMISING,5,Die Galerie Zum Roten Apfel 1959-1965,Semirah Heilingsetzer,NO_LANGUAGE_EDITION_WITH_COVER
/books/OL12829027M,EN,PROMISING,5,Studie Zur Idee Des Gesamtkunstwerks in Der Fruhromantik,Chung-Sun Kwon,NO_LANGUAGE_EDITION_WITH_COVER
/books/OL12829059M,EN,PROMISING,5,Rationalitat Von Werturteilen Im Naturschutz (Theorie in Der Okologie),Katrin S. Romahn,NO_LANGUAGE_EDITION_WITH_COVER
/books/OL12829106M,EN,PROMISING,5,"Neuronale Topologiesynthese Fur Massiv Parallele Systeme (Europaische Hochschulschriften: Reihe 41, Informatik)",Rainer W. Schulze,NO_LANGUAGE_EDITION_WITH_COVER
/books/OL12829745M,EN,PROMISING,5,"Das Renaissanceschlo/?/ Hannoversch Munden in Den Inventaren Des 16., 17. Und 18. Jahrhunderts",Michael Streetz,NO_LANGUAGE_EDITION_WITH_COVER
/books/OL12829841M,EN,PROMISING,5,Jozef Ciger Hronsky Und Die Moderne,Maria Batorova,NO_LANGUAGE_EDITION_WITH_COVER
/books/OL12830006M,EN,PROMISING,5,Die Entwicklung Des Strafrechtlichen Unrechtsbegriffs in Japan,Mitsuru Iijima,NO_LANGUAGE_EDITION_WITH_COVER
/books/OL12830080M,EN,PROMISING,5,Neue Ansatze in Der Mittelalterphilologie - Nye Veier I Middelalderfilologien,Susanne Kramarz-bein,NO_LANGUAGE_EDITION_WITH_COVER
/books/OL12830103M,EN,PROMISING,5,Rodins Gipse,Heike Hocherl,NO_LANGUAGE_EDITION_WITH_COVER
/books/OL12830165M,EN,PROMISING,5,Deutschland - Im Denken Der Spanischen Intellektuellen (Europaische Hochschulschriften),Conchi Palma Ruiz,NO_LANGUAGE_EDITION_WITH_COVER
/books/OL12830202M,EN,PROMISING,5,Paint Misbehavin',Nina Ehresmann,NO_LANGUAGE_EDITION_WITH_COVER
/books/OL12830212M,EN,PROMISING,5,Goethes Musikalische Reise in Italien (Heidelberger Beitrage Zur Deutschen Literatur),Cristina Ricca,NO_LANGUAGE_EDITION_WITH_COVER
/books/OL12830226M,EN,PROMISING,5,Die Entnazifizierte Sprache,Dirk Deissler,NO_LANGUAGE_EDITION_WITH_COVER
/books/OL12830297M,EN,PROMISING,5,Staatliche Kunstforderung in Den Niederlanden Nach 1945,Sabine Dorscheid,NO_LANGUAGE_EDITION_WITH_COVER
/books/OL12830299M,EN,PROMISING,5,"Markenpolitik ALS Erfolgsfaktor: Eine Semiotische Analyse Zur Wachsenden Bedeutung Der Marke Im Kontext Sich Wandelnder Rahmenbedingungen (Europaische Hochschulschriften: Reihe 40, Kommunikationswiss)",Carsten Ackermann,NO_LANGUAGE_EDITION_WITH_COVER
/books/OL12830428M,EN,PROMISING,5,Bilder Des Aufbaus,Doris Muller-Toovey,NO_LANGUAGE_EDITION_WITH_COVER
/books/OL12830518M,EN,PROMISING,5,Karl Von Pidoll,Roman Zieglgansberger,NO_LANGUAGE_EDITION_WITH_COVER
/books/OL12830615M,EN,PROMISING,5,Offnungen,Michaela Schwarzbauer,NO_LANGUAGE_EDITION_WITH_COVER
/books/OL12830622M,EN,PROMISING,5,"Automatisches Klassifizieren: Entwicklungsstand--Methodik--Anwendungsbereiche Mit Einem Vorworth Von Winfried Godert (Europaische Hochschulschriften: Reihe 41, Informatik)",Otto Oberhauser,NO_LANGUAGE_EDITION_WITH_COVER
/books/OL12830769M,EN,PROMISING,5,What Practitioners of Tcm Should Know,Friedrich G. Wallner,NO_LANGUAGE_EDITION_WITH_COVER
/books/OL12830787M,EN,PROMISING,5,"Contenedores, Recorridos Y Metas",Celia Martin Deleon,NO_LANGUAGE_EDITION_WITH_COVER
/books/OL12830921M,EN,PROMISING,5,Die Stecknadel Im Heuhaufen,Christoph Rosener,NO_LANGUAGE_EDITION_WITH_COVER
/books/OL12830949M,EN,PROMISING,5,Johann Georg Hamann Und David Hume,Thomas Brose,NO_LANGUAGE_EDITION_WITH_COVER
/books/OL12831036M,EN,PROMISING,5,Durch Gesange Lehrten Sie... Johann Gottfried Herder Und Die Erziehung Durch Musik,Alexander J. Cvetko,NO_LANGUAGE_EDITION_WITH_COVER
/books/OL12831166M,EN,PROMISING,5,Canova Und Die Tradition,Yvonne Zu Dohna,NO_LANGUAGE_EDITION_WITH_COVER
/books/OL12831206M,EN,PROMISING,5,"de Situ Insulae Siciliae: Die Entdeckung Von Trinacria Im Werk Claudio Arezzos (Europaische Hochschulschriften: Reihe 3, Geschichte Und Ihre)",Henning Gans,NO_LANGUAGE_EDITION_WITH_COVER
/books/OL12831243M,EN,PROMISING,5,Miseria De La Razon,Bobb Arturo Rodríquez,NO_LANGUAGE_EDITION_WITH_COVER
/books/OL12831247M,EN,PROMISING,5,Medizinische Beobachtungen Und Erkenntnisse Wahrend Einer Mittelmeerreise and Bord Der H.M.S. St. Jean D'Acre (1859-1860) (Marburger Schriften Zur Medizingeschichte),Wiebke Hinrichs,NO_LANGUAGE_EDITION_WITH_COVER
/books/OL12831361M,EN,PROMISING,5,Internationalitat ALS Kulturelle Realitat: Wittgensteins Philosophie Der Psychologie Im Kontext Von Analytischer Philosophie Des Geistes Und Empirisch ... Hochschulschriften,Michael Crusio,NO_LANGUAGE_EDITION_WITH_COVER
/books/OL12845081M,EN,PROMISING,5,Deleu Luc,Hein Van Haaren,NO_LANGUAGE_EDITION_WITH_COVER
/books/OL12845418M,EN,PROMISING,5,City Index,Kunsthaus Dresden,NO_LANGUAGE_EDITION_WITH_COVER
/books/OL12845428M,EN,PROMISING,5,L'a-prehension du reel,Andre Coret,NO_LANGUAGE_EDITION_WITH_COVER
/books/OL12845430M,EN,PROMISING,5,Chroniques Afghanes 1965-1993,Centlives,NO_LANGUAGE_EDITION_WITH_COVER
/books/OL12845612M,EN,PROMISING,5,"Going Places, Staying Home",Jens A Anderson,NO_LANGUAGE_EDITION_WITH_COVER
/books/OL12845677M,EN,PROMISING,5,Ground Freezing 2000 9th Intl,Thimus,NO_LANGUAGE_EDITION_WITH_COVER
/books/OL12845800M,EN,PROMISING,5,Incentive Systems for Wastewater Treatment,M.O.R. Abu-Madi,NO_LANGUAGE_EDITION_WITH_COVER
/books/OL12846043M,EN,PROMISING,5,Peter of Auvergne,"Griet Galle | Petrus de Arvernia, Bishop of Clermont",NO_LANGUAGE_EDITION_WITH_COVER
/books/OL12846110M,EN,PROMISING,5,On the Path to Virtue. The Stoic Doctrine of Moral Progress and its Reception in (Middle-)Platonism (Ancient & Medieval Philosophy. De Wulf-Mansion Centre),Geert Roskam,NO_LANGUAGE_EDITION_WITH_COVER
/books/OL12846761M,EN,PROMISING,5,Landscape in the Netherlands/Landschap in Nederland,Andre-Pierre Lamoth,NO_LANGUAGE_EDITION_WITH_COVER
/books/OL12849391M,EN,PROMISING,5,DICTADURA MILITAR Y OPOSICION POLITICA EN CHILE 1973-1981 (Latin America Studies),A E Fernandez Jilberto,NO_LANGUAGE_EDITION_WITH_COVER
/books/OL12849416M,EN,PROMISING,5,Frontiers of Learning,Pjotr Hesseling,NO_LANGUAGE_EDITION_WITH_COVER
/books/OL12849970M,EN,PROMISING,5,Self-determination and the Moral Act (Recherches de theologie ancienne et medievale. Supplementa),M.J. Iozzio,NO_LANGUAGE_EDITION_WITH_COVER
/books/OL12850183M,EN,PROMISING,5,Budaya Indonesia,Tropenmuseum,NO_LANGUAGE_EDITION_WITH_COVER
/books/OL12850195M,EN,PROMISING,5,Intercultural Arts Education and Municipal Policy,R. Lavrijsen,NO_LANGUAGE_EDITION_WITH_COVER
/books/OL12850389M,EN,PROMISING,5,Painters of Amsterdam,Carole Dennninger-Schreuder,NO_LANGUAGE_EDITION_WITH_COVER
/books/OL12850462M,EN,PROMISING,5,Dutch Portraits from the Seventeenth Century = Nederlandse Portretten Uit De 17E Eeuw,R. E. O. Ekkart,NO_LANGUAGE_EDITION_WITH_COVER
/books/OL12851654M,EN,PROMISING,5,Focus Paris,Henk Klasema,NO_LANGUAGE_EDITION_WITH_COVER
/books/OL12851779M,EN,PROMISING,5,15th Worldwide Video Festival 1997 Catalogue,Tom Van Vliet,NO_LANGUAGE_EDITION_WITH_COVER
/books/OL12852584M,EN,PROMISING,5,Quality Management And Strategic Alliances In The Mango Supply Chain From Costa Rica,Guillermo E. Zuniga-arias,NO_LANGUAGE_EDITION_WITH_COVER
/books/OL12852585M,EN,PROMISING,5,Inegration And Self Regulation Of Quality Management In Dutch Agri-Food Supply Chains,Wijnand Van Plaggenhoef,NO_LANGUAGE_EDITION_WITH_COVER
/books/OL12853082M,EN,PROMISING,5,Vendel Period Bracteates on Gotland,Marit Gaimster,NO_LANGUAGE_EDITION_WITH_COVER
/books/OL12855534M,EN,PROMISING,5,Memphis Och Den Italienska Antidesignrorelsen,Sara Kristoffersson,NO_LANGUAGE_EDITION_WITH_COVER
/books/OL12855913M,EN,PROMISING,5,FREDRIKA BREMER AND THE WRITING OF AMERICA,Laurel A. Lofsvold,NO_LANGUAGE_EDITION_WITH_COVER
/books/OL12856410M,EN,PROMISING,5,William Wegman,Bo Nilsson,NO_LANGUAGE_EDITION_WITH_COVER
/books/OL12856411M,EN,PROMISING,5,On the Sublime,Bo Nilsson,NO_LANGUAGE_EDITION_WITH_COVER
/books/OL12857068M,EN,PROMISING,5,Wholeness And The Integral Mind,Jari Ristiniemi,NO_LANGUAGE_EDITION_WITH_COVER
/books/OL12860423M,EN,PROMISING,5,Issues in Art Libraries and Computing,Robert Senecal,NO_LANGUAGE_EDITION_WITH_COVER
/books/OL12860487M,EN,PROMISING,5,Der Proze\gb der Organisation,Peter Pelzer,NO_MATCHING_WORK
/books/OL12866581M,EN,PROMISING,5,August Endell,Helge David,NO_LANGUAGE_EDITION_WITH_COVER
/books/OL12877470M,EN,PROMISING,5,Daum Nancy.,Katharina Büttiker,NO_VALID_PHYSICAL_COVER
/books/OL12893578M,EN,PROMISING,5,Biometrics And International Migration,Jillyanne Redpath,NO_LANGUAGE_EDITION_WITH_COVER
/books/OL12897558M,EN,PROMISING,5,Introduction to the Educational Sciences (Educational Sciences Series),G. Mialaret,NO_LANGUAGE_EDITION_WITH_COVER
/books/OL12898528M,EN,PROMISING,5,Disease Control and International Travel,H. S. Gear,NO_LANGUAGE_EDITION_WITH_COVER
/books/OL12906363M,EN,PROMISING,5,On the Edge of a Razor Blade,Miroslav Pecujlic,NO_LANGUAGE_EDITION_WITH_COVER
/books/OL12917627M,EN,PROMISING,5,The Lion of Venice,Bianca M. Scarfi,NO_LANGUAGE_EDITION_WITH_COVER
/books/OL12928909M,EN,PROMISING,5,Out of Noah's Ark Animals in Ancient Art from the Mildenberg Collection,Patricia Erhart Mottahedeh,NO_LANGUAGE_EDITION_WITH_COVER
/books/OL12929234M,EN,PROMISING,5,Creativity and Psychotherapy,International Congress of Psychopathology of Expression,NO_LANGUAGE_EDITION_WITH_COVER
/books/OL12931176M,EN,PROMISING,5,On Looking Inward and Being Scientific,G. A. Fava,NO_LANGUAGE_EDITION_WITH_COVER
/books/OL12931532M,EN,PROMISING,5,Trauma Und Kunst Trauma and Art,Rut,NO_VALID_PHYSICAL_COVER
/books/OL12947063M,EN,PROMISING,5,Implications of the Un/Two Tourism Definitions: Australia,Australian Bureau Of Statistics,NO_LANGUAGE_EDITION_WITH_COVER
/books/OL12950770M,EN,PROMISING,5,Adapting Social Science to the Changing Focus of International Agricultural Research,International Livestock Research Institu,NO_LANGUAGE_EDITION_WITH_COVER
/books/OL12979794M,EN,PROMISING,5,Unity in Diversity?,Julia Stamm,NO_LANGUAGE_EDITION_WITH_COVER
/books/OL12980814M,EN,PROMISING,5,Espontaneas,Jose Cura,NO_LANGUAGE_EDITION_WITH_COVER
/books/OL12981054M,EN,PROMISING,5,Spartacus City Guide,Bruno Gmunder Publishers Staff,NO_LANGUAGE_EDITION_WITH_COVER
/books/OL12984738M,EN,PROMISING,5,Deutsche Spuren in Indonesien,Rudiger Siebert,NO_LANGUAGE_EDITION_WITH_COVER
/books/OL12985560M,EN,PROMISING,5,"The Upholstered Furniture System Conseta (Design Classics Series, 23)",Gunda Siebke | Friedrich Wilhelm Moller | G. Siebke | S. Wittorf,NO_MATCHING_WORK
/books/OL13002553M,EN,PROMISING,5,Sandra Eleta - Portobelo; Fotografias de Panama,Sandra Eleta,NO_VALID_PHYSICAL_COVER
/books/OL13029462M,EN,PROMISING,5,"Efficient facets, influential observations, and revisions of the best practice boundary for DEA (University of Joensuu Publications in Social Sciences)",Tarmo Raty,NO_LANGUAGE_EDITION_WITH_COVER
/books/OL13029784M,EN,PROMISING,5,Dialogue in the Crisis of Representation. Realism and Antirealism in the Context of the Conversation Between Theologians and Quantum Physicists in Gottingen 1948-1961,Stefan Djupsjobacka | Stefan Djupsjöbacka,NO_LANGUAGE_EDITION_WITH_COVER
/books/OL13030450M,EN,PROMISING,5,For Sentimental Reasons,Michael McEachrane,NO_LANGUAGE_EDITION_WITH_COVER
/books/OL13030895M,EN,PROMISING,5,Sudesika,Sinisa Dokic,NO_LANGUAGE_EDITION_WITH_COVER
/books/OL13046575M,EN,PROMISING,5,China's Seven Ancient Capitals,Fan Zhang,NO_LANGUAGE_EDITION_WITH_COVER
/books/OL13084964M,EN,PROMISING,5,Xing fa zhe xue (Zhong qing nian fa xue wen ku),Xingliang Chen,NO_LANGUAGE_EDITION_WITH_COVER
/books/OL13094028M,EN,PROMISING,5,Confucius Says,Xiqin Cai,NO_LANGUAGE_EDITION_WITH_COVER
/books/OL13107446M,EN,PROMISING,5,"Mulla Sadra and Transcendent Philosophy (Islam-West Philosophical Dialogue: The Papers presented at the World Congress on Mulla Sadra (May, 1999, Tehran) (Islam-West Philosophical Dialogue, Volume 2)",Ayatullah Jawadi Amuli et al,NO_LANGUAGE_EDITION_WITH_COVER
/books/OL13111261M,EN,PROMISING,5,Passport Picture Dictionary,Ya'Acov Levy,NO_LANGUAGE_EDITION_WITH_COVER
/books/OL13122591M,EN,PROMISING,5,De LA Tierra Al Cosmos,Deborah Dultzin,NO_LANGUAGE_EDITION_WITH_COVER
/books/OL13130634M,EN,PROMISING,5,Philososphy of Hindu Sadhana,Nalini Kanta Brahma,NO_LANGUAGE_EDITION_WITH_COVER
/books/OL13132746M,EN,PROMISING,5,Waiting for the Rain,Kamakshi Balasubramaniam,NO_LANGUAGE_EDITION_WITH_COVER
/books/OL13139100M,EN,PROMISING,5,Realism and Illusionism in Hinduism,Bharatan Kumarappa,NO_LANGUAGE_EDITION_WITH_COVER
/books/OL13146538M,EN,STRONG,7,India's Spiritual Destiny,Mangesh Nadkarni,NO_LANGUAGE_EDITION_WITH_COVER
/books/OL13147827M,EN,STRONG,7,The Exploration in URI Sectors ; Kashmir Valley,F.A. Lone,NO_LANGUAGE_EDITION_WITH_COVER
/books/OL13148061M,EN,PROMISING,5,The Spirit of Indian and Western Philosophy,Dr. R. Murali,NO_LANGUAGE_EDITION_WITH_COVER
/books/OL13167064M,EN,PROMISING,5,The Story of Nezha in English & Chinese,C. C. Low & Associates,NO_LANGUAGE_EDITION_WITH_COVER
/books/OL13170142M,EN,PROMISING,5,Chinese Eunuchs,Wang Yongsheng,NO_LANGUAGE_EDITION_WITH_COVER
/books/OL13171946M,EN,PROMISING,5,"Space, Memory and Jewish National Identity",M. Ilias,NO_LANGUAGE_EDITION_WITH_COVER
/books/OL13175104M,EN,STRONG,7,Concept of Truth in Science and Religion,K.D. Gangrade,NO_LANGUAGE_EDITION_WITH_COVER
/books/OL13175183M,EN,STRONG,7,In Quest of Peace,Yajneshwar S. Shastri,NO_LANGUAGE_EDITION_WITH_COVER
/books/OL13177682M,EN,PROMISING,5,"Author and subject index of the Journal of the Indian Council of Philosophical Research, volumes I-X, 1983-1993 (ICPR documentation series)",R. S Bhatnagar,NO_LANGUAGE_EDITION_WITH_COVER
/books/OL13177692M,EN,PROMISING,5,Philosophical Papers of Professor J.N. Chubb,Harsiddh M. Joshi,NO_LANGUAGE_EDITION_WITH_COVER
/books/OL13182020M,EN,PROMISING,5,Archetypes of Urbanism,Thomas Thiis-Evenson,NO_LANGUAGE_EDITION_WITH_COVER
/books/OL13183987M,EN,PROMISING,5,Ochrona 'Srodowiska Spoeczno-Przyrodniczego W Filozofii I Teologii,Jozef Marceli Doega,NO_LANGUAGE_EDITION_WITH_COVER
/books/OL13184956M,EN,PROMISING,5,"Filozofia Spoeczna W ""Przegladzie Powszechnym"" W Latach 1884-1939",Stanisław Krajski,NO_LANGUAGE_EDITION_WITH_COVER
/books/OL13206696M,EN,PROMISING,5,Semiologia y Pensamiento Aborigen Argentino (Coleccion Herencias),Alejandro Heredia,NO_LANGUAGE_EDITION_WITH_COVER
/books/OL13211998M,EN,PROMISING,5,Further Adventures of the Black Hand Gang,M. O. Macoye,NO_LANGUAGE_EDITION_WITH_COVER
/books/OL13213329M,EN,PROMISING,5,The Platonic Experience in Nineteenth-Century England,Patricia Curzalegui Sotelo,NO_LANGUAGE_EDITION_WITH_COVER
/books/OL13221662M,EN,PROMISING,5,"Leon, El (Cuatro Estaciones (Four Seasons))",Teresa Duran | laGalera,NO_LANGUAGE_EDITION_WITH_COVER
/books/OL13230242M,EN,PROMISING,5,"Ciencia, Romanticisme I Utopia (Llibres A L'Abast)",Santiago Riera I. Tuebols,NO_LANGUAGE_EDITION_WITH_COVER
/books/OL13426165M,EN,PROMISING,5,The Right to Dissent,Ojvind Larsen,NO_LANGUAGE_EDITION_WITH_COVER
/books/OL13436120M,EN,PROMISING,5,Soul sorhwa,Ki-hyok Kim,NO_LANGUAGE_EDITION_WITH_COVER
/books/OL13436941M,EN,PROMISING,5,Ollon sasang yongu,Yong-gu Kim,NO_LANGUAGE_EDITION_WITH_COVER
/books/OL13545708M,EN,PROMISING,5,"Schiller and ""alienation""",Vicky Rippere,NO_MATCHING_WORK
/books/OL13571982M,EN,PROMISING,5,"Symbol, culture, city",Heinz Paetzold,NO_LANGUAGE_EDITION_WITH_COVER
/books/OL13631959M,EN,PROMISING,5,"The study of foreign languages in the Chosŏn dynasty, 1392-1910",Ki Joong Song,NO_LANGUAGE_EDITION_WITH_COVER
/books/OL1363247M,EN,PROMISING,5,Brasília,Walmir Ayala,NO_LANGUAGE_EDITION_WITH_COVER
/books/OL1366115M,EN,PROMISING,5,Lindolfo Collor,Ebe Reale,NO_LANGUAGE_EDITION_WITH_COVER
/books/OL141134M,EN,PROMISING,5,Mario Botta gesehen von Pino Musi =,Pino Musi,NO_LANGUAGE_EDITION_WITH_COVER
/books/OL141148M,EN,PROMISING,5,Viktor Shvaiko,Viktor Shvaiko,NO_LANGUAGE_EDITION_WITH_COVER
/books/OL141162M,EN,PROMISING,5,Framework for science education in Germany,Kurt Riquarts,NO_LANGUAGE_EDITION_WITH_COVER
/books/OL141636M,EN,PROMISING,5,Energia em evolução,Ignácio de Loyola Brandão,NO_LANGUAGE_EDITION_WITH_COVER
/books/OL142920M,EN,PROMISING,5,"Gávea, uma história do Rio =",Carlos Secchin,NO_LANGUAGE_EDITION_WITH_COVER
/books/OL143196M,EN,PROMISING,5,Salvador,Mário Cravo Neto,NO_LANGUAGE_EDITION_WITH_COVER
/books/OL143222M,EN,PROMISING,5,"Baroque, the soul of Brazil",Affonso Romano de Sant'Anna,NO_LANGUAGE_EDITION_WITH_COVER
/books/OL143916M,EN,PROMISING,5,As mais belas igrejas do Brasil =,Percival Tirapeli,NO_LANGUAGE_EDITION_WITH_COVER
/books/OL145509M,EN,PROMISING,5,Umlungu in paradise,"Hall, James",NO_LANGUAGE_EDITION_WITH_COVER
/books/OL145778M,EN,PROMISING,5,ZHOU,Michael Lawson Brown,NO_LANGUAGE_EDITION_WITH_COVER
/books/OL146178M,EN,PROMISING,5,African vitalogy,Martin Nkafu Nkemnkia,NO_LANGUAGE_EDITION_WITH_COVER
/books/OL14946289M,EN,PROMISING,5,The life and times of Maudie Littlehampton,Osbert Lancaster,NO_LANGUAGE_EDITION_WITH_COVER
/books/OL14962613M,EN,PROMISING,5,"Moonwalk, the story of Apollo 11",Erich Fuchs,NO_LANGUAGE_EDITION_WITH_COVER
/books/OL15014910M,EN,PROMISING,5,Purnell's worldof computers,Peter Bramhill,NO_LANGUAGE_EDITION_WITH_COVER
/books/OL15073507M,EN,PROMISING,5,Your own work,Jean Barker,NO_LANGUAGE_EDITION_WITH_COVER
/books/OL15153125M,EN,PROMISING,5,Dynamic economic systems,John M. Blatt,NO_LANGUAGE_EDITION_WITH_COVER
/books/OL15169054M,EN,PROMISING,5,Die Palhastinenser,Georg Stein,NO_LANGUAGE_EDITION_WITH_COVER
/books/OL15355908M,EN,PROMISING,5,Don't be greedy I,Abenaa Korama,NO_LANGUAGE_EDITION_WITH_COVER
/books/OL15355911M,EN,PROMISING,5,Don't be greedy II,Abenaa Korama,NO_LANGUAGE_EDITION_WITH_COVER
/books/OL15490172M,EN,PROMISING,5,Fungi round the year,Eva Raupp Schliemann,NO_LANGUAGE_EDITION_WITH_COVER
/books/OL15599993M,EN,PROMISING,5,From a workhouse with infirmary to an NHS hospital,Reinhard Lindner,NO_LANGUAGE_EDITION_WITH_COVER
/books/OL1582715M,EN,PROMISING,5,Soap bubbles,Jean Baptiste Siméon Chardin,NO_LANGUAGE_EDITION_WITH_COVER
/books/OL16674930M,EN,PROMISING,5,Where the ancestors speak,J. Kinahan,NO_LANGUAGE_EDITION_WITH_COVER
/books/OL16699551M,EN,PROMISING,5,Issues of validity in qualitative research,Kvale,NO_LANGUAGE_EDITION_WITH_COVER
/books/OL16730966M,EN,STRONG,7,Walking along the paths of Buddhist epistemology,Madhumita Chattopadhyay,NO_LANGUAGE_EDITION_WITH_COVER
/books/OL16876519M,EN,PROMISING,5,Little cartoons,Guoliang Peng,NO_LANGUAGE_EDITION_WITH_COVER
/books/OL16878738M,EN,PROMISING,5,Laughable cartoons,Guoliang Peng,NO_LANGUAGE_EDITION_WITH_COVER
/books/OL16958116M,EN,PROMISING,5,"Women, wives, mothers",Jessie Bernard,NO_LANGUAGE_EDITION_WITH_COVER
/books/OL17081532M,EN,STRONG,7,Prague,Jana Claverie,NO_LANGUAGE_EDITION_WITH_COVER
/books/OL17116029M,EN,PROMISING,5,Peter Collins et l'histoire critique de l'architecture moderne,Irena Latek,NO_LANGUAGE_EDITION_WITH_COVER
/books/OL17220996M,EN,PROMISING,5,The Medieval idea of marriage,Christopher Brooke,NO_LANGUAGE_EDITION_WITH_COVER
/books/OL17233488M,EN,PROMISING,5,"The book of business, money and power",Michael Kidron,NO_LANGUAGE_EDITION_WITH_COVER
/books/OL17248702M,EN,PROMISING,5,The big I am,Ralph Steadman,NO_LANGUAGE_EDITION_WITH_COVER
/books/OL17370710M,EN,PROMISING,5,Great buildings ofthe world,Dave F. Smith,NO_LANGUAGE_EDITION_WITH_COVER
/books/OL1737305M,EN,STRONG,7,Simon says,John Peel,NO_LANGUAGE_EDITION_WITH_COVER
/books/OL17581433M,EN,PROMISING,5,"1, 2, 3, I'm coming!",Barbara Mossmann,NO_LANGUAGE_EDITION_WITH_COVER
/books/OL17875350M,EN,PROMISING,5,The poetic world of classic Korean women writers,Hye-sun Yi,NO_LANGUAGE_EDITION_WITH_COVER
/books/OL18071389M,EN,PROMISING,5,Indian folk art,Heinz Mode,NO_LANGUAGE_EDITION_WITH_COVER
/books/OL18131102M,EN,PROMISING,5,Handbook of pedology,Philippe Duchaufour | Ph. Duchaufour,NO_LANGUAGE_EDITION_WITH_COVER
/books/OL18309591M,EN,PROMISING,5,The book box,Sophie Benini Pietromarchi,NO_LANGUAGE_EDITION_WITH_COVER
/books/OL1834297M,EN,PROMISING,5,The sociology of the administrative elite,Rudranand Thakur,NO_LANGUAGE_EDITION_WITH_COVER
/books/OL18343659M,EN,PROMISING,5,Elephant on a whale,Ben J. Hanson,NO_LANGUAGE_EDITION_WITH_COVER
/books/OL18399509M,EN,PROMISING,5,Benetton,Susan Fearn,NO_LANGUAGE_EDITION_WITH_COVER
/books/OL18521342M,EN,STRONG,7,"Security, territory, population",Michel Foucault,NO_LANGUAGE_EDITION_WITH_COVER
/books/OL18596086M,EN,PROMISING,5,Lady Liberty,Verena Carl,NO_LANGUAGE_EDITION_WITH_COVER
/books/OL18602084M,EN,PROMISING,5,Investigating images,Cathy Nash,NO_LANGUAGE_EDITION_WITH_COVER
/books/OL18764546M,EN,PROMISING,5,Hungarian history in the ninth century,Gyula Kristo,NO_LANGUAGE_EDITION_WITH_COVER
/books/OL18812635M,EN,PROMISING,5,"""Murder is not what it used to be""",Christine Hoidis-Fehler,NO_MATCHING_WORK
/books/OL18846766M,EN,PROMISING,5,Making harmony,M. Amaladoss,NO_LANGUAGE_EDITION_WITH_COVER
/books/OL18882986M,EN,PROMISING,5,The catalogue of allmost all the works done by Tomoko Takahashi (between 1985-2002).,Tomoko Takahashi,NO_LANGUAGE_EDITION_WITH_COVER
/books/OL19252889M,EN,PROMISING,5,Kniaz Pskovskii,Andreev,NO_LANGUAGE_EDITION_WITH_COVER
/books/OL19328795M,EN,PROMISING,5,Socrealizm,Jacek Szczepaniak,NO_LANGUAGE_EDITION_WITH_COVER
/books/OL19367677M,EN,PROMISING,5,Das Bildnis eine behinderten Mannes : Bildkultur der Behinderung vom 16. bis ins 21. Jahrhundert.,Christian Mürner,NO_LANGUAGE_EDITION_WITH_COVER
/books/OL19394830M,EN,PROMISING,5,The surgeon's stage,Christoph Mörgeli,NO_LANGUAGE_EDITION_WITH_COVER
/books/OL19587136M,EN,PROMISING,5,"Aegyptiaca Helvetica, Band 18: Zur sozialen Bedeutung zweier Begriffe f ur ""Diener""",Tobias Hofmann,NO_MATCHING_WORK
/books/OL19608783M,EN,PROMISING,5,Impressionists around Paris,Jean Mich Puydebat,NO_LANGUAGE_EDITION_WITH_COVER
/books/OL19704590M,EN,PROMISING,5,Prapanch kanya,Ritu Kamal,NO_LANGUAGE_EDITION_WITH_COVER
/books/OL1991609M,EN,PROMISING,5,Aldemir Martins,Jacob Klintowitz,NO_LANGUAGE_EDITION_WITH_COVER
/books/OL1992902M,EN,PROMISING,5,Paraty,Thereza Regina de Camargo Maia,NO_LANGUAGE_EDITION_WITH_COVER
/books/OL20075691M,EN,PROMISING,5,The computerisation of collections in museums and related institutions,TANIA SZRAJBER,NO_LANGUAGE_EDITION_WITH_COVER
/books/OL20084510M,EN,PROMISING,5,A study guide to nursing theories,Gert Hunink,NO_MATCHING_WORK
/books/OL20296212M,EN,PROMISING,5,Experiência neoconcreta,Ferreira Gullar,NO_VALID_PHYSICAL_COVER
/books/OL20354165M,EN,PROMISING,5,Erotica,Karin Schramm,NO_LANGUAGE_EDITION_WITH_COVER
/books/OL20684356M,EN,PROMISING,5,Chui sha er ji,Shafu Xiao,NO_LANGUAGE_EDITION_WITH_COVER
/books/OL20870654M,EN,PROMISING,5,The Marguerite and Aimé Maeght Foundation.,Cati Chambon,NO_MATCHING_WORK
/books/OL20941712M,EN,STRONG,7,"""I never promised you an apple orchard""",Charles M. Schulz,NO_MATCHING_WORK
/books/OL21147421M,EN,PROMISING,5,The lawbreakers.,Ray Jenkins,NO_LANGUAGE_EDITION_WITH_COVER
/books/OL21171816M,EN,PROMISING,5,Bruxelles ville nouvelle,Herve Hasquin,NO_MATCHING_WORK
/books/OL21192300M,EN,PROMISING,5,José Vermeersch,Hugo Maertens,NO_VALID_PHYSICAL_COVER
/books/OL21246312M,EN,PROMISING,5,Stories of the Buddha,Anita Khanna,NO_LANGUAGE_EDITION_WITH_COVER
/books/OL21254151M,EN,PROMISING,5,Dissertation on musical taste,"Hastings, Thomas.",NO_LANGUAGE_EDITION_WITH_COVER
/books/OL21267010M,EN,PROMISING,5,Alien circus,Mathew Stone,NO_LANGUAGE_EDITION_WITH_COVER
/books/OL21323931M,EN,PROMISING,5,Inside the Kremlin,Vladimir Sergeyevich Solovyov,NO_LANGUAGE_EDITION_WITH_COVER
/books/OL21363072M,EN,PROMISING,5,Operational remote sensing for sustainable development,M. M. Olenaar,NO_LANGUAGE_EDITION_WITH_COVER
/books/OL21377644M,EN,PROMISING,5,Léonard van Stiphout,Paul Panhuysen,NO_LANGUAGE_EDITION_WITH_COVER
/books/OL21391635M,EN,PROMISING,5,India's culture in motion,"Girish Karnad, Felix van Lamsweerde, Karel Werdler Urvasi Butalia",NO_MATCHING_WORK
/books/OL21479088M,EN,PROMISING,5,Instabili,"Celine, et al Baril",NO_LANGUAGE_EDITION_WITH_COVER
/books/OL21569787M,EN,PROMISING,5,Elementary mechanics of soil behavior,Jean Biarez | Pierre-Yves Hicher,NO_LANGUAGE_EDITION_WITH_COVER
/books/OL21661185M,EN,PROMISING,5,Photosynthetic unit and photosystems,R. Ball | Aloysius Wild | A. Wild,NO_LANGUAGE_EDITION_WITH_COVER
/books/OL21726605M,EN,PROMISING,5,Gran Café del centro,Alejandro Michelena,NO_LANGUAGE_EDITION_WITH_COVER
/books/OL21810548M,EN,PROMISING,5,The age of bifurcation,Ervin Laszlo,NO_LANGUAGE_EDITION_WITH_COVER
/books/OL2195053M,EN,STRONG,7,A vampire named Fred,Bill Crider,NO_LANGUAGE_EDITION_WITH_COVER
/books/OL22004696M,EN,PROMISING,5,Learners picture book word book,Alick Hartley,NO_LANGUAGE_EDITION_WITH_COVER
/books/OL22004847M,EN,PROMISING,5,Young people's understanding of society,Adrian Furnham,NO_LANGUAGE_EDITION_WITH_COVER
/books/OL22049939M,EN,PROMISING,5,Lay theories,Adrian Furnham,NO_LANGUAGE_EDITION_WITH_COVER
/books/OL22187986M,EN,PROMISING,5,Gestures,J. Schmitt,NO_LANGUAGE_EDITION_WITH_COVER
/books/OL22223897M,EN,PROMISING,5,"Philosophy, philology, and politics in eighteenth-century China",Jinxing Huang,NO_LANGUAGE_EDITION_WITH_COVER
/books/OL22333422M,EN,PROMISING,5,Social science,Peter North,NO_LANGUAGE_EDITION_WITH_COVER
/books/OL22386207M,EN,PROMISING,5,Colour dictionary,J. D. Bevington,NO_LANGUAGE_EDITION_WITH_COVER
/books/OL22399240M,EN,PROMISING,5,Korean literature in cultural context and comparative perspective,Dong-il Cho,NO_LANGUAGE_EDITION_WITH_COVER
/books/OL22414683M,EN,PROMISING,5,L' image complice,Marie-Josée Jean,NO_LANGUAGE_EDITION_WITH_COVER
/books/OL22452465M,EN,PROMISING,5,Research design,C. Hakim,NO_LANGUAGE_EDITION_WITH_COVER
/books/OL22455279M,EN,PROMISING,5,Drumming in the English civil wars,Michael Pfeil,NO_LANGUAGE_EDITION_WITH_COVER
/books/OL22474578M,EN,PROMISING,5,Modern art in Hong Kong,Petra Hinterthür,NO_LANGUAGE_EDITION_WITH_COVER
/books/OL22483106M,EN,PROMISING,5,"Métissages, dentelles, broderies, tapis, tapisseries dans les collections publiques","Jean-Francois, Preface de Canchy",NO_LANGUAGE_EDITION_WITH_COVER
/books/OL22491785M,EN,PROMISING,5,Present,Milette Raats,NO_LANGUAGE_EDITION_WITH_COVER
/books/OL22577928M,EN,PROMISING,5,Søren Kierkegaard and the word(s),Poul Houe and Gordon D. Marino,NO_LANGUAGE_EDITION_WITH_COVER
/books/OL22584628M,EN,PROMISING,5,Misuse of power,Alfred Thompson Denning,NO_LANGUAGE_EDITION_WITH_COVER
/books/OL22586713M,EN,PROMISING,5,I'm learning about abc,Bobbie Spargo,NO_LANGUAGE_EDITION_WITH_COVER
/books/OL22611251M,EN,PROMISING,5,A bestiary for Saint Jerome,Herbert Friedmann,NO_LANGUAGE_EDITION_WITH_COVER
/books/OL22646518M,EN,PROMISING,5,Millennium,"Gannett, Lewis.",NO_LANGUAGE_EDITION_WITH_COVER
/books/OL22759084M,EN,PROMISING,5,Cypriote antiquities in public collections in Denmark,Karin Nys,NO_LANGUAGE_EDITION_WITH_COVER
/books/OL22771592M,EN,PROMISING,5,Animals,Henry Moore,NO_LANGUAGE_EDITION_WITH_COVER
/books/OL22816981M,EN,PROMISING,5,Heroes.,Marvel Book Staff,NO_LANGUAGE_EDITION_WITH_COVER
/books/OL22859527M,EN,PROMISING,5,Sequoyah's talking leaves,Mary Dodson Wade,NO_LANGUAGE_EDITION_WITH_COVER
/books/OL22970979M,EN,PROMISING,5,The eagle in the chicken yard,Sonolux Asia,NO_LANGUAGE_EDITION_WITH_COVER
/books/OL22970984M,EN,PROMISING,5,The seed,Sonolux Asia,NO_LANGUAGE_EDITION_WITH_COVER
/books/OL23080377M,EN,PROMISING,5,The Tudors: thy will be done,Elizabeth Massie,NO_LANGUAGE_EDITION_WITH_COVER
/books/OL23088282M,EN,PROMISING,5,Textasy,Brody Neuenschwander,NO_LANGUAGE_EDITION_WITH_COVER
/books/OL23121573M,EN,PROMISING,5,Munchen. Stradtfuhrer fur Kinder.,Martina Gorgas,NO_LANGUAGE_EDITION_WITH_COVER
/books/OL23193099M,EN,STRONG,7,With Scott in the Antarctic,Isobel Williams,NO_LANGUAGE_EDITION_WITH_COVER
/books/OL23203411M,EN,PROMISING,5,An apprehensive aesthetic,Andrew McNamara,NO_LANGUAGE_EDITION_WITH_COVER
/books/OL2325507M,EN,PROMISING,5,The source of African philosophy,Claude Sumner,NO_LANGUAGE_EDITION_WITH_COVER
/books/OL23391966M,EN,PROMISING,5,First class,Gérard Piouffre,NO_LANGUAGE_EDITION_WITH_COVER
/books/OL23675134M,EN,PROMISING,5,Time as punishment,Ana Messuti,NO_LANGUAGE_EDITION_WITH_COVER
/books/OL2372740M,EN,STRONG,7,Where no man has gone before,John Peel,NO_LANGUAGE_EDITION_WITH_COVER
/books/OL2372741M,EN,STRONG,7,That which survives,John Peel,NO_LANGUAGE_EDITION_WITH_COVER
/books/OL2372745M,EN,STRONG,7,The animated voyages begin,John Peel,NO_LANGUAGE_EDITION_WITH_COVER
/books/OL2372746M,EN,STRONG,7,The Tholian web,John Peel,NO_LANGUAGE_EDITION_WITH_COVER
/books/OL2372747M,EN,STRONG,7,Doct or Who.,John Peel,NO_LANGUAGE_EDITION_WITH_COVER
/books/OL2372750M,EN,STRONG,7,Danger awaits,John Peel,NO_LANGUAGE_EDITION_WITH_COVER
/books/OL2372770M,EN,STRONG,7,The Fireball XL5 files,John Peel,NO_LANGUAGE_EDITION_WITH_COVER
/books/OL2372779M,EN,STRONG,7,The Gerry Anderson's Stingray files,John Peel,NO_LANGUAGE_EDITION_WITH_COVER
/books/OL2372794M,EN,STRONG,7,War of the robots,John Peel,NO_LANGUAGE_EDITION_WITH_COVER
/books/OL2372813M,EN,STRONG,7,Whom gods destroy,John Peel,NO_LANGUAGE_EDITION_WITH_COVER
/books/OL2378374M,EN,STRONG,7,"Milk, meat biscuits, and the terraqueous machine",Mary Dodson Wade,NO_LANGUAGE_EDITION_WITH_COVER
/books/OL2726857M,EN,STRONG,7,Return to tomorrow,John Peel,NO_LANGUAGE_EDITION_WITH_COVER
/books/OL2726940M,EN,STRONG,7,International rescue,John Peel,NO_LANGUAGE_EDITION_WITH_COVER
/books/OL2738689M,EN,STRONG,7,"Assignment, Earth",John Peel,NO_LANGUAGE_EDITION_WITH_COVER
/books/OL2738697M,EN,STRONG,7,The Enterprise incident,John Peel,NO_LANGUAGE_EDITION_WITH_COVER
/books/OL2739224M,EN,STRONG,7,Island in the sky,John Peel,NO_LANGUAGE_EDITION_WITH_COVER
/books/OL2775263M,EN,PROMISING,5,"Peter DeWint, 1784-1849",Peter DeWint,NO_VALID_PHYSICAL_COVER
/books/OL28848433M,EN,PROMISING,5,Peoples of the Plateau Area of Northern Nigeria,Harold D. Gunn,NO_LANGUAGE_EDITION_WITH_COVER
/books/OL28889035M,EN,PROMISING,5,"Marx, Lenin and the Science of Revolution",Max Eastman,NO_LANGUAGE_EDITION_WITH_COVER
/books/OL29054306M,EN,PROMISING,5,Polarized Development and Regional Policies,Antoni Kuklinski,NO_LANGUAGE_EDITION_WITH_COVER
/books/OL30855625M,EN,PROMISING,5,Namsadang nori,U-sŏng Sim | U-song Sim,NO_LANGUAGE_EDITION_WITH_COVER
/books/OL33365660M,EN,PROMISING,5,"Charities of London, 1480 - 1660",W. K. Jordan,NO_LANGUAGE_EDITION_WITH_COVER
/books/OL3342189M,EN,PROMISING,5,Arthur Omar,Arthur Omar,NO_VALID_PHYSICAL_COVER
/books/OL33426254M,EN,PROMISING,5,Death Dying and Beyond,Alok Pandey,NO_LANGUAGE_EDITION_WITH_COVER
/books/OL3355791M,EN,PROMISING,5,Witness in the storm,Wiranto,NO_LANGUAGE_EDITION_WITH_COVER
/books/OL33949950M,EN,PROMISING,5,People of Florence,Joseph Macleod,NO_LANGUAGE_EDITION_WITH_COVER
/books/OL339737M,EN,STRONG,7,Meanings in Turkish musical culture,Eugenia Popescu-Judetz,NO_LANGUAGE_EDITION_WITH_COVER
/books/OL341664M,EN,PROMISING,5,Kariba,"Martin, David",NO_LANGUAGE_EDITION_WITH_COVER
/books/OL341709M,EN,PROMISING,5,"The state, ideology, and education",Rugano Jonas Zvobgo,NO_LANGUAGE_EDITION_WITH_COVER
/books/OL3445059M,EN,PROMISING,5,"Language, the mass media, and democracy in Ghana",Kwesi Yankah,NO_LANGUAGE_EDITION_WITH_COVER
/books/OL3445467M,EN,PROMISING,5,Jaramogi Oginga Odinga,Ezekiel Alembi,NO_LANGUAGE_EDITION_WITH_COVER
/books/OL34653224M,EN,PROMISING,5,Northern Nilo-Hamites,G. W. B. Huntingford,NO_LANGUAGE_EDITION_WITH_COVER
/books/OL34655905M,EN,PROMISING,5,Essentials of Scientific Method,A. Wolf,NO_LANGUAGE_EDITION_WITH_COVER
/books/OL34785915M,EN,PROMISING,5,Private Collections of Russian Turkestan in the Second Half of the 19th and Early 20th Century,Svetlana Gorshenina,NO_LANGUAGE_EDITION_WITH_COVER
/books/OL35554508M,EN,PROMISING,5,Villa Hügel,Renate Köhne-Lindenlaub,NO_LANGUAGE_EDITION_WITH_COVER
/books/OL35837670M,EN,PROMISING,5,Nilotes of the Sudan and Uganda,Audrey Butt,NO_LANGUAGE_EDITION_WITH_COVER
/books/OL3609013M,EN,PROMISING,5,Igarassu,Ariano Suassuna,NO_LANGUAGE_EDITION_WITH_COVER
/books/OL3609037M,EN,PROMISING,5,Militão Augusto de Azevedo,Pedro Corrêa do Lago,NO_LANGUAGE_EDITION_WITH_COVER
/books/OL3614549M,EN,PROMISING,5,The golden cocoa pod,S. Y. Manu,NO_LANGUAGE_EDITION_WITH_COVER
/books/OL36265794M,EN,PROMISING,5,Crime and Psychology,Claud Mullins,NO_LANGUAGE_EDITION_WITH_COVER
/books/OL3645938M,EN,PROMISING,5,Bugs,Chris Madsen,NO_LANGUAGE_EDITION_WITH_COVER
/books/OL3721187M,EN,PROMISING,5,Villares 80 years,Ignácio de Loyola Brandão,NO_LANGUAGE_EDITION_WITH_COVER
/books/OL3738739M,EN,PROMISING,5,Just wait and see,Wahome Mutahi,NO_VALID_PHYSICAL_COVER
/books/OL3785521M,EN,STRONG,7,"Museum of Art, São Paulo",Museu de Arte de São Paulo Assis Chateaubriand.,NO_LANGUAGE_EDITION_WITH_COVER
/books/OL3978684M,EN,PROMISING,5,Coleção Aldo Franco,Jacob Klintowitz,NO_LANGUAGE_EDITION_WITH_COVER
/books/OL4113749M,EN,PROMISING,5,Latin America in English-language reference books,Richard Donovon Woods | Ann Hartness Graham | Ann Hartness,NO_LANGUAGE_EDITION_WITH_COVER
/books/OL4422188M,EN,STRONG,7,The Philippines: the land and people,Leticia V. Ramos-Shahani,NO_LANGUAGE_EDITION_WITH_COVER
/books/OL4543010M,EN,PROMISING,5,Towards a new epoch,Nikolaĭ Berdi͡aev,NO_LANGUAGE_EDITION_WITH_COVER
/books/OL458538M,EN,PROMISING,5,Jane Long's journey,Mary Dodson Wade,NO_LANGUAGE_EDITION_WITH_COVER
/books/OL46183227M,EN,PROMISING,5,City Centre Planning and Public Transport,Barry J. Simpson,NO_LANGUAGE_EDITION_WITH_COVER
/books/OL48210729M,EN,PROMISING,5,Sustainable Food Production and Ethics,Werner Zollitsch,NO_LANGUAGE_EDITION_WITH_COVER
/books/OL48212529M,EN,PROMISING,5,Property Rights after Market Liberalization Reforms,Ricardo Fort,NO_LANGUAGE_EDITION_WITH_COVER
/books/OL48214357M,EN,PROMISING,5,Strategic Alignment of Innovation to Business,Frances Fortuin,NO_LANGUAGE_EDITION_WITH_COVER
/books/OL48703967M,EN,PROMISING,5,Besatzer,Silke Satjukow,NO_LANGUAGE_EDITION_WITH_COVER
/books/OL48725319M,EN,PROMISING,5,Site-specific Art im Kirchenraum,Frank Hiddemann,NO_LANGUAGE_EDITION_WITH_COVER
/books/OL49765767M,EN,STRONG,7,Vilém Flusser,Gustavo Bernardo,NO_LANGUAGE_EDITION_WITH_COVER
/books/OL5017153M,EN,PROMISING,5,"Subject guide to statistics in the Presidential reports of the Brazilian provinces, 1830-1889",Ann Hartness,NO_LANGUAGE_EDITION_WITH_COVER
/books/OL5023283M,EN,PROMISING,5,The Irish flowerers.,Elizabeth Boyle,NO_LANGUAGE_EDITION_WITH_COVER
/books/OL51751943M,EN,PROMISING,5,Piano Shop on the Left Bank,T. E. Carhart,NO_LANGUAGE_EDITION_WITH_COVER
/books/OL528322M,EN,PROMISING,5,Bvumba,"Martin, David",NO_LANGUAGE_EDITION_WITH_COVER
/books/OL53954603M,EN,PROMISING,5,Labour's Wrongs and Labour's Remedy,John F. Bray,NO_LANGUAGE_EDITION_WITH_COVER
/books/OL54006261M,EN,PROMISING,5,Short History of British Colonial Policy,Hugh Edward Egerton,NO_LANGUAGE_EDITION_WITH_COVER
/books/OL57488939M,EN,PROMISING,5,Facts and artefacts in social science,Jürgen Kriz,NO_LANGUAGE_EDITION_WITH_COVER
/books/OL650897M,EN,PROMISING,5,A treasury of stories for a happy and meaningful life,Isidro D. Cariño,NO_LANGUAGE_EDITION_WITH_COVER
/books/OL663520M,EN,STRONG,7,"Snip, snip ... snow!",Nancy Poydar,NO_VALID_PHYSICAL_COVER
/books/OL7525986M,EN,PROMISING,5,The Mask of the Sun,Fred Saberhagen,NO_LANGUAGE_EDITION_WITH_COVER
/books/OL756557M,EN,PROMISING,5,Space jam,David Cody Weiss,NO_LANGUAGE_EDITION_WITH_COVER
/books/OL7572384M,EN,PROMISING,5,The Scottish Lord,Joan Wolf,NO_LANGUAGE_EDITION_WITH_COVER
/books/OL7572824M,EN,PROMISING,5,The Education of Lady Fr,Evelyn Richardson,NO_LANGUAGE_EDITION_WITH_COVER
/books/OL7573167M,EN,PROMISING,5,The Nabob's Ward,Evelyn Richardson,NO_LANGUAGE_EDITION_WITH_COVER
/books/OL7573173M,EN,PROMISING,5,A Perfect Performance,Emily Hendrickson,NO_LANGUAGE_EDITION_WITH_COVER
/books/OL7657409M,EN,PROMISING,5,My Lucky Lady,Casey Claybourne,NO_LANGUAGE_EDITION_WITH_COVER
/books/OL7667350M,EN,PROMISING,5,Gimme a Kiss/Starlight Crystal/Bury Me Deep/Last Vampire #04,Christopher Pike,NO_MATCHING_WORK
/books/OL773559M,EN,PROMISING,5,I'm going to California =,Mary Dodson Wade,NO_VALID_PHYSICAL_COVER
/books/OL7829006M,EN,STRONG,7,Princess of Thieves,Katherine O'Neal,NO_LANGUAGE_EDITION_WITH_COVER
/books/OL8476243M,EN,PROMISING,5,Plymouth,Chris Robinson,NO_LANGUAGE_EDITION_WITH_COVER
/books/OL8681739M,EN,PROMISING,5,Biofire,Ray Garton,NO_LANGUAGE_EDITION_WITH_COVER
/books/OL879926M,EN,PROMISING,5,I'm going to Texas =,Mary Dodson Wade,NO_LANGUAGE_EDITION_WITH_COVER
/books/OL10264694M,ES,PROMISING,5,Time (Como y Por Que),Gene Liberty,NO_LANGUAGE_EDITION_WITH_COVER
/books/OL1028093M,ES,WEAK,4,Kurusu ñe'ëngatu,Graciela Chamorro,NO_LANGUAGE_EDITION_WITH_COVER
/books/OL11496471M,ES,PROMISING,5,El Sol (El Tiempo De Aqui),Anita Ganeri,NO_MATCHING_WORK
/books/OL11496476M,ES,PROMISING,5,"El Viento (Ganeri, Anita, Weather Around You.)",Anita Ganeri,NO_VALID_PHYSICAL_COVER
/books/OL11496477M,ES,PROMISING,5,"La Lluvia (Ganeri, Anita, Weather Around You.)",Anita Ganeri,NO_VALID_PHYSICAL_COVER
/books/OL11496478M,ES,PROMISING,5,"La Nieve (Ganeri, Anita, Weather Around You.)",Anita Ganeri,NO_VALID_PHYSICAL_COVER
/books/OL1244746M,ES,STRONG,7,"Teatro uruguayo, 1808-1994",Walter Rela,NO_LANGUAGE_EDITION_WITH_COVER
/books/OL1244750M,ES,PROMISING,5,"Derechos humanos y dictadura terrista, 1933-1938",Rodolfo Porrini,NO_LANGUAGE_EDITION_WITH_COVER
/books/OL12660269M,ES,PROMISING,5,Puentes Sobre El Mundo,Dora Sales Salvador,NO_LANGUAGE_EDITION_WITH_COVER
/books/OL12660350M,ES,PROMISING,5,Memoire (S) De La Ville Dans Les Mondes Hispaniques Et Lusobresilien (Liminaires - Passages Interculturels Italo-Iberiques),Teresa Orecchia Havas,NO_LANGUAGE_EDITION_WITH_COVER
/books/OL12660455M,ES,PROMISING,5,Literatura Y Poder,Aleman Manuel Maldonado,NO_LANGUAGE_EDITION_WITH_COVER
/books/OL12660588M,ES,PROMISING,5,Du Roman-Feuilleton a la Serie Televisuelle,Danielle Aubry,NO_LANGUAGE_EDITION_WITH_COVER
/books/OL12805932M,ES,PROMISING,5,"Studia Patristica Vol. XV, 1 - Inaugural Lecture, Editiones, Critica, Biblica, Historica, Theologia, Philosophica, Liturgica",E. a. Livingstone,NO_LANGUAGE_EDITION_WITH_COVER
/books/OL12827404M,ES,PROMISING,5,"La Opcion por los Pobres, presentada sobre la base de los documentos de las Conferencias generales del Episcopado Latinoamericano de Medellin (1968), de Puebla (1979) y de Santo Domingo (1992)",Esteban Rojas,NO_LANGUAGE_EDITION_WITH_COVER
/books/OL12827596M,ES,PROMISING,5,Die Kluft Zwischen Kampf Und Kontemplation,Berthold Volberg,NO_LANGUAGE_EDITION_WITH_COVER
/books/OL12828165M,ES,PROMISING,5,Zur Ubersetzbarkeit Von Sprachkontaktphanomenen in Der Literatur,Kerstin Storl,NO_LANGUAGE_EDITION_WITH_COVER
/books/OL12828453M,ES,PROMISING,5,"LA Farsa Tragica En El Teatro De Ennio Flaiano (European University Studies, 9)",Milagro Martin Clavijo,NO_LANGUAGE_EDITION_WITH_COVER
/books/OL12828837M,ES,PROMISING,5,Estudios Linguisticos Hispanoamericanos,German De Granda,NO_LANGUAGE_EDITION_WITH_COVER
/books/OL12829060M,ES,PROMISING,5,Je Ne Me Lasse Point de Te Lire,Christel Schlindwein,NO_LANGUAGE_EDITION_WITH_COVER
/books/OL12829630M,ES,PROMISING,5,Kreativitat Und Wissenskunst,Gertrud Kamper,NO_LANGUAGE_EDITION_WITH_COVER
/books/OL12829662M,ES,PROMISING,5,Panoramica Del Teatro Español Y Latinoamericano Del Siglo XX,Klaus Portl,NO_LANGUAGE_EDITION_WITH_COVER
/books/OL12829758M,ES,PROMISING,5,"Religiose Kunst, Kunstreligion Und Die Uberwindung Der Sakularisierung",Nicole Heinkel,NO_LANGUAGE_EDITION_WITH_COVER
/books/OL12829939M,ES,PROMISING,5,Interdisziplinar Gepragte Symbolik in Der Visuellen Kommunikation,Dorothee Dahl,NO_LANGUAGE_EDITION_WITH_COVER
/books/OL12830713M,ES,PROMISING,5,Kunstorte,Jennifer Nigg,NO_LANGUAGE_EDITION_WITH_COVER
/books/OL12831025M,ES,PROMISING,5,Traduccion De Las Referencias Culturales En La Literatura Infantil Y Juvenil (Studien Zur Romanischen Sprachwissenschaft Und Interkulturellen Kommunikation),Wirnitzer Gisela Marcelo,NO_LANGUAGE_EDITION_WITH_COVER
/books/OL12831079M,ES,PROMISING,5,Skulptur ALS Feld,Julia K. Otto,NO_LANGUAGE_EDITION_WITH_COVER
/books/OL12951138M,ES,PROMISING,5,Catalogo artistico del Ministerio de Cultura y Educacion de la Nacion,Maria Elena Babino,NO_LANGUAGE_EDITION_WITH_COVER
/books/OL12954380M,ES,PROMISING,5,"Malvinas, Conspiracion Mortal",Mark J. P. Grant,NO_LANGUAGE_EDITION_WITH_COVER
/books/OL12954460M,ES,PROMISING,5,Verdades y Mentiras de La Ficcion,Daniel Dessein,NO_LANGUAGE_EDITION_WITH_COVER
/books/OL12954534M,ES,PROMISING,5,Teoria de Los Motores Termicos - Turbinas de Gas Compresores Sobrealimentacion,R. Martinez de Vedia,NO_LANGUAGE_EDITION_WITH_COVER
/books/OL12954991M,ES,PROMISING,5,Mascaras/Masks (Narrativas latinoamericanas),Ariel Dorfman,NO_LANGUAGE_EDITION_WITH_COVER
/books/OL12955281M,ES,PROMISING,5,La Novela De Urquiza (Historia),Daniel Larriqueta,NO_LANGUAGE_EDITION_WITH_COVER
/books/OL12955319M,ES,PROMISING,5,Maria de Las Islas,de Mendez Saenz,NO_LANGUAGE_EDITION_WITH_COVER
/books/OL12955589M,ES,PROMISING,5,"Condoresa, La",Josefina Cruz de Caprile,NO_LANGUAGE_EDITION_WITH_COVER
/books/OL12955621M,ES,PROMISING,5,El Corsario del Plata,Daniel Cichero,NO_LANGUAGE_EDITION_WITH_COVER
/books/OL12955761M,ES,PROMISING,5,Memorias de Antinoo - Memorias de Adriano Pack,Daniel Herrendorf,NO_LANGUAGE_EDITION_WITH_COVER
/books/OL12955879M,ES,PROMISING,5,Vieytes,Francisco N. Juarez,NO_LANGUAGE_EDITION_WITH_COVER
/books/OL12985881M,ES,PROMISING,5,"Leyes sociales, reglas sociales (Los Fundamentos de las ciencias del hombre)",Cecilia Hidalgo,NO_LANGUAGE_EDITION_WITH_COVER
/books/OL12986669M,ES,PROMISING,5,Argentina del Siglo 21,Rodolfo Terragno,NO_LANGUAGE_EDITION_WITH_COVER
/books/OL12989625M,ES,PROMISING,5,Manual Para Gobernantes,Daniel Larriqueta,NO_LANGUAGE_EDITION_WITH_COVER
/books/OL12989786M,ES,STRONG,7,La Rebelion De Los Conejos...,Ariel Dorfman,NO_LANGUAGE_EDITION_WITH_COVER
/books/OL12992349M,ES,PROMISING,5,Ensenar A Entender Lo Que Se Lee,Berta Braslavsky,NO_VALID_PHYSICAL_COVER
/books/OL12992365M,ES,PROMISING,5,Crear La Democracia,Dario Roldan,NO_LANGUAGE_EDITION_WITH_COVER
/books/OL12995216M,ES,PROMISING,5,Tangentina,Norberto Bermudez,NO_LANGUAGE_EDITION_WITH_COVER
/books/OL12995567M,ES,PROMISING,5,Museo de Arte Hispanoamericano I. F. Blanco,de Buenos Aires Gobierno,NO_LANGUAGE_EDITION_WITH_COVER
/books/OL12995572M,ES,PROMISING,5,Rogelio Polesello En El Museo Nacional de Bellas,Nacional de Bellas Artes Museo,NO_LANGUAGE_EDITION_WITH_COVER
/books/OL12995574M,ES,PROMISING,5,Pensando En El Arte,Osvaldo Lopez Chuhurra,NO_LANGUAGE_EDITION_WITH_COVER
/books/OL13001232M,ES,PROMISING,5,Derecho del Entretenimiento,Federico Pablo Vibes,NO_LANGUAGE_EDITION_WITH_COVER
/books/OL13001242M,ES,PROMISING,5,Culto del Poder En La Sociedad Global,Jorge Bolivar,NO_LANGUAGE_EDITION_WITH_COVER
/books/OL13002168M,ES,PROMISING,5,El Diseno Grafico Una Voz Publica,Maria Ledesma,NO_LANGUAGE_EDITION_WITH_COVER
/books/OL13002179M,ES,PROMISING,5,Diseo Grafico,Alejandro Ros,NO_LANGUAGE_EDITION_WITH_COVER
/books/OL13003210M,ES,PROMISING,5,Artistas Argentinos de Los '90,Luis F. Benedit,NO_LANGUAGE_EDITION_WITH_COVER
/books/OL13003242M,ES,PROMISING,5,Ideas Politicas En La Herencia Historica de,Ramon Genaro Diaz Bessone,NO_LANGUAGE_EDITION_WITH_COVER
/books/OL13003251M,ES,PROMISING,5,"Poder, El",Jorge Martinez Quiroga,NO_LANGUAGE_EDITION_WITH_COVER
/books/OL13003722M,ES,PROMISING,5,Arte y Patrimonio En Tucuman,Celia Teran,NO_LANGUAGE_EDITION_WITH_COVER
/books/OL13056935M,ES,PROMISING,5,La arquitectura de Luciano Kulczewski,Fernando Riquelme Sepulveda,NO_LANGUAGE_EDITION_WITH_COVER
/books/OL13057704M,ES,PROMISING,5,Criminalistica General,Ernesto Artigas Villarroel,NO_LANGUAGE_EDITION_WITH_COVER
/books/OL13057811M,ES,PROMISING,5,Cultura & Trabajo,Asociaci on Chilena de Seguridad,NO_LANGUAGE_EDITION_WITH_COVER
/books/OL13070864M,ES,PROMISING,5,Francisco Antonio Cano y Sus Discipulos,Catalina Perez Builes,NO_LANGUAGE_EDITION_WITH_COVER
/books/OL13071800M,ES,PROMISING,5,Artesanos y Disciplinas,Universidad de Los Andes,NO_LANGUAGE_EDITION_WITH_COVER
/books/OL13072182M,ES,PROMISING,5,El Efecto Mariposa,Carolina Ponce de Leon,NO_LANGUAGE_EDITION_WITH_COVER
/books/OL13072277M,ES,PROMISING,5,Los Salones Atenas En La Coleccion del Museo de Arte Moderno de Bogota,Museo de Arte Moderno,NO_LANGUAGE_EDITION_WITH_COVER
/books/OL13072310M,ES,PROMISING,5,"El problema del cambio en las concepciones epistemologica, pedagogicas y didacticas",Romulo Gallego Badillo M.E.,NO_LANGUAGE_EDITION_WITH_COVER
/books/OL13072462M,ES,PROMISING,5,Atlas de anatomia y salud corporal,Xavier Crespo | Nuria Curell | Jordi Curell,NO_LANGUAGE_EDITION_WITH_COVER
/books/OL13072660M,ES,PROMISING,5,La Piel de La Tierra,Hernan Burbano Orjuela,NO_LANGUAGE_EDITION_WITH_COVER
/books/OL13072857M,ES,PROMISING,5,Espiritu Creador,Fernando Guinard,NO_LANGUAGE_EDITION_WITH_COVER
/books/OL13115717M,ES,PROMISING,5,Matricula De Tributos O Codice Moctezuma,Maarten Ferdinand,NO_LANGUAGE_EDITION_WITH_COVER
/books/OL13117719M,ES,PROMISING,5,Historia regional de campeche / Regional History of Campeche (Perfil Socioeconomico / Socioeconomic Profile),Victoria Brocca Andrade | Victoria Conalep | Brocca,NO_LANGUAGE_EDITION_WITH_COVER
/books/OL13117878M,ES,STRONG,7,Quimica,Eduardo Minero,NO_LANGUAGE_EDITION_WITH_COVER
/books/OL13121104M,ES,PROMISING,5,ABC De LA Vida/the ABC's of Life,Octavio Colmenares Vargas | Colmenares Octavio,NO_LANGUAGE_EDITION_WITH_COVER
/books/OL13122739M,ES,PROMISING,5,Dolor Y Belleza (Artes Visuales),Monasterio Ortiz,NO_LANGUAGE_EDITION_WITH_COVER
/books/OL13122898M,ES,PROMISING,5,Artistas Plasticos: Huella entre Milenios,Eduardo de la Cerda,NO_LANGUAGE_EDITION_WITH_COVER
/books/OL13123868M,ES,PROMISING,5,Contribuciones a la Historia de La Ciencia En Bolivia,Academia Nacional de Ciencias de Bolivia,NO_LANGUAGE_EDITION_WITH_COVER
/books/OL13125184M,ES,PROMISING,5,De Los Efectos a Las Causas,Sergio F. Martinez,NO_LANGUAGE_EDITION_WITH_COVER
/books/OL13125456M,ES,PROMISING,5,"Estudio, Devocion Y Belleza",Eduardo Merlo Juarez,NO_VALID_PHYSICAL_COVER
/books/OL13127230M,ES,PROMISING,5,Arte y Cuerpo,Ana Maria Echeverri Correa,NO_LANGUAGE_EDITION_WITH_COVER
/books/OL13151107M,ES,PROMISING,5,"Directorio De Archivos, Fototecas Y Centros Especializados En Fotografia",Gabriela Gonzalez Reyes,NO_LANGUAGE_EDITION_WITH_COVER
/books/OL13151136M,ES,PROMISING,5,Museo De Arte Abstracto,manuel Felguerez,NO_VALID_PHYSICAL_COVER
/books/OL13151775M,ES,PROMISING,5,Aprender a Leer y a Escribir En Diferentes Lenguas y Realidades,Universidad De Guadalajara,NO_LANGUAGE_EDITION_WITH_COVER
/books/OL13151830M,ES,PROMISING,5,Material y Lo Inmaterial En El Arte-Diseño Contemporaneo,Francisco Perez Cortes,NO_LANGUAGE_EDITION_WITH_COVER
/books/OL13152117M,ES,PROMISING,5,Culturale 2003,Instituto Goethe M Exico,NO_LANGUAGE_EDITION_WITH_COVER
/books/OL13152131M,ES,PROMISING,5,Diseño E Iconografia Tlaxcala,Instituto Tlaxcalteca de La Cultura,NO_LANGUAGE_EDITION_WITH_COVER
/books/OL13152777M,ES,PROMISING,5,Introduccion a la Teoria Politica,Carina Gomez Frode,NO_LANGUAGE_EDITION_WITH_COVER
/books/OL13154478M,ES,PROMISING,5,Las Joyas de Zinacantepec,Delia A. Cosentino,NO_VALID_PHYSICAL_COVER
/books/OL13154593M,ES,PROMISING,5,Estampas Ferrocarrileras,Fernando Aguayo,NO_LANGUAGE_EDITION_WITH_COVER
/books/OL13156337M,ES,STRONG,7,La Coleccion Del Instituto Nacional De Bellas Artes/ the Collection of the National Institute of Fine Arts (Artes Visuales),Zavala Lozano,NO_LANGUAGE_EDITION_WITH_COVER
/books/OL13156475M,ES,PROMISING,5,La Ruta De Los Santuarios En Mexico,MEXICO,NO_LANGUAGE_EDITION_WITH_COVER
/books/OL13166432M,ES,PROMISING,5,Hiroshima noto,Alirio Rodriguez,NO_LANGUAGE_EDITION_WITH_COVER
/books/OL13166694M,ES,PROMISING,5,Religion y Ciencia en Armonia,D. Malaet,NO_LANGUAGE_EDITION_WITH_COVER
/books/OL13186863M,ES,PROMISING,5,"Rato, Los 1795-2002 (Biografia-Memo)",Ramon Tijeras Cozar,NO_LANGUAGE_EDITION_WITH_COVER
/books/OL13192437M,ES,PROMISING,5,Breve Historia De La Ciencia Española,Leoncio Lopez-ocon,NO_LANGUAGE_EDITION_WITH_COVER
/books/OL13192870M,ES,PROMISING,5,Arquitectura y Mecenazgo,Rosario Diez del Corral Garnica,NO_LANGUAGE_EDITION_WITH_COVER
/books/OL13193334M,ES,PROMISING,5,El Casamiento Enganoso Y El Coloquio De Los Perros (Biblioteca Didactica Anaya),Miguel de Cervantes Saavedra,NO_LANGUAGE_EDITION_WITH_COVER
/books/OL13194700M,ES,PROMISING,5,Iconografia Prehispanica de Jujuy,Alicia A. Fernandez Distel,NO_LANGUAGE_EDITION_WITH_COVER
/books/OL13197179M,ES,PROMISING,5,Razon y Modernidad,Alejandro Blanco,NO_LANGUAGE_EDITION_WITH_COVER
/books/OL13197573M,ES,PROMISING,5,Arquitectura Para El Arte =,Juana Costantini,NO_LANGUAGE_EDITION_WITH_COVER
/books/OL13197889M,ES,PROMISING,5,Arte y Documento: Fundacion Espigas 1993-2003 = Art and Document,Eduardo F. Costantini Fundacion,NO_LANGUAGE_EDITION_WITH_COVER
/books/OL13198017M,ES,PROMISING,5,Roger Mantegani,Roger Mantegani,NO_LANGUAGE_EDITION_WITH_COVER
/books/OL13198152M,ES,PROMISING,5,Tesoros Precolombinos del Noroeste Argentino,Matteo Goretti,NO_VALID_PHYSICAL_COVER
/books/OL13198192M,ES,PROMISING,5,La Sociedad de Los Artistas,Museo Municipal de Bellas Artes,NO_LANGUAGE_EDITION_WITH_COVER
/books/OL13198295M,ES,PROMISING,5,La Ciudad Revelada,Maria Ines Saavedra,NO_LANGUAGE_EDITION_WITH_COVER
/books/OL13199072M,ES,STRONG,7,"Carilo, Una Pasion Con Historia",Teresa Guerrero,NO_LANGUAGE_EDITION_WITH_COVER
/books/OL13199154M,ES,PROMISING,5,Aproximacion a la Historia del Arte Argentino,Eduardo Diaz Hermelo,NO_LANGUAGE_EDITION_WITH_COVER
/books/OL13199660M,ES,PROMISING,5,M.A.C.,Universidad Nacional del Litoral,NO_VALID_PHYSICAL_COVER
/books/OL13199784M,ES,PROMISING,5,El Drama & La Nostalgia,Arnoldo Siperman,NO_LANGUAGE_EDITION_WITH_COVER
/books/OL13200508M,ES,PROMISING,5,El Sitio de La Mirada,Eduardo Gruner,NO_LANGUAGE_EDITION_WITH_COVER
/books/OL13200840M,ES,PROMISING,5,Regalos En Goma Eva (Practideas),Luis Muchut,NO_VALID_PHYSICAL_COVER
/books/OL13204945M,ES,PROMISING,5,Golosinas Argentinas,Erica Rubinstein,NO_VALID_PHYSICAL_COVER
/books/OL13206410M,ES,PROMISING,5,Cultura La Aguada - Arqueologia y Diseos,Alberto Rex Gonzalez,NO_LANGUAGE_EDITION_WITH_COVER
/books/OL13206588M,ES,PROMISING,5,Arte Trascendental Argentino,Rosa Faccaro,NO_LANGUAGE_EDITION_WITH_COVER
/books/OL13206607M,ES,PROMISING,5,Guia Para Invertir Mercado de Arte Contemporaneo,Claudio Golonbek,NO_LANGUAGE_EDITION_WITH_COVER
/books/OL13206927M,ES,PROMISING,5,Bop Sinclair,Hugo Monzon,NO_LANGUAGE_EDITION_WITH_COVER
/books/OL13219965M,ES,PROMISING,5,El Futuro Es UN Pais Tranquilo (Espasa Forum),Jose M. Sanchez Ron,NO_LANGUAGE_EDITION_WITH_COVER
/books/OL13221600M,ES,PROMISING,5,La Democracia Real,Juan Pablo Maanueco,NO_LANGUAGE_EDITION_WITH_COVER
/books/OL13222220M,ES,PROMISING,5,Historia del Arte - 2 Tomos,J. J. Martin Gonzalez,NO_LANGUAGE_EDITION_WITH_COVER
/books/OL13222865M,ES,STRONG,7,del Diseno,Yves Zimmermann,NO_LANGUAGE_EDITION_WITH_COVER
/books/OL13231383M,ES,PROMISING,5,Contra El Pensamiento Unico (Pensamiento),J. Estefania,NO_LANGUAGE_EDITION_WITH_COVER
/books/OL13231676M,ES,PROMISING,5,Fundamentos de Filosofia Politica,Pablo Badillo O'farrell,NO_LANGUAGE_EDITION_WITH_COVER
/books/OL13232037M,ES,PROMISING,5,Antologia De Textos Politicos Contemporaneos,Juan J. De Lucio Fernandez,NO_LANGUAGE_EDITION_WITH_COVER
/books/OL13233010M,ES,PROMISING,5,Curso de Fotografia En 9 Lecciones,Andrea Rossi | Emanuela Rossi,NO_LANGUAGE_EDITION_WITH_COVER
/books/OL13237530M,ES,PROMISING,5,Integracion de Los Metodos Cuantitativo y Cualitativo En La Investigacion Social,Eduardo Bericat,NO_LANGUAGE_EDITION_WITH_COVER
/books/OL13237762M,ES,PROMISING,5,Manual de Arte Prehistorico,Jose Luis Sanchidrian Torti,NO_LANGUAGE_EDITION_WITH_COVER
/books/OL13239824M,ES,PROMISING,5,El Mundo Tan Bello Como Es,Joaquin Lomba,NO_LANGUAGE_EDITION_WITH_COVER
/books/OL13240998M,ES,PROMISING,5,Cien A~nos de Educacion En España,Pedro F. Alvarez Lazaro,NO_LANGUAGE_EDITION_WITH_COVER
/books/OL13241011M,ES,PROMISING,5,La Coleccion Varez Fisa En El Museo Arqueologico Nacional,Paloma Cabrera Bonet,NO_LANGUAGE_EDITION_WITH_COVER
/books/OL13241014M,ES,PROMISING,5,Dioses y Demonios: Manifestaciones de La Religiosidad Popular En America del Sur,Ana Azor Lacasta,NO_LANGUAGE_EDITION_WITH_COVER
/books/OL13241015M,ES,PROMISING,5,"Catalogo de Estampas Valencianas del Museo Nacional de Ceramica y Artes Suntuarias ""Gonzalez Marti""",Isabel Perales del Rio,NO_MATCHING_WORK
/books/OL13266640M,ES,PROMISING,5,D.quijote De La Mancha-(herrero),Miguel de Cervantes Saavedra,NO_LANGUAGE_EDITION_WITH_COVER
/books/OL13269315M,ES,PROMISING,5,Isis Y Osiris (Para Descubrir a Los Clasicos),Beatrice Bottet,NO_LANGUAGE_EDITION_WITH_COVER
/books/OL13269386M,ES,PROMISING,5,Filosofia de La Mente y de La Ciencia Cognitiva,Jose Hierro Sanchez Pescador,NO_LANGUAGE_EDITION_WITH_COVER
/books/OL13276395M,ES,PROMISING,5,Historia de La Ciencia,Javier Ordoonez,NO_LANGUAGE_EDITION_WITH_COVER
/books/OL13277084M,ES,PROMISING,5,La Impaciencia de La Libertad (Coleccion Razon y Sociedad),Pablo Lopez Alvarez,NO_LANGUAGE_EDITION_WITH_COVER
/books/OL13278272M,ES,PROMISING,5,Simulacion de Modelos Estadisticos En Ciencias Sociales (Cuadernos de Estadistica),Javier Revuelta,NO_LANGUAGE_EDITION_WITH_COVER
/books/OL13314259M,ES,PROMISING,5,La oposicion parlamentaria (Serie IV),Angel J Sanchez Navarro,NO_LANGUAGE_EDITION_WITH_COVER
/books/OL13325503M,ES,PROMISING,5,Escritos Morales y Politicos,Sabino Fernandez Campo,NO_LANGUAGE_EDITION_WITH_COVER
/books/OL13325563M,ES,PROMISING,5,Ser De Izquierdas,Eduardo Harco-Tecglen,NO_LANGUAGE_EDITION_WITH_COVER
/books/OL13325632M,ES,PROMISING,5,Ser de Derechas Ser de Derechas,German Yanke,NO_LANGUAGE_EDITION_WITH_COVER
/books/OL13329871M,ES,PROMISING,5,La construccion de una elite local,Academia Alfonso X el Sabio,NO_LANGUAGE_EDITION_WITH_COVER
/books/OL13353567M,ES,PROMISING,5,"Diccionario Terminologico de Informatica, Electronica y Telecomunicaciones (Verba Diccionarios)",Emilio-German Muuniz Castro,NO_LANGUAGE_EDITION_WITH_COVER
/books/OL13354624M,ES,PROMISING,5,Valor de La Ciencia,Salvador Lopez Arnal,NO_LANGUAGE_EDITION_WITH_COVER
/books/OL13354759M,ES,PROMISING,5,Una Corte En Construccion,David Alonso Garcia,NO_LANGUAGE_EDITION_WITH_COVER
/books/OL13355467M,ES,PROMISING,5,Liberalismo y Romanticismo En Tiempos de Isabel II,Museo Arqueol Ogico Nacional,NO_LANGUAGE_EDITION_WITH_COVER
/books/OL13361312M,ES,PROMISING,5,Filosofía de la ciencia,Antonio Diéguez,NO_LANGUAGE_EDITION_WITH_COVER
/books/OL13362572M,ES,PROMISING,5,Historia de La Ciencia a la Catalunya Moderna (Biblioteca D'Historia de Catalunya),Santiago Riera I. Tuebols,NO_LANGUAGE_EDITION_WITH_COVER
/books/OL13428849M,ES,PROMISING,5,"L'edizione Del Testo Scientifico D'eta Moderna, Atti Del Seminario Di Studi (Scandiano, 12-13 Ottobre 2001)",Antonio Vallisneri,NO_LANGUAGE_EDITION_WITH_COVER
/books/OL141576M,ES,PROMISING,5,El año del León,Antonio Mercader,NO_LANGUAGE_EDITION_WITH_COVER
/books/OL142483M,ES,PROMISING,5,Adiós Montevideo,Jorge León Otero,NO_LANGUAGE_EDITION_WITH_COVER
/books/OL142507M,ES,PROMISING,5,Una mirada a nuestro pasado musical,Beatriz Figares,NO_LANGUAGE_EDITION_WITH_COVER
/books/OL142510M,ES,PROMISING,5,Sin disfraz,Guillermo Lamolle,NO_LANGUAGE_EDITION_WITH_COVER
/books/OL142514M,ES,PROMISING,5,Desde abajo,Rodolfo Porrini,NO_LANGUAGE_EDITION_WITH_COVER
/books/OL142527M,ES,PROMISING,5,El manuscrito de 1772,Walter Rela,NO_LANGUAGE_EDITION_WITH_COVER
/books/OL142548M,ES,PROMISING,5,"El Quebracho, 1886",Félix Montaldo Ferrari,NO_LANGUAGE_EDITION_WITH_COVER
/books/OL142553M,ES,PROMISING,5,Pueblos y culturas aborígenes del Uruguay,Angel J. Zanón,NO_LANGUAGE_EDITION_WITH_COVER
/books/OL144011M,ES,PROMISING,5,Un barrio con tradición teatral,Eduardo Vener,NO_LANGUAGE_EDITION_WITH_COVER
/books/OL14799039M,ES,PROMISING,5,Mente y sociedad,Mario Bunge,NO_LANGUAGE_EDITION_WITH_COVER
/books/OL15374977M,ES,PROMISING,5,La belle époque chilena,Manuel Vicuña Urrutía,NO_LANGUAGE_EDITION_WITH_COVER
/books/OL15498030M,ES,PROMISING,5,"Enseñar historia, geografía y arte",Inmaculada González,NO_LANGUAGE_EDITION_WITH_COVER
/books/OL15524281M,ES,PROMISING,5,Identidades lingüísticas en la España autonómica,Jornadas Hispánicas (1997 Universität Zürich),NO_LANGUAGE_EDITION_WITH_COVER
/books/OL16061478M,ES,PROMISING,5,Las Américas y sus pueblos,Aurelio Pérez Martínez,NO_LANGUAGE_EDITION_WITH_COVER
/books/OL16246685M,ES,PROMISING,5,"Características, dinámicas y condiciones de emergencia de las pandillas en Bototá",Leandro Ramos,NO_LANGUAGE_EDITION_WITH_COVER
/books/OL16253218M,ES,PROMISING,5,Reflexiones sobre el poder,Alberto Barrena García,NO_LANGUAGE_EDITION_WITH_COVER
/books/OL16258169M,ES,PROMISING,5,Las dos caras de la libertad de expresión en Chile,Walter Krohne,NO_LANGUAGE_EDITION_WITH_COVER
/books/OL16275898M,ES,PROMISING,5,"El ejército, las armas y la guerra en el lenguaje coloquial",Juan José Alvarez Díaz,NO_LANGUAGE_EDITION_WITH_COVER
/books/OL16280452M,ES,PROMISING,5,Reconsideraciones sobre el pensamiento político de Santo Tomás de Aquino,Jorge Martínez Barrera,NO_LANGUAGE_EDITION_WITH_COVER
/books/OL16292766M,ES,PROMISING,5,Hegemonía y emancipación,Susana Neuhaus,NO_LANGUAGE_EDITION_WITH_COVER
/books/OL16293917M,ES,PROMISING,5,Apuntes de espiritualidad ignaciana,Federico Arvesú,NO_LANGUAGE_EDITION_WITH_COVER
/books/OL16298194M,ES,PROMISING,5,La colorida gratitud de México,Cecilia Cortina Campero,NO_LANGUAGE_EDITION_WITH_COVER
/books/OL16298365M,ES,PROMISING,5,Identidad e integración intercultural,"Stipendienwerk Lateinamerika-Deutschland. Jornadas Internacionales del ICALA | Jornadas Internacionales Interdisciplinarias (4th 1999 Río Cuarto, Argentina)",NO_LANGUAGE_EDITION_WITH_COVER
/books/OL16306022M,ES,PROMISING,5,"Octubre, el lado oscuro de la luna",Rafael Bautista S.,NO_LANGUAGE_EDITION_WITH_COVER
/books/OL16312054M,ES,PROMISING,5,Las ciencias sociales y el proceso político puertorriqueño,José Luís Méndez,NO_LANGUAGE_EDITION_WITH_COVER
/books/OL16313678M,ES,PROMISING,5,La gran ilusión,Adolfo Castells,NO_LANGUAGE_EDITION_WITH_COVER
/books/OL16323320M,ES,PROMISING,5,Poder y género en la narrativa de Rosa Montero,Haydée Ahumada Peña,NO_LANGUAGE_EDITION_WITH_COVER
/books/OL16387418M,ES,PROMISING,5,Getting over,Andrea Juan,NO_LANGUAGE_EDITION_WITH_COVER
/books/OL16400424M,ES,PROMISING,5,Las ataduras de la libertad,Liliana María López Lopera,NO_LANGUAGE_EDITION_WITH_COVER
/books/OL16423217M,ES,PROMISING,5,"Conflicto armado, Medellín-Colombia","Encuentro Internacional sobre el Conflicto Armado en Medellín, Colombia (2004 Medellín, Colombia)",NO_LANGUAGE_EDITION_WITH_COVER
/books/OL1645841M,ES,PROMISING,5,Figuras de la letra,Alberto Paredes,NO_LANGUAGE_EDITION_WITH_COVER
/books/OL16470432M,ES,PROMISING,5,Caciquismo y orden público en Michoacán,Enrique Guerra Manzo,NO_LANGUAGE_EDITION_WITH_COVER
/books/OL16505875M,ES,PROMISING,5,soldado gentílhombre,Raffaele Puddu,NO_LANGUAGE_EDITION_WITH_COVER
/books/OL16592081M,ES,PROMISING,5,Poder y democracia alternativa,Héctor Ceballos Garibay,NO_LANGUAGE_EDITION_WITH_COVER
/books/OL16602568M,ES,PROMISING,5,Ciencia y tecnología en el Nuevo Mundo,Elias Trabulse,NO_LANGUAGE_EDITION_WITH_COVER
/books/OL16652521M,ES,PROMISING,5,Vida y muerte del teatro náhuatl,María Sten,NO_LANGUAGE_EDITION_WITH_COVER
/books/OL16654638M,ES,PROMISING,5,Evaluación de proyectos sociales,Ernesto Cohen,NO_LANGUAGE_EDITION_WITH_COVER
/books/OL16732508M,ES,PROMISING,5,Paranoiaimara,Oscar Olmedo Llanos,NO_LANGUAGE_EDITION_WITH_COVER
/books/OL16780882M,ES,PROMISING,5,"Ser ""moderno"" en San Miguel Totonicapán",Fabián Marcelo Zamora Mejía,NO_LANGUAGE_EDITION_WITH_COVER
/books/OL16867914M,ES,PROMISING,5,"Charrúas, pampas y serranos, chanáes y guaraníes",Diego Bracco,NO_LANGUAGE_EDITION_WITH_COVER
/books/OL16884357M,ES,PROMISING,5,La evaluación de la actividad científica en ciencias sociales y humanidades,"Taller Metodológico ""Indicadores para la Evaluación de la Actividad de Investigación en Ciencias Sociales y Humanidades"" (2005 San Sebastián, Spain)",NO_LANGUAGE_EDITION_WITH_COVER
/books/OL16908060M,ES,PROMISING,5,"Resistencia indígena, poder local y desarrollo agropecuario en los Andes",Ramiro Fernández Quisbert,NO_LANGUAGE_EDITION_WITH_COVER
/books/OL16956416M,ES,PROMISING,5,Ascenso de una casa asturiana,Juan Díaz Alvarez,NO_LANGUAGE_EDITION_WITH_COVER
/books/OL17022632M,ES,PROMISING,5,La información en ciencias sociales,Gloria Carrizo Sainero,NO_LANGUAGE_EDITION_WITH_COVER
/books/OL17023207M,ES,PROMISING,5,Cultura de elites y cultura popular en Occidente (Edades Media y Moderna),"Jornadas de Estudios Históricos sobre Cultura, Educación y Sociedad en Europa y América (1st 1999 Bilbao, Spain).",NO_LANGUAGE_EDITION_WITH_COVER
/books/OL17062861M,ES,PROMISING,5,Del poder y su desgaste,Alfonso Barquín Cendejas,NO_LANGUAGE_EDITION_WITH_COVER
/books/OL17071653M,ES,PROMISING,5,Las ciencias sociales y las humanidades en los sistemas de innovación,"Simposio Internacional El Lugar de las Ciencias Sociales y las Humanidades en los Sistemas de Innovación (2005 San Sebastián, Spain)",NO_LANGUAGE_EDITION_WITH_COVER
/books/OL17185006M,ES,PROMISING,5,De poder a poder,Humberto Campodpnico,NO_LANGUAGE_EDITION_WITH_COVER
/books/OL17442313M,ES,PROMISING,5,Ciencia pública-ciencia privada,Jesús P. Zamora Bonilla,NO_LANGUAGE_EDITION_WITH_COVER
/books/OL17937098M,ES,PROMISING,5,El árbitro arbitrario,Leiser Madanes,NO_LANGUAGE_EDITION_WITH_COVER
/books/OL18063004M,ES,PROMISING,5,La congoja del estudioso,César A. Vapnarsky,NO_LANGUAGE_EDITION_WITH_COVER
/books/OL18073507M,ES,PROMISING,5,Arte y naturaleza,Horacio Anzorena,NO_LANGUAGE_EDITION_WITH_COVER
/books/OL18394939M,ES,PROMISING,5,"Entrevistas, 1974-1991",José Aricó,NO_LANGUAGE_EDITION_WITH_COVER
/books/OL18512269M,ES,PROMISING,5,corte en construcción,David Alonso García,NO_LANGUAGE_EDITION_WITH_COVER
/books/OL19132893M,ES,PROMISING,5,Las redes del poder,Luis A. Ramírez Carrillo,NO_LANGUAGE_EDITION_WITH_COVER
/books/OL19352587M,ES,PROMISING,5,"Teología, experiencia, educación",José Morales,NO_LANGUAGE_EDITION_WITH_COVER
/books/OL19376304M,ES,PROMISING,5,Pórtico a la ciencia y a la técnica del Renacimiento,Universidad De Salamanca. Centro De Investigaciones Lingüísticas,NO_LANGUAGE_EDITION_WITH_COVER
/books/OL19384467M,ES,PROMISING,5,Tratado de re militari,Diego de Salazar,NO_LANGUAGE_EDITION_WITH_COVER
/books/OL19436900M,ES,PROMISING,5,Boda Mexicana.,Sandra Sabanero,NO_LANGUAGE_EDITION_WITH_COVER
/books/OL19445639M,ES,PROMISING,5,La mirada en el umbral,Claudio Mangifesta,NO_LANGUAGE_EDITION_WITH_COVER
/books/OL19481922M,ES,PROMISING,5,Antología de Montevideo,Alejandro Michelena,NO_LANGUAGE_EDITION_WITH_COVER
/books/OL19551943M,ES,PROMISING,5,Aproximación a la cultura literaria y científica de los aborígenes americanos,Tomás Enrique Carrillo Batalla,NO_LANGUAGE_EDITION_WITH_COVER
/books/OL19591071M,ES,PROMISING,5,El teatro barroco,Javier Aparicio Maydeu,NO_LANGUAGE_EDITION_WITH_COVER
/books/OL19760239M,ES,PROMISING,5,"Arte, política y pensamiento crítico",Juan Carlos Romero,NO_LANGUAGE_EDITION_WITH_COVER
/books/OL20097006M,ES,PROMISING,5,Personerío,José de la Colina,NO_LANGUAGE_EDITION_WITH_COVER
/books/OL20249660M,ES,PROMISING,5,"Montevideo, la ciudad secreta",Alejandro Michelena,NO_LANGUAGE_EDITION_WITH_COVER
/books/OL20257040M,ES,PROMISING,5,"Yo, Malinche",Reiner Kornberger | Julio Ardila,NO_LANGUAGE_EDITION_WITH_COVER
/books/OL20336594M,ES,PROMISING,5,Cidade dos artistas,Raquel Paiva,NO_LANGUAGE_EDITION_WITH_COVER
/books/OL20514379M,ES,PROMISING,5,Cerámica raku,Alejandra Jones | Ana Maria Divito,NO_VALID_PHYSICAL_COVER
/books/OL20768809M,ES,PROMISING,5,"Colonia del Sacramento, 1678-1778",Walter Rela,NO_LANGUAGE_EDITION_WITH_COVER
/books/OL20811322M,ES,PROMISING,5,La Camera di commercio italiana di Montevideo,Alcides Beretta Curi,NO_LANGUAGE_EDITION_WITH_COVER
/books/OL21307214M,ES,PROMISING,5,"La libertad, la autoridad y el poder en el pensamiento filosófico de José Ortega y Gasset",Juan Federico Arriola,NO_LANGUAGE_EDITION_WITH_COVER
/books/OL21420941M,ES,PROMISING,5,Colonia del Sacramento,Walter Rela,NO_LANGUAGE_EDITION_WITH_COVER
/books/OL21434751M,ES,PROMISING,5,Crisis hegemónicas en tiempos imperiales,Emir Sader,NO_LANGUAGE_EDITION_WITH_COVER
/books/OL21514881M,ES,PROMISING,5,Verdad escatológica y acción intramundana,Carlos Augusto Casanova Guerra,NO_LANGUAGE_EDITION_WITH_COVER
/books/OL21662429M,ES,PROMISING,5,Maestros argentinos,Diana Aisenberg,NO_LANGUAGE_EDITION_WITH_COVER
/books/OL21706080M,ES,PROMISING,5,"Medio siglo de poesía brasileña, 1922-1972",Walter Rela,NO_LANGUAGE_EDITION_WITH_COVER
/books/OL21761660M,ES,PROMISING,5,Intelectuales y anticomunismo,Kristine Vanden Berghe,NO_LANGUAGE_EDITION_WITH_COVER
/books/OL21937562M,ES,PROMISING,5,Las clases privilegiadas en la España del antiguo régimen,Antonio Domínguez Ortiz,NO_LANGUAGE_EDITION_WITH_COVER
/books/OL22105050M,ES,PROMISING,5,Del diseño,Yves Zimmermann,NO_LANGUAGE_EDITION_WITH_COVER
/books/OL22336875M,ES,PROMISING,5,Perspectivas feministas en teoría política,Carme Castells,NO_LANGUAGE_EDITION_WITH_COVER
/books/OL22343809M,ES,PROMISING,5,Víctor Magariños D.,Victor Magariinos D.,NO_LANGUAGE_EDITION_WITH_COVER
/books/OL22510038M,ES,PROMISING,5,Música popular brasileña,Nelson Motta,NO_LANGUAGE_EDITION_WITH_COVER
/books/OL22534838M,ES,PROMISING,5,"Francisco Ayala, 1927-1936",Gabriel Guillén Kalle,NO_LANGUAGE_EDITION_WITH_COVER
/books/OL22544885M,ES,PROMISING,5,Escenarios de la cultura científica Argentina,Gustavo Vallejo,NO_LANGUAGE_EDITION_WITH_COVER
/books/OL22556352M,ES,PROMISING,5,La exclusión de responsabilidad de los intermediarios en internet,Miquel Peguera Poch,NO_LANGUAGE_EDITION_WITH_COVER
/books/OL22570261M,ES,PROMISING,5,Diccionario de la cultura uruguaya,Miguel Angel Campodónico,NO_LANGUAGE_EDITION_WITH_COVER
/books/OL22570270M,ES,PROMISING,5,Gran ensayo sobre Baudelaire,Felipe Polleri Sierra,NO_LANGUAGE_EDITION_WITH_COVER
/books/OL22572895M,ES,PROMISING,5,Apuntes para una historia de la Morel,Lidia Castellini,NO_LANGUAGE_EDITION_WITH_COVER
/books/OL22628384M,ES,STRONG,7,Einstein en España,Jose M. Sanchez Ron,NO_LANGUAGE_EDITION_WITH_COVER
/books/OL22628426M,ES,PROMISING,5,Coordenadas de arte contemporáneo,Centro Wifredo Lam,NO_LANGUAGE_EDITION_WITH_COVER
/books/OL22682238M,ES,PROMISING,5,Cautivas,Gabriela Saidon,NO_LANGUAGE_EDITION_WITH_COVER
/books/OL22697229M,ES,STRONG,7,Escrituras visionarias,Luis Bravo,NO_LANGUAGE_EDITION_WITH_COVER
/books/OL22906501M,ES,PROMISING,5,Diccionario de política,Matteucci Bobbio,NO_LANGUAGE_EDITION_WITH_COVER
/books/OL22975704M,ES,PROMISING,5,Los secretos de Romina Lucas,Ercole Lissardi,NO_LANGUAGE_EDITION_WITH_COVER
/books/OL22993844M,ES,PROMISING,5,Decorar huevos y piedras,Chiara Ratti,NO_LANGUAGE_EDITION_WITH_COVER
/books/OL23006405M,ES,PROMISING,5,Hacia una liberación del cautiverio del consenso,Roberto O. Maldonado Nieves,NO_LANGUAGE_EDITION_WITH_COVER
/books/OL23023936M,ES,PROMISING,5,Cultura tecnológica.,Mariana Isolve,NO_LANGUAGE_EDITION_WITH_COVER
/books/OL23033402M,ES,PROMISING,5,Sistemas de información geográfica y medio ambiente,Manuel Arcila Garrido,NO_LANGUAGE_EDITION_WITH_COVER
/books/OL23047875M,ES,PROMISING,5,La ciencia y la tecnología en la sociedad del conocimiento,León Olivé,NO_LANGUAGE_EDITION_WITH_COVER
/books/OL23153430M,ES,PROMISING,5,Magos de las palabras y de las formas,Alejandro Michelena,NO_LANGUAGE_EDITION_WITH_COVER
/books/OL23204434M,ES,PROMISING,5,Documentos constitucionales de Chile 1811-1833,Alan Bronfman,NO_MATCHING_WORK
/books/OL23394140M,ES,STRONG,7,"Universidad, ciencia y tecnología para el desarrollo","Seminario Internacional de Investigación Científica (1st 2007 Lima, Peru)",NO_LANGUAGE_EDITION_WITH_COVER
/books/OL23606051M,ES,PROMISING,5,Las ciencias sociales y el malestar en los valores,Willington Paredes,NO_LANGUAGE_EDITION_WITH_COVER
/books/OL23619271M,ES,PROMISING,5,"Fe, arte y cultura",Tex.) Museo Casa Estudio Diego Rivera y Frida Kahlo; Mexic-Arte Museum (Austin,NO_LANGUAGE_EDITION_WITH_COVER
/books/OL23682401M,ES,PROMISING,5,El retorno de las brujas,Norma Blazquez Graf,NO_LANGUAGE_EDITION_WITH_COVER
/books/OL24290080M,ES,STRONG,7,Guerra biologica y bioterrorismo,Martin Lema,NO_LANGUAGE_EDITION_WITH_COVER
/books/OL317988M,ES,PROMISING,5,El imperio de la voluntad,Alcides Beretta Curi,NO_LANGUAGE_EDITION_WITH_COVER
/books/OL319276M,ES,PROMISING,5,"Cronología comparada de la historia del Uruguay, 1830-1985",Roque Faraone,NO_LANGUAGE_EDITION_WITH_COVER
/books/OL32198700M,ES,STRONG,7,La bella jardinera,Antonia Michaelis,NO_MATCHING_WORK
/books/OL3343170M,ES,PROMISING,5,La memoria invencible,Gonzalo Abella,NO_LANGUAGE_EDITION_WITH_COVER
/books/OL3446666M,ES,PROMISING,5,Qué pasó en el 73,Ricardo Rocha Imaz,NO_LANGUAGE_EDITION_WITH_COVER
/books/OL3446677M,ES,PROMISING,5,Nuevo diccionario de la cultura uruguaya,Miguel Angel Campodónico,NO_LANGUAGE_EDITION_WITH_COVER
/books/OL3446685M,ES,PROMISING,5,"Charrúas, guenoas y guaraníes",Diego Bracco,NO_LANGUAGE_EDITION_WITH_COVER
/books/OL3446695M,ES,PROMISING,5,"Aparicio Saravia, 1856-1904",Walter Rela,NO_LANGUAGE_EDITION_WITH_COVER
/books/OL3446701M,ES,PROMISING,5,El ocaso del caudillo,Daniel Pelúas,NO_LANGUAGE_EDITION_WITH_COVER
/books/OL3608347M,ES,PROMISING,5,España en el Río de la Plata,Walter Rela,NO_LANGUAGE_EDITION_WITH_COVER
/books/OL3608377M,ES,PROMISING,5,Descubrir Montevideo,Alejandro Michelena,NO_LANGUAGE_EDITION_WITH_COVER
/books/OL3755233M,ES,PROMISING,5,Mujer y dinero,Celia Catalina Esplugas,NO_LANGUAGE_EDITION_WITH_COVER
/books/OL3977164M,ES,PROMISING,5,Por mi honor,Alejandro Giménez Rodríguez,NO_LANGUAGE_EDITION_WITH_COVER
/books/OL3979290M,ES,PROMISING,5,José Battle y Ordóñez,Daniel Pelúas,NO_LANGUAGE_EDITION_WITH_COVER
/books/OL4010003M,ES,PROMISING,5,Topografías de la investigación,Cora Escolar,NO_LANGUAGE_EDITION_WITH_COVER
/books/OL52897149M,ES,PROMISING,5,"Querella por la cultura ""revolucionaria"" (1925)",Víctor Díaz Arciniega,NO_MATCHING_WORK
/books/OL62093264M,ES,PROMISING,5,El glorioso montevideano,Fernando Mañé Garzón,NO_LANGUAGE_EDITION_WITH_COVER
/books/OL634686M,ES,PROMISING,5,"Literatura hispanoamericana, siglos XIX-XX",Walter Rela,NO_LANGUAGE_EDITION_WITH_COVER
/books/OL6788100M,ES,PROMISING,5,Uruguay,Walter Rela,NO_LANGUAGE_EDITION_WITH_COVER
/books/OL6815521M,ES,PROMISING,5,Pavilhão da criatividade,Maureen Bisilliat,NO_LANGUAGE_EDITION_WITH_COVER
/books/OL6815772M,ES,PROMISING,5,Los hijos de hefestos,Alcides Beretta Curi,NO_LANGUAGE_EDITION_WITH_COVER
/books/OL6815894M,ES,PROMISING,5,El gobierno y la administración de los departamentos,Daniel Hugo Martins,NO_LANGUAGE_EDITION_WITH_COVER
/books/OL10154567M,FR,PROMISING,5,"Approximations Spectrales De Problemes Aux Limites Elliptiques (Mathematiques & Applications, Vol 10)",Christine Bernardi | Yvon Maday,NO_LANGUAGE_EDITION_WITH_COVER
/books/OL10167849M,FR,PROMISING,5,All Together (Hand in Hand),Ruth Fahlman,NO_LANGUAGE_EDITION_WITH_COVER
/books/OL10457208M,FR,PROMISING,5,Le Petit Prince (The Little Prince) in French / Boxed Edition with book and CD,Antoine de Saint-Exupéry,NO_LANGUAGE_EDITION_WITH_COVER
/books/OL10458366M,FR,PROMISING,5,"Braque, Georges",Abrams | Werner Hoffman,NO_LANGUAGE_EDITION_WITH_COVER
/books/OL10458378M,FR,PROMISING,5,Andes Toit de L'amerique,Claude Arthaud | François Hebert-Stevens,NO_LANGUAGE_EDITION_WITH_COVER
/books/OL10458445M,FR,PROMISING,5,Chansons De Geste,Maurice Teissier,NO_LANGUAGE_EDITION_WITH_COVER
/books/OL10458446M,FR,PROMISING,5,Aucassin Et Nicolette,Maurice Teissier | Leif Sletsjoe,NO_LANGUAGE_EDITION_WITH_COVER
/books/OL10458655M,FR,PROMISING,5,"Poemes Tricolores, a L'occasion Du Cinquantenaire De La Federation",Mourlot | Jules Pierre,NO_LANGUAGE_EDITION_WITH_COVER
/books/OL10502856M,FR,PROMISING,5,Le Drame de Quatre-vingt-treize: Scènes de la vie révolutionnaire,Alexandre Dumas,NO_LANGUAGE_EDITION_WITH_COVER
/books/OL10502859M,FR,PROMISING,5,Le Drame de Quatre-vingt-treize: Scènes de la vie révolutionnaire,Alexandre Dumas,NO_LANGUAGE_EDITION_WITH_COVER
/books/OL10502862M,FR,PROMISING,5,Le Drame de Quatre-vingt-treize: Scènes de la vie révolutionnaire,Alexandre Dumas,NO_LANGUAGE_EDITION_WITH_COVER
/books/OL10502867M,FR,PROMISING,5,Le Drame de Quatre-vingt-treize: Scènes de la vie révolutionnaire,Alexandre Dumas,NO_LANGUAGE_EDITION_WITH_COVER
/books/OL10546557M,FR,PROMISING,5,Cameroon Road Map (Macmillan Traveller's Maps),Macmillan Publishers,NO_LANGUAGE_EDITION_WITH_COVER
/books/OL10931224M,FR,PROMISING,5,I'm Too Big/Je Suis Trop Gros (I Can Read French),Lone Morton | Mary Risk,NO_LANGUAGE_EDITION_WITH_COVER
/books/OL11028075M,FR,PROMISING,5,Technical Bulletin 5 : November 1979 Canadian Conservation Institute,Raymond H. Lafontaine,NO_MATCHING_WORK
/books/OL11224333M,FR,PROMISING,5,"A, B, C... Play with Me!",Roger Pare | Roger Parbe,NO_LANGUAGE_EDITION_WITH_COVER
/books/OL11416869M,FR,PROMISING,5,Réaliser La Scolarisation Primaire Universelle En 2015,Alain Mingat | Barbara Bruns | Ramahatra Rakotomalala,NO_LANGUAGE_EDITION_WITH_COVER
/books/OL11776230M,FR,PROMISING,5,The Adventures of an English Terrier in Louisiana - How Barré Terrier helped General Andy Jackson save New Orleans [Book with Read-Along CD in English and French Included],Rod E. Emmer | Windell Curole,NO_LANGUAGE_EDITION_WITH_COVER
/books/OL12321390M,FR,PROMISING,5,Allons Foire UN Tour (A Mon Tour/My Turn),Ivan Bulloch | Diane James,NO_LANGUAGE_EDITION_WITH_COVER
/books/OL12321391M,FR,PROMISING,5,Avis Aux Cinq Sens/Sounds Like Smelly (A Mon Tour/My Turn),Ivan Bulloch | Diane James,NO_LANGUAGE_EDITION_WITH_COVER
/books/OL12321392M,FR,PROMISING,5,Choisis Une Couleur (A Mon Tour/My Turn),Ivan Bulloch | Diane James,NO_LANGUAGE_EDITION_WITH_COVER
/books/OL12321396M,FR,PROMISING,5,Qui Mange Quoi (A Mon Tour/My Turn),Ivan Bulloch | Diane James,NO_LANGUAGE_EDITION_WITH_COVER
/books/OL12321418M,FR,PROMISING,5,Le Moyen Age (Jeux D'historie/My World),Peter Chrisp,NO_LANGUAGE_EDITION_WITH_COVER
/books/OL12321423M,FR,PROMISING,5,UN Cow-Boy (On Dira Il Que Je Suis/I Wish I Were),Ivan Bulloch | Diane James,NO_LANGUAGE_EDITION_WITH_COVER
/books/OL12387016M,FR,STRONG,7,La Malédiction des maths,Jon Scieszka,NO_MATCHING_WORK
/books/OL12391597M,FR,PROMISING,5,Michelin Road Atlas,Pneu Michelin (Firm) | Michelin Travel Publications,NO_LANGUAGE_EDITION_WITH_COVER
/books/OL12455457M,FR,PROMISING,5,"Telliamed, ou, Entretiens d'un philosophe indien avec un missionnaire français sur la diminution de la mer",Francine Markovits | Benoit de Maillet,NO_LANGUAGE_EDITION_WITH_COVER
/books/OL12527002M,FR,PROMISING,5,Courbet et la Commune,Musée d'Orsay.,NO_LANGUAGE_EDITION_WITH_COVER
/books/OL12623019M,FR,PROMISING,5,Les demeures de la distinction. Châteaux et châtelains au XIXe siècle en Haute-Vienne,P. Grandcoing,NO_LANGUAGE_EDITION_WITH_COVER
/books/OL12623024M,FR,PROMISING,5,"Poetique regard. litterature, perception, identité.",Ouellet/,NO_LANGUAGE_EDITION_WITH_COVER
/books/OL12623046M,FR,PROMISING,5,Kitabat Juzif Mughayzil,Juzif Mughayzil,NO_LANGUAGE_EDITION_WITH_COVER
/books/OL12623942M,FR,PROMISING,5,Images D'Irlandae,Bernard Berrou,NO_LANGUAGE_EDITION_WITH_COVER
/books/OL12624159M,FR,PROMISING,5,Autrefois Anglet,Philippe Salquan,NO_LANGUAGE_EDITION_WITH_COVER
/books/OL12624173M,FR,PROMISING,5,Un siecle de rugby a bayonne,Manuel Castiella,NO_LANGUAGE_EDITION_WITH_COVER
/books/OL12627246M,FR,PROMISING,5,Fontevraud de toutes les penitences,Jean Chedaille,NO_LANGUAGE_EDITION_WITH_COVER
/books/OL12628748M,FR,PROMISING,5,Geographie et cartographie du Gabon,Institut pedagogique national (Gabon),NO_LANGUAGE_EDITION_WITH_COVER
/books/OL12629121M,FR,PROMISING,5,Histoire du greffier 2000,Bailly J,NO_LANGUAGE_EDITION_WITH_COVER
/books/OL12629781M,FR,PROMISING,5,Le Mystère de la conjonction,Maffesoli/Michel,NO_LANGUAGE_EDITION_WITH_COVER
/books/OL12629876M,FR,PROMISING,5,Cent ans de peche a Terre-Neuve (Kronos),Leopold Soublin,NO_LANGUAGE_EDITION_WITH_COVER
/books/OL12630657M,FR,PROMISING,5,La cuisine des huîtres,Joël Meslin,NO_LANGUAGE_EDITION_WITH_COVER
/books/OL12630731M,FR,PROMISING,5,"En Islam, jardins et mosquées",Massignon l,NO_LANGUAGE_EDITION_WITH_COVER
/books/OL12631053M,FR,STRONG,7,Spectre Automorphe Des Varietes Hyperboliques Et Applications Topologiques,Laurent Clozel | Nicolas Bergeron,NO_LANGUAGE_EDITION_WITH_COVER
/books/OL12631904M,FR,PROMISING,5,Questions de nationalité,Laacher,NO_LANGUAGE_EDITION_WITH_COVER
/books/OL12632079M,FR,PROMISING,5,Etat et nation en Allemagne au xxeme siecle,Knopper F./Ruiz,NO_LANGUAGE_EDITION_WITH_COVER
/books/OL12632233M,FR,PROMISING,5,Compiegne,Marie-Claire Coste,NO_LANGUAGE_EDITION_WITH_COVER
/books/OL12633192M,FR,PROMISING,5,"Le Droit, l'informatique et l'arbitraire",Bousez,NO_LANGUAGE_EDITION_WITH_COVER
/books/OL12633193M,FR,PROMISING,5,Le clerc séculier au Moyen Age,France) Société des historiens médiévistes de l'ensei,NO_LANGUAGE_EDITION_WITH_COVER
/books/OL12633197M,FR,PROMISING,5,La Sibylle du Rhin,Gouguenheim,NO_LANGUAGE_EDITION_WITH_COVER
/books/OL12633199M,FR,PROMISING,5,"Les manifestations de rue en France, 1918-1968",Tartakowsky,NO_LANGUAGE_EDITION_WITH_COVER
/books/OL12633202M,FR,PROMISING,5,L'invention des syndicalismes,Boll Plost,NO_LANGUAGE_EDITION_WITH_COVER
/books/OL12633214M,FR,PROMISING,5,L'ecrit dans l'Espagne du siecle d'or,Catedra-Lopez-Vidrie,NO_LANGUAGE_EDITION_WITH_COVER
/books/OL12633221M,FR,PROMISING,5,Saint-Denis et la royauté,Francoise Autrand,NO_LANGUAGE_EDITION_WITH_COVER
/books/OL12633230M,FR,PROMISING,5,L'oeuvre d'eliel saarinen en finlande et la question de l'architecture nationale de 1898 a 1909,Fabienne Chevallier,NO_LANGUAGE_EDITION_WITH_COVER
/books/OL12633262M,FR,PROMISING,5,Le tabac en son temps,Nourrisson d,NO_LANGUAGE_EDITION_WITH_COVER
/books/OL12633532M,FR,PROMISING,5,Les Alphabets de l'oubli,Valère-Marie Marchand,NO_LANGUAGE_EDITION_WITH_COVER
/books/OL12634013M,FR,PROMISING,5,Bernard Delicieux et l'Inquisition albigeoise (1300-1320),B Haureau,NO_LANGUAGE_EDITION_WITH_COVER
/books/OL12634054M,FR,PROMISING,5,Science et vie intellectuelle à Alexandrie,Argoud Guillaum,NO_LANGUAGE_EDITION_WITH_COVER
/books/OL12634057M,FR,PROMISING,5,"Catalogue du fonds italien, XVIIe siècle, Auguste Boullier, de la Bibliothèque municipale de Roanne",Viallon,NO_LANGUAGE_EDITION_WITH_COVER
/books/OL12634059M,FR,PROMISING,5,Le passé forézien,Gonon,NO_LANGUAGE_EDITION_WITH_COVER
/books/OL12634077M,FR,PROMISING,5,Lettres édifiantes et curieuses des jésuites de l'Inde au XVIIIe siècle,Vissiere,NO_LANGUAGE_EDITION_WITH_COVER
/books/OL12634518M,FR,PROMISING,5,Autobiographie scientifique,Rossi a.,NO_LANGUAGE_EDITION_WITH_COVER
/books/OL12634948M,FR,PROMISING,5,Atlas des villes de Franche-Comte,Eric Affolter,NO_LANGUAGE_EDITION_WITH_COVER
/books/OL12635013M,FR,PROMISING,5,Images du bouddhisme vivant,Dupuy F/ Guillon E,NO_LANGUAGE_EDITION_WITH_COVER
/books/OL12635123M,FR,PROMISING,5,Nouvelles images France t.2 photographie,C. Gattinoni,NO_LANGUAGE_EDITION_WITH_COVER
/books/OL12635717M,FR,PROMISING,5,La toponymie celtique: L'origine des noms de lieux en Bretagne,Ploneis Jm,NO_LANGUAGE_EDITION_WITH_COVER
/books/OL12636553M,FR,PROMISING,5,Octave Morillot,Norbet Murie,NO_LANGUAGE_EDITION_WITH_COVER
/books/OL12636915M,FR,PROMISING,5,Les Jardins publics en province,Nourry Lm,NO_LANGUAGE_EDITION_WITH_COVER
/books/OL12638896M,FR,PROMISING,5,Politique et philosophie chez Aristote,Bodéüs R.,NO_LANGUAGE_EDITION_WITH_COVER
/books/OL12639779M,FR,PROMISING,5,Promenades art nouveau à Bruxelles,Louis Meers,NO_LANGUAGE_EDITION_WITH_COVER
/books/OL12641138M,FR,PROMISING,5,"L'Art D'Etre Grand-Pere, Chansons",Victor Hugo,NO_LANGUAGE_EDITION_WITH_COVER
/books/OL12641178M,FR,PROMISING,5,Stephane magnin (bilingue anglais),Tenret /Davila,NO_LANGUAGE_EDITION_WITH_COVER
/books/OL12642377M,FR,PROMISING,5,Mougin freres,G.Jacques Peiffer,NO_LANGUAGE_EDITION_WITH_COVER
/books/OL12642695M,FR,PROMISING,5,Du chaos dans le pinceau,Victor Hugo | Marie-Laure Prévost | Jean-Jacques Lebel,NO_LANGUAGE_EDITION_WITH_COVER
/books/OL12646162M,FR,PROMISING,5,"Vive Mon Corps (Le Gout De Savoir, 4)",Marie-Francine Hébert,NO_VALID_PHYSICAL_COVER
/books/OL12646245M,FR,PROMISING,5,"Grattelle Au Bois Mordant (Il Etait Une Fois, 9)",Jasmine Dube,NO_VALID_PHYSICAL_COVER
/books/OL12646333M,FR,PROMISING,5,Elvis aime danser (Elvis),Jasmine Dube,NO_VALID_PHYSICAL_COVER
/books/OL12646515M,FR,PROMISING,5,"Juliette, Georges",Frederic Lesemann | Daphne Nahmiash,NO_LANGUAGE_EDITION_WITH_COVER
/books/OL12648226M,FR,PROMISING,5,Cyrus,Carmen Marois | Christiane DuCharme,NO_LANGUAGE_EDITION_WITH_COVER
/books/OL12648982M,FR,PROMISING,5,"Jean Restout, 1692-1768",Christine giouzi,NO_LANGUAGE_EDITION_WITH_COVER
/books/OL12649078M,FR,PROMISING,5,Joseph-Emile Gridel,Jean-Luc Guillevic,NO_LANGUAGE_EDITION_WITH_COVER
/books/OL12649223M,FR,STRONG,7,Médecine et philosophie au temps d'Hippocrate,Vitrac,NO_LANGUAGE_EDITION_WITH_COVER
/books/OL12650106M,FR,PROMISING,5,Croisement de signes,Institut du monde arabe,NO_LANGUAGE_EDITION_WITH_COVER
/books/OL12650128M,FR,PROMISING,5,Ghana,Mus Ee Dapper,NO_LANGUAGE_EDITION_WITH_COVER
/books/OL12650326M,FR,PROMISING,5,Le voyage en chine,Adriano d Las Cortes,NO_LANGUAGE_EDITION_WITH_COVER
/books/OL12650380M,FR,PROMISING,5,Du Nom Au Nous,Duve De,NO_LANGUAGE_EDITION_WITH_COVER
/books/OL12650669M,FR,PROMISING,5,Dictionnaire DES Ventes D'Art (Dictionnaire Des Ventes D'art),H. Mireur,NO_LANGUAGE_EDITION_WITH_COVER
/books/OL12651730M,FR,PROMISING,5,Evangile d'un medecin errant...,Braun l.,NO_LANGUAGE_EDITION_WITH_COVER
/books/OL12652097M,FR,PROMISING,5,Awe! Artis Blong Tude,Ralph Regenvanu,NO_LANGUAGE_EDITION_WITH_COVER
/books/OL12652403M,FR,PROMISING,5,Grandrif,Christian Gallon,NO_LANGUAGE_EDITION_WITH_COVER
/books/OL12652881M,FR,PROMISING,5,Le diable mérovingien,Daniel Castille,NO_LANGUAGE_EDITION_WITH_COVER
/books/OL12653284M,FR,PROMISING,5,Aventures au coeur de la Guyane,Cavalier Jacques,NO_LANGUAGE_EDITION_WITH_COVER
/books/OL12653323M,FR,PROMISING,5,Les chevaliers sans nom première epoque,Bourland,NO_LANGUAGE_EDITION_WITH_COVER
/books/OL12655673M,FR,PROMISING,5,Marie bashkirtseff (bilingue fr.-angl.),Beatrice Debrabandere,NO_LANGUAGE_EDITION_WITH_COVER
/books/OL12656316M,FR,PROMISING,5,Le judaïsme,Evelyne Le Saux-Lips,NO_LANGUAGE_EDITION_WITH_COVER
/books/OL12656728M,FR,PROMISING,5,Construire la ville complexe ?,Alain Renk,NO_LANGUAGE_EDITION_WITH_COVER
/books/OL12656732M,FR,PROMISING,5,Mon pere,Maureen Rosilio,NO_LANGUAGE_EDITION_WITH_COVER
/books/OL12656974M,FR,PROMISING,5,Les Plantes (Petit Monde Vivant),Bobbie Kalman,NO_MATCHING_WORK
/books/OL12658269M,FR,PROMISING,5,Adriano Ribolzi,Galerie Ribolzi,NO_LANGUAGE_EDITION_WITH_COVER
/books/OL12660250M,FR,PROMISING,5,Statut Existential Du Platonisme,Robert Petkovsek,NO_LANGUAGE_EDITION_WITH_COVER
/books/OL12660278M,FR,PROMISING,5,L'Esprit Du Roman,Jon-Arild Olsen,NO_LANGUAGE_EDITION_WITH_COVER
/books/OL12660293M,FR,PROMISING,5,Jacques-denis Antoine- Reisetagebuch,Andrea Barm,NO_LANGUAGE_EDITION_WITH_COVER
/books/OL12660297M,FR,PROMISING,5,Naissance De La Science Dans L'italie Antique Et Moderne,Luigi Di Poli,NO_LANGUAGE_EDITION_WITH_COVER
/books/OL12660298M,FR,PROMISING,5,Representations D'Esther Entre Ecritures Et Images (Liminaires - Passages Interculturels Italo-Iberiques),Elisabetta Limardo Daturi,NO_LANGUAGE_EDITION_WITH_COVER
/books/OL12660395M,FR,PROMISING,5,Le Heros Inacheve,Christine Sukic,NO_LANGUAGE_EDITION_WITH_COVER
/books/OL12660414M,FR,PROMISING,5,L'esprit Du Chiffon,Shoshana-rose Marzel,NO_LANGUAGE_EDITION_WITH_COVER
/books/OL12660635M,FR,PROMISING,5,"Traduction Specialisee--Pratiques, Theories, Formations (Travaux Interdisciplinaires Et Plurilingues En Langues Etran)",Elisabeth Lavault-Olleon,NO_LANGUAGE_EDITION_WITH_COVER
/books/OL12660650M,FR,PROMISING,5,Le Roman D'Achille Tatios,Marcelle Laplace,NO_LANGUAGE_EDITION_WITH_COVER
/books/OL12680493M,FR,PROMISING,5,New Public Management,Donatella Pulitano,NO_LANGUAGE_EDITION_WITH_COVER
/books/OL12738377M,FR,PROMISING,5,Deutsch-französische Übersetzungsübungen. Lehrbuch mit Texten über Politik und Wirtschaft.,John Desmond Gallagher,NO_LANGUAGE_EDITION_WITH_COVER
/books/OL12805749M,FR,PROMISING,5,Penser l'être de l'action. La métaphysique du «dernier» Blondel,Tourpe E.,NO_LANGUAGE_EDITION_WITH_COVER
/books/OL12805906M,FR,PROMISING,5,Regards / Mises En Schne Dans Le Surrialisme Et Les Avant-Gardes,Claude Bommertz,NO_LANGUAGE_EDITION_WITH_COVER
/books/OL12805928M,FR,PROMISING,5,Laine Et Le Parfum Epinetra Et Alabastres,P. Badinou,NO_LANGUAGE_EDITION_WITH_COVER
/books/OL12806101M,FR,PROMISING,5,L'appel Du Monstrueux,Mathieu Brunet,NO_LANGUAGE_EDITION_WITH_COVER
/books/OL12809287M,FR,PROMISING,5,Les Dimensions Sccientifiques,Naim-Gesbert,NO_LANGUAGE_EDITION_WITH_COVER
/books/OL12849660M,FR,PROMISING,5,Les reliefs rupestres d'Elymaïde (Iran) de l'époque parthe.,Vanden Berghe L.,NO_LANGUAGE_EDITION_WITH_COVER
/books/OL12850081M,FR,PROMISING,5,A l'ombre de Dieu,Klagsbald V.,NO_LANGUAGE_EDITION_WITH_COVER
/books/OL12850099M,FR,PROMISING,5,L'être et la folie,Forthomme B.,NO_LANGUAGE_EDITION_WITH_COVER
/books/OL12851905M,FR,PROMISING,5,Human Conditions Intimate Portraits,Loek Van Der Molen,NO_LANGUAGE_EDITION_WITH_COVER
/books/OL12980812M,FR,PROMISING,5,"Le plan de Paris par Truschet et Hoyau, 1550",Olivier Truschet,NO_LANGUAGE_EDITION_WITH_COVER
/books/OL13006034M,FR,PROMISING,5,Ying Fa De Xi E Han tu shu guan xue qing bao xue ci hui,Fulai Zhao,NO_LANGUAGE_EDITION_WITH_COVER
/books/OL13078175M,FR,PROMISING,5,Peking,Zeng Nian,NO_LANGUAGE_EDITION_WITH_COVER
/books/OL13163086M,FR,PROMISING,5,"al-Ubira, 1988-1993 =",Sharif Sunbul,NO_LANGUAGE_EDITION_WITH_COVER
/books/OL13166323M,FR,PROMISING,5,Artistas Latinoamericanas En Paris,Jorge. Rivas-Rivas,NO_LANGUAGE_EDITION_WITH_COVER
/books/OL13208699M,FR,PROMISING,5,Mujam lughat al-akhbar,Salim Jamal | Jamāl Salīm,NO_LANGUAGE_EDITION_WITH_COVER
/books/OL13212125M,FR,PROMISING,5,Guide to Directories on Science and Technology in Africa,African Regional Centre for Technology,NO_LANGUAGE_EDITION_WITH_COVER
/books/OL13213588M,FR,PROMISING,5,Le Hammam,Othman Khadraoui,NO_LANGUAGE_EDITION_WITH_COVER
/books/OL13213795M,FR,STRONG,7,"Amal al-Mutamar al-Alami al-Thalith lil-Bahth al-Ilmi hawla, al-taawun al-bahthi bayna Urubba wa-al-watan al-Arabi wa-Turkiya fi al-ulum al-insaniyah wa-al-ijtimaiyah",Muʼtamar al-ʻĀlamī lil-Baḥth al-ʻIlmī. (3rd 1997 Zaghwān (Tunisia)),NO_LANGUAGE_EDITION_WITH_COVER
/books/OL13214996M,FR,PROMISING,5,"Espace, representations (Publications de la Faculte des lettres)",Abdelkader Bezzazi,NO_LANGUAGE_EDITION_WITH_COVER
/books/OL13215044M,FR,PROMISING,5,Taqyidan fi wahdat al-wujud li-Sayyidi Ahmad ibn Ajibah (Silsilat Hikmah),Ahmad ibn Muhammad Ibn Ajibah,NO_LANGUAGE_EDITION_WITH_COVER
/books/OL13246702M,FR,PROMISING,5,Suivez Moi,Rosemary Haigh | C. Pulver,NO_LANGUAGE_EDITION_WITH_COVER
/books/OL13258209M,FR,PROMISING,5,History of the Louisiana Civil Code the Formative Years 1803 1839,Kilbourne,NO_LANGUAGE_EDITION_WITH_COVER
/books/OL13258736M,FR,PROMISING,5,Tai-Ji Fitness,Xiaonan Zhang,NO_LANGUAGE_EDITION_WITH_COVER
/books/OL13271861M,FR,PROMISING,5,Quan Deixavem De Ser Infants,Gemma Pasqual i Escriva,NO_LANGUAGE_EDITION_WITH_COVER
/books/OL13282129M,FR,PROMISING,5,Guatemala,Andres Cabanas Diaz,NO_LANGUAGE_EDITION_WITH_COVER
/books/OL13304088M,FR,PROMISING,5,Riskers Vault Camp,Brian Risk,NO_LANGUAGE_EDITION_WITH_COVER
/books/OL13329932M,FR,PROMISING,5,Arquitectura Radical,Javier Fernandez Comuunas,NO_LANGUAGE_EDITION_WITH_COVER
/books/OL1333274M,FR,PROMISING,5,Guardians of the north,"Bell, John",NO_LANGUAGE_EDITION_WITH_COVER
/books/OL13336558M,FR,PROMISING,5,Proceedings of a Seminar on Electric Utility Research and Development,Seminar on Electricity Utility Research and Development,NO_LANGUAGE_EDITION_WITH_COVER
/books/OL13349362M,FR,STRONG,7,"A Citizen's Guide on Using the Freedom of Information Act and the Privacy Act of 1974 to Request Government Records (104th Congress, 1st Session union",House Committee of Gov Operations,NO_LANGUAGE_EDITION_WITH_COVER
/books/OL13428844M,FR,PROMISING,5,Il Principe Architetto,Domenico del Rio,NO_LANGUAGE_EDITION_WITH_COVER
/books/OL13429595M,FR,PROMISING,5,Il Gusto Del Segreto,Jacques Derrida | Maurizio Ferraris,NO_VALID_PHYSICAL_COVER
/books/OL13432039M,FR,PROMISING,5,From Cordoba to Samarqand,Sabiha El-Kemir,NO_LANGUAGE_EDITION_WITH_COVER
/books/OL13432742M,FR,PROMISING,5,Science and the Future of Mankind: Science for Man and Man for Science,Pontificia Accademia Delle Scienze,NO_LANGUAGE_EDITION_WITH_COVER
/books/OL13434524M,FR,PROMISING,5,Picturae Excisae,Paola D'Alconzo,NO_VALID_PHYSICAL_COVER
/books/OL13434864M,FR,PROMISING,5,Chiasmi International 7,"Mauro Carbone, Leonard Lawlor Renaud Barbaras",NO_LANGUAGE_EDITION_WITH_COVER
/books/OL13548685M,FR,PROMISING,5,Rescapé du néant,Hermeńigilde Laflamme,NO_LANGUAGE_EDITION_WITH_COVER
/books/OL13548693M,FR,PROMISING,5,Matinale à La Malbaie,Odette Bourdon,NO_LANGUAGE_EDITION_WITH_COVER
/books/OL13548702M,FR,PROMISING,5,forêt de la peur,Hermeńigilde Laflamme,NO_LANGUAGE_EDITION_WITH_COVER
/books/OL13548718M,FR,PROMISING,5,L' inconnue des Laurentides,Monique Sabella,NO_LANGUAGE_EDITION_WITH_COVER
/books/OL13573206M,FR,PROMISING,5,Chez les nomades de Mongolie,Gaëlle Riouall,NO_LANGUAGE_EDITION_WITH_COVER
/books/OL13592303M,FR,PROMISING,5,La mysterieuse boule de feu,Louis Sutal,NO_LANGUAGE_EDITION_WITH_COVER
/books/OL13592305M,FR,PROMISING,5,Menace sur Montréal,Louis Sutal,NO_LANGUAGE_EDITION_WITH_COVER
/books/OL13592362M,FR,PROMISING,5,Opium en fraude,Robert Chavarie,NO_LANGUAGE_EDITION_WITH_COVER
/books/OL13631525M,FR,PROMISING,5,Tamgat,Christiane Drieux,NO_LANGUAGE_EDITION_WITH_COVER
/books/OL13632309M,FR,PROMISING,5,Malentendus mongols,Jean Leviol,NO_LANGUAGE_EDITION_WITH_COVER
/books/OL13635415M,FR,PROMISING,5,Scènes de la vie mongole,Michel Choukroun,NO_LANGUAGE_EDITION_WITH_COVER
/books/OL13637687M,FR,PROMISING,5,Vers l'art sacré du Tibet,Nathalie Gyatso,NO_LANGUAGE_EDITION_WITH_COVER
/books/OL13638595M,FR,PROMISING,5,Hors jeu,Bertrand Guillot,NO_LANGUAGE_EDITION_WITH_COVER
/books/OL14091265M,FR,PROMISING,5,Transactions of the fifth International Congress on the Enlightenment.,"International Congress on the Enlightenment (5th 1979 Pisa, Italy)",NO_LANGUAGE_EDITION_WITH_COVER
/books/OL14235550M,FR,PROMISING,5,"Jacques Van Schuppen, 1670-1751",Pierre Schreiden,NO_LANGUAGE_EDITION_WITH_COVER
/books/OL14250557M,FR,PROMISING,5,Les Slaves du sud au XIXe siècle vus par Xavier Marmier,Liljana Todorova,NO_LANGUAGE_EDITION_WITH_COVER
/books/OL14260951M,FR,PROMISING,5,Découvrir Québec,Monique Duval,NO_LANGUAGE_EDITION_WITH_COVER
/books/OL14275718M,FR,PROMISING,5,De la fantaisie à la sublimation,"Lagache, Daniel",NO_LANGUAGE_EDITION_WITH_COVER
/books/OL14329091M,FR,PROMISING,5,Le mythe des Amazones dans la mosaïque antique.,Gladys.· Amad,NO_LANGUAGE_EDITION_WITH_COVER
/books/OL145362M,FR,PROMISING,5,The struggle goes on-- et la vie continue,Anitah Aujayeb,NO_LANGUAGE_EDITION_WITH_COVER
/books/OL14549525M,FR,PROMISING,5,Urbanizat︠s︡ii︠a︡ i nomadizm v T︠S︡entralʹnoĭ Azii,"Urbanizat︠s︡ii︠a︡ i nomadizm v T︠S︡entralʹnoĭ Azii : istorii︠a︡ i problemy (2003 Almaty, Kazakhstan)",NO_LANGUAGE_EDITION_WITH_COVER
/books/OL145693M,FR,PROMISING,5,L' art et l'enfant,G. André Décotter,NO_LANGUAGE_EDITION_WITH_COVER
/books/OL14616383M,FR,PROMISING,5,L' art et la technique = Die Kunst und die Technik.,Christoph von Schönborn,NO_LANGUAGE_EDITION_WITH_COVER
/books/OL14641839M,FR,PROMISING,5,Châteaux de Malmaison et de Bois Préau ; Musées napoléoniens de l'Ile d'Aix et de la Maison Bonaparte à Ajaccio,Nicole Hubert,NO_LANGUAGE_EDITION_WITH_COVER
/books/OL14642805M,FR,PROMISING,5,La vie de Bohème,Luce Abélès,NO_LANGUAGE_EDITION_WITH_COVER
/books/OL14651637M,FR,PROMISING,5,Le tableau de Paris,Jules Vallès,NO_LANGUAGE_EDITION_WITH_COVER
/books/OL14659347M,FR,PROMISING,5,Un brin de fantaisie,Canadian Museum of Civilization,NO_LANGUAGE_EDITION_WITH_COVER
/books/OL14671941M,FR,PROMISING,5,Bibracte (Saône-et-Loire),Danièle Bertin,NO_LANGUAGE_EDITION_WITH_COVER
/books/OL14680120M,FR,PROMISING,5,"Mont Royal, Ville Marie",Conrad Graham | McCord Museum,NO_LANGUAGE_EDITION_WITH_COVER
/books/OL14690218M,FR,PROMISING,5,Le peuple contre la démocratie,Guy Hermet,NO_LANGUAGE_EDITION_WITH_COVER
/books/OL14690225M,FR,PROMISING,5,Le principe d'homogéneité,Géraud Tournadre,NO_LANGUAGE_EDITION_WITH_COVER
/books/OL14701836M,FR,PROMISING,5,Granet,Isabelle Néto-Daguerre,NO_LANGUAGE_EDITION_WITH_COVER
/books/OL14702124M,FR,PROMISING,5,Le jeu et le temps,Jean Lévêque,NO_LANGUAGE_EDITION_WITH_COVER
/books/OL147057M,FR,PROMISING,5,Le Coran revisité,Heidi Toelle,NO_LANGUAGE_EDITION_WITH_COVER
/books/OL14705942M,FR,PROMISING,5,Jacques Villon,Musée du Québec.,NO_LANGUAGE_EDITION_WITH_COVER
/books/OL14707976M,FR,PROMISING,5,L' émergence de la sociologie,Roberto Miguelez,NO_LANGUAGE_EDITION_WITH_COVER
/books/OL14708099M,FR,PROMISING,5,Structurer la paix universelle,Alain Bernier,NO_LANGUAGE_EDITION_WITH_COVER
/books/OL14710645M,FR,PROMISING,5,L' Image des dieux celtes,Carine Bodson,NO_LANGUAGE_EDITION_WITH_COVER
/books/OL14717205M,FR,PROMISING,5,Académie Royale des Beaux-Arts de Bruxelles,Académie royale des beaux-arts de Bruxelles.,NO_LANGUAGE_EDITION_WITH_COVER
/books/OL147181M,FR,PROMISING,5,Regards sociologiques sur la délinquance juvénile au Maroc,Rachid Ringa,NO_LANGUAGE_EDITION_WITH_COVER
/books/OL14719388M,FR,PROMISING,5,"École du meuble, 1930-1950",Musée des arts décoratifs de Montréal.,NO_LANGUAGE_EDITION_WITH_COVER
/books/OL14723934M,FR,PROMISING,5,L' affaire du P. André Martin à Saumur (1669-1675),François Girbal,NO_LANGUAGE_EDITION_WITH_COVER
/books/OL14728087M,FR,PROMISING,5,Itinéraires bioéthiques,Edouard Boné,NO_LANGUAGE_EDITION_WITH_COVER
/books/OL14734573M,FR,PROMISING,5,Sceaux et cylindres orientaux,Claude Doumet,NO_LANGUAGE_EDITION_WITH_COVER
/books/OL14735200M,FR,PROMISING,5,Les enfants et l'esthétique musicale,Brigitte Soulas,NO_LANGUAGE_EDITION_WITH_COVER
/books/OL14740322M,FR,PROMISING,5,La Philosophie de la symbiose démocratique,Pierre Ponghis,NO_LANGUAGE_EDITION_WITH_COVER
/books/OL14741529M,FR,PROMISING,5,Le pragmatisme,Pierre Gauchotte,NO_LANGUAGE_EDITION_WITH_COVER
/books/OL14765755M,FR,PROMISING,5,Les professeurs de la Faculté de médecine de Paris,Françoise Huguet,NO_LANGUAGE_EDITION_WITH_COVER
/books/OL14774308M,FR,PROMISING,5,Les chevaux du Nouvel Empire égyptien,Catherine Rommelaere,NO_LANGUAGE_EDITION_WITH_COVER
/books/OL14774814M,FR,PROMISING,5,Philosophie et société,Georg Simmel,NO_LANGUAGE_EDITION_WITH_COVER
/books/OL14776533M,FR,PROMISING,5,La guerre nouvelle,Gisèle Charzat,NO_LANGUAGE_EDITION_WITH_COVER
/books/OL14778711M,FR,PROMISING,5,Le regard,Georges Salles,NO_LANGUAGE_EDITION_WITH_COVER
/books/OL14780728M,FR,PROMISING,5,Quatre introductions à la philosophie au XIIIe siècle,Claude Lafleur,NO_LANGUAGE_EDITION_WITH_COVER
/books/OL14787986M,FR,PROMISING,5,Tradition et révolution,Rédha Malek,NO_LANGUAGE_EDITION_WITH_COVER
/books/OL14787989M,FR,PROMISING,5,Comparaison de la musique italienne et de la musique française,"Le Cerf de la Viéville, Jean Laurent seigneur de Freneuse",NO_LANGUAGE_EDITION_WITH_COVER
/books/OL14789258M,FR,PROMISING,5,Le problème de la connaissance en philosophie ouverte,Ferdinand Gonseth,NO_LANGUAGE_EDITION_WITH_COVER
/books/OL14789288M,FR,PROMISING,5,La pensée politique du Japon contemporain,Pierre Lavelle,NO_LANGUAGE_EDITION_WITH_COVER
/books/OL14793542M,FR,PROMISING,5,Le bestiaire innu aitun,Michel Noël,NO_LANGUAGE_EDITION_WITH_COVER
/books/OL14808769M,FR,PROMISING,5,Prendre la parole,Michel Noël,NO_LANGUAGE_EDITION_WITH_COVER
/books/OL148286M,FR,PROMISING,5,La genèse du roman persan moderne,Christophe Balaÿ,NO_LANGUAGE_EDITION_WITH_COVER
/books/OL14857797M,FR,PROMISING,5,Les exercices de la passion =,Nicole Jolicoeur,NO_LANGUAGE_EDITION_WITH_COVER
/books/OL14864814M,FR,PROMISING,5,Répertoire international des travaux universitaires relatifs à la musique française du Moyen Age à nos jours,Danièle Pistone,NO_LANGUAGE_EDITION_WITH_COVER
/books/OL14865934M,FR,PROMISING,5,L' écologie sociale de Murray Bookchin,Antoine Robitaille,NO_LANGUAGE_EDITION_WITH_COVER
/books/OL14904254M,FR,PROMISING,5,Essai d'une définition de la musique,Raphaël Edgard Genin,NO_LANGUAGE_EDITION_WITH_COVER
/books/OL14914532M,FR,PROMISING,5,Société à documenter,Asted. Congrès,NO_LANGUAGE_EDITION_WITH_COVER
/books/OL15004728M,FR,PROMISING,5,La Tournée de Francis Lebel,Ronald Stacey Kirkman,NO_LANGUAGE_EDITION_WITH_COVER
/books/OL15057672M,FR,PROMISING,5,Le chat qui sait prévoir le temps,Helen Crosswell | Barbara Walker | Helen Cresswell,NO_MATCHING_WORK
/books/OL15109628M,FR,PROMISING,5,Pratiques sociales et théories,Gérald Berthoud,NO_LANGUAGE_EDITION_WITH_COVER
/books/OL15115741M,FR,PROMISING,5,Antigone encore,Françoise Duroux,NO_LANGUAGE_EDITION_WITH_COVER
/books/OL15120164M,FR,PROMISING,5,Estuaries and coasts,"ECSA Symposium (19th 1989 University of Caen, France)",NO_LANGUAGE_EDITION_WITH_COVER
/books/OL15157096M,FR,PROMISING,5,Russie,Jacques Rivière,NO_LANGUAGE_EDITION_WITH_COVER
/books/OL15182458M,FR,PROMISING,5,"Répertoire des livres d'artistes au Québec, 1991-1992",Bibliothèque nationale du Québec,NO_LANGUAGE_EDITION_WITH_COVER
/books/OL15200587M,FR,PROMISING,5,Vous recevrez le centuple,Jacques Marin,NO_LANGUAGE_EDITION_WITH_COVER
/books/OL15218997M,FR,PROMISING,5,Les non-conformistes des années 30,Jean-Louis Loubet del Bayle,NO_LANGUAGE_EDITION_WITH_COVER
/books/OL15219487M,FR,PROMISING,5,Logique des genres littéraires,"K""ate Hamburger",NO_LANGUAGE_EDITION_WITH_COVER
/books/OL15222822M,FR,PROMISING,5,Etudes de sociologie de l'art.,Pierre Francastel,NO_LANGUAGE_EDITION_WITH_COVER
/books/OL15226769M,FR,STRONG,7,Théorie de la littérature.,Stéphane Santerres-Sarkany,NO_LANGUAGE_EDITION_WITH_COVER
/books/OL15228318M,FR,PROMISING,5,Pierre et Paul,Janice May Udry,NO_MATCHING_WORK
/books/OL15228548M,FR,PROMISING,5,De l'habitude,Félix Ravaisson-Mollien,NO_LANGUAGE_EDITION_WITH_COVER
/books/OL15230572M,FR,PROMISING,5,Fondemonts du savoir romantique.,Georges Gusdorf,NO_LANGUAGE_EDITION_WITH_COVER
/books/OL15231983M,FR,PROMISING,5,Le promontoire du songe,Victor Hugo,NO_LANGUAGE_EDITION_WITH_COVER
/books/OL15236689M,FR,PROMISING,5,"Journal de l'art deco, 1903-1940",Jean-Paul Bouillon,NO_LANGUAGE_EDITION_WITH_COVER
/books/OL15237347M,FR,PROMISING,5,Le meuble bourgeois en France,Guillaume Janneau,NO_LANGUAGE_EDITION_WITH_COVER
/books/OL15237716M,FR,PROMISING,5,Voyage de Provence,Jean Pierre Papon,NO_LANGUAGE_EDITION_WITH_COVER
/books/OL15240378M,FR,PROMISING,5,La lanterne magique.,Guido Crepax,NO_LANGUAGE_EDITION_WITH_COVER
/books/OL15240762M,FR,PROMISING,5,Histoire de l'art et lutte des sexes,Françoise d' Eaubonne,NO_LANGUAGE_EDITION_WITH_COVER
/books/OL15242828M,FR,PROMISING,5,Le corps et le vêtement,Sylvie Le Moël,NO_LANGUAGE_EDITION_WITH_COVER
/books/OL15244274M,FR,PROMISING,5,Éléments de philologie musicale,Jacques Chailley,NO_LANGUAGE_EDITION_WITH_COVER
/books/OL15244677M,FR,PROMISING,5,Haine de la philosophie,Dionys Mascolo,NO_LANGUAGE_EDITION_WITH_COVER
/books/OL15246401M,FR,PROMISING,5,"Démocrite, épicure, Lucrèce",Paul Nizan,NO_LANGUAGE_EDITION_WITH_COVER
/books/OL15246768M,FR,PROMISING,5,Simone Weil et Edith Stein,Jean-François Thomas,NO_LANGUAGE_EDITION_WITH_COVER
/books/OL15266763M,FR,PROMISING,5,Oeuvres majeures,Louis Claude de Saint-Martin,NO_LANGUAGE_EDITION_WITH_COVER
/books/OL15340436M,FR,PROMISING,5,On les appelait les harkis,Gilbert Carreras,NO_LANGUAGE_EDITION_WITH_COVER
/books/OL15404203M,FR,PROMISING,5,Un petit nuage,Claude Asselin,NO_LANGUAGE_EDITION_WITH_COVER
/books/OL15411334M,FR,PROMISING,5,L' Amérique française,Henri Servien,NO_LANGUAGE_EDITION_WITH_COVER
/books/OL15436345M,FR,PROMISING,5,"Jules, le petit camion rouge",François Ladouceur,NO_LANGUAGE_EDITION_WITH_COVER
/books/OL15436431M,FR,PROMISING,5,Pilonu fête Noël,Ferne Elliott,NO_LANGUAGE_EDITION_WITH_COVER
/books/OL15437778M,FR,PROMISING,5,Je parle en français.,Gilles Lemire,NO_LANGUAGE_EDITION_WITH_COVER
/books/OL15441178M,FR,PROMISING,5,Rue Monte au Ciel,Suzanne Dracius-Pinalie,NO_LANGUAGE_EDITION_WITH_COVER
/books/OL15472191M,FR,PROMISING,5,L' enragé,Baru,NO_LANGUAGE_EDITION_WITH_COVER
/books/OL15490450M,FR,PROMISING,5,Peut-on croire à la résurrection?,Louis-Marie Vincent,NO_LANGUAGE_EDITION_WITH_COVER
/books/OL15525756M,FR,PROMISING,5,Intégration,Pauline Bénéteau-Lacroix,NO_LANGUAGE_EDITION_WITH_COVER
/books/OL15567043M,FR,PROMISING,5,Principes des littératures dessinées,Harry Morgan,NO_LANGUAGE_EDITION_WITH_COVER
/books/OL15570285M,FR,PROMISING,5,Les éditeurs de bande dessinée,Thierry Bellefroid,NO_LANGUAGE_EDITION_WITH_COVER
/books/OL15579796M,FR,PROMISING,5,Contes jaunes.,Lilliane Coyne,NO_LANGUAGE_EDITION_WITH_COVER
/books/OL15601694M,FR,PROMISING,5,Rue de la bombe,Ferrandez,NO_LANGUAGE_EDITION_WITH_COVER
/books/OL15951754M,FR,PROMISING,5,"Reviens, Snoopy",Charles M. Schulz,NO_LANGUAGE_EDITION_WITH_COVER
/books/OL15965917M,FR,PROMISING,5,Répertoires bibliographiques courants dans la collection de référence de la Bibliothèque des lettres et des sciences humaines,Université de Montréal. Bibliothèque des lettres et sciences humaines.,NO_LANGUAGE_EDITION_WITH_COVER
/books/OL15991473M,FR,PROMISING,5,Crimes célèbres,Sami Kélada,NO_LANGUAGE_EDITION_WITH_COVER
/books/OL16033025M,FR,PROMISING,5,Poof Poof fait du ski,Sally G. Hahn,NO_LANGUAGE_EDITION_WITH_COVER
/books/OL16035258M,FR,PROMISING,5,Orthographe et le renard,Suzanne Talbot,NO_LANGUAGE_EDITION_WITH_COVER
/books/OL16035328M,FR,PROMISING,5,Dame Coccinelle,Annick Le Marchand,NO_LANGUAGE_EDITION_WITH_COVER
/books/OL16035471M,FR,PROMISING,5,Louki,G. D. Carter,NO_LANGUAGE_EDITION_WITH_COVER
/books/OL16036112M,FR,PROMISING,5,10 à la fête.,Jo Ellen Bogart,NO_LANGUAGE_EDITION_WITH_COVER
/books/OL16036131M,FR,PROMISING,5,Toute une glissade!,Suzan Reid,NO_LANGUAGE_EDITION_WITH_COVER
/books/OL16086039M,FR,PROMISING,5,On est fait comme des rats!,Bill Watterson,NO_LANGUAGE_EDITION_WITH_COVER
/books/OL16103327M,FR,PROMISING,5,Plato's Laws and its historical significance,"International Congress on Ancient Thought (1st 1998 Salamanca, Spain)",NO_LANGUAGE_EDITION_WITH_COVER
/books/OL16158011M,FR,PROMISING,5,La science et la technologie dans la région métropolitaine de Montréal,Gilles Dubé,NO_LANGUAGE_EDITION_WITH_COVER
/books/OL16175326M,FR,PROMISING,5,La belle perdrix verte,Claude Poirier,NO_LANGUAGE_EDITION_WITH_COVER
/books/OL16175344M,FR,PROMISING,5,Feutrine et l'araignée,Louise Lalonde,NO_LANGUAGE_EDITION_WITH_COVER
/books/OL16175684M,FR,PROMISING,5,Lune de neige,Denise Houle,NO_LANGUAGE_EDITION_WITH_COVER
/books/OL16175792M,FR,PROMISING,5,"Anne-Marie Maginol, tu me rends folle",Sue Ann Alderson,NO_LANGUAGE_EDITION_WITH_COVER
/books/OL16175825M,FR,PROMISING,5,ABC et 123,Barbara Wilson,NO_LANGUAGE_EDITION_WITH_COVER
/books/OL16175979M,FR,PROMISING,5,Un enfant à Bethléem,Céline Larose,NO_LANGUAGE_EDITION_WITH_COVER
/books/OL16176115M,FR,PROMISING,5,Tu ne peux pas savoir--,Michel Luppens,NO_LANGUAGE_EDITION_WITH_COVER
/books/OL16176131M,FR,PROMISING,5,La grue et le héron,Annette Luboschinska,NO_LANGUAGE_EDITION_WITH_COVER
/books/OL16176180M,FR,PROMISING,5,Le partage des oies,Annette Luboschinska,NO_LANGUAGE_EDITION_WITH_COVER
/books/OL16177978M,FR,PROMISING,5,Le Roi Gédéon,Pierrette Dubé,NO_LANGUAGE_EDITION_WITH_COVER
/books/OL16178308M,FR,PROMISING,5,"Dos Bleu, le phoque champion",Marie-Andrée Mativat,NO_LANGUAGE_EDITION_WITH_COVER
/books/OL16178330M,FR,PROMISING,5,Jours de terreur,Barbara Smucker,NO_LANGUAGE_EDITION_WITH_COVER
/books/OL16178597M,FR,PROMISING,5,Le ballon jaune,Reina Boily,NO_LANGUAGE_EDITION_WITH_COVER
/books/OL16178618M,FR,PROMISING,5,Bilijou,Yseult Ferron,NO_LANGUAGE_EDITION_WITH_COVER
/books/OL16200649M,FR,PROMISING,5,Voltaire et L'absolutisme éclairé (1736-1778).,François Quastana,NO_LANGUAGE_EDITION_WITH_COVER
/books/OL16203219M,FR,PROMISING,5,Chantons les saisons,Rosine Des Chênes,NO_LANGUAGE_EDITION_WITH_COVER
/books/OL16209402M,FR,PROMISING,5,Parlez-moi,"Michael Reinhart | Favreau, Marc",NO_LANGUAGE_EDITION_WITH_COVER
/books/OL16218026M,FR,PROMISING,5,Une folle solitude,Olivier Rey,NO_LANGUAGE_EDITION_WITH_COVER
/books/OL16218075M,FR,PROMISING,5,Instituer des savoirs d'Etat,Corinne Delmas,NO_LANGUAGE_EDITION_WITH_COVER
/books/OL16219306M,FR,PROMISING,5,"Allemands en exil, Paris 1933-1941",Keith Holz,NO_MATCHING_WORK
/books/OL16228218M,FR,PROMISING,5,Voyage en taxi-brousse,Maloka.,NO_LANGUAGE_EDITION_WITH_COVER
/books/OL16229433M,FR,PROMISING,5,"De l'exorcisme en politique--, ou, La conjuration des imbéciles",Jean Baudrillard,NO_LANGUAGE_EDITION_WITH_COVER
/books/OL16232904M,FR,PROMISING,5,Le Dieu des amants de la musique,George Bălan,NO_LANGUAGE_EDITION_WITH_COVER
/books/OL16232928M,FR,PROMISING,5,Le sacré à la lumière de la musique,George Bălan,NO_LANGUAGE_EDITION_WITH_COVER
/books/OL16243476M,FR,PROMISING,5,Histoire et renouveau,"Académie des sciences, arts et belles-lettres de Caen.",NO_LANGUAGE_EDITION_WITH_COVER
/books/OL16243696M,FR,PROMISING,5,Lise la grenouille,Grégoire Reizac,NO_LANGUAGE_EDITION_WITH_COVER
/books/OL16248516M,FR,PROMISING,5,Le duel,Gracchus Babeuf,NO_LANGUAGE_EDITION_WITH_COVER
/books/OL16249791M,FR,PROMISING,5,"Jeunes dangereux, jeunes en danger",Thomas Sauvadet,NO_LANGUAGE_EDITION_WITH_COVER
/books/OL16252361M,FR,PROMISING,5,"Le ""concept"" du 11 septembre",Jacques Derrida,NO_LANGUAGE_EDITION_WITH_COVER
/books/OL16265024M,FR,PROMISING,5,Les listes des groupes terroristes,"Conférence internationale des juristes (2004 Paris, France)",NO_LANGUAGE_EDITION_WITH_COVER
/books/OL16266315M,FR,PROMISING,5,"Souveraineté, droit et gouvernementalité",Thomas Berns,NO_LANGUAGE_EDITION_WITH_COVER
/books/OL16267984M,FR,PROMISING,5,Inventarium,Michel Paysant,NO_LANGUAGE_EDITION_WITH_COVER
/books/OL16270249M,FR,PROMISING,5,Affaires d'argent dans la correspondance de Cicéron,Marina Ioannatou,NO_LANGUAGE_EDITION_WITH_COVER
/books/OL16270618M,FR,PROMISING,5,Le feu secret,Jacques Jaume,NO_LANGUAGE_EDITION_WITH_COVER
/books/OL16271147M,FR,PROMISING,5,"Matisse, voyage au pays de la couleur =",Marie-Thérèse Pulvenis de Séligny,NO_LANGUAGE_EDITION_WITH_COVER
/books/OL16279046M,FR,PROMISING,5,Les enjeux de la mondialisation culturelle,Jean Tardif,NO_LANGUAGE_EDITION_WITH_COVER
/books/OL16281508M,FR,PROMISING,5,Etonnante Amérique,Stéphane Spoiden,NO_LANGUAGE_EDITION_WITH_COVER
/books/OL16283426M,FR,PROMISING,5,Et si la gauche changeait--,Stéphane Bugat,NO_LANGUAGE_EDITION_WITH_COVER
/books/OL16286468M,FR,PROMISING,5,Les chants de guerre,Eric Delbecque,NO_LANGUAGE_EDITION_WITH_COVER
/books/OL16287341M,FR,PROMISING,5,Les arts & les ymages,Remy de Gourmont,NO_LANGUAGE_EDITION_WITH_COVER
/books/OL16288607M,FR,PROMISING,5,Les mots du comique et de l'humour,Christian Moncelet,NO_LANGUAGE_EDITION_WITH_COVER
/books/OL16291553M,FR,PROMISING,5,Une sélection bibliographique en sciences de la terre =,León Delbos,NO_LANGUAGE_EDITION_WITH_COVER
/books/OL16295153M,FR,PROMISING,5,"Istituti nazionali, accademie e società scientifiche nell'Europa di Napoleone",Luigi Pepe,NO_LANGUAGE_EDITION_WITH_COVER
/books/OL16315019M,FR,PROMISING,5,La tradition scientifique,Mohamad K. Salhab,NO_LANGUAGE_EDITION_WITH_COVER
/books/OL16327640M,FR,PROMISING,5,"Ma famille, mon quartier",Phoebe Rankin,NO_LANGUAGE_EDITION_WITH_COVER
/books/OL16327645M,FR,PROMISING,5,"Ma famille, ta famille",Phoebe Rankin,NO_LANGUAGE_EDITION_WITH_COVER
/books/OL16328308M,FR,PROMISING,5,Infiltration,Sophie Malka,NO_LANGUAGE_EDITION_WITH_COVER
/books/OL16329303M,FR,PROMISING,5,Mon grand livre de mots,Valérie Michaut,NO_LANGUAGE_EDITION_WITH_COVER
/books/OL16333146M,FR,PROMISING,5,Comics,Philippe Guedj,NO_LANGUAGE_EDITION_WITH_COVER
/books/OL16337615M,FR,PROMISING,5,"Les naturAS : sciences de la nature, [4]",Estelle Lacoursière,NO_LANGUAGE_EDITION_WITH_COVER
/books/OL16357420M,FR,PROMISING,5,Voltaire comic dramatist,Russell Goulbourne,NO_LANGUAGE_EDITION_WITH_COVER
/books/OL16363843M,FR,PROMISING,5,La bande dessinée en classe,Tristan Demers,NO_LANGUAGE_EDITION_WITH_COVER
/books/OL16385778M,FR,PROMISING,5,Gilles Deleuze,Gilles Deleuze,NO_LANGUAGE_EDITION_WITH_COVER
/books/OL16387592M,FR,PROMISING,5,Cette chanson qui emmerde le Front national,Baptiste Vignol,NO_LANGUAGE_EDITION_WITH_COVER
/books/OL163893M,FR,PROMISING,5,Hita honda mahatturu,Miṇivan Pi Tilakaratna,NO_LANGUAGE_EDITION_WITH_COVER
/books/OL16419414M,FR,PROMISING,5,L' Art et la Manière,Gérard Dessons,NO_LANGUAGE_EDITION_WITH_COVER
/books/OL16422982M,FR,PROMISING,5,Apologie du casseur,Serge Roure,NO_LANGUAGE_EDITION_WITH_COVER
/books/OL16425277M,FR,PROMISING,5,Littérature de jeunesse et presse des jeunes au début du XXIe siècle,Raymond Perrin,NO_LANGUAGE_EDITION_WITH_COVER
/books/OL16482260M,FR,PROMISING,5,Petit traité de l'art de fredonner,George Bălan,NO_LANGUAGE_EDITION_WITH_COVER
/books/OL16487038M,FR,PROMISING,5,Globe-painter,Julien Malland,NO_LANGUAGE_EDITION_WITH_COVER
/books/OL16530942M,FR,PROMISING,5,Écrits sur la peine de mort,Victor Hugo,NO_LANGUAGE_EDITION_WITH_COVER
/books/OL16551836M,FR,PROMISING,5,Le cas des cases,Agnès Deyzieux,NO_LANGUAGE_EDITION_WITH_COVER
/books/OL16590263M,FR,PROMISING,5,Panorama de la philosophie Ibéro-Américaine,Alain Guy,NO_LANGUAGE_EDITION_WITH_COVER
/books/OL16602244M,FR,PROMISING,5,Le Musée des beaux-arts de Caen,Alain Tapie,NO_LANGUAGE_EDITION_WITH_COVER
/books/OL16605588M,FR,PROMISING,5,Le roman britannique du XXe siècle,François Gallix,NO_LANGUAGE_EDITION_WITH_COVER
/books/OL16605661M,FR,PROMISING,5,Chefs-d'oeuvre du Musée d'Orsay,Musée d'Orsay.,NO_LANGUAGE_EDITION_WITH_COVER
/books/OL16619719M,FR,PROMISING,5,"Zen, le livre",Zhizhong Cai,NO_MATCHING_WORK
/books/OL16619720M,FR,PROMISING,5,Zen,Zhizhong Cai,NO_LANGUAGE_EDITION_WITH_COVER
/books/OL16630361M,FR,PROMISING,5,La planète d'Oméga,Serge Michalski,NO_LANGUAGE_EDITION_WITH_COVER
/books/OL16636970M,FR,PROMISING,5,Basistat,Richard Lefrançois,NO_LANGUAGE_EDITION_WITH_COVER
/books/OL16639466M,FR,PROMISING,5,Les visages de l'engagement dans l'oeuvre de Max Weber,Jean-Rodrigue Paré,NO_LANGUAGE_EDITION_WITH_COVER
/books/OL16640750M,FR,PROMISING,5,Quand Paris était un roman,Brigitte Munier,NO_LANGUAGE_EDITION_WITH_COVER
/books/OL16641738M,FR,PROMISING,5,Les diamants de la nuit,Christiane Poisson,NO_LANGUAGE_EDITION_WITH_COVER
/books/OL16641750M,FR,PROMISING,5,Maman et le chat,Shirley Lalonde,NO_LANGUAGE_EDITION_WITH_COVER
/books/OL16641798M,FR,PROMISING,5,Une puce dans l'espace,Julandré.,NO_LANGUAGE_EDITION_WITH_COVER
/books/OL16641854M,FR,PROMISING,5,Crac!,Ghylaine Paquin-Back,NO_LANGUAGE_EDITION_WITH_COVER
/books/OL16641885M,FR,PROMISING,5,Les perles de pluie,Eric Mérinat,NO_LANGUAGE_EDITION_WITH_COVER
/books/OL16642395M,FR,PROMISING,5,Être plus humain,Martial Boucher,NO_LANGUAGE_EDITION_WITH_COVER
/books/OL16642662M,FR,STRONG,7,La grenouille tsarine,Annette Luboschinska,NO_LANGUAGE_EDITION_WITH_COVER
/books/OL16642710M,FR,PROMISING,5,Les animaux sauvages 2,Louise Beaudin,NO_LANGUAGE_EDITION_WITH_COVER
/books/OL16642713M,FR,PROMISING,5,Au pays des Sans Chats,Louise Beaudin,NO_LANGUAGE_EDITION_WITH_COVER
/books/OL16642760M,FR,PROMISING,5,Les animaux nocturnes,Pat Hancock,NO_LANGUAGE_EDITION_WITH_COVER
/books/OL16652440M,FR,PROMISING,5,Pouvoir et imaginaires sociaux,Angel Enrique Carretero Pasín,NO_LANGUAGE_EDITION_WITH_COVER
/books/OL16658301M,FR,PROMISING,5,Histoire et histoires des sciences sociales,"Colloque ""Doctrines, sciences ou pratiques sociales (1985 Université de Nancy II)",NO_LANGUAGE_EDITION_WITH_COVER
/books/OL16677211M,FR,PROMISING,5,Les énervés de Jumièges,Dominique Bussillet,NO_LANGUAGE_EDITION_WITH_COVER
/books/OL16677594M,FR,PROMISING,5,La promesse et l'obstacle,Danny Trom,NO_LANGUAGE_EDITION_WITH_COVER
/books/OL16724496M,FR,PROMISING,5,Les nouvelles élites,Stéphane Fouks,NO_LANGUAGE_EDITION_WITH_COVER
/books/OL16732113M,FR,PROMISING,5,Regalità e forme di potere nel Mediterraneo antico,Paolo Scarpi | Michela Zago,NO_LANGUAGE_EDITION_WITH_COVER
/books/OL16748777M,FR,PROMISING,5,Rencontres au sommet,Michael Gama,NO_LANGUAGE_EDITION_WITH_COVER
/books/OL16753087M,FR,PROMISING,5,Art and symbolism,"Conference on Medieval Archaeology in Europe (1992 York, England)",NO_LANGUAGE_EDITION_WITH_COVER
/books/OL16761163M,FR,PROMISING,5,Un demi-siècle de showbiz au Québec,Philippe Laframboise,NO_LANGUAGE_EDITION_WITH_COVER
/books/OL16761240M,FR,PROMISING,5,De l'École de Chicago au postmodernisme,Jean Poupart,NO_LANGUAGE_EDITION_WITH_COVER
/books/OL16792776M,FR,PROMISING,5,"La cultura scientifico-naturalistica nei Padri della Chiesa, I-V sec.","Incontro di studiosi dell'antichità cristiana (35th 2006 Rome, Italy)",NO_LANGUAGE_EDITION_WITH_COVER
/books/OL16801801M,FR,PROMISING,5,Henry Moore et la mythologie,Henry Moore,NO_LANGUAGE_EDITION_WITH_COVER
/books/OL16852508M,FR,PROMISING,5,"Unité de l'homme, diversité de l'humain",Rencontres internationales de Carthage (7th 2003),NO_LANGUAGE_EDITION_WITH_COVER
/books/OL16864022M,FR,PROMISING,5,Imaginaire technique et éthique sociale,Bertrand Hériard Dubreuil,NO_LANGUAGE_EDITION_WITH_COVER
/books/OL1689628M,FR,STRONG,7,Čhēdī Samai Sukhōthai thī Wat Čhēdī Čhet Thǣo,Santi Leksukhum.,NO_LANGUAGE_EDITION_WITH_COVER
/books/OL16938239M,FR,PROMISING,5,Délit de jeunesse,Isabelle Coutant,NO_LANGUAGE_EDITION_WITH_COVER
/books/OL16948146M,FR,PROMISING,5,"Le cabinet de Diane, au Musée de la chasse et de la nature",Claude d' Anthenaise,NO_LANGUAGE_EDITION_WITH_COVER
/books/OL16948383M,FR,PROMISING,5,Censure et bande dessinée américaine,Marc Jetté,NO_LANGUAGE_EDITION_WITH_COVER
/books/OL16949989M,FR,STRONG,7,Le complexe,Emmanuel M. Banywesize,NO_LANGUAGE_EDITION_WITH_COVER
/books/OL16965644M,FR,PROMISING,5,Sociologie et théorie du chaos,Damien Lagauzère,NO_LANGUAGE_EDITION_WITH_COVER
/books/OL16973924M,FR,PROMISING,5,L' année de feu,Ferrandez,NO_LANGUAGE_EDITION_WITH_COVER
/books/OL16978156M,FR,PROMISING,5,Drôles de jeux d'adulte!,Friedrich-Ebert-Stiftung,NO_LANGUAGE_EDITION_WITH_COVER
/books/OL17014949M,FR,PROMISING,5,Memphis,Editeur Aveline,NO_LANGUAGE_EDITION_WITH_COVER
/books/OL17015620M,FR,PROMISING,5,Mix & Remix 2006,Mix & Remix,NO_LANGUAGE_EDITION_WITH_COVER
/books/OL17035590M,FR,PROMISING,5,À la conquête de l'espace,Jacques Villain,NO_LANGUAGE_EDITION_WITH_COVER
/books/OL17036988M,FR,PROMISING,5,Les élites lyonnaises du XVe siècle au miroir de leur language,Caroline Fargeix,NO_LANGUAGE_EDITION_WITH_COVER
/books/OL17044385M,FR,PROMISING,5,Ceci est une pipe =,Marcel Broodthaers,NO_LANGUAGE_EDITION_WITH_COVER
/books/OL17068341M,FR,PROMISING,5,La créativité au pouvoir,Asted. Congrès,NO_LANGUAGE_EDITION_WITH_COVER
/books/OL17085778M,FR,STRONG,7,L' ambition du vide,Patrick Lafontaine,NO_LANGUAGE_EDITION_WITH_COVER
/books/OL17107870M,FR,PROMISING,5,Math en mots,Geneviève Boulet,NO_LANGUAGE_EDITION_WITH_COVER
/books/OL17137614M,FR,PROMISING,5,Les penalty,Baru,NO_LANGUAGE_EDITION_WITH_COVER
/books/OL17214090M,FR,PROMISING,5,La guerre fantôme,Ferrandez,NO_LANGUAGE_EDITION_WITH_COVER
/books/OL17248260M,FR,PROMISING,5,Nouvelle Caledonie,Arlette Eyraud,NO_LANGUAGE_EDITION_WITH_COVER
/books/OL17259334M,FR,PROMISING,5,Archéologie Dauphinoise.,"Congrès national des sociétés savantes (108th 1983 Grenoble, France)",NO_LANGUAGE_EDITION_WITH_COVER
/books/OL17296886M,FR,PROMISING,5,"Je viens causer des livres, ou, La bibliophilie et la bibliothéconomie au Québec et dans la région de Lanaudière de 1965 à 1990 et l'expérience d'un bibliothécaire au Collège de l'Assomption",Réjean Olivier,NO_LANGUAGE_EDITION_WITH_COVER
/books/OL17347670M,FR,PROMISING,5,Est-ce si difficile que cela?,Beth McAuley,NO_LANGUAGE_EDITION_WITH_COVER
/books/OL17359843M,FR,PROMISING,5,Naissance de la conscience romantique au siècle des lumières.,Georges Gusdorf,NO_LANGUAGE_EDITION_WITH_COVER
/books/OL17419911M,FR,PROMISING,5,Le retour de Tartarin,Albert Algoud,NO_LANGUAGE_EDITION_WITH_COVER
/books/OL17426626M,FR,PROMISING,5,Formen und Gegenformen =,Adrian Frutiger,NO_LANGUAGE_EDITION_WITH_COVER
/books/OL17439800M,FR,PROMISING,5,La Hongrie,Gyula Fekete,NO_LANGUAGE_EDITION_WITH_COVER
/books/OL17471656M,FR,PROMISING,5,Petit résumé de l'histoire du Nouveau Brunswick depuis quatre-vingts ans,Ph.-F Bourgeois,NO_MATCHING_WORK
/books/OL17530397M,FR,PROMISING,5,"Grisou, l'espiègle",Emilie Courchesne,NO_LANGUAGE_EDITION_WITH_COVER
/books/OL17572844M,FR,PROMISING,5,Bernanos et les Carmelites de Compiegne,William Bush,NO_LANGUAGE_EDITION_WITH_COVER
/books/OL17574232M,FR,PROMISING,5,Les arts de l'islam,Marthe Bernus-Taylor,NO_LANGUAGE_EDITION_WITH_COVER
/books/OL17845544M,FR,PROMISING,5,Act II.,Carolyn Racette,NO_LANGUAGE_EDITION_WITH_COVER
/books/OL17895160M,FR,PROMISING,5,L' apprentissage de la musique,Dominique Vuillemin,NO_LANGUAGE_EDITION_WITH_COVER
/books/OL17902617M,FR,PROMISING,5,Le droit pénal,Etienne Saint-Aubin,NO_LANGUAGE_EDITION_WITH_COVER
/books/OL17907820M,FR,PROMISING,5,Les hussards perdus de la république,Philippe Benassaya,NO_LANGUAGE_EDITION_WITH_COVER
/books/OL18021674M,FR,PROMISING,5,Répertoire numérique détaillé de la sous-série Palais Montcalm,Archives de la ville de Québec.,NO_LANGUAGE_EDITION_WITH_COVER
/books/OL18088478M,FR,PROMISING,5,Je réfléchis-- prè de chez nous,Jean-Claude Dupuis,NO_LANGUAGE_EDITION_WITH_COVER
/books/OL18089357M,FR,PROMISING,5,"Les naturAS : sciences de la nature, 5",Estelle Lacoursière,NO_LANGUAGE_EDITION_WITH_COVER
/books/OL18095875M,FR,PROMISING,5,Freeways.,Raymonde Longval,NO_LANGUAGE_EDITION_WITH_COVER
/books/OL18098452M,FR,PROMISING,5,Réadapter et survivre,Gérald Lajoie,NO_LANGUAGE_EDITION_WITH_COVER
/books/OL18113764M,FR,PROMISING,5,Plein la vue 2,Louise Bisson,NO_LANGUAGE_EDITION_WITH_COVER
/books/OL18114375M,FR,PROMISING,5,Mathémathèque 3,Constance Mainville,NO_LANGUAGE_EDITION_WITH_COVER
/books/OL18154808M,FR,PROMISING,5,Trois dialogues mystiques,Gottfried Wilhelm Leibniz,NO_LANGUAGE_EDITION_WITH_COVER
/books/OL18168460M,FR,PROMISING,5,Bip Bip!,Baru,NO_LANGUAGE_EDITION_WITH_COVER
/books/OL18177654M,FR,PROMISING,5,Sur la voie de la sagesse,André Harvey,NO_LANGUAGE_EDITION_WITH_COVER
/books/OL18191198M,FR,PROMISING,5,Guide des fonds et collections d'archives privées concernant les arts visuels et d'interprétation conservés au Service des archives de l'UQAM,Université du Québec à Montréal. Service des archives.,NO_LANGUAGE_EDITION_WITH_COVER
/books/OL18191459M,FR,PROMISING,5,Sciences de la nature et représentations sociales,Evry L. Schatzman,NO_LANGUAGE_EDITION_WITH_COVER
/books/OL18196972M,FR,PROMISING,5,Le bijou art nouveau en Europe,Rolende van Strydonck de Burkel,NO_LANGUAGE_EDITION_WITH_COVER
/books/OL18197629M,FR,PROMISING,5,"En méconnaissance de cause, science et démocratie",Jean Marc Lévy-Leblond,NO_LANGUAGE_EDITION_WITH_COVER
/books/OL18200344M,FR,PROMISING,5,"Récit, désir, mathématique",Jean Lévêque,NO_LANGUAGE_EDITION_WITH_COVER
/books/OL18206549M,FR,PROMISING,5,"L' amour, la fantasia","Djebar, Assia",NO_LANGUAGE_EDITION_WITH_COVER
/books/OL18229885M,FR,PROMISING,5,75 opéras pour enfants,Lucie Allardet,NO_LANGUAGE_EDITION_WITH_COVER
/books/OL18252661M,FR,PROMISING,5,"L' enfant, le geste et le son",Claire Noisette,NO_LANGUAGE_EDITION_WITH_COVER
/books/OL18287471M,FR,PROMISING,5,Communicating science,"Conference on Public Awareness of Science in Canada. (2nd 1990 Ottawa, Ont.)",NO_LANGUAGE_EDITION_WITH_COVER
/books/OL18341014M,FR,PROMISING,5,Rires,Dominique Noguez,NO_LANGUAGE_EDITION_WITH_COVER
/books/OL18341733M,FR,PROMISING,5,Les policiers français sous l'Occupation,Jean-Marc Berlière,NO_LANGUAGE_EDITION_WITH_COVER
/books/OL18375888M,FR,PROMISING,5,Écoute bien--,Suzanne Camiré,NO_LANGUAGE_EDITION_WITH_COVER
/books/OL18395394M,FR,PROMISING,5,Jean-Pierre Pincemin,Pascale Cassagnau,NO_LANGUAGE_EDITION_WITH_COVER
/books/OL18396661M,FR,STRONG,7,Hopla devient papa,Sheridan Cain,NO_MATCHING_WORK
/books/OL18397250M,FR,PROMISING,5,"Le miroir dans l'art, de Manet à Richter",Soko Phay-Vakalis,NO_LANGUAGE_EDITION_WITH_COVER
/books/OL18438460M,FR,PROMISING,5,"Une famille, ça a des besoins",Katherine Sauder,NO_LANGUAGE_EDITION_WITH_COVER
/books/OL18460198M,FR,PROMISING,5,Au jour le jour,Louise Brosseau,NO_LANGUAGE_EDITION_WITH_COVER
/books/OL18461612M,FR,PROMISING,5,"Plus tard, je serai commerçant",María Puncel Reparaz,NO_LANGUAGE_EDITION_WITH_COVER
/books/OL18470186M,FR,PROMISING,5,"Bouleversements, enjeux et stragégies",Asted. Congrès,NO_LANGUAGE_EDITION_WITH_COVER
/books/OL18472599M,FR,PROMISING,5,Les défis de notre monde,Michael Carby,NO_LANGUAGE_EDITION_WITH_COVER
/books/OL18485883M,FR,PROMISING,5,Construire des mondes,"Colloque ""Construire des mondes: élites et structuration de l'espace en Méditerranée depuis l'époque moderne jusqu'à nos jours"" (2001 Aix-en-Provence, France)",NO_LANGUAGE_EDITION_WITH_COVER
/books/OL18486974M,FR,PROMISING,5,Critique de l'antinaturalisme,Stephane Haber,NO_LANGUAGE_EDITION_WITH_COVER
/books/OL18487321M,FR,PROMISING,5,Pierre Monnereau,Bernard Pitaud,NO_LANGUAGE_EDITION_WITH_COVER
/books/OL18487578M,FR,STRONG,7,Ignace de Loyola et Gaston Fessard,Michèle Aumont,NO_LANGUAGE_EDITION_WITH_COVER
/books/OL18487607M,FR,PROMISING,5,"""Proust en B.D.""? Que dirait Baudelaire?",Marie-Helene Gobin,NO_LANGUAGE_EDITION_WITH_COVER
/books/OL18487708M,FR,PROMISING,5,A mort la Gueuse,Gérard Boulanger,NO_LANGUAGE_EDITION_WITH_COVER
/books/OL18490128M,FR,PROMISING,5,A la source de la petite Yourcenar,Anne Delafont,NO_LANGUAGE_EDITION_WITH_COVER
/books/OL18524956M,FR,PROMISING,5,"Chantons chorale, pensons chorale",Gilles Gaudet,NO_LANGUAGE_EDITION_WITH_COVER
/books/OL18551957M,FR,PROMISING,5,Histoire de la pensée politique,Jean-Jacques Chevallier,NO_LANGUAGE_EDITION_WITH_COVER
/books/OL18574074M,FR,PROMISING,5,Plein la vue 1,Louise Bisson,NO_LANGUAGE_EDITION_WITH_COVER
/books/OL18594811M,FR,PROMISING,5,Les nouveaux performants 90,Asted. Congrès,NO_LANGUAGE_EDITION_WITH_COVER
/books/OL18628814M,FR,PROMISING,5,Alasdair Macintyre,Emile Perreau-Saussine,NO_LANGUAGE_EDITION_WITH_COVER
/books/OL18631753M,FR,PROMISING,5,"Sépulture, mort et représentation du pouvoir au Moyen âge =",Journées lotharingiennes (11th 2000 Centre universitaire de Luxembourg),NO_LANGUAGE_EDITION_WITH_COVER
/books/OL18642712M,FR,PROMISING,5,La liberté,Jean-Luc Guichet,NO_LANGUAGE_EDITION_WITH_COVER
/books/OL18643944M,FR,PROMISING,5,"Cinéma et culpabilité en Allemagne, 1945-1990",Béatrice Fleury-Vilatte,NO_LANGUAGE_EDITION_WITH_COVER
/books/OL18665676M,FR,PROMISING,5,Pic-mots,Robert R. Préfontaine,NO_LANGUAGE_EDITION_WITH_COVER
/books/OL18679893M,FR,PROMISING,5,Visages du temps passé,Rosemary Neering,NO_LANGUAGE_EDITION_WITH_COVER
/books/OL18709332M,FR,PROMISING,5,Enfants de la rue et de la prison dans une ville africaine (1975-1992),Yves Balaam,NO_LANGUAGE_EDITION_WITH_COVER
/books/OL18713204M,FR,PROMISING,5,"Politique et histoire, de Machiavel a Marx",Louis Althusser,NO_LANGUAGE_EDITION_WITH_COVER
/books/OL18735297M,FR,PROMISING,5,Histoire et description de Nîmes.,Jean Marie Napoléon Désiré Nisard,NO_LANGUAGE_EDITION_WITH_COVER
/books/OL18747911M,FR,PROMISING,5,La transécriture pour une théorie de l'adaptation,André Gaudreault | Thierry Groensteen | Monique Carcaud-Macaire,NO_LANGUAGE_EDITION_WITH_COVER
/books/OL18822103M,FR,PROMISING,5,Le XVIIIe siècle dans le palais de Charles de Lorraine,Musées royaux d'art et d'histoire (Belgium),NO_LANGUAGE_EDITION_WITH_COVER
/books/OL18845770M,FR,STRONG,7,Représentations des homosexualités dans le roman français pour la jeunesse,Renaud Lagabrielle,NO_LANGUAGE_EDITION_WITH_COVER
/books/OL18853510M,FR,PROMISING,5,L' ame du monde de Platon aux stoiciens.,Joseph Moreau,NO_LANGUAGE_EDITION_WITH_COVER
/books/OL18872460M,FR,PROMISING,5,Méthodologie de recherche scientifique,E. Richard Pigeon,NO_LANGUAGE_EDITION_WITH_COVER
/books/OL18874017M,FR,PROMISING,5,Le fascisme vu de droite,Julius Evola,NO_LANGUAGE_EDITION_WITH_COVER
/books/OL18877296M,FR,PROMISING,5,La place des sciences sociales et humaines dans l'enseignement et la recherche,Gilles Boudreault,NO_LANGUAGE_EDITION_WITH_COVER
/books/OL18920658M,FR,PROMISING,5,Tunga.,Tunga,NO_LANGUAGE_EDITION_WITH_COVER
/books/OL18929054M,FR,PROMISING,5,Guerre et société dans le monde grec (490-322 av. J.-C.),François Rebuffat,NO_LANGUAGE_EDITION_WITH_COVER
/books/OL18949638M,FR,PROMISING,5,"Une femme blanche à la baie James, 1913-1916",Étiennette Bouchard-Pedneault,NO_LANGUAGE_EDITION_WITH_COVER
/books/OL18954513M,FR,PROMISING,5,Recherche nordique en sciences sociales,Carole Lévesque,NO_LANGUAGE_EDITION_WITH_COVER
/books/OL19016885M,FR,PROMISING,5,pensée politique et sociale en France au XIXe siècle,Dominique Bihoreau,NO_LANGUAGE_EDITION_WITH_COVER
/books/OL19028654M,FR,PROMISING,5,"Rapport de l'ex-ingénieur de la cité, des travaux faits sous le maire, hon. S.N. Parent et le conseil-de-ville actuels et sous leurs prédécesseurs durant le dernier tiers de siècle, 1866-1899",Charles P. Florent Baillairgé,NO_LANGUAGE_EDITION_WITH_COVER
/books/OL19042385M,FR,PROMISING,5,Lait frappé,Geneviève Castrée,NO_LANGUAGE_EDITION_WITH_COVER
/books/OL19042567M,FR,PROMISING,5,Exit,Thomas Ott,NO_LANGUAGE_EDITION_WITH_COVER
/books/OL19044097M,FR,PROMISING,5,Pluralisme et éducation,Association française d'éducation comparée. Colloque,NO_LANGUAGE_EDITION_WITH_COVER
/books/OL19068228M,FR,STRONG,7,Fiona Rae.,Fiona Rae,NO_LANGUAGE_EDITION_WITH_COVER
/books/OL19083131M,FR,PROMISING,5,Un monde de différences,Archie Lapointe,NO_LANGUAGE_EDITION_WITH_COVER
/books/OL19084511M,FR,PROMISING,5,Charles d'Orléans et la poésie lyrique au Moyen Age,Isabelle Bétemps,NO_LANGUAGE_EDITION_WITH_COVER
/books/OL19129929M,FR,PROMISING,5,Le pouvoir enchan,Alain Eraly,NO_LANGUAGE_EDITION_WITH_COVER
/books/OL19130119M,FR,PROMISING,5,La matmora,Gérard Cardonne,NO_LANGUAGE_EDITION_WITH_COVER
/books/OL19135244M,FR,PROMISING,5,Incitations,Marc Froment-Meurice,NO_LANGUAGE_EDITION_WITH_COVER
/books/OL19138013M,FR,PROMISING,5,Jeux des pouvoirs et familles,Michel Combet,NO_LANGUAGE_EDITION_WITH_COVER
/books/OL19156240M,FR,PROMISING,5,Shaftesbury,Michaël Biziou,NO_LANGUAGE_EDITION_WITH_COVER
/books/OL19157849M,FR,PROMISING,5,"Nancy, architecture 1900",Francis Roussel,NO_LANGUAGE_EDITION_WITH_COVER
/books/OL19167380M,FR,PROMISING,5,Dix ans de créations d'associations à vocation musicologique,Danièle Pistone,NO_LANGUAGE_EDITION_WITH_COVER
/books/OL19169524M,FR,PROMISING,5,La bibliothéconomie en quelques mots,Camille Côté,NO_LANGUAGE_EDITION_WITH_COVER
/books/OL19176886M,FR,PROMISING,5,Socrates sanctus paederasta,Johann Matthias Gesner,NO_LANGUAGE_EDITION_WITH_COVER
/books/OL19176904M,FR,PROMISING,5,La Bourgogne de Lamartine à nos jours,Pierre Levêque,NO_LANGUAGE_EDITION_WITH_COVER
/books/OL19189261M,FR,PROMISING,5,Mordicus.,France Le Petitcorps,NO_LANGUAGE_EDITION_WITH_COVER
/books/OL19191425M,FR,PROMISING,5,Introduction à l'histoire contemporaine du Viêt Nam,Philippe Langlet,NO_LANGUAGE_EDITION_WITH_COVER
/books/OL19191638M,FR,PROMISING,5,L' enquête de terrain en sciences sociales,Stéphane Dufour,NO_LANGUAGE_EDITION_WITH_COVER
/books/OL19192278M,FR,PROMISING,5,Fait à l'os!,Daniel Marchildon,NO_LANGUAGE_EDITION_WITH_COVER
/books/OL19202828M,FR,PROMISING,5,Sakharov,Charles Rhéaume,NO_LANGUAGE_EDITION_WITH_COVER
/books/OL19204406M,FR,PROMISING,5,"Amos Daragon, la cité de Pégase",Bryan Perro,NO_LANGUAGE_EDITION_WITH_COVER
/books/OL19205802M,FR,PROMISING,5,"Amos Daragon, le masque de l'éther",Bryan Perro,NO_LANGUAGE_EDITION_WITH_COVER
/books/OL19206372M,FR,PROMISING,5,Mon premier vocabulaire,Louise Girard,NO_LANGUAGE_EDITION_WITH_COVER
/books/OL19212612M,FR,PROMISING,5,Les grands défis de la nature,Guy Kélada,NO_LANGUAGE_EDITION_WITH_COVER
/books/OL19227049M,FR,PROMISING,5,Second regard sur le Canada 6,Phyllis A. Arnold,NO_LANGUAGE_EDITION_WITH_COVER
/books/OL19227076M,FR,PROMISING,5,Le Canada et ses partenaires commerciaux,Trudie BonBernard,NO_LANGUAGE_EDITION_WITH_COVER
/books/OL19227236M,FR,PROMISING,5,Le Canada notre pays,Mary Cairo,NO_LANGUAGE_EDITION_WITH_COVER
/books/OL19227498M,FR,PROMISING,5,La pensée japonaise,Pierre Lavelle,NO_LANGUAGE_EDITION_WITH_COVER
/books/OL19227741M,FR,PROMISING,5,Une theórie de l'Et́at esclavagiste,Gérard Hugues,NO_LANGUAGE_EDITION_WITH_COVER
/books/OL19230109M,FR,PROMISING,5,A la recherche d'une ombre chinoise,Jean-Philippe Béja,NO_LANGUAGE_EDITION_WITH_COVER
/books/OL19240029M,FR,PROMISING,5,Géopolitique de l'insécurité et du Front national,Bernard Alidières,NO_LANGUAGE_EDITION_WITH_COVER
/books/OL19240075M,FR,PROMISING,5,Le descenseur social,Fondation Jean-Jaurès,NO_LANGUAGE_EDITION_WITH_COVER
/books/OL19240129M,FR,PROMISING,5,Théories et lectures de la relation image-texte,Beatrice Barbalato | Jean-Louis Tilleuil,NO_LANGUAGE_EDITION_WITH_COVER
/books/OL19252850M,FR,PROMISING,5,Les animaux de la Bible,Olivier Cair-Hélion,NO_LANGUAGE_EDITION_WITH_COVER
/books/OL19264323M,FR,PROMISING,5,Les fastes de la renommée,Françoise Siguret,NO_LANGUAGE_EDITION_WITH_COVER
/books/OL19269848M,FR,PROMISING,5,Le dilemme de Jacques Maritain,Godeleine Dickès-Lafargue,NO_LANGUAGE_EDITION_WITH_COVER
/books/OL19270084M,FR,PROMISING,5,"Le démon inconnu d'Hergé ,ou, Le génie de Georges Remi",Bertrand Portevin,NO_LANGUAGE_EDITION_WITH_COVER
/books/OL19270155M,FR,PROMISING,5,L' élite artiste,Nathalie Heinich,NO_LANGUAGE_EDITION_WITH_COVER
/books/OL19277477M,FR,PROMISING,5,Géographie du Canada,Bruce Clark,NO_LANGUAGE_EDITION_WITH_COVER
/books/OL19299531M,FR,PROMISING,5,Le goût de lire et la bande dessinée,Pierre Roy,NO_LANGUAGE_EDITION_WITH_COVER
/books/OL19311041M,FR,PROMISING,5,Au début était le jaune...,Dominique Dupuis,NO_LANGUAGE_EDITION_WITH_COVER
/books/OL19320067M,FR,PROMISING,5,Dieu est dans l'isoloir,Matthieu Grimpret,NO_LANGUAGE_EDITION_WITH_COVER
/books/OL19322915M,FR,PROMISING,5,"Femmes au pouvoir, femmes de pouvoir",Muriel Fitoussi,NO_LANGUAGE_EDITION_WITH_COVER
/books/OL19343912M,FR,PROMISING,5,Pistes,Michel David,NO_LANGUAGE_EDITION_WITH_COVER
/books/OL19355932M,FR,PROMISING,5,Voyages en Acadie (1604-1607) ; suivi de La description des moeurs souriquoises comparées à celles des autres peuples,Marc Lescarbot,NO_LANGUAGE_EDITION_WITH_COVER
/books/OL19387909M,FR,PROMISING,5,al- Manṭiq ʻinda al-Fārābī,Fārābī,NO_LANGUAGE_EDITION_WITH_COVER
/books/OL19403577M,FR,PROMISING,5,Figures du loufoque à la fin du du XXe siècle,Jean-Pierre Mourey | Jean-Bernard Vray,NO_LANGUAGE_EDITION_WITH_COVER
/books/OL19412354M,FR,PROMISING,5,Sur les routes de la soie,Cécile Beurdeley,NO_LANGUAGE_EDITION_WITH_COVER
/books/OL19414717M,FR,PROMISING,5,Ethique et violence,Valérie Marange,NO_LANGUAGE_EDITION_WITH_COVER
/books/OL19433625M,FR,PROMISING,5,Bulles en stock,Catherine Gentile,NO_LANGUAGE_EDITION_WITH_COVER
/books/OL19438004M,FR,PROMISING,5,"Québec passé [sic], présent, futur",Charles P. Florent Baillairgé,NO_LANGUAGE_EDITION_WITH_COVER
/books/OL19455968M,FR,PROMISING,5,Voyage spirituel,"Musée Guimet (Paris, France)",NO_LANGUAGE_EDITION_WITH_COVER
/books/OL19461745M,FR,PROMISING,5,Histoires d'un musée,Lyon (France). Musée des beaux-arts.,NO_LANGUAGE_EDITION_WITH_COVER
/books/OL19479956M,FR,PROMISING,5,"Les principes philosophiques de la religion naturelle et révélée, dévoilés selon le mode géométrique",Ramsay Chevalier,NO_LANGUAGE_EDITION_WITH_COVER
/books/OL19488309M,FR,PROMISING,5,Spilliaert,Anne Adriaens-Pannier,NO_LANGUAGE_EDITION_WITH_COVER
/books/OL19495180M,FR,PROMISING,5,L' espace du pouvoir,Natacha Coquery,NO_LANGUAGE_EDITION_WITH_COVER
/books/OL19499242M,FR,PROMISING,5,Le krach des élites,Emmanuel Lemieux,NO_LANGUAGE_EDITION_WITH_COVER
/books/OL19525881M,FR,PROMISING,5,Ainsi danse Zarathoustra,Maurice Béjart,NO_LANGUAGE_EDITION_WITH_COVER
/books/OL19526063M,FR,PROMISING,5,Psychologie de la délinquance,Michel Born,NO_LANGUAGE_EDITION_WITH_COVER
/books/OL19536780M,FR,PROMISING,5,Voyageurs et écrivains franc̈ais en Egypte,Jean Marie Carré,NO_LANGUAGE_EDITION_WITH_COVER
/books/OL19536836M,FR,PROMISING,5,L' idéal et le réel,Fondation Jean-Jaurès,NO_LANGUAGE_EDITION_WITH_COVER
/books/OL19538740M,FR,PROMISING,5,Périphéries,Luc Gwiazdzinski,NO_LANGUAGE_EDITION_WITH_COVER
/books/OL19539700M,FR,PROMISING,5,Rencontre des altérités,Pierre Kadi Sossou,NO_LANGUAGE_EDITION_WITH_COVER
/books/OL19541069M,FR,PROMISING,5,"Sociabilité, pouvoirs et société",Colloque de Rouen (1983),NO_LANGUAGE_EDITION_WITH_COVER
/books/OL19545164M,FR,PROMISING,5,La délinquance des filles,Louise Biron,NO_LANGUAGE_EDITION_WITH_COVER
/books/OL19563368M,FR,PROMISING,5,Le Crédit municipal de Lille,Alain Borderie,NO_LANGUAGE_EDITION_WITH_COVER
/books/OL19584942M,FR,PROMISING,5,Les statues égyptiennes du nouvel empire,Musée du Louvre,NO_LANGUAGE_EDITION_WITH_COVER
/books/OL19610118M,FR,PROMISING,5,Les grands banquiers belges (1830-1935),Samuel Tilman,NO_LANGUAGE_EDITION_WITH_COVER
/books/OL19613622M,FR,STRONG,7,Permanence et fécondité de l'idéalisme allemand,Jean-Louis Vieillard-Baron,NO_LANGUAGE_EDITION_WITH_COVER
/books/OL19624241M,FR,PROMISING,5,Le dictionnaire Goscinny,Olivier Andrieu,NO_LANGUAGE_EDITION_WITH_COVER
/books/OL19631298M,FR,PROMISING,5,Brigands et sorciers,Gérard Boutet,NO_LANGUAGE_EDITION_WITH_COVER
/books/OL19662132M,FR,PROMISING,5,Jeunes délinquants ou jeunes criminels?,Michel-Louis Pelletier,NO_LANGUAGE_EDITION_WITH_COVER
/books/OL19669434M,FR,PROMISING,5,Pouvoir et relation d'aide,Adolf Guggenbühl-Craig,NO_LANGUAGE_EDITION_WITH_COVER
/books/OL19678651M,FR,PROMISING,5,Analyse multivariée,Hubert Laforge,NO_LANGUAGE_EDITION_WITH_COVER
/books/OL19679047M,FR,PROMISING,5,Archéologie du sujet,Alain de Libera,NO_LANGUAGE_EDITION_WITH_COVER
/books/OL19685504M,FR,PROMISING,5,Conceptions et représentations de l'extraordinaire dans le monde antique,Philippe Mudry,NO_LANGUAGE_EDITION_WITH_COVER
/books/OL19686606M,FR,PROMISING,5,L' identité masculine à l'ombre des femmes,André Rauch,NO_LANGUAGE_EDITION_WITH_COVER
/books/OL19687031M,FR,PROMISING,5,Le soldat romain,François Gilbert,NO_LANGUAGE_EDITION_WITH_COVER
/books/OL19687595M,FR,PROMISING,5,La création musicale grandeur nature,Gérard Authelain,NO_LANGUAGE_EDITION_WITH_COVER
/books/OL19694379M,FR,PROMISING,5,Dis-moi que tu m'aimes!,Wolinski.,NO_LANGUAGE_EDITION_WITH_COVER
/books/OL19702240M,FR,PROMISING,5,Pour une pratique de la criminologie,Marcel Fréchette,NO_LANGUAGE_EDITION_WITH_COVER
/books/OL19712413M,FR,PROMISING,5,L' OŒuvre érotique de Georges Pichard.,Michel Bourgeois,NO_LANGUAGE_EDITION_WITH_COVER
/books/OL19713164M,FR,PROMISING,5,Mon milieu et moi,Carole Riddolls,NO_LANGUAGE_EDITION_WITH_COVER
/books/OL19713401M,FR,PROMISING,5,Epopée et mythes du western dans la bande dessinée.,Paul.* Herman,NO_LANGUAGE_EDITION_WITH_COVER
/books/OL19722350M,FR,PROMISING,5,Chronique d'une différence,François Baroin,NO_LANGUAGE_EDITION_WITH_COVER
/books/OL19727466M,FR,PROMISING,5,L' Or des Scythes,B. Gossel-Raeck,NO_LANGUAGE_EDITION_WITH_COVER
/books/OL19741596M,FR,PROMISING,5,Benjamin Constant,Emeric Travers,NO_LANGUAGE_EDITION_WITH_COVER
/books/OL19744654M,FR,PROMISING,5,Théorie et expérience,Pierre Kahn,NO_LANGUAGE_EDITION_WITH_COVER
/books/OL19749040M,FR,PROMISING,5,La bédéthèque idéale,Catherine Ternaux,NO_LANGUAGE_EDITION_WITH_COVER
/books/OL19760511M,FR,PROMISING,5,Flaques,Marc-Antoine Cyr,NO_LANGUAGE_EDITION_WITH_COVER
/books/OL19762535M,FR,PROMISING,5,"La Boétie, penseur masqué",Bernadette Gadomski,NO_LANGUAGE_EDITION_WITH_COVER
/books/OL19775373M,FR,PROMISING,5,Du politique,Carl Schmitt,NO_LANGUAGE_EDITION_WITH_COVER
/books/OL19780024M,FR,PROMISING,5,Les élites régionales (XVIIe-XXe siècle),Equipe de recherche en sciences historiques (Strasbourg),NO_LANGUAGE_EDITION_WITH_COVER
/books/OL19783685M,FR,PROMISING,5,Le Havre : la visite,Françoise Cohen,NO_LANGUAGE_EDITION_WITH_COVER
/books/OL19795254M,FR,PROMISING,5,"Amos Daragon, la malédiction de Freyja",Bryan Perro,NO_LANGUAGE_EDITION_WITH_COVER
/books/OL19797622M,FR,PROMISING,5,Itinéraire de l'égarement,Olivier Rey,NO_LANGUAGE_EDITION_WITH_COVER
/books/OL19809592M,FR,PROMISING,5,Une diversité de perspectives,Richard Courtney,NO_LANGUAGE_EDITION_WITH_COVER
/books/OL19812164M,FR,PROMISING,5,La civilisation de l'Asie centrale antique,Boris Anatolʹevich Litvinskiĭ,NO_LANGUAGE_EDITION_WITH_COVER
/books/OL19814273M,FR,PROMISING,5,Consommaction,Irene Bernard,NO_LANGUAGE_EDITION_WITH_COVER
/books/OL19814364M,FR,PROMISING,5,Ph*nom*nes canadiens,Irene Bernard,NO_LANGUAGE_EDITION_WITH_COVER
/books/OL19817786M,FR,PROMISING,5,Mes ateliers de lecture et d'écriture,James Rousselle,NO_LANGUAGE_EDITION_WITH_COVER
/books/OL19817788M,FR,PROMISING,5,Modes d'emploi,James Rousselle,NO_LANGUAGE_EDITION_WITH_COVER
/books/OL19822680M,FR,PROMISING,5,Sociologie et intelligence artificielle,André Turmel,NO_LANGUAGE_EDITION_WITH_COVER
/books/OL19823450M,FR,PROMISING,5,"Fragments d'un discours réformiste, contribution au renouveau doctrinal de la gauche française",Laurent Baumel,NO_LANGUAGE_EDITION_WITH_COVER
/books/OL19831169M,FR,PROMISING,5,Savoir parler en toutes circonstances,Yves Furet,NO_LANGUAGE_EDITION_WITH_COVER
/books/OL19846169M,FR,PROMISING,5,De l'angoisse à la méthode dans les sciences du comportement,Georges Devereux,NO_LANGUAGE_EDITION_WITH_COVER
/books/OL19855167M,FR,PROMISING,5,"József Vágó, 1877-1947",Anne Lambrichs,NO_LANGUAGE_EDITION_WITH_COVER
/books/OL19858886M,FR,PROMISING,5,Les chansons de Gainsbourg,Serge Gainsbourg,NO_LANGUAGE_EDITION_WITH_COVER
/books/OL19863029M,FR,PROMISING,5,Oeuvre concernant la physique,Gottfried Wilhelm Leibniz,NO_LANGUAGE_EDITION_WITH_COVER
/books/OL19864562M,FR,PROMISING,5,La Plénitude de l'univers,David Bohm,NO_LANGUAGE_EDITION_WITH_COVER
/books/OL19874620M,FR,PROMISING,5,"Des notables du Makhzen à l'épreuve de la ""gouvernance""",Aziz El Maoula El Iraki,NO_MATCHING_WORK
/books/OL19911392M,FR,PROMISING,5,"L' âge mûr, de Camille Claudel",Musée d'Orsay.,NO_LANGUAGE_EDITION_WITH_COVER
/books/OL19950753M,FR,PROMISING,5,Agir avec Proudhon,Jacques Langlois,NO_LANGUAGE_EDITION_WITH_COVER
/books/OL19977741M,FR,PROMISING,5,Patentamots,Yvon Lalonde,NO_LANGUAGE_EDITION_WITH_COVER
/books/OL19984554M,FR,PROMISING,5,Etudes de symbolique chrétienne,Louis Charbonneau-Lassay,NO_LANGUAGE_EDITION_WITH_COVER
/books/OL19989492M,FR,PROMISING,5,Elites urbaines,Bruno Trivelin,NO_LANGUAGE_EDITION_WITH_COVER
/books/OL19989806M,FR,PROMISING,5,L' effet de vie,Marc Mathieu Münch,NO_LANGUAGE_EDITION_WITH_COVER
/books/OL20009412M,FR,PROMISING,5,L' idéal démocratique entre l'universel et le particulier,Boniface Kaboré,NO_LANGUAGE_EDITION_WITH_COVER
/books/OL20010486M,FR,PROMISING,5,La recherche en quête du social,Michel Chauviere,NO_LANGUAGE_EDITION_WITH_COVER
/books/OL20020193M,FR,PROMISING,5,Le maréchal Soult,Frédéric Hulot,NO_LANGUAGE_EDITION_WITH_COVER
/books/OL20022067M,FR,PROMISING,5,Atlas régional du Québec et du Canada,Luce Deschênes Damian,NO_LANGUAGE_EDITION_WITH_COVER
/books/OL20028052M,FR,PROMISING,5,Didactique des arts plastiques,Paul Beaupré,NO_LANGUAGE_EDITION_WITH_COVER
/books/OL20032910M,FR,PROMISING,5,Les Monts Dore,Valère-Marie Marchand,NO_LANGUAGE_EDITION_WITH_COVER
/books/OL20032957M,FR,PROMISING,5,Cazères et ses environs,Robert Foch,NO_LANGUAGE_EDITION_WITH_COVER
/books/OL20041850M,FR,STRONG,7,Le Bouddha revisité ou La genèse d'une fiction,Vincent-Paul Toccoli,NO_LANGUAGE_EDITION_WITH_COVER
/books/OL20048156M,FR,PROMISING,5,Bretagne,André Mussat,NO_LANGUAGE_EDITION_WITH_COVER
/books/OL20048825M,FR,PROMISING,5,La pensée sociale française au XVIIIe et au début du XIXe siècle,G. Kucerenko,NO_LANGUAGE_EDITION_WITH_COVER
/books/OL20049634M,FR,PROMISING,5,Débat sur le futur,Grigori Khosine,NO_LANGUAGE_EDITION_WITH_COVER
/books/OL20054200M,FR,PROMISING,5,Le meuble en Belgique =,Thibaut Wolvesperges,NO_LANGUAGE_EDITION_WITH_COVER
/books/OL20062132M,FR,PROMISING,5,Trivia-lités,Rosemarie Giroux Collins,NO_LANGUAGE_EDITION_WITH_COVER
/books/OL20062293M,FR,PROMISING,5,Sur les traces de l'hiver,Léonard Rosmarin,NO_LANGUAGE_EDITION_WITH_COVER
/books/OL20063993M,FR,PROMISING,5,La Voix de Guernesey,Victor Hugo,NO_LANGUAGE_EDITION_WITH_COVER
/books/OL20075773M,FR,PROMISING,5,Benjamin Franklin,Christian Lerat,NO_LANGUAGE_EDITION_WITH_COVER
/books/OL20092233M,FR,PROMISING,5,"Le sacre de Napoléon, peint par David",Sylvain Laveissière,NO_LANGUAGE_EDITION_WITH_COVER
/books/OL20092552M,FR,PROMISING,5,Les salons des artistes coloniaux,Stéphane Richemond,NO_LANGUAGE_EDITION_WITH_COVER
/books/OL20095701M,FR,PROMISING,5,Le juge des enfants,Jean-Marie Baudouin,NO_LANGUAGE_EDITION_WITH_COVER
/books/OL20101205M,FR,PROMISING,5,Méthodologie de recherche pour les intervenants sociaux,Robert Mayer,NO_LANGUAGE_EDITION_WITH_COVER
/books/OL20102811M,FR,PROMISING,5,Les nouveaux espaces ruraux de l'Europe atlantique,"Colloque ""Les nouveaux espaces ruraux de l'Europe atlantique"" (1999 Poitiers, France)",NO_LANGUAGE_EDITION_WITH_COVER
/books/OL20104097M,FR,PROMISING,5,L' Ambition de faire l'histoire,Henri Provisor,NO_LANGUAGE_EDITION_WITH_COVER
/books/OL20109729M,FR,PROMISING,5,Méthodes quantitatives,Robert Trudel,NO_LANGUAGE_EDITION_WITH_COVER
/books/OL20110736M,FR,PROMISING,5,Dictionnaire des sciences humaines,François Gresle,NO_LANGUAGE_EDITION_WITH_COVER
/books/OL20118202M,FR,PROMISING,5,Méthodes quantitatives,Nicole Lemieux,NO_LANGUAGE_EDITION_WITH_COVER
/books/OL20118252M,FR,PROMISING,5,Sciences humaines et méthodes quantitatives,Jean H. Guay,NO_LANGUAGE_EDITION_WITH_COVER
/books/OL20119552M,FR,PROMISING,5,"Masson, massacres",André Masson,NO_LANGUAGE_EDITION_WITH_COVER
/books/OL20125183M,FR,PROMISING,5,La politique du pays des merveilles,Georges Burdeau,NO_LANGUAGE_EDITION_WITH_COVER
/books/OL20133147M,FR,PROMISING,5,Éléments de rythmanalyse,Henri Lefebvre,NO_LANGUAGE_EDITION_WITH_COVER
/books/OL20133464M,FR,PROMISING,5,"Prendre la parole, guide pratique",Catherine Buchillet,NO_LANGUAGE_EDITION_WITH_COVER
/books/OL20134450M,FR,PROMISING,5,Paris le jour Paris la nuit,Brassaï,NO_VALID_PHYSICAL_COVER
/books/OL20139322M,FR,PROMISING,5,Délinquance systématisée des jeunes et vulnérabilité sociétale,Lode Walgrave,NO_LANGUAGE_EDITION_WITH_COVER
/books/OL20142649M,FR,PROMISING,5,L' analyse des formations sociales,Roberto Miguelez,NO_LANGUAGE_EDITION_WITH_COVER
/books/OL20148964M,FR,PROMISING,5,Itinéraires,Jean-Baptiste Duroselle,NO_LANGUAGE_EDITION_WITH_COVER
/books/OL20151576M,FR,PROMISING,5,Nomisation et réalité dynamiques,Jacques Marquet,NO_LANGUAGE_EDITION_WITH_COVER
/books/OL20168953M,FR,PROMISING,5,L' eléphant vert,Franz Hübner,NO_LANGUAGE_EDITION_WITH_COVER
/books/OL20171400M,FR,PROMISING,5,Cheval des îles,Peter Cumming | P. John Burden,NO_LANGUAGE_EDITION_WITH_COVER
/books/OL20172187M,FR,PROMISING,5,Les illusions républicaines,Claude Rousseau,NO_LANGUAGE_EDITION_WITH_COVER
/books/OL20177766M,FR,PROMISING,5,Eugène et le sultan,Odile Quirot,NO_LANGUAGE_EDITION_WITH_COVER
/books/OL20216696M,FR,PROMISING,5,Gens d'hier et d'aujourd'hui.,Grace Morrison,NO_LANGUAGE_EDITION_WITH_COVER
/books/OL20241291M,FR,PROMISING,5,Au nom ... et au-delà de la loi,Québec (Province). Groupe de travail chargé d'étudier l'application de la loi sur les jeunes contrevenants au Québec,NO_LANGUAGE_EDITION_WITH_COVER
/books/OL20256856M,FR,PROMISING,5,Bronzes archaïques de Chine,"Maud Girard-Geslan | Musée Guimet (Paris, France)",NO_LANGUAGE_EDITION_WITH_COVER
/books/OL20278355M,FR,PROMISING,5,Le grand voyage,Irene Bernard,NO_LANGUAGE_EDITION_WITH_COVER
/books/OL20280087M,FR,PROMISING,5,L' idée de nation chez Bède le vénérable,Georges Tugene,NO_LANGUAGE_EDITION_WITH_COVER
/books/OL20280498M,FR,PROMISING,5,Jouons avec les mots!,Anthony Mollica,NO_LANGUAGE_EDITION_WITH_COVER
/books/OL20307209M,FR,PROMISING,5,"Nauya, le petit esquimau",Yves Thériault,NO_LANGUAGE_EDITION_WITH_COVER
/books/OL20310316M,FR,PROMISING,5,Géopolitique et philosophies,Marc Imbeault,NO_LANGUAGE_EDITION_WITH_COVER
/books/OL20324138M,FR,PROMISING,5,"Science, technologie et développement endogène en Afrique - CASTAFRICA II",Conference of Ministers Responsible for the Application of Science and Technology to Development in Africa (2nd 1987 Arusha),NO_LANGUAGE_EDITION_WITH_COVER
/books/OL20333245M,FR,PROMISING,5,La maison infernale,Michel Lavoie,NO_LANGUAGE_EDITION_WITH_COVER
/books/OL20334386M,FR,PROMISING,5,Faïences de l'antiquité,Musée du Louvre,NO_LANGUAGE_EDITION_WITH_COVER
/books/OL20335088M,FR,PROMISING,5,Histoire des sodomites,Didier Godard,NO_VALID_PHYSICAL_COVER
/books/OL20338179M,FR,PROMISING,5,Le pionnier du Nouveau Monde,Michel Piquemal,NO_LANGUAGE_EDITION_WITH_COVER
/books/OL20370652M,FR,PROMISING,5,Fear of drowning by numbers règles du yeu,Paul Melia | Peter Greenaway | Alan Woods,NO_MATCHING_WORK
/books/OL20372264M,FR,PROMISING,5,Histoire de l'Asie centrale,Vincent Fourniau,NO_LANGUAGE_EDITION_WITH_COVER
/books/OL20390945M,FR,PROMISING,5,"Actes, premier colloque de bande dessinée de Montréal",Colloque de bande dessinée de Montréal (1st 1985),NO_LANGUAGE_EDITION_WITH_COVER
/books/OL20424382M,FR,PROMISING,5,Regard sur les groupes d'équité en matière d'emploi chez ceux ayant récemment obtenu un diplôme d'études postsecondaires,Ted Wannell,NO_LANGUAGE_EDITION_WITH_COVER
/books/OL20425847M,FR,STRONG,7,Le carnaval d'Arlequin,Jean-Claude Lapp,NO_LANGUAGE_EDITION_WITH_COVER
/books/OL20448531M,FR,PROMISING,5,Histoire des idées politiques,Marcel Prélot,NO_LANGUAGE_EDITION_WITH_COVER
/books/OL20458352M,FR,PROMISING,5,Histoire de la santé,André Rauch,NO_LANGUAGE_EDITION_WITH_COVER
/books/OL20495383M,FR,PROMISING,5,Enqêtes-sondages,Conseil des arts du Canada. Groupe consultatif sur les enquêtes-sondages.,NO_LANGUAGE_EDITION_WITH_COVER
/books/OL20562937M,FR,PROMISING,5,Politique du jeune Hegel,Myriam Bienenstock,NO_LANGUAGE_EDITION_WITH_COVER
/books/OL20574399M,FR,PROMISING,5,"Allez, Véronique, au violon!",Robert Soulières,NO_LANGUAGE_EDITION_WITH_COVER
/books/OL20574635M,FR,PROMISING,5,La clé mystérieuse,Marie-Andrée Mativat,NO_LANGUAGE_EDITION_WITH_COVER
/books/OL20574705M,FR,PROMISING,5,Un beau soleil,Claude Asselin,NO_LANGUAGE_EDITION_WITH_COVER
/books/OL20615335M,FR,PROMISING,5,Infractions d'ordre sexuel contre des enfants au Canada,Comité sur les infractions sexuelles à l'égard des enfants et des jeunes (Canada),NO_LANGUAGE_EDITION_WITH_COVER
/books/OL20632860M,FR,PROMISING,5,Tétouan,Jean Louis Miège,NO_LANGUAGE_EDITION_WITH_COVER
/books/OL20638578M,FR,PROMISING,5,Les représentations sociales de la violence chez des adolescents et des adolescentes d'origines ethniques différentes de Montréal,André Gobeil,NO_LANGUAGE_EDITION_WITH_COVER
/books/OL20638585M,FR,PROMISING,5,"Recherches qualitatives et recherches quantitatives, un même univers épistémologique",Huguette Clavette,NO_LANGUAGE_EDITION_WITH_COVER
/books/OL20638616M,FR,PROMISING,5,Prostitution juvénile masculine et identité personnelle,Germain Trottier,NO_LANGUAGE_EDITION_WITH_COVER
/books/OL20655556M,FR,PROMISING,5,Heritage and cultural attractions : a bibliography =,Canadian Tourism Commission.,NO_LANGUAGE_EDITION_WITH_COVER
/books/OL20658117M,FR,PROMISING,5,Prévenir le crime en investissant dans les familles et les collectivités,Conseil national de prévention du crime (Canada),NO_LANGUAGE_EDITION_WITH_COVER
/books/OL20672366M,FR,PROMISING,5,Les sociétés animales,Serge Aron,NO_LANGUAGE_EDITION_WITH_COVER
/books/OL20676022M,FR,PROMISING,5,Les jeunes et la violence,Centre national d'information sur la violence dans la famille (Canada),NO_LANGUAGE_EDITION_WITH_COVER
/books/OL20704748M,FR,PROMISING,5,Éléments de méthodologie et d'analyse statistique pour les sciences sociales,Alain Gilles,NO_LANGUAGE_EDITION_WITH_COVER
/books/OL20707231M,FR,PROMISING,5,Philosophie de la musique,"Mazzini, Giuseppe",NO_MATCHING_WORK
/books/OL20713786M,FR,PROMISING,5,Sciences humaines et sociales,Ontario. Ministère de l'éducation.,NO_LANGUAGE_EDITION_WITH_COVER
/books/OL20714785M,FR,PROMISING,5,L' optissimiste,Emile Habiby,NO_LANGUAGE_EDITION_WITH_COVER
/books/OL20726921M,FR,STRONG,7,Pouvoir et justice dans la tradition des peuples noirs,Fatou Kiné Camara,NO_LANGUAGE_EDITION_WITH_COVER
/books/OL20727084M,FR,PROMISING,5,"Répertoire des livres d'artistes au Québec, 1993-1997",Bibliothèque nationale du Québec,NO_LANGUAGE_EDITION_WITH_COVER
/books/OL20747528M,FR,PROMISING,5,L' islam et la science,Ernest Renan,NO_LANGUAGE_EDITION_WITH_COVER
/books/OL20749196M,FR,PROMISING,5,Lev Bakst,Léon Bakst,NO_LANGUAGE_EDITION_WITH_COVER
/books/OL20759206M,FR,PROMISING,5,"Haïti, une démocratie en perdition",Eric Sauray,NO_LANGUAGE_EDITION_WITH_COVER
/books/OL20761038M,FR,PROMISING,5,Le vocabulaire de Leibniz,Martine de Gaudemar,NO_LANGUAGE_EDITION_WITH_COVER
/books/OL20761381M,FR,PROMISING,5,Pouvoir et société,Francis Bailly,NO_LANGUAGE_EDITION_WITH_COVER
/books/OL20763539M,FR,PROMISING,5,Pour une sociologie de l'éthique,Paul Ladrière,NO_LANGUAGE_EDITION_WITH_COVER
/books/OL20771294M,FR,PROMISING,5,Gravures étrangères contemporaines,Bibliothèque royale Albert Ier.,NO_LANGUAGE_EDITION_WITH_COVER
/books/OL20782047M,FR,PROMISING,5,Les sciences de l'éducation,Association des enseignants et chercheurs en sciences de l'éducation (France),NO_LANGUAGE_EDITION_WITH_COVER
/books/OL20782489M,FR,PROMISING,5,Méthode et statistique expérimentales en sciences humaines,Patrick Rateau,NO_LANGUAGE_EDITION_WITH_COVER
/books/OL20800226M,FR,PROMISING,5,"Félix Vallotton, 1865-1925",Félix Vallotton,NO_LANGUAGE_EDITION_WITH_COVER
/books/OL20801030M,FR,PROMISING,5,Démocratie et éducation,John Dewey,NO_LANGUAGE_EDITION_WITH_COVER
/books/OL20802842M,FR,PROMISING,5,Le petit critique illustré,Lewis Trondheim | Harry Morgan,NO_LANGUAGE_EDITION_WITH_COVER
/books/OL20809289M,FR,PROMISING,5,Norman Bethune,Sharon Stewart,NO_LANGUAGE_EDITION_WITH_COVER
/books/OL20809316M,FR,PROMISING,5,Joseph Brant,Joanne Stanbridge,NO_LANGUAGE_EDITION_WITH_COVER
/books/OL20811368M,FR,PROMISING,5,Philosophie du renseignement,Isaac Ben-Israel,NO_LANGUAGE_EDITION_WITH_COVER
/books/OL20815260M,FR,PROMISING,5,Les bottes du Père Noël,Denys Bergeron,NO_LANGUAGE_EDITION_WITH_COVER
/books/OL20819342M,FR,PROMISING,5,"Le regroupement syndical des institutrices et des instituteurs, une perte de pouvoir pour les femmes",Hélène Massé,NO_LANGUAGE_EDITION_WITH_COVER
/books/OL20822026M,FR,PROMISING,5,Contes bleus,Andrée Soucie-Dubé,NO_LANGUAGE_EDITION_WITH_COVER
/books/OL20827692M,FR,PROMISING,5,Lecture et bande dessinée,Colloque international éducation et bande dessinée 1er La Roque d'Antheron 1977.,NO_LANGUAGE_EDITION_WITH_COVER
/books/OL20828935M,FR,PROMISING,5,Faïences et matières vitreuses de l'Orient ancien,Musée du Louvre. Département des antiquités orientales.,NO_LANGUAGE_EDITION_WITH_COVER
/books/OL20836492M,FR,PROMISING,5,La théorie vs la pratique en agriculture,J. C. Chapais,NO_LANGUAGE_EDITION_WITH_COVER
/books/OL20837515M,FR,PROMISING,5,Francs-maçons du midi,Paul Pistre,NO_LANGUAGE_EDITION_WITH_COVER
/books/OL20838069M,FR,PROMISING,5,La réserve de Sarcee,Muriel Manywounds,NO_LANGUAGE_EDITION_WITH_COVER
/books/OL20838379M,FR,PROMISING,5,Les examens de sciences et de mathématiques au secondaire,Québec (Province). Ministère de l'éducation.,NO_LANGUAGE_EDITION_WITH_COVER
/books/OL20864535M,FR,PROMISING,5,Sochineniya i pis'ma P.Ya. Chaadaeva,P. Ya Chaadaev,NO_LANGUAGE_EDITION_WITH_COVER
/books/OL20865931M,FR,PROMISING,5,Conflit civil et liberté,Marie Gaille-Nikodimov,NO_LANGUAGE_EDITION_WITH_COVER
/books/OL20866909M,FR,PROMISING,5,Ecrits de droit et de morale,Jean Barbeyrac,NO_LANGUAGE_EDITION_WITH_COVER
/books/OL20868080M,FR,PROMISING,5,Le trasformazioni delle élites in età tardoantica,"Convegno internazionale ""Le trasformazioni delle élites in età tardoantica (oriente e occidente fra IV e VI secolo d.C.)"" (2004 Perugia, Italy)",NO_LANGUAGE_EDITION_WITH_COVER
/books/OL20868106M,FR,PROMISING,5,Un serrurier en Nouvelle-France,Danielle Pigeon,NO_LANGUAGE_EDITION_WITH_COVER
/books/OL20880306M,FR,PROMISING,5,L' ultime honneur des intellectuels,François Laruelle,NO_LANGUAGE_EDITION_WITH_COVER
/books/OL20882173M,FR,PROMISING,5,Les élites urbaines au Moyen Age,"Congrès des médiévistes de l'enseignement supérieur (27th 1996 Rome, Italy)",NO_LANGUAGE_EDITION_WITH_COVER
/books/OL20884747M,FR,PROMISING,5,Teoria e prassi politica nelle opere di Plutarco,"Convegno di studi su Plutarco (5th 1993 Certosa di Pontignano, Italy)",NO_LANGUAGE_EDITION_WITH_COVER
/books/OL20903445M,FR,PROMISING,5,Franc-maçonnerie et sociétés secrètes contre Napoléon,Gérard Hertault,NO_LANGUAGE_EDITION_WITH_COVER
/books/OL20911441M,FR,PROMISING,5,Le roman et la vie,Acheng,NO_LANGUAGE_EDITION_WITH_COVER
/books/OL20915098M,FR,PROMISING,5,Philippe Ariès,Guillaume Gros,NO_LANGUAGE_EDITION_WITH_COVER
/books/OL20922507M,FR,PROMISING,5,La tournée 42,Patrick Burgel,NO_LANGUAGE_EDITION_WITH_COVER
/books/OL20922511M,FR,PROMISING,5,Des garçons et des cirques,Lionel Leroi,NO_LANGUAGE_EDITION_WITH_COVER
/books/OL20952442M,FR,PROMISING,5,Le symbolisme dans les collections du Petit Palais,"Musée du Petit Palais (Paris, France)",NO_LANGUAGE_EDITION_WITH_COVER
/books/OL20953000M,FR,PROMISING,5,L' Aventure de l'art au XXe siècle,"Anne; Ferrier, Jean-Louis Ed. Souleau-Joffre",NO_LANGUAGE_EDITION_WITH_COVER
/books/OL20955193M,FR,STRONG,7,Chanson pour Frédéric,Tania Boulet,NO_LANGUAGE_EDITION_WITH_COVER
/books/OL20959860M,FR,PROMISING,5,En voiture!,Beverley Allinson,NO_LANGUAGE_EDITION_WITH_COVER
/books/OL20968469M,FR,PROMISING,5,La violence chez les jeunes,Canada. Solliciteur général Canada.,NO_LANGUAGE_EDITION_WITH_COVER
/books/OL20987350M,FR,PROMISING,5,Paroles à rire,Centre de recherche sur l'oralité,NO_LANGUAGE_EDITION_WITH_COVER
/books/OL20994806M,FR,STRONG,7,Chantons sous l'Occupation,André Halimi,NO_LANGUAGE_EDITION_WITH_COVER
/books/OL20995884M,FR,PROMISING,5,Introduction à l'analyse des données issues d'une enquête,Alain d' Astous,NO_LANGUAGE_EDITION_WITH_COVER
/books/OL21012528M,FR,PROMISING,5,Actualité d'Ibn Khaldûn,Abdesselam Cheddadi,NO_LANGUAGE_EDITION_WITH_COVER
/books/OL21013923M,FR,PROMISING,5,Études érigéniennes.,Édouard Jeauneau,NO_LANGUAGE_EDITION_WITH_COVER
/books/OL21018931M,FR,PROMISING,5,Marie Rollet-Hébert,Kristin Butcher,NO_LANGUAGE_EDITION_WITH_COVER
/books/OL21019110M,FR,PROMISING,5,Maurice Ruddick,Joanne Stanbridge,NO_LANGUAGE_EDITION_WITH_COVER
/books/OL21019354M,FR,PROMISING,5,Wop May,Chelsea Donaldson,NO_LANGUAGE_EDITION_WITH_COVER
/books/OL21021634M,FR,PROMISING,5,Connaître par l'action,Yves Saint-Arnaud,NO_LANGUAGE_EDITION_WITH_COVER
/books/OL21021817M,FR,PROMISING,5,Péplum,"Colloque international des paralittératures de Chaudfontaine (2nd 1988 Chaudfontaine, Belgium).",NO_LANGUAGE_EDITION_WITH_COVER
/books/OL21022118M,FR,PROMISING,5,Les histoires générales de l'art,Carol Doyon,NO_LANGUAGE_EDITION_WITH_COVER
/books/OL21023256M,FR,STRONG,7,Concilier l'homme et le pouvoir,Joachim de Dreux-Brézé,NO_LANGUAGE_EDITION_WITH_COVER
/books/OL21024168M,FR,PROMISING,5,Sartre,André Menu,NO_LANGUAGE_EDITION_WITH_COVER
/books/OL21051414M,FR,PROMISING,5,Il fait beau et chaud,Normand Gaudreault,NO_LANGUAGE_EDITION_WITH_COVER
/books/OL21059981M,FR,PROMISING,5,Ce que les adolescents ne disent pas,Gilles Deslauriers,NO_LANGUAGE_EDITION_WITH_COVER
/books/OL21061334M,FR,PROMISING,5,Behaviorisme social,Arthur Wilbur Staats,NO_LANGUAGE_EDITION_WITH_COVER
/books/OL21062182M,FR,PROMISING,5,Les opérations post-ordinantes,André Cailleux,NO_LANGUAGE_EDITION_WITH_COVER
/books/OL21065227M,FR,PROMISING,5,Épistémologie,Mario Bunge,NO_LANGUAGE_EDITION_WITH_COVER
/books/OL21069635M,FR,PROMISING,5,Nunavimiut,Michel Noël,NO_LANGUAGE_EDITION_WITH_COVER
/books/OL21077871M,FR,PROMISING,5,Saint-Just,Jean-Jacques Lafaye,NO_LANGUAGE_EDITION_WITH_COVER
/books/OL21077885M,FR,PROMISING,5,Censures et caricatures,J.-M Renault,NO_LANGUAGE_EDITION_WITH_COVER
/books/OL21079321M,FR,PROMISING,5,Le contrôle dans les systèmes à base de connaissances,Bruno Bachimont,NO_LANGUAGE_EDITION_WITH_COVER
/books/OL21115928M,FR,PROMISING,5,Le problème de l'histoire et de la méthode dans la science bourgeoise moderne,Lajos Elekes,NO_LANGUAGE_EDITION_WITH_COVER
/books/OL21121538M,FR,PROMISING,5,Devenir compétitif et partenaire,Asted. Congrès,NO_LANGUAGE_EDITION_WITH_COVER
/books/OL21127343M,FR,PROMISING,5,La dynamique de l'Occident,Norbert Elias,NO_LANGUAGE_EDITION_WITH_COVER
/books/OL21134481M,FR,PROMISING,5,Petite vie de Jean-Jacques Olier,Bernard Pitaud,NO_LANGUAGE_EDITION_WITH_COVER
/books/OL21163896M,FR,PROMISING,5,Musée national des arts asiatiques-Guimet,"Musée Guimet (Paris, France)",NO_LANGUAGE_EDITION_WITH_COVER
/books/OL21164886M,FR,PROMISING,5,L' idée du déterminisme dans la physique classique et dans la physique moderne,Alexandre Kojève,NO_LANGUAGE_EDITION_WITH_COVER
/books/OL21172944M,FR,PROMISING,5,Ce quelque chose de juif qui résiste,Gérard Huber,NO_LANGUAGE_EDITION_WITH_COVER
/books/OL21173493M,FR,PROMISING,5,Lucien Lévy-Bruhl,Frederic Keck,NO_LANGUAGE_EDITION_WITH_COVER
/books/OL21178679M,FR,PROMISING,5,Apo to paramythi sta komiks,Euangelos Gr Audikos,NO_LANGUAGE_EDITION_WITH_COVER
/books/OL21189017M,FR,PROMISING,5,La cité et l'homme,Leo Strauss,NO_LANGUAGE_EDITION_WITH_COVER
/books/OL21196118M,FR,PROMISING,5,"La critique de la religion chez Spinoza, ou, Les fondements de la science spinoziste de la Bible",Leo Strauss,NO_LANGUAGE_EDITION_WITH_COVER
/books/OL21201907M,FR,PROMISING,5,Aspects du malaise dans la civilisation,"Colloque ""Psychanalyse et pratiques sociales"" (1st 1984 Paris, France)",NO_LANGUAGE_EDITION_WITH_COVER
/books/OL21203403M,FR,PROMISING,5,Le désir,Camille Dumoulié,NO_LANGUAGE_EDITION_WITH_COVER
/books/OL21204379M,FR,PROMISING,5,Drames humains et foi chrétienne,Société canadienne de théologie. Congrès,NO_LANGUAGE_EDITION_WITH_COVER
/books/OL21206622M,FR,PROMISING,5,Les problèmes de la philosophie de l'histoire,Georg Simmel,NO_LANGUAGE_EDITION_WITH_COVER
/books/OL21229077M,FR,PROMISING,5,Contribution à l'égyptologie,Isha Schwaller de Lubicz,NO_LANGUAGE_EDITION_WITH_COVER
/books/OL21237374M,FR,PROMISING,5,Les ovnis.,G. Robert McConnell,NO_LANGUAGE_EDITION_WITH_COVER
/books/OL2127302M,FR,PROMISING,5,De Raphaël à Corot,Museu de Arte de São Paulo Assis Chateaubriand.,NO_LANGUAGE_EDITION_WITH_COVER
/books/OL21284588M,FR,PROMISING,5,Leçons de philosophie naturelle,N. E. Morel,NO_LANGUAGE_EDITION_WITH_COVER
/books/OL21298689M,FR,PROMISING,5,Alfred Schutz et le projet d'une sociologie phénoménologique,Frédéric Tellier,NO_LANGUAGE_EDITION_WITH_COVER
/books/OL21307341M,FR,PROMISING,5,Kiki et Miquet en vacances,F. Chalaud | E. Griffith | Griffe.,NO_LANGUAGE_EDITION_WITH_COVER
/books/OL21316151M,FR,PROMISING,5,Les miserables : extraits,Victor Hugo,NO_LANGUAGE_EDITION_WITH_COVER
/books/OL21320969M,FR,PROMISING,5,Le Pacte National libanais de 1943 et la genese de l'identite et de la democratie libanaises,Bassem Rai,NO_LANGUAGE_EDITION_WITH_COVER
/books/OL21329473M,FR,PROMISING,5,Figures du pouvoir et figures du roi dans l'épopée médiévale européenne et l'épopée africaine,Colloque d'Amiens (2004),NO_LANGUAGE_EDITION_WITH_COVER
/books/OL21351534M,FR,PROMISING,5,Vers un nouveau pouvoir,Chantal Maillé,NO_LANGUAGE_EDITION_WITH_COVER
/books/OL21355724M,FR,PROMISING,5,La civilisation européenne,J. Mathiex,NO_LANGUAGE_EDITION_WITH_COVER
/books/OL21356203M,FR,PROMISING,5,Le musée du quai Branly,Armelle Lavalou,NO_LANGUAGE_EDITION_WITH_COVER
/books/OL21357336M,FR,PROMISING,5,Considérations sur le langage,André Patry,NO_LANGUAGE_EDITION_WITH_COVER
/books/OL21357967M,FR,PROMISING,5,Sciences et valeurs,Gérard Huber,NO_LANGUAGE_EDITION_WITH_COVER
/books/OL21360939M,FR,PROMISING,5,The malady of death,Marguerite Duras,NO_MATCHING_WORK
/books/OL21363660M,FR,PROMISING,5,L' architecture des templiers,Élie Lambert,NO_LANGUAGE_EDITION_WITH_COVER
/books/OL21364635M,FR,PROMISING,5,Le corps épris,Jean-Marie Frey,NO_LANGUAGE_EDITION_WITH_COVER
/books/OL21380366M,FR,PROMISING,5,How natives think,Lucien Lévy-Bruhl,NO_LANGUAGE_EDITION_WITH_COVER
/books/OL21399938M,FR,PROMISING,5,Raymond Aron,Serge Audier,NO_LANGUAGE_EDITION_WITH_COVER
/books/OL21402272M,FR,PROMISING,5,Une planète soumise aux dicktats [sic] du libre marché,Manon Des Ruisseaux,NO_LANGUAGE_EDITION_WITH_COVER
/books/OL21406282M,FR,PROMISING,5,François Boucher et l'art rocaille dans les collections de l'Ecole des beaux-arts,François Boucher,NO_LANGUAGE_EDITION_WITH_COVER
/books/OL21420306M,FR,PROMISING,5,Larousse de la BD,Patrick Gaumer,NO_LANGUAGE_EDITION_WITH_COVER
/books/OL21420324M,FR,PROMISING,5,Abd el-Kader,Kebir M. Ammi,NO_LANGUAGE_EDITION_WITH_COVER
/books/OL21421503M,FR,PROMISING,5,Montesquieu et l'emergence de l'économie politique,Céline Spector,NO_LANGUAGE_EDITION_WITH_COVER
/books/OL21422350M,FR,PROMISING,5,Roger Raveel et la nouvelle vision,Marc Ruyters,NO_LANGUAGE_EDITION_WITH_COVER
/books/OL21435425M,FR,PROMISING,5,Penser l'art à l'école,Pierre Bourdieu,NO_LANGUAGE_EDITION_WITH_COVER
/books/OL21435633M,FR,PROMISING,5,"De ville en ville, l'art au présent",Gaëtane Lamarche-Vadel,NO_LANGUAGE_EDITION_WITH_COVER
/books/OL21448006M,FR,PROMISING,5,L' avenir perdu,Annie Goetzinger,NO_LANGUAGE_EDITION_WITH_COVER
/books/OL21468677M,FR,PROMISING,5,Arc-en-sons 2,Éliane N. Nugent,NO_LANGUAGE_EDITION_WITH_COVER
/books/OL21470052M,FR,PROMISING,5,"Giuseppe Castiglione, dit Lang Shining, 1688-1766",Giuseppe Castiglione,NO_LANGUAGE_EDITION_WITH_COVER
/books/OL21474130M,FR,PROMISING,5,Porcelaine de Tournai,Claire Dumortier,NO_VALID_PHYSICAL_COVER
/books/OL21478060M,FR,PROMISING,5,Les Dubuffet de J. Dubuffet,Musée des arts décoratifs (France),NO_LANGUAGE_EDITION_WITH_COVER
/books/OL21480818M,FR,PROMISING,5,Le cahier mauve du Code vert,Chantal Laliberté,NO_LANGUAGE_EDITION_WITH_COVER
/books/OL21480831M,FR,PROMISING,5,Le cahier vert du Code vert,Guylaine Dault,NO_LANGUAGE_EDITION_WITH_COVER
/books/OL21480839M,FR,PROMISING,5,Le cahier jaune du Code vert,Brigitte Lareau,NO_LANGUAGE_EDITION_WITH_COVER
/books/OL21481333M,FR,PROMISING,5,Serpentin 3e année,Danielle Bergeron,NO_LANGUAGE_EDITION_WITH_COVER
/books/OL21493079M,FR,PROMISING,5,Mémo mag 6,France Le Petitcorps,NO_LANGUAGE_EDITION_WITH_COVER
/books/OL21544853M,FR,PROMISING,5,Essais d'anthropologie,Michèle Duchet,NO_LANGUAGE_EDITION_WITH_COVER
/books/OL21545166M,FR,PROMISING,5,L' amour philosophique,Didier Godard,NO_LANGUAGE_EDITION_WITH_COVER
/books/OL21547440M,FR,PROMISING,5,Introduction à la lecture de Sénèque,Henri II Estienne,NO_LANGUAGE_EDITION_WITH_COVER
/books/OL21550073M,FR,PROMISING,5,Pensée médiévale en occident,Marie-Thérèse d' Alverny,NO_LANGUAGE_EDITION_WITH_COVER
/books/OL21550529M,FR,PROMISING,5,"Système social, ou, Pricipes naturels de la morale et de la politique, avec un examen de l'influence du gouvernement sur les mœeurs",Josiane Boulad-Ayoub | Paul Henri Thiry baron d'Holbach,NO_LANGUAGE_EDITION_WITH_COVER
/books/OL21550664M,FR,PROMISING,5,Le trésor d'Alaric,Gérard Lupin,NO_LANGUAGE_EDITION_WITH_COVER
/books/OL21551078M,FR,PROMISING,5,Etudes sur le symbolisme de la Sagesse et sur l'iconographie,Marie-Thérèse d' Alverny,NO_LANGUAGE_EDITION_WITH_COVER
/books/OL21567281M,FR,PROMISING,5,Poderes públicos en la Europa medieval,"Semana de Estudios Medievales (23rd 1996 Estella, Spain)",NO_LANGUAGE_EDITION_WITH_COVER
/books/OL21574892M,FR,PROMISING,5,La destinée de l'homme selon Avicenne,Jean R. Michot,NO_LANGUAGE_EDITION_WITH_COVER
/books/OL21586393M,FR,PROMISING,5,"Le poème géographique de Dionysios, fils de Calliphon",Marcotte D.,NO_LANGUAGE_EDITION_WITH_COVER
/books/OL21586584M,FR,PROMISING,5,"Science, valeurs et rationalité",Roberto Miguelez,NO_LANGUAGE_EDITION_WITH_COVER
/books/OL21587690M,FR,PROMISING,5,Tendenda vela,Édouard Jeauneau,NO_LANGUAGE_EDITION_WITH_COVER
/books/OL21590638M,FR,PROMISING,5,Récit de voyage,Romuald Miville-desChênes,NO_LANGUAGE_EDITION_WITH_COVER
/books/OL21602200M,FR,PROMISING,5,Readapter et survivre,Gerald Lajoie,NO_LANGUAGE_EDITION_WITH_COVER
/books/OL21604543M,FR,PROMISING,5,Art roman en Alsace,Alain J. Lemaître,NO_LANGUAGE_EDITION_WITH_COVER
/books/OL21608707M,FR,PROMISING,5,La lutte et l'utopie à la fin des temps philosophiques,François Laruelle,NO_LANGUAGE_EDITION_WITH_COVER
/books/OL21609146M,FR,PROMISING,5,Arts traditionnels des Amérindiens,Michel Noël,NO_LANGUAGE_EDITION_WITH_COVER
/books/OL21610039M,FR,PROMISING,5,Le moussaillon de la Grande-Hermine,Josée Ouimet,NO_LANGUAGE_EDITION_WITH_COVER
/books/OL21610061M,FR,PROMISING,5,Sur les chemins de la préhistoire,Henri Breuil,NO_LANGUAGE_EDITION_WITH_COVER
/books/OL21612846M,FR,PROMISING,5,"Scienti-jeux, L'espace",Marcel Thouin,NO_LANGUAGE_EDITION_WITH_COVER
/books/OL21612849M,FR,PROMISING,5,"Scienti-jeux, Le temps",Marcel Thouin,NO_LANGUAGE_EDITION_WITH_COVER
/books/OL21612851M,FR,PROMISING,5,Scienti-jeux 2,Marcel Thouin,NO_LANGUAGE_EDITION_WITH_COVER
/books/OL21612854M,FR,PROMISING,5,"Jeux de sciences, L'espace",Marcel Thouin,NO_LANGUAGE_EDITION_WITH_COVER
/books/OL21612857M,FR,PROMISING,5,Jeux de sciences,Marcel Thouin,NO_LANGUAGE_EDITION_WITH_COVER
/books/OL21612860M,FR,PROMISING,5,"Jeux de sciences, La matière",Marcel Thouin,NO_LANGUAGE_EDITION_WITH_COVER
/books/OL21612862M,FR,PROMISING,5,"Jeux de sciences, L'énergie",Marcel Thouin,NO_LANGUAGE_EDITION_WITH_COVER
/books/OL21612863M,FR,PROMISING,5,"Jeux de sciences, Le temps",Marcel Thouin,NO_LANGUAGE_EDITION_WITH_COVER
/books/OL21612867M,FR,PROMISING,5,Jeux de sciences 2,Marcel Thouin,NO_LANGUAGE_EDITION_WITH_COVER
/books/OL21613649M,FR,PROMISING,5,"Le personnage, art dramatique et centres d'écriture - Niveau 1",Mariette Théberge,NO_LANGUAGE_EDITION_WITH_COVER
/books/OL21613653M,FR,PROMISING,5,"Le personnage, art dramatique et centres d'écriture - Niveau 2",Mariette Théberge,NO_LANGUAGE_EDITION_WITH_COVER
/books/OL21613656M,FR,PROMISING,5,"Le personnage, art dramatique et centres d'écriture - Niveau 3",Mariette Théberge,NO_LANGUAGE_EDITION_WITH_COVER
/books/OL21615710M,FR,PROMISING,5,Vie familiale et éducation sexuelle,Jacques Gascon,NO_LANGUAGE_EDITION_WITH_COVER
/books/OL21615911M,FR,PROMISING,5,Viens voir mon école,Raymond Paradis,NO_LANGUAGE_EDITION_WITH_COVER
/books/OL21624706M,FR,PROMISING,5,L' Asie française,Henri Servien,NO_LANGUAGE_EDITION_WITH_COVER
/books/OL21630451M,FR,PROMISING,5,Le partage du pouvoir dans les Hébrides écossaises,Nathalie Coffre-Baneux,NO_LANGUAGE_EDITION_WITH_COVER
/books/OL21689007M,FR,PROMISING,5,Les femmes et la criminalité,Marie Andrée Bertrand,NO_LANGUAGE_EDITION_WITH_COVER
/books/OL21689979M,FR,PROMISING,5,L' éveil à soi,"Nishida, Kitarō",NO_LANGUAGE_EDITION_WITH_COVER
/books/OL21706740M,FR,PROMISING,5,Répertoire géographique des étudiants du midi de la France (1561-1793),Patrick Ferté,NO_LANGUAGE_EDITION_WITH_COVER
/books/OL21721987M,FR,PROMISING,5,Eugène Boudin (1824-1898),Eugène Boudin,NO_LANGUAGE_EDITION_WITH_COVER
/books/OL21755662M,FR,PROMISING,5,Le voyage de Babar.,Jean de Brunhoff,NO_LANGUAGE_EDITION_WITH_COVER
/books/OL21767648M,FR,PROMISING,5,La nouvelle alliance,Ilya Prigogine,NO_LANGUAGE_EDITION_WITH_COVER
/books/OL21768136M,FR,PROMISING,5,Eloïse,Kay Thompson,NO_LANGUAGE_EDITION_WITH_COVER
/books/OL21769501M,FR,PROMISING,5,Ces 200 familles qui possèdent la France,Pierre-Henri de Menthon,NO_LANGUAGE_EDITION_WITH_COVER
/books/OL21775625M,FR,STRONG,7,Spot va à l'École.,Eric Hill,NO_LANGUAGE_EDITION_WITH_COVER
/books/OL21777002M,FR,PROMISING,5,Le texte divisé,Marie-Claire Ropars-Wuilleumier,NO_LANGUAGE_EDITION_WITH_COVER
/books/OL21779746M,FR,PROMISING,5,L' entretien des illusions,François Séguret,NO_LANGUAGE_EDITION_WITH_COVER
/books/OL21782404M,FR,PROMISING,5,L' usurpation; ou. le roman de Marc Aurèle.,Francois Fontaine,NO_LANGUAGE_EDITION_WITH_COVER
/books/OL21782788M,FR,PROMISING,5,La modernité manquée du structuralisme,Maxime Parodi,NO_LANGUAGE_EDITION_WITH_COVER
/books/OL21789026M,FR,PROMISING,5,Un monde sans élites,Michel Guénaire,NO_LANGUAGE_EDITION_WITH_COVER
/books/OL21790383M,FR,PROMISING,5,Science in Islam and classical modernity =,Rushdī Rāshid,NO_LANGUAGE_EDITION_WITH_COVER
/books/OL21792645M,FR,PROMISING,5,Le manipulateur,Frederick Forsyth,NO_LANGUAGE_EDITION_WITH_COVER
/books/OL21792677M,FR,PROMISING,5,L' alternative de Diable.,Frederick Forsyth,NO_MATCHING_WORK
/books/OL21794026M,FR,PROMISING,5,"Résumé des cours, 1970-1982",Michel Foucault,NO_MATCHING_WORK
/books/OL21794216M,FR,PROMISING,5,Alain Decaux raconte l'histoier de France aux enfants.,Alain Decaux,NO_LANGUAGE_EDITION_WITH_COVER
/books/OL21794225M,FR,PROMISING,5,Les révolutions de France etd'Amérique,Georges Gusdorf,NO_LANGUAGE_EDITION_WITH_COVER
/books/OL21794661M,FR,PROMISING,5,Du rififi au Proche-Orient,Auguste Le Breton,NO_LANGUAGE_EDITION_WITH_COVER
/books/OL21795072M,FR,PROMISING,5,"Nostradamus, historien et prophète",Jean de Fontbrune,NO_LANGUAGE_EDITION_WITH_COVER
/books/OL21796257M,FR,PROMISING,5,Les Mots dans lapeinture,Michel Butor,NO_LANGUAGE_EDITION_WITH_COVER
/books/OL21796423M,FR,PROMISING,5,Tunisie,Gilbert Tanugi,NO_LANGUAGE_EDITION_WITH_COVER
/books/OL21796440M,FR,PROMISING,5,Le triangle des landes.,Bernard Manciet,NO_LANGUAGE_EDITION_WITH_COVER
/books/OL21797291M,FR,PROMISING,5,"Manuel républicain de l'homme et du citoyen, 1848.",Ch Renouvier,NO_LANGUAGE_EDITION_WITH_COVER
/books/OL21799446M,FR,PROMISING,5,Dieux et démons de l'Himâlaya,"Grand Palais, Paris.",NO_VALID_PHYSICAL_COVER
/books/OL21799472M,FR,PROMISING,5,Le Louvre d'Hubert Robert,Hubert Robert,NO_VALID_PHYSICAL_COVER
/books/OL21799826M,FR,PROMISING,5,"Les "" Masses de granit""",Louis Bergeron,NO_MATCHING_WORK
/books/OL21805940M,FR,PROMISING,5,Défense de l'université et de la philosophie,Victor Cousin,NO_LANGUAGE_EDITION_WITH_COVER
/books/OL21806125M,FR,PROMISING,5,Arnulf Rainer,Arnulf Rainer,NO_LANGUAGE_EDITION_WITH_COVER
/books/OL21806747M,FR,PROMISING,5,Le meuble populaire français,Guillaume Janneau,NO_LANGUAGE_EDITION_WITH_COVER
/books/OL21807356M,FR,PROMISING,5,Découverte de la terre,Jules Verne,NO_LANGUAGE_EDITION_WITH_COVER
/books/OL21807363M,FR,PROMISING,5,Le Parisien Chez lui au XIXe siècle 1814-1914,Archives nationales.,NO_LANGUAGE_EDITION_WITH_COVER
/books/OL21809260M,FR,PROMISING,5,L' art moderne en Belgique.,Marc Eemans,NO_LANGUAGE_EDITION_WITH_COVER
/books/OL21811736M,FR,PROMISING,5,La sainte virilité.,Emmanuel Reynaud,NO_LANGUAGE_EDITION_WITH_COVER
/books/OL21812632M,FR,STRONG,7,Martin Kippenberger,Martin Kippenberger,NO_LANGUAGE_EDITION_WITH_COVER
/books/OL21812739M,FR,PROMISING,5,Sémiotiqueet philosophie,Georges Kalinowski,NO_LANGUAGE_EDITION_WITH_COVER
/books/OL21830435M,FR,STRONG,7,Universel Ignace de Loyola!,Michèle Aumont,NO_LANGUAGE_EDITION_WITH_COVER
/books/OL21861151M,FR,PROMISING,5,Neigenoire et les sept chiens,Victor Lévy Beaulieu,NO_LANGUAGE_EDITION_WITH_COVER
/books/OL21896995M,FR,PROMISING,5,Blum,Jérôme Michel,NO_LANGUAGE_EDITION_WITH_COVER
/books/OL21898915M,FR,PROMISING,5,À la recherche du facteur humain,Social Sciences and Humanities Research Council of Canada. | Conseil de recherches en sciences humaines du Canada.,NO_LANGUAGE_EDITION_WITH_COVER
/books/OL21900690M,FR,PROMISING,5,Les grandes menaces,Marie-Hélène Jarry,NO_LANGUAGE_EDITION_WITH_COVER
/books/OL21922580M,FR,PROMISING,5,Majorelle,Roselyne Bouvier,NO_LANGUAGE_EDITION_WITH_COVER
/books/OL21924629M,FR,PROMISING,5,1820 [i. e. Dix-huit cent vingt]-1920 [i. e. dix-neuf cent vingt],Gérald Schurr,NO_LANGUAGE_EDITION_WITH_COVER
/books/OL21946932M,FR,PROMISING,5,La couleur dans la peinture moderne,Gila Ballas,NO_LANGUAGE_EDITION_WITH_COVER
/books/OL21959370M,FR,PROMISING,5,Zoom.,Michel Audet,NO_LANGUAGE_EDITION_WITH_COVER
/books/OL22031254M,FR,PROMISING,5,L' invention de la critique d'art,P. Frangne,NO_LANGUAGE_EDITION_WITH_COVER
/books/OL22055061M,FR,PROMISING,5,Science et communication,Que sais-je? | Joao Caraca | João Caraça,NO_LANGUAGE_EDITION_WITH_COVER
/books/OL22059684M,FR,PROMISING,5,Le secret de l'île Beausoleil,Daniel Marchildon,NO_LANGUAGE_EDITION_WITH_COVER
/books/OL22067304M,FR,PROMISING,5,Force de loi,Jacques Derrida,NO_LANGUAGE_EDITION_WITH_COVER
/books/OL22128325M,FR,PROMISING,5,L' enseignement des élites en Europe centrale (19-20e siècles),"Histoire sociale de l'education des elites en Europe Centrale (1996 Kraków, Poland)",NO_LANGUAGE_EDITION_WITH_COVER
/books/OL22135212M,FR,PROMISING,5,Éthique et politique,André Morazain,NO_LANGUAGE_EDITION_WITH_COVER
/books/OL22137999M,FR,PROMISING,5,Le Paris de Beauvoir =,Barbara Klaw,NO_LANGUAGE_EDITION_WITH_COVER
/books/OL22138164M,FR,PROMISING,5,Méthodologie de la recherche,Mathieu Guidère,NO_LANGUAGE_EDITION_WITH_COVER
/books/OL22138930M,FR,PROMISING,5,Histoire de France depuis l'invasion des Francs jusqu'en 1865,Ancien instituteur.,NO_LANGUAGE_EDITION_WITH_COVER
/books/OL22140319M,FR,PROMISING,5,Faut-il faire des enfants,Bruno Jay,NO_LANGUAGE_EDITION_WITH_COVER
/books/OL22144556M,FR,PROMISING,5,"Scienti-jeux, la vie et l'environnement",Marcel Thouin,NO_LANGUAGE_EDITION_WITH_COVER
/books/OL22144558M,FR,PROMISING,5,"Scienti-jeux, l'énergie",Marcel Thouin,NO_LANGUAGE_EDITION_WITH_COVER
/books/OL22144787M,FR,PROMISING,5,La montagne des dix mille bouddhas,Kyong-nyol Yun,NO_LANGUAGE_EDITION_WITH_COVER
/books/OL22148413M,FR,PROMISING,5,On history,Fernand Braudel,NO_LANGUAGE_EDITION_WITH_COVER
/books/OL22151436M,FR,PROMISING,5,Catalogue,Matḥaf al-Uqṣur lil-Fann al-Miṣrī al-Qadīm.,NO_LANGUAGE_EDITION_WITH_COVER
/books/OL22154166M,FR,PROMISING,5,"L' organisation en réseau, mythes et réalités",Michel Ferrary,NO_LANGUAGE_EDITION_WITH_COVER
/books/OL22156092M,FR,PROMISING,5,La signature scientifique,David Pontille,NO_LANGUAGE_EDITION_WITH_COVER
/books/OL22158685M,FR,PROMISING,5,Produits fermiers,Marc Mormont | Pierre Stassart,NO_LANGUAGE_EDITION_WITH_COVER
/books/OL22166144M,FR,PROMISING,5,Civilisations et puissance,Georges Balandier,NO_LANGUAGE_EDITION_WITH_COVER
/books/OL22169271M,FR,PROMISING,5,Penser en société,Philip Pettit,NO_LANGUAGE_EDITION_WITH_COVER
/books/OL22175161M,FR,PROMISING,5,La comparaison dans les sciences sociales,Cécile Vigour,NO_LANGUAGE_EDITION_WITH_COVER
/books/OL22177103M,FR,PROMISING,5,Plaisirs de chats,Roger Paré,NO_VALID_PHYSICAL_COVER
/books/OL22177890M,FR,PROMISING,5,Isolement et mesures disciplinaires dans les centres de réadaptation pour jeunes,Julie Desrosiers,NO_LANGUAGE_EDITION_WITH_COVER
/books/OL22183516M,FR,PROMISING,5,La pratique de recherche en sciences humaines,Réjean Huot,NO_LANGUAGE_EDITION_WITH_COVER
/books/OL22183526M,FR,PROMISING,5,Les méthodes de recherche en sciences sociales,Claire Selltiz,NO_LANGUAGE_EDITION_WITH_COVER
/books/OL22183528M,FR,PROMISING,5,"The significance test controversy ; a reader, edited by Denton E. Morrisson and Ramon E. Henkel",Denton E. Morrisson,NO_LANGUAGE_EDITION_WITH_COVER
/books/OL22183598M,FR,PROMISING,5,Explorations in Social Research,Jeanne Kohl,NO_LANGUAGE_EDITION_WITH_COVER
/books/OL22186896M,FR,PROMISING,5,Development policies,Anthony Hall | James Midgley,NO_LANGUAGE_EDITION_WITH_COVER
/books/OL22188325M,FR,PROMISING,5,Introduction aux théories politiques,Denis Monière,NO_LANGUAGE_EDITION_WITH_COVER
/books/OL22188414M,FR,PROMISING,5,Dreams of Equality,Joan Sangster,NO_LANGUAGE_EDITION_WITH_COVER
/books/OL22190843M,FR,PROMISING,5,La loi sur les jeunes contrevenants,Canada. Ministère de la justice,NO_LANGUAGE_EDITION_WITH_COVER
/books/OL22191480M,FR,PROMISING,5,Infractions sexuelles à l'égard des enfants,Comité sur les infractions sexuelles à l'égard des enfants et des jeunes (Canada),NO_LANGUAGE_EDITION_WITH_COVER
/books/OL22213741M,FR,PROMISING,5,La Mobilité sociale dans le monde romain,Université des sciences humaines de Strasbourg. Institut d'histoire romaine. Colloque,NO_LANGUAGE_EDITION_WITH_COVER
/books/OL22215998M,FR,PROMISING,5,Ecrits,J. F. Mathey,NO_LANGUAGE_EDITION_WITH_COVER
/books/OL22221236M,FR,PROMISING,5,Pour libérer l'homme de l'homme,Jean-Philippe Berthold,NO_LANGUAGE_EDITION_WITH_COVER
/books/OL22221299M,FR,PROMISING,5,L' enseignement des sciences humaines au primaire,Colloque sur l'enseignement des sciences humaines au primaire,NO_LANGUAGE_EDITION_WITH_COVER
/books/OL22225512M,FR,STRONG,7,Les conduites antisociales des filles,Pierrette Verlaan,NO_LANGUAGE_EDITION_WITH_COVER
/books/OL22232924M,FR,PROMISING,5,"Die u, yahweh allâh",Katia Mrowiec,NO_LANGUAGE_EDITION_WITH_COVER
/books/OL22234327M,FR,PROMISING,5,Méthodes des sciences sociales,Eric Savarèse,NO_LANGUAGE_EDITION_WITH_COVER
/books/OL22234692M,FR,PROMISING,5,L' instinct du récit,Robert Fulford,NO_LANGUAGE_EDITION_WITH_COVER
/books/OL22236606M,FR,PROMISING,5,Sociologie de la traduction,M. Akrich,NO_LANGUAGE_EDITION_WITH_COVER
/books/OL22239486M,FR,PROMISING,5,L' adaptation au cinéma,Frédéric Sabouraud,NO_LANGUAGE_EDITION_WITH_COVER
/books/OL22243936M,FR,PROMISING,5,L' argent dans la culture moderne et autres essais sur l'économie de la vie,Georg Simmel,NO_LANGUAGE_EDITION_WITH_COVER
/books/OL22258650M,FR,PROMISING,5,"Rôles, action sociale et vie subjective",Gély Raphaël,NO_LANGUAGE_EDITION_WITH_COVER
/books/OL22260284M,FR,PROMISING,5,Les radios de proximité,Jean Kouchner,NO_LANGUAGE_EDITION_WITH_COVER
/books/OL22260569M,FR,STRONG,7,Des mythes fondateurs pour notre humanité,Michel Meslin,NO_LANGUAGE_EDITION_WITH_COVER
/books/OL22261409M,FR,PROMISING,5,"Incertitude, pouvoir et résistance",Carol Levasseur,NO_LANGUAGE_EDITION_WITH_COVER
/books/OL22262163M,FR,PROMISING,5,Esthétique sociologique,Georg Simmel,NO_LANGUAGE_EDITION_WITH_COVER
/books/OL22309112M,FR,PROMISING,5,Guide bibliographique des lettres françaises et québécoises,Michèle Archambault,NO_LANGUAGE_EDITION_WITH_COVER
/books/OL22325855M,FR,PROMISING,5,Le pouvoir,Rencontres internationales Geneva 1977.,NO_LANGUAGE_EDITION_WITH_COVER
/books/OL22351251M,FR,PROMISING,5,"La guerre, la violence et les gens au Moyen Âge",Congrès National des Sociétés Historiques et Scientifiques (119th 1994 Amiens),NO_LANGUAGE_EDITION_WITH_COVER
/books/OL22355175M,FR,PROMISING,5,Carnet de dessins.,Miquel Barcelo,NO_LANGUAGE_EDITION_WITH_COVER
/books/OL22387563M,FR,PROMISING,5,Barry Flanagan,Barry Flanagan,NO_LANGUAGE_EDITION_WITH_COVER
/books/OL22394783M,FR,PROMISING,5,"Répertoire professionnel de la bande dessinée francophone, 2000-2001",Catherine Ternaux,NO_LANGUAGE_EDITION_WITH_COVER
/books/OL22414552M,FR,PROMISING,5,Le sarcophage,Pierre Christin,NO_LANGUAGE_EDITION_WITH_COVER
/books/OL22428744M,FR,PROMISING,5,Subversions du sujet,Slavoj Žižek,NO_LANGUAGE_EDITION_WITH_COVER
/books/OL22433314M,FR,PROMISING,5,Atlas historique des six provinces du sud du Vietnam,Philippe Langlet,NO_LANGUAGE_EDITION_WITH_COVER
/books/OL22448166M,FR,PROMISING,5,New testamental pictures,Gilbert,NO_LANGUAGE_EDITION_WITH_COVER
/books/OL22460930M,FR,PROMISING,5,Danser avec le IIIe Reich,Laure Guilbert,NO_LANGUAGE_EDITION_WITH_COVER
/books/OL22464103M,FR,PROMISING,5,La salle aux trésors,Musées royaux d'art et d'histoire (Belgium),NO_LANGUAGE_EDITION_WITH_COVER
/books/OL22471078M,FR,PROMISING,5,Agir dans l'Esprit,François-Régis Wilhélem,NO_LANGUAGE_EDITION_WITH_COVER
/books/OL22483047M,FR,PROMISING,5,meuble français en laque au XVIIIe siècle,Thibaut Wolvesperges,NO_LANGUAGE_EDITION_WITH_COVER
/books/OL22486859M,FR,PROMISING,5,L' art préhistorique du Poitou-Charentes,Jean Clottes | Jean Airvaux,NO_LANGUAGE_EDITION_WITH_COVER
/books/OL22493187M,FR,PROMISING,5,"L' E.N.A., miroir de l'Etat",Jean-Michel Gaillard,NO_LANGUAGE_EDITION_WITH_COVER
/books/OL22495351M,FR,PROMISING,5,Littérature et philosophie,Camille Dumoulié,NO_LANGUAGE_EDITION_WITH_COVER
/books/OL22550390M,FR,PROMISING,5,Ernest Pignon-Ernest,Ernest Pignon-Ernest,NO_LANGUAGE_EDITION_WITH_COVER
/books/OL22559515M,FR,PROMISING,5,Psychanalyse de l'État et de la mondialisation,Christian Nots,NO_LANGUAGE_EDITION_WITH_COVER
/books/OL22568606M,FR,PROMISING,5,Marlène Dumas,Ilaria Bonacossa,NO_LANGUAGE_EDITION_WITH_COVER
/books/OL22570704M,FR,PROMISING,5,Saints et diables au chapeau,Denis Bruna,NO_LANGUAGE_EDITION_WITH_COVER
/books/OL22577609M,FR,PROMISING,5,Les ouvriers du signe,Valère-Marie Marchand,NO_LANGUAGE_EDITION_WITH_COVER
/books/OL22589861M,FR,PROMISING,5,Philosophie de la forme,A. Motte,NO_LANGUAGE_EDITION_WITH_COVER
/books/OL22597496M,FR,PROMISING,5,Le royaume de Congo,Duarte Lopes | Pigafetta /Lopes,NO_LANGUAGE_EDITION_WITH_COVER
/books/OL22598951M,FR,PROMISING,5,Elkab.,H. Vandekerckhove | R. Muller-wollermann | Hans Vandekerckhove,NO_LANGUAGE_EDITION_WITH_COVER
/books/OL2260013M,FR,PROMISING,5,De Manet à Picasso,Museu de Arte de São Paulo Assis Chateaubriand.,NO_LANGUAGE_EDITION_WITH_COVER
/books/OL22601710M,FR,PROMISING,5,La religion de Guizot,Pierre-Yves Kirschleger,NO_LANGUAGE_EDITION_WITH_COVER
/books/OL22601832M,FR,PROMISING,5,Au royaume des aveugles (2002),Jean Baudrillard,NO_LANGUAGE_EDITION_WITH_COVER
/books/OL22618499M,FR,PROMISING,5,Une société à la dérive,Cornelius Castoriadis,NO_LANGUAGE_EDITION_WITH_COVER
/books/OL22619729M,FR,PROMISING,5,Géopolitique et pouvoirs,Marc Imbeault,NO_LANGUAGE_EDITION_WITH_COVER
/books/OL22619929M,FR,PROMISING,5,Entre passion et résistance,Bernard Foccroulle,NO_LANGUAGE_EDITION_WITH_COVER
/books/OL22620290M,FR,PROMISING,5,"Rome, le prince et la cité",Stéphane Benoist,NO_LANGUAGE_EDITION_WITH_COVER
/books/OL22636534M,FR,PROMISING,5,L' art et la chasse,Bénédicte Ottinger,NO_LANGUAGE_EDITION_WITH_COVER
/books/OL22655410M,FR,PROMISING,5,La cour des miracles,Sophie Houdart,NO_LANGUAGE_EDITION_WITH_COVER
/books/OL22660975M,FR,STRONG,7,"Réformer l'ENA, réformer l'élite",Pierre-Henri d' Argenson,NO_LANGUAGE_EDITION_WITH_COVER
/books/OL22687042M,FR,PROMISING,5,Pathways to power,"International Workshop Pathways to power, civic elites in the Eastern part of the Roman Empire (2005 Athens, Greece)",NO_LANGUAGE_EDITION_WITH_COVER
/books/OL22688369M,FR,STRONG,7,Traité à l'usage de mes potes de droite qui ont du mal à kiffer la France de Diam's,Matthieu Grimpret,NO_LANGUAGE_EDITION_WITH_COVER
/books/OL22715365M,FR,PROMISING,5,Evocation de Hallaj,Kebir M. Ammi,NO_LANGUAGE_EDITION_WITH_COVER
/books/OL22721951M,FR,PROMISING,5,La religion et la pensée prises au piège de l'autocratie,Muḥammad Khātamī,NO_LANGUAGE_EDITION_WITH_COVER
/books/OL22729861M,FR,PROMISING,5,Jazz,Hervé Guilleminot,NO_LANGUAGE_EDITION_WITH_COVER
/books/OL22732672M,FR,PROMISING,5,"Michel Butor, l'écriture nomade",Bibliothèque nationale de France.,NO_VALID_PHYSICAL_COVER
/books/OL22736845M,FR,PROMISING,5,La premiere guerre mondiale,Simon Adams,NO_LANGUAGE_EDITION_WITH_COVER
/books/OL22737019M,FR,PROMISING,5,Les miserables I,Victor Hugo,NO_LANGUAGE_EDITION_WITH_COVER
/books/OL22768147M,FR,PROMISING,5,"Boucher, Watteau and the origin of the Rococo",François Boucher,NO_LANGUAGE_EDITION_WITH_COVER
/books/OL22794856M,FR,PROMISING,5,René Guénon,Jean Ursin,NO_LANGUAGE_EDITION_WITH_COVER
/books/OL22850141M,FR,PROMISING,5,De l'idéalisme au réalisme,Romain Brethes,NO_LANGUAGE_EDITION_WITH_COVER
/books/OL22852688M,FR,PROMISING,5,Le nouvel homme nouveau,Antoine Robitaille,NO_LANGUAGE_EDITION_WITH_COVER
/books/OL22854277M,FR,PROMISING,5,Gérard Schlosser,Bernard Noël,NO_LANGUAGE_EDITION_WITH_COVER
/books/OL22898700M,FR,PROMISING,5,Collection privée,Jean-Jacques Ably,NO_LANGUAGE_EDITION_WITH_COVER
/books/OL22907363M,FR,PROMISING,5,Estampes japonaises,Musées royaux d'art et d'histoire (Belgium),NO_LANGUAGE_EDITION_WITH_COVER
/books/OL22942817M,FR,PROMISING,5,"Bat, l'enfant de Mongolie",Christiane Drieux,NO_LANGUAGE_EDITION_WITH_COVER
/books/OL22942823M,FR,PROMISING,5,"Kari, l'enfant de Laponie",Christiane Drieux,NO_LANGUAGE_EDITION_WITH_COVER
/books/OL22967721M,FR,PROMISING,5,De Henri IV à Louis XVI,François Godicheau,NO_LANGUAGE_EDITION_WITH_COVER
/books/OL22967925M,FR,STRONG,7,Pas facile d'être un nuage,Luis Zuazua,NO_LANGUAGE_EDITION_WITH_COVER
/books/OL22991777M,FR,PROMISING,5,Clinique de l'acte analytique,Marc Thiberge,NO_LANGUAGE_EDITION_WITH_COVER
/books/OL23050578M,FR,PROMISING,5,Album d'une vie,Victor Hugo,NO_LANGUAGE_EDITION_WITH_COVER
/books/OL23057959M,FR,PROMISING,5,Eva a perdu Martin,Dona Casarin,NO_LANGUAGE_EDITION_WITH_COVER
/books/OL23072111M,FR,PROMISING,5,Laidie Pépète sorcière disco,Christine Naumann-Villemin,NO_LANGUAGE_EDITION_WITH_COVER
/books/OL23072167M,FR,PROMISING,5,Salomé veut une histoire...,Christine Naumann-Villemin,NO_LANGUAGE_EDITION_WITH_COVER
/books/OL23094269M,FR,PROMISING,5,Le dieu des hirondelles,Victor Hugo,NO_LANGUAGE_EDITION_WITH_COVER
/books/OL23098211M,FR,STRONG,7,La première promenade de Spot,Eric Hill,NO_LANGUAGE_EDITION_WITH_COVER
/books/OL23104464M,FR,PROMISING,5,World Trade angels,Fabrice Colin,NO_LANGUAGE_EDITION_WITH_COVER
/books/OL23107754M,FR,PROMISING,5,Soleil d' hiver,Jorge Elías Luján,NO_MATCHING_WORK
/books/OL23119214M,FR,PROMISING,5,Les enfants d'Eve,Bernard Werber,NO_LANGUAGE_EDITION_WITH_COVER
/books/OL23121756M,FR,PROMISING,5,Galilée,Orietta Ombrosi,NO_LANGUAGE_EDITION_WITH_COVER
/books/OL23149075M,FR,PROMISING,5,Deux hommes sur un cheval,Didier Godard,NO_LANGUAGE_EDITION_WITH_COVER
/books/OL23149616M,FR,PROMISING,5,"Rooms, conversations =",Dora García,NO_LANGUAGE_EDITION_WITH_COVER
/books/OL23152339M,FR,PROMISING,5,Nature fragile,Claude d' Anthenaise,NO_LANGUAGE_EDITION_WITH_COVER
/books/OL23174049M,FR,PROMISING,5,Être chercheur au XXIe siècle,Pierre-Yves Connan,NO_LANGUAGE_EDITION_WITH_COVER
/books/OL23176808M,FR,PROMISING,5,Les châteaux de la Loire,Jean-François Blondel,NO_LANGUAGE_EDITION_WITH_COVER
/books/OL23176812M,FR,PROMISING,5,Comprendre les symboles en peinture,Françoise Barbe-Gall,NO_LANGUAGE_EDITION_WITH_COVER
/books/OL23178530M,FR,PROMISING,5,Dans la brousse des Karamokos,Jacques Richard-Molard,NO_LANGUAGE_EDITION_WITH_COVER
/books/OL23179805M,FR,PROMISING,5,La production de la transcendance,Lionel Moutot,NO_LANGUAGE_EDITION_WITH_COVER
/books/OL23194934M,FR,PROMISING,5,De l'esclave à l'empereur,Musée du Louvre,NO_LANGUAGE_EDITION_WITH_COVER
/books/OL23195546M,FR,PROMISING,5,Édition de sciences humaines et sociales : le cœur en danger,Sophie Barluet,NO_LANGUAGE_EDITION_WITH_COVER
/books/OL23196457M,FR,PROMISING,5,De l'individu au citoyen,Soumaya Mestiri,NO_LANGUAGE_EDITION_WITH_COVER
/books/OL23196587M,FR,PROMISING,5,La parallaxe,Slavoj Žižek,NO_LANGUAGE_EDITION_WITH_COVER
/books/OL23200530M,FR,PROMISING,5,"Old England et le Musée des instruments de musique, Bruxelles",Anne-Marie Pirlot | Liliane Liesens | Eric Hennaut,NO_LANGUAGE_EDITION_WITH_COVER
/books/OL23204668M,FR,PROMISING,5,Les orientalistes,Stéphane Richemond,NO_LANGUAGE_EDITION_WITH_COVER
/books/OL23209410M,FR,STRONG,7,La faillite des cadres et intellectuels africains,Roland Ahouélété Yaovi Holou,NO_LANGUAGE_EDITION_WITH_COVER
/books/OL23209943M,FR,PROMISING,5,L'antienne Égypte,Jean-Pierre Gaxie,NO_LANGUAGE_EDITION_WITH_COVER
/books/OL23211788M,FR,PROMISING,5,La gifle au goût public-- et après?,Gaëtane Lamarche-Vadel,NO_LANGUAGE_EDITION_WITH_COVER
/books/OL23214644M,FR,PROMISING,5,L'homme pensé par l'homme,Hua Cai,NO_LANGUAGE_EDITION_WITH_COVER
/books/OL23215188M,FR,STRONG,7,La gauche française,Christian Savés,NO_LANGUAGE_EDITION_WITH_COVER
/books/OL23217117M,FR,PROMISING,5,Concertation et partenariat,Denis Bourque,NO_LANGUAGE_EDITION_WITH_COVER
/books/OL23220665M,FR,PROMISING,5,Cinema e fumetto,"Convegno internazionale di studi sul cinema (15th 2008 Udine, Italy)",NO_LANGUAGE_EDITION_WITH_COVER
/books/OL23232342M,FR,PROMISING,5,Réconcilier l'islam et la science moderne,Nidhal Guessoum,NO_LANGUAGE_EDITION_WITH_COVER
/books/OL2334708M,FR,STRONG,7,Comics and visual culture,Hans-Dieter Dyroff | Alphons Silbermann,NO_LANGUAGE_EDITION_WITH_COVER
/books/OL23389523M,FR,PROMISING,5,Saisons paysannes,Gérard Boutet,NO_LANGUAGE_EDITION_WITH_COVER
/books/OL23391261M,FR,PROMISING,5,"Carnets boliviens, 1999-2007",Franck Poupeau,NO_LANGUAGE_EDITION_WITH_COVER
/books/OL23391502M,FR,PROMISING,5,Sociologie pour les sciences sociales,Marc Penouil,NO_LANGUAGE_EDITION_WITH_COVER
/books/OL23394092M,FR,PROMISING,5,À la recherche de l'humanité,Terence Marshall,NO_LANGUAGE_EDITION_WITH_COVER
/books/OL23394180M,FR,PROMISING,5,Bande dessinée franco-belge et imaginaire colonial,Philippe Delisle,NO_LANGUAGE_EDITION_WITH_COVER
/books/OL23531735M,FR,STRONG,7,"Subjectivité et idéologie, dans le contexte de la philosophie de la modernité",Nelson Guzmán,NO_LANGUAGE_EDITION_WITH_COVER
/books/OL23531995M,FR,PROMISING,5,Le sable des chemins,Valère-Marie Marchand,NO_LANGUAGE_EDITION_WITH_COVER
/books/OL23539389M,FR,PROMISING,5,Ubïq,Mathieu Briand,NO_LANGUAGE_EDITION_WITH_COVER
/books/OL23552813M,FR,PROMISING,5,"Que serait un travail social qui ne serait ni théologique, ni politique?",Association lacanienne internationale. Département de travail social. Journées d'étude,NO_LANGUAGE_EDITION_WITH_COVER
/books/OL23557194M,FR,PROMISING,5,Le bestiaire d'André Masson,André Masson,NO_LANGUAGE_EDITION_WITH_COVER
/books/OL23574645M,FR,PROMISING,5,"La halle des messageries de la gare d'Austerlitz, 1927-1929",Nicolas Nogue,NO_LANGUAGE_EDITION_WITH_COVER
/books/OL23608210M,FR,PROMISING,5,Vrais et faux problèmes de justice sociale,Arsène Mwezi,NO_LANGUAGE_EDITION_WITH_COVER
/books/OL23608296M,FR,PROMISING,5,Les enfants et la loi de la jungle,Claire Brisset,NO_LANGUAGE_EDITION_WITH_COVER
/books/OL23613162M,FR,PROMISING,5,Lepage,Serge Buch,NO_LANGUAGE_EDITION_WITH_COVER
/books/OL23617862M,FR,PROMISING,5,Voyage au pays des Baloutches,Stéphane A. Dudoignon,NO_LANGUAGE_EDITION_WITH_COVER
/books/OL23620271M,FR,PROMISING,5,Berugī Ōritsu Bijutsukan ten,Musées royaux des beaux-arts de Belgique.,NO_LANGUAGE_EDITION_WITH_COVER
/books/OL23630645M,FR,PROMISING,5,Petit atlas des phénomènes naturels,Anne Debroise,NO_LANGUAGE_EDITION_WITH_COVER
/books/OL23635602M,FR,PROMISING,5,Animaux et philosophes,Lucien Malson,NO_LANGUAGE_EDITION_WITH_COVER
/books/OL23636356M,FR,PROMISING,5,Générations démocrates,Nicolas Monceau,NO_LANGUAGE_EDITION_WITH_COVER
/books/OL23637392M,FR,PROMISING,5,"Complexité, systémique et herméneutique",Gisèle Héllou,NO_LANGUAGE_EDITION_WITH_COVER
/books/OL23646590M,FR,PROMISING,5,Le déclassement,Camille Peugny,NO_LANGUAGE_EDITION_WITH_COVER
/books/OL23647196M,FR,PROMISING,5,Jean-Georges Cornélius,Olivier Levasseur,NO_LANGUAGE_EDITION_WITH_COVER
/books/OL23670820M,FR,STRONG,7,"Exprimer l'esprit, temps et langage chez Bergson",Axel Cherniavsky,NO_LANGUAGE_EDITION_WITH_COVER
/books/OL23670841M,FR,STRONG,7,L'Ouzbékistan à l'ère de l'identité nationale,Laurent Bazin,NO_LANGUAGE_EDITION_WITH_COVER
/books/OL23671437M,FR,PROMISING,5,Snob society,Francis Dorléans,NO_LANGUAGE_EDITION_WITH_COVER
/books/OL23680230M,FR,PROMISING,5,Souffrir pour écrire,Stéphane Dompierre,NO_LANGUAGE_EDITION_WITH_COVER
/books/OL23685644M,FR,PROMISING,5,Gauches-- l'espoir trahi!,Pierre André Bazéma,NO_LANGUAGE_EDITION_WITH_COVER
/books/OL23723972M,FR,PROMISING,5,Réflexions sur le pouvoir,Bernard Plouvier,NO_LANGUAGE_EDITION_WITH_COVER
/books/OL23740540M,FR,PROMISING,5,Les élites postcoloniales et le pouvoir politique en Afrique subsaharienne,Mathieu Petithomme,NO_LANGUAGE_EDITION_WITH_COVER
/books/OL23865265M,FR,PROMISING,5,Les experts cathodiques,Caroline Lensing-Hebben,NO_LANGUAGE_EDITION_WITH_COVER
/books/OL23868296M,FR,PROMISING,5,La rigueur du qualitatif,Jean-Pierre Olivier de Sardan,NO_LANGUAGE_EDITION_WITH_COVER
/books/OL23939015M,FR,PROMISING,5,L'invisibilité sociale,Guillaume Le Blanc,NO_LANGUAGE_EDITION_WITH_COVER
/books/OL23950453M,FR,PROMISING,5,Jim Steranko,Guillaume Laborie,NO_LANGUAGE_EDITION_WITH_COVER
/books/OL23953360M,FR,PROMISING,5,Toy comix,Musée des arts décoratifs (France),NO_LANGUAGE_EDITION_WITH_COVER
/books/OL23999982M,FR,PROMISING,5,Ville panique,Paul Virilio,NO_LANGUAGE_EDITION_WITH_COVER
/books/OL24009985M,FR,PROMISING,5,Les dynasties normandes,Jean-Pierre Chaline,NO_LANGUAGE_EDITION_WITH_COVER
/books/OL24018597M,FR,PROMISING,5,Les apocalypses de Jack Kirby,Harry Morgan,NO_LANGUAGE_EDITION_WITH_COVER
/books/OL24020700M,FR,PROMISING,5,Guy Bégin,PHYLLIS C. YAFFE | Phyllis Cohen Yaffe,NO_LANGUAGE_EDITION_WITH_COVER
/books/OL24047615M,FR,PROMISING,5,La muse parodique,Daniel Grojnowski,NO_LANGUAGE_EDITION_WITH_COVER
/books/OL24067850M,FR,PROMISING,5,L'ascenseur social en panne,Philippe Godard,NO_LANGUAGE_EDITION_WITH_COVER
/books/OL24067951M,FR,STRONG,7,L'entreprise en psychanalyse,Emmanuel Castille,NO_LANGUAGE_EDITION_WITH_COVER
/books/OL24078992M,FR,PROMISING,5,De Hegel à Marx,Francis Paul Bénoit,NO_LANGUAGE_EDITION_WITH_COVER
/books/OL2421250M,FR,PROMISING,5,Approches de la modernité,Jean-Marie Domenach,NO_LANGUAGE_EDITION_WITH_COVER
/books/OL24387298M,FR,STRONG,7,Le juste et l'injuste,Yann Guillaud,NO_LANGUAGE_EDITION_WITH_COVER
/books/OL24389285M,FR,PROMISING,5,32 ans de bande dessinée,Philippe Morin,NO_LANGUAGE_EDITION_WITH_COVER
/books/OL24393518M,FR,PROMISING,5,É̋lites et pouvoir en Égypte ancienne,Juan Carlos Moreno Garcia,NO_LANGUAGE_EDITION_WITH_COVER
/books/OL24414714M,FR,PROMISING,5,Raison contre pouvoir,Noam Chomsky,NO_LANGUAGE_EDITION_WITH_COVER
/books/OL24417757M,FR,PROMISING,5,"Actes du colloque savant et populaire au Moyen age et à la renaissance, octobre 2000",Kullīyat al-Ādāb bi-Manūbah. Groupe d'etudes du Moyen age et du seizième siècle,NO_LANGUAGE_EDITION_WITH_COVER
/books/OL24426747M,FR,PROMISING,5,Transmettre le savoir,Cécil Guitart,NO_LANGUAGE_EDITION_WITH_COVER
/books/OL24426974M,FR,PROMISING,5,La simplicité volontaire contre le mythe de l'abondance,Paul Ariès,NO_LANGUAGE_EDITION_WITH_COVER
/books/OL24429031M,FR,PROMISING,5,L'impatience de la liberté,Nicolas-Alexandre Dupont,NO_LANGUAGE_EDITION_WITH_COVER
/books/OL24447507M,FR,PROMISING,5,Grandes écoles,Thomas Lebègue,NO_LANGUAGE_EDITION_WITH_COVER
/books/OL24451037M,FR,PROMISING,5,Begegnungen und Auseinandersetzungen,Trutz von Trotha,NO_LANGUAGE_EDITION_WITH_COVER
/books/OL24455637M,FR,PROMISING,5,"Spirou, Tintin et Cie, une littérature catholique?",Philippe Delisle,NO_LANGUAGE_EDITION_WITH_COVER
/books/OL24455892M,FR,PROMISING,5,"La Gauche, les noirs et les Arabes",Laurent Lévy,NO_LANGUAGE_EDITION_WITH_COVER
/books/OL24456724M,FR,PROMISING,5,Charles Maurras,Tony Kunter,NO_LANGUAGE_EDITION_WITH_COVER
/books/OL24465017M,FR,PROMISING,5,Le commerce des idées philosophiques,Louis Pinto,NO_LANGUAGE_EDITION_WITH_COVER
/books/OL24467015M,FR,PROMISING,5,"Sexe, race, classe",Elsa Dorlin,NO_LANGUAGE_EDITION_WITH_COVER
/books/OL24467045M,FR,PROMISING,5,Résister au libéralisme,François Huguenin,NO_LANGUAGE_EDITION_WITH_COVER
/books/OL24482911M,FR,PROMISING,5,La politique de Machiavel,Cristina Ion,NO_LANGUAGE_EDITION_WITH_COVER
/books/OL24483504M,FR,PROMISING,5,Les sciences sociales en voyage,Eberhard Kienle,NO_LANGUAGE_EDITION_WITH_COVER
/books/OL24483706M,FR,PROMISING,5,La Russie,Isabelle Facon,NO_LANGUAGE_EDITION_WITH_COVER
/books/OL24537523M,FR,PROMISING,5,"Dynamique des savoirs, dynamique des changements",Pascal Béguin,NO_LANGUAGE_EDITION_WITH_COVER
/books/OL24544256M,FR,PROMISING,5,"Le politique, fin de règne",Daniel Le Scornet,NO_LANGUAGE_EDITION_WITH_COVER
/books/OL24556607M,FR,PROMISING,5,Autour de l'Espagne des validos (1598-1645),Christian Andres,NO_LANGUAGE_EDITION_WITH_COVER
/books/OL24561093M,FR,PROMISING,5,Souveraineté et impuissance dans l'oeuvre de Robert Walser,Konrad Harrer,NO_LANGUAGE_EDITION_WITH_COVER
/books/OL24569346M,FR,STRONG,7,Perceptions sociales de la science et de la technologie en pays basque,Eguzki Urteaga,NO_LANGUAGE_EDITION_WITH_COVER
/books/OL24569592M,FR,PROMISING,5,"Malheurs de la science, malaise des chercheurs",Jacques P. Borel,NO_LANGUAGE_EDITION_WITH_COVER
/books/OL24569685M,FR,PROMISING,5,La culture du haut Moyen Âge,François Bougard,NO_LANGUAGE_EDITION_WITH_COVER
/books/OL24576654M,FR,PROMISING,5,Individu et pouvoir dans les pays islamo-méditerranéens,Mohamed-Hédi Cherif,NO_LANGUAGE_EDITION_WITH_COVER
/books/OL24797296M,FR,PROMISING,5,Des rois au prince,Ivana Savalli-Lestrade,NO_LANGUAGE_EDITION_WITH_COVER
/books/OL24803281M,FR,PROMISING,5,La métamorphose du pouvoir,Eric Delbecque,NO_LANGUAGE_EDITION_WITH_COVER
/books/OL24803316M,FR,PROMISING,5,Jacques Rancière et la politique de l'esthétique,Jérôme Game,NO_LANGUAGE_EDITION_WITH_COVER
/books/OL24805228M,FR,PROMISING,5,Pour en finir avec novembre,Sylvain Lemay,NO_LANGUAGE_EDITION_WITH_COVER
/books/OL24818600M,FR,STRONG,7,Refonder Haïti?,Pierre Buteau,NO_LANGUAGE_EDITION_WITH_COVER
/books/OL24818731M,FR,PROMISING,5,Une radicalité joyeusement mélancolique,Daniel Bensaïd,NO_LANGUAGE_EDITION_WITH_COVER
/books/OL24821939M,FR,PROMISING,5,Qu'ils s'en aillent tous!,Jean-Luc Mélenchon,NO_LANGUAGE_EDITION_WITH_COVER
/books/OL24822457M,FR,PROMISING,5,Le nazisme et nous,Jean-Franc̜ois Lessard,NO_LANGUAGE_EDITION_WITH_COVER
/books/OL24822458M,FR,PROMISING,5,Pensées rebelles,Diane Lamoureux,NO_LANGUAGE_EDITION_WITH_COVER
/books/OL24824355M,FR,PROMISING,5,"La gauche, est-elle morale?",Christophe Prochasson,NO_LANGUAGE_EDITION_WITH_COVER
/books/OL24841169M,FR,STRONG,7,Les enigmes enfin décryptées,Ernest Olivier Kounang,NO_LANGUAGE_EDITION_WITH_COVER
/books/OL24841271M,FR,PROMISING,5,La classe-état algérienne 1962-2000,Rachid Ouaissa,NO_LANGUAGE_EDITION_WITH_COVER
/books/OL24843959M,FR,PROMISING,5,"Enquêter, de quel droit",Sylvain Laurens,NO_LANGUAGE_EDITION_WITH_COVER
/books/OL24845257M,FR,PROMISING,5,Qu'est-ce qu'avoir du pouvoir?,Charles Pépin,NO_LANGUAGE_EDITION_WITH_COVER
/books/OL24845386M,FR,PROMISING,5,Penser le présent,Chantal Delsol,NO_LANGUAGE_EDITION_WITH_COVER
/books/OL24850858M,FR,PROMISING,5,Eloge du politique,Vincent Peillon,NO_LANGUAGE_EDITION_WITH_COVER
/books/OL24852275M,FR,PROMISING,5,La cité et ses élites,Laurent Capdetrey,NO_LANGUAGE_EDITION_WITH_COVER
/books/OL24854990M,FR,PROMISING,5,Le populisme climatique,Stéphane Foucart,NO_LANGUAGE_EDITION_WITH_COVER
/books/OL24855079M,FR,PROMISING,5,L'amitié et les sciences,Jean-Charles Darmon,NO_LANGUAGE_EDITION_WITH_COVER
/books/OL24855095M,FR,PROMISING,5,La science en otage,Jean Staune,NO_LANGUAGE_EDITION_WITH_COVER
/books/OL24856955M,FR,PROMISING,5,La réforme du vrai,Gérard Nissim Amzallag,NO_LANGUAGE_EDITION_WITH_COVER
/books/OL24860201M,FR,PROMISING,5,Paradoxien der Legitimation,"Deutsch-italienisch-französischen Villa Vigoni-Konferenz zur Macht im Mittelalter (2007 Loveno, Italy)",NO_LANGUAGE_EDITION_WITH_COVER
/books/OL24861385M,FR,STRONG,7,L'influence française dans la socialisation des élites féminines brésiliennes,Angela Xavier de Brito,NO_LANGUAGE_EDITION_WITH_COVER
/books/OL24862837M,FR,PROMISING,5,Fragments du communisme en Europe centrale,Rose Marie Lagrave,NO_LANGUAGE_EDITION_WITH_COVER
/books/OL24864390M,FR,PROMISING,5,Processus,"Mendez, Ariel Prof",NO_LANGUAGE_EDITION_WITH_COVER
/books/OL24865361M,FR,PROMISING,5,Le pouvoir des grandes familles,Marie Cousin,NO_LANGUAGE_EDITION_WITH_COVER
/books/OL24865401M,FR,PROMISING,5,Tireurs d'élites,Jean-Paul Brighelli,NO_LANGUAGE_EDITION_WITH_COVER
/books/OL24866124M,FR,PROMISING,5,Enquête sur la formation des élites,François Garçon,NO_LANGUAGE_EDITION_WITH_COVER
/books/OL24868078M,FR,PROMISING,5,"La monnaie, le prince et le marchand",Benoît Santiano,NO_LANGUAGE_EDITION_WITH_COVER
/books/OL24882925M,FR,PROMISING,5,La grammaire de la république,Jean-Louis Fournel,NO_LANGUAGE_EDITION_WITH_COVER
/books/OL24883435M,FR,PROMISING,5,"Les mangas pour jeunes filles, figures du sexuel à l'adolescence",Joëlle Nouhet-Roseman,NO_LANGUAGE_EDITION_WITH_COVER
/books/OL24895406M,FR,PROMISING,5,Pour une gauche à gauche,Pierre Dubuc,NO_LANGUAGE_EDITION_WITH_COVER
/books/OL24899267M,FR,PROMISING,5,Actualité du compromis,Mohamed Nachi,NO_LANGUAGE_EDITION_WITH_COVER
/books/OL24909628M,FR,PROMISING,5,Parodies,Thierry Groensteen,NO_LANGUAGE_EDITION_WITH_COVER
/books/OL24913474M,FR,PROMISING,5,"Diener, Herr, Herrschaft?",Brigitte Burrichter,NO_LANGUAGE_EDITION_WITH_COVER
/books/OL24921607M,FR,PROMISING,5,Le small bang,Étienne Klein,NO_LANGUAGE_EDITION_WITH_COVER
/books/OL24925344M,FR,PROMISING,5,Les élites grenobloises des lumières à la monarchie de juillet,Sylvain Turc,NO_LANGUAGE_EDITION_WITH_COVER
/books/OL24925355M,FR,PROMISING,5,Anatomie politique de la domination,Béatrice Hibou,NO_LANGUAGE_EDITION_WITH_COVER
/books/OL25003210M,FR,PROMISING,5,Pédagogie de la bande dessinée,Philippe Sohet,NO_LANGUAGE_EDITION_WITH_COVER
/books/OL25010917M,FR,PROMISING,5,Well begun is only half done,Vasileios Syros,NO_LANGUAGE_EDITION_WITH_COVER
/books/OL25014969M,FR,PROMISING,5,Economie et psychanalyse,Dominique Jacques Roth,NO_LANGUAGE_EDITION_WITH_COVER
/books/OL25015032M,FR,PROMISING,5,"Foucault, la gauche et la politique",José Luis Moreno Pestaña,NO_LANGUAGE_EDITION_WITH_COVER
/books/OL25015040M,FR,PROMISING,5,"Foucault, Deleuze, Althusser & Marx",Isabelle Garo,NO_LANGUAGE_EDITION_WITH_COVER
/books/OL25023920M,FR,PROMISING,5,Réformes de politiques institutionnelles et action publique =,Peter Knoepfel | Pascal Broulis,NO_LANGUAGE_EDITION_WITH_COVER
/books/OL25027316M,FR,PROMISING,5,100 cases de maîtres,Gilles Ciment | Thierry Groensteen,NO_LANGUAGE_EDITION_WITH_COVER
/books/OL25028760M,FR,PROMISING,5,"Humains, non-humains",Sophie Houdart | Olivier Thiery,NO_LANGUAGE_EDITION_WITH_COVER
/books/OL25028777M,FR,STRONG,7,Maintenant Henri Lefebvre,Armand Ajzenberg,NO_LANGUAGE_EDITION_WITH_COVER
/books/OL25029292M,FR,PROMISING,5,Terminologie et vulgarisation scientifique,T. Yaovi Tchitchi,NO_LANGUAGE_EDITION_WITH_COVER
/books/OL25031482M,FR,PROMISING,5,Le collège de la République,Christian Alain Muller,NO_LANGUAGE_EDITION_WITH_COVER
/books/OL25038001M,FR,PROMISING,5,Oser la vraie rupture,Pierre Zarka,NO_LANGUAGE_EDITION_WITH_COVER
/books/OL25044280M,FR,PROMISING,5,Passagen,René Ceballos,NO_LANGUAGE_EDITION_WITH_COVER
/books/OL25045087M,FR,PROMISING,5,Les élites politiques genevoises,Christophe Vuilleumier,NO_LANGUAGE_EDITION_WITH_COVER
/books/OL25056776M,FR,PROMISING,5,Les biopics du pouvoir politique de l'Antiquité au XIXe siècle,Martin Barnier,NO_LANGUAGE_EDITION_WITH_COVER
/books/OL25058193M,FR,PROMISING,5,"Figures d'empire, fragments de mémoire",Stéphane Benoist,NO_LANGUAGE_EDITION_WITH_COVER
/books/OL25063194M,FR,STRONG,7,Les dynasties du pouvoir de l'argent,Gabriel Milési,NO_LANGUAGE_EDITION_WITH_COVER
/books/OL25063670M,FR,PROMISING,5,"Simone Weil, lectures politiques",Valérie Gérard,NO_LANGUAGE_EDITION_WITH_COVER
/books/OL25071187M,FR,STRONG,7,La haute fonction publique au Gabon,Fabrice Nfoule Mba,NO_LANGUAGE_EDITION_WITH_COVER
/books/OL25080225M,FR,PROMISING,5,La bande dessinée contemporaine,Fabrice Preyat | Björn-Olav Dozo,NO_LANGUAGE_EDITION_WITH_COVER
/books/OL25081154M,FR,PROMISING,5,La bande dessinée et son double,Jean-Christophe Menu,NO_LANGUAGE_EDITION_WITH_COVER
/books/OL25081639M,FR,PROMISING,5,Pouvoir gouverner la république démocratique du Congo,Robin Masangana Diamaka,NO_LANGUAGE_EDITION_WITH_COVER
/books/OL25081951M,FR,PROMISING,5,Cornelius Castoriadis,Philippe Caumières,NO_LANGUAGE_EDITION_WITH_COVER
/books/OL25088263M,FR,PROMISING,5,L'utopie du changement de régime,Albert Mamadou Sy,NO_LANGUAGE_EDITION_WITH_COVER
/books/OL25090093M,FR,PROMISING,5,L'horizon des sciences en Afrique,Yaovi Akakpo,NO_LANGUAGE_EDITION_WITH_COVER
/books/OL25092618M,FR,PROMISING,5,La question du pouvoir en Afrique,Jean-Marie Tchegho,NO_LANGUAGE_EDITION_WITH_COVER
/books/OL25096185M,FR,PROMISING,5,Rire à la Renaissance,Marie-Madeleine Fontaine,NO_LANGUAGE_EDITION_WITH_COVER
/books/OL25097387M,FR,STRONG,7,"La République, a-t-elle encore un sens?",Daniel Arnaud,NO_LANGUAGE_EDITION_WITH_COVER
/books/OL25103704M,FR,STRONG,7,Graines de résistance,André Mesin,NO_LANGUAGE_EDITION_WITH_COVER
/books/OL25103823M,FR,PROMISING,5,De Tintin au Congo à Odilon Verjus,Philippe Delisle,NO_LANGUAGE_EDITION_WITH_COVER
/books/OL25104120M,FR,STRONG,7,"Saint-Louis du Sénégal, et si le développement n'était qu'une chimère",Mouhamedoune Abdoulaye Fall,NO_LANGUAGE_EDITION_WITH_COVER
/books/OL25117638M,FR,PROMISING,5,Les arcanes du Triangle secret,Joël Gregogna,NO_LANGUAGE_EDITION_WITH_COVER
/books/OL25117879M,FR,PROMISING,5,Les gauches en France depuis 1945,Mathias Bernard,NO_LANGUAGE_EDITION_WITH_COVER
/books/OL25118081M,FR,PROMISING,5,"Les scientifiques, jouent-ils aux dés?",R.-E Eastes,NO_LANGUAGE_EDITION_WITH_COVER
/books/OL25133517M,FR,PROMISING,5,Les études de sciences,Joëlle Le Marec,NO_LANGUAGE_EDITION_WITH_COVER
/books/OL25134285M,FR,PROMISING,5,Les nouveaux empires,Anne Salmon,NO_LANGUAGE_EDITION_WITH_COVER
/books/OL25135131M,FR,PROMISING,5,"Humour, ironie et dérision chez Camus",Colloque international sur Albert Camus,NO_LANGUAGE_EDITION_WITH_COVER
/books/OL25145392M,FR,STRONG,7,"La gauche et les mouvements ""noirs"" en Jamaïque",Antony Ceyrat,NO_LANGUAGE_EDITION_WITH_COVER
/books/OL25164085M,FR,PROMISING,5,La révolution humaniste mondiale et la mondialisation des sciences humaines,Jean Guilhot,NO_LANGUAGE_EDITION_WITH_COVER
/books/OL25165266M,FR,STRONG,7,Feudalism,Thomas Lindkvist | Sverre Bagge | Michael H. Gelting,NO_LANGUAGE_EDITION_WITH_COVER
/books/OL25176473M,FR,PROMISING,5,Séraphin illustré,Claude-Henri Grignon,NO_LANGUAGE_EDITION_WITH_COVER
/books/OL25176615M,FR,PROMISING,5,Kyôto-Tokyô,Jean-Paul Desroches,NO_LANGUAGE_EDITION_WITH_COVER
/books/OL25179216M,FR,PROMISING,5,"Psychanalystes et travailleurs sociaux en institution, reste-t-il encore des libertés face aux astreintes?",Association lacanienne internationale. Département de travail social. Journées d'étude,NO_LANGUAGE_EDITION_WITH_COVER
/books/OL25189376M,FR,PROMISING,5,Le prix de la fraude,Ali Zoromé,NO_LANGUAGE_EDITION_WITH_COVER
/books/OL25195254M,FR,STRONG,7,L'éthique de Kropotkine,Raphaëlle Beaudin-Fontainha,NO_LANGUAGE_EDITION_WITH_COVER
/books/OL25197224M,FR,PROMISING,5,Du pouvoir et des hommes,Jean-Pierre Friedman,NO_LANGUAGE_EDITION_WITH_COVER
/books/OL25197344M,FR,STRONG,7,Enjeux épistémologiques et idéologiques de la globalisation pour les sciences sociales,Bernard Hours | Bernard Castelli,NO_LANGUAGE_EDITION_WITH_COVER
/books/OL25204530M,FR,PROMISING,5,De l'intérieur du désastre,Pierre Bourlier,NO_LANGUAGE_EDITION_WITH_COVER
/books/OL25205160M,FR,STRONG,7,La ville de Saint-Marc,Lemarec Destin,NO_LANGUAGE_EDITION_WITH_COVER
/books/OL25212690M,FR,PROMISING,5,Le rock dans la bande dessinée,Bruno Rival,NO_LANGUAGE_EDITION_WITH_COVER
/books/OL25212691M,FR,PROMISING,5,Pirates & corsaires dans la bande dessinée,Philippe Tomblaine,NO_LANGUAGE_EDITION_WITH_COVER
/books/OL25212702M,FR,PROMISING,5,Presse et pouvoir,Philippe Reinhard,NO_LANGUAGE_EDITION_WITH_COVER
/books/OL25213491M,FR,PROMISING,5,Grant Morrison,Yann Graf,NO_LANGUAGE_EDITION_WITH_COVER
/books/OL25213659M,FR,PROMISING,5,Graine de chef,Samba Niaré,NO_LANGUAGE_EDITION_WITH_COVER
/books/OL25213826M,FR,PROMISING,5,José Cabrero Arnal,Philippe Guillen,NO_LANGUAGE_EDITION_WITH_COVER
/books/OL25219423M,FR,PROMISING,5,Les mots sont importants,Sylvie Tissot,NO_LANGUAGE_EDITION_WITH_COVER
/books/OL25244409M,FR,PROMISING,5,Le coton et l'Islam,Marie Philiponeau,NO_LANGUAGE_EDITION_WITH_COVER
/books/OL25248072M,FR,PROMISING,5,La gauche et la préférence immigrée,Hervé Algalarrondo,NO_LANGUAGE_EDITION_WITH_COVER
/books/OL25250615M,FR,PROMISING,5,La promise,Myriam Tonelotto,NO_LANGUAGE_EDITION_WITH_COVER
/books/OL25250768M,FR,PROMISING,5,"Bébert au bistrot ""Le fond du verre est frais""",Sébastien G. Couture,NO_MATCHING_WORK
/books/OL25254037M,FR,PROMISING,5,Gouverner la ville au bas Moyen Âge,I. Paquay,NO_LANGUAGE_EDITION_WITH_COVER
/books/OL25258430M,FR,PROMISING,5,Société réflexive et pratiques de recherche,Luc Albarello,NO_LANGUAGE_EDITION_WITH_COVER
/books/OL25261024M,FR,PROMISING,5,Qui doit gouverner?,Pierre-Henri Tavoillot,NO_LANGUAGE_EDITION_WITH_COVER
/books/OL25271962M,FR,PROMISING,5,Le pouvoir,Samuël Tomei,NO_LANGUAGE_EDITION_WITH_COVER
/books/OL25284220M,FR,PROMISING,5,L'animal en nous,Michel Odoul,NO_LANGUAGE_EDITION_WITH_COVER
/books/OL25284844M,FR,PROMISING,5,Françoise Dolto,Marie-Pierre Farkas,NO_LANGUAGE_EDITION_WITH_COVER
/books/OL25284845M,FR,STRONG,7,Les légitimités ordinaires,Hélène Hatzfeld,NO_LANGUAGE_EDITION_WITH_COVER
/books/OL25284982M,FR,PROMISING,5,La boîte à outils sur l'application des connaissances,Gavin Bennett,NO_LANGUAGE_EDITION_WITH_COVER
/books/OL25285025M,FR,PROMISING,5,Cette obscure envie de perdre à gauche,Jean-Philippe Domecq,NO_LANGUAGE_EDITION_WITH_COVER
/books/OL25285185M,FR,STRONG,7,L'écriture de la sociologie,Jean-Yves Trépos,NO_LANGUAGE_EDITION_WITH_COVER
/books/OL25292330M,FR,PROMISING,5,L'oeuf du monde,Amadou Koné,NO_LANGUAGE_EDITION_WITH_COVER
/books/OL25292718M,FR,PROMISING,5,L'encyclopédie du fantastique,Jacques Baudou,NO_LANGUAGE_EDITION_WITH_COVER
/books/OL25292846M,FR,STRONG,7,La gauche en France,André Ropert,NO_LANGUAGE_EDITION_WITH_COVER
/books/OL25297358M,FR,PROMISING,5,Rajah à l'Aapravasi Ghat,Brindah Annasawmy,NO_LANGUAGE_EDITION_WITH_COVER
/books/OL25309413M,FR,PROMISING,5,L'indifférence scientifique envers la recherche en sciences sociales au Gabon de Jean-Ferdinand Mbah,Claudine-Augée Angoué,NO_LANGUAGE_EDITION_WITH_COVER
/books/OL25309803M,FR,PROMISING,5,Plaidoyer pour une gauche populaire,Laurent Baumel | François Kalfon,NO_LANGUAGE_EDITION_WITH_COVER
/books/OL25309807M,FR,PROMISING,5,L'actuel malaise dans la culture,François Richard,NO_LANGUAGE_EDITION_WITH_COVER
/books/OL25309810M,FR,PROMISING,5,Philosophie des sciences humaines,Florence Hulak | Charles Girard,NO_LANGUAGE_EDITION_WITH_COVER
/books/OL25318156M,FR,PROMISING,5,Redéployer la raison pratique,André Lacroix,NO_LANGUAGE_EDITION_WITH_COVER
/books/OL25318638M,FR,PROMISING,5,Heroic,Maurice Tillieux,NO_LANGUAGE_EDITION_WITH_COVER
/books/OL25319005M,FR,PROMISING,5,Le trader et l'intellectuel,Isabelle Albert,NO_LANGUAGE_EDITION_WITH_COVER
/books/OL25319023M,FR,PROMISING,5,Du pouvoir et des femmes,Jean-Pierre Friedman,NO_LANGUAGE_EDITION_WITH_COVER
/books/OL25319029M,FR,PROMISING,5,Pour un manifeste du convivialisme,Alain Caillé,NO_LANGUAGE_EDITION_WITH_COVER
/books/OL25319048M,FR,PROMISING,5,Le tiers autoritaire,François De Smet,NO_LANGUAGE_EDITION_WITH_COVER
/books/OL25319183M,FR,PROMISING,5,Le pouvoir,Philippe Guisard | Christelle Laizé,NO_LANGUAGE_EDITION_WITH_COVER
/books/OL25320988M,FR,PROMISING,5,La discipline de l'amour,Francesco Paolo Adorno,NO_LANGUAGE_EDITION_WITH_COVER
/books/OL25325827M,FR,PROMISING,5,Le petit livre bleu,Antoine Buéno,NO_LANGUAGE_EDITION_WITH_COVER
/books/OL25326104M,FR,PROMISING,5,Faut-il quitter la France?,Éric Verhaeghe,NO_LANGUAGE_EDITION_WITH_COVER
/books/OL25332707M,FR,PROMISING,5,À propos de la Science,Nabil el Haggar | Rudolph Bkouche,NO_LANGUAGE_EDITION_WITH_COVER
/books/OL25350218M,FR,PROMISING,5,L'évaluation de la recherche en sciences humaines et sociales,Paul Servais,NO_LANGUAGE_EDITION_WITH_COVER
/books/OL25350406M,FR,PROMISING,5,Edgar Morin,Jean Jacob,NO_LANGUAGE_EDITION_WITH_COVER
/books/OL25351475M,FR,PROMISING,5,Anthropologie des réseaux en Asie centrale,Anne Ducloux | Svetlana Gorshenina | Anna Jarry-Omarova,NO_LANGUAGE_EDITION_WITH_COVER
/books/OL25351765M,FR,PROMISING,5,Freud sociologue,Stéphane Haber,NO_LANGUAGE_EDITION_WITH_COVER
/books/OL25357630M,FR,PROMISING,5,"Sans la nation, le chaos",Jean-Claude Barreau,NO_LANGUAGE_EDITION_WITH_COVER
/books/OL25357954M,FR,PROMISING,5,"France d'en haut, France d'en bas",Maurice Rajsfus,NO_LANGUAGE_EDITION_WITH_COVER
/books/OL25358047M,FR,PROMISING,5,Rêverie de gauche,Régis Debray,NO_LANGUAGE_EDITION_WITH_COVER
/books/OL25365096M,FR,PROMISING,5,Quintet,Musée d'art contemporain de Lyon,NO_LANGUAGE_EDITION_WITH_COVER
/books/OL25373740M,FR,PROMISING,5,"L'attrape-livres, ou, La vie très privée d'une maison d'édition",François Rivière,NO_LANGUAGE_EDITION_WITH_COVER
/books/OL25378652M,FR,PROMISING,5,Tintin sur le divan,Gérard Guasch,NO_LANGUAGE_EDITION_WITH_COVER
/books/OL25386829M,FR,PROMISING,5,Monde pluriel,Bernard Lahire,NO_LANGUAGE_EDITION_WITH_COVER
/books/OL25386831M,FR,STRONG,7,André Gorz,Enzo Lesourt,NO_LANGUAGE_EDITION_WITH_COVER
/books/OL25387498M,FR,PROMISING,5,Les figures du compromis dans les sociétés islamiques,Mohamed Nachi,NO_LANGUAGE_EDITION_WITH_COVER
/books/OL25394228M,FR,PROMISING,5,Pouvoir traditionnel et pouvoir d'État en R.D. Congo contemporaine,Héritier Mambi Tunga-Bau,NO_LANGUAGE_EDITION_WITH_COVER
/books/OL25396507M,FR,PROMISING,5,La figure de l'homme,Aurore Mréjen,NO_LANGUAGE_EDITION_WITH_COVER
/books/OL25396621M,FR,PROMISING,5,Politiques illusionnistes et involutives,Harouna Dramé,NO_LANGUAGE_EDITION_WITH_COVER
/books/OL25403864M,FR,PROMISING,5,Sherlock Holmes dans la bande dessinée,Philippe Tomblaine,NO_LANGUAGE_EDITION_WITH_COVER
/books/OL25406718M,FR,PROMISING,5,Élite et Libéralisme,Olivia Leboyer,NO_LANGUAGE_EDITION_WITH_COVER
/books/OL25430274M,FR,PROMISING,5,À la gauche du Christ,Denis Pelletier,NO_VALID_PHYSICAL_COVER
/books/OL25431413M,FR,PROMISING,5,Les Sciences sociales et le sans-abrisme,Édouard Gardella | Katia Chopin,NO_VALID_PHYSICAL_COVER
/books/OL2586769M,FR,PROMISING,5,Contes et mythes wolof,Lilyan Kesteloot,NO_LANGUAGE_EDITION_WITH_COVER
/books/OL2603983M,FR,PROMISING,5,La culture dans la fonction publique,"Lanoux, Armand.",NO_LANGUAGE_EDITION_WITH_COVER
/books/OL2632985M,FR,PROMISING,5,Quai des bulles,Jack Chaboud,NO_LANGUAGE_EDITION_WITH_COVER
/books/OL26922506M,FR,PROMISING,5,À la recherche du temps perdu,Stéphane Heuet,NO_LANGUAGE_EDITION_WITH_COVER
/books/OL27113518M,FR,PROMISING,5,Il était une fois en France,Fabien Nury,NO_LANGUAGE_EDITION_WITH_COVER
/books/OL27113520M,FR,STRONG,7,Il était une fois en France,Fabien Nury,NO_LANGUAGE_EDITION_WITH_COVER
/books/OL27119551M,FR,STRONG,7,Yoko Tsuno intégrale,Roger Leloup,NO_LANGUAGE_EDITION_WITH_COVER
/books/OL27126706M,FR,PROMISING,5,Lucky Luke contre Pinkerton,Daniel Pennac | Achdé | Tonino Benacquista,NO_LANGUAGE_EDITION_WITH_COVER
/books/OL27143154M,FR,PROMISING,5,"Titeuf, tome 13",Zep,NO_LANGUAGE_EDITION_WITH_COVER
/books/OL27202011M,FR,PROMISING,5,Max et Lili en ont marre de se dépêcher,Dominique de Saint Mars,NO_LANGUAGE_EDITION_WITH_COVER
/books/OL27202014M,FR,PROMISING,6,Max et Lili vont chez Papy et Mamie,Dominique de Saint Mars,NO_LANGUAGE_EDITION_WITH_COVER
/books/OL27202015M,FR,PROMISING,5,Max veut sauver les animaux,Dominique de Saint Mars,NO_LANGUAGE_EDITION_WITH_COVER
/books/OL27202016M,FR,PROMISING,6,Max et Lili trouvent leur cousin angoissé,Dominique de Saint Mars,NO_LANGUAGE_EDITION_WITH_COVER
/books/OL27202018M,FR,PROMISING,5,Max a la passion du foot,Dominique de Saint Mars,NO_LANGUAGE_EDITION_WITH_COVER
/books/OL27225386M,FR,PROMISING,6,Irmina,Barbara Yelin,NO_LANGUAGE_EDITION_WITH_COVER
/books/OL27233846M,FR,STRONG,7,La démocratie en BD,Nathalie Loiseau,NO_LANGUAGE_EDITION_WITH_COVER
/books/OL2769333M,FR,PROMISING,5,Marlene Dietrich & Betty Boop,Vincenzo Mollica,NO_LANGUAGE_EDITION_WITH_COVER
/books/OL28095079M,FR,PROMISING,5,histoire du Pauvre Petit Cochon,Philippe Coudray | Jan Walravens,NO_LANGUAGE_EDITION_WITH_COVER
/books/OL28354625M,FR,PROMISING,6,Cases ? Pixels,Julien Baudry,NO_LANGUAGE_EDITION_WITH_COVER
/books/OL283866M,FR,PROMISING,5,Les gens du Bottin mondain,Cyril Grange,NO_LANGUAGE_EDITION_WITH_COVER
/books/OL28644327M,FR,PROMISING,5,Little Book of Captain America,Roy Thomas,NO_LANGUAGE_EDITION_WITH_COVER
/books/OL28644334M,FR,PROMISING,5,Little Book of Avengers,Roy Thomas,NO_LANGUAGE_EDITION_WITH_COVER
/books/OL28646023M,FR,PROMISING,5,Little Book of Iron Man,Roy Thomas,NO_LANGUAGE_EDITION_WITH_COVER
/books/OL28813550M,FR,PROMISING,5,Coup de Soleil,Jennifer L. Holm | Matthew Holm,NO_LANGUAGE_EDITION_WITH_COVER
/books/OL28828232M,FR,PROMISING,5,Menace Sur la Glace,James Burks,NO_LANGUAGE_EDITION_WITH_COVER
/books/OL28838571M,FR,PROMISING,5,Claudia a des Ennuis,Raina Telgemeier,NO_LANGUAGE_EDITION_WITH_COVER
/books/OL28842168M,FR,PROMISING,5,Prisonniers du Cauchemar,"Grunberg, Greg | Lucas P. Turnbloom",NO_LANGUAGE_EDITION_WITH_COVER
/books/OL28851303M,FR,PROMISING,5,Au Feu!,James Burks,NO_LANGUAGE_EDITION_WITH_COVER
/books/OL28892260M,FR,PROMISING,5,"Vas-Y, Soleil!",Jennifer L. Holm | Matthew Holm,NO_LANGUAGE_EDITION_WITH_COVER
/books/OL28931129M,FR,PROMISING,5,Zap!,Ian Boothby | Nina Matsumoto,NO_LANGUAGE_EDITION_WITH_COVER
/books/OL28938224M,FR,PROMISING,5,Faire des Amis,Kristen Gudsnuk,NO_LANGUAGE_EDITION_WITH_COVER
/books/OL2934742M,FR,PROMISING,5,La Guerre des Gaules,Jean Markale,NO_LANGUAGE_EDITION_WITH_COVER
/books/OL30407966M,FR,PROMISING,5,Nono,Paul Burel,NO_LANGUAGE_EDITION_WITH_COVER
/books/OL30414608M,FR,PROMISING,5,Bande dessinée et jeux de mots,Alessandra Rollo,NO_LANGUAGE_EDITION_WITH_COVER
/books/OL30415757M,FR,PROMISING,5,Les sorcières,Kan Souffle,NO_LANGUAGE_EDITION_WITH_COVER
/books/OL30442187M,FR,PROMISING,5,Super héros!,Jean-Marc Lainé,NO_LANGUAGE_EDITION_WITH_COVER
/books/OL30442252M,FR,PROMISING,5,Filles d'albums,Nelly Chabrol Gagne,NO_LANGUAGE_EDITION_WITH_COVER
/books/OL30446814M,FR,STRONG,7,"Fluide glacial, Gotlib-- et moi",Jacques Diament,NO_LANGUAGE_EDITION_WITH_COVER
/books/OL30452029M,FR,PROMISING,5,Téta,Farah Nehmé,NO_LANGUAGE_EDITION_WITH_COVER
/books/OL30452035M,FR,PROMISING,5,Un été au Liban,Sophie Armache,NO_LANGUAGE_EDITION_WITH_COVER
/books/OL3045313M,FR,PROMISING,5,"L' Année de la bande dessinée, 81-82",José-Louis Bocquet | Jean-Luc Fromental,NO_LANGUAGE_EDITION_WITH_COVER
/books/OL30467595M,FR,PROMISING,5,Drôles de Gaulois,Jean-Claude Lescure | Sabine Armani,NO_LANGUAGE_EDITION_WITH_COVER
/books/OL30488820M,FR,PROMISING,5,Archi & BD,Francis Rambert | Jean-Marc Thévenet | Jean Auquier,NO_LANGUAGE_EDITION_WITH_COVER
/books/OL30505220M,FR,PROMISING,5,"Moi, Tarzan",Guy Deluchey,NO_LANGUAGE_EDITION_WITH_COVER
/books/OL30507719M,FR,PROMISING,5,"Bande dessinée et art contemporain, la nouvelle scène de l'égalité",France) (3rd 2010) Biennale d'art contemporain (Le Havre,NO_LANGUAGE_EDITION_WITH_COVER
/books/OL30612566M,FR,PROMISING,5,Rétro-futur,Raphaël Colson,NO_LANGUAGE_EDITION_WITH_COVER
/books/OL30612568M,FR,PROMISING,5,La bande dessinée,Eric Maigret | Matteo Stefanelli,NO_LANGUAGE_EDITION_WITH_COVER
/books/OL30621606M,FR,PROMISING,5,Dans l'ombre de Charonne,Désirée Frappier,NO_LANGUAGE_EDITION_WITH_COVER
/books/OL30641672M,FR,PROMISING,5,Traits résistants,Guy Krivopissko | Isabelle Doré-Rivé | Marion Vivier,NO_LANGUAGE_EDITION_WITH_COVER
/books/OL30648963M,FR,STRONG,7,Wambi,Joël Salo,NO_LANGUAGE_EDITION_WITH_COVER
/books/OL30649818M,FR,PROMISING,5,Chris Ware,Jacques Samson,NO_LANGUAGE_EDITION_WITH_COVER
/books/OL30670619M,FR,PROMISING,5,Satonge-Bia et autres contes,Lepa Mabila Saye,NO_LANGUAGE_EDITION_WITH_COVER
/books/OL30670620M,FR,PROMISING,5,Sha Mazulu et autres contes,Lepa Mabila Saye,NO_LANGUAGE_EDITION_WITH_COVER
/books/OL30670682M,FR,PROMISING,5,"Nyota, la fille du soleil",Emmanuel Kalombo L.,NO_LANGUAGE_EDITION_WITH_COVER
/books/OL30714181M,FR,PROMISING,5,Tradurre il fumetto,Josiane Podeur,NO_LANGUAGE_EDITION_WITH_COVER
/books/OL30714677M,FR,STRONG,7,"La BD, un miroir du lien social",Eric Dacheux | Sandrine Le Pontois | Jérôme Dutel,NO_LANGUAGE_EDITION_WITH_COVER
/books/OL30715557M,FR,PROMISING,5,Lacan la scène,Patrick Chambon,NO_LANGUAGE_EDITION_WITH_COVER
/books/OL30715858M,FR,STRONG,7,Bande dessinée et enseignement des humanités,Nicolas Rouvière,NO_LANGUAGE_EDITION_WITH_COVER
/books/OL30720213M,FR,PROMISING,5,Le temps des siestes,Jimmy Beaulieu,NO_LANGUAGE_EDITION_WITH_COVER
/books/OL30720785M,FR,PROMISING,5,Carnets libres,Daniel Sylvestre,NO_LANGUAGE_EDITION_WITH_COVER
/books/OL30722159M,FR,PROMISING,5,Les mangados,Christine Detrez,NO_LANGUAGE_EDITION_WITH_COVER
/books/OL30726522M,FR,PROMISING,5,Naoki Urasawa,Alexis Orsini,NO_LANGUAGE_EDITION_WITH_COVER
/books/OL30735846M,FR,PROMISING,5,Sociologie des super-héros,Thierry Rogel,NO_LANGUAGE_EDITION_WITH_COVER
/books/OL30747943M,FR,PROMISING,5,Le manteau,Boloney,NO_LANGUAGE_EDITION_WITH_COVER
/books/OL30760236M,FR,PROMISING,5,Slim le Gatt et moi,Omar Zelig,NO_LANGUAGE_EDITION_WITH_COVER
/books/OL30763897M,FR,PROMISING,5,Disques et bande dessinée,Manuel Decker,NO_LANGUAGE_EDITION_WITH_COVER
/books/OL30807295M,FR,PROMISING,5,Utopia,Elyes Manai,NO_LANGUAGE_EDITION_WITH_COVER
/books/OL30816845M,FR,STRONG,7,Le siècle des Lumières en bande dessinée,Paul Chopelin | Tristan Martine,NO_LANGUAGE_EDITION_WITH_COVER
/books/OL30817027M,FR,PROMISING,5,La fille du gouverneur,Messan Agbedor,NO_LANGUAGE_EDITION_WITH_COVER
/books/OL30819179M,FR,PROMISING,5,Ab Irato,Thierry Labrosse,NO_LANGUAGE_EDITION_WITH_COVER
/books/OL30858083M,FR,PROMISING,5,Tintin,Olivier Roche,NO_LANGUAGE_EDITION_WITH_COVER
/books/OL30859355M,FR,STRONG,7,Alain Possible,Teddy,NO_LANGUAGE_EDITION_WITH_COVER
/books/OL30860786M,FR,PROMISING,5,Ainsi soit Benoîte Groult,Catel,NO_LANGUAGE_EDITION_WITH_COVER
/books/OL30863614M,FR,PROMISING,5,"Paul Éluard, l'humour, la poésie",Jean-Charles Llinares,NO_LANGUAGE_EDITION_WITH_COVER
/books/OL30966971M,FR,PROMISING,5,Sommets d'Afrique,Christophe Cassiau-Haurie,NO_LANGUAGE_EDITION_WITH_COVER
/books/OL30966972M,FR,PROMISING,5,Putain d'Afrique,Anselme Razafindrainibe,NO_LANGUAGE_EDITION_WITH_COVER
/books/OL30973549M,FR,PROMISING,5,Sur les berges du fleuve Congo,Alix Fuilu,NO_LANGUAGE_EDITION_WITH_COVER
/books/OL30973657M,FR,PROMISING,5,Les aventures de P'tit Filou,Koffivi Assem,NO_LANGUAGE_EDITION_WITH_COVER
/books/OL30975691M,FR,PROMISING,5,Ludwig,Christian Quesnel,NO_LANGUAGE_EDITION_WITH_COVER
/books/OL30980057M,FR,PROMISING,5,Les années Croc,Michel Viau,NO_LANGUAGE_EDITION_WITH_COVER
/books/OL30990860M,FR,PROMISING,5,Jean Mardikian et la bande dessinée,Michèle Poveda-Armanet,NO_LANGUAGE_EDITION_WITH_COVER
/books/OL30999266M,FR,PROMISING,5,John Koutoukou,KBenjamin,NO_LANGUAGE_EDITION_WITH_COVER
/books/OL31002330M,FR,PROMISING,5,Fines tranches d'angoisse,Catherine Lepage,NO_LANGUAGE_EDITION_WITH_COVER
/books/OL31018987M,FR,PROMISING,5,Mix & Remix 2011 : ou va-t-on?,Mix & Remix,NO_LANGUAGE_EDITION_WITH_COVER
/books/OL31025921M,FR,STRONG,7,"Wolinski, 50 ans de dessins",Wolinski,NO_LANGUAGE_EDITION_WITH_COVER
/books/OL31028167M,FR,PROMISING,5,Red Kit İstanbul'da,Korkut Erdur,NO_LANGUAGE_EDITION_WITH_COVER
/books/OL31036627M,FR,PROMISING,5,L'art de la bande dessinée,Pascal Ory | Benoît Peeters | Thierry Groensteen,NO_LANGUAGE_EDITION_WITH_COVER
/books/OL31056306M,FR,PROMISING,5,Die Sprache(n) der Comics,Sprache(n) der Comics (Conference) (2009 Universität Heidelberg),NO_LANGUAGE_EDITION_WITH_COVER
/books/OL31064724M,FR,PROMISING,5,L'Algiré,Hic,NO_LANGUAGE_EDITION_WITH_COVER
/books/OL31064872M,FR,PROMISING,5,"Panorama de la bande dessinee Algerienne, 1969-2009",Lazhari Labter,NO_LANGUAGE_EDITION_WITH_COVER
/books/OL31067329M,FR,PROMISING,5,"Toi Tarzan, moi fan",Claude Aziza,NO_LANGUAGE_EDITION_WITH_COVER
/books/OL31110794M,FR,STRONG,7,Roda,Amir Cheriti,NO_LANGUAGE_EDITION_WITH_COVER
/books/OL31110797M,FR,PROMISING,5,Victory road,Oudjiane Sid-Ali,NO_LANGUAGE_EDITION_WITH_COVER
/books/OL31110804M,FR,PROMISING,5,Le lever du Soleil,Kouza Houria Khawla,NO_LANGUAGE_EDITION_WITH_COVER
/books/OL31110806M,FR,PROMISING,5,Le drapeau,Hanane Benmediouni,NO_LANGUAGE_EDITION_WITH_COVER
/books/OL31110807M,FR,PROMISING,5,Le vent de la liberté,Sofiane Belaskri,NO_LANGUAGE_EDITION_WITH_COVER
/books/OL31110808M,FR,PROMISING,5,E=mca,L'Andalou,NO_LANGUAGE_EDITION_WITH_COVER
/books/OL31110813M,FR,PROMISING,5,Octobre noir,Didier Daeninckx,NO_LANGUAGE_EDITION_WITH_COVER
/books/OL32114332M,FR,STRONG,7,L'alerte au feu,Steve Metzger,NO_MATCHING_WORK
/books/OL32194575M,FR,STRONG,7,Crapule. 1,Jean-Luc Deglin,NO_LANGUAGE_EDITION_WITH_COVER
/books/OL32229343M,FR,PROMISING,5,Hilda et la parade des oiseaux,Luke Pearson,NO_MATCHING_WORK
/books/OL33555258M,FR,STRONG,7,Alpha,Bessora | Barroux | Sarah Ardizzone,NO_LANGUAGE_EDITION_WITH_COVER
/books/OL35122617M,FR,STRONG,7,Maggie la rebelle,Nora Roberts,NO_MATCHING_WORK
/books/OL3522835M,FR,PROMISING,5,"Des savants, pour quoi faire?",Rémy Chauvin,NO_LANGUAGE_EDITION_WITH_COVER
/books/OL3567934M,FR,PROMISING,5,Tudor theatre,Centre d'études supérieures de la Renaissance,NO_LANGUAGE_EDITION_WITH_COVER
/books/OL37899692M,FR,PROMISING,5,"Le philosophe, Tchou Hi",Stanislas Le Gall,NO_LANGUAGE_EDITION_WITH_COVER
/books/OL3806519M,FR,PROMISING,5,Écrits de Victor Hugo sur la peine de mort,Victor Hugo,NO_LANGUAGE_EDITION_WITH_COVER
/books/OL38391220M,FR,PROMISING,5,"Figures Anonymes, Figures D'élite",Bernard Heyberger | Méropi Anastassiadou-Dumont,NO_LANGUAGE_EDITION_WITH_COVER
/books/OL38563479M,FR,STRONG,7,Les drogues,Steve Myers | Pete Sanders,NO_MATCHING_WORK
/books/OL4014277M,FR,PROMISING,5,Poésie et comique,Jean-François Louette | Michel J. Viegnes,NO_LANGUAGE_EDITION_WITH_COVER
/books/OL4018749M,FR,PROMISING,5,Rire en toutes lettres,H. Lethierry,NO_LANGUAGE_EDITION_WITH_COVER
/books/OL40392532M,FR,PROMISING,5,"Mon Voisin, Cet Ennemi",Isabelle Davion,NO_LANGUAGE_EDITION_WITH_COVER
/books/OL4203775M,FR,PROMISING,5,J'étais un sale phallocrate,Wolinski.,NO_LANGUAGE_EDITION_WITH_COVER
/books/OL4321980M,FR,PROMISING,5,La Chambre à bulles,Pierre Fresnault-Deruelle,NO_LANGUAGE_EDITION_WITH_COVER
/books/OL43812414M,FR,PROMISING,5,Tomon,Samba Niaré,NO_LANGUAGE_EDITION_WITH_COVER
/books/OL4423928M,FR,PROMISING,5,Discourse on the method of rightly conducting one's reason and of seeking truth in the sciences,René Descartes,NO_LANGUAGE_EDITION_WITH_COVER
/books/OL44356577M,FR,PROMISING,5,Frédéric Borel,Richard Scoffier,NO_LANGUAGE_EDITION_WITH_COVER
/books/OL44559468M,FR,PROMISING,5,McCay,Thierry Smolderen | Jean-Phillipe Bramanti,NO_LANGUAGE_EDITION_WITH_COVER
/books/OL4459853M,FR,PROMISING,5,Savoirs et idéologie dans les sciences sociales,"Fougeyrollas, Pierre",NO_LANGUAGE_EDITION_WITH_COVER
/books/OL44932131M,FR,PROMISING,5,Opere ermetiche,Ludovico Lazzarelli,NO_LANGUAGE_EDITION_WITH_COVER
/books/OL4497204M,FR,PROMISING,5,Vocabulaire des sciences sociales,Paul Foulquié,NO_LANGUAGE_EDITION_WITH_COVER
/books/OL4508630M,FR,PROMISING,5,Culture et révolution,Centre de création industrielle.,NO_LANGUAGE_EDITION_WITH_COVER
/books/OL4512976M,FR,PROMISING,5,Les habits rouges,Robert Laroque,NO_LANGUAGE_EDITION_WITH_COVER
/books/OL4517813M,FR,PROMISING,5,Le pouvoir pur,Jean Baechler,NO_LANGUAGE_EDITION_WITH_COVER
/books/OL45273631M,FR,PROMISING,5,"1453, Mahomet II impose le schisme orthodoxe",Lina Murr Nehmé,NO_LANGUAGE_EDITION_WITH_COVER
/books/OL45278026M,FR,PROMISING,5,L'empire du rite,Olivier Ansart,NO_LANGUAGE_EDITION_WITH_COVER
/books/OL45358454M,FR,PROMISING,5,Malamine,Christophe N'galle Edimo,NO_LANGUAGE_EDITION_WITH_COVER
/books/OL4536455M,FR,PROMISING,5,Discourse on the natural theology of the Chinese,Gottfried Wilhelm Leibniz,NO_LANGUAGE_EDITION_WITH_COVER
/books/OL45852801M,FR,STRONG,7,Urakata !! Tome 1,Bisco Hatori,NO_LANGUAGE_EDITION_WITH_COVER
/books/OL4647796M,FR,PROMISING,5,Récits et discours par la bande,Pierre Fresnault-Deruelle,NO_LANGUAGE_EDITION_WITH_COVER
/books/OL4784297M,FR,PROMISING,5,Le personnel scientifique et technique hautement qualifié,International Labour Office,NO_LANGUAGE_EDITION_WITH_COVER
/books/OL4797591M,FR,PROMISING,5,Conduire le changement,Michel Poniatowski,NO_LANGUAGE_EDITION_WITH_COVER
/books/OL50463890M,FR,PROMISING,5,Der Wahnwitz des Wachstums,André Biéler,NO_LANGUAGE_EDITION_WITH_COVER
/books/OL5231654M,FR,PROMISING,5,Pouvoir et économie,François Perroux,NO_LANGUAGE_EDITION_WITH_COVER
/books/OL52794028M,FR,PROMISING,5,Anamorphoses,Jurgis Baltrušaitis,NO_LANGUAGE_EDITION_WITH_COVER
/books/OL53233981M,FR,PROMISING,5,Lexique de Sciences économiques et Sociales,Jean-Paul Piriou,NO_LANGUAGE_EDITION_WITH_COVER
/books/OL53300379M,FR,PROMISING,5,Oser la Vraie Rupture,Pierre Zarka,NO_LANGUAGE_EDITION_WITH_COVER
/books/OL545589M,FR,PROMISING,5,Saint-Hubert tout en images,Johanne Ledoux,NO_LANGUAGE_EDITION_WITH_COVER
/books/OL5494053M,FR,PROMISING,5,Pour l'amour du Québec.,"Marie-Victorin frère, E.C.",NO_LANGUAGE_EDITION_WITH_COVER
/books/OL56935138M,FR,PROMISING,5,Bande dessinée et littérature,Jacques Dürrenmatt,NO_LANGUAGE_EDITION_WITH_COVER
/books/OL580381M,FR,PROMISING,5,Vers un humanisme scientifique,Ilya Prigogine,NO_LANGUAGE_EDITION_WITH_COVER
/books/OL59987271M,FR,PROMISING,5,Redjem,Alain Sèbe,NO_LANGUAGE_EDITION_WITH_COVER
/books/OL62370910M,FR,PROMISING,5,Trésors de la bande dessinée,Michel Béra,NO_LANGUAGE_EDITION_WITH_COVER
/books/OL6814068M,FR,PROMISING,5,"Le Cameroun, mille siècles avant Jésus-Christ, ou, Les grands secret de la nature dans la merveilleuse histoire des sites touristiques du Cameroun",Samuel-Martin Eno Belinga,NO_LANGUAGE_EDITION_WITH_COVER
/books/OL740767M,FR,PROMISING,5,Un anthropologue dans le siècle,Paul Henry Chombart de Lauwe,NO_LANGUAGE_EDITION_WITH_COVER
/books/OL7627391M,FR,STRONG,7,Canada Year Book/Annuaire du Canada 2006 (Statistics Canada),Canada. Statistique Canada,NO_LANGUAGE_EDITION_WITH_COVER
/books/OL856982M,FR,PROMISING,5,Lire les sciences sociales,[name missing],NO_LANGUAGE_EDITION_WITH_COVER
/books/OL8838575M,FR,STRONG,7,Le livre de sable,Norman Thomas Di Giovanni | Jorge Luis Borges | Alastair Reid,NO_MATCHING_WORK
/books/OL8943167M,FR,PROMISING,5,L'humour graphique fin de siecle,Thierry Groensteen,NO_LANGUAGE_EDITION_WITH_COVER
/books/OL9013031M,FR,PROMISING,5,Etre Bilingue (Exploration),Georges Ludi | Georges Lüdi | Bernard Py,NO_LANGUAGE_EDITION_WITH_COVER
/books/OL1232125M,IT,PROMISING,5,Dell'arabico,Ennio Concina,NO_LANGUAGE_EDITION_WITH_COVER
/books/OL12649229M,IT,PROMISING,5,Le Monde végétal (XIIe-XVIIe siècles),Grieco/Redon/to,NO_LANGUAGE_EDITION_WITH_COVER
/books/OL12660253M,IT,PROMISING,5,Il Cuore Irrequieto Dei Papi,Marzio Bernasconi,NO_LANGUAGE_EDITION_WITH_COVER
/books/OL12828838M,IT,PROMISING,5,"Memoria, Regionalismo E Arte Nella Narrativa Ebraica Contemporanea in Italia E Negli U.S.A (Publications Universitaires Europeennes: Serie 18, Litteratu)",Glenda Cannarozzo,NO_LANGUAGE_EDITION_WITH_COVER
/books/OL12829393M,IT,PROMISING,5,Um Novo Jeito De Fazer Teologia,Paulo Henrique Nicoly Menezes,NO_LANGUAGE_EDITION_WITH_COVER
/books/OL12829960M,IT,PROMISING,5,Matelda E Il Paradiso Terretre Nella & Laquo: Commedia Di Dante Alighieri,Paola Pacchioni-becker,NO_LANGUAGE_EDITION_WITH_COVER
/books/OL12830093M,IT,PROMISING,5,L'Ultimo Brigante,Vito Scrudato,NO_LANGUAGE_EDITION_WITH_COVER
/books/OL12831221M,IT,PROMISING,5,Alchimie Famigliari,Anne Begenat-Neuschafer,NO_LANGUAGE_EDITION_WITH_COVER
/books/OL12849652M,IT,PROMISING,5,Hellenica Et Judaica. Hommage Valentin Nikiprowetzky.,Andre Caquot,NO_LANGUAGE_EDITION_WITH_COVER
/books/OL12849720M,IT,PROMISING,5,Histoire Et Conscience Historique Dans Les Civilisations Du Proche-Orient Ancien. Actes Du Colloque de Cartigny 1986. (Cahiers Du Cepoa),Albert De Pury,NO_LANGUAGE_EDITION_WITH_COVER
/books/OL12950684M,IT,PROMISING,5,La Latinite En Question,Union Latine,NO_LANGUAGE_EDITION_WITH_COVER
/books/OL13030872M,IT,PROMISING,5,Music Ideas and Society,Stanisl Tuksar,NO_LANGUAGE_EDITION_WITH_COVER
/books/OL13073710M,IT,PROMISING,5,"VIA EGNATIA UNDER OTTOMAN RULE (1380-1699) [Series: Halcyon Days in Crete, Vol. 2",Elizabeth A. Zachariadou,NO_LANGUAGE_EDITION_WITH_COVER
/books/OL13422374M,IT,PROMISING,5,Campanas,Fernando Campana,NO_LANGUAGE_EDITION_WITH_COVER
/books/OL13428377M,IT,PROMISING,5,Settecento Inquieto. Alle Origini Dell'Istituto Delle Scienze Di Bologna.,Marta Cavazza,NO_LANGUAGE_EDITION_WITH_COVER
/books/OL13428379M,IT,PROMISING,5,I colori dell'amicizia,Anna Silvia Bombi,NO_LANGUAGE_EDITION_WITH_COVER
/books/OL13428581M,IT,PROMISING,5,Grande Omi,Sara Beltrame,NO_LANGUAGE_EDITION_WITH_COVER
/books/OL13428667M,IT,PROMISING,5,Arte di Frontiera,Francesca & Tony Shafrazi Alinovi,NO_LANGUAGE_EDITION_WITH_COVER
/books/OL13428678M,IT,PROMISING,5,Tremlett David - If Walls Could Talk 1995-2000,Vittoria Coen,NO_LANGUAGE_EDITION_WITH_COVER
/books/OL13429088M,IT,PROMISING,5,Le Metamorfosi Dello Sguardo,Raul Grisolia,NO_LANGUAGE_EDITION_WITH_COVER
/books/OL13429340M,IT,PROMISING,5,Aztecs,Art Books International,NO_LANGUAGE_EDITION_WITH_COVER
/books/OL13429357M,IT,PROMISING,5,Gary Hill,Hill Coen,NO_LANGUAGE_EDITION_WITH_COVER
/books/OL13429482M,IT,PROMISING,5,Introduzione Alla Filosofia Politica,Enrico Graziani,NO_LANGUAGE_EDITION_WITH_COVER
/books/OL13429657M,IT,PROMISING,5,Federico Zeri. Diario Marchigiano 1948-1988,MANGANI G.,NO_LANGUAGE_EDITION_WITH_COVER
/books/OL13429740M,IT,PROMISING,5,Il Mestiere Di Leggere,Cristina E. Alberto Monda de Stefano,NO_LANGUAGE_EDITION_WITH_COVER
/books/OL13429826M,IT,PROMISING,5,Charles Rennie Mackintosh 1868-1928,Guido Lagana,NO_LANGUAGE_EDITION_WITH_COVER
/books/OL13429919M,IT,PROMISING,5,Chiaravalle,Paolo Tomeo,NO_LANGUAGE_EDITION_WITH_COVER
/books/OL13430089M,IT,PROMISING,5,Duccio Da Boninsegna,Sandra Bellesi,NO_LANGUAGE_EDITION_WITH_COVER
/books/OL13430100M,IT,PROMISING,5,LA Pittura Italiana (Capolavori Dell'arte),Stephano Zuffi,NO_LANGUAGE_EDITION_WITH_COVER
/books/OL13430176M,IT,PROMISING,5,Altichiero E Avanzo,Francesca Flores D'arcais,NO_LANGUAGE_EDITION_WITH_COVER
/books/OL13430179M,IT,PROMISING,5,Musei Capitolini,Capitoline Museum,NO_LANGUAGE_EDITION_WITH_COVER
/books/OL13430190M,IT,PROMISING,5,Perino del Vaga,Perino,NO_LANGUAGE_EDITION_WITH_COVER
/books/OL13430234M,IT,PROMISING,5,Tapiro Graphic Design,Chiara Foa,NO_LANGUAGE_EDITION_WITH_COVER
/books/OL13430246M,IT,PROMISING,5,Da Lille a Roma: Jean-Baptiste Wicar E L'Italia,Andrea Teresa Maglio,NO_LANGUAGE_EDITION_WITH_COVER
/books/OL13430454M,IT,PROMISING,5,Singole Teorie O Programmi Di Ricerca?,Francesca Rodolfi,NO_LANGUAGE_EDITION_WITH_COVER
/books/OL13430508M,IT,PROMISING,5,Liberta Necessaria,Stefano Visentin,NO_LANGUAGE_EDITION_WITH_COVER
/books/OL13430898M,IT,PROMISING,5,Verso Il Vittoriano: L'Italia Unita E I Concorsi Di Architettura,Francesco Luisa Giuliani,NO_LANGUAGE_EDITION_WITH_COVER
/books/OL13431560M,IT,PROMISING,5,Canoni Bibliografici,Artemio Focher,NO_LANGUAGE_EDITION_WITH_COVER
/books/OL13431637M,IT,PROMISING,5,Popular Posters (Itinerari D'immagini),Nicoletta Citrini,NO_LANGUAGE_EDITION_WITH_COVER
/books/OL13431697M,IT,PROMISING,5,Karl Friedrich Schinkel,Marco Pogacnik,NO_LANGUAGE_EDITION_WITH_COVER
/books/OL13431746M,IT,PROMISING,5,II David Di Michelangelo,Antonio Paolucci Motta,NO_LANGUAGE_EDITION_WITH_COVER
/books/OL13432092M,IT,PROMISING,5,La Bottega Dell'Italiano,Rosangela Verri-Menzel,NO_LANGUAGE_EDITION_WITH_COVER
/books/OL13434270M,IT,PROMISING,5,Il Lessico Dell'arte,Paolo Furia,NO_LANGUAGE_EDITION_WITH_COVER
/books/OL13434419M,IT,PROMISING,5,Musei E Collezioni Della Citta Di Genova: 1950-2000,Villa Croce,NO_LANGUAGE_EDITION_WITH_COVER
/books/OL13434421M,IT,PROMISING,5,Pietro Antonio Magatti,Pietro Antonio Magatti,NO_LANGUAGE_EDITION_WITH_COVER
/books/OL13434442M,IT,PROMISING,5,Dal Merletto Alla Motocicletta,Martin Soderlind,NO_VALID_PHYSICAL_COVER
/books/OL13434446M,IT,PROMISING,5,Gli Occhiali Presi Sul Serio,Romano Viola,NO_LANGUAGE_EDITION_WITH_COVER
/books/OL13434624M,IT,PROMISING,5,Arti Applicate a Firenze: 1930-1960,Mirella Branca,NO_LANGUAGE_EDITION_WITH_COVER
/books/OL13434639M,IT,PROMISING,5,Il Cielo Di Teodolinda,Inisero Cremaschi,NO_LANGUAGE_EDITION_WITH_COVER
/books/OL13434716M,IT,PROMISING,5,L'Arcadia Di Arnold Bocklin,Arnold Bocklin,NO_LANGUAGE_EDITION_WITH_COVER
/books/OL13434890M,IT,PROMISING,5,La Collezione Morone,Ernesto Robert Milano,NO_LANGUAGE_EDITION_WITH_COVER
/books/OL13434953M,IT,PROMISING,5,TREVISO,Andrea Bellieni,NO_LANGUAGE_EDITION_WITH_COVER
/books/OL13435193M,IT,PROMISING,5,Crocifisso Di Pietro Tacca a Settignano,Francesca Baldry Becattini,NO_LANGUAGE_EDITION_WITH_COVER
/books/OL13435298M,IT,PROMISING,5,Domenico Ghidoni: 1857-1920,Domenico Ghidoni,NO_LANGUAGE_EDITION_WITH_COVER
/books/OL13435817M,IT,PROMISING,5,Winning with Words Workbook;Guide to the Effective Use of Language,Atkinson Comms.,NO_MATCHING_WORK
/books/OL14795178M,IT,PROMISING,5,Il momento attuale,Aurelio Macchioro,NO_LANGUAGE_EDITION_WITH_COVER
/books/OL15097391M,IT,PROMISING,5,"Mafia, poteri, democrazia",Enzo Fantò,NO_LANGUAGE_EDITION_WITH_COVER
/books/OL15120472M,IT,PROMISING,5,Le chiese di Venezia,Ennio Concina,NO_LANGUAGE_EDITION_WITH_COVER
/books/OL15322925M,IT,PROMISING,5,Moda Wiener Werkstätte,Angela Völker,NO_LANGUAGE_EDITION_WITH_COVER
/books/OL15425807M,IT,PROMISING,5,"Umanisti, artisti, scienziati",Eugenio Garin,NO_LANGUAGE_EDITION_WITH_COVER
/books/OL16033300M,IT,PROMISING,5,Mapping complexity,Kerstin Pilz,NO_LANGUAGE_EDITION_WITH_COVER
/books/OL16240036M,IT,PROMISING,5,Storie dell'arte reale,Davide Arecco,NO_LANGUAGE_EDITION_WITH_COVER
/books/OL16247020M,IT,PROMISING,5,Scanavino e Crispolti,Rachele Ferrario,NO_LANGUAGE_EDITION_WITH_COVER
/books/OL16248331M,IT,PROMISING,5,Scienza e società della conoscenza,Andrea Cerroni,NO_LANGUAGE_EDITION_WITH_COVER
/books/OL16254147M,IT,PROMISING,5,Nietzsche e il messaggio politico di Zarathustra,Marco Milli,NO_LANGUAGE_EDITION_WITH_COVER
/books/OL16280596M,IT,PROMISING,5,Il Medioevo,Emma Bernini,NO_LANGUAGE_EDITION_WITH_COVER
/books/OL16336183M,IT,PROMISING,5,Parigi 1272,Laura Restelli,NO_LANGUAGE_EDITION_WITH_COVER
/books/OL16366214M,IT,PROMISING,5,Il filosofo e la storia,Pasquale Salvucci,NO_LANGUAGE_EDITION_WITH_COVER
/books/OL16389031M,IT,PROMISING,5,Opere d'arte a parole,Angelo Capasso,NO_LANGUAGE_EDITION_WITH_COVER
/books/OL16487334M,IT,PROMISING,5,La nebbia dentro,Sergio Pent,NO_LANGUAGE_EDITION_WITH_COVER
/books/OL16513357M,IT,PROMISING,5,Os italianos no trópico,Manuel Correia de Oliveira Andrade,NO_LANGUAGE_EDITION_WITH_COVER
/books/OL16521550M,IT,PROMISING,5,"Committenza, collezionismo e mercato dell'arte tra Roma e Bologna nel Seicento",Francesca Curti,NO_LANGUAGE_EDITION_WITH_COVER
/books/OL16588433M,IT,PROMISING,5,La scienza sperimentale,Roger Bacon,NO_LANGUAGE_EDITION_WITH_COVER
/books/OL16771215M,IT,PROMISING,5,Da Vladimir Ilich a Vladimir Luxuria,Lidia Cirillo,NO_LANGUAGE_EDITION_WITH_COVER
/books/OL16859698M,IT,PROMISING,5,"Fiamminghi nel cantiere Italia, 1560-1600",Giovanna Sapori,NO_LANGUAGE_EDITION_WITH_COVER
/books/OL16862580M,IT,PROMISING,5,Vortice di inganni,Elena Martignoni,NO_LANGUAGE_EDITION_WITH_COVER
/books/OL16901824M,IT,PROMISING,5,Profondo rock,Gabrielle Lucantonio,NO_LANGUAGE_EDITION_WITH_COVER
/books/OL16954553M,IT,PROMISING,5,Tempo novo,Ennio Concina,NO_LANGUAGE_EDITION_WITH_COVER
/books/OL16968524M,IT,PROMISING,5,Catechismo repubblicano,Francesco Antonio Astore,NO_LANGUAGE_EDITION_WITH_COVER
/books/OL16980674M,IT,PROMISING,5,Visita alle pitture di Cento di Girolamo Baruffaldi.,Girolamo Baruffaldi,NO_LANGUAGE_EDITION_WITH_COVER
/books/OL17109437M,IT,PROMISING,5,Storia del voto alle donne in Italia,Giulia Galeotti,NO_LANGUAGE_EDITION_WITH_COVER
/books/OL18103484M,IT,PROMISING,5,L' eroe che pensa,Alfonso Berardinelli,NO_LANGUAGE_EDITION_WITH_COVER
/books/OL18479471M,IT,PROMISING,5,Romanzi contemporanei d'Irlanda,Roberta Gefter Wondrich,NO_LANGUAGE_EDITION_WITH_COVER
/books/OL19037525M,IT,PROMISING,5,"Filosofia, antropologia e politica in John Dewey",Brunella Casalini,NO_LANGUAGE_EDITION_WITH_COVER
/books/OL19107688M,IT,PROMISING,5,Tormenta,Flavio Russo,NO_LANGUAGE_EDITION_WITH_COVER
/books/OL19156988M,IT,PROMISING,5,Il Cinquecento e il Seicento,Emma Bernini,NO_LANGUAGE_EDITION_WITH_COVER
/books/OL19236653M,IT,PROMISING,5,Guida alla storia greca,Adalberto Magnelli,NO_LANGUAGE_EDITION_WITH_COVER
/books/OL19253326M,IT,PROMISING,5,Fioravante Nicolò e altri artigiani del lusso nell'età di Mantegna,Giovanna Baldissin Molli,NO_LANGUAGE_EDITION_WITH_COVER
/books/OL19306025M,IT,PROMISING,5,Potere e libertà politica in una società aperta,Alessandro Passerin d'Entrèves,NO_LANGUAGE_EDITION_WITH_COVER
/books/OL19346692M,IT,PROMISING,5,Il novecento,Emma Bernini,NO_LANGUAGE_EDITION_WITH_COVER
/books/OL19348503M,IT,PROMISING,5,MOPA,David Palterer,NO_LANGUAGE_EDITION_WITH_COVER
/books/OL19387991M,IT,PROMISING,5,"Brera, storia della Pinacoteca e delle sue collezioni",Rosalba Tardito,NO_LANGUAGE_EDITION_WITH_COVER
/books/OL19499914M,IT,PROMISING,5,Le categorie del 'politico',Carl Schmitt,NO_LANGUAGE_EDITION_WITH_COVER
/books/OL19639184M,IT,PROMISING,5,L' anello del re,Paola D'Alconzo,NO_LANGUAGE_EDITION_WITH_COVER
/books/OL19645146M,IT,PROMISING,5,Il poeta e il marangone,Giovanna Baldissin Molli,NO_LANGUAGE_EDITION_WITH_COVER
/books/OL19726616M,IT,PROMISING,5,I decoratori di formazione bolognese tra Settecento e Ottocento,Anna Maria Matteucci,NO_LANGUAGE_EDITION_WITH_COVER
/books/OL19873465M,IT,PROMISING,5,Paolo Gerolamo Piola e la sua grande Casa genovese,Alessandra Toncini Cabella,NO_LANGUAGE_EDITION_WITH_COVER
/books/OL19890370M,IT,PROMISING,5,I kernoi circolari in Oriente e in Occidente: Strumenti di culto e immagini cosmiche,Andrea Bignasca,NO_LANGUAGE_EDITION_WITH_COVER
/books/OL19977894M,IT,PROMISING,5,Enantion Platonos =,Giuseppe Auteri,NO_LANGUAGE_EDITION_WITH_COVER
/books/OL20057348M,IT,PROMISING,5,La città bizantina,Ennio Concina,NO_LANGUAGE_EDITION_WITH_COVER
/books/OL20098967M,IT,PROMISING,5,Orazio Gentileschi e Pietro Molli,Orazio Gentileschi,NO_LANGUAGE_EDITION_WITH_COVER
/books/OL20114542M,IT,PROMISING,5,La resistenza al nazismo in Germania,Karl-Egon Lönne,NO_LANGUAGE_EDITION_WITH_COVER
/books/OL20123971M,IT,WEAK,4,Antonio e Piero Pollaiolo,Federico Poletti,NO_LANGUAGE_EDITION_WITH_COVER
/books/OL20124041M,IT,PROMISING,5,Simboli del potere e grandi dinastie,Paola Rapelli,NO_LANGUAGE_EDITION_WITH_COVER
/books/OL20278306M,IT,PROMISING,5,L' arte antica,Emma Bernini,NO_LANGUAGE_EDITION_WITH_COVER
/books/OL20578308M,IT,PROMISING,5,Carteggi,Alessandro Schiavi,NO_LANGUAGE_EDITION_WITH_COVER
/books/OL20650914M,IT,PROMISING,5,Machiavelli fra politica e storia,Eugenio Garin,NO_LANGUAGE_EDITION_WITH_COVER
/books/OL20650950M,IT,PROMISING,5,Quel bowling sul Tevere,Michelangelo Antonioni,NO_LANGUAGE_EDITION_WITH_COVER
/books/OL20657714M,IT,PROMISING,5,Disegni tedeschi da Schongauer a Liebermann,Keith Andrews,NO_LANGUAGE_EDITION_WITH_COVER
/books/OL20721051M,IT,PROMISING,5,Le opere e l'opera,Mario Aldo Toscano,NO_LANGUAGE_EDITION_WITH_COVER
/books/OL21056859M,IT,PROMISING,5,Polis tra realta e utopia,Maria Lia Guardini,NO_LANGUAGE_EDITION_WITH_COVER
/books/OL21093897M,IT,PROMISING,5,L' artiglieria delle legioni romane,Flavio Russo,NO_LANGUAGE_EDITION_WITH_COVER
/books/OL21133475M,IT,PROMISING,5,La musica,Alberto Ausoni,NO_LANGUAGE_EDITION_WITH_COVER
/books/OL21245402M,IT,PROMISING,5,Brünnhilde,Gianni Gori,NO_LANGUAGE_EDITION_WITH_COVER
/books/OL21278978M,IT,PROMISING,5,Villa Igiea,Francesco Amendolagine,NO_LANGUAGE_EDITION_WITH_COVER
/books/OL21279119M,IT,PROMISING,5,Il vero in maschera: dialogismi galileiani,Emanuele Zinato,NO_LANGUAGE_EDITION_WITH_COVER
/books/OL21307247M,IT,PROMISING,5,Collage 1961,Simonetta Lux,NO_LANGUAGE_EDITION_WITH_COVER
/books/OL21342600M,IT,PROMISING,5,La grande impostura,Sigfrido Bartolini,NO_LANGUAGE_EDITION_WITH_COVER
/books/OL21641030M,IT,PROMISING,5,A servizio di Dio e del Santo Sepolcro,Elena Bellomo,NO_LANGUAGE_EDITION_WITH_COVER
/books/OL21681312M,IT,PROMISING,5,Il signore del falco,Valeria Montaldi,NO_LANGUAGE_EDITION_WITH_COVER
/books/OL21705794M,IT,PROMISING,5,Charles Garnier in Italia,Massimiliano Savorra,NO_LANGUAGE_EDITION_WITH_COVER
/books/OL21731855M,IT,STRONG,7,Il monaco inglese,Valeria Montaldi,NO_LANGUAGE_EDITION_WITH_COVER
/books/OL21732016M,IT,PROMISING,5,Il fascismo razionale,Francesco Cassata,NO_LANGUAGE_EDITION_WITH_COVER
/books/OL21732203M,IT,PROMISING,5,Che male c'è,Enrico Donaggio,NO_LANGUAGE_EDITION_WITH_COVER
/books/OL22440199M,IT,PROMISING,5,Morire d'orrore,Enzo Catania,NO_LANGUAGE_EDITION_WITH_COVER
/books/OL22479930M,IT,PROMISING,5,In fumo,"Giacinto, Curator Di Pietrantonio",NO_LANGUAGE_EDITION_WITH_COVER
/books/OL22485678M,IT,PROMISING,5,MART,Mariella Poli,NO_LANGUAGE_EDITION_WITH_COVER
/books/OL22493477M,IT,PROMISING,5,La photographie entre histoire et poésie,Fonds national d'art contemporain (France),NO_LANGUAGE_EDITION_WITH_COVER
/books/OL22509517M,IT,PROMISING,5,Jackson Pollock a Venezia,Luca Morganti,NO_MATCHING_WORK
/books/OL22517835M,IT,PROMISING,5,Niemeyer 100,Oscar Niemeyer,NO_LANGUAGE_EDITION_WITH_COVER
/books/OL22520642M,IT,PROMISING,5,Suite alessandrina,Paolo Terni,NO_LANGUAGE_EDITION_WITH_COVER
/books/OL22586906M,IT,PROMISING,5,I tesori di Ostiano,Giuseppe Merlo,NO_LANGUAGE_EDITION_WITH_COVER
/books/OL22616651M,IT,PROMISING,5,INFERNO; TRANS. BY J.G. NICHOLS.,Dante Alighieri,NO_LANGUAGE_EDITION_WITH_COVER
/books/OL22999691M,IT,PROMISING,5,Masaccio,Cecilia Frosinini,NO_LANGUAGE_EDITION_WITH_COVER
/books/OL23005662M,IT,PROMISING,5,1545,Antonio Forcellino,NO_LANGUAGE_EDITION_WITH_COVER
/books/OL23107478M,IT,PROMISING,5,Coccabella,Maria Luisa Banfi,NO_LANGUAGE_EDITION_WITH_COVER
/books/OL23110843M,IT,PROMISING,5,Mamma Riccio racconta,Clementina Coppini,NO_LANGUAGE_EDITION_WITH_COVER
/books/OL23232266M,IT,PROMISING,5,Tomás Maldonado.,Tomás Maldonado,NO_LANGUAGE_EDITION_WITH_COVER
/books/OL23711231M,IT,PROMISING,5,VChUTEMAS,Marco Elia,NO_LANGUAGE_EDITION_WITH_COVER
/books/OL23716435M,IT,PROMISING,5,Al di là del muro,Christina Schmidt,NO_LANGUAGE_EDITION_WITH_COVER
/books/OL23928106M,IT,PROMISING,5,Le due scienze,Francesco Cassata,NO_LANGUAGE_EDITION_WITH_COVER
/books/OL28505817M,IT,PROMISING,5,Giuseppe Capogrossi,Giuseppe Capogrossi,NO_LANGUAGE_EDITION_WITH_COVER
/books/OL2951613M,IT,PROMISING,5,Opere scientifiche,René Descartes,NO_LANGUAGE_EDITION_WITH_COVER
/books/OL3028691M,IT,PROMISING,5,"The canzoniere of Dante Alighieri, including the poems of the Vita nuova and Convito, Italian and English",Dante Alighieri,NO_LANGUAGE_EDITION_WITH_COVER
/books/OL31582674M,IT,WEAK,4,A.R. Penck,A. R. Penck,NO_LANGUAGE_EDITION_WITH_COVER
/books/OL3357187M,IT,PROMISING,5,Dal Caucaso al Veneto,Lewon Zēkʻiean,NO_LANGUAGE_EDITION_WITH_COVER
/books/OL3615954M,IT,PROMISING,5,Giovanni Brancati traduttore di Vegezio,Flavius Vegetius Renatus,NO_LANGUAGE_EDITION_WITH_COVER
/books/OL44432432M,IT,PROMISING,5,Astrazione oggettiva,Giovanna Nicoletti,NO_LANGUAGE_EDITION_WITH_COVER
/books/OL6893093M,IT,PROMISING,5,L' Armenia e gli armeni,Lewon Zēkʻiean,NO_LANGUAGE_EDITION_WITH_COVER
/books/OL840750M,IT,PROMISING,5,Musica e letteratura nell'Africa nera,Samuel-Martin Eno Belinga,NO_LANGUAGE_EDITION_WITH_COVER
/books/OL109811M,LA,PROMISING,5,"Res inauditae, incredulae",Antonio Stramaglia,NO_LANGUAGE_EDITION_WITH_COVER
/books/OL12714722M,LA,PROMISING,5,"Fontes Christiani, 2. Folge, 25 Bde., Ln, Bd.30/1, Jungfrauenspiegel",Jutta Seyfarth,NO_VALID_PHYSICAL_COVER
/books/OL12770180M,LA,PROMISING,5,Planen Und Bauen Im Fruhen Und Hohen Mittelalter Nach Den Schriftquellen Bis 1250,Rolf Schroder,NO_LANGUAGE_EDITION_WITH_COVER
/books/OL12823075M,LA,PROMISING,5,"Anthologia Latina, Pars I: Carmina in Codicibus Scripta, fasc. 1",David R. Shackleton Bailey,NO_LANGUAGE_EDITION_WITH_COVER
/books/OL12823140M,LA,PROMISING,5,"Antiquitatum Romanarum quae supersunt, vol. I",Dionysius of Halicarnassus,NO_LANGUAGE_EDITION_WITH_COVER
/books/OL12823141M,LA,PROMISING,5,"Antiquitatum Romanarum quae supersunt, vol. II",Dionysius of Halicarnassus,NO_LANGUAGE_EDITION_WITH_COVER
/books/OL12823143M,LA,PROMISING,5,"Antiquitatum Romanarum, vol. IV",Dionysius of Halicarnassus,NO_LANGUAGE_EDITION_WITH_COVER
/books/OL12823146M,LA,PROMISING,5,"Antiquitatum Romanarum, Supplementum",Dionysius of Halicarnassus,NO_LANGUAGE_EDITION_WITH_COVER
/books/OL12823232M,LA,PROMISING,5,"Naturalis Historiae, vol. IV",Pliny the Elder,NO_LANGUAGE_EDITION_WITH_COVER
/books/OL12823266M,LA,PROMISING,5,Musici Scriptores Graeci,Carl Jan,NO_LANGUAGE_EDITION_WITH_COVER
/books/OL12823267M,LA,PROMISING,5,Musici Scriptores Graeci: Supplementum,Carl Jan,NO_LANGUAGE_EDITION_WITH_COVER
/books/OL12829494M,LA,PROMISING,5,Saeculum Pium,Katharina Rosenplenter,NO_LANGUAGE_EDITION_WITH_COVER
/books/OL12830205M,LA,PROMISING,5,Sedecias,Ludovicus Crucius,NO_LANGUAGE_EDITION_WITH_COVER
/books/OL12830487M,LA,PROMISING,5,"Die Rezeption Der Lehre Des Ramon Llull in Der Rhetorica Christiana (Perugia, 1579) Des Franziskaners Fray Diego De Valades (Europaische Hochschulschriften)",Linda Baez-rubi,NO_LANGUAGE_EDITION_WITH_COVER
/books/OL12845977M,LA,PROMISING,5,Prosopographia Militiarum Equestrium Quae Fuerunt Ab Augusto Ad Gallienum: Pars Sexta,Hubert Devijver,NO_LANGUAGE_EDITION_WITH_COVER
/books/OL12849948M,LA,PROMISING,5,La deuxième controverse de Paris. Un chapitre dans la polémique entre chrétiens et juifs au Moyen-Age,Shatzmiller J.,NO_LANGUAGE_EDITION_WITH_COVER
/books/OL13079023M,LA,PROMISING,5,De conflictu Hungarorum cum Solymano Turcarum imperatore ad Mohach historia verissima,Istvan Brodarics,NO_LANGUAGE_EDITION_WITH_COVER
/books/OL13100805M,LA,PROMISING,5,"""Menggu yuan liu"" yan jiu (Zhongguo Menggu xue wen ku)",Wulan,NO_MATCHING_WORK
/books/OL13186025M,LA,PROMISING,5,Cronica Monasterii Canonicorum Regularium (S. Augustini) in Glacz,Wojciech Mrozowicz,NO_LANGUAGE_EDITION_WITH_COVER
/books/OL13312060M,LA,PROMISING,5,Studia Chronologica,Joan Gomez Pallares,NO_LANGUAGE_EDITION_WITH_COVER
/books/OL13318104M,LA,PROMISING,5,La Coru~na,Carlos Saez,NO_LANGUAGE_EDITION_WITH_COVER
/books/OL13327156M,LA,PROMISING,5,Documentacion Del Monasterio De La Volume 31,Jose Manuel Garrido,NO_LANGUAGE_EDITION_WITH_COVER
/books/OL133868M,LA,PROMISING,5,Scrittori del Grigioni italiano,Antonio Stäuble,NO_LANGUAGE_EDITION_WITH_COVER
/books/OL14420671M,LA,WEAK,2,The first six books of the Æneid,Publius Vergilius Maro,NO_LANGUAGE_EDITION_WITH_COVER
/books/OL17315669M,LA,PROMISING,5,Gesta Ernesti Ducis,Peter Christian Jacobsen | Peter Orth,NO_LANGUAGE_EDITION_WITH_COVER
/books/OL19233225M,LA,PROMISING,5,Andrejs Pumpurs,Jānis Kalnin̦š,NO_LANGUAGE_EDITION_WITH_COVER
/books/OL19321983M,LA,PROMISING,5,Die Entstehung der Mark Brandenburg: mit einem lateinisch-deutschen Quellenanhang,Lutz Partenheimer,NO_LANGUAGE_EDITION_WITH_COVER
/books/OL20964586M,LA,PROMISING,5,La vacanza fuori Roma del Papa Leone X e altri carmi scelti inediti,"Cantalicio, Giovanni Battista, d. 1515.",NO_LANGUAGE_EDITION_WITH_COVER
/books/OL21168353M,LA,PROMISING,5,Zwischen Drama und Erzählung,Holger Korthals,NO_LANGUAGE_EDITION_WITH_COVER
/books/OL24589649M,LA,WEAK,4,La storia di Apollonio re di Tiro,Giovanni Garbugino,NO_LANGUAGE_EDITION_WITH_COVER
/books/OL25093132M,LA,PROMISING,5,Fiktionen des Faktischen in der Renaissance,Ulrike Schneider,NO_LANGUAGE_EDITION_WITH_COVER
/books/OL25332734M,LA,PROMISING,5,Contrafacta,Eleonora Vincenti,NO_LANGUAGE_EDITION_WITH_COVER
/books/OL306266M,LA,PROMISING,5,La voie du désir,J. F. Froger,NO_LANGUAGE_EDITION_WITH_COVER
/books/OL4016060M,LA,PROMISING,5,Sul pudore delle donne,Petronius,NO_LANGUAGE_EDITION_WITH_COVER
/books/OL4481528M,LA,PROMISING,5,Aspects of Apuleius' Golden ass,B. L. Hijmans | R. T. van der Paardt,NO_LANGUAGE_EDITION_WITH_COVER
/books/OL11014336M,NL,PROMISING,5,Twee Nederlandse Novellen,Ina Boudier-Bakker | A. De Wit,NO_LANGUAGE_EDITION_WITH_COVER
/books/OL1155357M,NL,PROMISING,5,Pastor Bonus,Ernest Claes,NO_LANGUAGE_EDITION_WITH_COVER
/books/OL1156501M,NL,PROMISING,5,De ontsnapping,Theun de Vries,NO_LANGUAGE_EDITION_WITH_COVER
/books/OL1173087M,NL,PROMISING,5,Ars inveniendi,Cornelis Anthonie van Peursen,NO_LANGUAGE_EDITION_WITH_COVER
/books/OL12698765M,NL,PROMISING,5,Die Architectura Von Hans Vredeman de Vries,Jochem Wolff,NO_LANGUAGE_EDITION_WITH_COVER
/books/OL12797895M,NL,PROMISING,5,Problematisch gedrag onder jongeren,Gerda Hendriks-Elzes,NO_LANGUAGE_EDITION_WITH_COVER
/books/OL12797945M,NL,PROMISING,5,Flandriens over hun touren,Mark Vanlombeek,NO_LANGUAGE_EDITION_WITH_COVER
/books/OL12799557M,NL,PROMISING,5,Geschiedenis van het Ministerie van Justitie,M. E Verburg,NO_LANGUAGE_EDITION_WITH_COVER
/books/OL12799559M,NL,PROMISING,5,Henri Deterding,Paul Hendrix,NO_LANGUAGE_EDITION_WITH_COVER
/books/OL12799562M,NL,PROMISING,5,Politieke woorden: Termen & begrippen,Carla Joosten,NO_LANGUAGE_EDITION_WITH_COVER
/books/OL12799563M,NL,STRONG,7,Van Amerika geleerd,Frank Inklaar,NO_LANGUAGE_EDITION_WITH_COVER
/books/OL12799567M,NL,PROMISING,5,Liberalen onder een dak,H. J. L Vonhoff,NO_LANGUAGE_EDITION_WITH_COVER
/books/OL12799569M,NL,PROMISING,5,Geschiedenis van de Binnenlandse Veiligheidsdienst,D Engelen,NO_LANGUAGE_EDITION_WITH_COVER
/books/OL12799570M,NL,PROMISING,5,De Eerste Kamer,Bernardus Hendrikus van den Braak,NO_LANGUAGE_EDITION_WITH_COVER
/books/OL12799712M,NL,PROMISING,5,De Penningmeesters van de wetstraat,Alois van de Voorde,NO_LANGUAGE_EDITION_WITH_COVER
/books/OL12800092M,NL,PROMISING,5,Leopold II van Saksen Coburgs allergrootste Zaak,Julien WEVERBERGH,NO_LANGUAGE_EDITION_WITH_COVER
/books/OL12800214M,NL,PROMISING,5,New Wave in Building,Helga Fassbinder | Adri Proveniers,NO_LANGUAGE_EDITION_WITH_COVER
/books/OL12800222M,NL,PROMISING,5,Nederland stromenland,Paul Lucardie,NO_LANGUAGE_EDITION_WITH_COVER
/books/OL12800260M,NL,PROMISING,5,Getuigen van de geschiedenis van het Nederlandse accountantsberoep,J. W Schoonderbeek,NO_LANGUAGE_EDITION_WITH_COVER
/books/OL12800285M,NL,PROMISING,5,Denken in het licht van de tijd,Karin de Boer,NO_LANGUAGE_EDITION_WITH_COVER
/books/OL12800387M,NL,PROMISING,5,Identiteit als belofte,Hans Groen,NO_LANGUAGE_EDITION_WITH_COVER
/books/OL12800420M,NL,PROMISING,5,Een spoor van emoties,Wim Koole,NO_LANGUAGE_EDITION_WITH_COVER
/books/OL12800798M,NL,PROMISING,5,Gedenk Te Sterven,Pieter Hoexum,NO_LANGUAGE_EDITION_WITH_COVER
/books/OL12800812M,NL,PROMISING,5,Vrouwenlevens,Margot de Waal,NO_LANGUAGE_EDITION_WITH_COVER
/books/OL12800826M,NL,STRONG,7,Vlucht Voor De Tovenaar,Iris Murdoch,NO_MATCHING_WORK
/books/OL12801185M,NL,PROMISING,5,Angola,S. J Bosgra,NO_LANGUAGE_EDITION_WITH_COVER
/books/OL12801217M,NL,PROMISING,5,Christelijke kamerleden en de vrijheid van meningsuiting,Willemien Kort-van Welzen,NO_LANGUAGE_EDITION_WITH_COVER
/books/OL12802094M,NL,PROMISING,5,Actief Leren (Educating Young Children,Phyllis S. Weikart | Mary Hohmann,NO_LANGUAGE_EDITION_WITH_COVER
/books/OL12802108M,NL,PROMISING,5,Bewust van andere lusten,Lex Hermans,NO_LANGUAGE_EDITION_WITH_COVER
/books/OL12802655M,NL,PROMISING,5,De oudchristelijke wereld (200-600): Een iconografische studie (De verbeelding van het Woord),Gerard Wellen,NO_LANGUAGE_EDITION_WITH_COVER
/books/OL12802762M,NL,PROMISING,5,Sociologie van het alledaagse leven,Martin Ruebens,NO_LANGUAGE_EDITION_WITH_COVER
/books/OL12802787M,NL,PROMISING,5,Sociologische theorieen van sociale processen,J Vancoillie,NO_LANGUAGE_EDITION_WITH_COVER
/books/OL12802853M,NL,PROMISING,5,Aan den arbeid!,Maarten van Bottenburg,NO_LANGUAGE_EDITION_WITH_COVER
/books/OL12802857M,NL,PROMISING,5,Huwelijk in Holland,Manon van der Heijden,NO_LANGUAGE_EDITION_WITH_COVER
/books/OL12802859M,NL,PROMISING,5,Het zelfontplooiingsregime,Evelina Hendrika Tonkens,NO_LANGUAGE_EDITION_WITH_COVER
/books/OL12802925M,NL,PROMISING,5,Lenins politieke logica,Pier A Smit,NO_LANGUAGE_EDITION_WITH_COVER
/books/OL12802937M,NL,PROMISING,5,"Politiek, economie en democratie",P. H. A Meijs,NO_LANGUAGE_EDITION_WITH_COVER
/books/OL12803208M,NL,PROMISING,5,Particuliere reclassering en overheid in Nederland sinds 1823,Jean-Paul Heinrich,NO_LANGUAGE_EDITION_WITH_COVER
/books/OL12803218M,NL,PROMISING,5,Vorst tussen volk en wet,G. P. van Nifterik,NO_LANGUAGE_EDITION_WITH_COVER
/books/OL12803259M,NL,PROMISING,5,De macht van representatie,F. R Ankersmit,NO_LANGUAGE_EDITION_WITH_COVER
/books/OL12803260M,NL,PROMISING,5,Macht door representatie,F. R Ankersmit,NO_LANGUAGE_EDITION_WITH_COVER
/books/OL12803343M,NL,PROMISING,5,I Spy With Rembrandt's Eye,"Petra; Uterwijk, Robert Kana-Devilee",NO_LANGUAGE_EDITION_WITH_COVER
/books/OL12803359M,NL,PROMISING,5,T.A.C. Colenbrander (1841-1930),Titus M Eliens,NO_LANGUAGE_EDITION_WITH_COVER
/books/OL12803368M,NL,PROMISING,5,De Sarijs-handschriften,Lydia S Wierda,NO_LANGUAGE_EDITION_WITH_COVER
/books/OL12803494M,NL,PROMISING,5,De zegenrijke heeren der wateren,Wim Ravesteijn,NO_LANGUAGE_EDITION_WITH_COVER
/books/OL12803570M,NL,PROMISING,5,Bouwen aan de Hofstad,Arie de Klerk,NO_LANGUAGE_EDITION_WITH_COVER
/books/OL12803868M,NL,PROMISING,5,De luikse rattenkoning,Jan Willems,NO_LANGUAGE_EDITION_WITH_COVER
/books/OL12805725M,NL,PROMISING,5,Grensverkeer,Van Gorp H.,NO_LANGUAGE_EDITION_WITH_COVER
/books/OL12805734M,NL,PROMISING,5,Rationaliteit en religieus vertrouwen,Walter van Herck,NO_LANGUAGE_EDITION_WITH_COVER
/books/OL12805736M,NL,PROMISING,5,Keizers aan de Nijl,Willems H.,NO_LANGUAGE_EDITION_WITH_COVER
/books/OL12806188M,NL,PROMISING,5,De muis die even brulde,Jan Cornelis de Bas,NO_LANGUAGE_EDITION_WITH_COVER
/books/OL12806189M,NL,PROMISING,5,Trouwen Met Oranje,Arnout Van Cruyningen,NO_LANGUAGE_EDITION_WITH_COVER
/books/OL12806311M,NL,PROMISING,5,De ideeenkliniek,C. J. M Schuyt,NO_LANGUAGE_EDITION_WITH_COVER
/books/OL12806374M,NL,PROMISING,5,De begroting van de Europese Unie,Bart Kerremans,NO_LANGUAGE_EDITION_WITH_COVER
/books/OL12806750M,NL,PROMISING,5,Nederlandse politieke partijen over minderhedenbeleid 1977-1995 (Migrant en stad),Alfons Fermin,NO_LANGUAGE_EDITION_WITH_COVER
/books/OL12806824M,NL,PROMISING,5,Woord En Boek in de geschiedenis van de geneeskunde. Een beschouwing over de toegankelijkheid van medische kennis.,M.J. van Lieburg,NO_LANGUAGE_EDITION_WITH_COVER
/books/OL12806830M,NL,PROMISING,5,Wetenschapsgeschiedenis In Perspectief.,B. En L.C. PALM Theunissen,NO_LANGUAGE_EDITION_WITH_COVER
/books/OL12806831M,NL,PROMISING,5,Het Localisatieconcept In De Neurologie Van Brown-sequard.(Nieuwe Nederlandse Bijdragen tot de Geschiedenis der Geneeskunde en der Natuurwetenschappen 31),P.J. Koehler,NO_LANGUAGE_EDITION_WITH_COVER
/books/OL12806840M,NL,PROMISING,5,"NEDERLANDSE GENEESKUNDE IN DE INDISCHE ARCHIPEL 1816-1942. Verslag van een symposium gehouden ter gelegenheid van het afscheid van Prof. Dr. D. de Moulin, als hoogleraar in de Geschiedenis der Geneeskunde aan de Katholieke Universiteit te Nijmegen, 30 september 1989.","G.M. van, A. de KNECHT-VAN EEKELEN en M.J.D. POULISSEN Eindredactie A.M. LUYENDIJK-ELSHOUT HETEREN",NO_LANGUAGE_EDITION_WITH_COVER
/books/OL12807196M,NL,PROMISING,5,De geschiedenis van de Batavier Lijn,L. L. von Munching,NO_LANGUAGE_EDITION_WITH_COVER
/books/OL12807698M,NL,PROMISING,5,De verborgen mechanismen van ons bestaan,Mathieu Snykers,NO_LANGUAGE_EDITION_WITH_COVER
/books/OL12807701M,NL,PROMISING,5,Het beeld,Jan Marie Lambert Peters,NO_LANGUAGE_EDITION_WITH_COVER
/books/OL12807710M,NL,PROMISING,5,Het Geheim Van de Rechtvaardige Rechters,Chris Noppe,NO_LANGUAGE_EDITION_WITH_COVER
/books/OL12807810M,NL,PROMISING,5,Door studieband vereend,Jacqueline Kampman,NO_LANGUAGE_EDITION_WITH_COVER
/books/OL12807887M,NL,PROMISING,5,Hier wordt echter het belang van het boek geschaad--,Jan Schilt,NO_LANGUAGE_EDITION_WITH_COVER
/books/OL12807892M,NL,PROMISING,5,De coffeeshop,Kurt van Es,NO_LANGUAGE_EDITION_WITH_COVER
/books/OL12807947M,NL,PROMISING,5,Den Haag of s-Gravenhage?,H Schmal,NO_LANGUAGE_EDITION_WITH_COVER
/books/OL12808014M,NL,PROMISING,5,The Comic Painters,Jan Op de Beek,NO_LANGUAGE_EDITION_WITH_COVER
/books/OL12808049M,NL,PROMISING,5,Zorgenkinderen op school,Dorien Graas,NO_LANGUAGE_EDITION_WITH_COVER
/books/OL12808120M,NL,PROMISING,5,Tussen God en duivel,Govert J Buijs,NO_LANGUAGE_EDITION_WITH_COVER
/books/OL12808397M,NL,PROMISING,5,Vertrapte bloemen,Irene van der Linde,NO_LANGUAGE_EDITION_WITH_COVER
/books/OL12808402M,NL,PROMISING,5,"State, Village, and Ritual in Bali: An Historical Perspective (Comparative Asian Studies : No 6)",Henk S. Nordholt,NO_LANGUAGE_EDITION_WITH_COVER
/books/OL12809241M,NL,PROMISING,5,De godshuizen in Brugge,Hilde de Bruyne,NO_LANGUAGE_EDITION_WITH_COVER
/books/OL12809278M,NL,PROMISING,5,De toepassing van de taalwetgeving in de Brusselse gemeentelijke instellingen (Brusselse thema's),Anja Detant,NO_LANGUAGE_EDITION_WITH_COVER
/books/OL12809304M,NL,PROMISING,5,Brusselse Thema's 8,R. Janssens,NO_LANGUAGE_EDITION_WITH_COVER
/books/OL12844920M,NL,PROMISING,5,"Witte boorden, blauwe kielen",Bart De Wilde,NO_LANGUAGE_EDITION_WITH_COVER
/books/OL12844922M,NL,PROMISING,5,Een eeuw solidariteit 1898-1998,Luc Peiren,NO_LANGUAGE_EDITION_WITH_COVER
/books/OL12844965M,NL,PROMISING,5,In levende lijven,Tonja van den Ende,NO_LANGUAGE_EDITION_WITH_COVER
/books/OL12844972M,NL,PROMISING,5,de Platoonse Cirkel,J. F. Glastra Van Loon,NO_LANGUAGE_EDITION_WITH_COVER
/books/OL12844974M,NL,PROMISING,5,God in Frankrijk,Peter Jonkers,NO_LANGUAGE_EDITION_WITH_COVER
/books/OL12845019M,NL,PROMISING,5,T'uwen dienst,Frank van Riet,NO_LANGUAGE_EDITION_WITH_COVER
/books/OL12845035M,NL,PROMISING,5,Grove Borstels,Marc Spruyt,NO_LANGUAGE_EDITION_WITH_COVER
/books/OL12845461M,NL,PROMISING,5,Particuliere archieven en de historische collecties in de moderne bedrijfsorganisatie (Historische bedrijfsarchieven),H. J. M Winkelman,NO_LANGUAGE_EDITION_WITH_COVER
/books/OL12845462M,NL,PROMISING,5,Concurrentie,E. J Fischer,NO_LANGUAGE_EDITION_WITH_COVER
/books/OL12846175M,NL,PROMISING,5,GOODNIGHT IRENE,Didier Pontzeele,NO_LANGUAGE_EDITION_WITH_COVER
/books/OL12846254M,NL,PROMISING,5,Canada En Noord-Brabant,J. A. F. M. Luitjten,NO_LANGUAGE_EDITION_WITH_COVER
/books/OL12846330M,NL,PROMISING,5,Ziek of Schuldig?,F. Koenraadt,NO_LANGUAGE_EDITION_WITH_COVER
/books/OL12846528M,NL,PROMISING,5,Politieverzet in Haarlem,G. E Hartendorf,NO_LANGUAGE_EDITION_WITH_COVER
/books/OL12846530M,NL,PROMISING,5,Vitae Vesper,A. E. C Lindijer,NO_LANGUAGE_EDITION_WITH_COVER
/books/OL12846558M,NL,PROMISING,5,Nette meisjes gevraagd,Freek Baars,NO_LANGUAGE_EDITION_WITH_COVER
/books/OL12846747M,NL,PROMISING,5,Maakbaarheid en normativiteit,Marin Terpstra,NO_LANGUAGE_EDITION_WITH_COVER
/books/OL12847883M,NL,PROMISING,5,Fahrenheit's Letters to Leibniz and Boerhaave,P. Van Der Star,NO_LANGUAGE_EDITION_WITH_COVER
/books/OL12847910M,NL,PROMISING,5,Het Coolsingelziekenhuis Te Rotterdam (1839-1900). De ontwikkeling van een stedelijk ziekenhuis in de 19e eeuw.,M.J. van Lieburg,NO_LANGUAGE_EDITION_WITH_COVER
/books/OL12847954M,NL,PROMISING,5,Een afwijkend patroon,Janneke Plantenga,NO_LANGUAGE_EDITION_WITH_COVER
/books/OL12847968M,NL,PROMISING,5,Uitgeschreven of afgeschreven?,Rik van Berkel,NO_LANGUAGE_EDITION_WITH_COVER
/books/OL12847979M,NL,STRONG,7,"Wilhelm Hibbeln, de glasmof",J. G Hibbeln,NO_LANGUAGE_EDITION_WITH_COVER
/books/OL12848121M,NL,PROMISING,5,Hofjes met perspectief,N. Y Schuijt-Lucassen,NO_LANGUAGE_EDITION_WITH_COVER
/books/OL12848227M,NL,PROMISING,5,Na Renault is niemand nog veilig,Stan Vanhulle,NO_LANGUAGE_EDITION_WITH_COVER
/books/OL12848303M,NL,PROMISING,5,Chaerte vande Vrye Heerlickheydt Warmondt,Johan Dou,NO_LANGUAGE_EDITION_WITH_COVER
/books/OL12848305M,NL,PROMISING,5,Prins Maurits' kaart van Rijnland en omliggend gebied,Floris Balthasar,NO_LANGUAGE_EDITION_WITH_COVER
/books/OL12848321M,NL,PROMISING,5,Honderduit,Tom Weerheijm,NO_LANGUAGE_EDITION_WITH_COVER
/books/OL12848410M,NL,PROMISING,5,"Conservare Jura (Publicaties Van Het Gerard Noodt Instituut, Rechtshistorisch)",P. Neve,NO_LANGUAGE_EDITION_WITH_COVER
/books/OL12848584M,NL,PROMISING,5,Bonis in bonum,K. J. S Bostoen,NO_VALID_PHYSICAL_COVER
/books/OL12848599M,NL,PROMISING,5,Van 'vulliscuyl' tot huisvuilcentrale,G.N.M Vis,NO_VALID_PHYSICAL_COVER
/books/OL12848600M,NL,PROMISING,5,Complexe consensus,Tity de Vries,NO_LANGUAGE_EDITION_WITH_COVER
/books/OL12848624M,NL,PROMISING,5,"Ideologisch debat en politieke strijd over het corporatisme tijdens het interbellum in Belgie (Verhandelingen van de Koninklijke Academie voor Wetenschappen, ... Kunsten van Belgie, Klasse der Letteren)",Dirk Luyten,NO_LANGUAGE_EDITION_WITH_COVER
/books/OL12848722M,NL,PROMISING,5,Verzorgd of zelfstandig,Monique Stavenuiter,NO_LANGUAGE_EDITION_WITH_COVER
/books/OL12848741M,NL,PROMISING,5,Voor de jeugd van tegenwoordig,Jan-Paul Verkaik,NO_LANGUAGE_EDITION_WITH_COVER
/books/OL12848747M,NL,PROMISING,5,Jeugdzorg,C. P. G Tilanus,NO_LANGUAGE_EDITION_WITH_COVER
/books/OL12848757M,NL,PROMISING,5,De 17de-eeuwse kaart van de goederen van de landkommanderij Alden Biesen (Limburgse documenten I),L Allemeersch,NO_LANGUAGE_EDITION_WITH_COVER
/books/OL12848763M,NL,PROMISING,5,Met den koorde of door het zwaard,Dick Schluter,NO_LANGUAGE_EDITION_WITH_COVER
/books/OL12848769M,NL,PROMISING,5,De macht van het idee,G. A. van der List,NO_LANGUAGE_EDITION_WITH_COVER
/books/OL12848816M,NL,PROMISING,5,"Waag veel, riskeer niets!",Piet L Koppen,NO_LANGUAGE_EDITION_WITH_COVER
/books/OL12848847M,NL,PROMISING,5,Hof en handel. Aziatische vorsten en de VOC 1620-1720,E. en P. RIETBERGEN. (Red.). LOCHER-SCHOLTEN,NO_LANGUAGE_EDITION_WITH_COVER
/books/OL12848871M,NL,PROMISING,5,Een geschiedenis van verloren illusies,Ton Geurtsen,NO_LANGUAGE_EDITION_WITH_COVER
/books/OL12849520M,NL,PROMISING,5,Cijfers en hun achterliggende realiteit. De MTMM-kwaliteitsparameters op hun kwaliteit onderzocht,Hilde De Wit,NO_LANGUAGE_EDITION_WITH_COVER
/books/OL12849549M,NL,PROMISING,5,Albert Heijn,Albert Heijn,NO_LANGUAGE_EDITION_WITH_COVER
/books/OL12849680M,NL,PROMISING,5,Bedoeïenen en oliemagnaten aan de Golf.,Hernalsteen H.,NO_LANGUAGE_EDITION_WITH_COVER
/books/OL12849826M,NL,PROMISING,5,De eucharistische vroomheid en het feest van Sacramentsdag in de Nederlanden tijdens de Late Middeleeuwen (Miscellanea Neerlandica),Charles M. A Caspers,NO_LANGUAGE_EDITION_WITH_COVER
/books/OL12849867M,NL,PROMISING,5,"Antwerpen, internationaal uitgeverscentrum van devotieprenten",Alfons K. L Thijs,NO_LANGUAGE_EDITION_WITH_COVER
/books/OL12849903M,NL,PROMISING,5,Over Brabant Geschreven. Handschriften En Archivalische Bronnen in de Tilburgse Universiteitsbibliotheek. Deel 2,Katholieke Universiteit Brabant,NO_LANGUAGE_EDITION_WITH_COVER
/books/OL12849982M,NL,PROMISING,5,Vorst en onderdaan. Studies over Holland en Zeeland in de late middeleeuwen.,Smit J.G.,NO_LANGUAGE_EDITION_WITH_COVER
/books/OL12849991M,NL,PROMISING,5,De paleografie van de documentaire bronnen in Holland en Zeeland in de dertiende eeuw. 2. Bijlagen,Burgers J.W.J.,NO_LANGUAGE_EDITION_WITH_COVER
/books/OL12850181M,NL,PROMISING,5,Suriname Free - 25 November 1975,Roy Tjin,NO_VALID_PHYSICAL_COVER
/books/OL12850331M,NL,PROMISING,5,"Opvoeden tot sociale verantwoordelijkheid: De verzoening van wetenschap, ethiek en sekse in het sociaal werk in Nederland rond de eeuwwisseling (IISG: studies + essays)",Liesbeth Bervoets,NO_LANGUAGE_EDITION_WITH_COVER
/books/OL12850332M,NL,PROMISING,5,De levenbrengsters,Marijke Mossink,NO_LANGUAGE_EDITION_WITH_COVER
/books/OL12850341M,NL,PROMISING,5,Het Twentse model,Dik Nas,NO_LANGUAGE_EDITION_WITH_COVER
/books/OL12850342M,NL,PROMISING,5,Het huis der getallen,Anne-Marie Kuijlaars,NO_LANGUAGE_EDITION_WITH_COVER
/books/OL12850365M,NL,PROMISING,5,Doorbroken barrieres,Isja Finaly,NO_LANGUAGE_EDITION_WITH_COVER
/books/OL12850391M,NL,PROMISING,5,Beeldarchitectuur en kunst,Jean Leering,NO_LANGUAGE_EDITION_WITH_COVER
/books/OL12850400M,NL,PROMISING,5,Vervlogen jaren van Fokker,J. van Huijstee,NO_LANGUAGE_EDITION_WITH_COVER
/books/OL12850401M,NL,PROMISING,5,"Het Nationaal Gerechtshof, 1802-1811",E. C. G Bauwens,NO_LANGUAGE_EDITION_WITH_COVER
/books/OL12850576M,NL,PROMISING,5,Diamante Gedenkzuilen En Leerzaeme Voorbeelden,Lyckle Door De Vries,NO_LANGUAGE_EDITION_WITH_COVER
/books/OL12850683M,NL,PROMISING,5,Autonoom,C. G. M Smit,NO_LANGUAGE_EDITION_WITH_COVER
/books/OL12850850M,NL,PROMISING,5,"Door allen voor allen, een heerlijk streven!",Annemarie Knoop,NO_LANGUAGE_EDITION_WITH_COVER
/books/OL12850883M,NL,PROMISING,5,Het net en de wet,Jaap Kerkhoven,NO_LANGUAGE_EDITION_WITH_COVER
/books/OL12850919M,NL,PROMISING,5,Van Punt en Snoa,Bernard R Buddingh,NO_LANGUAGE_EDITION_WITH_COVER
/books/OL12850980M,NL,PROMISING,5,"Demografische databank Nederlandse gemeenten, 1811-1850 (NiDi rapport)",Erik Beekink,NO_LANGUAGE_EDITION_WITH_COVER
/books/OL12851151M,NL,PROMISING,5,De sleutel van de VPRO,Mirjam Prenger,NO_LANGUAGE_EDITION_WITH_COVER
/books/OL12851184M,NL,PROMISING,5,Vroolijk-wonen,Wim van Beek,NO_LANGUAGE_EDITION_WITH_COVER
/books/OL12851294M,NL,PROMISING,5,Van Fabriekswacht Tot Wachtbrigade,Dries Timmermans,NO_LANGUAGE_EDITION_WITH_COVER
/books/OL12851337M,NL,PROMISING,5,De Abdij van Loosduinen,Willem E. den Hertog,NO_LANGUAGE_EDITION_WITH_COVER
/books/OL12851517M,NL,PROMISING,5,Frits Peutz,Frits Peutz,NO_LANGUAGE_EDITION_WITH_COVER
/books/OL12851780M,NL,PROMISING,5,16th Worldwide Video Festival 1998 Catalogue,"World Wide Video Festival (16th 1998 Amsterdam, Netherlands)",NO_MATCHING_WORK
/books/OL12851789M,NL,PROMISING,5,Onder de Acacia,Andre Hanou,NO_LANGUAGE_EDITION_WITH_COVER
/books/OL12851797M,NL,PROMISING,5,"Zilver, brood en kogels voor de koning",Maurits Alexander Ebben,NO_LANGUAGE_EDITION_WITH_COVER
/books/OL12851850M,NL,PROMISING,5,Toezicht op het beleggingsbeleid van pensioenfondsen en verzekeraars,G. R Boshuizen,NO_LANGUAGE_EDITION_WITH_COVER
/books/OL12851870M,NL,PROMISING,5,Beschaven!,Marleen de Vries,NO_LANGUAGE_EDITION_WITH_COVER
/books/OL12852102M,NL,PROMISING,5,Spraakmakende Blazers e.a.,Jan de Kruijff,NO_LANGUAGE_EDITION_WITH_COVER
/books/OL12852727M,NL,PROMISING,5,"Bedrijfsleven, overheid en handelsbevordering",Walter Henri Salzmann,NO_LANGUAGE_EDITION_WITH_COVER
/books/OL1296113M,NL,STRONG,7,Kikker is verliefd,Max Velthuijs,NO_MATCHING_WORK
/books/OL13111271M,NL,PROMISING,5,Yalde-kokhavim (Sidrah la-noar a. sh. Korts'ak),Clara Asscher-Pinkhof,NO_LANGUAGE_EDITION_WITH_COVER
/books/OL13253370M,NL,PROMISING,5,Luchtvaartontwikkelingen in Suriname,R. Th. C Wijdenbosch,NO_LANGUAGE_EDITION_WITH_COVER
/books/OL13254362M,NL,PROMISING,5,Zorg en strijd voor waardigheid,Eudya Vos,NO_LANGUAGE_EDITION_WITH_COVER
/books/OL13593785M,NL,PROMISING,5,"Nieuwe functies, nieuwe verschillen",Ellen van Oost,NO_LANGUAGE_EDITION_WITH_COVER
/books/OL13635291M,NL,STRONG,7,Betty Woodman,Betty Woodman,NO_VALID_PHYSICAL_COVER
/books/OL14084994M,NL,PROMISING,5,"Bartholomeus van Maastricht (d. 1446), monnik en conciliarist",Ton Meijknecht,NO_LANGUAGE_EDITION_WITH_COVER
/books/OL14578626M,NL,PROMISING,5,Pilatus en Herodes.,G. J. D. Aalders,NO_LANGUAGE_EDITION_WITH_COVER
/books/OL14581833M,NL,PROMISING,5,Een eeuw modern kapitalisme: De Regouts/Leed en strijd van Maastricht's proletariat.,M. Ubachs,NO_LANGUAGE_EDITION_WITH_COVER
/books/OL14606278M,NL,PROMISING,5,Geschiedenis van beeldende vorming.,A Gerritse,NO_LANGUAGE_EDITION_WITH_COVER
/books/OL14657316M,NL,PROMISING,5,Den oorspronck van de ruïne en aermoede der Spaensche Nederlanden,Pieter Cardon,NO_LANGUAGE_EDITION_WITH_COVER
/books/OL14681943M,NL,PROMISING,5,De religieuze projectie.,Fokke.* Sierksma,NO_LANGUAGE_EDITION_WITH_COVER
/books/OL14682558M,NL,PROMISING,5,Fenomenologie en psychiatrie,H. C. Rümke,NO_LANGUAGE_EDITION_WITH_COVER
/books/OL14689526M,NL,PROMISING,5,Strofische structuren in de Bijbels-hebreeuwse poëzie.,Pieter Van der Lugt,NO_LANGUAGE_EDITION_WITH_COVER
/books/OL14710508M,NL,PROMISING,5,Kritiek als credo.,Hendrik de.* Vries,NO_LANGUAGE_EDITION_WITH_COVER
/books/OL1472033M,NL,PROMISING,5,Een banket voor Blauwbaard,Jan L. Broeckx,NO_LANGUAGE_EDITION_WITH_COVER
/books/OL1473013M,NL,PROMISING,5,Verhaal en werkelijkheid,Cornelis Anthonie van Peursen,NO_LANGUAGE_EDITION_WITH_COVER
/books/OL14732156M,NL,PROMISING,5,Kennis en noodzakelijkheid.,Antonie.* Vos,NO_LANGUAGE_EDITION_WITH_COVER
/books/OL14745355M,NL,PROMISING,5,Gemeenschapszin en plichtsbesef,Henk te Velde,NO_LANGUAGE_EDITION_WITH_COVER
/books/OL14752439M,NL,PROMISING,5,Heiligen uit de modder,R. M. van Heeringen,NO_LANGUAGE_EDITION_WITH_COVER
/books/OL14763104M,NL,PROMISING,5,Gereformeerde gemeenten in Zeeland.,A.G.* Eggebeen,NO_LANGUAGE_EDITION_WITH_COVER
/books/OL14780799M,NL,PROMISING,5,"De geschiedenis van de Stichting Sint Nicolai Broederschap te Arnhem, 1351-1993",V. Paquay,NO_LANGUAGE_EDITION_WITH_COVER
/books/OL1490779M,NL,PROMISING,5,De wiekslag van hun geest,W. Otterspeer,NO_LANGUAGE_EDITION_WITH_COVER
/books/OL15133509M,NL,PROMISING,5,De Problematiek van de Gemeentezang in de Franse Gereformeerde Kerken en de Liturgische Rijkdom van het Geneefse Psalter,Emmanuel Haein,NO_LANGUAGE_EDITION_WITH_COVER
/books/OL15243310M,NL,PROMISING,5,Muziek in de kinderrevalidatie,Madeleen de Bruijn,NO_LANGUAGE_EDITION_WITH_COVER
/books/OL15515768M,NL,PROMISING,5,"Dutch posters, 1960-1996",Anthon Beeke,NO_LANGUAGE_EDITION_WITH_COVER
/books/OL1608602M,NL,PROMISING,5,Clio's stiefkind,Eduard Jan Dijksterhuis,NO_LANGUAGE_EDITION_WITH_COVER
/books/OL16170784M,NL,PROMISING,5,Esther Knobel,Esther Knobel,NO_LANGUAGE_EDITION_WITH_COVER
/books/OL16216445M,NL,PROMISING,5,Paul Bodifée,Roel H. Smit-Muller,NO_LANGUAGE_EDITION_WITH_COVER
/books/OL16242613M,NL,PROMISING,5,Een nieuw wereldbeeld!,Luc de Martelaere,NO_LANGUAGE_EDITION_WITH_COVER
/books/OL16247869M,NL,PROMISING,5,Naakt of bloot,Hanna Klarenbeek,NO_LANGUAGE_EDITION_WITH_COVER
/books/OL16256359M,NL,STRONG,7,"Hendrik Valk, 1897-1986",Alex de Vries,NO_LANGUAGE_EDITION_WITH_COVER
/books/OL16258420M,NL,PROMISING,5,Ada Breedveld,Jan Petrie,NO_LANGUAGE_EDITION_WITH_COVER
/books/OL16261166M,NL,PROMISING,5,"Siemen Dijkstra, eigen druk",Siemen Dijkstra,NO_LANGUAGE_EDITION_WITH_COVER
/books/OL16274646M,NL,PROMISING,5,"Philippe van Gulpen, 1792-1862",Lou Spronck,NO_LANGUAGE_EDITION_WITH_COVER
/books/OL16279665M,NL,PROMISING,5,Het Muiderslot,Henk Boers,NO_LANGUAGE_EDITION_WITH_COVER
/books/OL16282788M,NL,PROMISING,5,Met uitzicht op zee,Rik Neven,NO_LANGUAGE_EDITION_WITH_COVER
/books/OL16283585M,NL,PROMISING,5,Ingelijst werk,Annette de Vries,NO_LANGUAGE_EDITION_WITH_COVER
/books/OL16313649M,NL,PROMISING,5,Mooi weer,Eko Nugroho,NO_LANGUAGE_EDITION_WITH_COVER
/books/OL16315875M,NL,PROMISING,5,De kasteeltekeningen van Abraham Rademaker,Willem Beelaerts van Blokland,NO_LANGUAGE_EDITION_WITH_COVER
/books/OL16320436M,NL,PROMISING,5,Beeldenstorm in een spiegelzaal,Johan Pas,NO_LANGUAGE_EDITION_WITH_COVER
/books/OL16322777M,NL,PROMISING,5,De collectie Holland,Marianne Heslenfeld,NO_LANGUAGE_EDITION_WITH_COVER
/books/OL16328479M,NL,PROMISING,5,The uninvited,Sylvie Zijlmans,NO_LANGUAGE_EDITION_WITH_COVER
/books/OL16416515M,NL,PROMISING,5,De dirigenten van de herinnering,Ad de Jong,NO_LANGUAGE_EDITION_WITH_COVER
/books/OL1642668M,NL,PROMISING,5,Leeftijdsgrenzen in het strafrecht,Menke Wilhelmina Bol,NO_LANGUAGE_EDITION_WITH_COVER
/books/OL16433728M,NL,PROMISING,5,Conventionele correspondentie,Willemijn Ruberg,NO_LANGUAGE_EDITION_WITH_COVER
/books/OL16521234M,NL,PROMISING,5,De kaarsenkroon van de Sint Walburgiskerk,Aartje Bos-Oskam,NO_LANGUAGE_EDITION_WITH_COVER
/books/OL1652147M,NL,PROMISING,5,Goed geïnformeerd,R. Popping | J. L. Peschar,NO_LANGUAGE_EDITION_WITH_COVER
/books/OL16627003M,NL,PROMISING,5,Jan Cornelisz Vermeyen,Hendrik J. Horn,NO_LANGUAGE_EDITION_WITH_COVER
/books/OL16662105M,NL,PROMISING,5,Amédée Cortier,Eric Pil,NO_LANGUAGE_EDITION_WITH_COVER
/books/OL16721800M,NL,PROMISING,5,"Grieken komen van Venus, Romeinen van Mars",René A. van Royen,NO_LANGUAGE_EDITION_WITH_COVER
/books/OL16721865M,NL,PROMISING,5,Het geheim van de burger,W. L. Tiemeijer,NO_LANGUAGE_EDITION_WITH_COVER
/books/OL16734114M,NL,PROMISING,5,Passie & palet,Janneke Brinkman-Salentijn,NO_LANGUAGE_EDITION_WITH_COVER
/books/OL16825583M,NL,PROMISING,5,Gerson in Groningen,Edward Grasman,NO_LANGUAGE_EDITION_WITH_COVER
/books/OL16831065M,NL,PROMISING,5,Grenswachters van de pedagogiek,Ivo van Hilvoorde,NO_LANGUAGE_EDITION_WITH_COVER
/books/OL16849295M,NL,PROMISING,5,Pittig zilver de schenking Albert & Cecile Maesen =,"Zilvermuseum Sterckshof (Antwerp, Belgium)",NO_LANGUAGE_EDITION_WITH_COVER
/books/OL16882601M,NL,PROMISING,5,Kinderprenten van Brepols,Patricia Vansummeren,NO_LANGUAGE_EDITION_WITH_COVER
/books/OL16893068M,NL,PROMISING,5,Joodse kunstenaars,Ruth Le Febvre-Feld,NO_LANGUAGE_EDITION_WITH_COVER
/books/OL16934741M,NL,PROMISING,5,"Antoon van Welie, 1866-1956",Karin van Lieverloo,NO_LANGUAGE_EDITION_WITH_COVER
/books/OL16965870M,NL,PROMISING,5,Grijsaards in zwart-wit,Anouk Janssen,NO_LANGUAGE_EDITION_WITH_COVER
/books/OL16965873M,NL,PROMISING,5,"Uit de doeken, uit de kleren",Jo Sporck,NO_LANGUAGE_EDITION_WITH_COVER
/books/OL17009842M,NL,PROMISING,5,Over the edges,"Stedelijk Museum voor Actuele Kunst (Ghent, Belgium)",NO_VALID_PHYSICAL_COVER
/books/OL17024960M,NL,PROMISING,5,De elite van België,Jan Puype,NO_LANGUAGE_EDITION_WITH_COVER
/books/OL17036467M,NL,PROMISING,5,Politiek vernieuwen,Huub Dijstelbloem,NO_LANGUAGE_EDITION_WITH_COVER
/books/OL17092704M,NL,PROMISING,5,Poppenhuizen 1880-1980,Femmie Markestein,NO_LANGUAGE_EDITION_WITH_COVER
/books/OL17108729M,NL,PROMISING,5,Denken in een tijd van sociale hypochondrie,Willem Schinkel,NO_LANGUAGE_EDITION_WITH_COVER
/books/OL17115375M,NL,PROMISING,5,Kippenberger,Kippenberger,NO_LANGUAGE_EDITION_WITH_COVER
/books/OL17350874M,NL,PROMISING,5,"Adrien Jean Le Mayeur de Merprès, 1880-1958",Jean Le Mayeur,NO_LANGUAGE_EDITION_WITH_COVER
/books/OL17372200M,NL,PROMISING,5,Fang Lijun.,Lijun Fang,NO_LANGUAGE_EDITION_WITH_COVER
/books/OL17483233M,NL,PROMISING,5,The Exercise of armes,Jacob de Gheyn,NO_LANGUAGE_EDITION_WITH_COVER
/books/OL17863187M,NL,PROMISING,5,Theater aan de kust,Frank Schweppe,NO_LANGUAGE_EDITION_WITH_COVER
/books/OL18081423M,NL,PROMISING,5,Frantisek Kupka [1871-1957],Meda Mladek,NO_LANGUAGE_EDITION_WITH_COVER
/books/OL18094935M,NL,PROMISING,5,Techiyyat ha-metim,Harry Sysling,NO_LANGUAGE_EDITION_WITH_COVER
/books/OL18396759M,NL,STRONG,7,"Niet zo somber, Konijin Hein!",Sheridan Cain,NO_MATCHING_WORK
/books/OL18429142M,NL,PROMISING,5,Neo tot deco,Ebeltje Hartkamp-Jonxis,NO_LANGUAGE_EDITION_WITH_COVER
/books/OL18443169M,NL,PROMISING,5,Wendingen,Yves Knockaert,NO_LANGUAGE_EDITION_WITH_COVER
/books/OL18507615M,NL,STRONG,7,De participatiepedagogiek van John Dewey,Joop Berding,NO_LANGUAGE_EDITION_WITH_COVER
/books/OL18668503M,NL,PROMISING,5,Ontspoorde kunst,Adriaan Vandewalle,NO_LANGUAGE_EDITION_WITH_COVER
/books/OL18706580M,NL,PROMISING,5,Landscape linoleum,Jessica Stockholder,NO_LANGUAGE_EDITION_WITH_COVER
/books/OL18711242M,NL,PROMISING,5,Dirk Hannema,Mireille Mosler,NO_LANGUAGE_EDITION_WITH_COVER
/books/OL18765702M,NL,PROMISING,5,Alternatieve wetenschap,Sef Kicken,NO_LANGUAGE_EDITION_WITH_COVER
/books/OL18786579M,NL,PROMISING,5,De wijsbegeerte van de 20e eeuw,B. Delfgaauw,NO_LANGUAGE_EDITION_WITH_COVER
/books/OL18786632M,NL,PROMISING,5,Lokale macht en netwerken,A. J. A. Felling,NO_LANGUAGE_EDITION_WITH_COVER
/books/OL18800797M,NL,PROMISING,5,Scherzo capriccioso,Josef Škvorecký,NO_LANGUAGE_EDITION_WITH_COVER
/books/OL18880383M,NL,PROMISING,5,Naar een pedagogische wetenschap,N.L Dodde,NO_LANGUAGE_EDITION_WITH_COVER
/books/OL18932607M,NL,PROMISING,5,Into video art,Rob Perrée,NO_VALID_PHYSICAL_COVER
/books/OL19030989M,NL,PROMISING,5,Rondom kerst,Wilhelmina C. M. Wüstefeld,NO_LANGUAGE_EDITION_WITH_COVER
/books/OL19083237M,NL,PROMISING,5,Cont(r)aminaties,Paul Cortois,NO_LANGUAGE_EDITION_WITH_COVER
/books/OL19102749M,NL,PROMISING,5,De Wereld van Van Gogh = Le Monde de Van Gogh = The world of Van Gogh,Erik Andriesse,NO_LANGUAGE_EDITION_WITH_COVER
/books/OL19173788M,NL,PROMISING,5,Revolutie van rechts en intellectuelen in Vlaanderen tijdens het interbellum,Olivier Boehme,NO_LANGUAGE_EDITION_WITH_COVER
/books/OL19205949M,NL,PROMISING,5,Op het scherp van de rede,Hugo van den Enden,NO_LANGUAGE_EDITION_WITH_COVER
/books/OL19206842M,NL,PROMISING,5,Frans de Vitoria,Walter Ceuppens,NO_LANGUAGE_EDITION_WITH_COVER
/books/OL19229105M,NL,PROMISING,5,"""Naar 't heerlijk Griekenland, Verbeelding! voer mij heen""",Daniël Koster,NO_MATCHING_WORK
/books/OL19324393M,NL,PROMISING,5,Willem van Genk,Ans van Berkum,NO_LANGUAGE_EDITION_WITH_COVER
/books/OL19324742M,NL,PROMISING,5,Articles de Paris & Vliegen vangen,S. Carmiggelt,NO_VALID_PHYSICAL_COVER
/books/OL19324745M,NL,PROMISING,5,Vergeet het maar & Ping pong,S. Carmiggelt,NO_VALID_PHYSICAL_COVER
/books/OL19325038M,NL,PROMISING,5,Cura,Marijke Verhoeven,NO_LANGUAGE_EDITION_WITH_COVER
/books/OL19325313M,NL,PROMISING,5,Zeppelins,Gerard de Vries,NO_LANGUAGE_EDITION_WITH_COVER
/books/OL19427188M,NL,PROMISING,5,Gouden eiland in de Bandazee,Toos van Dijk,NO_LANGUAGE_EDITION_WITH_COVER
/books/OL19427275M,NL,PROMISING,5,Macht en onmacht van Immanuel Kants natuurconcept,F. A. de Wit,NO_LANGUAGE_EDITION_WITH_COVER
/books/OL19430744M,NL,PROMISING,5,David Hume,Maaike Engelen,NO_LANGUAGE_EDITION_WITH_COVER
/books/OL19516101M,NL,PROMISING,5,Pantheon der gouden eeuw,Ellinoor Bergvelt,NO_LANGUAGE_EDITION_WITH_COVER
/books/OL19530985M,NL,PROMISING,5,Socrates op de speelplaats,Richard Anthone,NO_LANGUAGE_EDITION_WITH_COVER
/books/OL19580686M,NL,PROMISING,5,Tuig.,Els de Groen,NO_LANGUAGE_EDITION_WITH_COVER
/books/OL19593726M,NL,PROMISING,5,Hond & baas,Jori Zijlmans,NO_LANGUAGE_EDITION_WITH_COVER
/books/OL19610932M,NL,PROMISING,5,Het waarmerk van de mens,Arie de Froe,NO_LANGUAGE_EDITION_WITH_COVER
/books/OL19773392M,NL,PROMISING,5,Palestina,Jacob Israël de Haan,NO_LANGUAGE_EDITION_WITH_COVER
/books/OL19773409M,NL,PROMISING,5,"Mozes, Plato, Jezus",Pieter van der Horst,NO_LANGUAGE_EDITION_WITH_COVER
/books/OL19773434M,NL,PROMISING,5,Volksvertegenwoordiging,Bert van Roermund,NO_LANGUAGE_EDITION_WITH_COVER
/books/OL19797876M,NL,PROMISING,5,Ethiek in beweging,Hilde Bax,NO_LANGUAGE_EDITION_WITH_COVER
/books/OL19834914M,NL,PROMISING,5,Politicide,Luuk van Middelaar,NO_LANGUAGE_EDITION_WITH_COVER
/books/OL19883695M,NL,PROMISING,5,Overgangelijkheid,Chrisjan Bremmers,NO_LANGUAGE_EDITION_WITH_COVER
/books/OL19883703M,NL,PROMISING,5,Nietzsche als verteller,Elisabeth Maria J.T Weijers,NO_LANGUAGE_EDITION_WITH_COVER
/books/OL19883705M,NL,PROMISING,5,Cartesiaans geloven,Pim Willemsen,NO_LANGUAGE_EDITION_WITH_COVER
/books/OL19897333M,NL,PROMISING,5,Nederlandse keramiek vanaf de jugendstil tot 2000,W. D. H. Spijker,NO_LANGUAGE_EDITION_WITH_COVER
/books/OL19901673M,NL,PROMISING,5,Tussen kunst en publiek,Annemiek Ouwerkerk,NO_LANGUAGE_EDITION_WITH_COVER
/books/OL20018947M,NL,PROMISING,5,Between earth and heaven,[name missing],NO_VALID_PHYSICAL_COVER
/books/OL20134327M,NL,PROMISING,5,De Drentse tijd van Vincent van Gogh,Wout J. Dijk,NO_LANGUAGE_EDITION_WITH_COVER
/books/OL20144044M,NL,PROMISING,5,Natura ex machina,Rommert Boonstra,NO_LANGUAGE_EDITION_WITH_COVER
/books/OL20147784M,NL,PROMISING,5,Dionysus of de gekruisigde,Stijn Latré,NO_LANGUAGE_EDITION_WITH_COVER
/books/OL20188650M,NL,PROMISING,5,No rocks allowed,Haim Steinbach,NO_LANGUAGE_EDITION_WITH_COVER
/books/OL20188669M,NL,PROMISING,5,Grenville Davey,James Roberts | Tim Marlow | Grenville Davey,NO_LANGUAGE_EDITION_WITH_COVER
/books/OL20189135M,NL,PROMISING,5,De Oudheid in Fresco,Johannes Leenderd de Jong,NO_LANGUAGE_EDITION_WITH_COVER
/books/OL20262328M,NL,PROMISING,5,Duitse kunst in Nederland,Gregor Langfeld,NO_LANGUAGE_EDITION_WITH_COVER
/books/OL20332594M,NL,PROMISING,5,Alice in zilverland,H. Scharmann,NO_LANGUAGE_EDITION_WITH_COVER
/books/OL20338571M,NL,PROMISING,5,Bibliografie van Nederlands onderzoek naar middeleeuwse beeldende kunst en kunstnijverheid van 1997 tot en met 2001,Matthijs Ilsink,NO_LANGUAGE_EDITION_WITH_COVER
/books/OL20405402M,NL,PROMISING,5,Tussen woeker en weldadigheid Leonardus Lessius,T. van Houdt | Leonardus Lessius,NO_LANGUAGE_EDITION_WITH_COVER
/books/OL20405513M,NL,PROMISING,5,Filosofische gedachten over Godsgeloof,René van Woudenberg,NO_LANGUAGE_EDITION_WITH_COVER
/books/OL20672221M,NL,PROMISING,5,Jacob Hessing (1874-1944),L.W Guldemond,NO_LANGUAGE_EDITION_WITH_COVER
/books/OL20672245M,NL,PROMISING,5,Hoe helder is Heidegger?,E.M Janssen Perio,NO_LANGUAGE_EDITION_WITH_COVER
/books/OL20672363M,NL,PROMISING,5,Leven met ethiek,Jean-Pierre Wils,NO_LANGUAGE_EDITION_WITH_COVER
/books/OL20673141M,NL,PROMISING,5,Jacob Olie Jbz (1834-1905),Jacob Olie,NO_LANGUAGE_EDITION_WITH_COVER
/books/OL2072673M,NL,PROMISING,5,"Woodrow Wilson, professor of profeet",J. W. Schulte Nordholt,NO_LANGUAGE_EDITION_WITH_COVER
/books/OL2073150M,NL,PROMISING,5,Kunnen wij de aarde beheren?,Jan Tinbergen,NO_LANGUAGE_EDITION_WITH_COVER
/books/OL20733420M,NL,PROMISING,5,Naughty by nature,Erik van Lieshout,NO_LANGUAGE_EDITION_WITH_COVER
/books/OL20763418M,NL,PROMISING,5,Oponthoud,Wilma Sütö,NO_LANGUAGE_EDITION_WITH_COVER
/books/OL2077456M,NL,PROMISING,5,Prometheus en het recht van opstand,Arthur Lehning,NO_LANGUAGE_EDITION_WITH_COVER
/books/OL20793081M,NL,PROMISING,5,Werkboek voor muziek van nu,Bernard van Beurden,NO_LANGUAGE_EDITION_WITH_COVER
/books/OL20824310M,NL,PROMISING,5,Kant op zijn best,Stefaan Vandenberghe,NO_LANGUAGE_EDITION_WITH_COVER
/books/OL20846932M,NL,PROMISING,5,Dit kind is van mij!.,Henry Denker,NO_MATCHING_WORK
/books/OL20885910M,NL,PROMISING,5,De blinde vlek in de filosofie,Aad Breed,NO_LANGUAGE_EDITION_WITH_COVER
/books/OL20886128M,NL,PROMISING,5,Het eigene en het andere,"Filosofiedag (21st 1999 Tilburg, Netherlands)",NO_LANGUAGE_EDITION_WITH_COVER
/books/OL21015729M,NL,PROMISING,5,Geschiedenis tussen struktuur en evenement,Kees Bertels,NO_LANGUAGE_EDITION_WITH_COVER
/books/OL21016160M,NL,STRONG,7,Waar liefde verdween.,Harold Robbins,NO_MATCHING_WORK
/books/OL21016383M,NL,PROMISING,5,Gilles en de nacht,Hugo Claus,NO_LANGUAGE_EDITION_WITH_COVER
/books/OL21103645M,NL,PROMISING,5,"Met morele veld van de Moderne Devotie, weerspiegeld in de ""Gnotosolitos parvus"" van Arnold Gheyloven van Rotterdam, 1423",A.G Weiler,NO_LANGUAGE_EDITION_WITH_COVER
/books/OL21108872M,NL,PROMISING,5,De tweede Gouden Eeuw,Bastiaan Willink,NO_LANGUAGE_EDITION_WITH_COVER
/books/OL21125786M,NL,PROMISING,5,De gouden schemer van Venetië,Dulcia Meijers,NO_LANGUAGE_EDITION_WITH_COVER
/books/OL21136229M,NL,PROMISING,5,Een miskend geneesheer,H.J Moeshart,NO_LANGUAGE_EDITION_WITH_COVER
/books/OL21168515M,NL,PROMISING,5,Die Ursprunge christlicher Kunst,Frederik van der Meer,NO_LANGUAGE_EDITION_WITH_COVER
/books/OL21193054M,NL,PROMISING,5,Zilver voor Sir Anthony,Anne-Marie Claessens-Peré,NO_LANGUAGE_EDITION_WITH_COVER
/books/OL21272559M,NL,PROMISING,5,Stille waters,Ward Ruyslinck,NO_LANGUAGE_EDITION_WITH_COVER
/books/OL21314037M,NL,PROMISING,5,Cultus et decor,Sible De Blaauw,NO_LANGUAGE_EDITION_WITH_COVER
/books/OL21376236M,NL,STRONG,7,Dribbels eerste schooldag.,Eric Hill,NO_MATCHING_WORK
/books/OL21376392M,NL,PROMISING,5,Johannes Itten,Johannes Itten,NO_LANGUAGE_EDITION_WITH_COVER
/books/OL21377789M,NL,PROMISING,5,Wuiven naar gisteren,Karel Jonckheere,NO_LANGUAGE_EDITION_WITH_COVER
/books/OL21436904M,NL,PROMISING,5,Culturen bestaan niet,Wim M. van Binsbergen,NO_LANGUAGE_EDITION_WITH_COVER
/books/OL21488570M,NL,PROMISING,5,Isaac Israels,Hans te Nijenhuis,NO_LANGUAGE_EDITION_WITH_COVER
/books/OL21558447M,NL,PROMISING,5,De elite,Wilco Dekker,NO_LANGUAGE_EDITION_WITH_COVER
/books/OL21623720M,NL,PROMISING,5,Zeeuwen en de Westindische Compagnie (1621-1674),Doeke Roos,NO_LANGUAGE_EDITION_WITH_COVER
/books/OL21640155M,NL,PROMISING,5,"Land, water en bewoning",P. A. Henderikx,NO_LANGUAGE_EDITION_WITH_COVER
/books/OL21640325M,NL,PROMISING,5,Rationaliteit en ethiek in de onderneming,Bert van de Ven,NO_LANGUAGE_EDITION_WITH_COVER
/books/OL21640677M,NL,PROMISING,5,"Johannes Cornelis Stoffels, 1878-1952",Peter de Rijcke,NO_LANGUAGE_EDITION_WITH_COVER
/books/OL21640788M,NL,PROMISING,5,Belgisch atelier,[name missing],NO_LANGUAGE_EDITION_WITH_COVER
/books/OL21640797M,NL,PROMISING,5,Isaac Israels,Isaac Lazarus Israels,NO_LANGUAGE_EDITION_WITH_COVER
/books/OL21667640M,NL,PROMISING,5,Pluralisme en staatsrecht,L. Prakke,NO_LANGUAGE_EDITION_WITH_COVER
/books/OL21668223M,NL,PROMISING,5,Moderne kunst in België,Marc Eemans,NO_MATCHING_WORK
/books/OL21676428M,NL,PROMISING,5,"Joseph Germain Dutalis, 1780-1852",Joseph Germain Dutalis,NO_LANGUAGE_EDITION_WITH_COVER
/books/OL21727872M,NL,PROMISING,5,Wapenborden van het Zilvermuseum Sterckshof,Stefan Crick,NO_LANGUAGE_EDITION_WITH_COVER
/books/OL21783070M,NL,PROMISING,5,Walter Leblanc,Walter Leblanc,NO_LANGUAGE_EDITION_WITH_COVER
/books/OL21835149M,NL,PROMISING,5,Benin,Armand Duchâteau,NO_LANGUAGE_EDITION_WITH_COVER
/books/OL21842903M,NL,PROMISING,5,Definitie van het Christendom,Wim Klever,NO_LANGUAGE_EDITION_WITH_COVER
/books/OL21850996M,NL,PROMISING,5,De filosofie van mensenrechten,P. B. Cliteur,NO_LANGUAGE_EDITION_WITH_COVER
/books/OL21851446M,NL,PROMISING,5,Verdaagde rechten,Jantien W. J. van den Oord,NO_LANGUAGE_EDITION_WITH_COVER
/books/OL21852521M,NL,PROMISING,5,Decennium II,Jean-Michel Botquin,NO_LANGUAGE_EDITION_WITH_COVER
/books/OL21934619M,NL,PROMISING,5,Statistiek voor de sociale wetenschappen,Bert Nijdam,NO_LANGUAGE_EDITION_WITH_COVER
/books/OL21941384M,NL,PROMISING,5,O'CALLAGHAN SE WAATLEMOEN EN ANDER VERHALE.,Christiaan Louis Leipoldt,NO_LANGUAGE_EDITION_WITH_COVER
/books/OL21964996M,NL,PROMISING,5,Naar de sterren kijken,Jan Godderis,NO_LANGUAGE_EDITION_WITH_COVER
/books/OL22048664M,NL,PROMISING,5,Nederland in de prentkunst,P. T. A. Swillens,NO_LANGUAGE_EDITION_WITH_COVER
/books/OL22160326M,NL,PROMISING,5,"Livre plaisant, 1529",Sebastian Virdung,NO_LANGUAGE_EDITION_WITH_COVER
/books/OL22229253M,NL,PROMISING,5,Vanden VII [i.e. zeven] sloten,Jan van Ruusbroec,NO_LANGUAGE_EDITION_WITH_COVER
/books/OL22245346M,NL,PROMISING,5,Kunstreisboek voor Nederland,"Netherlands (Kingdom, 1815- ). Rijkscommissie voor de Monumentenbeschrijving.",NO_LANGUAGE_EDITION_WITH_COVER
/books/OL22290087M,NL,PROMISING,5,Hooitijd,André Demedts,NO_LANGUAGE_EDITION_WITH_COVER
/books/OL22297140M,NL,PROMISING,5,"Orange and Stuart, 1641-72",Pieter Geyl,NO_LANGUAGE_EDITION_WITH_COVER
/books/OL22381048M,NL,PROMISING,5,[Pseudogruppe =,ManfreDu Schu,NO_LANGUAGE_EDITION_WITH_COVER
/books/OL2241836M,NL,PROMISING,5,De wederzijdse verhouding van de voornaamste gedrags- en maatschappijwetenschappen,I. Gadourek,NO_LANGUAGE_EDITION_WITH_COVER
/books/OL22457700M,NL,PROMISING,5,Data,Roelof Houwink,NO_LANGUAGE_EDITION_WITH_COVER
/books/OL22484151M,NL,PROMISING,5,Marc Ruygrok : waar is hier = where is here,Marc Ruygrok,NO_LANGUAGE_EDITION_WITH_COVER
/books/OL22489348M,NL,PROMISING,5,Lex Reitsma,Lex Reitsma | Paul Hefting | Klaus Bertisch,NO_LANGUAGE_EDITION_WITH_COVER
/books/OL22496258M,NL,PROMISING,5,De Hollandsche Spectator,Justus van Effen,NO_LANGUAGE_EDITION_WITH_COVER
/books/OL22496281M,NL,PROMISING,5,"Hendrikus Colijn, 1869-1944",Herman Langeveld,NO_LANGUAGE_EDITION_WITH_COVER
/books/OL22497268M,NL,PROMISING,5,Vrolijke wetenschap,Nicolaas Helsloot,NO_LANGUAGE_EDITION_WITH_COVER
/books/OL22498976M,NL,PROMISING,5,Westerling's oorlog: Indonesië 1945-1950,J. A. de Moor,NO_LANGUAGE_EDITION_WITH_COVER
/books/OL22499832M,NL,PROMISING,5,Religie en metafoor,Walter Van Herck,NO_LANGUAGE_EDITION_WITH_COVER
/books/OL22499995M,NL,PROMISING,5,Twee wetten,Jan Hendrik van den Berg,NO_LANGUAGE_EDITION_WITH_COVER
/books/OL22500589M,NL,PROMISING,5,Stad van formaat,Paul van de Laar,NO_LANGUAGE_EDITION_WITH_COVER
/books/OL22508336M,NL,PROMISING,5,Bouwen aan detentie,Aaan Detentie Bouwen,NO_MATCHING_WORK
/books/OL22524695M,NL,PROMISING,5,"Neem en eet, dit is je lichaam",Frank vande Veire,NO_LANGUAGE_EDITION_WITH_COVER
/books/OL22529588M,NL,PROMISING,5,Beelden in veelvoud,[name missing],NO_LANGUAGE_EDITION_WITH_COVER
/books/OL22531589M,NL,PROMISING,5,Het edele ambacht,Cornelis le Mair,NO_LANGUAGE_EDITION_WITH_COVER
/books/OL22540653M,NL,PROMISING,5,Jean-Paul Sartre,Frans de Haan,NO_LANGUAGE_EDITION_WITH_COVER
/books/OL22544906M,NL,PROMISING,5,Vogels van formaat,Reinjan Mulder,NO_LANGUAGE_EDITION_WITH_COVER
/books/OL22556048M,NL,PROMISING,5,Handhaven onder de nieuwe orde,Frank van Riet,NO_LANGUAGE_EDITION_WITH_COVER
/books/OL22654874M,NL,PROMISING,5,Ficino en het voorstellingsvermogen,Maria Jacomina Eurydice van den Doel,NO_LANGUAGE_EDITION_WITH_COVER
/books/OL22656950M,NL,PROMISING,5,Extreem-rechts in Vlaanderen en Wallonië,Hilde Coffé,NO_LANGUAGE_EDITION_WITH_COVER
/books/OL22674735M,NL,PROMISING,5,De gentleman-bandiet,Marije Plomp,NO_LANGUAGE_EDITION_WITH_COVER
/books/OL22688785M,NL,PROMISING,5,"Vrouwen in de vormgeving in Nederland, 1880-1940",Marjan Groot,NO_LANGUAGE_EDITION_WITH_COVER
/books/OL22689161M,NL,PROMISING,5,Hester Schroor,Hester Schroor,NO_LANGUAGE_EDITION_WITH_COVER
/books/OL22694969M,NL,PROMISING,5,De menselijke maat,Salomon Bernard Kroonenberg,NO_LANGUAGE_EDITION_WITH_COVER
/books/OL22699075M,NL,PROMISING,5,Synthetisch denken,David Baneke,NO_LANGUAGE_EDITION_WITH_COVER
/books/OL22715878M,NL,PROMISING,5,Sam Durant,Sam Durant,NO_LANGUAGE_EDITION_WITH_COVER
/books/OL2273828M,NL,PROMISING,5,"Alfred Kubin, 1877-1959",Alfred Kubin,NO_LANGUAGE_EDITION_WITH_COVER
/books/OL22764310M,NL,PROMISING,5,"Art deco ceramics, made in Belgium",Charles Catteau,NO_LANGUAGE_EDITION_WITH_COVER
/books/OL2278145M,NL,PROMISING,5,De godin die wacht,Augusta de Wit,NO_LANGUAGE_EDITION_WITH_COVER
/books/OL22852092M,NL,STRONG,7,Tijd van onbehagen,Ad Verbrugge,NO_LANGUAGE_EDITION_WITH_COVER
/books/OL2285932M,NL,PROMISING,5,In de speeltuin Nederland,Paul Kapteyn,NO_LANGUAGE_EDITION_WITH_COVER
/books/OL23003047M,NL,PROMISING,5,Warmond and surroundings = Warmond en omgeving,Popco Bakkers,NO_LANGUAGE_EDITION_WITH_COVER
/books/OL23011360M,NL,PROMISING,5,"George Hendrik Breitner, 1857-1923",Rieta Bergsma,NO_LANGUAGE_EDITION_WITH_COVER
/books/OL23029693M,NL,PROMISING,5,Het Dreyse-incident,Pieter Aspe,NO_LANGUAGE_EDITION_WITH_COVER
/books/OL23036429M,NL,PROMISING,5,Het verantwoorde engagement,Paul van Velthoven,NO_LANGUAGE_EDITION_WITH_COVER
/books/OL23047980M,NL,PROMISING,5,Kijken is een kunst,Fons Gieles,NO_LANGUAGE_EDITION_WITH_COVER
/books/OL23119404M,NL,PROMISING,5,Zadelpijn en ander damesleed,Liza van Sambeek,NO_LANGUAGE_EDITION_WITH_COVER
/books/OL23167766M,NL,PROMISING,5,Kennis ontrafeld,Erik Weber,NO_LANGUAGE_EDITION_WITH_COVER
/books/OL23169128M,NL,PROMISING,5,Beelden voor de massa,Michel Peeters,NO_LANGUAGE_EDITION_WITH_COVER
/books/OL23173046M,NL,PROMISING,5,Vier eeuwen protestantisme in het zuidoosten van de baronie van Breda,A. Vroon,NO_LANGUAGE_EDITION_WITH_COVER
/books/OL23173845M,NL,PROMISING,5,"Kunstcollectie, Provincie Antwerpen",Antwerp (Belgium : Province). Departement Cultuur.,NO_LANGUAGE_EDITION_WITH_COVER
/books/OL23174177M,NL,PROMISING,5,Tropenjaren,Jacques Bartels,NO_LANGUAGE_EDITION_WITH_COVER
/books/OL23178487M,NL,PROMISING,5,Habermas,Tim Heysse,NO_LANGUAGE_EDITION_WITH_COVER
/books/OL23179512M,NL,PROMISING,5,"Goed, en waar schuilden de Rechtvaardige Rechters?",Christtian Stickx,NO_LANGUAGE_EDITION_WITH_COVER
/books/OL23184018M,NL,PROMISING,5,Isagôgè philosophiae =,D. H. Theodoor Vollenhoven,NO_LANGUAGE_EDITION_WITH_COVER
/books/OL23185627M,NL,PROMISING,5,Als een gebroken spiegel,Mark Verminck,NO_LANGUAGE_EDITION_WITH_COVER
/books/OL23200512M,NL,PROMISING,5,Floris en Blancefloer,Diederic van Assenede,NO_LANGUAGE_EDITION_WITH_COVER
/books/OL23222925M,NL,PROMISING,5,Limburgia exotica,Karin Daamen-Heeskens,NO_LANGUAGE_EDITION_WITH_COVER
/books/OL23232379M,NL,PROMISING,5,Vluchten in schoonheid,Ria Laanstra,NO_LANGUAGE_EDITION_WITH_COVER
/books/OL23234390M,NL,PROMISING,5,Meditaties bij een machine,Paul Cortois,NO_LANGUAGE_EDITION_WITH_COVER
/books/OL23234518M,NL,PROMISING,5,Bronnen van het christendom,Bastiaan Baan,NO_LANGUAGE_EDITION_WITH_COVER
/books/OL23391452M,NL,PROMISING,5,Patronen van patronage in het zeventiende-eeuwse Antwerpen,Bert Timmermans,NO_LANGUAGE_EDITION_WITH_COVER
/books/OL23553560M,NL,PROMISING,5,Eén grote familie,C. Trompetter,NO_LANGUAGE_EDITION_WITH_COVER
/books/OL23574547M,NL,PROMISING,5,Het streekdrachtenboek,A. Brunsting,NO_LANGUAGE_EDITION_WITH_COVER
/books/OL23578316M,NL,PROMISING,5,Darwin in domineesland,Bart Leeuwenburgh,NO_LANGUAGE_EDITION_WITH_COVER
/books/OL23578317M,NL,PROMISING,5,"J.H. van Heek,1873-1957",Wim H. Nijhof,NO_LANGUAGE_EDITION_WITH_COVER
/books/OL23605853M,NL,PROMISING,5,"Amsterdam, het mekka van de volkshuisvesting",Vladimir Stissi,NO_LANGUAGE_EDITION_WITH_COVER
/books/OL23609516M,NL,PROMISING,5,Het burgherlick leven & anhangh,"Stevin, Simon",NO_LANGUAGE_EDITION_WITH_COVER
/books/OL23625788M,NL,PROMISING,5,10x Den Bosch,Olv Klijn,NO_LANGUAGE_EDITION_WITH_COVER
/books/OL23636133M,NL,PROMISING,5,Profeet in eigen land,Rijk Timmer,NO_LANGUAGE_EDITION_WITH_COVER
/books/OL23636163M,NL,PROMISING,5,"Student, universiteit en samenleving",P. A. J. Caljé,NO_LANGUAGE_EDITION_WITH_COVER
/books/OL23671883M,NL,PROMISING,5,Cathalijn Wouters,Cathalijn Wouters,NO_LANGUAGE_EDITION_WITH_COVER
/books/OL23675603M,NL,PROMISING,5,God en de menselijke maat,T. A. Smedes,NO_LANGUAGE_EDITION_WITH_COVER
/books/OL23723058M,NL,PROMISING,5,Langs de mysterieuze grenzen van het leven,J. Lever,NO_LANGUAGE_EDITION_WITH_COVER
/books/OL23739509M,NL,PROMISING,5,Dansen met de dood,Johan De Soete,NO_LANGUAGE_EDITION_WITH_COVER
/books/OL23969944M,NL,PROMISING,5,Geluksmachines in context,Herman de Dijn,NO_LANGUAGE_EDITION_WITH_COVER
/books/OL23990268M,NL,PROMISING,5,Kroonprinsenleed,Ed van Thijn,NO_LANGUAGE_EDITION_WITH_COVER
/books/OL23992224M,NL,PROMISING,5,Het Horus enigma,Wim H. Zitman,NO_LANGUAGE_EDITION_WITH_COVER
/books/OL24067439M,NL,PROMISING,5,Darwin of Bijbel,Jan de Koning,NO_LANGUAGE_EDITION_WITH_COVER
/books/OL24416973M,NL,PROMISING,5,"Omnia autem probate, quod bonum est tenete",Etienne D'Hondt,NO_LANGUAGE_EDITION_WITH_COVER
/books/OL24441403M,NL,PROMISING,5,Over het recht om 'wij' te zeggen,C. J. M. Schuyt,NO_LANGUAGE_EDITION_WITH_COVER
/books/OL24455713M,NL,PROMISING,5,Filosofie voor een betere wereld,Floris van den Berg,NO_LANGUAGE_EDITION_WITH_COVER
/books/OL24456802M,NL,PROMISING,5,Gevaar verplicht,P. H. A. Frissen,NO_LANGUAGE_EDITION_WITH_COVER
/books/OL24456912M,NL,PROMISING,5,Niemands land,Marcel van Dam,NO_LANGUAGE_EDITION_WITH_COVER
/books/OL24484673M,NL,STRONG,7,In de schaduw van God,Harry van den Bouwhuijsen,NO_LANGUAGE_EDITION_WITH_COVER
/books/OL24529347M,NL,PROMISING,5,Morele verbeelding,P. Mooren,NO_LANGUAGE_EDITION_WITH_COVER
/books/OL24530495M,NL,PROMISING,5,Goede machten,Jurjen Wiersma,NO_LANGUAGE_EDITION_WITH_COVER
/books/OL24702259M,NL,PROMISING,5,Indisch militar tijdschrift (1870 - 1942),J. A. de Moor,NO_LANGUAGE_EDITION_WITH_COVER
/books/OL25015119M,NL,STRONG,7,Psychologie van de wetenschap,P. J. van Strien,NO_LANGUAGE_EDITION_WITH_COVER
/books/OL25204931M,NL,PROMISING,5,Bewogen en beproefde jeugd in het Derde Rijk,Guido Becarren,NO_LANGUAGE_EDITION_WITH_COVER
/books/OL25205480M,NL,PROMISING,5,Strafrecht en forensische psychiatrie voor 16- tot 23-jarigen,"Doreleijers, Th. A. H. | C. Boonman",NO_LANGUAGE_EDITION_WITH_COVER
/books/OL25246126M,NL,PROMISING,5,Geleerden en politiek,Erik De Bom,NO_LANGUAGE_EDITION_WITH_COVER
/books/OL25261042M,NL,PROMISING,5,Delinquente meisjes,Maria Slotboom,NO_LANGUAGE_EDITION_WITH_COVER
/books/OL25333229M,NL,PROMISING,5,Jeugdstrafrecht,J. A. C. Bartels,NO_LANGUAGE_EDITION_WITH_COVER
/books/OL25363555M,NL,PROMISING,5,Van God gesproken,Theodoor Adriaan Boer,NO_LANGUAGE_EDITION_WITH_COVER
/books/OL25363556M,NL,PROMISING,5,De Lage Landen en het hogere,G. J. M. van den Brink,NO_LANGUAGE_EDITION_WITH_COVER
/books/OL25373760M,NL,PROMISING,5,Stofwisselingen,Dorien Daling,NO_LANGUAGE_EDITION_WITH_COVER
/books/OL25378776M,NL,PROMISING,5,Jongeren en vrijheidsbeneming,V. I. Eichelsheim,NO_LANGUAGE_EDITION_WITH_COVER
/books/OL25387462M,NL,PROMISING,5,"Herstelrecht, een kinderrecht",Annemieke Wolthuis,NO_LANGUAGE_EDITION_WITH_COVER
/books/OL25617641M,NL,STRONG,7,De publicatiefabriek,Ruud Abma,NO_LANGUAGE_EDITION_WITH_COVER
/books/OL2563442M,NL,PROMISING,5,Leonardo da Vinci en zijn tijd,Armand Boni,NO_LANGUAGE_EDITION_WITH_COVER
/books/OL25645689M,NL,PROMISING,5,Betere mensen,Trudy Dehue,NO_LANGUAGE_EDITION_WITH_COVER
/books/OL25651500M,NL,STRONG,7,Gone Angst,Michael Grant,NO_MATCHING_WORK
/books/OL2596783M,NL,PROMISING,5,IJmuider Kring,Bert Schierbeek,NO_LANGUAGE_EDITION_WITH_COVER
/books/OL2616738M,NL,PROMISING,5,Arbeidsmigratie en transformatie in koloniaal Azië,Jan Breman,NO_LANGUAGE_EDITION_WITH_COVER
/books/OL26231167M,NL,PROMISING,5,De Kunst van de Roman,Milan Kundera,NO_MATCHING_WORK
/books/OL2629696M,NL,PROMISING,5,"De "" Kongo"" van Floris Jespers",Karel Jonckheere,NO_LANGUAGE_EDITION_WITH_COVER
/books/OL2758244M,NL,PROMISING,5,Macht en tegenmacht,Louis Baeck,NO_LANGUAGE_EDITION_WITH_COVER
/books/OL2801472M,NL,PROMISING,5,Afrikaanse letterkunde,Mineke Schipper,NO_LANGUAGE_EDITION_WITH_COVER
/books/OL2805803M,NL,PROMISING,5,Kunsttijdschriften in Nederland,Nienke Huizinga,NO_LANGUAGE_EDITION_WITH_COVER
/books/OL2935214M,NL,PROMISING,5,Constitutionele ontwikkelingsmodellen,S. W. Couwenberg,NO_LANGUAGE_EDITION_WITH_COVER
/books/OL2979139M,NL,PROMISING,5,Dialectiek van macht en emancipatie,S. W. Couwenberg,NO_LANGUAGE_EDITION_WITH_COVER
/books/OL302153M,NL,PROMISING,5,Democratie zonder blauwdruk,Donald Loose,NO_LANGUAGE_EDITION_WITH_COVER
/books/OL3079997M,NL,PROMISING,5,Rome en Chartres,Frederik van der Meer,NO_LANGUAGE_EDITION_WITH_COVER
/books/OL3119652M,NL,PROMISING,5,De vertolker in de muziek,G. C. Kop,NO_LANGUAGE_EDITION_WITH_COVER
/books/OL3126665M,NL,PROMISING,5,"Vollenhoven's laatste werk, 1970-1975",D. H. Theodoor Vollenhoven,NO_LANGUAGE_EDITION_WITH_COVER
/books/OL31515838M,NL,PROMISING,5,Pieter Pander,Pieter Pander,NO_LANGUAGE_EDITION_WITH_COVER
/books/OL32372973M,NL,STRONG,7,De leertijd,Iris Murdoch,NO_MATCHING_WORK
/books/OL3246477M,NL,PROMISING,5,Encyclopedie van de schilderkunst en aanverwante kunsten,P. T. A. Swillens,NO_LANGUAGE_EDITION_WITH_COVER
/books/OL3247236M,NL,PROMISING,5,Edmond Dubrunfaut et la recherche de liens communs,Hubert Juin,NO_LANGUAGE_EDITION_WITH_COVER
/books/OL35122195M,NL,STRONG,7,Geliefde illusie,Nora Roberts,NO_MATCHING_WORK
/books/OL35124191M,NL,STRONG,7,Het eind van de rivier,Nora Roberts,NO_LANGUAGE_EDITION_WITH_COVER
/books/OL35135563M,NL,STRONG,7,Pippi Langkous in Taka-Tukaland,Astrid Lindgren,NO_MATCHING_WORK
/books/OL3521229M,NL,PROMISING,5,"De groten der aarde, of, Bentinck tegen Bentinck",Hella S. Haasse,NO_LANGUAGE_EDITION_WITH_COVER
/books/OL35325390M,NL,STRONG,7,De aanval van de Krekelwroeters,Elisabetta Dami | David Nel·lo,NO_MATCHING_WORK
/books/OL35328132M,NL,STRONG,7,Het ijzingwekkende geheim,Elisabetta Dami,NO_MATCHING_WORK
/books/OL3563150M,NL,PROMISING,5,Der Weise mit dem Spaten,Sherri Nestorowich,NO_LANGUAGE_EDITION_WITH_COVER
/books/OL3661575M,NL,PROMISING,5,Strandbeesten van Theo Jansen,H. J. A. Hofland,NO_LANGUAGE_EDITION_WITH_COVER
/books/OL3767442M,NL,PROMISING,5,"Emil Nolde, pionier van het expressionisme 1905-1913",Emil Nolde,NO_LANGUAGE_EDITION_WITH_COVER
/books/OL3799805M,NL,PROMISING,5,Klank en sentiment,Frits Noske,NO_LANGUAGE_EDITION_WITH_COVER
/books/OL3808723M,NL,PROMISING,5,Het kind als onderontwikkeld gebied,Ariel Dorfman,NO_LANGUAGE_EDITION_WITH_COVER
/books/OL3910930M,NL,PROMISING,5,Klein brevier van het wetenschapsbeleid,Hiddo Michiel Jolles,NO_LANGUAGE_EDITION_WITH_COVER
/books/OL4037876M,NL,PROMISING,5,De dood kwam met muziek,Theun de Vries,NO_LANGUAGE_EDITION_WITH_COVER
/books/OL4043519M,NL,PROMISING,5,Filosofische oriëntatie,Cornelis Anthonie van Peursen,NO_LANGUAGE_EDITION_WITH_COVER
/books/OL4050457M,NL,PROMISING,5,Limburgse schilders,Paul Haimon,NO_LANGUAGE_EDITION_WITH_COVER
/books/OL4166235M,NL,PROMISING,5,Abelard en Heloise,Armand Boni,NO_LANGUAGE_EDITION_WITH_COVER
/books/OL4167996M,NL,PROMISING,5,Max Liebermann en Holland,"Liebermann, Max",NO_LANGUAGE_EDITION_WITH_COVER
/books/OL4179169M,NL,PROMISING,5,Niet te geloven,Reinier Franciscus Beerling,NO_LANGUAGE_EDITION_WITH_COVER
/books/OL4344718M,NL,PROMISING,5,Wetenschapsbeoefening,Eugène Antoine Désiré Émile Carp,NO_LANGUAGE_EDITION_WITH_COVER
/books/OL4344800M,NL,PROMISING,5,Het hinderlijk ambacht,Hiddo Michiel Jolles,NO_LANGUAGE_EDITION_WITH_COVER
/books/OL4352748M,NL,PROMISING,5,Zondvloed over Italië,Armand Boni,NO_LANGUAGE_EDITION_WITH_COVER
/books/OL44926511M,NL,PROMISING,5,"Constant Permeke, Gustave De Smet, Frits Van den Berghe",Leen de Jong,NO_LANGUAGE_EDITION_WITH_COVER
/books/OL4516009M,NL,PROMISING,5,Vanwaar en waarheen?,Klaas van Dijk,NO_LANGUAGE_EDITION_WITH_COVER
/books/OL4625709M,NL,PROMISING,5,De vrouweneter,Theun de Vries,NO_LANGUAGE_EDITION_WITH_COVER
/books/OL4687384M,NL,PROMISING,5,Zomaar in een sloot ergens bij Edam,Ed van der Elsken,NO_LANGUAGE_EDITION_WITH_COVER
/books/OL4700309M,NL,PROMISING,5,Meten in de menswetenschappen.,Jan Tinbergen,NO_LANGUAGE_EDITION_WITH_COVER
/books/OL4802936M,NL,PROMISING,5,Elite en massa,W. F. Wertheim,NO_LANGUAGE_EDITION_WITH_COVER
/books/OL4805653M,NL,PROMISING,5,De Romaanse kerkbouwkunst in de Nederlanden,Engelbert H. ter Kuile,NO_LANGUAGE_EDITION_WITH_COVER
/books/OL4809365M,NL,PROMISING,5,Cultuur in stroomversnelling,Cornelis Anthonie van Peursen,NO_LANGUAGE_EDITION_WITH_COVER
/books/OL4816248M,NL,PROMISING,5,De kop van Jut.,Johan Fabricius,NO_LANGUAGE_EDITION_WITH_COVER
/books/OL4837544M,NL,PROMISING,5,Een rebel in de abdij.,Armand Boni,NO_LANGUAGE_EDITION_WITH_COVER
/books/OL4994028M,NL,PROMISING,5,Boerenoorlog omnibus,Louwrens Penning,NO_LANGUAGE_EDITION_WITH_COVER
/books/OL50390963M,NL,PROMISING,5,Observeren en redeneren,G. J. Kruijer,NO_LANGUAGE_EDITION_WITH_COVER
/books/OL5149420M,NL,PROMISING,5,Maar wat is literatuur?,L. vander Kerken,NO_LANGUAGE_EDITION_WITH_COVER
/books/OL5150384M,NL,PROMISING,5,Hoe kunnen wij machtsstructuren veranderen?,Jan Tinbergen,NO_LANGUAGE_EDITION_WITH_COVER
/books/OL5152302M,NL,PROMISING,5,De goden gaan naar huis.,A. den Doolaard,NO_LANGUAGE_EDITION_WITH_COVER
/books/OL52782674M,NL,PROMISING,5,Brugge,Marc Ryckaert,NO_LANGUAGE_EDITION_WITH_COVER
/books/OL5436747M,NL,PROMISING,5,Iconography of the counter reformation in the Netherlands,John B. Knipping,NO_LANGUAGE_EDITION_WITH_COVER
/books/OL563890M,NL,PROMISING,5,De vijf vreugden van de geest,N. M. Wildiers,NO_LANGUAGE_EDITION_WITH_COVER
/books/OL5772462M,NL,PROMISING,5,Strategie van de cultuur.,Cornelis Anthonie van Peursen,NO_LANGUAGE_EDITION_WITH_COVER
/books/OL592412M,NL,PROMISING,5,Dialoog met het geschonden beeld na 250 jaar restaureren,Roger H. Marijnissen,NO_LANGUAGE_EDITION_WITH_COVER
/books/OL6826063M,NL,PROMISING,5,De wilde vrouwen van Pella,Theun de Vries,NO_LANGUAGE_EDITION_WITH_COVER
/books/OL6844531M,NL,PROMISING,5,Met een zondagse ooglap,Roger H. Marijnissen,NO_LANGUAGE_EDITION_WITH_COVER
/books/OL876180M,NL,PROMISING,5,Vertelsels,Felix Timmermans,NO_LANGUAGE_EDITION_WITH_COVER
