language,category,policy_author,tier,max_selected,max_total,work_key,work_title,work_authors,author_score,first_publish_year,edition_key,edition_title,edition_subtitle,edition_languages,edition_title_score,isbn,publisher,publish_date,page_count,cover_id,cover_state,cover_width,cover_height,cover_format,cover_local_path,collection_flag,suspicious_flag,pre_cover_score,final_score,classification,classification_reason,selection_state
FR,CONTEMPORARY,Dany Laferrière,1,12,18,/works/OL2109221W,Je suis un écrivain japonais,Dany Laferrière,1.0000,2008,/books/OL16916202M,Je suis un écrivain japonais,roman,fre,1.0000,9782246718017,Grasset,2008,,13275002,VALID_COVER,319,500,JPEG,data/cache/fr-mass-editorial-engine/covers/FR-OL16916202M.jpeg,NO,NO,167.0000,205.0000,AUTO_ACCEPT,Strong author/title/language match and validated physical cover.,RESERVE
FR,CONTEMPORARY,Dany Laferrière,1,12,18,/works/OL23132629W,Journal d'un écrivain en pyjama,Dany Laferrière,1.0000,2013,/books/OL30972606M,Journal d'un écrivain en pyjama,,fre,1.0000,9782246807681,Bernard Grasset,2013,,12688047,VALID_COVER,322,500,JPEG,data/cache/fr-mass-editorial-engine/covers/FR-OL30972606M.jpeg,NO,NO,167.0000,205.0000,AUTO_ACCEPT,Strong author/title/language match and validated physical cover.,RESERVE
FR,CONTEMPORARY,Dany Laferrière,1,12,18,/works/OL18614843W,L'énigme du retour,Dany Laferrière,1.0000,2009,/books/OL23997033M,L'énigme du retour,roman,fre,1.0000,9782246748915,Grasset,2009,,12830695,VALID_COVER,290,500,JPEG,data/cache/fr-mass-editorial-engine/covers/FR-OL23997033M.jpeg,NO,NO,167.0000,205.0000,AUTO_ACCEPT,Strong author/title/language match and validated physical cover.,RESERVE
FR,CONTEMPORARY,Dany Laferrière,1,12,18,/works/OL18005695W,L'enigme du retour,Dany Laferrière,1.0000,2009,/books/OL23851960M,L'énigme du retour,,fre,1.0000,9782764606704,Les Éditions du Boréal,2009,,6259416,VALID_COVER,300,466,JPEG,data/cache/fr-mass-editorial-engine/covers/FR-OL23851960M.jpeg,NO,NO,167.0000,205.0000,AUTO_ACCEPT,Strong author/title/language match and validated physical cover.,RESERVE
FR,CONTEMPORARY,Dany Laferrière,1,12,18,/works/OL2109229W,L' odeur du café,Dany Laferrière,1.0000,1991,/books/OL18339636M,L' odeur du café,récit,fre,1.0000,2892951593,TYPO,1999,,12827270,VALID_COVER,282,500,JPEG,data/cache/fr-mass-editorial-engine/covers/FR-OL18339636M.jpeg,NO,NO,167.0000,205.0000,AUTO_ACCEPT,Strong author/title/language match and validated physical cover.,RESERVE
FR,CONTEMPORARY,Dany Laferrière,1,12,18,/works/OL9023039W,L'Odeur du café,Dany Laferrière,1.0000,2001,/books/OL8943026M,L'Odeur du café,,fre,1.0000,9782842612825,Le Serpent à Plumes,"August 31, 2001",,2173908,VALID_COVER,303,475,JPEG,data/cache/fr-mass-editorial-engine/covers/FR-OL8943026M.jpeg,NO,NO,167.0000,205.0000,AUTO_ACCEPT,Strong author/title/language match and validated physical cover.,RESERVE
FR,CONTEMPORARY,Jean-Christophe Rufin,1,14,20,/works/OL18979W,Rouge Brésil,Jean-Christophe Rufin,1.0000,2001,/books/OL16337472M,Rouge Brésil,,fre,1.0000,9782070301676,Gallimard,2003,,15253032,VALID_COVER,294,500,JPEG,data/cache/fr-mass-editorial-engine/covers/FR-OL16337472M.jpeg,NO,NO,167.0000,205.0000,AUTO_ACCEPT,Strong author/title/language match and validated physical cover.,RESERVE
FR,CONTEMPORARY,Jean-Christophe Rufin,1,14,20,/works/OL22076358W,Rouge Brésil,Jean-Christophe Rufin,1.0000,2002,/books/OL30116964M,Rouge Brésil,roman,fre,1.0000,9782744153747,Éd. France loisirs,2002,,10439339,VALID_COVER,320,500,JPEG,data/cache/fr-mass-editorial-engine/covers/FR-OL30116964M.jpeg,NO,NO,167.0000,205.0000,AUTO_ACCEPT,Strong author/title/language match and validated physical cover.,RESERVE
FR,CONTEMPORARY,Jean-Christophe Rufin,1,14,20,/works/OL18975W,Sauver Ispahan,Jean-Christophe Rufin,1.0000,1998,/books/OL493885M,Sauver Ispahan,roman,fre,1.0000,2070753530,Gallimard,1998,,970149,VALID_COVER,328,475,JPEG,data/cache/fr-mass-editorial-engine/covers/FR-OL493885M.jpeg,NO,NO,167.0000,205.0000,AUTO_ACCEPT,Strong author/title/language match and validated physical cover.,RESERVE
FR,CONTEMPORARY,Jean-Christophe Rufin,1,14,20,/works/OL26211486W,Sauver Ispahan,Jean-Christophe Rufin,1.0000,1999,/books/OL35366463M,Sauver Ispahan,roman,fre,1.0000,9782744125966,France loisirs,1999,,12208824,VALID_COVER,344,500,JPEG,data/cache/fr-mass-editorial-engine/covers/FR-OL35366463M.jpeg,NO,NO,167.0000,205.0000,AUTO_ACCEPT,Strong author/title/language match and validated physical cover.,RESERVE
FR,CONTEMPORARY,Jean-Christophe Rufin,1,14,20,/works/OL18887277W,Un léopard sur le garrot,Jean-Christophe Rufin,1.0000,2008,/books/OL32347338M,Un léopard sur le garrot,chroniques d'un médecin nomade,fre,1.0000,9782070359912,Gallimard,2009,,10973045,VALID_COVER,294,500,JPEG,data/cache/fr-mass-editorial-engine/covers/FR-OL32347338M.jpeg,NO,NO,167.0000,205.0000,AUTO_ACCEPT,Strong author/title/language match and validated physical cover.,RESERVE
FR,CONTEMPORARY,Laurent Gaudé,1,12,18,/works/OL26423852W,Le soleil des Scorta,Laurent Gaudé,1.0000,2013,/books/OL35686725M,Le soleil des Scorta,,fre,1.0000,9782290078129,Actes Sud,"Sep 07, 2013",,12387892,VALID_COVER,309,500,JPEG,data/cache/fr-mass-editorial-engine/covers/FR-OL35686725M.jpeg,NO,NO,167.0000,205.0000,AUTO_ACCEPT,Strong author/title/language match and validated physical cover.,RESERVE
FR,CONTEMPORARY,Laurent Gaudé,1,12,18,/works/OL16137368W,Les oliviers du Négus,Laurent Gaudé,1.0000,2011,/books/OL25021266M,Les oliviers du Négus,nouvelles,fre,1.0000,9782742797745,Actes sud,2011,,12583780,VALID_COVER,257,500,JPEG,data/cache/fr-mass-editorial-engine/covers/FR-OL25021266M.jpeg,NO,NO,167.0000,205.0000,AUTO_ACCEPT,Strong author/title/language match and validated physical cover.,RESERVE
FR,CONTEMPORARY,Laurent Gaudé,1,12,18,/works/OL24674974W,Les oliviers du négus,Laurent Gaudé,1.0000,2013,/books/OL32750049M,Les oliviers du négus,récits,fre,1.0000,9782330015077,Actes sud,2013,,11376234,VALID_COVER,309,500,JPEG,data/cache/fr-mass-editorial-engine/covers/FR-OL32750049M.jpeg,NO,NO,167.0000,205.0000,AUTO_ACCEPT,Strong author/title/language match and validated physical cover.,RESERVE
FR,CONTEMPORARY,Laurent Gaudé,1,12,18,/works/OL9992497W,Médée Kali,Laurent Gaudé,1.0000,2003,/books/OL19306974M,Médée Kali,,fre,1.0000,2742745068,Actes sud,2003,,13976504,VALID_COVER,361,500,JPEG,data/cache/fr-mass-editorial-engine/covers/FR-OL19306974M.jpeg,NO,NO,167.0000,205.0000,AUTO_ACCEPT,Strong author/title/language match and validated physical cover.,RESERVE
FR,CONTEMPORARY,Laurent Gaudé,1,12,18,/works/OL27682528W,Médée Kali,Laurent Gaudé,1.0000,2012,/books/OL37749281M,Médée Kali,,fre,1.0000,9782210755741,Magnard,2012,,12662781,VALID_COVER,354,500,JPEG,data/cache/fr-mass-editorial-engine/covers/FR-OL37749281M.jpeg,NO,NO,167.0000,205.0000,AUTO_ACCEPT,Strong author/title/language match and validated physical cover.,RESERVE
FR,CONTEMPORARY,Laurent Gaudé,1,12,18,/works/OL35136001W,"Nous, l'Europe",Laurent Gaudé,1.0000,2019,/books/OL47517404M,"Nous, l'Europe",Banquet des peuples,fre,1.0000,9782330121525,ACTES SUD,"May 01, 2019",,14132283,VALID_COVER,265,500,JPEG,data/cache/fr-mass-editorial-engine/covers/FR-OL47517404M.jpeg,NO,NO,167.0000,205.0000,AUTO_ACCEPT,Strong author/title/language match and validated physical cover.,RESERVE
FR,CONTEMPORARY,Nina Bouraoui,1,10,15,/works/OL22385442W,Nos baisers sont des adieux,Nina Bouraoui,1.0000,2010,/books/OL30471625M,Nos baisers sont des adieux,,fre,1.0000,9782234061880,Stock,2010,,10628046,VALID_COVER,318,500,JPEG,data/cache/fr-mass-editorial-engine/covers/FR-OL30471625M.jpeg,NO,NO,167.0000,205.0000,AUTO_ACCEPT,Strong author/title/language match and validated physical cover.,RESERVE
FR,CONTEMPORARY,Nina Bouraoui,1,10,15,/works/OL2139156W,Poupée Bella,Nina Bouraoui,1.0000,2004,/books/OL16214767M,Poupée Bella,,fre,1.0000,2234056608,Stock,2004,,13536505,VALID_COVER,317,500,JPEG,data/cache/fr-mass-editorial-engine/covers/FR-OL16214767M.jpeg,NO,NO,167.0000,205.0000,AUTO_ACCEPT,Strong author/title/language match and validated physical cover.,RESERVE
FR,CONTEMPORARY,Nina Bouraoui,1,10,15,/works/OL32355351W,Tous les hommes désirent naturellement savoir,Nina Bouraoui,1.0000,2018,/books/OL44108433M,Tous les hommes désirent naturellement savoir,roman,fre,1.0000,9782709660686,JC Lattès,2018,,14575352,VALID_COVER,317,500,JPEG,data/cache/fr-mass-editorial-engine/covers/FR-OL44108433M.jpeg,NO,NO,167.0000,205.0000,AUTO_ACCEPT,Strong author/title/language match and validated physical cover.,RESERVE
FR,CONTEMPORARY,Tahar Ben Jelloun,1,16,24,/works/OL456704W,La nuit sacrée,Tahar Ben Jelloun,1.0000,1987,/books/OL15449759M,La nuit sacrée,roman,fre,1.0000,2020255839,Editions du Seuil,1995,,9513322,VALID_COVER,289,500,JPEG,data/cache/fr-mass-editorial-engine/covers/FR-OL15449759M.jpeg,NO,NO,167.0000,205.0000,AUTO_ACCEPT,Strong author/title/language match and validated physical cover.,RESERVE
FR,CONTEMPORARY,Tahar Ben Jelloun,1,16,24,/works/OL17997888W,La plus haute des solitudes,Tahar Ben Jelloun,1.0000,1997,/books/OL26577007M,La plus haute des solitudes,misère sexuelle d'emigrés nord-africains,fre,1.0000,20200514781,Éditions du Seuil,1997,,9652958,VALID_COVER,288,500,JPEG,data/cache/fr-mass-editorial-engine/covers/FR-OL26577007M.jpeg,NO,NO,167.0000,205.0000,AUTO_ACCEPT,Strong author/title/language match and validated physical cover.,RESERVE
FR,CONTEMPORARY,Tahar Ben Jelloun,1,16,24,/works/OL456690W,La prière de l'absent,Tahar Ben Jelloun,1.0000,1981,/books/OL15219359M,La prière de l'absent,roman.,fre,1.0000,202006281X,Seuil,1981,,10200302,VALID_COVER,296,500,JPEG,data/cache/fr-mass-editorial-engine/covers/FR-OL15219359M.jpeg,NO,NO,167.0000,205.0000,AUTO_ACCEPT,Strong author/title/language match and validated physical cover.,RESERVE
FR,CONTEMPORARY,Tahar Ben Jelloun,1,16,24,/works/OL164859W,La Reclusion Solitaire,Tahar Ben Jelloun,1.0000,1987,/books/OL8834585M,La Reclusion Solitaire,,fre,1.0000,9782020259132,Points French,"December 31, 1998",,963895,VALID_COVER,287,475,JPEG,data/cache/fr-mass-editorial-engine/covers/FR-OL8834585M.jpeg,NO,NO,167.0000,205.0000,AUTO_ACCEPT,Strong author/title/language match and validated physical cover.,RESERVE
FR,CONTEMPORARY,Tahar Ben Jelloun,1,16,24,/works/OL456663W,La soudure fraternelle,Tahar Ben Jelloun,1.0000,1994,/books/OL1164632M,La soudure fraternelle,,fre,1.0000,2869591934,Arléa,1994,,3897458,VALID_COVER,128,213,JPEG,data/cache/fr-mass-editorial-engine/covers/FR-OL1164632M.jpeg,NO,NO,167.0000,205.0000,AUTO_ACCEPT,Strong author/title/language match and validated physical cover.,RESERVE
FR,CONTEMPORARY,Tahar Ben Jelloun,1,16,24,/works/OL28587784W,Le bonheur conjugal,Tahar Ben Jelloun,1.0000,2015,/books/OL39197604M,Le bonheur conjugal,,fre,1.0000,9782070456116,Gallimard,2015,,12827308,VALID_COVER,267,500,JPEG,data/cache/fr-mass-editorial-engine/covers/FR-OL39197604M.jpeg,NO,NO,167.0000,205.0000,AUTO_ACCEPT,Strong author/title/language match and validated physical cover.,RESERVE
FR,CONTEMPORARY,Tahar Ben Jelloun,1,16,24,/works/OL23244256W,Le bonheur conjugal,Tahar Ben Jelloun,1.0000,2012,/books/OL31080984M,Le bonheur conjugal,roman,fre,1.0000,9782070138340,Gallimard,2012,,12850910,VALID_COVER,323,500,JPEG,data/cache/fr-mass-editorial-engine/covers/FR-OL31080984M.jpeg,NO,NO,167.0000,205.0000,AUTO_ACCEPT,Strong author/title/language match and validated physical cover.,RESERVE
FR,CONTEMPORARY,Tahar Ben Jelloun,1,16,24,/works/OL456691W,Le dernier ami,Tahar Ben Jelloun,1.0000,2004,/books/OL16407149M,Le dernier ami,roman,fre,1.0000,2020798328,Éditions du Seuil,2004,,11667324,VALID_COVER,292,500,JPEG,data/cache/fr-mass-editorial-engine/covers/FR-OL16407149M.jpeg,NO,NO,167.0000,205.0000,AUTO_ACCEPT,Strong author/title/language match and validated physical cover.,RESERVE
FR,CONTEMPORARY,Yasmina Khadra,1,16,24,/works/OL2291662W,La part du mort,Yasmina Khadra,1.0000,2004,/books/OL15589834M,La part du mort,roman,fre,1.0000,2260016448,Julliard,2004,,12290380,VALID_COVER,305,500,JPEG,data/cache/fr-mass-editorial-engine/covers/FR-OL15589834M.jpeg,NO,NO,167.0000,205.0000,AUTO_ACCEPT,Strong author/title/language match and validated physical cover.,RESERVE
FR,CONTEMPORARY,Yasmina Khadra,1,16,24,/works/OL2291667W,Les agneaux du Seigneur,Yasmina Khadra,1.0000,1998,/books/OL495140M,Les agneaux du Seigneur,roman,fre,1.0000,2260015034,Editions Julliard,1998,,2152954,VALID_COVER,316,500,JPEG,data/cache/fr-mass-editorial-engine/covers/FR-OL495140M.jpeg,NO,NO,167.0000,205.0000,AUTO_ACCEPT,Strong author/title/language match and validated physical cover.,RESERVE
FR,CONTEMPORARY,Yasmina Khadra,1,16,24,/works/OL2291668W,Les hirondelles de Kaboul,Yasmina Khadra,1.0000,2002,/books/OL3655283M,Les hirondelles de Kaboul,roman,fre,1.0000,2260015964,Julliard,2002,,978369,VALID_COVER,315,500,JPEG,data/cache/fr-mass-editorial-engine/covers/FR-OL3655283M.jpeg,NO,NO,167.0000,205.0000,AUTO_ACCEPT,Strong author/title/language match and validated physical cover.,RESERVE
FR,CONTEMPORARY,Yasmina Khadra,1,16,24,/works/OL13557346W,Les hirondelles de Kaboul,Yasmina Khadra,1.0000,2003,/books/OL32378806M,Les hirondelles de Kaboul,,fre,1.0000,9782744163296,Éd. France loisirs,2003,,11040035,VALID_COVER,300,500,JPEG,data/cache/fr-mass-editorial-engine/covers/FR-OL32378806M.jpeg,NO,NO,167.0000,205.0000,AUTO_ACCEPT,Strong author/title/language match and validated physical cover.,RESERVE
FR,CONTEMPORARY,Yasmina Khadra,1,16,24,/works/OL24693974W,Les sirènes de Bagdad,Yasmina Khadra,1.0000,2007,/books/OL32774485M,Les sirènes de Bagdad,,fre,1.0000,9782266172714,Pocket,2007,,11405690,VALID_COVER,287,500,JPEG,data/cache/fr-mass-editorial-engine/covers/FR-OL32774485M.jpeg,NO,NO,167.0000,205.0000,AUTO_ACCEPT,Strong author/title/language match and validated physical cover.,RESERVE
FR,CONTEMPORARY,Yasmina Khadra,1,16,24,/works/OL2291658W,Les sirènes de Bagdad,Yasmina Khadra,1.0000,2006,/books/OL15596575M,Les sirènes de Bagdad,roman,fre,1.0000,9782260017127,Julliard,2006,,9518598,VALID_COVER,310,500,JPEG,data/cache/fr-mass-editorial-engine/covers/FR-OL15596575M.jpeg,NO,NO,167.0000,205.0000,AUTO_ACCEPT,Strong author/title/language match and validated physical cover.,RESERVE
FR,CONTEMPORARY,Yasmina Khadra,1,16,24,/works/OL22893835W,Qu'attendent les singes,Yasmina Khadra,1.0000,2014,/books/OL31184444M,Qu'attendent les singes,,fre,1.0000,9782260021940,Julliard,2014,,11321630,VALID_COVER,310,500,JPEG,data/cache/fr-mass-editorial-engine/covers/FR-OL31184444M.jpeg,NO,NO,167.0000,205.0000,AUTO_ACCEPT,Strong author/title/language match and validated physical cover.,RESERVE
FR,CONTEMPORARY,Fred Vargas,1,18,26,/works/OL16953895W,Dans les bois e ternels,Fred Vargas,1.0000,2009,/books/OL25551782M,Dans les bois éternels,,fre,0.9778,9782290017739,J'ai lu,2009,,9894073,VALID_COVER,354,500,JPEG,data/cache/fr-mass-editorial-engine/covers/FR-OL25551782M.jpeg,NO,NO,166.5556,204.5556,AUTO_ACCEPT,Strong author/title/language match and validated physical cover.,RESERVE
FR,CONTEMPORARY,Jean-Christophe Rufin,1,14,20,/works/OL28600984W,Asmara Et Les Causes Per,Jean-Christophe Rufin,1.0000,2001,/books/OL8839518M,Asmara et les causes perdues,,fre,0.9600,9782070417308,Gallimard,"March 14, 2001",,968808,VALID_COVER,285,475,JPEG,data/cache/fr-mass-editorial-engine/covers/FR-OL8839518M.jpeg,NO,NO,166.2000,204.2000,AUTO_ACCEPT,Strong author/title/language match and validated physical cover.,RESERVE
FR,CONTEMPORARY,Anna Gavalda,2,10,15,/works/OL24173571W,Je voudrais que quelqu'un m'attende quelque part cAnna Gavalda,Anna Gavalda,1.0000,2007,/books/OL31911333M,Je voudrais que quelqu'un m'attende quelque part cAnna Gavalda,,fre,1.0000,9782738216021,Succés du Livre Éditions,2007,,10591408,VALID_COVER,296,500,JPEG,data/cache/fr-mass-editorial-engine/covers/FR-OL31911333M.jpeg,NO,NO,147.0000,185.0000,AUTO_ACCEPT,Strong author/title/language match and validated physical cover.,RESERVE
FR,CONTEMPORARY,Anna Gavalda,2,10,15,/works/OL19937788W,L'échappée belle,Anna Gavalda,1.0000,2001,/books/OL27118367M,L'échappée belle,,fre,1.0000,9782842631840,Dilettante,2009,,11330877,VALID_COVER,278,500,JPEG,data/cache/fr-mass-editorial-engine/covers/FR-OL27118367M.jpeg,NO,NO,147.0000,185.0000,AUTO_ACCEPT,Strong author/title/language match and validated physical cover.,RESERVE
FR,CONTEMPORARY,Anna Gavalda,2,10,15,/works/OL6028446W,La consolante,Anna Gavalda,1.0000,2008,/books/OL17019499M,La consolante,,fre,1.0000,9782842631529,Dilettante,2008,,9972678,VALID_COVER,307,500,JPEG,data/cache/fr-mass-editorial-engine/covers/FR-OL17019499M.jpeg,NO,NO,147.0000,185.0000,AUTO_ACCEPT,Strong author/title/language match and validated physical cover.,RESERVE
FR,CONTEMPORARY,Anna Gavalda,2,10,15,/works/OL19067116W,La vie en mieux,ANNA GAVALDA,1.0000,2014,/books/OL26723273M,La vie en mieux,,fre,1.0000,9782842637965,Le Dilettante,"Feb 21, 2014",,8381071,VALID_COVER,336,500,JPEG,data/cache/fr-mass-editorial-engine/covers/FR-OL26723273M.jpeg,NO,NO,147.0000,185.0000,AUTO_ACCEPT,Strong author/title/language match and validated physical cover.,RESERVE
FR,CONTEMPORARY,Éric-Emmanuel Schmitt,2,20,30,/works/OL18252895W,Milarepa,Eric-Emmanuel Schmitt,1.0000,1997,/books/OL105432M,Milarepa,,fre,1.0000,2226093524,A. Michel,1997,,975533,VALID_COVER,327,500,JPEG,data/cache/fr-mass-editorial-engine/covers/FR-OL105432M.jpeg,NO,NO,147.0000,185.0000,AUTO_ACCEPT,Strong author/title/language match and validated physical cover.,RESERVE
FR,CONTEMPORARY,Éric-Emmanuel Schmitt,2,20,30,/works/OL8255528W,Monsieur Ibraham Er Les Fleurs Du Coran,Eric-Emmanuel Schmitt,1.0000,2007,/books/OL8885935M,Monsieur Ibraham Er Les Fleurs Du Coran,,fre,1.0000,9782226126269,Distribooks,April 2007,,975704,VALID_COVER,323,500,JPEG,data/cache/fr-mass-editorial-engine/covers/FR-OL8885935M.jpeg,NO,NO,147.0000,185.0000,AUTO_ACCEPT,Strong author/title/language match and validated physical cover.,RESERVE
FR,CONTEMPORARY,Éric-Emmanuel Schmitt,2,20,30,/works/OL13688399W,Monsieur Ibrahim et les fleurs du Coran,Eric-Emmanuel Schmitt,1.0000,2004,/books/OL22821403M,Monsieur Ibrahim et les fleurs du Coran,,fre,1.0000,2210754674,Magnard,2004,,10048720,VALID_COVER,385,500,JPEG,data/cache/fr-mass-editorial-engine/covers/FR-OL22821403M.jpeg,NO,NO,147.0000,185.0000,AUTO_ACCEPT,Strong author/title/language match and validated physical cover.,RESERVE
FR,CONTEMPORARY,Éric-Emmanuel Schmitt,2,20,30,/works/OL24289520W,Odette Toulemonde,Eric-Emmanuel Schmitt,1.0000,2007,/books/OL32130142M,Odette Toulemonde,et autres histoires,fre,1.0000,9782298003680,Éd. France loisirs,2007,,10792501,VALID_COVER,307,500,JPEG,data/cache/fr-mass-editorial-engine/covers/FR-OL32130142M.jpeg,NO,NO,147.0000,185.0000,AUTO_ACCEPT,Strong author/title/language match and validated physical cover.,RESERVE
FR,CONTEMPORARY,Éric-Emmanuel Schmitt,2,20,30,/works/OL17999713W,Odette Toulemonde et autres histoires,Eric-Emmanuel Schmitt,1.0000,2006,/books/OL16279615M,Odette Toulemonde et autres histoires,,fre,1.0000,2226173625,Albin Michel,2006,,9559939,VALID_COVER,314,500,JPEG,data/cache/fr-mass-editorial-engine/covers/FR-OL16279615M.jpeg,NO,NO,147.0000,185.0000,AUTO_ACCEPT,Strong author/title/language match and validated physical cover.,RESERVE
FR,CONTEMPORARY,Éric-Emmanuel Schmitt,2,20,30,/works/OL829801W,Oscar et la dame rose,Eric-Emmanuel Schmitt,1.0000,2002,/books/OL25427493M,Oscar et la dame rose,,fre,1.0000,9782226135025,Albin Michel,2002,,7257667,VALID_COVER,328,498,JPEG,data/cache/fr-mass-editorial-engine/covers/FR-OL25427493M.jpeg,NO,NO,147.0000,185.0000,AUTO_ACCEPT,Strong author/title/language match and validated physical cover.,RESERVE
FR,CONTEMPORARY,Éric-Emmanuel Schmitt,2,20,30,/works/OL16951231W,Oscar et la dame rose,Eric-Emmanuel Schmitt,1.0000,2006,/books/OL25550496M,Oscar et la dame rose,,fre,1.0000,9782210754904,Magnard,2006,,9791840,VALID_COVER,352,500,JPEG,data/cache/fr-mass-editorial-engine/covers/FR-OL25550496M.jpeg,NO,NO,147.0000,185.0000,AUTO_ACCEPT,Strong author/title/language match and validated physical cover.,RESERVE
FR,CONTEMPORARY,Éric-Emmanuel Schmitt,2,20,30,/works/OL18277019W,Oscar et la dame rose,Eric-Emmanuel Schmitt,1.0000,2002,/books/OL3736570M,Oscar et la dame rose,,fre,1.0000,2226135022,Albin Michel,2002,,975766,VALID_COVER,326,500,JPEG,data/cache/fr-mass-editorial-engine/covers/FR-OL3736570M.jpeg,NO,NO,147.0000,185.0000,AUTO_ACCEPT,Strong author/title/language match and validated physical cover.,RESERVE
FR,CONTEMPORARY,Éric-Emmanuel Schmitt,2,20,30,/works/OL22416698W,Quand je pense que Beethoven est mort alors que tant de crétins vivent--,Eric-Emmanuel Schmitt,1.0000,2010,/books/OL30505254M,Quand je pense que Beethoven est mort alors que tant de crétins vivent--,suivi de Kiki van Beethoven,fre,1.0000,9782226215208,Albin Michel,2010,,10799645,VALID_COVER,352,500,JPEG,data/cache/fr-mass-editorial-engine/covers/FR-OL30505254M.jpeg,NO,NO,147.0000,185.0000,AUTO_ACCEPT,Strong author/title/language match and validated physical cover.,RESERVE
FR,CONTEMPORARY,Éric-Emmanuel Schmitt,2,20,30,/works/OL18335725W,Variations énigmatiques,Eric-Emmanuel Schmitt,1.0000,1996,/books/OL715201M,Variations énigmatiques,,fre,1.0000,2226084614,A. Michel,1996,,2148616,VALID_COVER,325,500,JPEG,data/cache/fr-mass-editorial-engine/covers/FR-OL715201M.jpeg,NO,NO,147.0000,185.0000,AUTO_ACCEPT,Strong author/title/language match and validated physical cover.,RESERVE
FR,CONTEMPORARY,Marc Levy,2,18,26,/works/OL5887989W,Sept jours pour une éternité..,Marc Levy,1.0000,2003,/books/OL23015026M,Sept jours pour une éternité...,roman,fre,1.0000,222109767X,R. Laffont,2003,,13033879,VALID_COVER,292,500,JPEG,data/cache/fr-mass-editorial-engine/covers/FR-OL23015026M.jpeg,NO,NO,147.0000,185.0000,AUTO_ACCEPT,Strong author/title/language match and validated physical cover.,RESERVE
FR,CONTEMPORARY,Marc Levy,2,18,26,/works/OL8453894W,Sept Jours Pour Une Eternite,Marc Levy,1.0000,2003,/books/OL8865947M,Sept Jours Pour Une Eternite,,fre,1.0000,9782221097670,Fixot,"February 20, 2003",,975147,VALID_COVER,321,500,JPEG,data/cache/fr-mass-editorial-engine/covers/FR-OL8865947M.jpeg,NO,NO,147.0000,185.0000,AUTO_ACCEPT,Strong author/title/language match and validated physical cover.,RESERVE
FR,CONTEMPORARY,Marc Levy,2,18,26,/works/OL24419200W,Toutes ces choses qu'on ne s'est pas dites,Marc Levy,1.0000,2009,/books/OL32344640M,Toutes ces choses qu'on ne s'est pas dites,,fre,1.0000,9782266187305,Pocket,2009,,10967085,VALID_COVER,296,500,JPEG,data/cache/fr-mass-editorial-engine/covers/FR-OL32344640M.jpeg,NO,NO,147.0000,185.0000,AUTO_ACCEPT,Strong author/title/language match and validated physical cover.,RESERVE
FR,CONTEMPORARY,Marc Levy,2,18,26,/works/OL16820321W,Un sentiment plus fort que la peur,Marc Levy,1.0000,2013,/books/OL25447193M,Un sentiment plus fort que la peur,,fre,1.0000,9782221127131,Robert Laffont,14 février 2013,,7282287,VALID_COVER,297,475,JPEG,data/cache/fr-mass-editorial-engine/covers/FR-OL25447193M.jpeg,NO,NO,147.0000,185.0000,AUTO_ACCEPT,Strong author/title/language match and validated physical cover.,RESERVE
FR,CONTEMPORARY,Marc Levy,2,18,26,/works/OL24305386W,Une autre idée du bonheur,Marc Levy,1.0000,2015,/books/OL32150686M,Une autre idée du bonheur,roman,fre,1.0000,9782266259279,Robert Laffont,2015,,10818293,VALID_COVER,303,500,JPEG,data/cache/fr-mass-editorial-engine/covers/FR-OL32150686M.jpeg,NO,NO,147.0000,185.0000,AUTO_ACCEPT,Strong author/title/language match and validated physical cover.,RESERVE
FR,CONTEMPORARY,Marc Levy,2,18,26,/works/OL24157026W,Une autre idée du bonheur,Marc Levy,1.0000,2015,/books/OL31882062M,Une autre idée du bonheur,roman,fre,1.0000,9782266264105,Robert Laffont,2015,,10559380,VALID_COVER,290,500,JPEG,data/cache/fr-mass-editorial-engine/covers/FR-OL31882062M.jpeg,NO,NO,147.0000,185.0000,AUTO_ACCEPT,Strong author/title/language match and validated physical cover.,RESERVE
FR,CONTEMPORARY,Marc Levy,2,18,26,/works/OL18182490W,Vous revoir,Marc Levy,1.0000,2005,/books/OL26650831M,Vous revoir,,fre,1.0000,9782266199605,Robert Laffont,2005,,8343453,VALID_COVER,286,500,JPEG,data/cache/fr-mass-editorial-engine/covers/FR-OL26650831M.jpeg,NO,NO,147.0000,185.0000,AUTO_ACCEPT,Strong author/title/language match and validated physical cover.,RESERVE
FR,CONTEMPORARY,Marc Levy,2,18,26,/works/OL20849974W,Vous revoir,Marc Levy,1.0000,2006,/books/OL28229164M,Vous revoir,,fre,1.0000,9782744188879,Éd. France loisirs,2006,,10161382,VALID_COVER,313,500,JPEG,data/cache/fr-mass-editorial-engine/covers/FR-OL28229164M.jpeg,NO,NO,147.0000,185.0000,AUTO_ACCEPT,Strong author/title/language match and validated physical cover.,RESERVE
FR,CONTEMPORARY,Olivier Adam,2,14,20,/works/OL24641919W,Peine perdue,Olivier Adam,1.0000,2015,/books/OL32700436M,Peine perdue,roman,fre,1.0000,9782290109502,J'ai lu,2015,,11324938,VALID_COVER,300,500,JPEG,data/cache/fr-mass-editorial-engine/covers/FR-OL32700436M.jpeg,NO,NO,147.0000,185.0000,AUTO_ACCEPT,Strong author/title/language match and validated physical cover.,RESERVE
FR,CONTEMPORARY,Olivier Adam,2,14,20,/works/OL24142071W,Tout peut s'oublier,Olivier Adam,1.0000,2021,/books/OL31847945M,Tout peut s'oublier,,fre,1.0000,9782080233868,FLAMMARION,"Jan 06, 2021",,10539668,VALID_COVER,321,500,JPEG,data/cache/fr-mass-editorial-engine/covers/FR-OL31847945M.jpeg,NO,NO,147.0000,185.0000,AUTO_ACCEPT,Strong author/title/language match and validated physical cover.,RESERVE
FR,CONTEMPORARY,Olivier Adam,2,14,20,/works/OL31443846W,Une partie de badminton (Littérature française) (French Edition),Olivier Adam,1.0000,2019,/books/OL43101001M,Une partie de badminton (Littérature française) (French Edition),,fre,1.0000,9782081382473,FLAMMARION,2019-08-21,,15199776,VALID_COVER,320,500,JPEG,data/cache/fr-mass-editorial-engine/covers/FR-OL43101001M.jpeg,NO,NO,147.0000,185.0000,AUTO_ACCEPT,Strong author/title/language match and validated physical cover.,RESERVE
FR,CONTEMPORARY,Olivier Adam,2,14,20,/works/OL20024465W,La renverse,Olivier Adam,1.0000,2016,/books/OL27204515M,La renverse,roman,fre,1.0000,9782081375956,,2016,,12938614,VALID_COVER,318,500,JPEG,data/cache/fr-mass-editorial-engine/covers/FR-OL27204515M.jpeg,NO,NO,142.0000,176.0000,AUTO_ACCEPT,Strong author/title/language match and validated physical cover.,RESERVE
FR,CONTEMPORARY,Olivier Adam,2,14,20,/works/OL19962913W,Les lisières,Olivier Adam,1.0000,2012,/books/OL27143139M,Les lisières,roman,fre,1.0000,9782081283749,,2012,,11669606,VALID_COVER,309,500,JPEG,data/cache/fr-mass-editorial-engine/covers/FR-OL27143139M.jpeg,NO,NO,142.0000,176.0000,AUTO_ACCEPT,Strong author/title/language match and validated physical cover.,RESERVE
FR,CONTEMPORARY,Olivier Adam,2,14,20,/works/OL20924540W,Des vents contraires,Olivier Adam,1.0000,2008,/books/OL28349395M,Des vents contraires,,fre,1.0000,,l'Olivier,2009,,10297242,VALID_COVER,192,270,JPEG,data/cache/fr-mass-editorial-engine/covers/FR-OL28349395M.jpeg,NO,NO,141.0000,174.0000,AUTO_ACCEPT,Strong author/title/language match and validated physical cover.,RESERVE
FR,ESSAYS_PHILOSOPHY,Edgar Morin,1,16,24,/works/OL958958W,"La méthode, tome 3",Edgar Morin,1.0000,1992,/books/OL8834323M,"La méthode, tome 3",,fre,1.0000,9782020144407,Seuil,"January 2, 1992",,963629,VALID_COVER,282,475,JPEG,data/cache/fr-mass-editorial-engine/covers/FR-OL8834323M.jpeg,NO,NO,167.0000,205.0000,AUTO_ACCEPT,Strong author/title/language match and validated physical cover.,RESERVE
FR,ESSAYS_PHILOSOPHY,Edgar Morin,1,16,24,/works/OL958959W,"La méthode, tome 4",Edgar Morin,1.0000,1995,/books/OL8834527M,"La méthode, tome 4",,fre,1.0000,9782020239608,Seuil,"March 3, 1995",,963839,VALID_COVER,292,475,JPEG,data/cache/fr-mass-editorial-engine/covers/FR-OL8834527M.jpeg,NO,NO,167.0000,205.0000,AUTO_ACCEPT,Strong author/title/language match and validated physical cover.,RESERVE
FR,ESSAYS_PHILOSOPHY,Edgar Morin,1,16,24,/works/OL959016W,La Nature de la nature,Edgar Morin,1.0000,1977,/books/OL4648197M,La nature de la nature,,fre,1.0000,2020046342,Seuil,1977,,963198,VALID_COVER,302,475,JPEG,data/cache/fr-mass-editorial-engine/covers/FR-OL4648197M.jpeg,NO,NO,167.0000,205.0000,AUTO_ACCEPT,Strong author/title/language match and validated physical cover.,RESERVE
FR,ESSAYS_PHILOSOPHY,Edgar Morin,1,16,24,/works/OL959018W,La vie de la vie,Edgar Morin,1.0000,1980,/books/OL4163680M,La vie de la vie,,fre,1.0000,2020056372,Seuil,1980,,963258,VALID_COVER,301,475,JPEG,data/cache/fr-mass-editorial-engine/covers/FR-OL4163680M.jpeg,NO,NO,167.0000,205.0000,AUTO_ACCEPT,Strong author/title/language match and validated physical cover.,RESERVE
FR,ESSAYS_PHILOSOPHY,Edgar Morin,1,16,24,/works/OL958965W,Le monde moderne et la question juive,Edgar Morin,1.0000,2006,/books/OL16296718M,Le monde moderne et la question juive,,fre,1.0000,2020907453,Seuil,2006,,5333860,VALID_COVER,128,192,JPEG,data/cache/fr-mass-editorial-engine/covers/FR-OL16296718M.jpeg,NO,NO,167.0000,205.0000,AUTO_ACCEPT,Strong author/title/language match and validated physical cover.,RESERVE
FR,ESSAYS_PHILOSOPHY,Edgar Morin,1,16,24,/works/OL959033W,Le paradigme perdu,Edgar Morin,1.0000,1973,/books/OL8833971M,Le paradigme perdu,,fre,1.0000,9782020053433,Seuil,"November 1, 1979",,963242,VALID_COVER,281,475,JPEG,data/cache/fr-mass-editorial-engine/covers/FR-OL8833971M.jpeg,NO,NO,167.0000,205.0000,AUTO_ACCEPT,Strong author/title/language match and validated physical cover.,RESERVE
FR,ESSAYS_PHILOSOPHY,Edgar Morin,1,16,24,/works/OL959022W,Le vif du sujet,Edgar Morin,1.0000,1969,/books/OL3006087M,Le vif du sujet,,fre,1.0000,2020060922,Editions du Seuil,1982,,2132840,VALID_COVER,307,475,JPEG,data/cache/fr-mass-editorial-engine/covers/FR-OL3006087M.jpeg,NO,NO,167.0000,205.0000,AUTO_ACCEPT,Strong author/title/language match and validated physical cover.,RESERVE
FR,ESSAYS_PHILOSOPHY,Edgar Morin,1,16,24,/works/OL24537545W,Leçons d'un siècle de vie,Edgar Morin,1.0000,2021,/books/OL32524428M,Leçons d'un siècle de vie,,fre,1.0000,9782207163078,Denoël,"Jun 02, 2021",,11175185,VALID_COVER,335,500,JPEG,data/cache/fr-mass-editorial-engine/covers/FR-OL32524428M.jpeg,NO,NO,167.0000,205.0000,AUTO_ACCEPT,Strong author/title/language match and validated physical cover.,RESERVE
FR,ESSAYS_PHILOSOPHY,Emmanuel Levinas,1,10,15,/works/OL3126921W,Hors sujet,Emmanuel Levinas,1.0000,1997,/books/OL12506471M,Hors sujet,,fre,1.0000,9782253942467,LGF,"March 1, 1997",,3104339,VALID_COVER,293,475,JPEG,data/cache/fr-mass-editorial-engine/covers/FR-OL12506471M.jpeg,NO,NO,167.0000,205.0000,AUTO_ACCEPT,Strong author/title/language match and validated physical cover.,RESERVE
FR,ESSAYS_PHILOSOPHY,Emmanuel Levinas,1,10,15,/works/OL3126959W,Humanisme de l'autre homme,Emmanuel Levinas,1.0000,1972,/books/OL12467108M,Humanisme de l'autre homme,,fre,1.0000,9782253041153,LGF,"March 1, 1987",,13713536,VALID_COVER,309,500,JPEG,data/cache/fr-mass-editorial-engine/covers/FR-OL12467108M.jpeg,NO,NO,167.0000,205.0000,AUTO_ACCEPT,Strong author/title/language match and validated physical cover.,RESERVE
FR,ESSAYS_PHILOSOPHY,Emmanuel Levinas,1,10,15,/works/OL8996213W,Jean Wahl et Gabriel Marcel,Emmanuel Levinas,1.0000,1976,/books/OL12519336M,Jean Wahl et Gabriel Marcel,,fre,1.0000,9782701002408,Beauchesne,"April 1, 1997",,3114786,VALID_COVER,302,475,JPEG,data/cache/fr-mass-editorial-engine/covers/FR-OL12519336M.jpeg,NO,NO,167.0000,205.0000,AUTO_ACCEPT,Strong author/title/language match and validated physical cover.,RESERVE
FR,ESSAYS_PHILOSOPHY,Emmanuel Levinas,1,10,15,/works/OL13309155W,L' au-delà du verset,Emmanuel Levinas,1.0000,1981,/books/OL21126433M,L' au-delà du verset,lectures et discours talmudiques,fre,1.0000,2707306029,Éditions de Minuit,1981,,13612551,VALID_COVER,308,500,JPEG,data/cache/fr-mass-editorial-engine/covers/FR-OL21126433M.jpeg,NO,NO,167.0000,205.0000,AUTO_ACCEPT,Strong author/title/language match and validated physical cover.,RESERVE
FR,ESSAYS_PHILOSOPHY,Emmanuel Levinas,1,10,15,/works/OL8996214W,La mort et le temps,Emmanuel Levinas,1.0000,1991,/books/OL20923050M,La mort et le temps,,fre,1.0000,2253059439,L'Herne,1991,,12896767,VALID_COVER,291,500,JPEG,data/cache/fr-mass-editorial-engine/covers/FR-OL20923050M.jpeg,NO,NO,167.0000,205.0000,AUTO_ACCEPT,Strong author/title/language match and validated physical cover.,RESERVE
FR,ESSAYS_PHILOSOPHY,Gaston Bachelard,1,12,18,/works/OL1304836W,La poétique de l'espace,Gaston Bachelard,1.0000,1957,/books/OL8863508M,La Poétique de l'espace,,fre,1.0000,9782130523819,Presses Universitaires de France - PUF,"November 11, 2001",,972683,VALID_COVER,312,475,JPEG,data/cache/fr-mass-editorial-engine/covers/FR-OL8863508M.jpeg,NO,NO,167.0000,205.0000,AUTO_ACCEPT,Strong author/title/language match and validated physical cover.,RESERVE
FR,ESSAYS_PHILOSOPHY,Gaston Bachelard,1,12,18,/works/OL1304840W,La terre et les rêveries du repos,Gaston Bachelard,1.0000,1948,/books/OL22346097M,La terre et les rêveries du repos,essai sur les images de l'intimité,fre,1.0000,2714302998,José Corti,1948,,13185862,VALID_COVER,500,500,JPEG,data/cache/fr-mass-editorial-engine/covers/FR-OL22346097M.jpeg,NO,NO,167.0000,205.0000,AUTO_ACCEPT,Strong author/title/language match and validated physical cover.,RESERVE
FR,ESSAYS_PHILOSOPHY,Gaston Bachelard,1,12,18,/works/OL1304838W,Lautréamont,Gaston Bachelard,1.0000,1939,/books/OL2723286M,Lautréamont,,eng | fre,1.0000,0911005080,"Dallas Institute Publications, Dallas Institute of Humanities and Culture",1986,,702778,VALID_COVER,317,500,JPEG,data/cache/fr-mass-editorial-engine/covers/FR-OL2723286M.jpeg,NO,NO,167.0000,205.0000,AUTO_ACCEPT,Strong author/title/language match and validated physical cover.,RESERVE
FR,ESSAYS_PHILOSOPHY,Gaston Bachelard,1,12,18,/works/OL19883504W,Le matérialisme rationnel,Gaston Bachelard,1.0000,1953,/books/OL27070716M,Le matérialisme rationnel,,fre,1.0000,9782130562856,Presses universitaires de France,2007,,8687411,VALID_COVER,316,500,JPEG,data/cache/fr-mass-editorial-engine/covers/FR-OL27070716M.jpeg,NO,NO,167.0000,205.0000,AUTO_ACCEPT,Strong author/title/language match and validated physical cover.,RESERVE
FR,ESSAYS_PHILOSOPHY,Henri Bergson,1,12,18,/works/OL76655W,Œuvres,Henri Bergson,1.0000,1959,/books/OL1458394M,Œuvres,,fre,1.0000,2130384951,Presses universitaires de France,1991,,13590671,VALID_COVER,375,500,JPEG,data/cache/fr-mass-editorial-engine/covers/FR-OL1458394M.jpeg,NO,NO,167.0000,205.0000,AUTO_ACCEPT,Strong author/title/language match and validated physical cover.,RESERVE
FR,ESSAYS_PHILOSOPHY,Jacques Derrida,1,12,18,/works/OL15255W,Limited Inc,Jacques Derrida,1.0000,1977,/books/OL2050683M,Limited Inc,,eng | fre,1.0000,0810107872,Northwestern University Press,1988,,4064017,VALID_COVER,128,191,JPEG,data/cache/fr-mass-editorial-engine/covers/FR-OL2050683M.jpeg,NO,NO,167.0000,205.0000,AUTO_ACCEPT,Strong author/title/language match and validated physical cover.,RESERVE
FR,ESSAYS_PHILOSOPHY,Jacques Derrida,1,12,18,/works/OL15211167W,Margins of philosophy,Jacques Derrida,1.0000,1982,/books/OL3491337M,Margins of philosophy,,eng | fre,1.0000,0226143252,University of Chicago Press,1982,,140419,VALID_COVER,302,475,JPEG,data/cache/fr-mass-editorial-engine/covers/FR-OL3491337M.jpeg,NO,NO,167.0000,205.0000,AUTO_ACCEPT,Strong author/title/language match and validated physical cover.,RESERVE
FR,ESSAYS_PHILOSOPHY,Jacques Derrida,1,12,18,/works/OL15039824W,Mémoires d'aveugle,Jacques Derrida,1.0000,1990,/books/OL1347111M,Mémoires d'aveugle,l'autoportrait et autres ruines,fre,1.0000,2711823776,"Ministère de la culture, de la communication, des grands travaux, et du bicentenaire",1990,,3925195,VALID_COVER,128,184,JPEG,data/cache/fr-mass-editorial-engine/covers/FR-OL1347111M.jpeg,NO,NO,167.0000,205.0000,AUTO_ACCEPT,Strong author/title/language match and validated physical cover.,RESERVE
FR,ESSAYS_PHILOSOPHY,Maurice Merleau-Ponty,1,10,15,/works/OL2142357W,Notes des cours au Collège de France,Maurice Merleau-Ponty,1.0000,1996,/books/OL720758M,Notes des cours au Collège de France,1958-1959 et 1960-1961,fre,1.0000,2070739813,Gallimard,1996,,2138245,VALID_COVER,298,475,JPEG,data/cache/fr-mass-editorial-engine/covers/FR-OL720758M.jpeg,NO,NO,167.0000,205.0000,AUTO_ACCEPT,Strong author/title/language match and validated physical cover.,RESERVE
FR,ESSAYS_PHILOSOPHY,Maurice Merleau-Ponty,1,10,15,/works/OL19061164W,Oeuvres,Maurice Merleau-Ponty,1.0000,2010,/books/OL26716735M,Oeuvres,,fre,1.0000,9782070128754,Editions Gallimard,"Sep 16, 2010",,8374172,VALID_COVER,342,500,JPEG,data/cache/fr-mass-editorial-engine/covers/FR-OL26716735M.jpeg,NO,NO,167.0000,205.0000,AUTO_ACCEPT,Strong author/title/language match and validated physical cover.,RESERVE
FR,ESSAYS_PHILOSOPHY,Paul Ricœur,1,12,18,/works/OL2145442W,Le mal,Paul Ricœur,1.0000,1986,/books/OL437132M,Le  mal,un défi à la philosophie et à la théologie,fre,1.0000,2830908295,Labor et Fides,1996,,2172302,VALID_COVER,301,475,JPEG,data/cache/fr-mass-editorial-engine/covers/FR-OL437132M.jpeg,NO,NO,167.0000,205.0000,AUTO_ACCEPT,Strong author/title/language match and validated physical cover.,RESERVE
FR,ESSAYS_PHILOSOPHY,Paul Ricœur,1,12,18,/works/OL8018178W,Lectures,Paul Ricœur,1.0000,1997,/books/OL9711810M,Lectures,,fre,1.0000,9782020191180,Seuil,"March 17, 1997",,2133761,VALID_COVER,323,475,JPEG,data/cache/fr-mass-editorial-engine/covers/FR-OL9711810M.jpeg,NO,NO,167.0000,205.0000,AUTO_ACCEPT,Strong author/title/language match and validated physical cover.,RESERVE
FR,ESSAYS_PHILOSOPHY,Paul Ricœur,1,12,18,/works/OL2145405W,Lectures 3,Paul Ricœur,1.0000,1994,/books/OL20952266M,Lectures 3,aux frontières de la philosophie,fre,1.0000,2020205068,Éditions du Seuil,1994,,9648280,VALID_COVER,331,500,JPEG,data/cache/fr-mass-editorial-engine/covers/FR-OL20952266M.jpeg,NO,NO,167.0000,205.0000,AUTO_ACCEPT,Strong author/title/language match and validated physical cover.,RESERVE
FR,ESSAYS_PHILOSOPHY,Paul Ricœur,1,12,18,/works/OL8018131W,"Lectures, tome 1",Paul Ricœur,1.0000,1999,/books/OL9726689M,"Lectures, tome 1",,fre,1.0000,9782020364881,Seuil,"February 2, 1999",,2134819,VALID_COVER,282,475,JPEG,data/cache/fr-mass-editorial-engine/covers/FR-OL9726689M.jpeg,NO,NO,167.0000,205.0000,AUTO_ACCEPT,Strong author/title/language match and validated physical cover.,RESERVE
FR,ESSAYS_PHILOSOPHY,Paul Ricœur,1,12,18,/works/OL8018132W,"Lectures, tome 2",Paul Ricœur,1.0000,1999,/books/OL9648456M,"Lectures, tome 2",,fre,1.0000,9782020389808,Seuil,"November 2, 1999",,2134939,VALID_COVER,285,475,JPEG,data/cache/fr-mass-editorial-engine/covers/FR-OL9648456M.jpeg,NO,NO,167.0000,205.0000,AUTO_ACCEPT,Strong author/title/language match and validated physical cover.,RESERVE
FR,ESSAYS_PHILOSOPHY,Roland Barthes,1,14,20,/works/OL10445926W,Leçon =,Roland Barthes,1.0000,1978,/books/OL21756223M,Leçon,"leçon inaugurale de la chaire de sémiologie littŕaire du College de France prononcée le 7 janvier, 1977.",fre,1.0000,202005003X,Seuil,1978,,4854729,VALID_COVER,128,186,JPEG,data/cache/fr-mass-editorial-engine/covers/FR-OL21756223M.jpeg,NO,NO,167.0000,205.0000,AUTO_ACCEPT,Strong author/title/language match and validated physical cover.,RESERVE
FR,ESSAYS_PHILOSOPHY,Roland Barthes,1,14,20,/works/OL1375014W,Littérature et réalité,Roland Barthes,1.0000,1982,/books/OL8834035M,Littérature et réalité,,fre,1.0000,9782020062367,Seuil,"September 1, 1982",,963306,VALID_COVER,287,475,JPEG,data/cache/fr-mass-editorial-engine/covers/FR-OL8834035M.jpeg,NO,NO,167.0000,205.0000,AUTO_ACCEPT,Strong author/title/language match and validated physical cover.,RESERVE
FR,FRENCH_LANGUAGE_CANON,Arthur Rimbaud,1,10,15,/works/OL24290586W,Pages choisies,Arthur Rimbaud,1.0000,1955,/books/OL32131604M,Pages choisies,"avec une notice biographique, une introduction, des notes explicatives, une documentation thematique, des jugements, un questionaire et des sujets de devoirs",fre,1.0000,9782038701487,Libraire Larousse,1973,,10794197,VALID_COVER,306,500,JPEG,data/cache/fr-mass-editorial-engine/covers/FR-OL32131604M.jpeg,NO,NO,167.0000,205.0000,AUTO_ACCEPT,Strong author/title/language match and validated physical cover.,RESERVE
FR,FRENCH_LANGUAGE_CANON,Arthur Rimbaud,1,10,15,/works/OL156804W,Poesies,Arthur Rimbaud,1.0000,1939,/books/OL25292995M,Poesies,,fre,1.0000,2237000468,eddl,1996,,13841536,VALID_COVER,312,500,JPEG,data/cache/fr-mass-editorial-engine/covers/FR-OL25292995M.jpeg,NO,NO,167.0000,205.0000,AUTO_ACCEPT,Strong author/title/language match and validated physical cover.,RESERVE
FR,FRENCH_LANGUAGE_CANON,Arthur Rimbaud,1,10,15,/works/OL15399773W,Poesies (Classiques Francais),Arthur Rimbaud,1.0000,1997,/books/OL9004602M,Poesies (Classiques Francais),,fre,1.0000,9782877141321,Bookking International - Classiques Francais,December 1997,,12826945,VALID_COVER,296,500,JPEG,data/cache/fr-mass-editorial-engine/covers/FR-OL9004602M.jpeg,NO,NO,167.0000,205.0000,AUTO_ACCEPT,Strong author/title/language match and validated physical cover.,RESERVE
FR,FRENCH_LANGUAGE_CANON,Arthur Rimbaud,1,10,15,/works/OL156754W,Poesies Completes,Arthur Rimbaud,1.0000,1998,/books/OL8887951M,Poesies Completes,,fre,1.0000,9782253096351,Livre de Poche,"August 20, 1999",,977079,VALID_COVER,290,475,JPEG,data/cache/fr-mass-editorial-engine/covers/FR-OL8887951M.jpeg,NO,NO,167.0000,205.0000,AUTO_ACCEPT,Strong author/title/language match and validated physical cover.,RESERVE
FR,FRENCH_LANGUAGE_CANON,Arthur Rimbaud,1,10,15,/works/OL24292544W,Poésies ; Une saison en enfer ; Illuminations,Arthur Rimbaud,1.0000,1992,/books/OL32134097M,Poésies ; Une saison en enfer ; Illuminations,,fre,1.0000,9782277231530,Editions J'ai lu,1992,,10797115,VALID_COVER,326,500,JPEG,data/cache/fr-mass-editorial-engine/covers/FR-OL32134097M.jpeg,NO,NO,167.0000,205.0000,AUTO_ACCEPT,Strong author/title/language match and validated physical cover.,RESERVE
FR,FRENCH_LANGUAGE_CANON,Paul Verlaine,1,12,18,/works/OL19678829W,Paul Verlaine,Paul Verlaine,1.0000,1960,/books/OL37736110M,Paul Verlaine,,fre,1.0000,9782020667760,Seuil,2004,,12650820,VALID_COVER,332,500,JPEG,data/cache/fr-mass-editorial-engine/covers/FR-OL37736110M.jpeg,NO,NO,167.0000,205.0000,AUTO_ACCEPT,Strong author/title/language match and validated physical cover.,RESERVE
FR,FRENCH_LANGUAGE_CANON,Paul Verlaine,1,12,18,/works/OL8970736W,Poemes saturniens,Paul Verlaine,1.0000,1996,/books/OL8887965M,Poemes saturniens,,fre,1.0000,9782253098300,Livre de Poche,"October 1, 1996",,977095,VALID_COVER,284,475,JPEG,data/cache/fr-mass-editorial-engine/covers/FR-OL8887965M.jpeg,NO,NO,167.0000,205.0000,AUTO_ACCEPT,Strong author/title/language match and validated physical cover.,RESERVE
FR,FRENCH_LANGUAGE_CANON,Paul Verlaine,1,12,18,/works/OL19924586W,Poèmes saturniens,Paul Verlaine,1.0000,1961,/books/OL37014647M,Poèmes saturniens,,fre,1.0000,9782237000732,EDDL,1996,,12593499,VALID_COVER,304,500,JPEG,data/cache/fr-mass-editorial-engine/covers/FR-OL37014647M.jpeg,NO,NO,167.0000,205.0000,AUTO_ACCEPT,Strong author/title/language match and validated physical cover.,RESERVE
FR,FRENCH_LANGUAGE_CANON,Paul Verlaine,1,12,18,/works/OL8970737W,Poemes Saturniens / Confessions,Paul Verlaine,1.0000,1993,/books/OL8841712M,Poemes Saturniens / Confessions,,fre,1.0000,9782080702890,Editions Flammarion,"January 7, 1993",,971238,VALID_COVER,289,475,JPEG,data/cache/fr-mass-editorial-engine/covers/FR-OL8841712M.jpeg,NO,NO,167.0000,205.0000,AUTO_ACCEPT,Strong author/title/language match and validated physical cover.,RESERVE
FR,FRENCH_LANGUAGE_CANON,Paul Verlaine,1,12,18,/works/OL9181764W,Poesies,Paul Verlaine,1.0000,1996,/books/OL9394209M,Poesies,,fre,1.0000,9782011671530,Hachette,June 1996,,2132190,VALID_COVER,288,475,JPEG,data/cache/fr-mass-editorial-engine/covers/FR-OL9394209M.jpeg,NO,NO,167.0000,205.0000,AUTO_ACCEPT,Strong author/title/language match and validated physical cover.,RESERVE
FR,FRENCH_LANGUAGE_CANON,Paul Verlaine,1,12,18,/works/OL1276171W,Romances sans paroles,Paul Verlaine,1.0000,1887,/books/OL4947455M,Romances sans paroles,,fre | eng,1.0000,0485147122,Athlone Press,1976,,8448208,VALID_COVER,299,500,JPEG,data/cache/fr-mass-editorial-engine/covers/FR-OL4947455M.jpeg,NO,NO,167.0000,205.0000,AUTO_ACCEPT,Strong author/title/language match and validated physical cover.,RESERVE
FR,FRENCH_LANGUAGE_CANON,Prosper Mérimée,1,10,15,/works/OL7999517W,La Venus D'Ille / Colomba / Mateo Falcone,Prosper Mérimée,1.0000,1999,/books/OL12394279M,La Venus D'Ille / Colomba / Mateo Falcone,,fre,1.0000,9782070409211,Livre de Poche,"March 1, 2000",,3075826,VALID_COVER,284,475,JPEG,data/cache/fr-mass-editorial-engine/covers/FR-OL12394279M.jpeg,NO,NO,167.0000,205.0000,AUTO_ACCEPT,Strong author/title/language match and validated physical cover.,RESERVE
FR,FRENCH_LANGUAGE_CANON,Prosper Mérimée,1,10,15,/works/OL7999518W,La Venus D'Ille Et Autres Nouvelles,Prosper Mérimée,1.0000,1993,/books/OL8841744M,La Venus D'Ille Et Autres Nouvelles,,fre,1.0000,9782080703682,Editions Flammarion,"January 7, 1993",,971274,VALID_COVER,288,475,JPEG,data/cache/fr-mass-editorial-engine/covers/FR-OL8841744M.jpeg,NO,NO,167.0000,205.0000,AUTO_ACCEPT,Strong author/title/language match and validated physical cover.,RESERVE
FR,FRENCH_LANGUAGE_CANON,Prosper Mérimée,1,10,15,/works/OL1105144W,La Vénus d'Ille et autres nouvelles,Prosper Mérimée,1.0000,1982,/books/OL9335279M,La Vénus d'Ille et autres nouvelles,,fre,1.0000,9782080720023,Flammarion,"May 16, 1997",,2140551,VALID_COVER,287,475,JPEG,data/cache/fr-mass-editorial-engine/covers/FR-OL9335279M.jpeg,NO,NO,167.0000,205.0000,AUTO_ACCEPT,Strong author/title/language match and validated physical cover.,RESERVE
FR,FRENCH_LANGUAGE_CANON,Prosper Mérimée,1,10,15,/works/OL7999520W,La Venus D'ille (Petits Classiques Larousse),Prosper Mérimée,1.0000,2001,/books/OL8835860M,La Venus D'ille (Petits Classiques Larousse),,fre,1.0000,9782038716504,Larousse Kingfisher Chambers,June 2001,,965260,VALID_COVER,323,500,JPEG,data/cache/fr-mass-editorial-engine/covers/FR-OL8835860M.jpeg,NO,NO,167.0000,205.0000,AUTO_ACCEPT,Strong author/title/language match and validated physical cover.,RESERVE
FR,FRENCH_LANGUAGE_CANON,Prosper Mérimée,1,10,15,/works/OL7999560W,Mateo Falcone,Prosper Mérimée,1.0000,1975,/books/OL12467724M,Mateo Falcone,,fre,1.0000,9782253138884,Hachette,June 1995,,3103522,VALID_COVER,290,475,JPEG,data/cache/fr-mass-editorial-engine/covers/FR-OL12467724M.jpeg,NO,NO,167.0000,205.0000,AUTO_ACCEPT,Strong author/title/language match and validated physical cover.,RESERVE
FR,FRENCH_LANGUAGE_CANON,Stéphane Mallarmé,1,8,12,/works/OL574533W,La Dernière mode,Stéphane Mallarmé,1.0000,1933,/books/OL4337233M,La Dernière mode,gazette du monde et de la famille,fre,1.0000,2859560564,Ramsay,1978,,13506570,VALID_COVER,375,500,JPEG,data/cache/fr-mass-editorial-engine/covers/FR-OL4337233M.jpeg,NO,NO,167.0000,205.0000,AUTO_ACCEPT,Strong author/title/language match and validated physical cover.,RESERVE
FR,FRENCH_LANGUAGE_CANON,Stéphane Mallarmé,1,8,12,/works/OL7998413W,Les Dieux Antiques,Stéphane Mallarmé,1.0000,2001,/books/OL10505243M,Les Dieux Antiques,Nouvelle Mythologie Illustrée d\'après George W. Cox,fre,1.0000,9780543965974,Adamant Media Corporation,"February 14, 2001",,2479385,VALID_COVER,318,500,JPEG,data/cache/fr-mass-editorial-engine/covers/FR-OL10505243M.jpeg,NO,NO,167.0000,205.0000,AUTO_ACCEPT,Strong author/title/language match and validated physical cover.,RESERVE
FR,FRENCH_LANGUAGE_CANON,Stéphane Mallarmé,1,8,12,/works/OL574529W,Œuvres,Stéphane Mallarmé,1.0000,1985,/books/OL2636984M,Œuvres,,fre,1.0000,2737001412,Garnier,1985,,4861841,VALID_COVER,128,207,JPEG,data/cache/fr-mass-editorial-engine/covers/FR-OL2636984M.jpeg,NO,NO,167.0000,205.0000,AUTO_ACCEPT,Strong author/title/language match and validated physical cover.,RESERVE
FR,FRENCH_LANGUAGE_CANON,Stéphane Mallarmé,1,8,12,/works/OL8986111W,Poésies,Stéphane Mallarmé,1.0000,1949,/books/OL12444254M,Poésies,,fre,1.0000,9782110808936,Imprimerie nationale,"May 1, 1987",,5197741,VALID_COVER,128,176,JPEG,data/cache/fr-mass-editorial-engine/covers/FR-OL12444254M.jpeg,NO,NO,167.0000,205.0000,AUTO_ACCEPT,Strong author/title/language match and validated physical cover.,RESERVE
FR,FRENCH_LANGUAGE_CANON,Beaumarchais,1,8,12,/works/OL24434161W,Le barbier de Séville,Pierre-Augustin Caron de Beaumarchais,0.9600,2003,/books/OL32363296M,Le barbier de Séville,,fre,1.0000,9782011687067,Hachette éducation,2003,,11008878,VALID_COVER,347,500,JPEG,data/cache/fr-mass-editorial-engine/covers/FR-OL32363296M.jpeg,NO,NO,166.2000,204.2000,AUTO_ACCEPT,Strong author/title/language match and validated physical cover.,RESERVE
FR,FRENCH_LANGUAGE_CANON,Beaumarchais,1,8,12,/works/OL27304234W,Le mariage de Figaro,"Beaumarchais, ... letterkundige",0.9600,2013,/books/OL37066031M,Le mariage de Figaro,,fre,1.0000,9782081293946,Flammarion,2013,,12637403,VALID_COVER,336,500,JPEG,data/cache/fr-mass-editorial-engine/covers/FR-OL37066031M.jpeg,NO,NO,166.2000,204.2000,AUTO_ACCEPT,Strong author/title/language match and validated physical cover.,RESERVE
FR,FRENCH_LANGUAGE_CANON,Beaumarchais,1,8,12,/works/OL24701663W,Le mariage de Figaro,Pierre-Augustin Caron de Beaumarchais,0.9600,1998,/books/OL37805387M,Le mariage de Figaro,comédie,fre,1.0000,9782035919243,Larousse,2016,,12713036,VALID_COVER,325,500,JPEG,data/cache/fr-mass-editorial-engine/covers/FR-OL37805387M.jpeg,NO,NO,166.2000,204.2000,AUTO_ACCEPT,Strong author/title/language match and validated physical cover.,RESERVE
FR,FRENCH_LANGUAGE_CANON,Beaumarchais,1,8,12,/works/OL9919553W,Le Mariage De Figaro,Pierre Augustin Beaumarchais,0.9600,1999,/books/OL12394318M,Le Mariage De Figaro,,fre,1.0000,9782070410866,European Schoolbooks,"July 2, 1999",,3075864,VALID_COVER,285,475,JPEG,data/cache/fr-mass-editorial-engine/covers/FR-OL12394318M.jpeg,NO,NO,166.2000,204.2000,AUTO_ACCEPT,Strong author/title/language match and validated physical cover.,RESERVE
FR,FRENCH_LANGUAGE_CANON,Gérard de Nerval,1,10,15,/works/OL1254889W,The Chimeras,Gérard de Nerval,1.0000,1966,/books/OL19694450M,Les chimères =,The chimeras,fre,0.9600,0856461253,Anvil,1984,,12985150,VALID_COVER,293,500,JPEG,data/cache/fr-mass-editorial-engine/covers/FR-OL19694450M.jpeg,NO,NO,166.2000,204.2000,AUTO_ACCEPT,Strong author/title/language match and validated physical cover.,RESERVE
FR,FRENCH_LANGUAGE_CANON,Jean de La Bruyère,1,8,12,/works/OL11458601W,Les caractères,Jean de La Bruyère,1.0000,1853,/books/OL21757137M,"Les caractères, ou les moeurs de ce siècle",choix de fragments intégraux,fre,0.9600,2038712158,Larousse,1992,,13264484,VALID_COVER,307,475,JPEG,data/cache/fr-mass-editorial-engine/covers/FR-OL21757137M.jpeg,NO,NO,166.2000,204.2000,AUTO_ACCEPT,Strong author/title/language match and validated physical cover.,RESERVE
FR,FRENCH_LANGUAGE_CANON,Théophile Gautier,1,12,18,/works/OL33732511W,La Morte Amoureuse Avatar Et Autres Recits Fantastiques,Théophile Gautier,1.0000,,/books/OL8838242M,La Morte Amoureuse Avatar Et Autres Recits Fantastiques,,fre,1.0000,9782070373161,Folio,,,967566,VALID_COVER,287,475,JPEG,data/cache/fr-mass-editorial-engine/covers/FR-OL8838242M.jpeg,NO,NO,163.0000,197.0000,AUTO_ACCEPT,Strong author/title/language match and validated physical cover.,RESERVE
FR,FRENCH_LANGUAGE_CANON,Alphonse Daudet,1,12,18,/works/OL942631W,L'immortel,Alphonse Daudet,1.0000,1888,/books/OL17066432M,L'immortel,,fre,1.0000,,E. Flammarion,date of publication not identified,,15116074,VALID_COVER,295,500,JPEG,data/cache/fr-mass-editorial-engine/covers/FR-OL17066432M.jpeg,NO,NO,161.0000,194.0000,AUTO_ACCEPT,Strong author/title/language match and validated physical cover.,RESERVE
FR,FRENCH_LANGUAGE_CANON,Alphonse Daudet,1,12,18,/works/OL942600W,L'obstacle,Alphonse Daudet,1.0000,1891,/books/OL20425138M,L'obstacle,pièce en 4 actes,fre,1.0000,,E. Flammarion,1891,,5992598,VALID_COVER,303,500,JPEG,data/cache/fr-mass-editorial-engine/covers/FR-OL20425138M.jpeg,NO,NO,161.0000,194.0000,AUTO_ACCEPT,Strong author/title/language match and validated physical cover.,RESERVE
FR,FRENCH_LANGUAGE_CANON,Alphonse Daudet,1,12,18,/works/OL942621W,Le petit chose (Histoire d'un enfant),Alphonse Daudet,1.0000,1911,/books/OL23310963M,Le petit chose (Histoire d'un enfant).,Part 1 - Le petit chose en province.  Adapted and edited by S. Tindall.,fre,1.0000,,Macmillan,1911,,6523478,VALID_COVER,314,500,JPEG,data/cache/fr-mass-editorial-engine/covers/FR-OL23310963M.jpeg,NO,NO,161.0000,194.0000,AUTO_ACCEPT,Strong author/title/language match and validated physical cover.,RESERVE
FR,FRENCH_LANGUAGE_CANON,Alphonse Daudet,1,12,18,/works/OL15478748W,Les amoureuses,Alphonse Daudet,1.0000,1876,/books/OL24443543M,Les amoureuses,"poèmes et fantaisies, 1857-1861",fre,1.0000,,G. Charpentier,1876,,7201123,VALID_COVER,310,500,JPEG,data/cache/fr-mass-editorial-engine/covers/FR-OL24443543M.jpeg,NO,NO,161.0000,194.0000,AUTO_ACCEPT,Strong author/title/language match and validated physical cover.,RESERVE
FR,FRENCH_LANGUAGE_CANON,Alphonse de Lamartine,1,10,15,/works/OL75039W,Histoire de la Turquie,Alphonse de Lamartine,1.0000,1854,/books/OL18781134M,Histoire de la Turquie,,fre,1.0000,,Librairie du Constitutionnel,1854,,5987808,VALID_COVER,266,500,JPEG,data/cache/fr-mass-editorial-engine/covers/FR-OL18781134M.jpeg,NO,NO,161.0000,194.0000,AUTO_ACCEPT,Strong author/title/language match and validated physical cover.,RESERVE
FR,FRENCH_LANGUAGE_CANON,Alphonse de Lamartine,1,10,15,/works/OL75061W,Histoire des Girondins,Alphonse de Lamartine,1.0000,1847,/books/OL15130301M,Histoire des Girondins,,fre,1.0000,,"Furne, W. Coquebert",1847,,7047005,VALID_COVER,334,500,JPEG,data/cache/fr-mass-editorial-engine/covers/FR-OL15130301M.jpeg,NO,NO,161.0000,194.0000,AUTO_ACCEPT,Strong author/title/language match and validated physical cover.,RESERVE
FR,FRENCH_LANGUAGE_CANON,Alphonse de Lamartine,1,10,15,/works/OL74998W,History of Turkey,Alphonse de Lamartine,1.0000,1855,/books/OL6953422M,History of Turkey.,,eng | fre,1.0000,,D. Appleton & co.,1855,,5869905,VALID_COVER,325,500,JPEG,data/cache/fr-mass-editorial-engine/covers/FR-OL6953422M.jpeg,NO,NO,161.0000,194.0000,AUTO_ACCEPT,Strong author/title/language match and validated physical cover.,RESERVE
FR,FRENCH_LANGUAGE_CANON,Alphonse de Lamartine,1,10,15,/works/OL17955538W,Jocelyn,Alphonse de Lamartine,1.0000,1960,/books/OL26548315M,Jocelyn,"épisode, journal trouvé chez un curé de village",fre,1.0000,,Garnier frères,1960,,10052958,VALID_COVER,304,500,JPEG,data/cache/fr-mass-editorial-engine/covers/FR-OL26548315M.jpeg,NO,NO,161.0000,194.0000,AUTO_ACCEPT,Strong author/title/language match and validated physical cover.,RESERVE
FR,FRENCH_LANGUAGE_CANON,Alphonse de Lamartine,1,10,15,/works/OL75064W,"Jocelyn, épisode",Alphonse de Lamartine,1.0000,1862,/books/OL23307400M,"Jocelyn, épisode",journal trouvé chez un curé de village.,fre,1.0000,,Hachette,1895,,6521037,VALID_COVER,301,500,JPEG,data/cache/fr-mass-editorial-engine/covers/FR-OL23307400M.jpeg,NO,NO,161.0000,194.0000,AUTO_ACCEPT,Strong author/title/language match and validated physical cover.,RESERVE
FR,FRENCH_LANGUAGE_CANON,Anatole France,1,15,22,/works/OL989313W,La rôtisserie de la reine Pédauque,Anatole France,1.0000,1899,/books/OL24146519M,La rôtisserie de la reine Pédauque.,,fre,1.0000,,Calmann-Lévy,1922,,6324710,VALID_COVER,302,500,JPEG,data/cache/fr-mass-editorial-engine/covers/FR-OL24146519M.jpeg,NO,NO,161.0000,194.0000,AUTO_ACCEPT,Strong author/title/language match and validated physical cover.,RESERVE
FR,FRENCH_LANGUAGE_CANON,Anatole France,1,15,22,/works/OL989278W,La vie en fleur,Anatole France,1.0000,1922,/books/OL6647508M,La vie en fleur.,,fre,1.0000,,Calmann-Lévy,1922,,5848903,VALID_COVER,315,500,JPEG,data/cache/fr-mass-editorial-engine/covers/FR-OL6647508M.jpeg,NO,NO,161.0000,194.0000,AUTO_ACCEPT,Strong author/title/language match and validated physical cover.,RESERVE
FR,FRENCH_LANGUAGE_CANON,Anatole France,1,15,22,/works/OL989280W,Le jardin d'Épicure,Anatole France,1.0000,1900,/books/OL14018866M,Le jardin d'épicure.,,fre,1.0000,,Calmann,uuuu,,5785048,VALID_COVER,279,500,JPEG,data/cache/fr-mass-editorial-engine/covers/FR-OL14018866M.jpeg,NO,NO,161.0000,194.0000,AUTO_ACCEPT,Strong author/title/language match and validated physical cover.,RESERVE
FR,FRENCH_LANGUAGE_CANON,Anatole France,1,15,22,/works/OL15843751W,Le livre de mon ami,Anatole France,1.0000,1885,/books/OL6747367M,Le livre de mon ami,le livre de Pierre; le livre de Suzanne,fre,1.0000,,D.C. Heath and Company,1930,,9310272,VALID_COVER,304,500,JPEG,data/cache/fr-mass-editorial-engine/covers/FR-OL6747367M.jpeg,NO,NO,161.0000,194.0000,AUTO_ACCEPT,Strong author/title/language match and validated physical cover.,RESERVE
FR,FRENCH_LANGUAGE_CANON,Anatole France,1,15,22,/works/OL989331W,Le lys rouge,Anatole France,1.0000,1894,/books/OL23310736M,Le lys rouge.,,fre,1.0000,,Calmann-Lévy,1906,,5754239,VALID_COVER,322,500,JPEG,data/cache/fr-mass-editorial-engine/covers/FR-OL23310736M.jpeg,NO,NO,161.0000,194.0000,AUTO_ACCEPT,Strong author/title/language match and validated physical cover.,RESERVE
FR,FRENCH_LANGUAGE_CANON,Anatole France,1,15,22,/works/OL989322W,Le mannequin d'osier,Anatole France,1.0000,1890,/books/OL24192562M,Le mannequin d'osier.,,fre,1.0000,,C. Lévy,1890,,6370898,VALID_COVER,304,500,JPEG,data/cache/fr-mass-editorial-engine/covers/FR-OL24192562M.jpeg,NO,NO,161.0000,194.0000,AUTO_ACCEPT,Strong author/title/language match and validated physical cover.,RESERVE
FR,FRENCH_LANGUAGE_CANON,Anatole France,1,15,22,/works/OL989304W,Le petit Pierre,Anatole France,1.0000,1918,/books/OL23310971M,Le petit pierre.,,fre,1.0000,,Calmann-Lévy,1918,,6523581,VALID_COVER,312,500,JPEG,data/cache/fr-mass-editorial-engine/covers/FR-OL23310971M.jpeg,NO,NO,161.0000,194.0000,AUTO_ACCEPT,Strong author/title/language match and validated physical cover.,RESERVE
FR,FRENCH_LANGUAGE_CANON,Charles Baudelaire,1,14,20,/works/OL1159119W,Curiosités esthétiques,Charles Baudelaire,1.0000,1885,/books/OL24141159M,Curiosités esthétiques,"notice, notes et éclairissements",fre,1.0000,,L. Conard,1921,,6320612,VALID_COVER,309,500,JPEG,data/cache/fr-mass-editorial-engine/covers/FR-OL24141159M.jpeg,NO,NO,161.0000,194.0000,AUTO_ACCEPT,Strong author/title/language match and validated physical cover.,RESERVE
FR,FRENCH_LANGUAGE_CANON,Charles Baudelaire,1,14,20,/works/OL24820606W,Curiosités esthétiques,Charles Baudelaire,1.0000,1962,/books/OL32984448M,Curiosités esthétiques,L'art romantique et autres oeuvres critiques,fre,1.0000,,Garnier,1962,,11613520,VALID_COVER,299,500,JPEG,data/cache/fr-mass-editorial-engine/covers/FR-OL32984448M.jpeg,NO,NO,161.0000,194.0000,AUTO_ACCEPT,Strong author/title/language match and validated physical cover.,RESERVE
FR,FRENCH_LANGUAGE_CANON,Charles Baudelaire,1,14,20,/works/OL1158867W,De l'amour,Charles Baudelaire,1.0000,1919,/books/OL24160824M,De l'amour,,fre,1.0000,,Société anonyme d'édition et de librairie,1919,,6339098,VALID_COVER,299,500,JPEG,data/cache/fr-mass-editorial-engine/covers/FR-OL24160824M.jpeg,NO,NO,161.0000,194.0000,AUTO_ACCEPT,Strong author/title/language match and validated physical cover.,RESERVE
FR,FRENCH_LANGUAGE_CANON,Charles Baudelaire,1,14,20,/works/OL1159089W,"Lettres, 1841-1866",Charles Baudelaire,1.0000,1906,/books/OL19345294M,"Lettres, 1841-1866.",,fre,1.0000,,Société dv Mercvre de France,1907,,5794452,VALID_COVER,288,500,JPEG,data/cache/fr-mass-editorial-engine/covers/FR-OL19345294M.jpeg,NO,NO,161.0000,194.0000,AUTO_ACCEPT,Strong author/title/language match and validated physical cover.,RESERVE
FR,FRENCH_LANGUAGE_CANON,Charles Baudelaire,1,14,20,/works/OL1159103W,Lettres inédites aux siens,Charles Baudelaire,1.0000,1966,/books/OL5577545M,Lettres inédites aux siens,,fre,1.0000,,Grasset,1966,,10593900,VALID_COVER,288,500,JPEG,data/cache/fr-mass-editorial-engine/covers/FR-OL5577545M.jpeg,NO,NO,161.0000,194.0000,AUTO_ACCEPT,Strong author/title/language match and validated physical cover.,RESERVE
FR,FRENCH_LANGUAGE_CANON,Denis Diderot,1,18,26,/works/OL74826W,Le neveu de Rameau,Denis Diderot,1.0000,1862,/books/OL6615433M,Le neveu de Rameau,,fre,1.0000,,Librairie des bibliophiles,1875,,8245252,VALID_COVER,303,500,JPEG,data/cache/fr-mass-editorial-engine/covers/FR-OL6615433M.jpeg,NO,NO,161.0000,194.0000,AUTO_ACCEPT,Strong author/title/language match and validated physical cover.,RESERVE
FR,FRENCH_LANGUAGE_CANON,Denis Diderot,1,18,26,/works/OL24839819W,Lettres à Sophie Volland,Denis Diderot,1.0000,1950,/books/OL33013693M,Lettres à Sophie Volland,,fre,1.0000,,Gallimard,1950,,11670495,VALID_COVER,345,500,JPEG,data/cache/fr-mass-editorial-engine/covers/FR-OL33013693M.jpeg,NO,NO,161.0000,194.0000,AUTO_ACCEPT,Strong author/title/language match and validated physical cover.,RESERVE
FR,FRENCH_LANGUAGE_CANON,Edmond Rostand,1,8,12,/works/OL15889539W,"Les livres de la guerre, août 1914, août 1916 \",Edmond Rostand,1.0000,1916,/books/OL6613030M,"Les livres de la guerre, août 1914, août 1916",,fre,1.0000,,Agence générale de librairie et de publications,1916,,6737865,VALID_COVER,300,500,JPEG,data/cache/fr-mass-editorial-engine/covers/FR-OL6613030M.jpeg,NO,NO,161.0000,194.0000,AUTO_ACCEPT,Strong author/title/language match and validated physical cover.,RESERVE
FR,FRENCH_LANGUAGE_CANON,Edmond Rostand,1,8,12,/works/OL551662W,Les musardises,Edmond Rostand,1.0000,1911,/books/OL24164718M,Les musardises,"Edition nouvelle, 1887-1893.",fre,1.0000,,E. Fasquelle,1911,,6342944,VALID_COVER,307,500,JPEG,data/cache/fr-mass-editorial-engine/covers/FR-OL24164718M.jpeg,NO,NO,161.0000,194.0000,AUTO_ACCEPT,Strong author/title/language match and validated physical cover.,RESERVE
FR,FRENCH_LANGUAGE_CANON,Edmond Rostand,1,8,12,/works/OL551665W,Les romanesques,Edmond Rostand,1.0000,1899,/books/OL6926594M,Les romanesques,"comédie en trois actes, en vers",fre | eng,1.0000,,Ginn & Company,1903,,9605709,VALID_COVER,350,500,JPEG,data/cache/fr-mass-editorial-engine/covers/FR-OL6926594M.jpeg,NO,NO,161.0000,194.0000,AUTO_ACCEPT,Strong author/title/language match and validated physical cover.,RESERVE
FR,FRENCH_LANGUAGE_CANON,Edmond Rostand,1,8,12,/works/OL15700333W,Matinée de Cyrano de Bergerac du 3 mars 1898,Edmond Rostand,1.0000,1898,/books/OL24808456M,Matinée de Cyrano de Bergerac du 3 mars 1898,,fre,1.0000,,Impr. A. Lahure,1898,,6847111,VALID_COVER,296,500,JPEG,data/cache/fr-mass-editorial-engine/covers/FR-OL24808456M.jpeg,NO,NO,161.0000,194.0000,AUTO_ACCEPT,Strong author/title/language match and validated physical cover.,RESERVE
FR,FRENCH_LANGUAGE_CANON,François-René de Chateaubriand,1,15,22,/works/OL230945W,"Génie du christianisme, ou beautés de la religion chrétienne",François-René de Chateaubriand,1.0000,1803,/books/OL24131190M,"Génie du christianisme, ou beautés de la religion chrétienne",,fre,1.0000,,L'imprimerie de Ballanche,1809,,6312029,VALID_COVER,292,500,JPEG,data/cache/fr-mass-editorial-engine/covers/FR-OL24131190M.jpeg,NO,NO,161.0000,194.0000,AUTO_ACCEPT,Strong author/title/language match and validated physical cover.,RESERVE
FR,FRENCH_LANGUAGE_CANON,François-René de Chateaubriand,1,15,22,/works/OL230908W,Génie du christianisme ; ou Beautés de la religion chretienne,François-René de Chateaubriand,1.0000,1804,/books/OL24135926M,Génie du christianisme ; ou Beautés de la religion chretienne.,,fre,1.0000,,Imprimerie de Ballanche,1804,,6316672,VALID_COVER,284,500,JPEG,data/cache/fr-mass-editorial-engine/covers/FR-OL24135926M.jpeg,NO,NO,161.0000,194.0000,AUTO_ACCEPT,Strong author/title/language match and validated physical cover.,RESERVE
FR,FRENCH_LANGUAGE_CANON,François-René de Chateaubriand,1,15,22,/works/OL230960W,Itinéraire de Paris à Jérusalem,François-René de Chateaubriand,1.0000,1856,/books/OL22883794M,Itinéraire de Paris à Jérusalem.,Précédé d'une étude par A. de Pontmartin.,fre,1.0000,,C. Lévy,1881,,6041063,VALID_COVER,311,500,JPEG,data/cache/fr-mass-editorial-engine/covers/FR-OL22883794M.jpeg,NO,NO,161.0000,194.0000,AUTO_ACCEPT,Strong author/title/language match and validated physical cover.,RESERVE
FR,FRENCH_LANGUAGE_CANON,François-René de Chateaubriand,1,15,22,/works/OL230955W,Les aventures du dernier Abencerage,François-René de Chateaubriand,1.0000,1903,/books/OL23311179M,Les aventures du dernier Abencerage.,Les Martyrs (extraits).,fre,1.0000,,Librairie de la Bibliothèque nationale,1903,,6523888,VALID_COVER,286,500,JPEG,data/cache/fr-mass-editorial-engine/covers/FR-OL23311179M.jpeg,NO,NO,161.0000,194.0000,AUTO_ACCEPT,Strong author/title/language match and validated physical cover.,RESERVE
FR,FRENCH_LANGUAGE_CANON,François-René de Chateaubriand,1,15,22,/works/OL230961W,Les martyrs,François-René de Chateaubriand,1.0000,1800,/books/OL23311546M,Les martyrs,,fre,1.0000,,A. Mame,1867,,5754231,VALID_COVER,286,500,JPEG,data/cache/fr-mass-editorial-engine/covers/FR-OL23311546M.jpeg,NO,NO,161.0000,194.0000,AUTO_ACCEPT,Strong author/title/language match and validated physical cover.,RESERVE
FR,FRENCH_LANGUAGE_CANON,François-René de Chateaubriand,1,15,22,/works/OL12849026W,Les Martyrs,François-René de Chateaubriand,1.0000,1864,/books/OL19677093M,Les Martyrs,,fre,1.0000,,Flammarion,1948,,15003366,VALID_COVER,303,500,JPEG,data/cache/fr-mass-editorial-engine/covers/FR-OL19677093M.jpeg,NO,NO,161.0000,194.0000,AUTO_ACCEPT,Strong author/title/language match and validated physical cover.,RESERVE
FR,FRENCH_LANGUAGE_CANON,François-René de Chateaubriand,1,15,22,/works/OL230959W,Les Natchez,François-René de Chateaubriand,1.0000,1838,/books/OL23311605M,Les Natchez.,Précédés d'un essai sur Chateaubriand par Le Prince Albert de Broglie.,fre,1.0000,,C. Levy,1885,,5754203,VALID_COVER,301,500,JPEG,data/cache/fr-mass-editorial-engine/covers/FR-OL23311605M.jpeg,NO,NO,161.0000,194.0000,AUTO_ACCEPT,Strong author/title/language match and validated physical cover.,RESERVE
FR,FRENCH_LANGUAGE_CANON,George Sand,1,20,30,/works/OL981890W,Journal d'un voyageur pendant la guerre,George Sand,1.0000,1871,/books/OL6549326M,Journal d'un voyageur pendant la guerre,,fre,1.0000,,Michel Lévy frères [etc.],1871,,5825196,VALID_COVER,316,500,JPEG,data/cache/fr-mass-editorial-engine/covers/FR-OL6549326M.jpeg,NO,NO,161.0000,194.0000,AUTO_ACCEPT,Strong author/title/language match and validated physical cover.,RESERVE
FR,FRENCH_LANGUAGE_CANON,George Sand,1,20,30,/works/OL981982W,La comtesse de Rudolstadt,George Sand,1.0000,1844,/books/OL6549560M,La Comtesse de Rudolstadt,,fre,1.0000,,Charpentier,1845,,5825252,VALID_COVER,290,500,JPEG,data/cache/fr-mass-editorial-engine/covers/FR-OL6549560M.jpeg,NO,NO,161.0000,194.0000,AUTO_ACCEPT,Strong author/title/language match and validated physical cover.,RESERVE
FR,FRENCH_LANGUAGE_CANON,George Sand,1,20,30,/works/OL981956W,La famille de Germandre,George Sand,1.0000,1877,/books/OL6552461M,La famille de Germandre,,fre,1.0000,,Ginn & Company,1892,,7056513,VALID_COVER,321,500,JPEG,data/cache/fr-mass-editorial-engine/covers/FR-OL6552461M.jpeg,NO,NO,161.0000,194.0000,AUTO_ACCEPT,Strong author/title/language match and validated physical cover.,RESERVE
FR,FRENCH_LANGUAGE_CANON,George Sand,1,20,30,/works/OL24532963W,La mare au diable,George Sand,1.0000,1893,/books/OL33182751M,La Mare au Diable,,fre,1.0000,,Lévy,1893,,11889947,VALID_COVER,282,500,JPEG,data/cache/fr-mass-editorial-engine/covers/FR-OL33182751M.jpeg,NO,NO,161.0000,194.0000,AUTO_ACCEPT,Strong author/title/language match and validated physical cover.,RESERVE
FR,FRENCH_LANGUAGE_CANON,George Sand,1,20,30,/works/OL981991W,La ville noire,George Sand,1.0000,1861,/books/OL4312814M,La Ville noire,,fre,1.0000,,Éditions d'Aujourd'hui,1976,,10776312,VALID_COVER,325,500,JPEG,data/cache/fr-mass-editorial-engine/covers/FR-OL4312814M.jpeg,NO,NO,161.0000,194.0000,AUTO_ACCEPT,Strong author/title/language match and validated physical cover.,RESERVE
FR,FRENCH_LANGUAGE_CANON,George Sand,1,20,30,/works/OL981984W,Mademoiselle La Quintinie,George Sand,1.0000,1863,/books/OL23317390M,Mademoiselle La Quintinie,,fre | eng,1.0000,,Slatkine Reprints,1979,,14921173,VALID_COVER,294,500,JPEG,data/cache/fr-mass-editorial-engine/covers/FR-OL23317390M.jpeg,NO,NO,161.0000,194.0000,AUTO_ACCEPT,Strong author/title/language match and validated physical cover.,RESERVE
FR,FRENCH_LANGUAGE_CANON,George Sand,1,20,30,/works/OL15874347W,Mademoiselle Merquem,George Sand,1.0000,1868,/books/OL24782869M,Mademoiselle Merquem,,fre | eng,1.0000,,Calmann Lévy,1888,,6836938,VALID_COVER,289,500,JPEG,data/cache/fr-mass-editorial-engine/covers/FR-OL24782869M.jpeg,NO,NO,161.0000,194.0000,AUTO_ACCEPT,Strong author/title/language match and validated physical cover.,RESERVE
FR,FRENCH_LANGUAGE_CANON,George Sand,1,20,30,/works/OL982017W,Mauprat,George Sand,1.0000,1857,/books/OL24234614M,Mauprat,,eng | fre,1.0000,,P. F. Collier,1902,,15147958,VALID_COVER,322,500,JPEG,data/cache/fr-mass-editorial-engine/covers/FR-OL24234614M.jpeg,NO,NO,161.0000,194.0000,AUTO_ACCEPT,Strong author/title/language match and validated physical cover.,RESERVE
FR,FRENCH_LANGUAGE_CANON,Gérard de Nerval,1,10,15,/works/OL1254890W,Contes et facéties,Gérard de Nerval,1.0000,1852,/books/OL6546130M,Contes et facéties,,fre,1.0000,,D. Giraud et J. Dagneau,1852,,5824305,VALID_COVER,292,500,JPEG,data/cache/fr-mass-editorial-engine/covers/FR-OL6546130M.jpeg,NO,NO,161.0000,194.0000,AUTO_ACCEPT,Strong author/title/language match and validated physical cover.,RESERVE
FR,FRENCH_LANGUAGE_CANON,Gérard de Nerval,1,10,15,/works/OL1254837W,Correspondance (1830-1855),Gérard de Nerval,1.0000,1911,/books/OL24195106M,Correspondance (1830-1855),,fre,1.0000,,Mercure de France,1911,,6373910,VALID_COVER,288,500,JPEG,data/cache/fr-mass-editorial-engine/covers/FR-OL24195106M.jpeg,NO,NO,161.0000,194.0000,AUTO_ACCEPT,Strong author/title/language match and validated physical cover.,RESERVE
FR,FRENCH_LANGUAGE_CANON,Gérard de Nerval,1,10,15,/works/OL1254900W,De Paris à Cythère,Gérard de Nerval,1.0000,1920,/books/OL6759764M,De Paris à Cythère,,fre,1.0000,,Bossard,1920,,6374596,VALID_COVER,347,500,JPEG,data/cache/fr-mass-editorial-engine/covers/FR-OL6759764M.jpeg,NO,NO,161.0000,194.0000,AUTO_ACCEPT,Strong author/title/language match and validated physical cover.,RESERVE
FR,FRENCH_LANGUAGE_CANON,Gérard de Nerval,1,10,15,/works/OL1254908W,Gérard de Nerval,Gérard de Nerval,1.0000,1905,/books/OL24528630M,Gérard de Nerval,,fre,1.0000,,Mercure de France,1905,,7192961,VALID_COVER,301,500,JPEG,data/cache/fr-mass-editorial-engine/covers/FR-OL24528630M.jpeg,NO,NO,161.0000,194.0000,AUTO_ACCEPT,Strong author/title/language match and validated physical cover.,RESERVE
FR,FRENCH_LANGUAGE_CANON,Jean de La Bruyère,1,8,12,/works/OL15576009W,Caractères,Jean de La Bruyère,1.0000,1907,/books/OL24528532M,Caractères,pages choisies,fre,1.0000,,"J.M. Dent, 1907.",1907,,7174741,VALID_COVER,275,500,JPEG,data/cache/fr-mass-editorial-engine/covers/FR-OL24528532M.jpeg,NO,NO,161.0000,194.0000,AUTO_ACCEPT,Strong author/title/language match and validated physical cover.,RESERVE
FR,FRENCH_LANGUAGE_CANON,Jean de La Bruyère,1,8,12,/works/OL17045639W,Caracteres de Theophraste,Jean de La Bruyère,1.0000,1756,/books/OL25614865M,Caracteres de Theophraste,"Avec les caracteres, ou, Les m¿urs de ce siecle",fre,1.0000,,"Chez Michel-Etienne David, Quai des Augustins, a la Providence, & au roi David",1756,,7287178,VALID_COVER,275,500,JPEG,data/cache/fr-mass-editorial-engine/covers/FR-OL25614865M.jpeg,NO,NO,161.0000,194.0000,AUTO_ACCEPT,Strong author/title/language match and validated physical cover.,RESERVE
FR,FRENCH_LANGUAGE_CANON,Jean de La Bruyère,1,8,12,/works/OL10761596W,Les caracte?res de The?ophraste,Jean de La Bruyère,1.0000,1962,/books/OL14080932M,Les caracte?res de The?ophraste,"traduits du grec, avec Les caracte?res; ou Les m?urs de ce sie?cle. [Texte e?tabli, avec introduction, notes, releve? de variantes, glossaire et index par Robert Garapon.",fre,1.0000,,Garnier fre?res,1962,,9385323,VALID_COVER,299,500,JPEG,data/cache/fr-mass-editorial-engine/covers/FR-OL14080932M.jpeg,NO,NO,161.0000,194.0000,AUTO_ACCEPT,Strong author/title/language match and validated physical cover.,RESERVE
FR,FRENCH_LANGUAGE_CANON,Jean de La Fontaine,1,15,22,/works/OL24938569W,Contes et nouvelles en vers,Jean de La Fontaine,1.0000,1767,/books/OL33149471M,Contes et nouvelles en vers,,fre,1.0000,,Sine nomine,1767,,11854343,VALID_COVER,287,500,JPEG,data/cache/fr-mass-editorial-engine/covers/FR-OL33149471M.jpeg,NO,NO,161.0000,194.0000,AUTO_ACCEPT,Strong author/title/language match and validated physical cover.,RESERVE
FR,FRENCH_LANGUAGE_CANON,Jean de La Fontaine,1,15,22,/works/OL24156479W,Fables,Jean de La Fontaine,1.0000,1883,/books/OL33164312M,Fables,,fre,1.0000,,E. Plon,1883,,11869721,VALID_COVER,301,500,JPEG,data/cache/fr-mass-editorial-engine/covers/FR-OL33164312M.jpeg,NO,NO,161.0000,194.0000,AUTO_ACCEPT,Strong author/title/language match and validated physical cover.,RESERVE
FR,FRENCH_LANGUAGE_CANON,Jean de La Fontaine,1,15,22,/works/OL50351W,Fables causides de La Fontaine en bers gascouns,Jean de La Fontaine,1.0000,1776,/books/OL23299044M,Fables causides de La Fontaine en bers gascouns.,,fre,1.0000,,P.F. Duhard,1776,,6500122,VALID_COVER,312,500,JPEG,data/cache/fr-mass-editorial-engine/covers/FR-OL23299044M.jpeg,NO,NO,161.0000,194.0000,AUTO_ACCEPT,Strong author/title/language match and validated physical cover.,RESERVE
FR,FRENCH_LANGUAGE_CANON,Jean de La Fontaine,1,15,22,/works/OL8408656W,Fables Choisies 1*,Jean de La Fontaine,1.0000,1948,/books/OL25428565M,"Fables choisies, 1",,fre,1.0000,,Larousse,1948,,7259094,VALID_COVER,332,500,JPEG,data/cache/fr-mass-editorial-engine/covers/FR-OL25428565M.jpeg,NO,NO,161.0000,194.0000,AUTO_ACCEPT,Strong author/title/language match and validated physical cover.,RESERVE
FR,FRENCH_LANGUAGE_CANON,Jean de La Fontaine,1,15,22,/works/OL44494871W,Fables de la Fontaine,Jean de La Fontaine | J. J. Grandville,1.0000,1787,/books/OL61544240M,Fables de La Fontaine,,fre | eng,1.0000,,Impr. de Delance,1796,,15232001,VALID_COVER,326,500,JPEG,data/cache/fr-mass-editorial-engine/covers/FR-OL61544240M.jpeg,NO,NO,161.0000,194.0000,AUTO_ACCEPT,Strong author/title/language match and validated physical cover.,RESERVE
FR,FRENCH_LANGUAGE_CANON,Jean de La Fontaine,1,15,22,/works/OL15028813W,"Fables de La Fontaine, pub. par D. Jouaust avec un préf. de Paul Lacroix",Jean de La Fontaine,1.0000,1873,/books/OL24191800M,"Fables de La Fontaine, pub. par D. Jouaust avec un préf. de Paul Lacroix",,fre,1.0000,,Librairie des Bibliophiles,1873,,6370134,VALID_COVER,292,500,JPEG,data/cache/fr-mass-editorial-engine/covers/FR-OL24191800M.jpeg,NO,NO,161.0000,194.0000,AUTO_ACCEPT,Strong author/title/language match and validated physical cover.,RESERVE
FR,FRENCH_LANGUAGE_CANON,Jean de La Fontaine,1,15,22,/works/OL50354W,"Fables, et oeuvres diverses",Jean de La Fontaine,1.0000,1862,/books/OL23299049M,"Fables, et oeuvres diverses.",Avec des notes et une nouv. notice sur sa vie par C.A. Walckenaer.,fre,1.0000,,F. Didot frères,1862,,6500203,VALID_COVER,295,500,JPEG,data/cache/fr-mass-editorial-engine/covers/FR-OL23299049M.jpeg,NO,NO,161.0000,194.0000,AUTO_ACCEPT,Strong author/title/language match and validated physical cover.,RESERVE
FR,FRENCH_LANGUAGE_CANON,Jean-Jacques Rousseau,1,18,26,/works/OL80722W,Le devin du village,Jean-Jacques Rousseau,1.0000,1765,/books/OL24623760M,Le devin du village,intermède,fre,1.0000,,A. Kundig,1922,,7042146,VALID_COVER,330,500,JPEG,data/cache/fr-mass-editorial-engine/covers/FR-OL24623760M.jpeg,NO,NO,161.0000,194.0000,AUTO_ACCEPT,Strong author/title/language match and validated physical cover.,RESERVE
FR,FRENCH_LANGUAGE_CANON,Jean-Jacques Rousseau,1,18,26,/works/OL80739W,Les rêveries du promeneur solitaire,Jean-Jacques Rousseau,1.0000,1782,/books/OL24354832M,Les rêveries du promeneur solitaire,,fre,1.0000,,Librairie des bibliophiles,1882,,8245265,VALID_COVER,284,500,JPEG,data/cache/fr-mass-editorial-engine/covers/FR-OL24354832M.jpeg,NO,NO,161.0000,194.0000,AUTO_ACCEPT,Strong author/title/language match and validated physical cover.,RESERVE
FR,FRENCH_LANGUAGE_CANON,Jean-Jacques Rousseau,1,18,26,/works/OL80695W,Lettre à d'Alembert sur les spectacles,Jean-Jacques Rousseau,1.0000,1889,/books/OL24609086M,Lettre à d'Alembert sur les spectacles,"texte revu d'après les anciennes éditions, avec une introd. et des notes",fre,1.0000,,Garnier frères,1889,,6690860,VALID_COVER,286,500,JPEG,data/cache/fr-mass-editorial-engine/covers/FR-OL24609086M.jpeg,NO,NO,161.0000,194.0000,AUTO_ACCEPT,Strong author/title/language match and validated physical cover.,RESERVE
FR,FRENCH_LANGUAGE_CANON,Jean-Jacques Rousseau,1,18,26,/works/OL15717215W,"Lettres de deux amans, habitans d'une petite ville au pied des Alpes",Jean-Jacques Rousseau,1.0000,1761,/books/OL24356220M,"Lettres de deux amans, habitans d'une petite ville au pied des Alpes",Recueillies et publiées,fre,1.0000,,M.M. Rey,1761,,6582033,VALID_COVER,291,500,JPEG,data/cache/fr-mass-editorial-engine/covers/FR-OL24356220M.jpeg,NO,NO,161.0000,194.0000,AUTO_ACCEPT,Strong author/title/language match and validated physical cover.,RESERVE
FR,FRENCH_LANGUAGE_CANON,Joachim du Bellay,1,8,12,/works/OL10340558W,Les amours de Faustine,Joachim Du Bellay,1.0000,1923,/books/OL17872745M,Les amours de Faustine,poésies latines traduites pour la première fois et publiées avec une introd. et des notes par Thierry Sandre.,fre,1.0000,,E. Malfère,1923,,5976662,VALID_COVER,295,500,JPEG,data/cache/fr-mass-editorial-engine/covers/FR-OL17872745M.jpeg,NO,NO,161.0000,194.0000,AUTO_ACCEPT,Strong author/title/language match and validated physical cover.,RESERVE
FR,FRENCH_LANGUAGE_CANON,Joachim du Bellay,1,8,12,/works/OL20655851W,Les regrets,Joachim Du Bellay,1.0000,1942,/books/OL27929973M,Les regrets,suivis des Antiquités de Rome,fre,1.0000,,A. Colin,1958,,9309976,VALID_COVER,301,500,JPEG,data/cache/fr-mass-editorial-engine/covers/FR-OL27929973M.jpeg,NO,NO,161.0000,194.0000,AUTO_ACCEPT,Strong author/title/language match and validated physical cover.,RESERVE
FR,FRENCH_LANGUAGE_CANON,Joachim du Bellay,1,8,12,/works/OL15433669W,Lettres,Joachim Du Bellay,1.0000,1883,/books/OL24401998M,Lettres,,fre,1.0000,,Charaway,1883,,6661555,VALID_COVER,299,500,JPEG,data/cache/fr-mass-editorial-engine/covers/FR-OL24401998M.jpeg,NO,NO,161.0000,194.0000,AUTO_ACCEPT,Strong author/title/language match and validated physical cover.,RESERVE
FR,FRENCH_LANGUAGE_CANON,Molière,1,24,34,/works/OL13554358W,Le misanthrope; comédie,Molière,1.0000,1899,/books/OL23310783M,"Le misanthrope, comédie",Publiée sur les textes originaux avec une préface et des notes par Adolphe Van Bever,fre,1.0000,,Georges Crès & cie.,1923,,6523155,VALID_COVER,325,500,JPEG,data/cache/fr-mass-editorial-engine/covers/FR-OL23310783M.jpeg,NO,NO,161.0000,194.0000,AUTO_ACCEPT,Strong author/title/language match and validated physical cover.,RESERVE
FR,FRENCH_LANGUAGE_CANON,Molière,1,24,34,/works/OL83249W,Les précieuses ridicules,Molière,1.0000,1876,/books/OL19373950M,Les précieuses ridicules,comédie en un acte.  With introd. and notes by G. Eugène Fasnacht.,fre,1.0000,,Macmillan,1908,,5990826,VALID_COVER,328,500,JPEG,data/cache/fr-mass-editorial-engine/covers/FR-OL19373950M.jpeg,NO,NO,161.0000,194.0000,AUTO_ACCEPT,Strong author/title/language match and validated physical cover.,RESERVE
FR,FRENCH_LANGUAGE_CANON,Pierre de Ronsard,1,10,15,/works/OL756575W,Les œuvres de Pierre de Ronsard,Pierre de Ronsard,1.0000,1966,/books/OL5989913M,Les œuvres de Pierre de Ronsard.,Texte de 1587.,fre,1.0000,,Published for Washington University Press by University of Chicago Press,1966,,10262937,VALID_COVER,319,500,JPEG,data/cache/fr-mass-editorial-engine/covers/FR-OL5989913M.jpeg,NO,NO,161.0000,194.0000,AUTO_ACCEPT,Strong author/title/language match and validated physical cover.,RESERVE
FR,FRENCH_LANGUAGE_CANON,Pierre de Ronsard,1,10,15,/works/OL756640W,Livret de Folastries,Pierre de Ronsard,1.0000,1919,/books/OL23315785M,Livret de Folastries.,"Publié sur l'edition originale de 1553 et augm. d'un choix de pièces d'expression satyrique et gauloise tirées des éditions originales, avec une notice et des notes par Ad. van Bever.",fre,1.0000,,Mercure de France,1919,,6532338,VALID_COVER,304,500,JPEG,data/cache/fr-mass-editorial-engine/covers/FR-OL23315785M.jpeg,NO,NO,161.0000,194.0000,AUTO_ACCEPT,Strong author/title/language match and validated physical cover.,RESERVE
FR,FRENCH_LANGUAGE_CANON,Stendhal,1,14,20,/works/OL733636W,Lucien Leuwen,Stendhal,1.0000,1894,/books/OL23316476M,Lucien Leuwen,"ou, L'amarante et le noir [par] Stendhal. PREMIÈRE PARTIE. Oeuvre posthume reconstituée par Jean de Mitty, ornée de bois desinés et gravés par Maximilien Vox.",fre,1.0000,,"[Le Livre""]",1923,,6533471,VALID_COVER,358,500,JPEG,data/cache/fr-mass-editorial-engine/covers/FR-OL23316476M.jpeg,NO,NO,161.0000,194.0000,AUTO_ACCEPT,Strong author/title/language match and validated physical cover.,RESERVE
FR,FRENCH_LANGUAGE_CANON,Théophile Gautier,1,12,18,/works/OL14876947W,Correspondance générale,Théophile Gautier,1.0000,1985,/books/OL2750142M,Correspondance générale,,fre,1.0000,,Droz,1985,,9462442,VALID_COVER,322,500,JPEG,data/cache/fr-mass-editorial-engine/covers/FR-OL2750142M.jpeg,NO,NO,161.0000,194.0000,AUTO_ACCEPT,Strong author/title/language match and validated physical cover.,RESERVE
FR,FRENCH_LANGUAGE_CANON,Théophile Gautier,1,12,18,/works/OL10069W,Émaux et camées,Théophile Gautier,1.0000,1858,/books/OL23317994M,Émaux et camées.,Éd. ornée de cent dix aquarelles par Henri Caruchet.,fre,1.0000,,G. Charpentier et E. Fasquelle,1895,,6537527,VALID_COVER,315,500,JPEG,data/cache/fr-mass-editorial-engine/covers/FR-OL23317994M.jpeg,NO,NO,161.0000,194.0000,AUTO_ACCEPT,Strong author/title/language match and validated physical cover.,RESERVE
FR,FRENCH_LANGUAGE_CANON,Théophile Gautier,1,12,18,/works/OL17775156W,Emaux et camées,Théophile Gautier,1.0000,1881,/books/OL24164214M,Emaux et camées,,fre,1.0000,,G. Charpentier,1881,,6342470,VALID_COVER,301,500,JPEG,data/cache/fr-mass-editorial-engine/covers/FR-OL24164214M.jpeg,NO,NO,161.0000,194.0000,AUTO_ACCEPT,Strong author/title/language match and validated physical cover.,RESERVE
FR,FRENCH_LANGUAGE_CANON,Théophile Gautier,1,12,18,/works/OL16907949W,Émaux et camées,Théophile Gautier,1.0000,1888,/books/OL25527352M,Émaux et camées,Éd. définitive,fre,1.0000,,G. Charpentier,1888,,9511281,VALID_COVER,355,500,JPEG,data/cache/fr-mass-editorial-engine/covers/FR-OL25527352M.jpeg,NO,NO,161.0000,194.0000,AUTO_ACCEPT,Strong author/title/language match and validated physical cover.,RESERVE
FR,FRENCH_LANGUAGE_CANON,Théophile Gautier,1,12,18,/works/OL10041W,Gentle enchanter,Théophile Gautier,1.0000,1960,/books/OL5532691M,Gentle enchanter,thirty-four poems.,eng | fre,1.0000,,R. Hart-Davis,1960,,10365429,VALID_COVER,310,500,JPEG,data/cache/fr-mass-editorial-engine/covers/FR-OL5532691M.jpeg,NO,NO,161.0000,194.0000,AUTO_ACCEPT,Strong author/title/language match and validated physical cover.,RESERVE
FR,GRAPHIC,André Franquin,1,20,30,/works/OL13470106W,Le gang des gaffeurs,André Franquin,1.0000,1974,/books/OL25544757M,Le gang des gaffeurs,,fre,1.0000,9782800137421,Dupuis,2005,,9995229,VALID_COVER,353,500,JPEG,data/cache/fr-mass-editorial-engine/covers/FR-OL25544757M.jpeg,NO,NO,167.0000,205.0000,AUTO_ACCEPT,Strong author/title/language match and validated physical cover.,RESERVE
FR,GRAPHIC,André Franquin,1,20,30,/works/OL15723428W,Marsupilami,André Franquin,1.0000,1997,/books/OL12651494M,Marsupilami,Le pollen du Monte Urticando,fre,1.0000,9782908462135,Marsu productions,"July 11, 2002",,3160325,VALID_COVER,352,475,JPEG,data/cache/fr-mass-editorial-engine/covers/FR-OL12651494M.jpeg,NO,NO,167.0000,205.0000,AUTO_ACCEPT,Strong author/title/language match and validated physical cover.,RESERVE
FR,GRAPHIC,André Franquin,1,20,30,/works/OL15723423W,Marsupilami,André Franquin | Albert Jané i Riera,1.0000,1997,/books/OL12651492M,Marsupilami,Le Bébé du bout du monde,fre,1.0000,9782908462104,Marsu productions,"January 8, 1997",,14488557,VALID_COVER,366,500,JPEG,data/cache/fr-mass-editorial-engine/covers/FR-OL12651492M.jpeg,NO,NO,167.0000,205.0000,AUTO_ACCEPT,Strong author/title/language match and validated physical cover.,RESERVE
FR,GRAPHIC,André Franquin,1,20,30,/works/OL24288966W,Non! Je ne m'énerve pas!!,André Franquin,1.0000,1989,/books/OL32129453M,Non! Je ne m'énerve pas!!,,fre,1.0000,9782803501762,Ed. du Lombard,1989,,10791655,VALID_COVER,339,500,JPEG,data/cache/fr-mass-editorial-engine/covers/FR-OL32129453M.jpeg,NO,NO,167.0000,205.0000,AUTO_ACCEPT,Strong author/title/language match and validated physical cover.,RESERVE
FR,GRAPHIC,André Franquin,1,20,30,/works/OL2888016W,"Spirou et Fantasio, tome 11",André Franquin,1.0000,1982,/books/OL8940341M,"Spirou et Fantasio, tome 11",Le Gorille a bonne mine,fre,1.0000,9782800100135,Dupuis,"April 1, 1986",,987023,VALID_COVER,345,475,JPEG,data/cache/fr-mass-editorial-engine/covers/FR-OL8940341M.jpeg,NO,NO,167.0000,205.0000,AUTO_ACCEPT,Strong author/title/language match and validated physical cover.,RESERVE
FR,GRAPHIC,André Franquin,1,20,30,/works/OL2888026W,"Spirou Hors-Série, tome 1",André Franquin,1.0000,1989,/books/OL8940451M,"Spirou Hors-Série, tome 1",L'Héritage,fre,1.0000,9782800116303,Dupuis,"January 11, 1989",,987119,VALID_COVER,347,475,JPEG,data/cache/fr-mass-editorial-engine/covers/FR-OL8940451M.jpeg,NO,NO,167.0000,205.0000,AUTO_ACCEPT,Strong author/title/language match and validated physical cover.,RESERVE
FR,GRAPHIC,André Franquin,1,20,30,/works/OL2888027W,"Spirou Hors-Série, tome 2",André Franquin,1.0000,1989,/books/OL8940452M,"Spirou Hors-Série, tome 2",Radar le robot,fre,1.0000,9782800116310,Dupuis,"May 16, 1989",,987120,VALID_COVER,347,475,JPEG,data/cache/fr-mass-editorial-engine/covers/FR-OL8940452M.jpeg,NO,NO,167.0000,205.0000,AUTO_ACCEPT,Strong author/title/language match and validated physical cover.,RESERVE
FR,GRAPHIC,Hergé,1,20,30,/works/OL11360584W,Tintin et le lac aux requins,Hergé,1.0000,1973,/books/OL8863703M,Tintin Et Le Lac Aux Requins,,fre,1.0000,9782203001220,"Editions de Minuit,France","July 1, 1999",,972939,VALID_COVER,345,475,JPEG,data/cache/fr-mass-editorial-engine/covers/FR-OL8863703M.jpeg,NO,NO,167.0000,205.0000,AUTO_ACCEPT,Strong author/title/language match and validated physical cover.,RESERVE
FR,GRAPHIC,Jacques Tardi,1,18,26,/works/OL3128538W,Tueur de cafards,Jacques Tardi,1.0000,1984,/books/OL2934763M,Tueur de cafards,,fre,1.0000,2203338032,Casterman,1984,,973012,VALID_COVER,353,475,JPEG,data/cache/fr-mass-editorial-engine/covers/FR-OL2934763M.jpeg,NO,NO,167.0000,205.0000,AUTO_ACCEPT,Strong author/title/language match and validated physical cover.,RESERVE
FR,GRAPHIC,Jacques Tardi,1,18,26,/works/OL3128539W,Une gueule de bois en plomb,Jacques Tardi,1.0000,1993,/books/OL8863853M,Une gueule de bois en plomb,,fre,1.0000,9782203348028,Casterman,"May 4, 1993",,973055,VALID_COVER,308,475,JPEG,data/cache/fr-mass-editorial-engine/covers/FR-OL8863853M.jpeg,NO,NO,167.0000,205.0000,AUTO_ACCEPT,Strong author/title/language match and validated physical cover.,RESERVE
FR,GRAPHIC,Jean Giraud,1,18,26,/works/OL19064929W,The Long Tomorrow,Jean Giraud | Dan O'Bannon,1.0000,2012,/books/OL26720926M,The Long Tomorrow,,fre,1.0000,9782731673845,Les Humanoïdes Associés,"Apr 02, 2012",,8379109,VALID_COVER,366,500,JPEG,data/cache/fr-mass-editorial-engine/covers/FR-OL26720926M.jpeg,NO,NO,167.0000,205.0000,AUTO_ACCEPT,Strong author/title/language match and validated physical cover.,RESERVE
FR,GRAPHIC,Jean Van Hamme,1,20,30,/works/OL27299860W,"Thorgal, tome 11",Grzegorz Rosiński | Jean Van Hamme,1.0000,1996,/books/OL8940826M,"Thorgal, tome 11",Les Yeux de Tanatloc,fre,1.0000,9782803605767,Le Lombard,"June 7, 1996",,987389,VALID_COVER,370,500,JPEG,data/cache/fr-mass-editorial-engine/covers/FR-OL8940826M.jpeg,NO,NO,167.0000,205.0000,AUTO_ACCEPT,Strong author/title/language match and validated physical cover.,RESERVE
FR,GRAPHIC,Jean Van Hamme,1,20,30,/works/OL17353312W,"Thorgal, tome 12",Jean Van Hamme | Grzegorz Rosiński,1.0000,1992,/books/OL8940831M,"Thorgal, tome 12",La cité du dieu perdu,fre,1.0000,9782803606399,Le Lombard,"June 7, 1996",,987394,VALID_COVER,366,500,JPEG,data/cache/fr-mass-editorial-engine/covers/FR-OL8940831M.jpeg,NO,NO,167.0000,205.0000,AUTO_ACCEPT,Strong author/title/language match and validated physical cover.,RESERVE
FR,GRAPHIC,Jean Van Hamme,1,20,30,/works/OL17353310W,"Thorgal, tome 13",Jean Van Hamme | Grzegorz Rosiński,1.0000,1992,/books/OL8940833M,"Thorgal, tome 13",Entre Terre et Lumière,fre,1.0000,9782803607136,Le Lombard,"June 7, 1996",,987396,VALID_COVER,359,500,JPEG,data/cache/fr-mass-editorial-engine/covers/FR-OL8940833M.jpeg,NO,NO,167.0000,205.0000,AUTO_ACCEPT,Strong author/title/language match and validated physical cover.,RESERVE
FR,GRAPHIC,Jean Van Hamme,1,20,30,/works/OL17353296W,"Thorgal, tome 16",Jean Van Hamme | Grzegorz Rosiński,1.0000,1994,/books/OL8940840M,"Thorgal, tome 16",Louve,fre,1.0000,9782803608454,Le Lombard,"April 9, 1997",,987402,VALID_COVER,365,500,JPEG,data/cache/fr-mass-editorial-engine/covers/FR-OL8940840M.jpeg,NO,NO,167.0000,205.0000,AUTO_ACCEPT,Strong author/title/language match and validated physical cover.,RESERVE
FR,GRAPHIC,Jean Van Hamme,1,20,30,/works/OL27299861W,"Thorgal, tome 18",Grzegorz Rosiński | Jean Van Hamme,1.0000,1994,/books/OL12608193M,"Thorgal, tome 18",L'Epée de soleil,fre,1.0000,9782803609888,Le Lombard,"September 30, 1997",,3134654,VALID_COVER,366,500,JPEG,data/cache/fr-mass-editorial-engine/covers/FR-OL12608193M.jpeg,NO,NO,167.0000,205.0000,AUTO_ACCEPT,Strong author/title/language match and validated physical cover.,RESERVE
FR,GRAPHIC,Jean Van Hamme,1,20,30,/works/OL19553534W,"Thorgal, tome 19",Grzegorz Rosiński | Jean Van Hamme,1.0000,1995,/books/OL8940848M,"Thorgal, tome 19",La Forteresse invisible,fre,1.0000,9782803610525,Le Lombard,"June 7, 1996",,987408,VALID_COVER,365,500,JPEG,data/cache/fr-mass-editorial-engine/covers/FR-OL8940848M.jpeg,NO,NO,167.0000,205.0000,AUTO_ACCEPT,Strong author/title/language match and validated physical cover.,RESERVE
FR,GRAPHIC,Jean Van Hamme,1,20,30,/works/OL17353303W,"Thorgal, tome 21",Jean Van Hamme | Grzegorz Rosiński,1.0000,1996,/books/OL8940853M,"Thorgal, tome 21",la couronne d'Ogotaï,fre,1.0000,9782803611614,Le Lombard,"June 7, 1996",,987412,VALID_COVER,367,500,JPEG,data/cache/fr-mass-editorial-engine/covers/FR-OL8940853M.jpeg,NO,NO,167.0000,205.0000,AUTO_ACCEPT,Strong author/title/language match and validated physical cover.,RESERVE
FR,GRAPHIC,Jean Van Hamme,1,20,30,/works/OL16977484W,"Thorgal, tome 23",Jean Van Hamme | Grzegorz Rosiński,1.0000,1997,/books/OL8940860M,"Thorgal, tome 23",La Cage,fre,1.0000,9782803612758,Le Lombard,"December 17, 1997",,987420,VALID_COVER,362,500,JPEG,data/cache/fr-mass-editorial-engine/covers/FR-OL8940860M.jpeg,NO,NO,167.0000,205.0000,AUTO_ACCEPT,Strong author/title/language match and validated physical cover.,RESERVE
FR,GRAPHIC,Jean Van Hamme,1,20,30,/works/OL16947332W,"Thorgal, tome 4",Jean Van Hamme | Grzegorz Rosiński,1.0000,1996,/books/OL8940786M,"Thorgal, tome 4",La galère noire,fre,1.0000,9782803600267,Le Lombard,"June 7, 1996",,987351,VALID_COVER,368,500,JPEG,data/cache/fr-mass-editorial-engine/covers/FR-OL8940786M.jpeg,NO,NO,167.0000,205.0000,AUTO_ACCEPT,Strong author/title/language match and validated physical cover.,RESERVE
FR,GRAPHIC,Jean Van Hamme,1,20,30,/works/OL27299859W,"Thorgal, tome 6",Grzegorz Rosiński | Jean Van Hamme,1.0000,1996,/books/OL8940817M,"Thorgal, tome 6",la chute de Brek Zarith,fre,1.0000,9782803604517,Le Lombard,"June 7, 1996",,987382,VALID_COVER,352,475,JPEG,data/cache/fr-mass-editorial-engine/covers/FR-OL8940817M.jpeg,NO,NO,167.0000,205.0000,AUTO_ACCEPT,Strong author/title/language match and validated physical cover.,RESERVE
FR,GRAPHIC,Jean Van Hamme,1,20,30,/works/OL12608465M,Vingt ans après,Jean Van Hamme | Dany,1.0000,2001,/books/OL12608465M,Vingt ans après,,fre,1.0000,9782803615896,Le Lombard,"May 5, 2001",,3134913,VALID_COVER,359,475,JPEG,data/cache/fr-mass-editorial-engine/covers/FR-OL12608465M.jpeg,NO,NO,167.0000,205.0000,AUTO_ACCEPT,Strong author/title/language match and validated physical cover.,RESERVE
FR,GRAPHIC,Jean Van Hamme,1,20,30,/works/OL24860289W,Western,Jean Van Hamme,1.0000,2001,/books/OL12608510M,Western,,fre,1.0000,9782803616626,Le Lombard,"May 5, 2001",,3134955,VALID_COVER,368,500,JPEG,data/cache/fr-mass-editorial-engine/covers/FR-OL12608510M.jpeg,NO,NO,167.0000,205.0000,AUTO_ACCEPT,Strong author/title/language match and validated physical cover.,RESERVE
FR,GRAPHIC,Joann Sfar,1,16,24,/works/OL5736834W,Petit Vampire et la Soupe de caca,Joann Sfar,1.0000,2003,/books/OL12611740M,Petit Vampire et la Soupe de caca,,fre,1.0000,9782840558286,Delcourt Jeunesse,"April 11, 2003",,3136478,VALID_COVER,356,475,JPEG,data/cache/fr-mass-editorial-engine/covers/FR-OL12611740M.jpeg,NO,NO,167.0000,205.0000,AUTO_ACCEPT,Strong author/title/language match and validated physical cover.,RESERVE
FR,GRAPHIC,Joann Sfar,1,16,24,/works/OL5736836W,"Petit vampire, tome 3",Joann Sfar,1.0000,2001,/books/OL12611668M,"Petit vampire, tome 3",Petit vampire et la société protectrice des chiens,fre,1.0000,9782840556435,Delcourt,"June 1, 2001",,3136418,VALID_COVER,342,475,JPEG,data/cache/fr-mass-editorial-engine/covers/FR-OL12611668M.jpeg,NO,NO,167.0000,205.0000,AUTO_ACCEPT,Strong author/title/language match and validated physical cover.,RESERVE
FR,GRAPHIC,Joann Sfar,1,16,24,/works/OL5736837W,Petit Vampire va à l'école,Joann Sfar,1.0000,1999,/books/OL12611564M,Petit Vampire va à l'école,,fre,1.0000,9782840554011,Delcourt,"October 15, 1999",,15113298,VALID_COVER,379,500,JPEG,data/cache/fr-mass-editorial-engine/covers/FR-OL12611564M.jpeg,NO,NO,167.0000,205.0000,AUTO_ACCEPT,Strong author/title/language match and validated physical cover.,RESERVE
FR,GRAPHIC,Joann Sfar,1,16,24,/works/OL5736838W,Professeur Bell,Joann Sfar,1.0000,1999,/books/OL8942296M,Professeur Bell,Le Mexicain à deux têtes,fre,1.0000,9782840552574,Delcourt,"April 23, 1999",,12986115,VALID_COVER,352,500,JPEG,data/cache/fr-mass-editorial-engine/covers/FR-OL8942296M.jpeg,NO,NO,167.0000,205.0000,AUTO_ACCEPT,Strong author/title/language match and validated physical cover.,RESERVE
FR,GRAPHIC,Joann Sfar,1,16,24,/works/OL19843985W,Un mariage à part,Joann Sfar,1.0000,2006,/books/OL27033075M,Un mariage à part,,fre,1.0000,9782840557340,Delcourt,2006,,8640566,VALID_COVER,347,500,JPEG,data/cache/fr-mass-editorial-engine/covers/FR-OL27033075M.jpeg,NO,NO,167.0000,205.0000,AUTO_ACCEPT,Strong author/title/language match and validated physical cover.,RESERVE
FR,GRAPHIC,Moebius,1,16,24,/works/OL701079W,Tueur de monde,Moebius,1.0000,1988,/books/OL1824348M,Tueur de monde,,fre,1.0000,2203346817,Casterman,1988,,9754412,VALID_COVER,331,500,JPEG,data/cache/fr-mass-editorial-engine/covers/FR-OL1824348M.jpeg,NO,NO,167.0000,205.0000,AUTO_ACCEPT,Strong author/title/language match and validated physical cover.,RESERVE
FR,GRAPHIC,Moebius,1,16,24,/works/OL4865279W,Venise céleste,Moebius,1.0000,1984,/books/OL2285875M,Venise céleste,,fre,1.0000,2905035013,Ædena,1984,,13882407,VALID_COVER,408,500,JPEG,data/cache/fr-mass-editorial-engine/covers/FR-OL2285875M.jpeg,NO,NO,167.0000,205.0000,AUTO_ACCEPT,Strong author/title/language match and validated physical cover.,RESERVE
FR,HISTORY_SOCIETY,Alain Corbin,1,10,15,/works/OL1856821W,L' homme dans le paysage,Alain Corbin,1.0000,2001,/books/OL3540470M,L' homme dans le paysage,,fre,1.0000,2845970277,Textuel,2001,,2175237,VALID_COVER,363,475,JPEG,data/cache/fr-mass-editorial-engine/covers/FR-OL3540470M.jpeg,NO,NO,167.0000,205.0000,AUTO_ACCEPT,Strong author/title/language match and validated physical cover.,RESERVE
FR,HISTORY_SOCIETY,Alain Corbin,1,10,15,/works/OL18946308W,L'invention du XIXe siècle,Alain Corbin,1.0000,2002,/books/OL16032976M,L' invention du XIXe siècle.,,fre,1.0000,2252033878,Klincksieck,2002,,5316429,VALID_COVER,128,188,JPEG,data/cache/fr-mass-editorial-engine/covers/FR-OL16032976M.jpeg,NO,NO,167.0000,205.0000,AUTO_ACCEPT,Strong author/title/language match and validated physical cover.,RESERVE
FR,HISTORY_SOCIETY,Alain Corbin,1,10,15,/works/OL35669224W,La douceur de l'ombre,Alain Corbin,1.0000,2020,/books/OL48110719M,La douceur de l'ombre,"L'arbre, source d'émotions, de l'Antiquité à nos jours",fre,1.0000,9782081512702,Flammarion,2020,,14341251,VALID_COVER,303,500,JPEG,data/cache/fr-mass-editorial-engine/covers/FR-OL48110719M.jpeg,NO,NO,167.0000,205.0000,AUTO_ACCEPT,Strong author/title/language match and validated physical cover.,RESERVE
FR,HISTORY_SOCIETY,Benjamin Stora,1,12,18,/works/OL15207533W,Imaginaires de guerre,Benjamin Stora,1.0000,1997,/books/OL778309M,Imaginaires de guerre,"Algérie, Viêt-Nam, en France et aux Etats-Unis",fre,1.0000,2707126675,Editions La Découverte,1997,,2159295,VALID_COVER,285,475,JPEG,data/cache/fr-mass-editorial-engine/covers/FR-OL778309M.jpeg,NO,NO,167.0000,205.0000,AUTO_ACCEPT,Strong author/title/language match and validated physical cover.,RESERVE
FR,HISTORY_SOCIETY,Benjamin Stora,1,12,18,/works/OL19597309W,Immigrances,Benjamin Stora,1.0000,2007,/books/OL16347853M,Immigrances,l'immigration en France au XXe siècle,fre,1.0000,9782012372610,Hachette,2007,,13203149,VALID_COVER,332,500,JPEG,data/cache/fr-mass-editorial-engine/covers/FR-OL16347853M.jpeg,NO,NO,167.0000,205.0000,AUTO_ACCEPT,Strong author/title/language match and validated physical cover.,RESERVE
FR,HISTORY_SOCIETY,Benjamin Stora,1,12,18,/works/OL135388W,La dernière génération d'octobre,Benjamin Stora,1.0000,2003,/books/OL19133060M,La dernière génération d'octobre,,fre,1.0000,2234056209,Stock,2003,,13478317,VALID_COVER,314,500,JPEG,data/cache/fr-mass-editorial-engine/covers/FR-OL19133060M.jpeg,NO,NO,167.0000,205.0000,AUTO_ACCEPT,Strong author/title/language match and validated physical cover.,RESERVE
FR,HISTORY_SOCIETY,Emmanuel Le Roy Ladurie,1,12,18,/works/OL982057W,"L' historien, le chiffre et le texte",Emmanuel Le Roy Ladurie,1.0000,1997,/books/OL136753M,"L' historien, le chiffre et le texte",,fre,1.0000,221359810X,Fayard,1997,,2145441,VALID_COVER,314,475,JPEG,data/cache/fr-mass-editorial-engine/covers/FR-OL136753M.jpeg,NO,NO,167.0000,205.0000,AUTO_ACCEPT,Strong author/title/language match and validated physical cover.,RESERVE
FR,HISTORY_SOCIETY,Emmanuel Le Roy Ladurie,1,12,18,/works/OL9549634M,La Conquête de l'eau. L'Avènement de la santé à l'âge industriel,Jean-Pierre Goubert | Emmanuel Le Roy Ladurie,1.0000,1986,/books/OL9549634M,La Conquête de l'eau. L'Avènement de la santé à l'âge industriel,,fre,1.0000,9782010131295,Hachette,"January 1, 1986",,2132078,VALID_COVER,292,475,JPEG,data/cache/fr-mass-editorial-engine/covers/FR-OL9549634M.jpeg,NO,NO,167.0000,205.0000,AUTO_ACCEPT,Strong author/title/language match and validated physical cover.,RESERVE
FR,HISTORY_SOCIETY,Georges Duby,1,14,20,/works/OL18003888W,Histoire de la France urbaine,Georges Duby,1.0000,1980,/books/OL21756279M,Histoire de la France urbaine,Tome 4: la ville de l'âge industriel,fre,1.0000,2020055910,Seuil,1985,,9698451,VALID_COVER,388,500,JPEG,data/cache/fr-mass-editorial-engine/covers/FR-OL21756279M.jpeg,NO,NO,167.0000,205.0000,AUTO_ACCEPT,Strong author/title/language match and validated physical cover.,RESERVE
FR,HISTORY_SOCIETY,Georges Duby,1,14,20,/works/OL18001681W,"Histoire de la vie privée, t. 5",Philippe Ariès | Georges Duby,1.0000,1985,/books/OL2767401M,"Histoire de la vie privée, t. 5",De la Première Guerre mondiale à nos jours,fre,1.0000,2020089874,Seuil,1985,,4180517,VALID_COVER,128,160,JPEG,data/cache/fr-mass-editorial-engine/covers/FR-OL2767401M.jpeg,NO,NO,167.0000,205.0000,AUTO_ACCEPT,Strong author/title/language match and validated physical cover.,RESERVE
FR,HISTORY_SOCIETY,Georges Duby,1,14,20,/works/OL1889040W,Hommes et structures du Moyen Age,Georges Duby,1.0000,1973,/books/OL12399942M,Hommes et structures du Moyen Age,,fre,1.0000,9782080811813,Flammarion,"June 19, 1998",,3080933,VALID_COVER,287,475,JPEG,data/cache/fr-mass-editorial-engine/covers/FR-OL12399942M.jpeg,NO,NO,167.0000,205.0000,AUTO_ACCEPT,Strong author/title/language match and validated physical cover.,RESERVE
FR,HISTORY_SOCIETY,Georges Duby,1,14,20,/works/OL1889052W,L' an mil,Georges Duby,1.0000,1967,/books/OL2154090M,L' an mil,,fre,1.0000,2070288714,Gallimard,1985,,13299605,VALID_COVER,445,500,JPEG,data/cache/fr-mass-editorial-engine/covers/FR-OL2154090M.jpeg,NO,NO,167.0000,205.0000,AUTO_ACCEPT,Strong author/title/language match and validated physical cover.,RESERVE
FR,HISTORY_SOCIETY,Georges Duby,1,14,20,/works/OL1889030W,L'Europe au Moyen Age,Georges Duby,1.0000,1979,/books/OL8842108M,L'Europe au Moyen Age,,fre,1.0000,9782080811462,Flammarion,"January 7, 1993",,971715,VALID_COVER,289,475,JPEG,data/cache/fr-mass-editorial-engine/covers/FR-OL8842108M.jpeg,NO,NO,167.0000,205.0000,AUTO_ACCEPT,Strong author/title/language match and validated physical cover.,RESERVE
FR,HISTORY_SOCIETY,Georges Duby,1,14,20,/works/OL1889031W,L' histoire continue,Georges Duby,1.0000,1991,/books/OL1762542M,L' histoire continue,,fre,1.0000,2738101348,O. Jacob,1991,,4012748,VALID_COVER,128,194,JPEG,data/cache/fr-mass-editorial-engine/covers/FR-OL1762542M.jpeg,NO,NO,167.0000,205.0000,AUTO_ACCEPT,Strong author/title/language match and validated physical cover.,RESERVE
FR,HISTORY_SOCIETY,Jacques Le Goff,1,14,20,/works/OL19880847W,La civilisation de l'Occident médiéval,Jacques Le Goff,1.0000,2008,/books/OL27068180M,La civilisation de l'Occident médiéval,,fre,1.0000,9782081212947,Flammarion,2008,,8683892,VALID_COVER,300,500,JPEG,data/cache/fr-mass-editorial-engine/covers/FR-OL27068180M.jpeg,NO,NO,167.0000,205.0000,AUTO_ACCEPT,Strong author/title/language match and validated physical cover.,RESERVE
FR,HISTORY_SOCIETY,Jean Delumeau,1,10,15,/works/OL71533W,L' aveu et le pardon,Jean Delumeau,1.0000,1990,/books/OL21792521M,L' aveu et le pardon,les difficultés de la confession XIIIe-XVIIIe siècle,fre,1.0000,2253061727,Fayard,1992,,13222269,VALID_COVER,366,500,JPEG,data/cache/fr-mass-editorial-engine/covers/FR-OL21792521M.jpeg,NO,NO,167.0000,205.0000,AUTO_ACCEPT,Strong author/title/language match and validated physical cover.,RESERVE
FR,HISTORY_SOCIETY,Jean Delumeau,1,10,15,/works/OL19227994W,L'historien et la foi,Jean Delumeau,1.0000,1996,/books/OL580903M,L' historien et la foi,,fre,1.0000,2213596484,Fayard,1996,,2145390,VALID_COVER,312,475,JPEG,data/cache/fr-mass-editorial-engine/covers/FR-OL580903M.jpeg,NO,NO,167.0000,205.0000,AUTO_ACCEPT,Strong author/title/language match and validated physical cover.,RESERVE
FR,HISTORY_SOCIETY,Jean Delumeau,1,10,15,/works/OL18837231W,L'Italie de la Renaissance à la fin du XVIIIe siècle,Jean Delumeau,1.0000,1991,/books/OL20048663M,L' Italie de la Renaissance à la fin du XVIIIe siècle,,fre,1.0000,2200312849,Colin,1991,,13048310,VALID_COVER,353,500,JPEG,data/cache/fr-mass-editorial-engine/covers/FR-OL20048663M.jpeg,NO,NO,167.0000,205.0000,AUTO_ACCEPT,Strong author/title/language match and validated physical cover.,RESERVE
FR,HISTORY_SOCIETY,Jean Tulard,1,12,18,/works/OL19286020W,Jean Tulard présente Nous étions à Austerlitz,Jean Tulard | Jacques Jourquin,1.0000,2005,/books/OL19539709M,Jean Tulard présente Nous étions à Austerlitz,2 décembre 1805,fre,1.0000,284734232X,Tallandier,2005,,5478140,VALID_COVER,128,198,JPEG,data/cache/fr-mass-editorial-engine/covers/FR-OL19539709M.jpeg,NO,NO,167.0000,205.0000,AUTO_ACCEPT,Strong author/title/language match and validated physical cover.,RESERVE
FR,HISTORY_SOCIETY,Jean Tulard,1,12,18,/works/OL2105056W,"Joseph Fiévée, conseiller secret de Napoléon",Jean Tulard,1.0000,1985,/books/OL2293533M,"Joseph Fiévée, conseiller secret de Napoléon",,fre,1.0000,2213016623,Fayard,1985,,2145053,VALID_COVER,297,475,JPEG,data/cache/fr-mass-editorial-engine/covers/FR-OL2293533M.jpeg,NO,NO,167.0000,205.0000,AUTO_ACCEPT,Strong author/title/language match and validated physical cover.,RESERVE
FR,HISTORY_SOCIETY,Jean Tulard,1,12,18,/works/OL21676889W,Joseph Fouchae,Jean Tulard,1.0000,1998,/books/OL29486641M,Joseph Fouchae,,fre,1.0000,9782702815212,Le Grand Livre du Mois,1998,,10393540,VALID_COVER,292,500,JPEG,data/cache/fr-mass-editorial-engine/covers/FR-OL29486641M.jpeg,NO,NO,167.0000,205.0000,AUTO_ACCEPT,Strong author/title/language match and validated physical cover.,RESERVE
FR,HISTORY_SOCIETY,Jean Tulard,1,12,18,/works/OL2105057W,Joseph Fouché,Jean Tulard,1.0000,1998,/books/OL421746M,Joseph Fouché,,fre,1.0000,2213599912,Fayard,1998,,974355,VALID_COVER,296,475,JPEG,data/cache/fr-mass-editorial-engine/covers/FR-OL421746M.jpeg,NO,NO,167.0000,205.0000,AUTO_ACCEPT,Strong author/title/language match and validated physical cover.,RESERVE
FR,HISTORY_SOCIETY,Jean Tulard,1,12,18,/works/OL19153555W,L'ABCdaire de Napoléon et l'Empire,Jean Tulard,1.0000,1998,/books/OL3999686M,L' ABCdaire de Napoléon et l'Empire,,fre,1.0000,2080125834,Flammarion,1998,,2139127,VALID_COVER,262,475,JPEG,data/cache/fr-mass-editorial-engine/covers/FR-OL3999686M.jpeg,NO,NO,167.0000,205.0000,AUTO_ACCEPT,Strong author/title/language match and validated physical cover.,RESERVE
FR,HISTORY_SOCIETY,Jean Tulard,1,12,18,/works/OL32460320W,La Fondation Napoléon rend visite à la maison Chateaubriand,Olivia Sanchez | Élodie Lefort | Bernard Degout | Jean Tulard | Thierry Lentz,1.0000,2018,/books/OL44240721M,La Fondation Napoléon rend visite à la maison Chateaubriand,"l'Empire en boîtes : exposition au Domaine départemental de la Vallée-aux-Loups, parc et maison de Chateaubriand, du 20 octobre 2018 au 10 mars 2019",fre,1.0000,9782376630210,Éditions SOTECA-Napoléon 1er,2018,,14154192,VALID_COVER,367,500,JPEG,data/cache/fr-mass-editorial-engine/covers/FR-OL44240721M.jpeg,NO,NO,167.0000,205.0000,AUTO_ACCEPT,Strong author/title/language match and validated physical cover.,RESERVE
FR,HISTORY_SOCIETY,Maurice Agulhon,1,10,15,/works/OL18289391W,Histoire de la France,Georges Duby | Maurice Agulhon,1.0000,1977,/books/OL3036299M,Histoire de la France,,fre,1.0000,2035190010,Larousse,1977,,13048406,VALID_COVER,443,500,JPEG,data/cache/fr-mass-editorial-engine/covers/FR-OL3036299M.jpeg,NO,NO,167.0000,205.0000,AUTO_ACCEPT,Strong author/title/language match and validated physical cover.,RESERVE
FR,HISTORY_SOCIETY,Maurice Agulhon,1,10,15,/works/OL37905211W,"Histoire de la France rurale, tome 3",Maurice Agulhon | Gabriel Désert | Robert Specklin | Georges Duby,1.0000,1992,/books/OL8834355M,"Histoire de la France rurale, tome 3",De 1789 à 1914,fre,1.0000,9782020173346,Seuil,"October 2, 1992",,2133675,VALID_COVER,288,475,JPEG,data/cache/fr-mass-editorial-engine/covers/FR-OL8834355M.jpeg,NO,NO,167.0000,205.0000,AUTO_ACCEPT,Strong author/title/language match and validated physical cover.,RESERVE
FR,HISTORY_SOCIETY,Maurice Agulhon,1,10,15,/works/OL18982593W,Histoire de la France urbaine,Maurice Agulhon | Georges Duby,1.0000,1983,/books/OL21756412M,Histoire de la France urbaine,,fre,1.0000,2020064936,Seuil,1983,,13264559,VALID_COVER,376,475,JPEG,data/cache/fr-mass-editorial-engine/covers/FR-OL21756412M.jpeg,NO,NO,167.0000,205.0000,AUTO_ACCEPT,Strong author/title/language match and validated physical cover.,RESERVE
FR,HISTORY_SOCIETY,Maurice Agulhon,1,10,15,/works/OL2077625W,Histoire de la Provence,Maurice Agulhon,1.0000,1987,/books/OL15227430M,Histoire de la Provence,,fre,1.0000,2130458823,Presses universitaires de France,1993,,11444798,VALID_COVER,322,500,JPEG,data/cache/fr-mass-editorial-engine/covers/FR-OL15227430M.jpeg,NO,NO,167.0000,205.0000,AUTO_ACCEPT,Strong author/title/language match and validated physical cover.,RESERVE
FR,HISTORY_SOCIETY,Maurice Agulhon,1,10,15,/works/OL9818931M,Histoire de la Provence,Maurice Agulhon | Noël Coulet | Que sais-je?,1.0000,2001,/books/OL9818931M,Histoire de la Provence,,fre,1.0000,9782130517009,Presses Universitaires de France - PUF,"March 1, 2001",,2142806,VALID_COVER,309,475,JPEG,data/cache/fr-mass-editorial-engine/covers/FR-OL9818931M.jpeg,NO,NO,167.0000,205.0000,AUTO_ACCEPT,Strong author/title/language match and validated physical cover.,RESERVE
FR,HISTORY_SOCIETY,Michel Winock,1,12,18,/works/OL19233231W,L'Affaire Dreyfus,Michel Winock | Gérard Baal,1.0000,1998,/books/OL451452M,L' Affaire Dreyfus,,fre,1.0000,2020328488,Editions du Seuil,1998,,2134606,VALID_COVER,287,475,JPEG,data/cache/fr-mass-editorial-engine/covers/FR-OL451452M.jpeg,NO,NO,167.0000,205.0000,AUTO_ACCEPT,Strong author/title/language match and validated physical cover.,RESERVE
FR,HISTORY_SOCIETY,Michel Winock,1,12,18,/works/OL981482W,L' Echec au roi,Michel Winock,1.0000,1991,/books/OL1598045M,L' Echec au roi,1791-1792,fre,1.0000,2855655528,O. Orban,1991,,13909158,VALID_COVER,313,500,JPEG,data/cache/fr-mass-editorial-engine/covers/FR-OL1598045M.jpeg,NO,NO,167.0000,205.0000,AUTO_ACCEPT,Strong author/title/language match and validated physical cover.,RESERVE
FR,HISTORY_SOCIETY,Michel Winock,1,12,18,/works/OL23836423W,"L'invention de la démocratie, 1789-1914",Serge Berstein | Michel Winock,1.0000,2002,/books/OL12387248M,"L'Invention de la démocratie, 1789-1914",,fre,1.0000,9782020332507,Seuil,"October 3, 2002",,3070656,VALID_COVER,300,475,JPEG,data/cache/fr-mass-editorial-engine/covers/FR-OL12387248M.jpeg,NO,NO,167.0000,205.0000,AUTO_ACCEPT,Strong author/title/language match and validated physical cover.,RESERVE
FR,HISTORY_SOCIETY,Michel Winock,1,12,18,/works/OL981469W,La Belle Epoque,Michel Winock,1.0000,2002,/books/OL18391402M,La Belle Epoque,la France de 1900 à 1914,fre,1.0000,2262016674,Perrin,2002,,8376705,VALID_COVER,312,500,JPEG,data/cache/fr-mass-editorial-engine/covers/FR-OL18391402M.jpeg,NO,NO,167.0000,205.0000,AUTO_ACCEPT,Strong author/title/language match and validated physical cover.,RESERVE
FR,HISTORY_SOCIETY,Michel Winock,1,12,18,/works/OL981473W,La Droite depuis 1789,Michel Winock,1.0000,1995,/books/OL12386795M,La Droite depuis 1789,"Les Hommes, les idées, les réseaux",fre,1.0000,9782020254731,Seuil,"November 2, 1995",,3070221,VALID_COVER,285,475,JPEG,data/cache/fr-mass-editorial-engine/covers/FR-OL12386795M.jpeg,NO,NO,167.0000,205.0000,AUTO_ACCEPT,Strong author/title/language match and validated physical cover.,RESERVE
FR,HISTORY_SOCIETY,Michel Winock,1,12,18,/works/OL981474W,La Fievre Hexagonale,Michel Winock,1.0000,1990,/books/OL9578972M,La Fievre Hexagonale,,fre,1.0000,9782020285162,Editions du Seuil,"January 1, 1990",,2134341,VALID_COVER,293,475,JPEG,data/cache/fr-mass-editorial-engine/covers/FR-OL9578972M.jpeg,NO,NO,167.0000,205.0000,AUTO_ACCEPT,Strong author/title/language match and validated physical cover.,RESERVE
FR,HISTORY_SOCIETY,René Rémond,1,10,15,/works/OL28591146W,"Joie de croire, joie de vivre",François Varillon | René Rémond,1.0000,1989,/books/OL8886059M,"Joie de croire, joie de vivre",,fre,1.0000,9782227310988,Bayard Editions,"September 1, 1989",,12835002,VALID_COVER,346,500,JPEG,data/cache/fr-mass-editorial-engine/covers/FR-OL8886059M.jpeg,NO,NO,167.0000,205.0000,AUTO_ACCEPT,Strong author/title/language match and validated physical cover.,RESERVE
FR,HISTORY_SOCIETY,René Rémond,1,10,15,/works/OL1453084W,"Journal de la conscience française, 1940-1944",Gaston Fessard | René Rémond,1.0000,2001,/books/OL12507432M,"Journal de la conscience française, 1940-1944",,fre,1.0000,9782259193306,Omnibus,"February 15, 2001",,3105180,VALID_COVER,290,475,JPEG,data/cache/fr-mass-editorial-engine/covers/FR-OL12507432M.jpeg,NO,NO,167.0000,205.0000,AUTO_ACCEPT,Strong author/title/language match and validated physical cover.,RESERVE
FR,HISTORY_SOCIETY,René Rémond,1,10,15,/works/OL14864401W,"L' anticléricalisme en France, de 1815 à nos jours",René Rémond,1.0000,1976,/books/OL4981069M,"L' anticléricalisme en France, de 1815 à nos jours",,fre,1.0000,221300322X,Fayard,1976,,13323367,VALID_COVER,295,500,JPEG,data/cache/fr-mass-editorial-engine/covers/FR-OL4981069M.jpeg,NO,NO,167.0000,205.0000,AUTO_ACCEPT,Strong author/title/language match and validated physical cover.,RESERVE
FR,HISTORY_SOCIETY,René Rémond,1,10,15,/works/OL8968487W,L'anticléricalisme en France de 1815 à nos jours,René Rémond,1.0000,1999,/books/OL9447678M,L'anticléricalisme en France de 1815 à nos jours,,fre,1.0000,9782213602608,Fayard,"November 17, 1999",,2145656,VALID_COVER,310,475,JPEG,data/cache/fr-mass-editorial-engine/covers/FR-OL9447678M.jpeg,NO,NO,167.0000,205.0000,AUTO_ACCEPT,Strong author/title/language match and validated physical cover.,RESERVE
FR,HISTORY_SOCIETY,René Rémond,1,10,15,/works/OL8968510W,L'Histoire De Notre Temps,Rene Remond,1.0000,1998,/books/OL8833838M,L'Histoire De Notre Temps,Introduction a l'histoire de notre temps,fre,1.0000,9782020006583,Editions du Seuil/points,"December 31, 1998",,963124,VALID_COVER,284,475,JPEG,data/cache/fr-mass-editorial-engine/covers/FR-OL8833838M.jpeg,NO,NO,167.0000,205.0000,AUTO_ACCEPT,Strong author/title/language match and validated physical cover.,RESERVE
FR,SCIENCE_CULTURE,Albert Jacquard,1,12,18,/works/OL9239276W,Idées vécues,Albert Jacquard,1.0000,2001,/books/OL9621556M,Idées vécues,,fre,1.0000,9782080812445,Flammarion,"January 22, 2001",,2140608,VALID_COVER,286,475,JPEG,data/cache/fr-mass-editorial-engine/covers/FR-OL9621556M.jpeg,NO,NO,167.0000,205.0000,AUTO_ACCEPT,Strong author/title/language match and validated physical cover.,RESERVE
FR,SCIENCE_CULTURE,Albert Jacquard,1,12,18,/works/OL9186992W,Inventer l'homme,Albert Jacquard,1.0000,1991,/books/OL12638777M,Inventer l'homme,,fre,1.0000,9782870273838,Editions Complexe,"January 15, 1999",,3153500,VALID_COVER,319,500,JPEG,data/cache/fr-mass-editorial-engine/covers/FR-OL12638777M.jpeg,NO,NO,167.0000,205.0000,AUTO_ACCEPT,Strong author/title/language match and validated physical cover.,RESERVE
FR,SCIENCE_CULTURE,Albert Jacquard,1,12,18,/works/OL1676155W,J'accuse l'économie triomphante,Albert Jacquard,1.0000,1995,/books/OL9786332M,J'accuse l'économie triomphante,,fre,1.0000,9782253147756,LGF,"January 12, 2000",,2151883,VALID_COVER,288,475,JPEG,data/cache/fr-mass-editorial-engine/covers/FR-OL9786332M.jpeg,NO,NO,167.0000,205.0000,AUTO_ACCEPT,Strong author/title/language match and validated physical cover.,RESERVE
FR,SCIENCE_CULTURE,Albert Jacquard,1,12,18,/works/OL1676131W,"Jamais soumis, jamais soumise",Albert Jacquard,1.0000,2007,/books/OL19972461M,"Jamais soumis, jamais soumise",,fre,1.0000,9782234059863,Stock,2007,,11657810,VALID_COVER,295,500,JPEG,data/cache/fr-mass-editorial-engine/covers/FR-OL19972461M.jpeg,NO,NO,167.0000,205.0000,AUTO_ACCEPT,Strong author/title/language match and validated physical cover.,RESERVE
FR,SCIENCE_CULTURE,Albert Jacquard,1,12,18,/works/OL1676137W,L' explosion démographique,Albert Jacquard,1.0000,1993,/books/OL15222986M,L' explosion démographique,un exposé pour comprendre : un essai pour réfléchir,fre,1.0000,9782080351630,Flammarion,1993,,7240684,VALID_COVER,286,475,JPEG,data/cache/fr-mass-editorial-engine/covers/FR-OL15222986M.jpeg,NO,NO,167.0000,205.0000,AUTO_ACCEPT,Strong author/title/language match and validated physical cover.,RESERVE
FR,SCIENCE_CULTURE,Albert Jacquard,1,12,18,/works/OL1676161W,L' héritage de la liberté,Albert Jacquard,1.0000,1986,/books/OL9814569M,L'héritage de la liberté,,fre,1.0000,9782020128742,Seuil,"February 20, 1991",,2133490,VALID_COVER,281,475,JPEG,data/cache/fr-mass-editorial-engine/covers/FR-OL9814569M.jpeg,NO,NO,167.0000,205.0000,AUTO_ACCEPT,Strong author/title/language match and validated physical cover.,RESERVE
FR,SCIENCE_CULTURE,François Jacob,1,8,12,/works/OL12398585M,Le Siècle du gène,François Jacob | Stéphane Schmitt,1.0000,2003,/books/OL12398585M,Le Siècle du gène,,fre,1.0000,9782070766352,Gallimard,"March 6, 2003",,3079616,VALID_COVER,293,475,JPEG,data/cache/fr-mass-editorial-engine/covers/FR-OL12398585M.jpeg,NO,NO,167.0000,205.0000,AUTO_ACCEPT,Strong author/title/language match and validated physical cover.,RESERVE
FR,SCIENCE_CULTURE,Henri Laborit,1,10,15,/works/OL2530027W,La nouvelle grille,Henri Laborit,1.0000,1974,/books/OL8837469M,La nouvelle grille,,fre,1.0000,9782070323371,Gallimard,"January 14, 1986",,966732,VALID_COVER,289,475,JPEG,data/cache/fr-mass-editorial-engine/covers/FR-OL8837469M.jpeg,NO,NO,167.0000,205.0000,AUTO_ACCEPT,Strong author/title/language match and validated physical cover.,RESERVE
FR,SCIENCE_CULTURE,Henri Laborit,1,10,15,/works/OL2530012W,Les bases biologiques des comportements sociaux,Henri Laborit,1.0000,1991,/books/OL27899642M,Les bases biologiques des comportements sociaux,,fre,1.0000,9782762117127,Fides,1994,,13416843,VALID_COVER,330,500,JPEG,data/cache/fr-mass-editorial-engine/covers/FR-OL27899642M.jpeg,NO,NO,167.0000,205.0000,AUTO_ACCEPT,Strong author/title/language match and validated physical cover.,RESERVE
FR,SCIENCE_CULTURE,Hubert Reeves,1,14,20,/works/OL15945400W,L'univers expliqué à mes petits-enfants,Hubert Reeves,1.0000,2011,/books/OL24851466M,L'univers expliqué à mes petits-enfants,,fre,1.0000,9782021038309,Editions du Seuil,2011,,14550260,VALID_COVER,254,500,JPEG,data/cache/fr-mass-editorial-engine/covers/FR-OL24851466M.jpeg,NO,NO,167.0000,205.0000,AUTO_ACCEPT,Strong author/title/language match and validated physical cover.,RESERVE
FR,SCIENCE_CULTURE,Hubert Reeves,1,14,20,/works/OL23298696W,Là où croît le péril... croît aussi ce qui sauve,Hubert Reeves,1.0000,2013,/books/OL31145063M,Là où croît le péril... croît aussi ce qui sauve,,fre,1.0000,9782021118902,Éditions du Seuil,2013,,10775110,VALID_COVER,328,500,JPEG,data/cache/fr-mass-editorial-engine/covers/FR-OL31145063M.jpeg,NO,NO,167.0000,205.0000,AUTO_ACCEPT,Strong author/title/language match and validated physical cover.,RESERVE
FR,SCIENCE_CULTURE,Hubert Reeves,1,14,20,/works/OL2279579W,La première seconde. Dernières nouvelles du cosmos. Coffret,Hubert Reeves,1.0000,1995,/books/OL9797563M,La première seconde. Dernières nouvelles du cosmos. Coffret,,fre,1.0000,9782020260411,Seuil,"October 24, 1995",,2134284,VALID_COVER,411,475,JPEG,data/cache/fr-mass-editorial-engine/covers/FR-OL9797563M.jpeg,NO,NO,167.0000,205.0000,AUTO_ACCEPT,Strong author/title/language match and validated physical cover.,RESERVE
FR,SCIENCE_CULTURE,Hubert Reeves,1,14,20,/works/OL18007158W,Mal de terre,Hubert Reeves | Frédéric Lenoir,1.0000,2003,/books/OL12388241M,Mal de terre,,fre,1.0000,9782020536394,Seuil,"March 22, 2003",,3071643,VALID_COVER,339,500,JPEG,data/cache/fr-mass-editorial-engine/covers/FR-OL12388241M.jpeg,NO,NO,167.0000,205.0000,AUTO_ACCEPT,Strong author/title/language match and validated physical cover.,RESERVE
FR,SCIENCE_CULTURE,Hubert Reeves,1,14,20,/works/OL20980157W,Mal de terre,Hubert Reeves,1.0000,2015,/books/OL28417130M,Mal de terre,,fre,1.0000,9782757854174,Éditions Points,2015,,10316838,VALID_COVER,297,500,JPEG,data/cache/fr-mass-editorial-engine/covers/FR-OL28417130M.jpeg,NO,NO,167.0000,205.0000,AUTO_ACCEPT,Strong author/title/language match and validated physical cover.,RESERVE
FR,SCIENCE_CULTURE,Michel Serres,1,14,20,/works/OL1662557W,L'Incandescent,Michel Serres,1.0000,2003,/books/OL12603487M,L'Incandescent,,fre,1.0000,9782746500655,Le Pommier,"February 26, 2003",,3131453,VALID_COVER,315,475,JPEG,data/cache/fr-mass-editorial-engine/covers/FR-OL12603487M.jpeg,NO,NO,167.0000,205.0000,AUTO_ACCEPT,Strong author/title/language match and validated physical cover.,RESERVE
FR,SCIENCE_CULTURE,Michel Serres,1,14,20,/works/OL1662543W,La distribution,Michel Serres,1.0000,1977,/books/OL3520941M,La distribution,,fre,1.0000,2707301477,Editions de Minuit,1977,,983796,VALID_COVER,295,475,JPEG,data/cache/fr-mass-editorial-engine/covers/FR-OL3520941M.jpeg,NO,NO,167.0000,205.0000,AUTO_ACCEPT,Strong author/title/language match and validated physical cover.,RESERVE
FR,SCIENCE_CULTURE,Michel Serres,1,14,20,/works/OL1662574W,La légende des anges,Michel Serres,1.0000,1993,/books/OL9513195M,La légende des anges,,fre,1.0000,9782080814456,Flammarion,"May 6, 1999",,2140665,VALID_COVER,290,475,JPEG,data/cache/fr-mass-editorial-engine/covers/FR-OL9513195M.jpeg,NO,NO,167.0000,205.0000,AUTO_ACCEPT,Strong author/title/language match and validated physical cover.,RESERVE
FR,SCIENCE_CULTURE,Michel Serres,1,14,20,/works/OL1662546W,La naissance de la physique dans le texte de Lucrèce,Michel Serres,1.0000,1977,/books/OL4504940M,La naissance de la physique dans le texte de Lucrèce,fleuves et turbulences,fre,1.0000,2707301914,Éditions de Minuit,1977,,2159808,VALID_COVER,303,475,JPEG,data/cache/fr-mass-editorial-engine/covers/FR-OL4504940M.jpeg,NO,NO,167.0000,205.0000,AUTO_ACCEPT,Strong author/title/language match and validated physical cover.,RESERVE
FR,SCIENCE_CULTURE,Michel Serres,1,14,20,/works/OL1662547W,La traduction,Michel Serres,1.0000,1974,/books/OL3520948M,La traduction,,fre,1.0000,2707300063,Editions de Minuit,1974,,983748,VALID_COVER,295,475,JPEG,data/cache/fr-mass-editorial-engine/covers/FR-OL3520948M.jpeg,NO,NO,167.0000,205.0000,AUTO_ACCEPT,Strong author/title/language match and validated physical cover.,RESERVE
FR,SCIENCE_CULTURE,Michel Serres,1,14,20,/works/OL1662585W,Le contrat naturel,Michel Serres,1.0000,1990,/books/OL1962820M,Le contrat naturel,,fre,1.0000,2876860414,Editions F. Bourin,1990,,2184187,VALID_COVER,297,475,JPEG,data/cache/fr-mass-editorial-engine/covers/FR-OL1962820M.jpeg,NO,NO,167.0000,205.0000,AUTO_ACCEPT,Strong author/title/language match and validated physical cover.,RESERVE
FR,TWENTIETH_CENTURY,Aimé Césaire,1,12,18,/works/OL8302635W,"Nègre je suis, nègre je resterai",Aimé Césaire,1.0000,2005,/books/OL19270225M,"Nègre je suis, nègre je resterai",,fre,1.0000,2226158782,A. Michel,2005,,5459649,VALID_COVER,128,205,JPEG,data/cache/fr-mass-editorial-engine/covers/FR-OL19270225M.jpeg,NO,NO,167.0000,205.0000,AUTO_ACCEPT,Strong author/title/language match and validated physical cover.,RESERVE
FR,TWENTIETH_CENTURY,Aimé Césaire,1,12,18,/works/OL8302626W,"Negre je suis, negre je resterai",Aimé Césaire,1.0000,2005,/books/OL20654314M,"Negre je suis, negre je resterai",,fre,1.0000,2226158782,Albin Michel,2005,,5459650,VALID_COVER,128,205,JPEG,data/cache/fr-mass-editorial-engine/covers/FR-OL20654314M.jpeg,NO,NO,167.0000,205.0000,AUTO_ACCEPT,Strong author/title/language match and validated physical cover.,RESERVE
FR,TWENTIETH_CENTURY,Aimé Césaire,1,12,18,/works/OL457330W,Non-vicious circle,Aimé Césaire,1.0000,1984,/books/OL3185565M,Non-vicious circle,twenty poems of Aimé Césaire,eng | fre,1.0000,0804712077,Stanford University Press,1984,,4232581,VALID_COVER,128,172,JPEG,data/cache/fr-mass-editorial-engine/covers/FR-OL3185565M.jpeg,NO,NO,167.0000,205.0000,AUTO_ACCEPT,Strong author/title/language match and validated physical cover.,RESERVE
FR,TWENTIETH_CENTURY,Aimé Césaire,1,12,18,/works/OL457332W,Notebook of a return to the native land,Aimé Césaire,1.0000,2001,/books/OL26365569M,Notebook of a return to the native land,,eng | fre,1.0000,9780819573704,Wesleyan University,2013,,8051339,VALID_COVER,333,500,JPEG,data/cache/fr-mass-editorial-engine/covers/FR-OL26365569M.jpeg,NO,NO,167.0000,205.0000,AUTO_ACCEPT,Strong author/title/language match and validated physical cover.,RESERVE
FR,TWENTIETH_CENTURY,Aimé Césaire,1,12,18,/works/OL11910607W,Return to my native land,Aimé Césaire,1.0000,1969,/books/OL22009592M,Return to my native land,,eng | fre,1.0000,0140421173,Penguin,1969,,15172096,VALID_COVER,300,500,JPEG,data/cache/fr-mass-editorial-engine/covers/FR-OL22009592M.jpeg,NO,NO,167.0000,205.0000,AUTO_ACCEPT,Strong author/title/language match and validated physical cover.,RESERVE
FR,TWENTIETH_CENTURY,Aimé Césaire,1,12,18,/works/OL20211090W,The Complete Poetry of Aimé Césaire,Aimé Césaire,1.0000,2017,/books/OL27399707M,The Complete Poetry of Aimé Césaire,Bilingual Edition,eng | fre,1.0000,9780819574831,Wesleyan University Press,"Sep 05, 2017",,8862093,VALID_COVER,333,500,JPEG,data/cache/fr-mass-editorial-engine/covers/FR-OL27399707M.jpeg,NO,NO,167.0000,205.0000,AUTO_ACCEPT,Strong author/title/language match and validated physical cover.,RESERVE
FR,TWENTIETH_CENTURY,Albert Cohen,1,10,15,/works/OL29246228W,Solal,Albert Cohen | Michel Bigot,1.0000,1958,/books/OL9363123M,Solal,,fre,1.0000,9782070400546,Gallimard,"March 24, 1998",,2136925,VALID_COVER,293,475,JPEG,data/cache/fr-mass-editorial-engine/covers/FR-OL9363123M.jpeg,NO,NO,167.0000,205.0000,AUTO_ACCEPT,Strong author/title/language match and validated physical cover.,RESERVE
FR,TWENTIETH_CENTURY,Boris Vian,1,15,22,/works/OL708702W,L'Automne à Pékin,Boris Vian,1.0000,1956,/books/OL32115857M,L'Automne à Pékin,,fre,1.0000,9782724227802,France loisirs,1986,,10776136,VALID_COVER,340,500,JPEG,data/cache/fr-mass-editorial-engine/covers/FR-OL32115857M.jpeg,NO,NO,167.0000,205.0000,AUTO_ACCEPT,Strong author/title/language match and validated physical cover.,RESERVE
FR,TWENTIETH_CENTURY,Boris Vian,1,15,22,/works/OL708599W,"L'Equarissage pour tous, suivi de ""Série blême et tête de méduse""",Boris Vian,1.0000,1998,/books/OL8888166M,"L'Equarissage pour tous, suivi de ""Série blême et tête de méduse""",,fre,1.0000,9782253143703,LGF,"February 1, 1998",,977483,VALID_COVER,291,475,JPEG,data/cache/fr-mass-editorial-engine/covers/FR-OL8888166M.jpeg,NO,NO,167.0000,205.0000,AUTO_ACCEPT,Strong author/title/language match and validated physical cover.,RESERVE
FR,TWENTIETH_CENTURY,Boris Vian,1,15,22,/works/OL708587W,La Belle Epoque,Boris Vian,1.0000,1982,/books/OL3058373M,La Belle Epoque,(variétés),fre,1.0000,2267002930,C. Bourgois,1982,,5428018,VALID_COVER,128,198,JPEG,data/cache/fr-mass-editorial-engine/covers/FR-OL3058373M.jpeg,NO,NO,167.0000,205.0000,AUTO_ACCEPT,Strong author/title/language match and validated physical cover.,RESERVE
FR,TWENTIETH_CENTURY,Boris Vian,1,15,22,/works/OL28942998W,La Belle époque (variétés),Boris Vian,1.0000,1998,/books/OL39796608M,La Belle époque (variétés),,fre,1.0000,9782253144328,Librairie générale française,1998,,12909010,VALID_COVER,288,500,JPEG,data/cache/fr-mass-editorial-engine/covers/FR-OL39796608M.jpeg,NO,NO,167.0000,205.0000,AUTO_ACCEPT,Strong author/title/language match and validated physical cover.,RESERVE
FR,TWENTIETH_CENTURY,Boris Vian,1,15,22,/works/OL708682W,Le\Chevalier de Neige,Boris Vian | Noël Arnaud,1.0000,1974,/books/OL9663002M,Le Chevalier de neige,,fre,1.0000,9782253145226,LGF,"November 1, 1998",,2151821,VALID_COVER,292,475,JPEG,data/cache/fr-mass-editorial-engine/covers/FR-OL9663002M.jpeg,NO,NO,167.0000,205.0000,AUTO_ACCEPT,Strong author/title/language match and validated physical cover.,RESERVE
FR,TWENTIETH_CENTURY,Boris Vian,1,15,22,/works/OL708673W,Le Goûter des généraux,Boris Vian,1.0000,1965,/books/OL12467829M,Le Goûter des généraux,,fre,1.0000,9782253144076,LGF,"March 1, 1998",,3103619,VALID_COVER,291,475,JPEG,data/cache/fr-mass-editorial-engine/covers/FR-OL12467829M.jpeg,NO,NO,167.0000,205.0000,AUTO_ACCEPT,Strong author/title/language match and validated physical cover.,RESERVE
FR,TWENTIETH_CENTURY,Boris Vian,1,15,22,/works/OL708691W,Le loup-garou,Boris Vian,1.0000,1970,/books/OL32357391M,Le loup-garou,suivi de douze autres nouvelles,fre,1.0000,9782724211924,France Loisirs,1982,,10995256,VALID_COVER,316,500,JPEG,data/cache/fr-mass-editorial-engine/covers/FR-OL32357391M.jpeg,NO,NO,167.0000,205.0000,AUTO_ACCEPT,Strong author/title/language match and validated physical cover.,RESERVE
FR,TWENTIETH_CENTURY,Eugène Ionesco,1,12,18,/works/OL8582166W,Tueur sans gages,Eugène Ionesco,1.0000,1958,/books/OL9484150M,Tueur sans gages,,fre,1.0000,9782070416585,Gallimard,"June 26, 2003",,2137206,VALID_COVER,286,475,JPEG,data/cache/fr-mass-editorial-engine/covers/FR-OL9484150M.jpeg,NO,NO,167.0000,205.0000,AUTO_ACCEPT,Strong author/title/language match and validated physical cover.,RESERVE
FR,TWENTIETH_CENTURY,Guillaume Apollinaire,1,12,18,/works/OL1259767W,Selected poems,Guillaume Apollinaire,1.0000,1965,/books/OL2539038M,Selected poems,,eng | fre,1.0000,0856461547,Anvil Press Poetry,1986,,4146000,VALID_COVER,128,204,JPEG,data/cache/fr-mass-editorial-engine/covers/FR-OL2539038M.jpeg,NO,NO,167.0000,205.0000,AUTO_ACCEPT,Strong author/title/language match and validated physical cover.,RESERVE
FR,TWENTIETH_CENTURY,Guillaume Apollinaire,1,12,18,/works/OL1259738W,Selected Poems of Apollinaire,Guillaume Apollinaire,1.0000,2003,/books/OL11614112M,Selected Poems of Apollinaire,Selected Poems (Poetica),eng | fre,1.0000,9780856463594,Anvil Press,December 2003,,2667473,VALID_COVER,316,500,JPEG,data/cache/fr-mass-editorial-engine/covers/FR-OL11614112M.jpeg,NO,NO,167.0000,205.0000,AUTO_ACCEPT,Strong author/title/language match and validated physical cover.,RESERVE
FR,TWENTIETH_CENTURY,Guillaume Apollinaire,1,12,18,/works/OL1259769W,Tendre comme le souvenir,Guillaume Apollinaire,1.0000,1952,/books/OL8840738M,Tendre comme le souvenir,,fre,1.0000,9782070747542,Gallimard,"March 4, 1997",,12163397,VALID_COVER,299,500,JPEG,data/cache/fr-mass-editorial-engine/covers/FR-OL8840738M.jpeg,NO,NO,167.0000,205.0000,AUTO_ACCEPT,Strong author/title/language match and validated physical cover.,RESERVE
FR,TWENTIETH_CENTURY,Hervé Bazin,1,12,18,/works/OL8258616W,Madame Ex,Herve Bazin,1.0000,1976,/books/OL12466938M,Madame Ex,,fre,1.0000,9782253011453,Livre de Poche,"June 1, 1976",,11027608,VALID_COVER,329,500,JPEG,data/cache/fr-mass-editorial-engine/covers/FR-OL12466938M.jpeg,NO,NO,167.0000,205.0000,AUTO_ACCEPT,Strong author/title/language match and validated physical cover.,RESERVE
FR,TWENTIETH_CENTURY,Hervé Bazin,1,12,18,/works/OL1319388W,Un feu dévore un autre feu,Hervé Bazin,1.0000,1978,/books/OL4517628M,"""Un Feu dévore un autre feu""",roman,fre,1.0000,2020049570,Éditions du Seuil,1978,,2132698,VALID_COVER,323,475,JPEG,data/cache/fr-mass-editorial-engine/covers/FR-OL4517628M.jpeg,NO,NO,167.0000,205.0000,AUTO_ACCEPT,Strong author/title/language match and validated physical cover.,RESERVE
FR,TWENTIETH_CENTURY,Hervé Bazin,1,12,18,/works/OL28775130W,Vipère au poing,Hervé Bazin,1.0000,2018,/books/OL39492853M,Vipère au poing,,fre,1.0000,9782253237617,LGF,"Sep 11, 2018",,12903014,VALID_COVER,229,371,JPEG,data/cache/fr-mass-editorial-engine/covers/FR-OL39492853M.jpeg,NO,NO,167.0000,205.0000,AUTO_ACCEPT,Strong author/title/language match and validated physical cover.,RESERVE
FR,TWENTIETH_CENTURY,Marguerite Duras,1,20,30,/works/OL11038407W,Woman to woman,Marguerite Duras | Xaviere Gauthier,1.0000,1987,/books/OL17147654M,Woman to Woman,,eng | fre,1.0000,0803216726,University of Nebraska Press,2005,,5368904,VALID_COVER,128,193,JPEG,data/cache/fr-mass-editorial-engine/covers/FR-OL17147654M.jpeg,NO,NO,167.0000,205.0000,AUTO_ACCEPT,Strong author/title/language match and validated physical cover.,RESERVE
FR,TWENTIETH_CENTURY,Marguerite Yourcenar,1,14,20,/works/OL106852W,Œuvres romanesques,Marguerite Yourcenar,1.0000,1982,/books/OL15500988M,Œuvres romanesques,,fre,1.0000,2070110184,Gallimard,1998,,13253534,VALID_COVER,308,500,JPEG,data/cache/fr-mass-editorial-engine/covers/FR-OL15500988M.jpeg,NO,NO,167.0000,205.0000,AUTO_ACCEPT,Strong author/title/language match and validated physical cover.,RESERVE
FR,TWENTIETH_CENTURY,Marguerite Yourcenar,1,14,20,/works/OL15088222W,Oriental tales,Marguerite Yourcenar,1.0000,1985,/books/OL2532214M,Oriental tales,,eng | fre,1.0000,0374227284,Farrar Straus Giroux,1985,,9548393,VALID_COVER,315,500,JPEG,data/cache/fr-mass-editorial-engine/covers/FR-OL2532214M.jpeg,NO,NO,167.0000,205.0000,AUTO_ACCEPT,Strong author/title/language match and validated physical cover.,RESERVE
FR,TWENTIETH_CENTURY,Marguerite Yourcenar,1,14,20,/works/OL15088225W,Portrait d'une voix,Marguerite Yourcenar,1.0000,2002,/books/OL12398286M,Portrait d'une voix,,fre,1.0000,9782070756759,Gallimard,"January 23, 2002",,3079323,VALID_COVER,318,475,JPEG,data/cache/fr-mass-editorial-engine/covers/FR-OL12398286M.jpeg,NO,NO,167.0000,205.0000,AUTO_ACCEPT,Strong author/title/language match and validated physical cover.,RESERVE
FR,TWENTIETH_CENTURY,Marguerite Yourcenar,1,14,20,/works/OL106850W,Quoi? L'eternite,Marguerite Yourcenar,1.0000,1989,/books/OL8838545M,Quoi? L'Eternite,,fre,1.0000,9782070382514,Editions Flammarion,"May 22, 1990",,967849,VALID_COVER,287,475,JPEG,data/cache/fr-mass-editorial-engine/covers/FR-OL8838545M.jpeg,NO,NO,167.0000,205.0000,AUTO_ACCEPT,Strong author/title/language match and validated physical cover.,RESERVE
FR,TWENTIETH_CENTURY,Marguerite Yourcenar,1,14,20,/works/OL15088232W,Sources II,Marguerite Yourcenar,1.0000,1999,/books/OL87072M,Sources II,,fre,1.0000,207074471X,Gallimard,1999,,2138333,VALID_COVER,319,475,JPEG,data/cache/fr-mass-editorial-engine/covers/FR-OL87072M.jpeg,NO,NO,167.0000,205.0000,AUTO_ACCEPT,Strong author/title/language match and validated physical cover.,RESERVE
FR,TWENTIETH_CENTURY,Marguerite Yourcenar,1,14,20,/works/OL15088155W,The dark brain of Piranesi and other essays,Marguerite Yourcenar,1.0000,1984,/books/OL2851483M,The dark brain of Piranesi and other essays,,eng | fre,1.0000,0374177090,"Farrar, Straus, Giroux",1984,,9525786,VALID_COVER,331,500,JPEG,data/cache/fr-mass-editorial-engine/covers/FR-OL2851483M.jpeg,NO,NO,167.0000,205.0000,AUTO_ACCEPT,Strong author/title/language match and validated physical cover.,RESERVE
FR,TWENTIETH_CENTURY,Michel Tournier,1,12,18,/works/OL800818W,Le miroir des idées,Michel Tournier,1.0000,1994,/books/OL1233835M,Le miroir des idées,traité,fre,1.0000,2715218753,Mercure de France,1994,,3907439,VALID_COVER,128,199,JPEG,data/cache/fr-mass-editorial-engine/covers/FR-OL1233835M.jpeg,NO,NO,167.0000,205.0000,AUTO_ACCEPT,Strong author/title/language match and validated physical cover.,RESERVE
FR,TWENTIETH_CENTURY,Michel Tournier,1,12,18,/works/OL800788W,Le vagabond immobile,Michel Tournier,1.0000,1984,/books/OL2981474M,Le vagabond immobile,,fre,1.0000,2070700585,Gallimard,1984,,2137720,VALID_COVER,322,475,JPEG,data/cache/fr-mass-editorial-engine/covers/FR-OL2981474M.jpeg,NO,NO,167.0000,205.0000,AUTO_ACCEPT,Strong author/title/language match and validated physical cover.,RESERVE
FR,TWENTIETH_CENTURY,Michel Tournier,1,12,18,/works/OL800789W,Le Vol du vampire. Notes littéraires,Michel Tournier,1.0000,1994,/books/OL8837658M,Le Vol du vampire. Notes littéraires,,fre,1.0000,9782070328581,Gallimard,"November 3, 1994",,966934,VALID_COVER,288,475,JPEG,data/cache/fr-mass-editorial-engine/covers/FR-OL8837658M.jpeg,NO,NO,167.0000,205.0000,AUTO_ACCEPT,Strong author/title/language match and validated physical cover.,RESERVE
FR,TWENTIETH_CENTURY,Michel Tournier,1,12,18,/works/OL8242029W,Les Rois Mages,Michel Tournier,1.0000,1985,/books/OL9733592M,Les Rois Mages,,fre,1.0000,9782070332809,Livre de Poche,1985-01-01,,12346759,VALID_COVER,289,500,JPEG,data/cache/fr-mass-editorial-engine/covers/FR-OL9733592M.jpeg,NO,NO,167.0000,205.0000,AUTO_ACCEPT,Strong author/title/language match and validated physical cover.,RESERVE
FR,TWENTIETH_CENTURY,Michel Tournier,1,12,18,/works/OL800819W,Les Rois Mages,Michel Tournier,1.0000,1983,/books/OL8840004M,Les Rois Mages,,fre,1.0000,9782070516193,Gallimard-Jeunesse,"December 15, 1998",,969301,VALID_COVER,324,475,JPEG,data/cache/fr-mass-editorial-engine/covers/FR-OL8840004M.jpeg,NO,NO,167.0000,205.0000,AUTO_ACCEPT,Strong author/title/language match and validated physical cover.,RESERVE
FR,TWENTIETH_CENTURY,Michel Tournier,1,12,18,/works/OL800790W,Lieux dits,Michel Tournier,1.0000,2002,/books/OL8839722M,Lieux dits,,fre,1.0000,9782070423200,Gallimard,"May 14, 2002",,969000,VALID_COVER,287,475,JPEG,data/cache/fr-mass-editorial-engine/covers/FR-OL8839722M.jpeg,NO,NO,167.0000,205.0000,AUTO_ACCEPT,Strong author/title/language match and validated physical cover.,RESERVE
FR,TWENTIETH_CENTURY,Nathalie Sarraute,1,12,18,/works/OL10434888W,Ouvrez,Nathalie Sarraute,1.0000,1997,/books/OL23133397M,Ouvrez.,,fre,1.0000,2070411095,Gallimard,1997,,13246917,VALID_COVER,288,475,JPEG,data/cache/fr-mass-editorial-engine/covers/FR-OL23133397M.jpeg,NO,NO,167.0000,205.0000,AUTO_ACCEPT,Strong author/title/language match and validated physical cover.,RESERVE
FR,TWENTIETH_CENTURY,Nathalie Sarraute,1,12,18,/works/OL1381567W,Pour un oui ou pour un non,Nathalie Sarraute,1.0000,1982,/books/OL8839190M,Pour Un Oui Ou Pour Un Non,,fre,1.0000,9782070407514,Gallimard-Jeunesse,1999,,968492,VALID_COVER,285,475,JPEG,data/cache/fr-mass-editorial-engine/covers/FR-OL8839190M.jpeg,NO,NO,167.0000,205.0000,AUTO_ACCEPT,Strong author/title/language match and validated physical cover.,RESERVE
FR,TWENTIETH_CENTURY,Nathalie Sarraute,1,12,18,/works/OL1381579W,Tu NE T'Aimes Pas,Nathalie Sarraute,1.0000,1989,/books/OL12393878M,Tu NE T'Aimes Pas,,fre,1.0000,9782070384167,Gallimard-Jeunesse,"January 1, 1996",,3075453,VALID_COVER,291,475,JPEG,data/cache/fr-mass-editorial-engine/covers/FR-OL12393878M.jpeg,NO,NO,167.0000,205.0000,AUTO_ACCEPT,Strong author/title/language match and validated physical cover.,RESERVE
FR,TWENTIETH_CENTURY,Paul Valéry,1,12,18,/works/OL8342438W,Un choix de poèmes en prose,Paul Valéry,1.0000,2000,/books/OL8839192M,Un choix de poèmes en prose,,fre,1.0000,9782070407576,Gallimard,"October 25, 2000",,968494,VALID_COVER,285,475,JPEG,data/cache/fr-mass-editorial-engine/covers/FR-OL8839192M.jpeg,NO,NO,167.0000,205.0000,AUTO_ACCEPT,Strong author/title/language match and validated physical cover.,RESERVE
FR,TWENTIETH_CENTURY,René Char,1,10,15,/works/OL26431275W,Recherche de la base et du sommet,René Char,1.0000,1971,/books/OL35704930M,Recherche de la base et du sommet,,fre,1.0000,9782070319183,Gallimard Education,"Dec 01, 1971",,12443142,VALID_COVER,500,490,JPEG,data/cache/fr-mass-editorial-engine/covers/FR-OL35704930M.jpeg,NO,NO,167.0000,205.0000,AUTO_ACCEPT,Strong author/title/language match and validated physical cover.,RESERVE
FR,TWENTIETH_CENTURY,René Char,1,10,15,/works/OL1292412W,Selected poems of René Char,René Char,1.0000,1992,/books/OL1705069M,Selected poems of René Char,,eng | fre,1.0000,0811211916,New Directions Pub. Co.,1992,,3994243,VALID_COVER,128,183,JPEG,data/cache/fr-mass-editorial-engine/covers/FR-OL1705069M.jpeg,NO,NO,167.0000,205.0000,AUTO_ACCEPT,Strong author/title/language match and validated physical cover.,RESERVE
FR,TWENTIETH_CENTURY,René Char,1,10,15,/works/OL1292380W,The dawn breakers =,René Char | René Char | Michael Worton,1.0000,1992,/books/OL1453625M,The dawn breakers =,Les Matinaux,eng | fre,1.0000,1852241330,Bloodaxe Books,1992,,4867984,VALID_COVER,128,200,JPEG,data/cache/fr-mass-editorial-engine/covers/FR-OL1453625M.jpeg,NO,NO,167.0000,205.0000,AUTO_ACCEPT,Strong author/title/language match and validated physical cover.,RESERVE
FR,TWENTIETH_CENTURY,Hervé Bazin,1,12,18,/works/OL1319390W,Au nom du fils,Hervé Bazin,1.0000,1960,/books/OL21306087M,Aunom du fils,,fre,0.9630,0340124164,University of London Press,1972,,14393397,VALID_COVER,332,500,JPEG,data/cache/fr-mass-editorial-engine/covers/FR-OL21306087M.jpeg,NO,NO,166.2593,204.2593,AUTO_ACCEPT,Strong author/title/language match and validated physical cover.,RESERVE
FR,TWENTIETH_CENTURY,Jean Genet,1,12,18,/works/OL1281928W,Querelle de Brest,Jean Genet,1.0000,1953,/books/OL24217621M,Querelle,,eng | fre,0.9600,9780394178387,Grove Press,1974,,6555126,VALID_COVER,294,500,JPEG,data/cache/fr-mass-editorial-engine/covers/FR-OL24217621M.jpeg,NO,NO,166.2000,204.2000,AUTO_ACCEPT,Strong author/title/language match and validated physical cover.,RESERVE
FR,TWENTIETH_CENTURY,Léopold Sédar Senghor,1,12,18,/works/OL38826806W,Atlas du continent africain,Léopold Sédar Senghor,1.0000,1993,/books/OL12637917M,L'Atlas du continent africain (L'Atlas Jeune Afrique),,fre,0.9600,9782869502475,Editions du Jaguar,1993,,3152684,VALID_COVER,353,475,JPEG,data/cache/fr-mass-editorial-engine/covers/FR-OL12637917M.jpeg,NO,NO,166.2000,204.2000,AUTO_ACCEPT,Strong author/title/language match and validated physical cover.,RESERVE
FR,TWENTIETH_CENTURY,Louis-Ferdinand Céline,1,12,18,/works/OL12392517W,Pesanteur et féerie,"Colloque international Louis-Ferdinand Céline (13th 2000 Prague, Czech Republic)",0.9600,2001,/books/OL18351950M,Pesanteur et féerie,"actes du Treizième Colloque international Louis-Ferdinand Céline, Prague, 11-13 juillet 2000.",fre,1.0000,2913193021,Société d'études céliniennes,2001,,5414445,VALID_COVER,128,193,JPEG,data/cache/fr-mass-editorial-engine/covers/FR-OL18351950M.jpeg,NO,NO,166.2000,204.2000,AUTO_ACCEPT,Strong author/title/language match and validated physical cover.,RESERVE
FR,TWENTIETH_CENTURY,Marguerite Duras,1,20,30,/works/OL20656082W,L'amour,Marguerite Duras,1.0000,1990,/books/OL8837240M,Amour,,fre,0.9600,9782070281626,Gallimard,June 1990,,2136370,VALID_COVER,293,475,JPEG,data/cache/fr-mass-editorial-engine/covers/FR-OL8837240M.jpeg,NO,NO,166.2000,204.2000,AUTO_ACCEPT,Strong author/title/language match and validated physical cover.,RESERVE
FR,TWENTIETH_CENTURY,Marguerite Duras,1,20,30,/works/OL16994669W,Les parleuses,Marguerite Duras,1.0000,1974,/books/OL8913167M,Parleuses,,fre,0.9600,9782707300232,"Editions de Minuit,France","December 31, 1998",,983756,VALID_COVER,357,475,JPEG,data/cache/fr-mass-editorial-engine/covers/FR-OL8913167M.jpeg,NO,NO,166.2000,204.2000,AUTO_ACCEPT,Strong author/title/language match and validated physical cover.,RESERVE
FR,TWENTIETH_CENTURY,Marguerite Duras,1,20,30,/works/OL19742680W,Un barrage contre le Pacifique,Marguerite Duras,1.0000,1970,/books/OL8838090M,Un Barrage Contre Le Pacifique (Folio),,fre,0.9600,9782070368822,Gallimard,December 1970,,967415,VALID_COVER,299,475,JPEG,data/cache/fr-mass-editorial-engine/covers/FR-OL8838090M.jpeg,NO,NO,166.2000,204.2000,AUTO_ACCEPT,Strong author/title/language match and validated physical cover.,RESERVE
FR,TWENTIETH_CENTURY,Nathalie Sarraute,1,12,18,/works/OL1381577W,Plays,Nathalie Sarraute,1.0000,1978,/books/OL3847303M,Collected plays,,eng | fre,0.9600,0714537136,J. Calder,1980,,4332942,VALID_COVER,128,213,JPEG,data/cache/fr-mass-editorial-engine/covers/FR-OL3847303M.jpeg,NO,NO,166.2000,204.2000,AUTO_ACCEPT,Strong author/title/language match and validated physical cover.,RESERVE
FR,TWENTIETH_CENTURY,Paul Valéry,1,12,18,/works/OL741192W,Charmes,Paul Valéry,1.0000,1922,/books/OL3023703M,"Charmes, ou, Poèmes",,fre | eng,0.9600,0485127016,Athlone Press,1985,,10044885,VALID_COVER,359,500,JPEG,data/cache/fr-mass-editorial-engine/covers/FR-OL3023703M.jpeg,NO,NO,166.2000,204.2000,AUTO_ACCEPT,Strong author/title/language match and validated physical cover.,RESERVE
FR,TWENTIETH_CENTURY,Marguerite Duras,1,20,30,/works/OL17996367W,L'été 80,Marguerite Duras,1.0000,1980,/books/OL15141928M,L'é té 80,,fre,0.9412,2707303240,Editions de Minuit,1980,,9717545,VALID_COVER,315,500,JPEG,data/cache/fr-mass-editorial-engine/covers/FR-OL15141928M.jpeg,NO,NO,165.8235,203.8235,AUTO_ACCEPT,Strong author/title/language match and validated physical cover.,RESERVE
FR,TWENTIETH_CENTURY,Léopold Sédar Senghor,1,12,18,/works/OL1283564W,Poems,Léopold Sédar Senghor,1.0000,1964,/books/OL2939178M,Poèmes,,fre,0.9091,2020067579,Editions du Seuil,1984,,4204442,VALID_COVER,128,189,JPEG,data/cache/fr-mass-editorial-engine/covers/FR-OL2939178M.jpeg,NO,NO,165.1818,203.1818,AUTO_ACCEPT,Strong author/title/language match and validated physical cover.,RESERVE
FR,TWENTIETH_CENTURY,Guillaume Apollinaire,1,12,18,/works/OL8871012W,Poemes a Lou,Guillaume Apollinaire,1.0000,,/books/OL8837333M,Poemes a Lou,,fre,1.0000,9782070300099,Gallimard French,,,966255,VALID_COVER,292,475,JPEG,data/cache/fr-mass-editorial-engine/covers/FR-OL8837333M.jpeg,NO,NO,163.0000,197.0000,AUTO_ACCEPT,Strong author/title/language match and validated physical cover.,RESERVE
FR,TWENTIETH_CENTURY,Hervé Bazin,1,12,18,/works/OL8258604W,La Tete Contre Les Murs,Herve Bazin,1.0000,,/books/OL8887209M,La Tete Contre Les Murs,,fre,1.0000,9782253006176,Livre de Poche,,,976597,VALID_COVER,311,475,JPEG,data/cache/fr-mass-editorial-engine/covers/FR-OL8887209M.jpeg,NO,NO,163.0000,197.0000,AUTO_ACCEPT,Strong author/title/language match and validated physical cover.,RESERVE
FR,TWENTIETH_CENTURY,Hervé Bazin,1,12,18,/works/OL8258622W,Un Feu Devore UN Autre Feu,Herve Bazin,1.0000,,/books/OL9518307M,Un Feu Devore UN Autre Feu,,fre,1.0000,9782253024163,Livre de Poche,,,2151512,VALID_COVER,313,475,JPEG,data/cache/fr-mass-editorial-engine/covers/FR-OL9518307M.jpeg,NO,NO,163.0000,197.0000,AUTO_ACCEPT,Strong author/title/language match and validated physical cover.,RESERVE
FR,TWENTIETH_CENTURY,Marcel Aymé,1,16,24,/works/OL12604282W,Enjambées,Marcel Aymé,1.0000,,/books/OL19029982M,Enjambées,,fre,1.0000,2070414310,Gallimard,,,11382723,VALID_COVER,291,500,JPEG,data/cache/fr-mass-editorial-engine/covers/FR-OL19029982M.jpeg,NO,NO,163.0000,197.0000,AUTO_ACCEPT,Strong author/title/language match and validated physical cover.,RESERVE
FR,TWENTIETH_CENTURY,Marcel Aymé,1,16,24,/works/OL8586552W,Vin De Paris,Marcel Ayme,1.0000,,/books/OL12393677M,Vin De Paris,,fre,1.0000,9782070375158,Folio,,,3075275,VALID_COVER,285,475,JPEG,data/cache/fr-mass-editorial-engine/covers/FR-OL12393677M.jpeg,NO,NO,163.0000,197.0000,AUTO_ACCEPT,Strong author/title/language match and validated physical cover.,RESERVE
FR,TWENTIETH_CENTURY,Albert Cohen,1,10,15,/works/OL17956309W,Le livre de ma mère,Albert Cohen,1.0000,1954,/books/OL33012169M,Le livre de ma mère,,fre,1.0000,,Gallimard,1954,,11668074,VALID_COVER,306,500,JPEG,data/cache/fr-mass-editorial-engine/covers/FR-OL33012169M.jpeg,NO,NO,161.0000,194.0000,AUTO_ACCEPT,Strong author/title/language match and validated physical cover.,RESERVE
FR,TWENTIETH_CENTURY,André Breton,1,14,20,/works/OL74689W,La Clé des champs,André Breton,1.0000,1953,/books/OL206311M,La clé des champs,,fre,1.0000,,Éditions du Sagittaire,1953,,5793300,VALID_COVER,306,500,JPEG,data/cache/fr-mass-editorial-engine/covers/FR-OL206311M.jpeg,NO,NO,161.0000,194.0000,AUTO_ACCEPT,Strong author/title/language match and validated physical cover.,RESERVE
FR,TWENTIETH_CENTURY,André Breton,1,14,20,/works/OL10337286W,"Les Champs magnétiques, suivis de Vous m'oublierez et de S'il vous plaît, [par] André Breton [et] Philippe Soupault",André Breton,1.0000,1967,/books/OL33012824M,"Les Champs magnétiques, suivis de Vous m'oublierez et de S'il vous plaît, [par] André Breton [et] Philippe Soupault",,fre,1.0000,,Gallimard,1967,,11669091,VALID_COVER,288,500,JPEG,data/cache/fr-mass-editorial-engine/covers/FR-OL33012824M.jpeg,NO,NO,161.0000,194.0000,AUTO_ACCEPT,Strong author/title/language match and validated physical cover.,RESERVE
FR,TWENTIETH_CENTURY,André Breton,1,14,20,/works/OL74715W,Les vases communicants,André Breton,1.0000,1932,/books/OL33013433M,Les vases communicants,,fre,1.0000,,Gallimard,1955,,11670028,VALID_COVER,305,500,JPEG,data/cache/fr-mass-editorial-engine/covers/FR-OL33013433M.jpeg,NO,NO,161.0000,194.0000,AUTO_ACCEPT,Strong author/title/language match and validated physical cover.,RESERVE
FR,TWENTIETH_CENTURY,André Breton,1,14,20,/works/OL74698W,Ode à Charles Fourier,André Breton,1.0000,1947,/books/OL14820612M,Ode à Charles Fourier.,,fre,1.0000,,Librairie C. Klincksieck,1961,,9647633,VALID_COVER,320,500,JPEG,data/cache/fr-mass-editorial-engine/covers/FR-OL14820612M.jpeg,NO,NO,161.0000,194.0000,AUTO_ACCEPT,Strong author/title/language match and validated physical cover.,RESERVE
FR,TWENTIETH_CENTURY,André Gide,1,18,26,/works/OL630917W,Prétextes,André Gide,1.0000,1913,/books/OL23327891M,Prétextes,réflexions sur quelques points de littérature et de morale.,fre,1.0000,,Mercure de France,1919,,6092533,VALID_COVER,289,500,JPEG,data/cache/fr-mass-editorial-engine/covers/FR-OL23327891M.jpeg,NO,NO,161.0000,194.0000,AUTO_ACCEPT,Strong author/title/language match and validated physical cover.,RESERVE
FR,TWENTIETH_CENTURY,André Gide,1,18,26,/works/OL10340002W,Romans et essais,André Gide,1.0000,1921,/books/OL24146866M,Romans et essais.,,fre,1.0000,,G. Crès,1921,,6325001,VALID_COVER,290,500,JPEG,data/cache/fr-mass-editorial-engine/covers/FR-OL24146866M.jpeg,NO,NO,161.0000,194.0000,AUTO_ACCEPT,Strong author/title/language match and validated physical cover.,RESERVE
FR,TWENTIETH_CENTURY,André Gide,1,18,26,/works/OL630929W,Self-portraits,André Gide,1.0000,1966,/books/OL21511176M,Self-portraits,"the Gide/Valery letters, 1890-1942",eng | fre,1.0000,,University of Chicago Press,1966,,15060016,VALID_COVER,316,500,JPEG,data/cache/fr-mass-editorial-engine/covers/FR-OL21511176M.jpeg,NO,NO,161.0000,194.0000,AUTO_ACCEPT,Strong author/title/language match and validated physical cover.,RESERVE
FR,TWENTIETH_CENTURY,André Gide,1,18,26,/works/OL630874W,Si le grain ne meurt,André Gide,1.0000,1924,/books/OL40214633M,Si le grain ne meurt,,fre,1.0000,,Clarendon Press,1928,,12971009,VALID_COVER,305,500,JPEG,data/cache/fr-mass-editorial-engine/covers/FR-OL40214633M.jpeg,NO,NO,161.0000,194.0000,AUTO_ACCEPT,Strong author/title/language match and validated physical cover.,RESERVE
FR,TWENTIETH_CENTURY,André Gide,1,18,26,/works/OL10340076W,Souvenirs de la Cour d'assises,André Gide,1.0000,1913,/books/OL24163343M,Souvenirs de la Cour d'assises.,,fre,1.0000,,Nouvelle revue française,1913,,6341604,VALID_COVER,301,500,JPEG,data/cache/fr-mass-editorial-engine/covers/FR-OL24163343M.jpeg,NO,NO,161.0000,194.0000,AUTO_ACCEPT,Strong author/title/language match and validated physical cover.,RESERVE
FR,TWENTIETH_CENTURY,André Gide,1,18,26,/works/OL630984W,The trial,André Gide,1.0000,1963,/books/OL5886179M,The trial,a dramatization based on Franz Kafka's novel,eng | fre,1.0000,,Schocken Books,1964,,9596619,VALID_COVER,332,500,JPEG,data/cache/fr-mass-editorial-engine/covers/FR-OL5886179M.jpeg,NO,NO,161.0000,194.0000,AUTO_ACCEPT,Strong author/title/language match and validated physical cover.,RESERVE
FR,TWENTIETH_CENTURY,André Malraux,1,14,20,/works/OL652915W,Le miroir des limbes,André Malraux,1.0000,1976,/books/OL4626328M,Le miroir des limbes,,fre,1.0000,,Gallimard,1976,,9528254,VALID_COVER,282,500,JPEG,data/cache/fr-mass-editorial-engine/covers/FR-OL4626328M.jpeg,NO,NO,161.0000,194.0000,AUTO_ACCEPT,Strong author/title/language match and validated physical cover.,RESERVE
FR,TWENTIETH_CENTURY,André Malraux,1,14,20,/works/OL24839698W,Le triangle noir,André Malraux,1.0000,1970,/books/OL33013494M,Le triangle noir,,fre,1.0000,,Gallimard,1970,,11670160,VALID_COVER,288,500,JPEG,data/cache/fr-mass-editorial-engine/covers/FR-OL33013494M.jpeg,NO,NO,161.0000,194.0000,AUTO_ACCEPT,Strong author/title/language match and validated physical cover.,RESERVE
FR,TWENTIETH_CENTURY,André Malraux,1,14,20,/works/OL652935W,Les chênes qu'on abat,André Malraux,1.0000,1971,/books/OL5200726M,Les chênes qu'on abat.,,fre,1.0000,,Gallimard,1971,,9643844,VALID_COVER,301,500,JPEG,data/cache/fr-mass-editorial-engine/covers/FR-OL5200726M.jpeg,NO,NO,161.0000,194.0000,AUTO_ACCEPT,Strong author/title/language match and validated physical cover.,RESERVE
FR,TWENTIETH_CENTURY,André Malraux,1,14,20,/works/OL652925W,Psychologie de l'art,André Malraux,1.0000,1947,/books/OL21152510M,Psychologie de l'art,,fre | eng,1.0000,,A. Skira,1947,,14998846,VALID_COVER,312,500,JPEG,data/cache/fr-mass-editorial-engine/covers/FR-OL21152510M.jpeg,NO,NO,161.0000,194.0000,AUTO_ACCEPT,Strong author/title/language match and validated physical cover.,RESERVE
FR,TWENTIETH_CENTURY,Eugène Ionesco,1,12,18,/works/OL674707W,A stroll in the air,Eugène Ionesco,1.0000,1968,/books/OL5630597M,A stroll in the air.,"Frenzy for two, or more.",eng | fre,1.0000,,Grove Press,1968,,6566442,VALID_COVER,318,500,JPEG,data/cache/fr-mass-editorial-engine/covers/FR-OL5630597M.jpeg,NO,NO,161.0000,194.0000,AUTO_ACCEPT,Strong author/title/language match and validated physical cover.,RESERVE
FR,TWENTIETH_CENTURY,Eugène Ionesco,1,12,18,/works/OL674712W,Antidotes,Eugène Ionesco,1.0000,1977,/books/OL4687435M,Antidotes,,fre,1.0000,,Gallimard,1977,,9789574,VALID_COVER,326,500,JPEG,data/cache/fr-mass-editorial-engine/covers/FR-OL4687435M.jpeg,NO,NO,161.0000,194.0000,AUTO_ACCEPT,Strong author/title/language match and validated physical cover.,RESERVE
FR,TWENTIETH_CENTURY,Eugène Ionesco,1,12,18,/works/OL674675W,Exit the king,Eugène Ionesco,1.0000,1963,/books/OL5984528M,Exit the king.,,eng | fre,1.0000,,Grove Press,1963,,6956434,VALID_COVER,346,500,JPEG,data/cache/fr-mass-editorial-engine/covers/FR-OL5984528M.jpeg,NO,NO,161.0000,194.0000,AUTO_ACCEPT,Strong author/title/language match and validated physical cover.,RESERVE
FR,TWENTIETH_CENTURY,Eugène Ionesco,1,12,18,/works/OL674682W,"Hunger and thirst, and other plays",Eugène Ionesco,1.0000,1969,/books/OL5432107M,"Hunger and thirst, and other plays.",,eng | fre,1.0000,,Grove Press,1969,,6515026,VALID_COVER,331,500,JPEG,data/cache/fr-mass-editorial-engine/covers/FR-OL5432107M.jpeg,NO,NO,161.0000,194.0000,AUTO_ACCEPT,Strong author/title/language match and validated physical cover.,RESERVE
FR,TWENTIETH_CENTURY,Eugène Ionesco,1,12,18,/works/OL24835953W,Journal en miettes,Eugène Ionesco,1.0000,1967,/books/OL33007529M,Journal en miettes,,fre,1.0000,,Mercure de France,1967,,11659463,VALID_COVER,334,500,JPEG,data/cache/fr-mass-editorial-engine/covers/FR-OL33007529M.jpeg,NO,NO,161.0000,194.0000,AUTO_ACCEPT,Strong author/title/language match and validated physical cover.,RESERVE
FR,TWENTIETH_CENTURY,François Mauriac,1,16,24,/works/OL1171710W,Anguish and joy of the Christian life,François Mauriac,1.0000,1964,/books/OL5913205M,Anguish and joy of the Christian life.,,eng | fre,1.0000,,Dimension Books,1964,,9295461,VALID_COVER,320,500,JPEG,data/cache/fr-mass-editorial-engine/covers/FR-OL5913205M.jpeg,NO,NO,161.0000,194.0000,AUTO_ACCEPT,Strong author/title/language match and validated physical cover.,RESERVE
FR,TWENTIETH_CENTURY,François Mauriac,1,16,24,/works/OL15725176W,D'autres et moi,François Mauriac,1.0000,1966,/books/OL5979051M,D'autres et moi.,Textes recueillis et commentés,fre,1.0000,,B. Grasset,1966,,9569834,VALID_COVER,336,500,JPEG,data/cache/fr-mass-editorial-engine/covers/FR-OL5979051M.jpeg,NO,NO,161.0000,194.0000,AUTO_ACCEPT,Strong author/title/language match and validated physical cover.,RESERVE
FR,TWENTIETH_CENTURY,François Mauriac,1,16,24,/works/OL10340925W,De Gaulle,François Mauriac,1.0000,1964,/books/OL5943067M,De Gaulle.,,eng | fre,1.0000,,Doubleday,1966,,7129181,VALID_COVER,337,500,JPEG,data/cache/fr-mass-editorial-engine/covers/FR-OL5943067M.jpeg,NO,NO,161.0000,194.0000,AUTO_ACCEPT,Strong author/title/language match and validated physical cover.,RESERVE
FR,TWENTIETH_CENTURY,François Mauriac,1,16,24,/works/OL1171768W,Génitrix,François Mauriac,1.0000,1923,/books/OL5987101M,Génitrix,,fre,1.0000,,Prentice-Hall,1966,,9634298,VALID_COVER,346,500,JPEG,data/cache/fr-mass-editorial-engine/covers/FR-OL5987101M.jpeg,NO,NO,161.0000,194.0000,AUTO_ACCEPT,Strong author/title/language match and validated physical cover.,RESERVE
FR,TWENTIETH_CENTURY,François Mauriac,1,16,24,/works/OL1171747W,L' adieu à l'adolescence,François Mauriac,1.0000,1911,/books/OL17997428M,L' adieu à l'adolescence,poème.,fre,1.0000,,P.V. Stock,1911,,5980740,VALID_COVER,302,500,JPEG,data/cache/fr-mass-editorial-engine/covers/FR-OL17997428M.jpeg,NO,NO,161.0000,194.0000,AUTO_ACCEPT,Strong author/title/language match and validated physical cover.,RESERVE
FR,TWENTIETH_CENTURY,François Mauriac,1,16,24,/works/OL1171763W,L' agneau,François Mauriac,1.0000,1954,/books/OL6152119M,L' agneau,roman.,fre,1.0000,,Flammarion,1954,,9551509,VALID_COVER,307,500,JPEG,data/cache/fr-mass-editorial-engine/covers/FR-OL6152119M.jpeg,NO,NO,161.0000,194.0000,AUTO_ACCEPT,Strong author/title/language match and validated physical cover.,RESERVE
FR,TWENTIETH_CENTURY,François Mauriac,1,16,24,/works/OL10340933W,L' enfant chargé de chaînes,François Mauriac,1.0000,1913,/books/OL17997326M,L' enfant chargé de chaînes.,,fre,1.0000,,B. Grasset,1913,,5980713,VALID_COVER,315,500,JPEG,data/cache/fr-mass-editorial-engine/covers/FR-OL17997326M.jpeg,NO,NO,161.0000,194.0000,AUTO_ACCEPT,Strong author/title/language match and validated physical cover.,RESERVE
FR,TWENTIETH_CENTURY,François Mauriac,1,16,24,/works/OL10340946W,La chair et le sang,François Mauriac,1.0000,1900,/books/OL23308563M,La chair et le sang.,,fre,1.0000,,Émile-Paul frères,1920,,6527145,VALID_COVER,310,500,JPEG,data/cache/fr-mass-editorial-engine/covers/FR-OL23308563M.jpeg,NO,NO,161.0000,194.0000,AUTO_ACCEPT,Strong author/title/language match and validated physical cover.,RESERVE
FR,TWENTIETH_CENTURY,Guillaume Apollinaire,1,12,18,/works/OL1259766W,À quelle heure un train partira-t-il pour Paris?,Guillaume Apollinaire,1.0000,1982,/books/OL2925687M,A quelle heure un train partira-t-il pour Paris?,pantomime,fre,1.0000,,Bibliothèque artistique & littéraire,1982,,9858191,VALID_COVER,303,500,JPEG,data/cache/fr-mass-editorial-engine/covers/FR-OL2925687M.jpeg,NO,NO,161.0000,194.0000,AUTO_ACCEPT,Strong author/title/language match and validated physical cover.,RESERVE
FR,TWENTIETH_CENTURY,Guillaume Apollinaire,1,12,18,/works/OL24247329W,Alcools,Guillaume Apollinaire,1.0000,1944,/books/OL32973188M,Alcools,,fre,1.0000,,Gallimard,1944,,11586722,VALID_COVER,316,500,JPEG,data/cache/fr-mass-editorial-engine/covers/FR-OL32973188M.jpeg,NO,NO,161.0000,194.0000,AUTO_ACCEPT,Strong author/title/language match and validated physical cover.,RESERVE
FR,TWENTIETH_CENTURY,Jean Genet,1,12,18,/works/OL1281895W,Les bonnes & Comment jouer Les bonnes,Jean Genet,1.0000,1963,/books/OL6020691M,Les bonnes & Comment jouer Les bonnes.,,fre,1.0000,,M. Barbezat,1963,,9805614,VALID_COVER,358,500,JPEG,data/cache/fr-mass-editorial-engine/covers/FR-OL6020691M.jpeg,NO,NO,161.0000,194.0000,AUTO_ACCEPT,Strong author/title/language match and validated physical cover.,RESERVE
FR,TWENTIETH_CENTURY,Jean Genet,1,12,18,/works/OL1281918W,Les\Paravents,Jean Genet,1.0000,1961,/books/OL4976775M,Les paravents,,fre,1.0000,,M. Barbezat,1976,,7257213,VALID_COVER,300,300,JPEG,data/cache/fr-mass-editorial-engine/covers/FR-OL4976775M.jpeg,NO,NO,161.0000,194.0000,AUTO_ACCEPT,Strong author/title/language match and validated physical cover.,RESERVE
FR,TWENTIETH_CENTURY,Jean Genet,1,12,18,/works/OL7435378W,Lettres à Roger Blin,Jean Genet,1.0000,1966,/books/OL17160949M,Lettres à Roger Blin,,fre,1.0000,,Gallimard,1966,,9578321,VALID_COVER,336,500,JPEG,data/cache/fr-mass-editorial-engine/covers/FR-OL17160949M.jpeg,NO,NO,161.0000,194.0000,AUTO_ACCEPT,Strong author/title/language match and validated physical cover.,RESERVE
FR,TWENTIETH_CENTURY,Joseph Kessel,1,16,24,/works/OL8068243W,Le temps de l'espérance,Joseph Kessel,1.0000,1968,/books/OL19917414M,Le temps de l'espérance,,fre | eng,1.0000,,Plon,1968,,15003720,VALID_COVER,303,500,JPEG,data/cache/fr-mass-editorial-engine/covers/FR-OL19917414M.jpeg,NO,NO,161.0000,194.0000,AUTO_ACCEPT,Strong author/title/language match and validated physical cover.,RESERVE
FR,TWENTIETH_CENTURY,Joseph Kessel,1,16,24,/works/OL15391366W,Les mains du miracle,Joseph Kessel,1.0000,1960,/books/OL24369039M,Les mains du miracle,,fre,1.0000,,Gallimard,1960,,6601002,VALID_COVER,333,500,JPEG,data/cache/fr-mass-editorial-engine/covers/FR-OL24369039M.jpeg,NO,NO,161.0000,194.0000,AUTO_ACCEPT,Strong author/title/language match and validated physical cover.,RESERVE
FR,TWENTIETH_CENTURY,Joseph Kessel,1,16,24,/works/OL1306826W,The lion,Joseph Kessel,1.0000,1959,/books/OL6272592M,The lion.,,eng | fre,1.0000,,Knopf,1959,,6635043,VALID_COVER,314,500,JPEG,data/cache/fr-mass-editorial-engine/covers/FR-OL6272592M.jpeg,NO,NO,161.0000,194.0000,AUTO_ACCEPT,Strong author/title/language match and validated physical cover.,RESERVE
FR,TWENTIETH_CENTURY,Léopold Sédar Senghor,1,12,18,/works/OL10340175W,Anthologie de la nouvelle poésie nègre et malgache de langue française,Léopold Sédar Senghor,1.0000,1948,/books/OL21926897M,Anthologie de la nouvelle poésie nègre et malgache de langue française,,fre,1.0000,,Presses universitaires de France,1969,,9926293,VALID_COVER,323,500,JPEG,data/cache/fr-mass-editorial-engine/covers/FR-OL21926897M.jpeg,NO,NO,161.0000,194.0000,AUTO_ACCEPT,Strong author/title/language match and validated physical cover.,RESERVE
FR,TWENTIETH_CENTURY,Léopold Sédar Senghor,1,12,18,/works/OL1283517W,Hosties noires,Léopold Sédar Senghor,1.0000,1948,/books/OL2473103M,Hosties noires,,fre,1.0000,,Editions du Seuil,1948,,15087380,VALID_COVER,244,500,JPEG,data/cache/fr-mass-editorial-engine/covers/FR-OL2473103M.jpeg,NO,NO,161.0000,194.0000,AUTO_ACCEPT,Strong author/title/language match and validated physical cover.,RESERVE
FR,TWENTIETH_CENTURY,Léopold Sédar Senghor,1,12,18,/works/OL1283563W,Selected poems,Léopold Sédar Senghor,1.0000,1964,/books/OL5915633M,Selected poems.,,eng | fre,1.0000,,Atheneum,1964,,9703627,VALID_COVER,306,500,JPEG,data/cache/fr-mass-editorial-engine/covers/FR-OL5915633M.jpeg,NO,NO,161.0000,194.0000,AUTO_ACCEPT,Strong author/title/language match and validated physical cover.,RESERVE
FR,TWENTIETH_CENTURY,Marcel Aymé,1,16,24,/works/OL867634W,Across Paris,Marcel Aymé,1.0000,1957,/books/OL6250642M,Across Paris,and other stories.,eng | fre,1.0000,,Harper,1958,,7234300,VALID_COVER,338,500,JPEG,data/cache/fr-mass-editorial-engine/covers/FR-OL6250642M.jpeg,NO,NO,161.0000,194.0000,AUTO_ACCEPT,Strong author/title/language match and validated physical cover.,RESERVE
FR,TWENTIETH_CENTURY,Marcel Aymé,1,16,24,/works/OL867610W,Les bottes de sept lieus et autres nouvelles,Marcel Aymé,1.0000,1980,/books/OL3827612M,Les bottes de sept lieus et autres nouvelles,,fre,1.0000,,Gallimard,1980,,10778931,VALID_COVER,302,500,JPEG,data/cache/fr-mass-editorial-engine/covers/FR-OL3827612M.jpeg,NO,NO,161.0000,194.0000,AUTO_ACCEPT,Strong author/title/language match and validated physical cover.,RESERVE
FR,TWENTIETH_CENTURY,Marcel Aymé,1,16,24,/works/OL867615W,Les meilleures nouvelles de Marcel Aymeâ,Marcel Aymé,1.0000,1964,/books/OL14830915M,Les meilleures nouvelles de Marcel Aymeâ.,,fre,1.0000,,Scribner,1964,,9385907,VALID_COVER,344,500,JPEG,data/cache/fr-mass-editorial-engine/covers/FR-OL14830915M.jpeg,NO,NO,161.0000,194.0000,AUTO_ACCEPT,Strong author/title/language match and validated physical cover.,RESERVE
FR,TWENTIETH_CENTURY,Marcel Aymé,1,16,24,/works/OL867626W,The proverb,Marcel Aymé,1.0000,1961,/books/OL5822695M,The proverb,and other stories.,eng | fre,1.0000,,Atheneum,1961,,6967482,VALID_COVER,297,500,JPEG,data/cache/fr-mass-editorial-engine/covers/FR-OL5822695M.jpeg,NO,NO,161.0000,194.0000,AUTO_ACCEPT,Strong author/title/language match and validated physical cover.,RESERVE
FR,TWENTIETH_CENTURY,Marguerite Duras,1,20,30,/works/OL18000333W,Théâtre,Marguerite Duras,1.0000,1965,/books/OL6003409M,Théâtre.,,fre,1.0000,,Gallimard,1965,,9596740,VALID_COVER,310,500,JPEG,data/cache/fr-mass-editorial-engine/covers/FR-OL6003409M.jpeg,NO,NO,161.0000,194.0000,AUTO_ACCEPT,Strong author/title/language match and validated physical cover.,RESERVE
FR,TWENTIETH_CENTURY,Nathalie Sarraute,1,12,18,/works/OL1381571W,Entre la Vie et la Mort,Nathalie Sarraute,1.0000,1968,/books/OL5667979M,Entre la vie et la mort.,,fre,1.0000,,Gallimard,1968,,9493990,VALID_COVER,303,500,JPEG,data/cache/fr-mass-editorial-engine/covers/FR-OL5667979M.jpeg,NO,NO,161.0000,194.0000,AUTO_ACCEPT,Strong author/title/language match and validated physical cover.,RESERVE
FR,TWENTIETH_CENTURY,Nathalie Sarraute,1,12,18,/works/OL12359681W,Entre la vie et la mort,Nathalie Sarraute,1.0000,1968,/books/OL22208058M,Entre la vie et la mort,,fre | eng,1.0000,,Gallimard,1968,,14913599,VALID_COVER,294,500,JPEG,data/cache/fr-mass-editorial-engine/covers/FR-OL22208058M.jpeg,NO,NO,161.0000,194.0000,AUTO_ACCEPT,Strong author/title/language match and validated physical cover.,RESERVE
FR,TWENTIETH_CENTURY,Paul Claudel,1,12,18,/works/OL1099089W,Sous le Signe du Dragon,Paul Claudel,1.0000,1948,/books/OL6056143M,Sous le signe du dragon.,,fre,1.0000,,Table ronde,1948,,9293034,VALID_COVER,280,500,JPEG,data/cache/fr-mass-editorial-engine/covers/FR-OL6056143M.jpeg,NO,NO,161.0000,194.0000,AUTO_ACCEPT,Strong author/title/language match and validated physical cover.,RESERVE
FR,TWENTIETH_CENTURY,Paul Claudel,1,12,18,/works/OL1099093W,Théâtre (première série) ..,Paul Claudel,1.0000,1910,/books/OL176552M,Théâtre (première série),,fre,1.0000,,Mercure de France,1910,,15115248,VALID_COVER,312,500,JPEG,data/cache/fr-mass-editorial-engine/covers/FR-OL176552M.jpeg,NO,NO,161.0000,194.0000,AUTO_ACCEPT,Strong author/title/language match and validated physical cover.,RESERVE
FR,TWENTIETH_CENTURY,Paul Valéry,1,12,18,/works/OL15721324W,Album de vers anciens,Paul Valéry,1.0000,1920,/books/OL24786134M,Album de vers anciens,,fre,1.0000,,A. Monnier,1920,,6840283,VALID_COVER,336,500,JPEG,data/cache/fr-mass-editorial-engine/covers/FR-OL24786134M.jpeg,NO,NO,161.0000,194.0000,AUTO_ACCEPT,Strong author/title/language match and validated physical cover.,RESERVE
FR,TWENTIETH_CENTURY,Paul Valéry,1,12,18,/works/OL15726101W,Introduction à la méthode de Léonard de Vinci,Paul Valéry,1.0000,1919,/books/OL24786588M,Introduction à la méthode de Léonard de Vinci,,fre,1.0000,,Nouvelle revue française,1919,,6840742,VALID_COVER,295,500,JPEG,data/cache/fr-mass-editorial-engine/covers/FR-OL24786588M.jpeg,NO,NO,161.0000,194.0000,AUTO_ACCEPT,Strong author/title/language match and validated physical cover.,RESERVE
FR,TWENTIETH_CENTURY,Paul Valéry,1,12,18,/works/OL10340260W,La soirée avec M. Teste,Paul Valéry,1.0000,1919,/books/OL23364193M,La soirée avec M. Teste.,,fre,1.0000,,Nouvelle Revue Française,1919,,5760674,VALID_COVER,357,500,JPEG,data/cache/fr-mass-editorial-engine/covers/FR-OL23364193M.jpeg,NO,NO,161.0000,194.0000,AUTO_ACCEPT,Strong author/title/language match and validated physical cover.,RESERVE
FR,TWENTIETH_CENTURY,Paul Valéry,1,12,18,/works/OL24286771W,Oeuvres,Paul Valéry,1.0000,1960,/books/OL32126514M,Oeuvres,"Monsieur Teste. Eupalinos ou l'Architecte. L'Ame et la danse. Dialogue de l'arbre. L'Idée fixe. Mon Faust (ébauches). Histoires brisées. Tel quel. Mauvaises pensées et autres. Regard sur le monde actuel. Degas, danse, dessin. Pièces sur l'art",fre,1.0000,,Gallimard,1960,,10788155,VALID_COVER,282,500,JPEG,data/cache/fr-mass-editorial-engine/covers/FR-OL32126514M.jpeg,NO,NO,161.0000,194.0000,AUTO_ACCEPT,Strong author/title/language match and validated physical cover.,RESERVE
FR,TWENTIETH_CENTURY,Raymond Queneau,1,14,20,/works/OL1364423W,"Si tu t'imagines, 1920-1948",Raymond Queneau,1.0000,1968,/books/OL5668588M,"Si tu t'imagines, 1920-1948.",,fre,1.0000,,Gallimard,1968,,9446228,VALID_COVER,364,500,JPEG,data/cache/fr-mass-editorial-engine/covers/FR-OL5668588M.jpeg,NO,NO,161.0000,194.0000,AUTO_ACCEPT,Strong author/title/language match and validated physical cover.,RESERVE
FR,TWENTIETH_CENTURY,René Char,1,10,15,/works/OL1292373W,Aromates chasseurs,René Char,1.0000,1975,/books/OL4971547M,Aromates chasseurs,,fre,1.0000,,Gallimard,1975,,10310344,VALID_COVER,346,500,JPEG,data/cache/fr-mass-editorial-engine/covers/FR-OL4971547M.jpeg,NO,NO,161.0000,194.0000,AUTO_ACCEPT,Strong author/title/language match and validated physical cover.,RESERVE
FR,TWENTIETH_CENTURY,René Char,1,10,15,/works/OL17982687W,Commune présence,René Char,1.0000,1964,/books/OL32981347M,Commune présence,,fre,1.0000,,Gallimard,1964,,11607175,VALID_COVER,331,500,JPEG,data/cache/fr-mass-editorial-engine/covers/FR-OL32981347M.jpeg,NO,NO,161.0000,194.0000,AUTO_ACCEPT,Strong author/title/language match and validated physical cover.,RESERVE
FR,TWENTIETH_CENTURY,Roger Martin du Gard,1,12,18,/works/OL1363588W,Jean Barois,Roger Martin du Gard,1.0000,1921,/books/OL6048773M,Jean Barois,,eng | fre,1.0000,,Viking Press,1949,,6618110,VALID_COVER,302,500,JPEG,data/cache/fr-mass-editorial-engine/covers/FR-OL6048773M.jpeg,NO,NO,161.0000,194.0000,AUTO_ACCEPT,Strong author/title/language match and validated physical cover.,RESERVE
FR,TWENTIETH_CENTURY,Roger Martin du Gard,1,12,18,/works/OL16994096W,Jean Barois,Roger Martin du Gard,1.0000,1921,/books/OL25571252M,Jean Barois,Roger Martin du Gard,fre,1.0000,,Gallimard,1921,,10259140,VALID_COVER,320,500,JPEG,data/cache/fr-mass-editorial-engine/covers/FR-OL25571252M.jpeg,NO,NO,161.0000,194.0000,AUTO_ACCEPT,Strong author/title/language match and validated physical cover.,RESERVE
FR,TWENTIETH_CENTURY,Roger Martin du Gard,1,12,18,/works/OL17993559W,Jean Barois,Roger Martin du Gard,1.0000,1969,/books/OL26574957M,Jean Barois,,eng | fre,1.0000,,Bobbs-Merrill,1969,,9582153,VALID_COVER,311,500,JPEG,data/cache/fr-mass-editorial-engine/covers/FR-OL26574957M.jpeg,NO,NO,161.0000,194.0000,AUTO_ACCEPT,Strong author/title/language match and validated physical cover.,RESERVE
FR,TWENTIETH_CENTURY,Roger Martin du Gard,1,12,18,/works/OL1363587W,Les Thibault,Roger Martin du Gard,1.0000,1922,/books/OL17997471M,Les Thibault.,,fre,1.0000,,Gallimard,1922,,5980752,VALID_COVER,323,500,JPEG,data/cache/fr-mass-editorial-engine/covers/FR-OL17997471M.jpeg,NO,NO,161.0000,194.0000,AUTO_ACCEPT,Strong author/title/language match and validated physical cover.,RESERVE
FR,TWENTIETH_CENTURY,Roger Martin du Gard,1,12,18,/works/OL16026267W,Les Thibault,Roger Martin du Gard,1.0000,1972,/books/OL24929541M,Les Thibault,,fre,1.0000,,Gallimard,1972,,6873180,VALID_COVER,332,500,JPEG,data/cache/fr-mass-editorial-engine/covers/FR-OL24929541M.jpeg,NO,NO,161.0000,194.0000,AUTO_ACCEPT,Strong author/title/language match and validated physical cover.,RESERVE
FR,TWENTIETH_CENTURY,Roger Martin du Gard,1,12,18,/works/OL1363579W,Recollections of André Gide,Roger Martin du Gard,1.0000,1953,/books/OL6133154M,Recollections of André Gide.,,eng | fre,1.0000,,Viking Press,1953,,15049821,VALID_COVER,308,500,JPEG,data/cache/fr-mass-editorial-engine/covers/FR-OL6133154M.jpeg,NO,NO,161.0000,194.0000,AUTO_ACCEPT,Strong author/title/language match and validated physical cover.,RESERVE
FR,TWENTIETH_CENTURY,Samuel Beckett,1,12,18,/works/OL15210903W,Oh les beaux jours (Happy days),Samuel Beckett,1.0000,1963,/books/OL6002192M,Oh les beaux jours (Happy days),pièce en deux actes,eng | fre,1.0000,,Éditions de Minuit,1963,,9433044,VALID_COVER,259,500,JPEG,data/cache/fr-mass-editorial-engine/covers/FR-OL6002192M.jpeg,NO,NO,161.0000,194.0000,AUTO_ACCEPT,Strong author/title/language match and validated physical cover.,RESERVE
FR,TWENTIETH_CENTURY,Samuel Beckett,1,12,18,/works/OL15210974W,Poems in English,Samuel Beckett,1.0000,1961,/books/OL5880284M,Poems in English.,,eng | fre,1.0000,,Grove Press,1963,,9314572,VALID_COVER,320,500,JPEG,data/cache/fr-mass-editorial-engine/covers/FR-OL5880284M.jpeg,NO,NO,161.0000,194.0000,AUTO_ACCEPT,Strong author/title/language match and validated physical cover.,RESERVE
FR,YOUTH,Claude Ponti,1,18,26,/works/OL750533W,Paris,Claude Ponti,1.0000,2003,/books/OL12454732M,Paris,,fre,1.0000,9782211070980,Ecole des loisirs,"March 19, 2003",,3094283,VALID_COVER,370,475,JPEG,data/cache/fr-mass-editorial-engine/covers/FR-OL12454732M.jpeg,NO,NO,167.0000,205.0000,AUTO_ACCEPT,Strong author/title/language match and validated physical cover.,RESERVE
FR,YOUTH,Claude Ponti,1,18,26,/works/OL34946482W,Revanche de lili prune,Claude Ponti,1.0000,2006,/books/OL47306750M,Revanche de lili prune,,fre,1.0000,9782211083751,EDL,"Jun 12, 2006",,13771350,VALID_COVER,364,475,JPEG,data/cache/fr-mass-editorial-engine/covers/FR-OL47306750M.jpeg,NO,NO,167.0000,205.0000,AUTO_ACCEPT,Strong author/title/language match and validated physical cover.,RESERVE
FR,YOUTH,Claude Ponti,1,18,26,/works/OL750545W,Sur l'île des Zertes,Claude Ponti,1.0000,2000,/books/OL9691307M,Sur l'île des Zertes,,fre,1.0000,9782211055734,L'Ecole des loisirs,"May 19, 2000",,2144843,VALID_COVER,475,352,JPEG,data/cache/fr-mass-editorial-engine/covers/FR-OL9691307M.jpeg,NO,NO,167.0000,205.0000,AUTO_ACCEPT,Strong author/title/language match and validated physical cover.,RESERVE
FR,YOUTH,Jean-Jacques Sempé,1,12,18,/works/OL2383600W,Marcellin Caillou,Jean-Jacques Sempé,1.0000,1969,/books/OL17360595M,Marcellin Caillou.,,fre,1.0000,2070330249,Denoël,1977,,6909274,VALID_COVER,301,500,JPEG,data/cache/fr-mass-editorial-engine/covers/FR-OL17360595M.jpeg,NO,NO,167.0000,205.0000,AUTO_ACCEPT,Strong author/title/language match and validated physical cover.,RESERVE
FR,YOUTH,Jean-Jacques Sempé,1,12,18,/works/OL8972781W,Marcellin Caillou,Jean-Jacques Sempé,1.0000,1994,/books/OL8839640M,Marcellin Caillou,,fre,1.0000,9782070420742,Gallimard,"October 31, 2001",,968922,VALID_COVER,287,475,JPEG,data/cache/fr-mass-editorial-engine/covers/FR-OL8839640M.jpeg,NO,NO,167.0000,205.0000,AUTO_ACCEPT,Strong author/title/language match and validated physical cover.,RESERVE
FR,YOUTH,Jean-Jacques Sempé,1,12,18,/works/OL8972004W,Marcellin Caillou,Jean-Jacques Sempé,1.0000,1990,/books/OL9824616M,Marcellin Caillou,,fre,1.0000,9782070335619,Livre de Poche,December 1990,,2136530,VALID_COVER,284,475,JPEG,data/cache/fr-mass-editorial-engine/covers/FR-OL9824616M.jpeg,NO,NO,167.0000,205.0000,AUTO_ACCEPT,Strong author/title/language match and validated physical cover.,RESERVE
FR,YOUTH,Jean-Jacques Sempé,1,12,18,/works/OL8289892W,Marcellin Caillou,Jean-Jacques Sempé,1.0000,1999,/books/OL8839983M,Marcellin Caillou,,fre,1.0000,9782070514250,Gallimard French,June 1999,,2137448,VALID_COVER,326,475,JPEG,data/cache/fr-mass-editorial-engine/covers/FR-OL8839983M.jpeg,NO,NO,167.0000,205.0000,AUTO_ACCEPT,Strong author/title/language match and validated physical cover.,RESERVE
FR,YOUTH,Jean-Jacques Sempé,1,12,18,/works/OL8972782W,Monsieur Lambert,Jean-Jacques Sempé,1.0000,1985,/books/OL9506723M,Monsieur Lambert,,fre,1.0000,9782207201442,Denoël,"November 25, 1985",,2144262,VALID_COVER,371,475,JPEG,data/cache/fr-mass-editorial-engine/covers/FR-OL9506723M.jpeg,NO,NO,167.0000,205.0000,AUTO_ACCEPT,Strong author/title/language match and validated physical cover.,RESERVE
FR,YOUTH,Jean-Jacques Sempé,1,12,18,/works/OL8972783W,Par avion,Jean-Jacques Sempé,1.0000,1989,/books/OL8864405M,Par avion,,fre,1.0000,9782207235973,Denoël,"January 1, 1989",,973524,VALID_COVER,380,475,JPEG,data/cache/fr-mass-editorial-engine/covers/FR-OL8864405M.jpeg,NO,NO,167.0000,205.0000,AUTO_ACCEPT,Strong author/title/language match and validated physical cover.,RESERVE
FR,YOUTH,Marie-Aude Murail,1,18,26,/works/OL3566160W,"Oh, boy!",Marie-Aude Murail,1.0000,2000,/books/OL8864823M,"Oh, boy!",,fre,1.0000,9782211056427,L'Ecole des loisirs,"March 18, 2000",,973991,VALID_COVER,316,475,JPEG,data/cache/fr-mass-editorial-engine/covers/FR-OL8864823M.jpeg,NO,NO,167.0000,205.0000,AUTO_ACCEPT,Strong author/title/language match and validated physical cover.,RESERVE
FR,YOUTH,Marie-Aude Murail,1,18,26,/works/OL24845751W,Patte-Blanche,Marie-Aude Murail,1.0000,2005,/books/OL33022763M,Patte-Blanche,,fre,1.0000,9782211078795,L'Ecole des loisirs,2005,,11693052,VALID_COVER,312,500,JPEG,data/cache/fr-mass-editorial-engine/covers/FR-OL33022763M.jpeg,NO,NO,167.0000,205.0000,AUTO_ACCEPT,Strong author/title/language match and validated physical cover.,RESERVE
FR,YOUTH,Marie-Aude Murail,1,18,26,/works/OL3566165W,Rendez-vous avec Monsieur X,Marie-Aude Murail,1.0000,1998,/books/OL12453762M,Rendez-vous avec Monsieur X,,fre,1.0000,9782211046978,L'Ecole des loisirs,"April 24, 1998",,3093330,VALID_COVER,309,475,JPEG,data/cache/fr-mass-editorial-engine/covers/FR-OL12453762M.jpeg,NO,NO,167.0000,205.0000,AUTO_ACCEPT,Strong author/title/language match and validated physical cover.,RESERVE
FR,YOUTH,Marie-Aude Murail,1,18,26,/works/OL28169608W,Rendez-vous avec Monsieur X,Marie-Aude Murail,1.0000,2013,/books/OL38564688M,Rendez-vous avec Monsieur X,,fre,1.0000,9782211214377,L'école des loisirs,2013,,12802305,VALID_COVER,316,500,JPEG,data/cache/fr-mass-editorial-engine/covers/FR-OL38564688M.jpeg,NO,NO,167.0000,205.0000,AUTO_ACCEPT,Strong author/title/language match and validated physical cover.,RESERVE
FR,YOUTH,Marie-Aude Murail,1,18,26,/works/OL3566166W,"Sans sucre, merci",Marie-Aude Murail,1.0000,1992,/books/OL12452780M,"Sans sucre, merci",,fre,1.0000,9782211013208,L'Ecole des loisirs,"December 23, 1992",,3092390,VALID_COVER,314,475,JPEG,data/cache/fr-mass-editorial-engine/covers/FR-OL12452780M.jpeg,NO,NO,167.0000,205.0000,AUTO_ACCEPT,Strong author/title/language match and validated physical cover.,RESERVE
FR,YOUTH,Marie-Aude Murail,1,18,26,/works/OL24305135W,Un amour d'enfance,Marie-Aude Murail,1.0000,2007,/books/OL32150367M,Un amour d'enfance,,fre,1.0000,9782747024389,Bayard jeunesse,2007,,10817908,VALID_COVER,305,500,JPEG,data/cache/fr-mass-editorial-engine/covers/FR-OL32150367M.jpeg,NO,NO,167.0000,205.0000,AUTO_ACCEPT,Strong author/title/language match and validated physical cover.,RESERVE
FR,YOUTH,Marie-Aude Murail,1,18,26,/works/OL24749797W,Un dimanche chez les dinosaures,Marie-Aude Murail,1.0000,1991,/books/OL32860502M,Un dimanche chez les dinosaures,,fre,1.0000,9782211048859,École des loisirs,1991,,11493355,VALID_COVER,296,500,JPEG,data/cache/fr-mass-editorial-engine/covers/FR-OL32860502M.jpeg,NO,NO,167.0000,205.0000,AUTO_ACCEPT,Strong author/title/language match and validated physical cover.,RESERVE
FR,YOUTH,Marie-Aude Murail,1,18,26,/works/OL33920992W,Victor un trop gros cadeau de noël,Marie-Aude Murail,1.0000,1976,/books/OL45909325M,Victor un trop gros cadeau de noël,,fre,1.0000,9789085459804,CARAMEL,2011-01-01,,14838990,VALID_COVER,364,500,JPEG,data/cache/fr-mass-editorial-engine/covers/FR-OL45909325M.jpeg,NO,NO,167.0000,205.0000,AUTO_ACCEPT,Strong author/title/language match and validated physical cover.,RESERVE
FR,YOUTH,Susie Morgenstern,1,16,24,/works/OL27975993W,Le vampire du CDI,Susie Morgenstern,1.0000,2012,/books/OL38247105M,Le vampire du CDI,,fre,1.0000,9782211207164,L'École des loisirs,2012,,12794032,VALID_COVER,302,500,JPEG,data/cache/fr-mass-editorial-engine/covers/FR-OL38247105M.jpeg,NO,NO,167.0000,205.0000,AUTO_ACCEPT,Strong author/title/language match and validated physical cover.,RESERVE
FR,YOUTH,Susie Morgenstern,1,16,24,/works/OL24280722W,Les fees du camping,Susie Morgenstern,1.0000,2007,/books/OL32118922M,Les fees du camping,,fre,1.0000,9782211087636,Ecole des loisirs,2007,,10779305,VALID_COVER,316,500,JPEG,data/cache/fr-mass-editorial-engine/covers/FR-OL32118922M.jpeg,NO,NO,167.0000,205.0000,AUTO_ACCEPT,Strong author/title/language match and validated physical cover.,RESERVE
FR,YOUTH,Susie Morgenstern,1,16,24,/works/OL21768876W,Les fées du camping,Susie Morgenstern,1.0000,2009,/books/OL29638144M,Les fées du camping,,fre,1.0000,9782211092692,L'Ecole des loisirs-Animax,2009,,10403211,VALID_COVER,340,500,JPEG,data/cache/fr-mass-editorial-engine/covers/FR-OL29638144M.jpeg,NO,NO,167.0000,205.0000,AUTO_ACCEPT,Strong author/title/language match and validated physical cover.,RESERVE
FR,YOUTH,Susie Morgenstern,1,16,24,/works/OL8483133W,Lettres d'amour de 0 à 10,Susie Morgenstern,1.0000,1996,/books/OL8864774M,Lettres d'amour de 0 à 10,,fre,1.0000,9782211036931,L'Ecole des loisirs,"February 20, 1996",,2144791,VALID_COVER,313,475,JPEG,data/cache/fr-mass-editorial-engine/covers/FR-OL8864774M.jpeg,NO,NO,167.0000,205.0000,AUTO_ACCEPT,Strong author/title/language match and validated physical cover.,RESERVE
FR,YOUTH,Susie Morgenstern,1,16,24,/works/OL26265645W,Lire et écrire,Susie Morgenstern | Christophe Besse,1.0000,2000,/books/OL12653418M,Lire et écrire,,fre,1.0000,9782910998226,Lo Païs,"February 17, 2000",,3161590,VALID_COVER,369,475,JPEG,data/cache/fr-mass-editorial-engine/covers/FR-OL12653418M.jpeg,NO,NO,167.0000,205.0000,AUTO_ACCEPT,Strong author/title/language match and validated physical cover.,RESERVE
FR,YOUTH,Susie Morgenstern,1,16,24,/works/OL17627878W,Ma boîte à histories,Susie Morgenstern,1.0000,2011,/books/OL26233114M,Ma boîte à histories,,fre,1.0000,9782732436098,De La Martinière Jeunesse,2011,,7903991,VALID_COVER,450,450,JPEG,data/cache/fr-mass-editorial-engine/covers/FR-OL26233114M.jpeg,NO,NO,167.0000,205.0000,AUTO_ACCEPT,Strong author/title/language match and validated physical cover.,RESERVE
FR,YOUTH,Susie Morgenstern,1,16,24,/works/OL15001505W,Margot Mégalo,Susie Morgenstern,1.0000,1992,/books/OL8864765M,Margot Mégalo,,fre,1.0000,9782211032087,L'Ecole des loisirs,"January 27, 1992",,2144781,VALID_COVER,312,475,JPEG,data/cache/fr-mass-editorial-engine/covers/FR-OL8864765M.jpeg,NO,NO,167.0000,205.0000,AUTO_ACCEPT,Strong author/title/language match and validated physical cover.,RESERVE
FR,YOUTH,Susie Morgenstern,1,16,24,/works/OL1816318W,Musée blues,Susie Morgenstern,1.0000,1986,/books/OL2155038M,Musée blues,,fre,1.0000,2070311244,Gallimard,1986,,10989223,VALID_COVER,314,500,JPEG,data/cache/fr-mass-editorial-engine/covers/FR-OL2155038M.jpeg,NO,NO,167.0000,205.0000,AUTO_ACCEPT,Strong author/title/language match and validated physical cover.,RESERVE
FR,YOUTH,Erik L'Homme,1,10,15,/works/OL20913638W,Le livre des étoiles,Erik L'Homme,1.0000,2003,/books/OL8840265M,"Le Livre des étoiles, tome 2",Le Seigneur Sha,fre,0.9600,9782070552726,Gallimard Jeunesse,"March 20, 2003",,969544,VALID_COVER,325,475,JPEG,data/cache/fr-mass-editorial-engine/covers/FR-OL8840265M.jpeg,NO,NO,166.2000,204.2000,AUTO_ACCEPT,Strong author/title/language match and validated physical cover.,RESERVE
FR,YOUTH,Erik L'Homme,1,10,15,/works/OL19065314W,PARLONS KHOWAR: Langue et culture de l'ancien royaume de Chitral au Pakistan (Collection Parlons) (French Edition),Erik L'Homme,1.0000,1999,/books/OL99913M,Parlons khowar,langue et culture de l'ancien royaume de Chitral au Pakistan,fre | inc,0.9600,2738475639,Harmattan,1999,,985367,VALID_COVER,293,475,JPEG,data/cache/fr-mass-editorial-engine/covers/FR-OL99913M.jpeg,NO,NO,166.2000,204.2000,AUTO_ACCEPT,Strong author/title/language match and validated physical cover.,RESERVE
FR,YOUTH,Erik L'Homme,1,10,15,/works/OL20163924W,Phaenomen,Erik L'Homme,1.0000,2008,/books/OL32681963M,Phænomen,,fre,0.8235,9782070619238,Gallimard Jeunesse,2008,,11307527,VALID_COVER,348,500,JPEG,data/cache/fr-mass-editorial-engine/covers/FR-OL32681963M.jpeg,NO,NO,163.4706,201.4706,AUTO_ACCEPT,Strong author/title/language match and validated physical cover.,RESERVE
FR,YOUTH,Évelyne Brisou-Pellen,2,14,20,/works/OL42357945W,L’Homme Rouge de Hang-Tchéou,Evelyne Brisou-Pellen,1.0000,1982,/books/OL57466942M,L’Homme Rouge de Hang-Tchéou,,fre,1.0000,9782841130276,Milan,1982,,14835520,VALID_COVER,316,500,JPEG,data/cache/fr-mass-editorial-engine/covers/FR-OL57466942M.jpeg,NO,NO,147.0000,185.0000,AUTO_ACCEPT,Strong author/title/language match and validated physical cover.,RESERVE
FR,YOUTH,Évelyne Brisou-Pellen,2,14,20,/works/OL8968236W,L'inconnu du donjon,Evelyne Brisou-Pellen,1.0000,1997,/books/OL8840301M,L'inconnu du donjon,,fre,1.0000,9782070585090,Gallimard,"May 26, 1997",,6292207,VALID_COVER,329,475,JPEG,data/cache/fr-mass-editorial-engine/covers/FR-OL8840301M.jpeg,NO,NO,147.0000,185.0000,AUTO_ACCEPT,Strong author/title/language match and validated physical cover.,RESERVE
FR,YOUTH,Évelyne Brisou-Pellen,2,14,20,/works/OL24177308W,L'inconnu du donjon,Évelyne Brisou-Pellen,1.0000,1997,/books/OL31916489M,L'inconnu du donjon,,fre,1.0000,9782070612956,Gallimard jeunesse,1997,,10599661,VALID_COVER,343,500,JPEG,data/cache/fr-mass-editorial-engine/covers/FR-OL31916489M.jpeg,NO,NO,147.0000,185.0000,AUTO_ACCEPT,Strong author/title/language match and validated physical cover.,RESERVE
FR,YOUTH,Évelyne Brisou-Pellen,2,14,20,/works/OL41943541W,L'incroyable retour,Evelyne Brisou-Pellen,1.0000,2007,/books/OL56977797M,L'incroyable retour,,fre,1.0000,9782092514467,Nathan,2007-09-06,,14827212,VALID_COVER,333,500,JPEG,data/cache/fr-mass-editorial-engine/covers/FR-OL56977797M.jpeg,NO,NO,147.0000,185.0000,AUTO_ACCEPT,Strong author/title/language match and validated physical cover.,RESERVE
FR,YOUTH,Évelyne Brisou-Pellen,2,14,20,/works/OL41943526W,La dernière étoile,Evelyne Brisou-Pellen,1.0000,2003,/books/OL56977707M,La dernière étoile,,fre,1.0000,9782747008549,Bayard,2003,,14827147,VALID_COVER,314,500,JPEG,data/cache/fr-mass-editorial-engine/covers/FR-OL56977707M.jpeg,NO,NO,147.0000,185.0000,AUTO_ACCEPT,Strong author/title/language match and validated physical cover.,RESERVE
FR,YOUTH,Évelyne Brisou-Pellen,2,14,20,/works/OL24748897W,La fille du comte Hugues,Évelyne Brisou-Pellen,1.0000,1995,/books/OL32859333M,La fille du comte Hugues,,fre,1.0000,9782203117679,Casterman,1995,,11491731,VALID_COVER,335,500,JPEG,data/cache/fr-mass-editorial-engine/covers/FR-OL32859333M.jpeg,NO,NO,147.0000,185.0000,AUTO_ACCEPT,Strong author/title/language match and validated physical cover.,RESERVE
FR,YOUTH,Grégoire Solotareff,2,14,20,/works/OL1697531W,Quand je serai grand je serai le père Noël,Grégoire Solotareff,1.0000,1988,/books/OL1593761M,Quand je serai grand je serai le père Noël,,fre,1.0000,2211025404,Ecole des loisirs,1988,,2144763,VALID_COVER,347,475,JPEG,data/cache/fr-mass-editorial-engine/covers/FR-OL1593761M.jpeg,NO,NO,147.0000,185.0000,AUTO_ACCEPT,Strong author/title/language match and validated physical cover.,RESERVE
FR,YOUTH,Grégoire Solotareff,2,14,20,/works/OL31954464W,Titi à Pari,Grégoire Solotareff,1.0000,2009,/books/OL43671091M,Titi à Pari,,fre,1.0000,9782211096119,L'Ecole Des Loisirs,2009-01-01,,14840111,VALID_COVER,308,425,JPEG,data/cache/fr-mass-editorial-engine/covers/FR-OL43671091M.jpeg,NO,NO,147.0000,185.0000,AUTO_ACCEPT,Strong author/title/language match and validated physical cover.,RESERVE
FR,YOUTH,Grégoire Solotareff,2,14,20,/works/OL8985222W,Toi grand et moi petit,Grégoire Solotareff,1.0000,1996,/books/OL300082M,Toi grand et moi petit,,fre,1.0000,2211038573,Ecole des loisirs,1996,,2144797,VALID_COVER,339,475,JPEG,data/cache/fr-mass-editorial-engine/covers/FR-OL300082M.jpeg,NO,NO,147.0000,185.0000,AUTO_ACCEPT,Strong author/title/language match and validated physical cover.,RESERVE
FR,YOUTH,Grégoire Solotareff,2,14,20,/works/OL9212649W,"Un jour, un loup",Grégoire Solotareff,1.0000,1979,/books/OL8864857M,"Un jour, un loup",,fre,1.0000,9782211064545,L'Ecole des loisirs,"January 31, 2002",,974024,VALID_COVER,372,475,JPEG,data/cache/fr-mass-editorial-engine/covers/FR-OL8864857M.jpeg,NO,NO,147.0000,185.0000,AUTO_ACCEPT,Strong author/title/language match and validated physical cover.,RESERVE
FR,YOUTH,Gudule,2,10,15,/works/OL24260354W,Destination cauchemar,Gudule,1.0000,2005,/books/OL32092915M,Destination cauchemar,,fre,1.0000,9782745917003,Éditions Milan,2005,,10747881,VALID_COVER,352,500,JPEG,data/cache/fr-mass-editorial-engine/covers/FR-OL32092915M.jpeg,NO,NO,147.0000,185.0000,AUTO_ACCEPT,Strong author/title/language match and validated physical cover.,RESERVE
FR,YOUTH,Gudule,2,10,15,/works/OL24701375W,Horrible baby-sitting,Gudule,1.0000,2000,/books/OL32786621M,Horrible baby-sitting,,fre,1.0000,9782210980303,Magnard,2000,,11418336,VALID_COVER,360,500,JPEG,data/cache/fr-mass-editorial-engine/covers/FR-OL32786621M.jpeg,NO,NO,147.0000,185.0000,AUTO_ACCEPT,Strong author/title/language match and validated physical cover.,RESERVE
FR,YOUTH,Gudule,2,10,15,/works/OL8968249W,J'ai quatorze ans et je suis détestable,Gudule,1.0000,2000,/books/OL12400377M,J'ai quatorze ans et je suis détestable,,fre,1.0000,9782081613454,Flammarion,"October 14, 2000",,3081357,VALID_COVER,309,475,JPEG,data/cache/fr-mass-editorial-engine/covers/FR-OL12400377M.jpeg,NO,NO,147.0000,185.0000,AUTO_ACCEPT,Strong author/title/language match and validated physical cover.,RESERVE
FR,YOUTH,Gudule,2,10,15,/works/OL8968259W,L'Amour en chaussette,Gudule,1.0000,1999,/books/OL12624470M,L'Amour en chaussette,,fre,1.0000,9782844200556,Thierry Magnier,"September 17, 1999",,3141500,VALID_COVER,271,475,JPEG,data/cache/fr-mass-editorial-engine/covers/FR-OL12624470M.jpeg,NO,NO,147.0000,185.0000,AUTO_ACCEPT,Strong author/title/language match and validated physical cover.,RESERVE
FR,YOUTH,Gudule,2,10,15,/works/OL8968260W,L'angelus du corbeau,Gudule,1.0000,2001,/books/OL12383415M,L'angelus du corbeau,l'instit',fre,1.0000,9782012006362,Hachette Littérature,"February 14, 2001",,3067156,VALID_COVER,329,475,JPEG,data/cache/fr-mass-editorial-engine/covers/FR-OL12383415M.jpeg,NO,NO,147.0000,185.0000,AUTO_ACCEPT,Strong author/title/language match and validated physical cover.,RESERVE
FR,YOUTH,Malika Ferdjoukh,2,12,18,/works/OL22483572W,Taille 42,Malika Ferdjoukh | Charles Pollak,1.0000,2009,/books/OL32829826M,Taille 42,l'histoire de Charles Pollak,fre,1.0000,9782211093064,L'Ecole des loisirs,2009,,11461702,VALID_COVER,305,500,JPEG,data/cache/fr-mass-editorial-engine/covers/FR-OL32829826M.jpeg,NO,NO,147.0000,185.0000,AUTO_ACCEPT,Strong author/title/language match and validated physical cover.,RESERVE
FR,YOUTH,Yaël Hassan,2,9,13,/works/OL26188415W,"Un jour, un Jules m'aimera",Yaël Hassan,1.0000,2006,/books/OL35338539M,"Un jour, un Jules m'aimera",,fre,1.0000,9782203158115,Casterman,2006,,12162797,VALID_COVER,340,500,JPEG,data/cache/fr-mass-editorial-engine/covers/FR-OL35338539M.jpeg,NO,NO,147.0000,185.0000,AUTO_ACCEPT,Strong author/title/language match and validated physical cover.,RESERVE
FR,YOUTH,Malika Ferdjoukh,2,12,18,/works/OL27043384W,Bettina - Bande Dessinée,Malika Ferdjoukh,1.0000,2016,/books/OL36664377M,Bettina,,fre,0.9600,9782369811282,Rue de Sèvres,2016-01-06,,12553946,VALID_COVER,390,500,JPEG,data/cache/fr-mass-editorial-engine/covers/FR-OL36664377M.jpeg,NO,NO,146.2000,184.2000,AUTO_ACCEPT,Strong author/title/language match and validated physical cover.,RESERVE
