source_key,title,subtitle,language,isbn,publication_year,publisher,page_count,summary,work_key,cover_image_url,editorial_decision,editorial_reason,reconstruction_state,quality_score,quality_bucket,quality_strengths,quality_weaknesses,cover_probe_state,cover_probe_method,cover_probe_value,cover_width,cover_height,cover_format,cover_sha256,cover_probe_error
/books/OL20903336M,Die Moderne erfindet sich ihr Mittelalter,"oder wie aus der ""mittelalterlichen Erdkugel"" eine ""neuzeitliche Erdscheibe"" wurde",DE,9783515086271,2004,Akademie der Wissenschaften und der Literatur,,,,,,,UNCOVERED,5,PROMISING,ISBN | YEAR | PUBLISHER,NO_SUMMARY,DIRECT_COVER_FOUND,ISBN,9783515086271,344,500,JPEG,6514a0180a7905312fecb3f47a37d651ec1d7b2080c703b6ad7a9df675f4e1ac,
/books/OL20169357M,Apollonius von Tyana,"""Der Wanderer durch den Sternkreis"" ; Leben und Werk eines Eingeweihten",DE,9783769904666,1988,Drei Eichen Verlag,,,,,,,UNCOVERED,5,PROMISING,ISBN | YEAR | PUBLISHER,NO_SUMMARY,NO_DIRECT_COVER,,,0,0,,,
/books/OL12699625M,Klopf nicht an diese Wand. Roman.,,DE,9783423129671,2002,Dtv,,,,,,,UNCOVERED,5,PROMISING,ISBN | YEAR | PUBLISHER,NO_SUMMARY,IMAGE_TOO_SMALL,,,113,180,JPEG,,
/books/OL18339239M,Kontexte als Modelle der Welt,subjektive Erkenntnis- und Wissenschaftstheorie,DE,9783428099740,2000,Duncker & Humblot,,,,,,,UNCOVERED,5,PROMISING,ISBN | YEAR | PUBLISHER,NO_SUMMARY,NO_DIRECT_COVER,,,0,0,,,
/books/OL12865407M,Neue Geschichten vom Lago Maggiore.,,DE,9783762805670,2002,Bechtle,,,,,,,UNCOVERED,5,PROMISING,ISBN | YEAR | PUBLISHER,NO_SUMMARY,IMAGE_TOO_SMALL,,,95,151,JPEG,,
/books/OL12696854M,Berufsausbildung im Grossherzogum Baden,"Zur Geschichte des ""dualen Systems"" im Handwerk (Studien und Dokumentationen zur deutschen Bildungsgeschichte)",DE,9783412125967,1996,In Kommission bei Bohlau,,,,,,,UNCOVERED,5,PROMISING,ISBN | YEAR | PUBLISHER,NO_SUMMARY,NO_DIRECT_COVER,,,0,0,,,
/books/OL12659783M,"Veröffentlichungen der Unabhängigen Expertenkommission Schweiz (UEK) - Zweiter Weltkrieg; Publications de la Commission, Bd.2, Interhandel",,DE,9783034006026,2001,Gva & Frieden,,,,,,,UNCOVERED,5,PROMISING,ISBN | YEAR | PUBLISHER,NO_SUMMARY,NO_DIRECT_COVER,,,0,0,,,
/books/OL23696403M,Sehen als Praxis,ethisch-ästhetische Studien zum Verhältnis von Sicht und Einsicht,DE,9783518294901,2008,Suhrkamp,,,,,,,UNCOVERED,5,PROMISING,ISBN | YEAR | PUBLISHER,NO_SUMMARY,NO_DIRECT_COVER,,,0,0,,,
/books/OL19341649M,Die Bildhauerwerkstatt der Familie Torretto,ein Weg zu Canova,DE,9783932274145,1999,TENEA,,,,,,,UNCOVERED,5,PROMISING,ISBN | YEAR | PUBLISHER,NO_SUMMARY,NO_DIRECT_COVER,,,0,0,,,
/books/OL51029273M,Demokratische Konsolidierung Im Postsozialistischen Europa,Die Rolle der Politischen Institutionen,DE,9783663095866,2013,VS Verlag fur Sozialwissenschaften GmbH,,,,,,,UNCOVERED,5,PROMISING,ISBN | YEAR | PUBLISHER,NO_SUMMARY,NO_DIRECT_COVER,,,0,0,,,
/books/OL12659365M,Natchez. Das Sonnenkönigstum am Mississippi.,,DE,9783000098772,2002,Edition Vogelsang,,,,,,,UNCOVERED,5,PROMISING,ISBN | YEAR | PUBLISHER,NO_SUMMARY,NO_DIRECT_COVER,,,0,0,,,
/books/OL12861543M,Chancenungleichheiten im Wissenschaftssystem. Wie Geschlecht und soziale Herkunft Karrieren beeinflussen.,,DE,9783725307227,2002,Rüegger,,,,,,,UNCOVERED,5,PROMISING,ISBN | YEAR | PUBLISHER,NO_SUMMARY,IMAGE_TOO_SMALL,,,95,135,JPEG,,
/books/OL12827465M,"Untersuchungen Zu Den Politika Des Aristoteles (Salzburger Studien Zum Europaischen Privatrecht,)",,DE,9783631335857,1999,Peter Lang Publishing,,,,,,,UNCOVERED,5,PROMISING,ISBN | YEAR | PUBLISHER,NO_SUMMARY,NO_DIRECT_COVER,,,0,0,,,
/books/OL12680579M,Toleranz ohne Grenzen? Globale Realitäten und die politische Kultur der Schweiz.,,DE,9783258064499,2002,"Paul Haupt, Bern",,,,,,,UNCOVERED,5,PROMISING,ISBN | YEAR | PUBLISHER,NO_SUMMARY,IMAGE_TOO_SMALL,,,62,90,JPEG,,
/books/OL12660959M,Der Semantische Wertbegriff in Sprachtheorien Vom 18. Bis Zum 20. Jahrhundert,,DE,9783050018263,1991,Wiley-VCH,,,,,,,UNCOVERED,5,PROMISING,ISBN | YEAR | PUBLISHER,NO_SUMMARY,NO_DIRECT_COVER,,,0,0,,,
/books/OL18310791M,Werte und Fakten,eine dichotomie im Spiegel philosophischer Kontroversen,DE,9783258061092,1995,Verlag Paul Haupt,,,,,,,UNCOVERED,5,PROMISING,ISBN | YEAR | PUBLISHER,NO_SUMMARY,NO_DIRECT_COVER,,,0,0,,,
/books/OL12912947M,Giorgiones Ländliches Konzert,,DE,9783786118060,1999,"Mann (Gebr.), Berlin",,,,,,,UNCOVERED,5,PROMISING,ISBN | YEAR | PUBLISHER,NO_SUMMARY,IMAGE_TOO_SMALL,,,98,140,JPEG,,
/books/OL19162470M,"Pädagogik, Wissenschaft, Bildung",vom 17. ins 21. Jahrhundert,DE,9783892717492,1997,Deutscher Studien Verlag,,,,,,,UNCOVERED,5,PROMISING,ISBN | YEAR | PUBLISHER,NO_SUMMARY,NO_DIRECT_COVER,,,0,0,,,
/books/OL12827913M,Das Kunstmuseum ALS Paedagogische Herausforderung,"Annaeherungen An Moderne Und Zeitgenoessische Kunst Mit Kindern (Europaische Hochschulschriften. Reihe XXVIII, Kunstgeschicht)",DE,9783631367773,2001,Peter Lang Publishing,,,,,,,UNCOVERED,5,PROMISING,ISBN | YEAR | PUBLISHER,NO_SUMMARY,NO_DIRECT_COVER,,,0,0,,,
/books/OL20970099M,Empirische Herrschaftstheorie.,,DE,9783531114965,1979,Westdeutscher Verlag,,,,,,,UNCOVERED,5,PROMISING,ISBN | YEAR | PUBLISHER,NO_SUMMARY,NO_DIRECT_COVER,,,0,0,,,
/books/OL12912910M,"Hans Karl Burgeff, Medaillen, Plaketten, Münzen",,DE,9783786112785,1999,"Mann (Gebr.), Berlin",,,,,,,UNCOVERED,5,PROMISING,ISBN | YEAR | PUBLISHER,NO_SUMMARY,NO_DIRECT_COVER,,,0,0,,,
/books/OL21236374M,"Otto Mittmannsgruber, Martin Strauss","Kampagnen ohne Auftrag, Kunstprojekte in Massenmedien 1995-2004 = public spaces go public : art projects in mass media 1995-2004",DE,9783937577722,2004,Revolver,,,,,,,UNCOVERED,5,PROMISING,ISBN | YEAR | PUBLISHER,NO_SUMMARY,NO_DIRECT_COVER,,,0,0,,,
/books/OL18316460M,"Paulinus Nolanus, Carmen 17",,DE,9783796513749,2000,Schwabe & Co.,,,,,,,UNCOVERED,5,PROMISING,ISBN | YEAR | PUBLISHER,NO_SUMMARY,NO_DIRECT_COVER,,,0,0,,,
/books/OL4011707M,Renaissance und Barock,im Westfälischen Landesmuseum für Kunst und Kulturgeschichte Münster,DE,9783887891374,2000,Das Landesmuseum,,,,,,,UNCOVERED,5,PROMISING,ISBN | YEAR | PUBLISHER,NO_SUMMARY,NO_DIRECT_COVER,,,0,0,,,
/books/OL12700353M,Die nackte Frau in der Kunst. Von der Antike bis zur Renaissance,,DE,9783423307932,2000,Dtv,,,,,,,UNCOVERED,5,PROMISING,ISBN | YEAR | PUBLISHER,NO_SUMMARY,IMAGE_TOO_SMALL,,,95,147,JPEG,,
/books/OL12828404M,Das Spiel Der Interessen,"Ein Essay Uber Verbluffende Parallelen Zwischen Politik, Wirtschaft, Soziologie Und Biologie",DE,9783631390139,2002,Peter Lang Pub Inc,,,,,,,UNCOVERED,5,PROMISING,ISBN | YEAR | PUBLISHER,NO_SUMMARY,NO_DIRECT_COVER,,,0,0,,,
/books/OL12737604M,Einfache Formen.,,DE,9783484221154,1982,"Niemeyer, Tübingen",,,,,,,UNCOVERED,5,PROMISING,ISBN | YEAR | PUBLISHER,NO_SUMMARY,IMAGE_TOO_SMALL,,,114,180,JPEG,,
/books/OL18305218M,Phänomenologie der Kunst,Wiener Tagungen zur Phänomenologie 1999,DE,9783631358764,2000,Lang,,,,,,,UNCOVERED,5,PROMISING,ISBN | YEAR | PUBLISHER,NO_SUMMARY,NO_DIRECT_COVER,,,0,0,,,
/books/OL12914974M,"Kleine Kriege, große Wirkung.",,DE,9783789062087,1999,Nomos,,,,,,,UNCOVERED,5,PROMISING,ISBN | YEAR | PUBLISHER,NO_SUMMARY,IMAGE_TOO_SMALL,,,93,140,JPEG,,
/books/OL12686921M,Der Dom von Münster in alten Ansichten.,,DE,9783402054253,2001,Aschendorff Verlag,,,,,,,UNCOVERED,5,PROMISING,ISBN | YEAR | PUBLISHER,NO_SUMMARY,NO_DIRECT_COVER,,,0,0,,,
/books/OL31887433M,Pandora im Kongo,Roman,DE,9783100616036,2007,S. Fischer,,"Hoping to free his client from a double homicide in 1914 London, Marcus Garvey's lawyer asks Tommy, a ghostwriter desperate for work, to document Marcus' horrific ordeal as the sole survivor of an ill-fated mining expedition.",,,,,UNCOVERED,7,STRONG,ISBN | YEAR | PUBLISHER | SUMMARY,,DIRECT_COVER_FOUND,ISBN,9783100616036,304,500,JPEG,4c56283b5a8fcd50e2ff861627d25c25c4a9695c3af1c68b6dd15171859c4408,
/books/OL22966934M,Vorberufliche Bildung in ausgewählten Lehrplantheorien und im Ansatz heutigen Curriculumverständnisses,Basisstudien für einen Lehrplanentwurf unter besonderer Berücksichtigung moderner Curriculumforschung.,DE,,1970,,,,,,,,UNCOVERED,1,VERY_WEAK,YEAR,NO_ISBN | NO_PUBLISHER | NO_SUMMARY,NO_DIRECT_COVER,,,0,0,,,
/books/OL20993389M,"Der Rebell: Odfried Hepp: Neonazi, Terorist, Aussteiger",,DE,9783785721605,,Verlagsgruppe L ubbe GmbH & Co. KG,,,,,,,UNCOVERED,4,WEAK,ISBN | PUBLISHER,NO_YEAR | NO_SUMMARY,NO_DIRECT_COVER,,,0,0,,,
/books/OL20130313M,Deutschland - falsch regiert: das Elend der kleinen Schritte,,DE,9783446404397,,Carl Hanser VerlagGmbH & Co.,,,,,,,UNCOVERED,4,WEAK,ISBN | PUBLISHER,NO_YEAR | NO_SUMMARY,NO_DIRECT_COVER,,,0,0,,,
/books/OL22736245M,"Anmut und W urde: B ucher und Leben um 1800. Staats- und Universit atsbibliothek G ottingen, 11.12.2005 - 29.1.2006",,DE,9783828210004,,Lucius & Lucius Verlagsgesellschaft,,,,,,,UNCOVERED,4,WEAK,ISBN | PUBLISHER,NO_YEAR | NO_SUMMARY,NO_DIRECT_COVER,,,0,0,,,
/books/OL22766086M,"Das Bild zeigt das Bild selber als Abwesendes: zu den Spannungen zwischen Kunst, Medien und visueller Kultur",,DE,9783211489604,,Springer-Verlag GmbH Wien,,,,,,,UNCOVERED,4,WEAK,ISBN | PUBLISHER,NO_YEAR | NO_SUMMARY,NO_DIRECT_COVER,,,0,0,,,
/books/OL21660309M,Politische Reform in der Demokratie,,DE,9783832912772,,Nomos Verlagsgesellschaft m.b.h. &Co KG,,,,,,,UNCOVERED,4,WEAK,ISBN | PUBLISHER,NO_YEAR | NO_SUMMARY,NO_DIRECT_COVER,,,0,0,,,
/books/OL22745343M,"Wiener Vorlesungen im Rathaus, Bd. 123: Islam auf dem Balkan: Realit aten, Angste und Projektionen",,DE,9783854525233,,Picus Verlag Ges.mbH,,,,,,,UNCOVERED,4,WEAK,ISBN | PUBLISHER,NO_YEAR | NO_SUMMARY,NO_DIRECT_COVER,,,0,0,,,
/books/OL4673453M,Münster,Bilder aus 5 Jh.,DE,,1977,Westfäl. Landesmuseum für Kunst u. Kulturgeschichte,,,,,,,UNCOVERED,2,WEAK,YEAR | PUBLISHER,NO_ISBN | NO_SUMMARY,NO_DIRECT_COVER,,,0,0,,,
/books/OL10083947M,Chemistry - Textbook With 6-year Online Access,,EN,9780131904323,2004,Pearson Prentice Hall,,,,,,,UNCOVERED,5,PROMISING,ISBN | YEAR | PUBLISHER,NO_SUMMARY,NO_DIRECT_COVER,,,0,0,,,
/books/OL7525986M,The Mask of the Sun,,EN,9780441520787,1981,Ace,,,,,,,UNCOVERED,5,PROMISING,ISBN | YEAR | PUBLISHER,NO_SUMMARY,NO_DIRECT_COVER,,,0,0,,,
/books/OL12660571M,Evolution Der Kommunikationsmedien/Technik Und Kultureller Wandel in Edgar Reitz' Heimat,Mit Besonderer Berucksichtigung Technologie- Und Ideologiekr (German Linguistic and Cultural Studies),EN,9783039109425,2006,Peter Lang Publishing,,,,,,,UNCOVERED,5,PROMISING,ISBN | YEAR | PUBLISHER,NO_SUMMARY,NO_DIRECT_COVER,,,0,0,,,
/books/OL10168903M,Chemistry Asap,,EN,9780201684094,2000,Pearson Prentice Hall,,,,,,,UNCOVERED,5,PROMISING,ISBN | YEAR | PUBLISHER,NO_SUMMARY,NO_DIRECT_COVER,,,0,0,,,
/books/OL22483106M,"Métissages, dentelles, broderies, tapis, tapisseries dans les collections publiques",,EN,9782868950581,1998,Centre national des arts plastiques,,,,,,,UNCOVERED,5,PROMISING,ISBN | YEAR | PUBLISHER,NO_SUMMARY,NO_DIRECT_COVER,,,0,0,,,
/books/OL57488939M,Facts and artefacts in social science,an epistemological and methodological analysis of empirical social science research techniques,EN,9783890280967,1988,McGraw-Hill Book Company,,,,,,,UNCOVERED,5,PROMISING,ISBN | YEAR | PUBLISHER,NO_SUMMARY,NO_DIRECT_COVER,,,0,0,,,
/books/OL21885586M,Friedrich Nietzsche and the politics of history,,EN,9780521880565,2008,Cambridge University Press,,,,,,,UNCOVERED,5,PROMISING,ISBN | YEAR | PUBLISHER,NO_SUMMARY,DIRECT_COVER_FOUND,ISBN,9780521880565,331,500,JPEG,0d2efe15c82fd150b9677bacfb09f24da24bb96e1ebb7adf1938d851d3f131ea,
/books/OL10107311M,Receptive-Expressive Emergent Language Test,"Profile/Test Forms, 25",EN,9780158498126,1991,Psychological Corp,,,,,,,UNCOVERED,5,PROMISING,ISBN | YEAR | PUBLISHER,NO_SUMMARY,NO_DIRECT_COVER,,,0,0,,,
/books/OL10072289M,Database of Palladium Chemistry (CD-ROM Version 1.1),,EN,9780124667617,1999,Academic Press,,,,,,,UNCOVERED,5,PROMISING,ISBN | YEAR | PUBLISHER,NO_SUMMARY,NO_DIRECT_COVER,,,0,0,,,
/books/OL10305265M,"Applied Calculus for Business, Social Sciences and Life Sciences",,EN,9780471239147,1997,John Wiley & Sons Inc,,,,,,,UNCOVERED,5,PROMISING,ISBN | YEAR | PUBLISHER,NO_SUMMARY,NO_DIRECT_COVER,,,0,0,,,
/books/OL20084510M,A study guide to nursing theories,,EN,9781873732151,1995,Campion Press,,,,,,,UNCOVERED,5,PROMISING,ISBN | YEAR | PUBLISHER,NO_SUMMARY,DIRECT_COVER_FOUND,ISBN,9781873732151,327,500,JPEG,7792cf8c5373729a1254f5d3a5dc4ce282304e53c434061caeec7da08ab4939d,
/books/OL10087040M,Frmr NW Zeal 92,,EN,9780133348309,1992,Prentice Hall,,,,,,,UNCOVERED,5,PROMISING,ISBN | YEAR | PUBLISHER,NO_SUMMARY,NO_DIRECT_COVER,,,0,0,,,
/books/OL10078925M,Biology,Life on Earth,EN,9780130868091,2000,Prentice Hall College Div,,,,,,,UNCOVERED,5,PROMISING,ISBN | YEAR | PUBLISHER,NO_SUMMARY,NO_DIRECT_COVER,,,0,0,,,
/books/OL10107365M,Test of Language Development-Primary,,EN,9780158959801,1997,Psychological Corp,,,,,,,UNCOVERED,5,PROMISING,ISBN | YEAR | PUBLISHER,NO_SUMMARY,NO_DIRECT_COVER,,,0,0,,,
/books/OL10322158M,The Phantom Stranger,"Also in This Issue, the Spawn of Frankenstein (20N27N30615, Vol. 2, No. 27, November 1973)",EN,9780306152726,1973,DC Comics,,,,,,,UNCOVERED,5,PROMISING,ISBN | YEAR | PUBLISHER,NO_SUMMARY,NO_DIRECT_COVER,,,0,0,,,
/books/OL10079769M,Fire Prevention,"A Comprehensive Approach, Valuepack",EN,9780131026674,2002,Prentice Hall,,,,,,,UNCOVERED,5,PROMISING,ISBN | YEAR | PUBLISHER,NO_SUMMARY,NO_DIRECT_COVER,,,0,0,,,
/books/OL10088753M,Human Geography,,EN,9780134452487,1989,Prentice Hall,,,,,,,UNCOVERED,5,PROMISING,ISBN | YEAR | PUBLISHER,NO_SUMMARY,NO_DIRECT_COVER,,,0,0,,,
/books/OL12661203M,Athanasius Kircher S.J. in Malta Ein Beitrag Zur Geschichte,,EN,9783050028941,1996,Wiley-VCH,,,,,,,UNCOVERED,5,PROMISING,ISBN | YEAR | PUBLISHER,NO_SUMMARY,NO_DIRECT_COVER,,,0,0,,,
/books/OL145778M,ZHOU,the story of an elephant,EN,9780797418790,1998,Zimbabwe Book Development Council,,,,,,,UNCOVERED,5,PROMISING,ISBN | YEAR | PUBLISHER,NO_SUMMARY,NO_DIRECT_COVER,,,0,0,,,
/books/OL10169565M,Addison Wesley Secondary Math: Focus on Geometry,An Integrated Approach,EN,9780201867800,1996,Addison-Wesley Pub (Sd),,,,,,,UNCOVERED,5,PROMISING,ISBN | YEAR | PUBLISHER,NO_SUMMARY,IMAGE_TOO_SMALL,,,128,152,JPEG,,
/books/OL12808760M,Evolution Tasman Sea Basin,,EN,9789054103288,1994,Taylor & Francis,,,,,,,UNCOVERED,5,PROMISING,ISBN | YEAR | PUBLISHER,NO_SUMMARY,NO_DIRECT_COVER,,,0,0,,,
/books/OL1366115M,Lindolfo Collor,uma vida dedicada à questão social no Brasil = a life dedicated to social problems in Brazil,EN,9788572340076,1991,Sine nomine,,,,,,,UNCOVERED,5,PROMISING,ISBN | YEAR | PUBLISHER,NO_SUMMARY,NO_DIRECT_COVER,,,0,0,,,
/books/OL12660473M,Sobre El Pergamino Y Laminas De Granada,Editado Por Grace Magnier,EN,9783039107100,2006,Peter Lang Publishing,,,,,,,UNCOVERED,5,PROMISING,ISBN | YEAR | PUBLISHER,NO_SUMMARY,NO_DIRECT_COVER,,,0,0,,,
/books/OL10084983M,Prentice Hall Reference to Practical Grammar and Usage,,EN,9780132260930,1994,Prentice Hall,,,,,,,UNCOVERED,5,PROMISING,ISBN | YEAR | PUBLISHER,NO_SUMMARY,NO_DIRECT_COVER,,,0,0,,,
/books/OL10525431M,Human Mosaic & Exploring Human Geography with Maps Workbook,,EN,9780716776635,2005,W. H. Freeman,,,,,,,UNCOVERED,5,PROMISING,ISBN | YEAR | PUBLISHER,NO_SUMMARY,NO_DIRECT_COVER,,,0,0,,,
/books/OL12829106M,"Neuronale Topologiesynthese Fur Massiv Parallele Systeme (Europaische Hochschulschriften: Reihe 41, Informatik)",,EN,9783631507131,2003,Peter Lang Publishing,,,,,,,UNCOVERED,5,PROMISING,ISBN | YEAR | PUBLISHER,NO_SUMMARY,NO_DIRECT_COVER,,,0,0,,,
/books/OL12808216M,Touring the Low Countries,"Accounts of British Travellers, 1660-1720",EN,9789053563052,1998,Amsterdam University Press,,,,,,,UNCOVERED,5,PROMISING,ISBN | YEAR | PUBLISHER,NO_SUMMARY,NO_DIRECT_COVER,,,0,0,,,
/books/OL10149369M,Mathematics,Reteaching,EN,9780201276077,1991,Scott Foresman & Co,,,,,,,UNCOVERED,5,PROMISING,ISBN | YEAR | PUBLISHER,NO_SUMMARY,NO_DIRECT_COVER,,,0,0,,,
/books/OL29581682M,Guests in the House,Cultural Transmission Between Slavs and Scandinavians 900 to 1300 A. D.,EN,9789047421856,2007,BRILL,,,,,,,UNCOVERED,5,PROMISING,ISBN | YEAR | PUBLISHER,NO_SUMMARY,NO_DIRECT_COVER,,,0,0,,,
/books/OL10080335M,Civics Itext,With 1 Year Online Access,EN,9780131160279,2004,Pearson Prentice Hall,,,,,,,UNCOVERED,5,PROMISING,ISBN | YEAR | PUBLISHER,NO_SUMMARY,NO_DIRECT_COVER,,,0,0,,,
/books/OL10089142M,Nepal-Insight Guide (Insight Guide Nepal),,EN,9780134664347,1989,Prentice Hall,,,,,,,UNCOVERED,5,PROMISING,ISBN | YEAR | PUBLISHER,NO_SUMMARY,NO_DIRECT_COVER,,,0,0,,,
/books/OL10178256M,Book of Ballymote,,EN,9780404175351,1887,Ams Pr Inc,,,,,,,UNCOVERED,5,PROMISING,ISBN | YEAR | PUBLISHER,NO_SUMMARY,NO_DIRECT_COVER,,,0,0,,,
/books/OL15152528M,Physics of the Stoics,,EN,9780710213068,1987,Routledge & Kegan Paul,,,,,,,UNCOVERED,5,PROMISING,ISBN | YEAR | PUBLISHER,NO_SUMMARY,NO_DIRECT_COVER,,,0,0,,,
/books/OL22452465M,Research design,strategies and choices in the design of social research,EN,9780415079112,1992,Routledge,,,,,,,UNCOVERED,5,PROMISING,ISBN | YEAR | PUBLISHER,NO_SUMMARY,NO_DIRECT_COVER,,,0,0,,,
/books/OL10091018M,"Modelling, Applications, and Applied Problem Solving",Teaching Mathematics in a Real Context (Mathematics and Its Applications),EN,9780135880883,1989,Ellis Horwood Ltd,,,,,,,UNCOVERED,5,PROMISING,ISBN | YEAR | PUBLISHER,NO_SUMMARY,NO_DIRECT_COVER,,,0,0,,,
/books/OL15490172M,Fungi round the year,,EN,9780713622171,1982,Black,,,,,,,UNCOVERED,5,PROMISING,ISBN | YEAR | PUBLISHER,NO_SUMMARY,NO_DIRECT_COVER,,,0,0,,,
/books/OL10088546M,Literature,Timeless Voices Timeless Themes,EN,9780134364179,2000,Pearson Prentice Hall,,,,,,,UNCOVERED,5,PROMISING,ISBN | YEAR | PUBLISHER,NO_SUMMARY,IMAGE_TOO_SMALL,,,128,154,JPEG,,
/books/OL10086692M,Fibre Failure and Wear of Materials,An Atlas of Fracture Fatigue and Durability (Ellis Horwood Series in Polymer Science and Technology),EN,9780133132977,1989,Ellis Horwood Ltd,,,,,,,UNCOVERED,5,PROMISING,ISBN | YEAR | PUBLISHER,NO_SUMMARY,NO_DIRECT_COVER,,,0,0,,,
/books/OL13170142M,Chinese Eunuchs,"Inside Stories of the Chinese Court, Book 2",EN,9789813029187,1994,Asiapac Books,,,,,,,UNCOVERED,5,PROMISING,ISBN | YEAR | PUBLISHER,NO_SUMMARY,NO_DIRECT_COVER,,,0,0,,,
/books/OL10085057M,Language Arts for Young Children,Pre-K Through 4,EN,9780132284462,2005,Prentice Hall,,,,,,,UNCOVERED,5,PROMISING,ISBN | YEAR | PUBLISHER,NO_SUMMARY,NO_DIRECT_COVER,,,0,0,,,
/books/OL341664M,Kariba,Nyaminyami's kingdom.,EN,9780797416666,1995,African Pub. Group,,,,,,,UNCOVERED,5,PROMISING,ISBN | YEAR | PUBLISHER,NO_SUMMARY,NO_DIRECT_COVER,,,0,0,,,
/books/OL12661261M,Natura Als Goettin Im Mittelalter Ikonographische Studien,,EN,9783050031255,1997,Wiley-VCH,,,,,,,UNCOVERED,5,PROMISING,ISBN | YEAR | PUBLISHER,NO_SUMMARY,NO_DIRECT_COVER,,,0,0,,,
/books/OL22584628M,Misuse of power,"the Richard Dimbleby lecture, November 1980",EN,9780563178941,1980,British Broadcasting Corporation,,,,,,,UNCOVERED,5,PROMISING,ISBN | YEAR | PUBLISHER,NO_SUMMARY,NO_DIRECT_COVER,,,0,0,,,
/books/OL4113749M,Latin America in English-language reference books,"a selected, annotated bibliography",EN,9780871112675,1981,Special Libraries Association,,,,,,,UNCOVERED,5,PROMISING,ISBN | YEAR | PUBLISHER,NO_SUMMARY,NO_DIRECT_COVER,,,0,0,,,
/books/OL12798371M,History of Shell Collecting,,EN,9789004080638,1986,Brill Academic Pub,,,,,,,UNCOVERED,5,PROMISING,ISBN | YEAR | PUBLISHER,NO_SUMMARY,NO_DIRECT_COVER,,,0,0,,,
/books/OL10561954M,Older Women's Lives and Voices,,EN,9780335215201,2008,Open University Press,,,,,,,UNCOVERED,5,PROMISING,ISBN | YEAR | PUBLISHER,NO_SUMMARY,NO_DIRECT_COVER,,,0,0,,,
/books/OL10074224M,Out of Many,Brief Edition,EN,9780130175113,1998,Prentice Hall College Div,,,,,,,UNCOVERED,5,PROMISING,ISBN | YEAR | PUBLISHER,NO_SUMMARY,NO_DIRECT_COVER,,,0,0,,,
/books/OL10074045M,Strategies for Successful Writing,"A Rhetoric, Research Guide and Reader",EN,9780130153296,1998,Prentice Hall College Div,,,,,,,UNCOVERED,5,PROMISING,ISBN | YEAR | PUBLISHER,NO_SUMMARY,NO_DIRECT_COVER,,,0,0,,,
/books/OL10075635M,Engineering Experimentation,,EN,9780130328359,2007,Prentice Hall,,,,,,,UNCOVERED,5,PROMISING,ISBN | YEAR | PUBLISHER,NO_SUMMARY,NO_DIRECT_COVER,,,0,0,,,
/books/OL1075623M,African philosophical projections and prospects for the indigenisation of political and intellectual discourse,,EN,9780797411418,1992,SAPES Books,,,,,,,UNCOVERED,5,PROMISING,ISBN | YEAR | PUBLISHER,NO_SUMMARY,NO_DIRECT_COVER,,,0,0,,,
/books/OL12831166M,Canova Und Die Tradition,Kunstpolitik Am Papstlichen Hof (Italien in Geschichte Und Gegenwart),EN,9783631551165,2006,Peter Lang Publishing,,,,,,,UNCOVERED,5,PROMISING,ISBN | YEAR | PUBLISHER,NO_SUMMARY,NO_DIRECT_COVER,,,0,0,,,
/books/OL10105503M,The Writer's Workplace,,EN,9780155051959,1997,Harcourt,,,,,,,UNCOVERED,5,PROMISING,ISBN | YEAR | PUBLISHER,NO_SUMMARY,NO_DIRECT_COVER,,,0,0,,,
/books/OL12830949M,Johann Georg Hamann Und David Hume,Metaphysikkritik Und Glaube Im Spannungsfeld Der Aufklarung I Und II (Europaische Studien Zur Ideen- Und Wissenschaftsgeschichte),EN,9783631545171,2006,Peter Lang Publishing,,,,,,,UNCOVERED,5,PROMISING,ISBN | YEAR | PUBLISHER,NO_SUMMARY,NO_DIRECT_COVER,,,0,0,,,
/books/OL10525723M,"Race, Class, and Gender in the United States & College How Race is Lived in America",,EN,9780716784869,2005,Worth Publishers,,,,,,,UNCOVERED,5,PROMISING,ISBN | YEAR | PUBLISHER,NO_SUMMARY,NO_DIRECT_COVER,,,0,0,,,
/books/OL12767675M,Information - New Questions to a Multidisciplinary Concept,,EN,9783527400607,1996,John Wiley & Sons Inc,,,,,,,UNCOVERED,5,PROMISING,ISBN | YEAR | PUBLISHER,NO_SUMMARY,NO_DIRECT_COVER,,,0,0,,,
/books/OL18846766M,Making harmony,living in a pluralist world,EN,9788172147129,2003,ISPCK,,,,,,,UNCOVERED,5,PROMISING,ISBN | YEAR | PUBLISHER,NO_SUMMARY,NO_DIRECT_COVER,,,0,0,,,
/books/OL20684356M,Chui sha er ji,,EN,9787805239279,1999,Ba Shu shu she,,,,,,,UNCOVERED,5,PROMISING,ISBN | YEAR | PUBLISHER,NO_SUMMARY,NO_DIRECT_COVER,,,0,0,,,
/books/OL22616061M,A balcony over the Fakihani,three novellas,EN,9781566561044,1993,Interlink Books,,,,,,,UNCOVERED,5,PROMISING,ISBN | YEAR | PUBLISHER,NO_SUMMARY,DIRECT_COVER_FOUND,ISBN,9781566561044,312,475,JPEG,f5389666910f329ada7b3adad4c74db45c096a7eb61a236b0664ce700e554115,
/books/OL10074100M,Intermediate Algebra for College Students/How to Study Math,,EN,9780130161499,1999,Prentice Hall College Div,,,,,,,UNCOVERED,5,PROMISING,ISBN | YEAR | PUBLISHER,NO_SUMMARY,NO_DIRECT_COVER,,,0,0,,,
/books/OL339737M,Meanings in Turkish musical culture,,EN,9789757652533,1996,Pan,,"Yazar Türkiye'de ilk kez yayımlanan bu ilginç kitabında Osmanlı-Türk musıki kültürünün ""anlamları""na şu üç yönde ışık tutuyor: notanın anlamı, mehterin anlamı, musıki kaynakları arasındaki ilişkilerin anlamı. Eugenia Popescu-Judetz şöyle diyor: ""Türk musıki kültürünü incelemek demek sadece seslerin, ses aralıkları ile perdelerin nasıl elde edildiğini değil, aynı zamanda bu alandaki tecrübelerin ortaya çıkardığı fikirleri, musıkinin yorumlanmasıyla uyanan duygular arasındaki ilişkileri, musıkide kullanılan çeşitli temalar ile üslupların kavramsallaşmasını da incelemek demektir.""",,,,,UNCOVERED,7,STRONG,ISBN | YEAR | PUBLISHER | SUMMARY,,NO_DIRECT_COVER,,,0,0,,,
/books/OL10391325M,Bedford Anthology of World Literature V1 & V2 & V3 & Hamlet,,EN,9780312447670,2005,Bedford/St. Martin's,,Contains: Bedford Anthology of World Literature [Hamlet](https://openlibrary.org/works/OL15203981W/Hamlet),,,,,UNCOVERED,7,STRONG,ISBN | YEAR | PUBLISHER | SUMMARY,,NO_DIRECT_COVER,,,0,0,,,
/books/OL2372813M,Whom gods destroy,the Star trek files,EN,9780809580965,1987,Borgo Press,,"Discusses ""Star Trek"" episodes and interviews Mike Minor, who did art for the series.",,,,,UNCOVERED,7,STRONG,ISBN | YEAR | PUBLISHER | SUMMARY,,NO_DIRECT_COVER,,,0,0,,,
/books/OL2738697M,The Enterprise incident,,EN,9780809580941,1986,Borgo Press,,"Discusses the characters, popularity, and individual episodes of the well-known television series.",,,,,UNCOVERED,7,STRONG,ISBN | YEAR | PUBLISHER | SUMMARY,,NO_DIRECT_COVER,,,0,0,,,
/books/OL13551929M,"A thesis entitled, The implications of Buytendijk's work for physical education",a critical analysis,EN,,1971,,,,,,,,UNCOVERED,1,VERY_WEAK,YEAR,NO_ISBN | NO_PUBLISHER | NO_SUMMARY,NO_DIRECT_COVER,,,0,0,,,
/books/OL13591379M,An instructional handbook for the development of a small group multimedia project in a secondary school classroom,,EN,,1992,,,,,,,,UNCOVERED,1,VERY_WEAK,YEAR,NO_ISBN | NO_PUBLISHER | NO_SUMMARY,NO_DIRECT_COVER,,,0,0,,,
/books/OL17789233M,How leisure beliefs relate to attitudes toward the normalization principle as perceived by service providers for people with mental retardation,,EN,,1993,,,,,,,,UNCOVERED,1,VERY_WEAK,YEAR,NO_ISBN | NO_PUBLISHER | NO_SUMMARY,NO_DIRECT_COVER,,,0,0,,,
/books/OL14081165M,"Conference on the history, philosophy, and sociology of science.",,EN,,1955,,,,,,,,UNCOVERED,1,VERY_WEAK,YEAR,NO_ISBN | NO_PUBLISHER | NO_SUMMARY,NO_DIRECT_COVER,,,0,0,,,
/books/OL5665697M,The elements of Sir Isaac Newton's philosophy,,EN,,1967,Cass,,,,,,,UNCOVERED,2,WEAK,YEAR | PUBLISHER,NO_ISBN | NO_SUMMARY,NO_DIRECT_COVER,,,0,0,,,
/books/OL13825373M,Multi-level research,,EN,,1982,Sage,,,,,,,UNCOVERED,2,WEAK,YEAR | PUBLISHER,NO_ISBN | NO_SUMMARY,NO_DIRECT_COVER,,,0,0,,,
/books/OL13639483M,A study of good.,,EN,,1960,"Print. Bureau, Japanese Govt.",,,,,,,UNCOVERED,2,WEAK,YEAR | PUBLISHER,NO_ISBN | NO_SUMMARY,NO_DIRECT_COVER,,,0,0,,,
/books/OL2929732M,The schools of Cornwall,,EN,,1984,Cornwall Historical Society,,,,,,,UNCOVERED,2,WEAK,YEAR | PUBLISHER,NO_ISBN | NO_SUMMARY,NO_DIRECT_COVER,,,0,0,,,
/books/OL13573715M,Value claims in the social sciences.,,EN,,1966,Sine nomine,,,,,,,UNCOVERED,2,WEAK,YEAR | PUBLISHER,NO_ISBN | NO_SUMMARY,NO_DIRECT_COVER,,,0,0,,,
/books/OL242460M,Brazilian short stories,,EN,,1925,Haldeman-Julius Co.,,,,,,,UNCOVERED,2,WEAK,YEAR | PUBLISHER,NO_ISBN | NO_SUMMARY,NO_DIRECT_COVER,,,0,0,,,
/books/OL14719138M,Law and morality,,EN,,1955,Harvard University Press,,,,,,,UNCOVERED,2,WEAK,YEAR | PUBLISHER,NO_ISBN | NO_SUMMARY,NO_DIRECT_COVER,,,0,0,,,
/books/OL5549159M,Imagination in science,,EN,,1967,Springer-Verlag New York,,,,,,,UNCOVERED,2,WEAK,YEAR | PUBLISHER,NO_ISBN | NO_SUMMARY,NO_DIRECT_COVER,,,0,0,,,
/books/OL24507832M,Where in America is Carmen Sandiego?,,EN,,1992,Western Publishing Co.,,"As Carmen and her fellow crooks make their way from San Francisco to New York and back again, the reader is challenged to find what each of them has stolen from different sites across the country.",,,,,UNCOVERED,4,WEAK,YEAR | PUBLISHER | SUMMARY,NO_ISBN,NO_DIRECT_COVER,,,0,0,,,
/books/OL3976759M,Living springs of wisdom and philosophy,,EN,,1999,Addis Ababa University,,,,,,,UNCOVERED,2,WEAK,YEAR | PUBLISHER,NO_ISBN | NO_SUMMARY,NO_DIRECT_COVER,,,0,0,,,
/books/OL13933066M,Polish collections in the British Library.,,EN,,1989,"British Library, Humanities and Social Sciences",,,,,,,UNCOVERED,2,WEAK,YEAR | PUBLISHER,NO_ISBN | NO_SUMMARY,NO_DIRECT_COVER,,,0,0,,,
/books/OL5913726M,"The age of Louis XIV, and other selected writings.",,EN,,1965,Twayne Publishers,,,,,,,UNCOVERED,2,WEAK,YEAR | PUBLISHER,NO_ISBN | NO_SUMMARY,NO_DIRECT_COVER,,,0,0,,,
/books/OL18664407M,Catalogue of Italian renaissance maiolica circa 1450-1545 ...,which will be sold by Sotheby & Co.,EN,,1973,Sotheby,,,,,,,UNCOVERED,2,WEAK,YEAR | PUBLISHER,NO_ISBN | NO_SUMMARY,NO_DIRECT_COVER,,,0,0,,,
/books/OL17331400M,A treatise on toleration,"The ignorant philosopher; and, A commentary on the Marquis of Becaria's Treatise on crimes and punishments",EN,,1779,Printed for Fielding and Walker ...,,,,,,,UNCOVERED,2,WEAK,YEAR | PUBLISHER,NO_ISBN | NO_SUMMARY,NO_DIRECT_COVER,,,0,0,,,
/books/OL4872835M,Ethiopian philosophy,,EN,,1974,Sine nomine,,,,,,,UNCOVERED,2,WEAK,YEAR | PUBLISHER,NO_ISBN | NO_SUMMARY,NO_DIRECT_COVER,,,0,0,,,
/books/OL1364127M,Coca-Cola,50 anos com arte = Coca-Cola : 50 years of art.,EN,,1992,Coca-Cola,,,,,,,UNCOVERED,2,WEAK,YEAR | PUBLISHER,NO_ISBN | NO_SUMMARY,NO_DIRECT_COVER,,,0,0,,,
/books/OL17119795M,The family,"God's appointed institution for the establishment and maintenance of true religion : being an address delivered before the Synod of Hamilton and London at its meeting in April, 1878.",EN,,1878,"Print. by J. Somerville, at ""The True Banner"" Office",,,,,,,UNCOVERED,2,WEAK,YEAR | PUBLISHER,NO_ISBN | NO_SUMMARY,NO_DIRECT_COVER,,,0,0,,,
/books/OL17811939M,Society for the special study of political economy,"the philosophy of history, and the science of government.",EN,,1857,A. Mudge,,,,,,,UNCOVERED,2,WEAK,YEAR | PUBLISHER,NO_ISBN | NO_SUMMARY,NO_DIRECT_COVER,,,0,0,,,
/books/OL4247573M,Bureaucratic elites in segmented economic growth,Pakistan and Bangladesh,EN,,1980,University Press,,,,,,,UNCOVERED,2,WEAK,YEAR | PUBLISHER,NO_ISBN | NO_SUMMARY,NO_DIRECT_COVER,,,0,0,,,
/books/OL17570864M,Essays on social organization and values.,,EN,,1964,AthlonePress,,,,,,,UNCOVERED,2,WEAK,YEAR | PUBLISHER,NO_ISBN | NO_SUMMARY,NO_DIRECT_COVER,,,0,0,,,
/books/OL15374977M,La belle époque chilena,alta sociedad y mujeres de elite en el cambio de siglo,ES,9789562621397,2001,Editorial Sudamericana,,,,,,,UNCOVERED,5,PROMISING,ISBN | YEAR | PUBLISHER,NO_SUMMARY,NO_DIRECT_COVER,,,0,0,,,
/books/OL142553M,Pueblos y culturas aborígenes del Uruguay,"Charrúas, Minuanes, Chanáes, Guaraníes",ES,9789974638112,1998,Rosebud Ediciones,,,,,,,UNCOVERED,5,PROMISING,ISBN | YEAR | PUBLISHER,NO_SUMMARY,NO_DIRECT_COVER,,,0,0,,,
/books/OL13117719M,Historia regional de campeche / Regional History of Campeche (Perfil Socioeconomico / Socioeconomic Profile),,ES,9789681860363,2000,Editorial Limusa S.A. De C.V.,,,,,,,UNCOVERED,5,PROMISING,ISBN | YEAR | PUBLISHER,NO_SUMMARY,NO_DIRECT_COVER,,,0,0,,,
/books/OL13231383M,Contra El Pensamiento Unico (Pensamiento),,ES,9788430602667,1998,"Ediciones Taurus SA, Grupo Santillana",,,,,,,UNCOVERED,5,PROMISING,ISBN | YEAR | PUBLISHER,NO_SUMMARY,NO_DIRECT_COVER,,,0,0,,,
/books/OL13233010M,Curso de Fotografia En 9 Lecciones,,ES,9788431519131,2000,de Vecchi,,,,,,,UNCOVERED,5,PROMISING,ISBN | YEAR | PUBLISHER,NO_SUMMARY,NO_DIRECT_COVER,,,0,0,,,
/books/OL16292766M,Hegemonía y emancipación,"fábricas recuperadas, movimientos sociales y poder bolivariano",ES,9789872119492,2006,Herramienta,,,,,,,UNCOVERED,5,PROMISING,ISBN | YEAR | PUBLISHER,NO_SUMMARY,NO_DIRECT_COVER,,,0,0,,,
/books/OL142527M,El manuscrito de 1772,noticia de la banda norte del Río de la Plata por el marino español Francisco Millau,ES,9789974754812,1998,Academia Uruguaya de Historia Marítima y Fluvial,,,,,,,UNCOVERED,5,PROMISING,ISBN | YEAR | PUBLISHER,NO_SUMMARY,NO_DIRECT_COVER,,,0,0,,,
/books/OL19591071M,El teatro barroco,guía del espectador,ES,9788489354869,1999,Literatura y Ciencia,,,,,,,UNCOVERED,5,PROMISING,ISBN | YEAR | PUBLISHER,NO_SUMMARY,NO_DIRECT_COVER,,,0,0,,,
/books/OL16956416M,Ascenso de una casa asturiana,"los Vigil de Quiñones, Marqueses de Santa Cruz de Marcenado",ES,9788487212390,2006,Real Instituto de Estudios Asturianos,,,,,,,UNCOVERED,5,PROMISING,ISBN | YEAR | PUBLISHER,NO_SUMMARY,NO_DIRECT_COVER,,,0,0,,,
/books/OL22534838M,"Francisco Ayala, 1927-1936",la ciencia política como ciencia de la realidad : la constitucionalización del derecho social,ES,9788429014808,2007,Editorial Reus,,,,,,,UNCOVERED,5,PROMISING,ISBN | YEAR | PUBLISHER,NO_SUMMARY,NO_DIRECT_COVER,,,0,0,,,
/books/OL13151830M,Material y Lo Inmaterial En El Arte-Diseño Contemporaneo,"Materiales, Objetos y Lenguajes Virtuales",ES,9789703101511,2003,Universidad Autonoma Metropolitana Unidad Xoc,,,,,,,UNCOVERED,5,PROMISING,ISBN | YEAR | PUBLISHER,NO_SUMMARY,NO_DIRECT_COVER,,,0,0,,,
/books/OL12829758M,"Religiose Kunst, Kunstreligion Und Die Uberwindung Der Sakularisierung",Fruhromantik ALS Sehnsucht Und Suche Nach Der Verlorenen Religion Dargestellt (Europaische Hochschulschriften),ES,9783631518359,2004,Peter Lang Publishing,,,,,,,UNCOVERED,5,PROMISING,ISBN | YEAR | PUBLISHER,NO_SUMMARY,NO_DIRECT_COVER,,,0,0,,,
/books/OL21662429M,Maestros argentinos,,ES,9789871075720,2006,Libros del Rojas,,,,,,,UNCOVERED,5,PROMISING,ISBN | YEAR | PUBLISHER,NO_SUMMARY,NO_DIRECT_COVER,,,0,0,,,
/books/OL13325632M,Ser de Derechas Ser de Derechas,Manifiesto Para Desmontar Una Leyenda Negra Manifiesto Para Desmontar Una Leyenda Negra,ES,9788484603184,2004,Temas de Hoy,,,,,,,UNCOVERED,5,PROMISING,ISBN | YEAR | PUBLISHER,NO_SUMMARY,NO_DIRECT_COVER,,,0,0,,,
/books/OL16258169M,Las dos caras de la libertad de expresión en Chile,,ES,9789567382149,2005,Universidad Academia de Humanismo Cristiano,,,,,,,UNCOVERED,5,PROMISING,ISBN | YEAR | PUBLISHER,NO_SUMMARY,NO_DIRECT_COVER,,,0,0,,,
/books/OL13206588M,Arte Trascendental Argentino,,ES,9789879777909,2000,Ediciones Institucionales,,,,,,,UNCOVERED,5,PROMISING,ISBN | YEAR | PUBLISHER,NO_SUMMARY,NO_DIRECT_COVER,,,0,0,,,
/books/OL3977164M,Por mi honor,vida de los presidentes uruguayos,ES,9789974406476,2000,Arca,,,,,,,UNCOVERED,5,PROMISING,ISBN | YEAR | PUBLISHER,NO_SUMMARY,NO_DIRECT_COVER,,,0,0,,,
/books/OL16293917M,Apuntes de espiritualidad ignaciana,"de algunas conferencias, meditaciones y platicas de ejercicios espirituales",ES,9781593880026,2003,Ediciones Universal,,,,,,,UNCOVERED,5,PROMISING,ISBN | YEAR | PUBLISHER,NO_SUMMARY,NO_DIRECT_COVER,,,0,0,,,
/books/OL13222865M,del Diseno,,ES,9788425218781,2005,Editorial Gustavo Gili,,"CONTENIDO: Representación-reproducción - Diseño y lenguaje - Acerca de la pedagogía del diseño gráfico - El boom del diseño - Una rara avis: un diseñador que piensa - ""Miss marca"": otro concurso de belleza - Del estilo - ¿Qué es el diseño? - Reflexiones en torno a un premio de diseño - Diseño y estrategia.",,,,,UNCOVERED,7,STRONG,ISBN | YEAR | PUBLISHER | SUMMARY,,NO_DIRECT_COVER,,,0,0,,,
/books/OL16366798M,Direcciones contemporáneas del pensamiento económico,aspectos de su problemática. Simposio.,ES,,1961,,,,,,,,UNCOVERED,1,VERY_WEAK,YEAR,NO_ISBN | NO_PUBLISHER | NO_SUMMARY,NO_DIRECT_COVER,,,0,0,,,
/books/OL2575617M,Mediación política y apertura democrática en el Uruguay,,ES,,1984,Centro de Informaciones y Estudios del Uruguay,,,,,,,UNCOVERED,2,WEAK,YEAR | PUBLISHER,NO_ISBN | NO_SUMMARY,NO_DIRECT_COVER,,,0,0,,,
/books/OL20425436M,"Juan de Mariana, pensador y político (selección y estudio de Manuel Ballesteros-Gaibrois).",,ES,,1944,Ediciones Fe,,,,,,,UNCOVERED,2,WEAK,YEAR | PUBLISHER,NO_ISBN | NO_SUMMARY,NO_DIRECT_COVER,,,0,0,,,
/books/OL5127874M,La crisis comercial en la cuenca del Plata (1880-1920).,,ES,,1973,Ediciones de la Banda Oriental,,,,,,,UNCOVERED,2,WEAK,YEAR | PUBLISHER,NO_ISBN | NO_SUMMARY,NO_DIRECT_COVER,,,0,0,,,
/books/OL14642475M,Curso de filosofia,,ES,,1968,Barreiro y Ramos,,,,,,,UNCOVERED,2,WEAK,YEAR | PUBLISHER,NO_ISBN | NO_SUMMARY,NO_DIRECT_COVER,,,0,0,,,
/books/OL52519762M,Los Cantabros,,ES,,1966,Ediciones Guadarrama,,,,,,,UNCOVERED,2,WEAK,YEAR | PUBLISHER,NO_ISBN | NO_SUMMARY,NO_DIRECT_COVER,,,0,0,,,
/books/OL21551740M,Estudios sobre el siglo 19 español.,,ES,,1971,Siglo XXI de España,,,,,,,UNCOVERED,2,WEAK,YEAR | PUBLISHER,NO_ISBN | NO_SUMMARY,NO_DIRECT_COVER,,,0,0,,,
/books/OL14766843M,"La observación, la memoria y la palabra en la investigación social",,ES,,1989,CAAP,,,,,,,UNCOVERED,2,WEAK,YEAR | PUBLISHER,NO_ISBN | NO_SUMMARY,NO_DIRECT_COVER,,,0,0,,,
/books/OL1605346M,Las artes plásticas en la América Latina,del trance a lo transitorio,ES,,1990,Casa de las Américas,,,,,,,UNCOVERED,2,WEAK,YEAR | PUBLISHER,NO_ISBN | NO_SUMMARY,NO_DIRECT_COVER,,,0,0,,,
/books/OL2622326M,"Don Cipriano de Melo, señor de fronteras",,ES,,1985,Arca,,,,,,,UNCOVERED,2,WEAK,YEAR | PUBLISHER,NO_ISBN | NO_SUMMARY,NO_DIRECT_COVER,,,0,0,,,
/books/OL1364707M,Getulio Vargas,"nacionalismo e industrialización en el Brasil, 1930-1945",ES,,1991,Fundación de Cultura Universitaria,,,,,,,UNCOVERED,2,WEAK,YEAR | PUBLISHER,NO_ISBN | NO_SUMMARY,NO_DIRECT_COVER,,,0,0,,,
/books/OL147181M,Regards sociologiques sur la délinquance juvénile au Maroc,,FR,9789981194403,1998,Sine nomine,,,,,,,UNCOVERED,5,PROMISING,ISBN | YEAR | PUBLISHER,NO_SUMMARY,NO_DIRECT_COVER,,,0,0,,,
/books/OL16265606M,Voyages,,FR,9782221046999,1987,R. Laffont,,,,,,,UNCOVERED,5,PROMISING,ISBN | YEAR | PUBLISHER,NO_SUMMARY,NO_DIRECT_COVER,,,0,0,,,
/books/OL30973657M,Les aventures de P'tit Filou,Haïti mon amour,FR,9791090810006,2012,Editions Ago,,,,,,,UNCOVERED,5,PROMISING,ISBN | YEAR | PUBLISHER,NO_SUMMARY,NO_DIRECT_COVER,,,0,0,,,
/books/OL23671437M,Snob society,,FR,9782081223615,2009,Flammarion,,,,,,,UNCOVERED,5,PROMISING,ISBN | YEAR | PUBLISHER,NO_SUMMARY,NO_DIRECT_COVER,,,0,0,,,
/books/OL16385778M,Gilles Deleuze,,FR,9782914935135,2003,ADPF,,,,,,,UNCOVERED,5,PROMISING,ISBN | YEAR | PUBLISHER,NO_SUMMARY,NO_DIRECT_COVER,,,0,0,,,
/books/OL15237728M,Les Pyrénées,,FR,9782707114587,1984,Editions La Découverte,,,,,,,UNCOVERED,5,PROMISING,ISBN | YEAR | PUBLISHER,NO_SUMMARY,NO_DIRECT_COVER,,,0,0,,,
/books/OL22636534M,L' art et la chasse,histoire culturelle et artistique de la chasse,FR,9782804606794,2002,Renaissance du Livre,,,,,,,UNCOVERED,5,PROMISING,ISBN | YEAR | PUBLISHER,NO_SUMMARY,DIRECT_COVER_FOUND,ISBN,9782804606794,369,475,JPEG,843732b26b893a3846c80813447371892db61dbcb693b4a366f97df108039496,
/books/OL28646023M,Little Book of Iron Man,,FR,9783836567862,2018,TASCHEN,,,,,,,UNCOVERED,5,PROMISING,ISBN | YEAR | PUBLISHER,NO_SUMMARY,NO_DIRECT_COVER,,,0,0,,,
/books/OL12633193M,Le clerc séculier au Moyen Age,,FR,9782859442316,1995,Pub - Publications de la,,,,,,,UNCOVERED,5,PROMISING,ISBN | YEAR | PUBLISHER,NO_SUMMARY,NO_DIRECT_COVER,,,0,0,,,
/books/OL21547440M,Introduction à la lecture de Sénèque,Ad Senecae lectionem proodopoeiae,FR,9782745313737,2007,Champion,,,,,,,UNCOVERED,5,PROMISING,ISBN | YEAR | PUBLISHER,NO_SUMMARY,NO_DIRECT_COVER,,,0,0,,,
/books/OL22448166M,New testamental pictures,,FR,9782910055035,1998,Galerie Thaddaeus Ropac,,,,,,,UNCOVERED,5,PROMISING,ISBN | YEAR | PUBLISHER,NO_SUMMARY,NO_DIRECT_COVER,,,0,0,,,
/books/OL23647196M,Jean-Georges Cornélius,un primitif du XXe siècle,FR,9782843983214,2009,Apogée,,,,,,,UNCOVERED,5,PROMISING,ISBN | YEAR | PUBLISHER,NO_SUMMARY,NO_DIRECT_COVER,,,0,0,,,
/books/OL21478060M,Les Dubuffet de J. Dubuffet,donation de Jean Dubuffet au Musée des arts décoratifs en 1967,FR,9782869412057,1992,Maeght,,,,,,,UNCOVERED,5,PROMISING,ISBN | YEAR | PUBLISHER,NO_SUMMARY,NO_DIRECT_COVER,,,0,0,,,
/books/OL22214585M,Recherche sociale,de la problématique à la collecte des données,FR,9782760506367,1993,Presses de l'Université du Québec,,,,,,,UNCOVERED,5,PROMISING,ISBN | YEAR | PUBLISHER,NO_SUMMARY,DIRECT_COVER_FOUND,ISBN,9782760506367,305,500,JPEG,8ac5e15264fa76cfe6db786acecf5784324435151e336c29049bde0e6b2b2ecf,
/books/OL21351534M,Vers un nouveau pouvoir,les femmes en politique au Canada,FR,9780662963844,1990,Conseil consultatif canadien sur la situation de la femme,,,,,,,UNCOVERED,5,PROMISING,ISBN | YEAR | PUBLISHER,NO_SUMMARY,NO_DIRECT_COVER,,,0,0,,,
/books/OL30747943M,Le manteau,,FR,9782922827491,2012,mg,,,,,,,UNCOVERED,5,PROMISING,ISBN | YEAR | PUBLISHER,NO_SUMMARY,NO_DIRECT_COVER,,,0,0,,,
/books/OL22732672M,"Michel Butor, l'écriture nomade","exposition, Bibliothèque nationale de France, Paris, 20 juin-27 août 2006",FR,9782717723618,2006,Editions de la Bibliothèque nationale de France,,,,,,,UNCOVERED,5,PROMISING,ISBN | YEAR | PUBLISHER,NO_SUMMARY,IMAGE_TOO_SMALL,,,128,146,JPEG,,
/books/OL12627246M,Fontevraud de toutes les penitences,,FR,9782847020236,2003,CMD,,,,,,,UNCOVERED,5,PROMISING,ISBN | YEAR | PUBLISHER,NO_SUMMARY,NO_DIRECT_COVER,,,0,0,,,
/books/OL25081154M,La bande dessinée et son double,"langage et marges de la bande dessinée : perspectives pratiques, théoriques et éditoriales",FR,9782844144256,2011,Association,,,,,,,UNCOVERED,5,PROMISING,ISBN | YEAR | PUBLISHER,NO_SUMMARY,NO_DIRECT_COVER,,,0,0,,,
/books/OL22190843M,La loi sur les jeunes contrevenants,points saillants,FR,9780662949619,1980,"Ministère de la Justice, Communications et affaires publiques",,,,,,,UNCOVERED,5,PROMISING,ISBN | YEAR | PUBLISHER,NO_SUMMARY,NO_DIRECT_COVER,,,0,0,,,
/books/OL21799733M,Les noces de Cana de Véronèse,"uneuvre et sa restauration : Musée du Louvre, Paris, 16 novembre 1992-29 mars 1993",FR,9782711826629,1992,Editions de la Réunion des musées nationaux,,,,,,,UNCOVERED,5,PROMISING,ISBN | YEAR | PUBLISHER,NO_SUMMARY,DIRECT_COVER_FOUND,ISBN,9782711826629,200,203,JPEG,7ba309743ee1f866a64f9f3fa6ea3df6d4cd822f759e2f3ccd30198c09cbc1ee,
/books/OL30990860M,Jean Mardikian et la bande dessinée,d'Angoulême au mont Ararat,FR,9782361993924,2013,Le Croît vif,,,,,,,UNCOVERED,5,PROMISING,ISBN | YEAR | PUBLISHER,NO_SUMMARY,NO_DIRECT_COVER,,,0,0,,,
/books/OL14616383M,L' art et la technique = Die Kunst und die Technik.,,FR,9783727802164,1979,Editions Universitaires,,,,,,,UNCOVERED,5,PROMISING,ISBN | YEAR | PUBLISHER,NO_SUMMARY,NO_DIRECT_COVER,,,0,0,,,
/books/OL3522835M,"Des savants, pour quoi faire?",pour une sociologie de la science,FR,9782228128902,1981,Payot,,,,,,,UNCOVERED,5,PROMISING,ISBN | YEAR | PUBLISHER,NO_SUMMARY,NO_DIRECT_COVER,,,0,0,,,
/books/OL31110807M,Le vent de la liberté,,FR,9789947996072,2012,Éditions z-link,,,,,,,UNCOVERED,5,PROMISING,ISBN | YEAR | PUBLISHER,NO_SUMMARY,NO_DIRECT_COVER,,,0,0,,,
/books/OL22309112M,Guide bibliographique des lettres françaises et québécoises,à l'intention des usagers de la Bibliothèque des sciences humaines et sociales,FR,9780885290246,1977,"Bibliothèque des sciences humaines et sociales, Université de Montréal",,,,,,,UNCOVERED,5,PROMISING,ISBN | YEAR | PUBLISHER,NO_SUMMARY,NO_DIRECT_COVER,,,0,0,,,
/books/OL18341014M,Rires,hommage à Olivier Revault D'Allonnes,FR,9782858935772,2001,Jean-Michel Place,,,,,,,UNCOVERED,5,PROMISING,ISBN | YEAR | PUBLISHER,NO_SUMMARY,NO_DIRECT_COVER,,,0,0,,,
/books/OL19269848M,Le dilemme de Jacques Maritain,l'évolution d'une pensée en philosophie politique,FR,9782851621641,2005,Editions de Paris,,,,,,,UNCOVERED,5,PROMISING,ISBN | YEAR | PUBLISHER,NO_SUMMARY,NO_DIRECT_COVER,,,0,0,,,
/books/OL12624173M,Un siecle de rugby a bayonne,,FR,9782843944499,2001,Atlantica,,,,,,,UNCOVERED,5,PROMISING,ISBN | YEAR | PUBLISHER,NO_SUMMARY,NO_DIRECT_COVER,,,0,0,,,
/books/OL10458446M,Aucassin Et Nicolette,,FR,9780320062483,1968,French & European Pubns,,,,,,,UNCOVERED,5,PROMISING,ISBN | YEAR | PUBLISHER,NO_SUMMARY,NO_DIRECT_COVER,,,0,0,,,
/books/OL30863614M,"Paul Éluard, l'humour, la poésie",,FR,9782343039763,2014,L'Harmattan,,,,,,,UNCOVERED,5,PROMISING,ISBN | YEAR | PUBLISHER,NO_SUMMARY,NO_DIRECT_COVER,,,0,0,,,
/books/OL19191425M,Introduction à l'histoire contemporaine du Viêt Nam,"de la réunification au néocommunisme, 1975-2001",FR,9782846540117,2001,Les Indes savantes,,,,,,,UNCOVERED,5,PROMISING,ISBN | YEAR | PUBLISHER,NO_SUMMARY,NO_DIRECT_COVER,,,0,0,,,
/books/OL30452035M,Un été au Liban,,FR,9789953019017,2010,"Université de Balamand, Académie libanaise des beaux-arts",,,,,,,UNCOVERED,5,PROMISING,ISBN | YEAR | PUBLISHER,NO_SUMMARY,NO_DIRECT_COVER,,,0,0,,,
/books/OL25350406M,Edgar Morin,la fabrique d'une pensée et ses réseaux influents,FR,9782354721404,2011,Éditions Golias,,,,,,,UNCOVERED,5,PROMISING,ISBN | YEAR | PUBLISHER,NO_SUMMARY,NO_DIRECT_COVER,,,0,0,,,
/books/OL19662132M,Jeunes délinquants ou jeunes criminels?,le phénomène de la criminalité chez les adolescents,FR,9782890353237,1998,Éditions Saint-Martin,,,,,,,UNCOVERED,5,PROMISING,ISBN | YEAR | PUBLISHER,NO_SUMMARY,NO_DIRECT_COVER,,,0,0,,,
/books/OL20118202M,Méthodes quantitatives,"l'homme, la société et son milieu",FR,9782760704893,1991,Études vivantes,,,,,,,UNCOVERED,5,PROMISING,ISBN | YEAR | PUBLISHER,NO_SUMMARY,NO_DIRECT_COVER,,,0,0,,,
/books/OL20032232M,Repris de justesse,,FR,9782841468362,2000,Syros,,,,,,,UNCOVERED,5,PROMISING,ISBN | YEAR | PUBLISHER,NO_SUMMARY,NO_DIRECT_COVER,,,0,0,,,
/books/OL16178618M,Bilijou,,FR,9782870830031,1982,Éditions Paulines,,,,,,,UNCOVERED,5,PROMISING,ISBN | YEAR | PUBLISHER,NO_SUMMARY,NO_DIRECT_COVER,,,0,0,,,
/books/OL17135410M,L' autoroute du soleil,,FR,9782203372368,2002,Casterman,,,,,,,UNCOVERED,5,PROMISING,ISBN | YEAR | PUBLISHER,NO_SUMMARY,DIRECT_COVER_FOUND,ISBN,9782203372368,336,475,JPEG,ac5e88f79488b19e273b29fd83ed37c079eb5dcfe13d5a2ee695c625fd6b3e89,
/books/OL19624241M,Le dictionnaire Goscinny,,FR,9782709623131,2003,JC Lattès,,,,,,,UNCOVERED,5,PROMISING,ISBN | YEAR | PUBLISHER,NO_SUMMARY,NO_DIRECT_COVER,,,0,0,,,
/books/OL22175161M,La comparaison dans les sciences sociales,pratiques et méthodes,FR,9782707143044,2005,Découverte,,,,,,,UNCOVERED,5,PROMISING,ISBN | YEAR | PUBLISHER,NO_SUMMARY,NO_DIRECT_COVER,,,0,0,,,
/books/OL21612863M,"Jeux de sciences, Le temps",,FR,9781550433111,1990,"Université d'Ottawa, Faculté d'Éducation",,,,,,,UNCOVERED,5,PROMISING,ISBN | YEAR | PUBLISHER,NO_SUMMARY,NO_DIRECT_COVER,,,0,0,,,
/books/OL22601710M,La religion de Guizot,,FR,9782830909340,1999,Labor et Fides,,,,,,,UNCOVERED,5,PROMISING,ISBN | YEAR | PUBLISHER,NO_SUMMARY,DIRECT_COVER_FOUND,ISBN,9782830909340,312,475,JPEG,8555b2d74f3f0d9d90f437161e21096071e154cc53cba54371199d5c8cf6dbb4,
/books/OL18642712M,La liberté,,FR,9782868500144,1998,Quintette,,,,,,,UNCOVERED,5,PROMISING,ISBN | YEAR | PUBLISHER,NO_SUMMARY,NO_DIRECT_COVER,,,0,0,,,
/books/OL37899692M,"Le philosophe, Tchou Hi","sa doctrine, son influence",FR,9780524017814,1894,Imprimerie de la Mission catholique,,,,,,,UNCOVERED,5,PROMISING,ISBN | YEAR | PUBLISHER,NO_SUMMARY,NO_DIRECT_COVER,,,0,0,,,
/books/OL22067304M,Force de loi,"le ""fondement mystique de l'autorité""",FR,9782718604329,1994,Galilée,,,,,,,UNCOVERED,5,PROMISING,ISBN | YEAR | PUBLISHER,NO_SUMMARY,NO_DIRECT_COVER,,,0,0,,,
/books/OL23391502M,Sociologie pour les sciences sociales,,FR,9782296057401,2008,L'Harmattan,,,,,,,UNCOVERED,5,PROMISING,ISBN | YEAR | PUBLISHER,NO_SUMMARY,NO_DIRECT_COVER,,,0,0,,,
/books/OL19488309M,Spilliaert,le regard de l'âme,FR,9789055446285,2006,Ludion,,,,,,,UNCOVERED,5,PROMISING,ISBN | YEAR | PUBLISHER,NO_SUMMARY,NO_DIRECT_COVER,,,0,0,,,
/books/OL2260013M,De Manet à Picasso,"trésors du Musée d'art de São Paulo : Fondation Pierre Gianadda, Martigny, 2 juillet-6 novembre 1988",FR,9788820208424,1988,Mazzotta,,,,,,,UNCOVERED,5,PROMISING,ISBN | YEAR | PUBLISHER,NO_SUMMARY,NO_DIRECT_COVER,,,0,0,,,
/books/OL20838379M,Les examens de sciences et de mathématiques au secondaire,une analyse de la participation et des taux d'échec aux examens de 1976 à 1982,FR,9782550082811,1985,"Gouvernement du Québec, Ministère de l'éducation",,,,,,,UNCOVERED,5,PROMISING,ISBN | YEAR | PUBLISHER,NO_SUMMARY,NO_DIRECT_COVER,,,0,0,,,
/books/OL14774308M,Les chevaux du Nouvel Empire égyptien,"origines, races, harnachement",FR,9782872680023,1991,Connaissance de l'Egypte ancienne,,,,,,,UNCOVERED,5,PROMISING,ISBN | YEAR | PUBLISHER,NO_SUMMARY,NO_DIRECT_COVER,,,0,0,,,
/books/OL20828935M,Faïences et matières vitreuses de l'Orient ancien,études physico-chimique et catalogue des œuvres du Département des antiquités orientales,FR,9789053495988,2007,Snoeck,,,,,,,UNCOVERED,5,PROMISING,ISBN | YEAR | PUBLISHER,NO_SUMMARY,NO_DIRECT_COVER,,,0,0,,,
/books/OL17214090M,La guerre fantôme,,FR,9782203390027,2002,Casterman,,,,,,,UNCOVERED,5,PROMISING,ISBN | YEAR | PUBLISHER,NO_SUMMARY,DIRECT_COVER_FOUND,ISBN,9782203390027,344,475,JPEG,d17d47dacf42585b1c699e84c6138d479d37f40edb614f60b457fc86051f7ce0,
/books/OL19760511M,Flaques,,FR,9782922182835,2006,Dramaturges Editeurs,,,,,,,UNCOVERED,5,PROMISING,ISBN | YEAR | PUBLISHER,NO_SUMMARY,NO_DIRECT_COVER,,,0,0,,,
/books/OL23152339M,Nature fragile,le Cabinet Deyrolle,FR,9782842786533,2008,Beaux Arts,,,,,,,UNCOVERED,5,PROMISING,ISBN | YEAR | PUBLISHER,NO_SUMMARY,NO_DIRECT_COVER,,,0,0,,,
/books/OL52794028M,Anamorphoses,ou thaumaturgus opticus,FR,9782080126047,1984,Flammarion,,,,,,,UNCOVERED,5,PROMISING,ISBN | YEAR | PUBLISHER,NO_SUMMARY,NO_DIRECT_COVER,,,0,0,,,
/books/OL30763897M,Disques et bande dessinée,Record covers and comic strip,FR,9782916944012,2009,Accords,,,,,,,UNCOVERED,5,PROMISING,ISBN | YEAR | PUBLISHER,NO_SUMMARY,NO_DIRECT_COVER,,,0,0,,,
/books/OL56935138M,Bande dessinée et littérature,,FR,9782812417146,2013,Classiques Garnier,,,,,,,UNCOVERED,5,PROMISING,ISBN | YEAR | PUBLISHER,NO_SUMMARY,NO_DIRECT_COVER,,,0,0,,,
/books/OL23608296M,Les enfants et la loi de la jungle,,FR,9782738122308,2008,Odile Jacob,,,,,,,UNCOVERED,5,PROMISING,ISBN | YEAR | PUBLISHER,NO_SUMMARY,NO_DIRECT_COVER,,,0,0,,,
/books/OL22137999M,Le Paris de Beauvoir =,Beauvoir's Paris : parcours,FR,9782907993944,1999,Syllepse,,,,,,,UNCOVERED,5,PROMISING,ISBN | YEAR | PUBLISHER,NO_SUMMARY,NO_DIRECT_COVER,,,0,0,,,
/books/OL30726522M,Naoki Urasawa,l'air du temps,FR,9782361830762,2012,"Les moutons électriques, éditeur",,,,,,,UNCOVERED,5,PROMISING,ISBN | YEAR | PUBLISHER,NO_SUMMARY,NO_DIRECT_COVER,,,0,0,,,
/books/OL21796257M,Les Mots dans lapeinture,,FR,9782605000012,1980,A. Skira,,,,,,,UNCOVERED,5,PROMISING,ISBN | YEAR | PUBLISHER,NO_SUMMARY,NO_DIRECT_COVER,,,0,0,,,
/books/OL19538740M,Périphéries,un voyage à pied autour de Paris,FR,9782296031920,2007,L'Harmattan,,,,,,,UNCOVERED,5,PROMISING,ISBN | YEAR | PUBLISHER,NO_SUMMARY,NO_DIRECT_COVER,,,0,0,,,
/books/OL23050578M,Album d'une vie,,FR,9782842778347,2008,Chêne,,,,,,,UNCOVERED,5,PROMISING,ISBN | YEAR | PUBLISHER,NO_SUMMARY,NO_DIRECT_COVER,,,0,0,,,
/books/OL19156240M,Shaftesbury,le sens moral,FR,9782130535775,2005,Presses universitaires de France,,,,,,,UNCOVERED,5,PROMISING,ISBN | YEAR | PUBLISHER,NO_SUMMARY,NO_DIRECT_COVER,,,0,0,,,
/books/OL19736163M,Peuples et nations du monde,"la conception de l'histoire, les Arabes du Machrek et leurs contemporains, les Arabes du Maghrib et les Berbères",FR,9782727401308,1986,Sindbad,,,,,,,UNCOVERED,5,PROMISING,ISBN | YEAR | PUBLISHER,NO_SUMMARY,DIRECT_COVER_FOUND,ISBN,9782727401308,310,500,JPEG,37575da0ffc5e843551612347cc5175d0d5b96b50919936ea8c1742c5212a13b,
/books/OL13548718M,L' inconnue des Laurentides,,FR,9780888403513,1972,Éditions Paulines,,,,,,,UNCOVERED,5,PROMISING,ISBN | YEAR | PUBLISHER,NO_SUMMARY,NO_DIRECT_COVER,,,0,0,,,
/books/OL19412354M,Sur les routes de la soie,le grand voyage des objets d'art,FR,9782020086639,1985,Seuil,,,,,,,UNCOVERED,5,PROMISING,ISBN | YEAR | PUBLISHER,NO_SUMMARY,NO_DIRECT_COVER,,,0,0,,,
/books/OL18914319M,Promenade au Canada et aux Etats-Unis,,FR,9780665065057,1980,Didier,,,,,,,UNCOVERED,5,PROMISING,ISBN | YEAR | PUBLISHER,NO_SUMMARY,DIRECT_COVER_FOUND,ISBN,9780665065057,339,500,JPEG,f9c3e89d5ff21dbd96abb0216f8b21bfe421a228b8a762aca453f90016e0fc4c,
/books/OL23195546M,Édition de sciences humaines et sociales : le cœur en danger,"rapport de mission pour le Centre national du livre sur l'édition de sciences humaines et sociales en France, mars 2004",FR,9782130547518,2004,Presses universitaires de France,,,,,,,UNCOVERED,5,PROMISING,ISBN | YEAR | PUBLISHER,NO_SUMMARY,NO_DIRECT_COVER,,,0,0,,,
/books/OL4497204M,Vocabulaire des sciences sociales,,FR,9782130335900,1978,Presses universitaires de France,,,,,,,UNCOVERED,5,PROMISING,ISBN | YEAR | PUBLISHER,NO_SUMMARY,NO_DIRECT_COVER,,,0,0,,,
/books/OL13258209M,History of the Louisiana Civil Code the Formative Years 1803 1839,,FR,9789991900872,1990,Louisiana State Univ Law,,,,,,,UNCOVERED,5,PROMISING,ISBN | YEAR | PUBLISHER,NO_SUMMARY,NO_DIRECT_COVER,,,0,0,,,
/books/OL25134285M,Les nouveaux empires,fin de la démocratie?,FR,9782271071132,2011,CNRS,,,,,,,UNCOVERED,5,PROMISING,ISBN | YEAR | PUBLISHER,NO_SUMMARY,NO_DIRECT_COVER,,,0,0,,,
/books/OL16218026M,Une folle solitude,le fantasme de l'homme auto-construit,FR,9782020863803,2006,Seuil,,,,,,,UNCOVERED,5,PROMISING,ISBN | YEAR | PUBLISHER,NO_SUMMARY,NO_DIRECT_COVER,,,0,0,,,
/books/OL17426626M,Formen und Gegenformen =,Formes et contreformes = Forms and counterforms,FR,9783908257028,1998,Syndor Press,,,,,,,UNCOVERED,5,PROMISING,ISBN | YEAR | PUBLISHER,NO_SUMMARY,NO_DIRECT_COVER,,,0,0,,,
/books/OL12642695M,Du chaos dans le pinceau,"Victor Hugo, dessins - Exposition, Paris, maison de Victor Hugo, 12 octobre 2000 - 7 janvier 2001",FR,9782879005140,2000,Paris musées,,,,,,,UNCOVERED,5,PROMISING,ISBN | YEAR | PUBLISHER,NO_SUMMARY,NO_DIRECT_COVER,,,0,0,,,
/books/OL18460198M,Au jour le jour,manuel de l'élève,FR,9782760846135,1995,Lidec,,,,,,,UNCOVERED,5,PROMISING,ISBN | YEAR | PUBLISHER,NO_SUMMARY,NO_DIRECT_COVER,,,0,0,,,
/books/OL15057672M,Le chat qui sait prévoir le temps,,FR,9780510084318,1973,Ernest Benn,,,,,,,UNCOVERED,5,PROMISING,ISBN | YEAR | PUBLISHER,NO_SUMMARY,NO_DIRECT_COVER,,,0,0,,,
/books/OL30505220M,"Moi, Tarzan",mémoires de l'homme-singe,FR,9782021001709,2010,Seuil,,,,,,,UNCOVERED,5,PROMISING,ISBN | YEAR | PUBLISHER,NO_SUMMARY,NO_DIRECT_COVER,,,0,0,,,
/books/OL19367421M,Bibliothèque universelle des voyages effectués par mer ou par terre dans les diverses parties du monde depuis les premières découvertes jusqu'à nos jours,"contenant la description des moeurs, coutumes, gouvernemens, cultes, sciences et arts, industrie et commerce, productions naturelles et autres",FR,9780665464607,1984,Armand-Aubrée,,,,,,,UNCOVERED,5,PROMISING,ISBN | YEAR | PUBLISHER,NO_SUMMARY,DIRECT_COVER_FOUND,ISBN,9780665464607,421,500,JPEG,6a52006f45a4831da2b9102a3b037f32cdfbe996c19e21dbaba6b87d1107a4d7,
/books/OL19461745M,Histoires d'un musée,le Musée des beaux-arts de Lyon,FR,9782849750148,2005,Musée des beaux-arts de Lyon,,,,,,,UNCOVERED,5,PROMISING,ISBN | YEAR | PUBLISHER,NO_SUMMARY,DIRECT_COVER_FOUND,ISBN,9782849750148,374,475,JPEG,8c423707b8d45b526bed60b9e909bd73f53e184e9ced556e6e7863c5604eca1f,
/books/OL12656316M,Le judaïsme,,FR,9782914230568,2002,Memorial de Caen,,,,,,,UNCOVERED,5,PROMISING,ISBN | YEAR | PUBLISHER,NO_SUMMARY,NO_DIRECT_COVER,,,0,0,,,
/books/OL25431413M,Les Sciences sociales et le sans-abrisme,"recension bibliographique de langue française, 1987-2012",FR,9782862726328,2013,Publications de l'université de Saint-Etienne,,,,,,,UNCOVERED,5,PROMISING,ISBN | YEAR | PUBLISHER,NO_SUMMARY,IMAGE_TOO_SMALL,,,100,150,JPEG,,
/books/OL16636970M,Basistat,[logiciel d'analyse statistique pour micro-ordinateur],FR,9782920812017,1985,"Département de service social, Faculté des arts, Université de Sherbrooke",,,,,,,UNCOVERED,5,PROMISING,ISBN | YEAR | PUBLISHER,NO_SUMMARY,NO_DIRECT_COVER,,,0,0,,,
/books/OL10458445M,Chansons De Geste,,FR,9780320062469,1963,French & European Pubns,,,,,,,UNCOVERED,5,PROMISING,ISBN | YEAR | PUBLISHER,NO_SUMMARY,NO_DIRECT_COVER,,,0,0,,,
/books/OL18551957M,Histoire de la pensée politique,,FR,9782228886536,1993,Payot,,,,,,,UNCOVERED,5,PROMISING,ISBN | YEAR | PUBLISHER,NO_SUMMARY,NO_DIRECT_COVER,,,0,0,,,
/books/OL16630361M,La planète d'Oméga,apprendre à vivre en harmonie,FR,9782893811741,1994,Éditions Logiques,,,,,,,UNCOVERED,5,PROMISING,ISBN | YEAR | PUBLISHER,NO_SUMMARY,NO_DIRECT_COVER,,,0,0,,,
/books/OL22188325M,Introduction aux théories politiques,,FR,9782890373624,1987,Ed. Québec / Amérique,,,,,,,UNCOVERED,5,PROMISING,ISBN | YEAR | PUBLISHER,NO_SUMMARY,NO_DIRECT_COVER,,,0,0,,,
/books/OL21790383M,Science in Islam and classical modernity =,Science en Islam et modernité classique = al-ʻIlm fī al-Islām wa-al-ḥadāthah al-kilāsīkīyah,FR,9781873992715,2002,Al-Furqān Islamic Heritage Foundation,,,,,,,UNCOVERED,5,PROMISING,ISBN | YEAR | PUBLISHER,NO_SUMMARY,NO_DIRECT_COVER,,,0,0,,,
/books/OL12650128M,Ghana,Hier Et Aujourd'hui = Yesterday and Today,FR,9782906067936,2003,Musee Dapper,,,,,,,UNCOVERED,5,PROMISING,ISBN | YEAR | PUBLISHER,NO_SUMMARY,NO_DIRECT_COVER,,,0,0,,,
/books/OL16295153M,"Istituti nazionali, accademie e società scientifiche nell'Europa di Napoleone",,FR,9788822254771,2005,L.S. Olschki,,,,,,,UNCOVERED,5,PROMISING,ISBN | YEAR | PUBLISHER,NO_SUMMARY,NO_DIRECT_COVER,,,0,0,,,
/books/OL22559515M,Psychanalyse de l'État et de la mondialisation,,FR,9782748309614,2007,Publibook,,,,,,,UNCOVERED,5,PROMISING,ISBN | YEAR | PUBLISHER,NO_SUMMARY,NO_DIRECT_COVER,,,0,0,,,
/books/OL12635123M,Nouvelles images France t.2 photographie,,FR,9782865452002,2002,AFAA,,,,,,,UNCOVERED,5,PROMISING,ISBN | YEAR | PUBLISHER,NO_SUMMARY,NO_DIRECT_COVER,,,0,0,,,
/books/OL25292846M,La gauche en France,historique d'un enlisement,FR,9782296566149,2011,L'Harmattan,,"En ce début de XXIe siècle, la gauche apparaît enlisée. Il demeure certes un Parti socialiste, force politique indiscutable capable de gagner des élections locales, mais sans programme consistant, se contentant de prendre le contre-pied des positions et des mesures du centre-droit au pouvoir. En replaçant dans une large perspective historique les origines et l'évolution de la gauche en France, ce livre tente de cerner les raisons de cet enfermement et les possibilités qui demeurent de s'en extraire.",,,,,UNCOVERED,7,STRONG,ISBN | YEAR | PUBLISHER | SUMMARY,,NO_DIRECT_COVER,,,0,0,,,
/books/OL20726921M,Pouvoir et justice dans la tradition des peuples noirs,philosophie et pratique,FR,9782747566568,2004,Harmattan,,"Peut-on se contenter de ne voir en la justice qu'une machine à distribuer des peines et des châtiments ? Dans la conception négro-africaine de la justice, juger ce c'est pas condamner, c'est faire en sorte de rétablir une harmonie rompue. Par quels moyens ? C'est à cette question que cet ouvrage entend répondre. il traite également de la conception du pouvoir dans la tradition africaine ainsi que de fondement philosophique.",,,,,UNCOVERED,7,STRONG,ISBN | YEAR | PUBLISHER | SUMMARY,,NO_DIRECT_COVER,,,0,0,,,
/books/OL1689628M,Čhēdī Samai Sukhōthai thī Wat Čhēdī Čhet Thǣo,,FR,9789747366501,1991,Samnakphim Mư̄ang Bōrān nai nām Bō̜risat Wiriya Thurakit,,"On architecture of Wat Chedi Chet Taeow, Sisatchanalai, Sukhothai Province, northern Thailand.",,,,,UNCOVERED,7,STRONG,ISBN | YEAR | PUBLISHER | SUMMARY,,NO_DIRECT_COVER,,,0,0,,,
/books/OL25285185M,L'écriture de la sociologie,essai d'une épistémologie du style en sciences sociales,FR,9782296566736,2011,L'Harmattan,,"En sciences sociales, l'écriture est rarement un sujet de préoccupation à l'égal de la théorie, de la méthodologie ou de l'enquête de terrain. Ce livre s'attache au contraire à montrer, à partir du cas de la sociologie, qu'il s'agit d'une dimension essentielle de la production de savoirs sur les sociétés. Le livre fait le constat des contraintes académiques, d'écoles de pensée, de cultures nationales qui pèsent sur l'écriture et essaie de dégager les bases d'une étude des singularités de style en sociologie.",,,,,UNCOVERED,7,STRONG,ISBN | YEAR | PUBLISHER | SUMMARY,,NO_DIRECT_COVER,,,0,0,,,
/books/OL33555258M,Alpha,,FR,9781911370000,2016,"Barrington Stoke, Limited",,"""Determined to reunite with his family, Alpha sets off from his home in Cote d'Ivoire, bound for Paris, where his sister-in-law has a hair salon near the Gare du Nord train station. Alpha's wife and son left for France months ago, traveling without visas, and he has heard nothing from them since. With a visa, Alpha's journey would take a matter of hours. Without one, he is adrift for over a year, encountering human traffickers in the desert, refugee camps in Mali and Algeria, overcrowded boats carrying migrants between the Canary Islands and Europe's southern coast, and a cast of companions lost and found along the way. Throughout, Alpha stays the course, carrying his loved ones' photograph close to his heart as he makes his perilous trek across the continent --",,,,,UNCOVERED,7,STRONG,ISBN | YEAR | PUBLISHER | SUMMARY,,NO_DIRECT_COVER,,,0,0,,,
/books/OL22260569M,Des mythes fondateurs pour notre humanité,,FR,9782804801274,2007,Éditions Complexe,,"Dans toutes les cultures, les hommes ont inventé des récits pour s'expliquer à eux-mêmes quelle était leur condition dans le monde où ils vivaient et fournir des réponses aux questions majeures qu'ils se posaient. L'auteur compare et analyse les réponses données par des mythes de diverses civilisations (grecque antique, d'Afrique, amérindienne ...) et dresse un constat de la condition humaine.",,,,,UNCOVERED,7,STRONG,ISBN | YEAR | PUBLISHER | SUMMARY,,NO_DIRECT_COVER,,,0,0,,,
/books/OL19822265M,"Exposition de l'art ancien au pays de Liége ... Organisée à l'initiative de l'Oeuvre des artistes, avec le concours gracieux de lU̕nion centrale des arts décoratifs de Paris, et la participation de la ville de Liége et des sociétés da̕rt et da̕rchéologie ... Palais du Louvre, Musée des arts décoratifs, Pavillon de Marsan. 20 mai-30 juin 1924. [Catalogue",,FR,,1924,,,,,,,,UNCOVERED,1,VERY_WEAK,YEAR,NO_ISBN | NO_PUBLISHER | NO_SUMMARY,NO_DIRECT_COVER,,,0,0,,,
/books/OL19318429M,Formes et significations du comique dans Les Rougon-Macquart d'Emile Zola,,FR,,1984,,,,,,,,UNCOVERED,1,VERY_WEAK,YEAR,NO_ISBN | NO_PUBLISHER | NO_SUMMARY,NO_DIRECT_COVER,,,0,0,,,
/books/OL16156907M,Les enfants,(Le livre des meres),FR,,,Hetzel.,,,,,,,UNCOVERED,1,VERY_WEAK,PUBLISHER,NO_ISBN | NO_YEAR | NO_SUMMARY,NO_DIRECT_COVER,,,0,0,,,
/books/OL18367040M,Loisirs et délinquance juvénile,colloque des vendredi 22 et samedi 23 octobre 1965 à Liège.,FR,,1966,,,,,,,,UNCOVERED,1,VERY_WEAK,YEAR,NO_ISBN | NO_PUBLISHER | NO_SUMMARY,NO_DIRECT_COVER,,,0,0,,,
/books/OL19639102M,Le groupe des XX et son temps,"Musées royaux des beaux-arts de Belgique, Bruxelles, 17 février au 8 avril 1962; Rijksmuseum Kröller-Müller, Otterlo, 15 avril au 31 mai 1962.",FR,,1962,,,,,,,,UNCOVERED,1,VERY_WEAK,YEAR,NO_ISBN | NO_PUBLISHER | NO_SUMMARY,NO_DIRECT_COVER,,,0,0,,,
/books/OL14796394M,24 [i.e. Vingt-quatre] exercices pour le violon,préparatiores aux études de R. Kreutzer et P. Rode. [Op. 37],FR,,,Augener,,,,,,,UNCOVERED,1,VERY_WEAK,PUBLISHER,NO_ISBN | NO_YEAR | NO_SUMMARY,NO_DIRECT_COVER,,,0,0,,,
/books/OL13975731M,The atre en liberte .,,FR,,,Hetzel,,,,,,,UNCOVERED,1,VERY_WEAK,PUBLISHER,NO_ISBN | NO_YEAR | NO_SUMMARY,NO_DIRECT_COVER,,,0,0,,,
/books/OL18398559M,Les arts au moyen age et à l'époque de la Renaissance,,FR,,1871,Didot,,,,,,,UNCOVERED,2,WEAK,YEAR | PUBLISHER,NO_ISBN | NO_SUMMARY,NO_DIRECT_COVER,,,0,0,,,
/books/OL43748957M,Bruges,au berceau de la peinture flamande,FR,,1963,Arthaud,,,,,,,UNCOVERED,2,WEAK,YEAR | PUBLISHER,NO_ISBN | NO_SUMMARY,NO_DIRECT_COVER,,,0,0,,,
/books/OL22195215M,"Les idéaux de lO̕rient, Le réveil du Japon.",,FR,,1917,Payot & Cie,,,,,,,UNCOVERED,2,WEAK,YEAR | PUBLISHER,NO_ISBN | NO_SUMMARY,NO_DIRECT_COVER,,,0,0,,,
/books/OL15109238M,Les trésors des églises de France,"Musée des arts décoratifs, Paris, 1965.",FR,,1965,Caisse nationale des monuments historiques,,,,,,,UNCOVERED,2,WEAK,YEAR | PUBLISHER,NO_ISBN | NO_SUMMARY,NO_DIRECT_COVER,,,0,0,,,
/books/OL14265162M,Mélanges africains et orientaux.,,FR,,1915,J. Maisonneuve,,,,,,,UNCOVERED,2,WEAK,YEAR | PUBLISHER,NO_ISBN | NO_SUMMARY,NO_DIRECT_COVER,,,0,0,,,
/books/OL22184115M,The logic of Science in sociology,,FR,,1971,Aldine-Atherton,,,,,,,UNCOVERED,2,WEAK,YEAR | PUBLISHER,NO_ISBN | NO_SUMMARY,NO_DIRECT_COVER,,,0,0,,,
/books/OL50348916M,Éléments de sociologie scientifique,,FR,,1979,La Pensée Universelle,,,,,,,UNCOVERED,2,WEAK,YEAR | PUBLISHER,NO_ISBN | NO_SUMMARY,NO_DIRECT_COVER,,,0,0,,,
/books/OL14094158M,Catalogue illustré du Salon de 1914,,FR,,1914,Bibliotheque des annales,,,,,,,UNCOVERED,2,WEAK,YEAR | PUBLISHER,NO_ISBN | NO_SUMMARY,NO_DIRECT_COVER,,,0,0,,,
/books/OL52847464M,"Répertoire de la carte postale ivoirienne, en hommage aux fondateurs de la Côte-d'Ivoire",,FR,,1988,Art et édition,,,,,,,UNCOVERED,2,WEAK,YEAR | PUBLISHER,NO_ISBN | NO_SUMMARY,NO_DIRECT_COVER,,,0,0,,,
/books/OL14757103M,"Abris peints de la Serra Branca et de la Serra Nova région de Varzea Grande, Etat du Piaui, Brésil",,FR,,1973,Institut d'Ethnologie,,,,,,,UNCOVERED,2,WEAK,YEAR | PUBLISHER,NO_ISBN | NO_SUMMARY,NO_DIRECT_COVER,,,0,0,,,
/books/OL14713256M,"A la conquête des coeurs, le pays des millions d'éléphants et du parasol blanc, les ""Pavillons noirs,"" Déo-van-Tri.",,FR,,1947,Presses universitaires de France,,,,,,,UNCOVERED,2,WEAK,YEAR | PUBLISHER,NO_ISBN | NO_SUMMARY,NO_DIRECT_COVER,,,0,0,,,
/books/OL21144834M,De l'Inde au Cambodge et à Java,,FR,,1950,Les Documents d'Art,,,,,,,UNCOVERED,2,WEAK,YEAR | PUBLISHER,NO_ISBN | NO_SUMMARY,NO_DIRECT_COVER,,,0,0,,,
/books/OL19039419M,"Théâtre, musique, beaux-arts","traditions culturelles et artistiques au Collège de L'Assomption, 1833-1974",FR,,1975,"Collège de L'Assomption, Bibliothèque",,,,,,,UNCOVERED,2,WEAK,YEAR | PUBLISHER,NO_ISBN | NO_SUMMARY,NO_DIRECT_COVER,,,0,0,,,
/books/OL14709737M,L' idée de philosophie politique,,FR,,1965,Presses universitaires de France,,,,,,,UNCOVERED,2,WEAK,YEAR | PUBLISHER,NO_ISBN | NO_SUMMARY,NO_DIRECT_COVER,,,0,0,,,
/books/OL14787304M,"Catalogue général des reproductions inaltérables au charbon d'apres les chefs- d'oeuvre de la peinture dans les Musées d'Europe, les galeries et collections particulières les plus remarquables.",,FR,,1896,Braun,,,,,,,UNCOVERED,2,WEAK,YEAR | PUBLISHER,NO_ISBN | NO_SUMMARY,NO_DIRECT_COVER,,,0,0,,,
/books/OL19767721M,Le futurisme et la peinture italienne,,FR,,1966,Société d'Édition d'Enseignement Supérieur,,,,,,,UNCOVERED,2,WEAK,YEAR | PUBLISHER,NO_ISBN | NO_SUMMARY,NO_DIRECT_COVER,,,0,0,,,
/books/OL61674484M,Le portrait d'Apa Jérémie,Note à propos du soi-disant nimbe rectangulaire,FR,,1912,Imprimerie nationale,,,,,,,UNCOVERED,2,WEAK,YEAR | PUBLISHER,NO_ISBN | NO_SUMMARY,NO_DIRECT_COVER,,,0,0,,,
/books/OL15487959M,Le printemps,unité préparée pour la maternelle,FR,,1982,Conseil scolaire d'Ottawa,,,,,,,UNCOVERED,2,WEAK,YEAR | PUBLISHER,NO_ISBN | NO_SUMMARY,NO_DIRECT_COVER,,,0,0,,,
/books/OL20026094M,Histoire illustrée de la médecine,,FR,,1935,Librairie Plon,,,,,,,UNCOVERED,2,WEAK,YEAR | PUBLISHER,NO_ISBN | NO_SUMMARY,NO_DIRECT_COVER,,,0,0,,,
/books/OL18060080M,Art et technique,aux XIXe et XXe siècles,FR,,1956,Éditions de Minuit,,,,,,,UNCOVERED,2,WEAK,YEAR | PUBLISHER,NO_ISBN | NO_SUMMARY,NO_DIRECT_COVER,,,0,0,,,
/books/OL43735104M,Regards sur Kinshasa,témoignages,FR,,1981,Les éditions réunies,,,,,,,UNCOVERED,2,WEAK,YEAR | PUBLISHER,NO_ISBN | NO_SUMMARY,NO_DIRECT_COVER,,,0,0,,,
/books/OL14342848M,Le roman français durant l'époque classique (1610-1800).,,FR,,1921,J.M. Dent,,,,,,,UNCOVERED,2,WEAK,YEAR | PUBLISHER,NO_ISBN | NO_SUMMARY,NO_DIRECT_COVER,,,0,0,,,
/books/OL190237M,L' humanisme roman,critique des théories sur l'art du XIe siècle en France.,FR,,1942,P. Carrère,,,,,,,UNCOVERED,2,WEAK,YEAR | PUBLISHER,NO_ISBN | NO_SUMMARY,NO_DIRECT_COVER,,,0,0,,,
/books/OL22197039M,Histoire de l'impressionisme,,FR,,1955,Albin Michel,,,,,,,UNCOVERED,2,WEAK,YEAR | PUBLISHER,NO_ISBN | NO_SUMMARY,NO_DIRECT_COVER,,,0,0,,,
/books/OL18483660M,Avez-vous lu Victor Hugo? Anthologie poétique commentée par Aragon.,,FR,,1969,Les Éditeurs français réunis,,,,,,,UNCOVERED,2,WEAK,YEAR | PUBLISHER,NO_ISBN | NO_SUMMARY,NO_DIRECT_COVER,,,0,0,,,
/books/OL15114806M,Les questions militaires,,FR,,1617,"Chez la vefue M. Guillemot, et S. Thiboust ...",,,,,,,UNCOVERED,2,WEAK,YEAR | PUBLISHER,NO_ISBN | NO_SUMMARY,NO_DIRECT_COVER,,,0,0,,,
/books/OL17036732M,L' Islamisme et la science,"conférence faite à la Sorbonne, le 29 mars 1883",FR,,1883,C. Lévy,,,,,,,UNCOVERED,2,WEAK,YEAR | PUBLISHER,NO_ISBN | NO_SUMMARY,NO_DIRECT_COVER,,,0,0,,,
/books/OL14357146M,"Le Nouveau mal du siècle, de Baudelaire à nos jours.",,FR,,1968,Société d'édition d'enseignement supérieur,,,,,,,UNCOVERED,2,WEAK,YEAR | PUBLISHER,NO_ISBN | NO_SUMMARY,NO_DIRECT_COVER,,,0,0,,,
/books/OL14584288M,Trésors de France,,FR,,1972,"Sélection du Reader's digest, S.A.R.L",,,,,,,UNCOVERED,2,WEAK,YEAR | PUBLISHER,NO_ISBN | NO_SUMMARY,NO_DIRECT_COVER,,,0,0,,,
/books/OL20084311M,Un audacieux message,,FR,,1951,Nouvelle Éd. Latines,,,,,,,UNCOVERED,2,WEAK,YEAR | PUBLISHER,NO_ISBN | NO_SUMMARY,NO_DIRECT_COVER,,,0,0,,,
/books/OL14963774M,L' univers de Thomas More,"chronologie critique de More, Erasme, et leur époque, 1477-1536.",FR,,1963,Libraire philosophique J. Vrin,,,,,,,UNCOVERED,2,WEAK,YEAR | PUBLISHER,NO_ISBN | NO_SUMMARY,NO_DIRECT_COVER,,,0,0,,,
/books/OL61370627M,Essais de morale et de politique,,FR,,1806,Chez Nicolle,,,,,,,UNCOVERED,2,WEAK,YEAR | PUBLISHER,NO_ISBN | NO_SUMMARY,NO_DIRECT_COVER,,,0,0,,,
/books/OL5492424M,Saint François et le loup.,,FR,,1971,Éditions G. P.,,,,,,,UNCOVERED,2,WEAK,YEAR | PUBLISHER,NO_ISBN | NO_SUMMARY,NO_DIRECT_COVER,,,0,0,,,
/books/OL19979692M,"Le prince, suivi de L'Anti-Machiavel de Frédéric II",,FR,,1962,Garnier,,,,,,,UNCOVERED,2,WEAK,YEAR | PUBLISHER,NO_ISBN | NO_SUMMARY,NO_DIRECT_COVER,,,0,0,,,
/books/OL15959701M,La philosophie du moyen âge.,,FR,,1946,Culture,,,,,,,UNCOVERED,2,WEAK,YEAR | PUBLISHER,NO_ISBN | NO_SUMMARY,NO_DIRECT_COVER,,,0,0,,,
/books/OL14815139M,La conscience concrète,,FR,,1955,Aubier,,,,,,,UNCOVERED,2,WEAK,YEAR | PUBLISHER,NO_ISBN | NO_SUMMARY,NO_DIRECT_COVER,,,0,0,,,
/books/OL16429500M,Le Cathe□chisme du genre humaine ...,"Pre□ce□de□ d'un Discours sur les causes de la division, de l'esclavage et de la destruction des hommes les uns par les autres ... Avec deux Adresses ... a□ la nation franc□aise ... et avec quelques opuscules relatifs au nouvel ordre de choses.",FR,,1967,E□ditions d'histoire sociale,,,,,,,UNCOVERED,2,WEAK,YEAR | PUBLISHER,NO_ISBN | NO_SUMMARY,NO_DIRECT_COVER,,,0,0,,,
/books/OL14792225M,"Héritage de mots, héritage d'idées.",,FR,,1945,Presses Universitaires de France,,,,,,,UNCOVERED,2,WEAK,YEAR | PUBLISHER,NO_ISBN | NO_SUMMARY,NO_DIRECT_COVER,,,0,0,,,
/books/OL19631918M,Opéras pour enfants,,FR,,1993,Institut de pédagogie musicale e chorégraphique,,,,,,,UNCOVERED,2,WEAK,YEAR | PUBLISHER,NO_ISBN | NO_SUMMARY,NO_DIRECT_COVER,,,0,0,,,
/books/OL21184979M,Les sources et les courants de la philosophie contemporaine en France,,FR,,1933,F. Alcan,,,,,,,UNCOVERED,2,WEAK,YEAR | PUBLISHER,NO_ISBN | NO_SUMMARY,NO_DIRECT_COVER,,,0,0,,,
/books/OL17002661M,Musée national de l'Ermitage,petit guide.,FR,,1955,Éditions en langues étrangères,,,,,,,UNCOVERED,2,WEAK,YEAR | PUBLISHER,NO_ISBN | NO_SUMMARY,NO_DIRECT_COVER,,,0,0,,,
/books/OL62541734M,"Journal d'un voyage au nord, en 1736. & 1737",,FR,,1744,Piget,,,,,,,UNCOVERED,2,WEAK,YEAR | PUBLISHER,NO_ISBN | NO_SUMMARY,NO_DIRECT_COVER,,,0,0,,,
/books/OL14364924M,L' A ge d'or de Justinien,de la mort de The odose a l'Islam.,FR,,1966,Gallimard,,,,,,,UNCOVERED,2,WEAK,YEAR | PUBLISHER,NO_ISBN | NO_SUMMARY,NO_DIRECT_COVER,,,0,0,,,
/books/OL14170967M,"Catalogue illustré du Salon, troisième année 1881",,FR,,1881,L. Baschet,,,,,,,UNCOVERED,2,WEAK,YEAR | PUBLISHER,NO_ISBN | NO_SUMMARY,NO_DIRECT_COVER,,,0,0,,,
/books/OL22184833M,Les grands problèmes de la philosophie antique,,FR,,1961,Payot,,,,,,,UNCOVERED,2,WEAK,YEAR | PUBLISHER,NO_ISBN | NO_SUMMARY,NO_DIRECT_COVER,,,0,0,,,
/books/OL16358333M,XXXème anniversaire de l'École supérieure des sciences agronomiques,1963-1993.,FR,,1993,"Université d'Antananarivo, École supérieure des sciences agronomiques",,,,,,,UNCOVERED,2,WEAK,YEAR | PUBLISHER,NO_ISBN | NO_SUMMARY,NO_DIRECT_COVER,,,0,0,,,
/books/OL20593391M,"Philosophie des droits de l'homme, droits de la personne",bibliographie des publications françaises et anglaises dérivée de la base de données PERSONA,FR,,1992,"Bibliothèque et Faculté de philosophie, Université Laval",,,,,,,UNCOVERED,2,WEAK,YEAR | PUBLISHER,NO_ISBN | NO_SUMMARY,NO_DIRECT_COVER,,,0,0,,,
/books/OL61939915M,La côte nord du Saint-Laurent et le Labrador canadien,,FR,,1908,Typ. Laflamme & Prouix,,,,,,,UNCOVERED,2,WEAK,YEAR | PUBLISHER,NO_ISBN | NO_SUMMARY,NO_DIRECT_COVER,,,0,0,,,
/books/OL18832677M,L' art irlandais.,,FR,,1963,Zodiaque,,,,,,,UNCOVERED,2,WEAK,YEAR | PUBLISHER,NO_ISBN | NO_SUMMARY,NO_DIRECT_COVER,,,0,0,,,
/books/OL14970770M,La Normandie.,,FR,,1960,A. Colin,,,,,,,UNCOVERED,2,WEAK,YEAR | PUBLISHER,NO_ISBN | NO_SUMMARY,NO_DIRECT_COVER,,,0,0,,,
/books/OL19800370M,Essais sur la théorie de la science,,FR,,1965,Plon,,,,,,,UNCOVERED,2,WEAK,YEAR | PUBLISHER,NO_ISBN | NO_SUMMARY,NO_DIRECT_COVER,,,0,0,,,
/books/OL6122932M,Histoire de l'aviation racontée à la jeunesse.,,FR,,1947,Librairie Gründ,,,,,,,UNCOVERED,2,WEAK,YEAR | PUBLISHER,NO_ISBN | NO_SUMMARY,NO_DIRECT_COVER,,,0,0,,,
/books/OL18406319M,La recherche en sciences humaines.,,FR,,1970,Éditions universitaires,,,,,,,UNCOVERED,2,WEAK,YEAR | PUBLISHER,NO_ISBN | NO_SUMMARY,NO_DIRECT_COVER,,,0,0,,,
/books/OL16677032M,Le poète masqué et démasqué.,Étude sur la mise en valeur du poète sincère dans la poétique du classicisme et du préromantisme.,FR,,1968,[Almqvist & Wiksell],,,,,,,UNCOVERED,2,WEAK,YEAR | PUBLISHER,NO_ISBN | NO_SUMMARY,NO_DIRECT_COVER,,,0,0,,,
/books/OL14255230M,Voyage en Grèce.,Trois lumières.,FR,,1955,K. van Boeschoten,,,,,,,UNCOVERED,2,WEAK,YEAR | PUBLISHER,NO_ISBN | NO_SUMMARY,NO_DIRECT_COVER,,,0,0,,,
/books/OL22023058M,Études de philosophie antique.,,FR,,1955,Presses universitaires de France,,,,,,,UNCOVERED,2,WEAK,YEAR | PUBLISHER,NO_ISBN | NO_SUMMARY,NO_DIRECT_COVER,,,0,0,,,
/books/OL17009794M,L' école et l'enfant voleur,,FR,,1962,CEDJ,,,,,,,UNCOVERED,2,WEAK,YEAR | PUBLISHER,NO_ISBN | NO_SUMMARY,NO_DIRECT_COVER,,,0,0,,,
/books/OL20144390M,Introduction à l'iconographie du Tântrisme bouddhique,,FR,,1975,Sine nomine,,,,,,,UNCOVERED,2,WEAK,YEAR | PUBLISHER,NO_ISBN | NO_SUMMARY,NO_DIRECT_COVER,,,0,0,,,
/books/OL18966458M,"L' Académie royale des sciences, des lettres et des beaux-arts de Belgique. 1772-1972",Esquisse historique,FR,,1973,Palais des Académies,,,,,,,UNCOVERED,2,WEAK,YEAR | PUBLISHER,NO_ISBN | NO_SUMMARY,NO_DIRECT_COVER,,,0,0,,,
/books/OL14649598M,The journal of Captain John R. Bell,"official journalist for the Stephen H. Long Expedition to the Rocky Mountains, 1820.",FR,,1957,A. H. Clark Co.,,,,,,,UNCOVERED,2,WEAK,YEAR | PUBLISHER,NO_ISBN | NO_SUMMARY,NO_DIRECT_COVER,,,0,0,,,
/books/OL18974333M,Histoire du romantisme en France.,,FR,,1973,Slatkine Reprints,,,,,,,UNCOVERED,2,WEAK,YEAR | PUBLISHER,NO_ISBN | NO_SUMMARY,NO_DIRECT_COVER,,,0,0,,,
/books/OL18670853M,La rue à Londres.,,FR,,1951,Éditeurs français réunis,,,,,,,UNCOVERED,2,WEAK,YEAR | PUBLISHER,NO_ISBN | NO_SUMMARY,NO_DIRECT_COVER,,,0,0,,,
/books/OL20325592M,Les étapes de la philosophie mathématique,,FR,,1912,F. Alcan,,,,,,,UNCOVERED,2,WEAK,YEAR | PUBLISHER,NO_ISBN | NO_SUMMARY,NO_DIRECT_COVER,,,0,0,,,
/books/OL20391123M,Les âges de l'intelligence,,FR,,1953,Presses universitaires de France,,,,,,,UNCOVERED,2,WEAK,YEAR | PUBLISHER,NO_ISBN | NO_SUMMARY,NO_DIRECT_COVER,,,0,0,,,
/books/OL20170787M,Actes et paroles (I),,FR,,1954,Martel,,,,,,,UNCOVERED,2,WEAK,YEAR | PUBLISHER,NO_ISBN | NO_SUMMARY,NO_DIRECT_COVER,,,0,0,,,
/books/OL14246538M,Sérénades sans guitare.,,FR,,1956,Plon,,,,,,,UNCOVERED,2,WEAK,YEAR | PUBLISHER,NO_ISBN | NO_SUMMARY,NO_DIRECT_COVER,,,0,0,,,
/books/OL19572770M,XVIIIme [dix-huitième] siècle,"lettres, sciences et arts, France 1700-1789 : ouvrage illustré de 16 chromolithographies et de 250 gravures sur bois (dont 20 tirées hors texte) d'après Watteau ... [et al.]",FR,,1878,Fimin-Didot,,,,,,,UNCOVERED,2,WEAK,YEAR | PUBLISHER,NO_ISBN | NO_SUMMARY,NO_DIRECT_COVER,,,0,0,,,
/books/OL13912805M,Maximilien Luce,"e poque ne o-impressionniste, 1887-1903.",FR,,1987,Galerie H. Odermatt-Ph. Cazeau,,,,,,,UNCOVERED,2,WEAK,YEAR | PUBLISHER,NO_ISBN | NO_SUMMARY,NO_DIRECT_COVER,,,0,0,,,
/books/OL14878260M,Fernand Léger,la forme humaine dans l'espace,FR,,1945,Éditions de l'Arbre,,,,,,,UNCOVERED,2,WEAK,YEAR | PUBLISHER,NO_ISBN | NO_SUMMARY,NO_DIRECT_COVER,,,0,0,,,
/books/OL192866M,Tendances,idées françaises de Molière à Proust.,FR,,1946,Colombe,,,,,,,UNCOVERED,2,WEAK,YEAR | PUBLISHER,NO_ISBN | NO_SUMMARY,NO_DIRECT_COVER,,,0,0,,,
/books/OL6324400M,Statistique et applications,,FR,,1934,A. Colin,,,,,,,UNCOVERED,2,WEAK,YEAR | PUBLISHER,NO_ISBN | NO_SUMMARY,NO_DIRECT_COVER,,,0,0,,,
/books/OL22079319M,"Contrat social; ou, Principes de droit politique","précédé de discours lettre a d'alembert sur les spectacles et suivi de considerations sur le gouvernement de pologne et la réforme projetée en avril 1772, lettre à M. de Beaumont.",FR,,1875,Garnier,,,,,,,UNCOVERED,2,WEAK,YEAR | PUBLISHER,NO_ISBN | NO_SUMMARY,NO_DIRECT_COVER,,,0,0,,,
/books/OL14561719M,"Lettre de soeur Marie-Angele, religieuse de Ste.-Anne, de l'Achigan, missionaire avec trois de ses compagnes à Vancouver, territoire de l'Oregon",,FR,,1966,"Senecal, Daniel",,,,,,,UNCOVERED,2,WEAK,YEAR | PUBLISHER,NO_ISBN | NO_SUMMARY,NO_DIRECT_COVER,,,0,0,,,
/books/OL20021675M,La préparation musicale des tout-petits,,FR,,1988,M. & P. Foetisch,,,,,,,UNCOVERED,2,WEAK,YEAR | PUBLISHER,NO_ISBN | NO_SUMMARY,NO_DIRECT_COVER,,,0,0,,,
/books/OL21778831M,"J.M.W. Turner, The Luxembourg watercolours","collections de la Tate Gallery, Londres et du Musée national d'histoire et d'art, Luxembourg.",FR,,1995,La Musée,,,,,,,UNCOVERED,2,WEAK,YEAR | PUBLISHER,NO_ISBN | NO_SUMMARY,NO_DIRECT_COVER,,,0,0,,,
/books/OL14179370M,collection tibétaine,Musée Louis Finot,FR,,1935,École française d'Extrême-Orient,,,,,,,UNCOVERED,2,WEAK,YEAR | PUBLISHER,NO_ISBN | NO_SUMMARY,NO_DIRECT_COVER,,,0,0,,,
/books/OL14268761M,"Description du Maghreb et de l'Europe au 3e - 9e siècle, extraits du Kit̂ab al-maŝalik wa'l mam̂alik, du Kit̂ab al-buld̂an et du Kit̂ab al-a'l̂aq an-naf̂isa.","Texte arabe et traduction française avec un avant-propos, des notes et deux index par Hadj-Sadok Mahammed.",FR,,1949,Carbonel,,,,,,,UNCOVERED,2,WEAK,YEAR | PUBLISHER,NO_ISBN | NO_SUMMARY,NO_DIRECT_COVER,,,0,0,,,
/books/OL14747719M,Musée de Cluny,guide officiel,FR,,1935,Musées nationaux,,,,,,,UNCOVERED,2,WEAK,YEAR | PUBLISHER,NO_ISBN | NO_SUMMARY,NO_DIRECT_COVER,,,0,0,,,
/books/OL14811476M,Album du Musée arabe du Caire,,FR,,1930,Impr. de l'Institut français d'archéologie orientale,,,,,,,UNCOVERED,2,WEAK,YEAR | PUBLISHER,NO_ISBN | NO_SUMMARY,NO_DIRECT_COVER,,,0,0,,,
/books/OL19706730M,Comment enseigner les sciences à l'élémentaire,,FR,,1971,Éditions du Renouveau pédagogique,,,,,,,UNCOVERED,2,WEAK,YEAR | PUBLISHER,NO_ISBN | NO_SUMMARY,NO_DIRECT_COVER,,,0,0,,,
/books/OL14733248M,Nouveaux propos sur l'art mosan,,FR,,1976,Musée Curtius,,,,,,,UNCOVERED,2,WEAK,YEAR | PUBLISHER,NO_ISBN | NO_SUMMARY,NO_DIRECT_COVER,,,0,0,,,
/books/OL17320808M,Les encouragemens de la jeunesse,,FR,,1825,"chez Louis Janet, Libraire...",,,,,,,UNCOVERED,2,WEAK,YEAR | PUBLISHER,NO_ISBN | NO_SUMMARY,NO_DIRECT_COVER,,,0,0,,,
/books/OL58004502M,Villeneuve-lez-Avignon,,FR,,1930,H. Laurens,,,,,,,UNCOVERED,2,WEAK,YEAR | PUBLISHER,NO_ISBN | NO_SUMMARY,NO_DIRECT_COVER,,,0,0,,,
/books/OL16198028M,Nouveaux documents pour l'étude du Bronze Récent a Chypre,recueil critique et commenté,FR,,1965,En Dépôt aux Éditions E. de Boccard,,,,,,,UNCOVERED,2,WEAK,YEAR | PUBLISHER,NO_ISBN | NO_SUMMARY,NO_DIRECT_COVER,,,0,0,,,
/books/OL14481045M,Itine raire de Paris a Je rusalem,,FR,,1963,Productions de Paris,,,,,,,UNCOVERED,2,WEAK,YEAR | PUBLISHER,NO_ISBN | NO_SUMMARY,NO_DIRECT_COVER,,,0,0,,,
/books/OL13532895M,Histoire du roman moderne,,FR,,1962,A. Michel,,,,,,,UNCOVERED,2,WEAK,YEAR | PUBLISHER,NO_ISBN | NO_SUMMARY,NO_DIRECT_COVER,,,0,0,,,
/books/OL2795691M,Rapport au gouvernement du Royaume du Laos sur les possibilités de modernisation de l'Ecole nationale des arts lao.,,FR,,1972,BIT,,,,,,,UNCOVERED,2,WEAK,YEAR | PUBLISHER,NO_ISBN | NO_SUMMARY,NO_DIRECT_COVER,,,0,0,,,
/books/OL14382310M,La philosophie franc ʹaise.,,FR,,1966,Presses universitaires de France,,,,,,,UNCOVERED,2,WEAK,YEAR | PUBLISHER,NO_ISBN | NO_SUMMARY,NO_DIRECT_COVER,,,0,0,,,
/books/OL14789043M,Biographies des botanistes à Geneve de 1500 à 1931.,,FR,,1940,Kundig (pr.),,,,,,,UNCOVERED,2,WEAK,YEAR | PUBLISHER,NO_ISBN | NO_SUMMARY,NO_DIRECT_COVER,,,0,0,,,
/books/OL14265802M,L' Égypte,,FR,,1856,Bolle-Lasalle,,,,,,,UNCOVERED,2,WEAK,YEAR | PUBLISHER,NO_ISBN | NO_SUMMARY,NO_DIRECT_COVER,,,0,0,,,
/books/OL15208842M,Collezione di alcune memorie e lettere,,FR,,1825,Sine nomine,,,,,,,UNCOVERED,2,WEAK,YEAR | PUBLISHER,NO_ISBN | NO_SUMMARY,NO_DIRECT_COVER,,,0,0,,,
/books/OL18480298M,L' U.R.S.S.,,FR,,1971,Presses universitaires de France,,,,,,,UNCOVERED,2,WEAK,YEAR | PUBLISHER,NO_ISBN | NO_SUMMARY,NO_DIRECT_COVER,,,0,0,,,
/books/OL21215551M,"Genıese de la pensée moderne dans la littérature française, essai p̀ar M. Jean et Arpad Mezei.",,FR,,1950,Corr̂ea,,,,,,,UNCOVERED,2,WEAK,YEAR | PUBLISHER,NO_ISBN | NO_SUMMARY,NO_DIRECT_COVER,,,0,0,,,
/books/OL14786884M,Guide du visiteur au Musée du Caire,,FR,,1914,L'Institut français d'archéologie orientale,,,,,,,UNCOVERED,2,WEAK,YEAR | PUBLISHER,NO_ISBN | NO_SUMMARY,NO_DIRECT_COVER,,,0,0,,,
/books/OL5488913M,Du principat et autres réflexions politiques.,,FR,,1972,Hachette,,,,,,,UNCOVERED,2,WEAK,YEAR | PUBLISHER,NO_ISBN | NO_SUMMARY,NO_DIRECT_COVER,,,0,0,,,
/books/OL14460127M,"Ni mes, Arles, Orange, Saint-Re my",,FR,,1904,H. Laurens,,,,,,,UNCOVERED,2,WEAK,YEAR | PUBLISHER,NO_ISBN | NO_SUMMARY,NO_DIRECT_COVER,,,0,0,,,
/books/OL19761193M,Sociologie du droit,,FR,,1961,Presses universitaires de France,,,,,,,UNCOVERED,2,WEAK,YEAR | PUBLISHER,NO_ISBN | NO_SUMMARY,NO_DIRECT_COVER,,,0,0,,,
/books/OL20100504M,L' homme et sa destiné,(human destiny),FR,,1948,Colombe,,,,,,,UNCOVERED,2,WEAK,YEAR | PUBLISHER,NO_ISBN | NO_SUMMARY,NO_DIRECT_COVER,,,0,0,,,
/books/OL16485280M,Déterminisme et autonomie.,,FR,,1956,A. Colin,,,,,,,UNCOVERED,2,WEAK,YEAR | PUBLISHER,NO_ISBN | NO_SUMMARY,NO_DIRECT_COVER,,,0,0,,,
/books/OL14221570M,Pourquoi pas la philosophie?,,FR,,1983,F. Laruelle,,,,,,,UNCOVERED,2,WEAK,YEAR | PUBLISHER,NO_ISBN | NO_SUMMARY,NO_DIRECT_COVER,,,0,0,,,
/books/OL14204928M,Essai ge ne ral de fortification et d'attaque et de fense des places,planches,FR,,1814,Magimel,,,,,,,UNCOVERED,2,WEAK,YEAR | PUBLISHER,NO_ISBN | NO_SUMMARY,NO_DIRECT_COVER,,,0,0,,,
/books/OL19804734M,Comment parler en public.,,FR,,1967,Hachette,,,,,,,UNCOVERED,2,WEAK,YEAR | PUBLISHER,NO_ISBN | NO_SUMMARY,NO_DIRECT_COVER,,,0,0,,,
/books/OL6367692M,Visite aux Américains.,,FR,,1936,E. Flammarion,,,,,,,UNCOVERED,2,WEAK,YEAR | PUBLISHER,NO_ISBN | NO_SUMMARY,NO_DIRECT_COVER,,,0,0,,,
/books/OL20191784M,Cinquante dessins de Victor Hugo,provenant de la collection de Monsieur Jean Hugo.,FR,,1981,Sotheby Parke Bernet,,,,,,,UNCOVERED,2,WEAK,YEAR | PUBLISHER,NO_ISBN | NO_SUMMARY,NO_DIRECT_COVER,,,0,0,,,
/books/OL20400574M,Biologie et morale,,FR,,1959,Mame,,,,,,,UNCOVERED,2,WEAK,YEAR | PUBLISHER,NO_ISBN | NO_SUMMARY,NO_DIRECT_COVER,,,0,0,,,
/books/OL18791792M,Le pluralisme socio-scolaire au Liban,,FR,,1969,Dar El-Machreq,,,,,,,UNCOVERED,2,WEAK,YEAR | PUBLISHER,NO_ISBN | NO_SUMMARY,NO_DIRECT_COVER,,,0,0,,,
/books/OL21042782M,Jean Scot et la métaphysique des nombres.,,FR,,1990,"C. Winter, Universitätsverlag",,,,,,,UNCOVERED,2,WEAK,YEAR | PUBLISHER,NO_ISBN | NO_SUMMARY,NO_DIRECT_COVER,,,0,0,,,
/books/OL14384633M,sagesse de Darmstadt,,FR,,1929,F. Alcan,,,,,,,UNCOVERED,2,WEAK,YEAR | PUBLISHER,NO_ISBN | NO_SUMMARY,NO_DIRECT_COVER,,,0,0,,,
/books/OL14720378M,Les temples de Karnak,fragment du dernier ouvrage de Georges Legrain,FR,,1929,Vromant & Co.,,,,,,,UNCOVERED,2,WEAK,YEAR | PUBLISHER,NO_ISBN | NO_SUMMARY,NO_DIRECT_COVER,,,0,0,,,
/books/OL1135910M,The Arts in French Canada =,Les arts au Canada français.,FR,,1959,Vancouver Art Gallery,,,,,,,UNCOVERED,2,WEAK,YEAR | PUBLISHER,NO_ISBN | NO_SUMMARY,NO_DIRECT_COVER,,,0,0,,,
/books/OL30760252M,Panorama de la bande dessinée algerienne,,FR,,2009,Lazhari Labter editions,,,,,,,UNCOVERED,2,WEAK,YEAR | PUBLISHER,NO_ISBN | NO_SUMMARY,NO_DIRECT_COVER,,,0,0,,,
/books/OL61579943M,La pensée militaire allemande,,FR,,1948,Presses universitaires de France,,,,,,,UNCOVERED,2,WEAK,YEAR | PUBLISHER,NO_ISBN | NO_SUMMARY,NO_DIRECT_COVER,,,0,0,,,
/books/OL15439907M,Éléments de pneumatologie,"ou, Anatomie des substances spirituelles.",FR,,1825,Dufart,,,,,,,UNCOVERED,2,WEAK,YEAR | PUBLISHER,NO_ISBN | NO_SUMMARY,NO_DIRECT_COVER,,,0,0,,,
/books/OL15308202M,L' astronomie dans l'oeuvre de Victor Hugo.,,FR,,1933,E. Droz,,,,,,,UNCOVERED,2,WEAK,YEAR | PUBLISHER,NO_ISBN | NO_SUMMARY,NO_DIRECT_COVER,,,0,0,,,
/books/OL18868497M,Chroniques d'hier et d'aujourd'hui.,Illus. de M. Prat.,FR,,1959,Didier,,,,,,,UNCOVERED,2,WEAK,YEAR | PUBLISHER,NO_ISBN | NO_SUMMARY,NO_DIRECT_COVER,,,0,0,,,
/books/OL22193428M,Au pays sacré des anciens Turcs et des Mongols,"ouvrage contenant 84 illustrations tirées hors texte, gravées d'après les photographies de l'auteur, et trois cartes.",FR,,1911,É.-Paul,,,,,,,UNCOVERED,2,WEAK,YEAR | PUBLISHER,NO_ISBN | NO_SUMMARY,NO_DIRECT_COVER,,,0,0,,,
/books/OL20243410M,L' Art romantique,,FR,,1930,Garnier,,,,,,,UNCOVERED,2,WEAK,YEAR | PUBLISHER,NO_ISBN | NO_SUMMARY,NO_DIRECT_COVER,,,0,0,,,
/books/OL14626299M,La vie artistique au temps de Baudelaire,,FR,,1963,Mercure de France,,,,,,,UNCOVERED,2,WEAK,YEAR | PUBLISHER,NO_ISBN | NO_SUMMARY,NO_DIRECT_COVER,,,0,0,,,
/books/OL18883190M,La Belgique vue par Victor Hugo,,FR,,1945,"Office de publicité, J. Lebègue",,,,,,,UNCOVERED,2,WEAK,YEAR | PUBLISHER,NO_ISBN | NO_SUMMARY,NO_DIRECT_COVER,,,0,0,,,
/books/OL17353390M,Buchez (1796-1865),,FR,,1911,Bloud,,,,,,,UNCOVERED,2,WEAK,YEAR | PUBLISHER,NO_ISBN | NO_SUMMARY,NO_DIRECT_COVER,,,0,0,,,
/books/OL13798458M,Atala,,FR,,1932,Dent,,"On voit par la lettre precedente [N R 1 1] ce qui a donne lieu a la publication d'Atala avant mon ouvrage sur le Genie du Christianisme, dont elle fait partie. Il ne me reste plus qu'a rendre compte de la maniere dont cette histoire a ete composee. J'etais encore tres jeune lorsque je concus l'idee de faire l'epopee de l'homme de la nature, ou de peindre les moeurs des sauvages, en les liant a quelque evenement connu.",,,,,UNCOVERED,4,WEAK,YEAR | PUBLISHER | SUMMARY,NO_ISBN,NO_DIRECT_COVER,,,0,0,,,
/books/OL14802631M,"Concours Rougevin, 1857 à 1910 & Godeboevf, 1881 à 1909.",,FR,,1910,A. Vincent,,,,,,,UNCOVERED,2,WEAK,YEAR | PUBLISHER,NO_ISBN | NO_SUMMARY,NO_DIRECT_COVER,,,0,0,,,
/books/OL17869104M,La démocratie devant la science,"études critiques sur l'hérédité, la concurrence et la différenciation. 3. éd. augm. d'une préf. sur la sociologie monarchiste.",FR,,1923,F. Alcan,,,,,,,UNCOVERED,2,WEAK,YEAR | PUBLISHER,NO_ISBN | NO_SUMMARY,NO_DIRECT_COVER,,,0,0,,,
/books/OL14210348M,Anxiété et délinquance,,FR,,1981,Université de Montréal,,,,,,,UNCOVERED,2,WEAK,YEAR | PUBLISHER,NO_ISBN | NO_SUMMARY,NO_DIRECT_COVER,,,0,0,,,
/books/OL14593784M,Des sciences physiques aux sciences morales,un essai de 1922 reconside re en 1969.,FR,,1969,Payot,,,,,,,UNCOVERED,2,WEAK,YEAR | PUBLISHER,NO_ISBN | NO_SUMMARY,NO_DIRECT_COVER,,,0,0,,,
/books/OL14460248M,futurisme et le dadai sme,,FR,,1967,E ditions Recontre Lausanne,,,,,,,UNCOVERED,2,WEAK,YEAR | PUBLISHER,NO_ISBN | NO_SUMMARY,NO_DIRECT_COVER,,,0,0,,,
/books/OL15116474M,Sciences & lettres au Moyen Age et à l'époque de la Renaissance.,,FR,,1877,Firmin-Didot,,,,,,,UNCOVERED,2,WEAK,YEAR | PUBLISHER,NO_ISBN | NO_SUMMARY,NO_DIRECT_COVER,,,0,0,,,
/books/OL20269050M,Nécessité scientifique de l'existence de Dieu.,,FR,,1901,Bloud & Barral,,,,,,,UNCOVERED,2,WEAK,YEAR | PUBLISHER,NO_ISBN | NO_SUMMARY,NO_DIRECT_COVER,,,0,0,,,
/books/OL22982219M,Le Kreml (Kremlin) de Moscou,"ses cathédrales, ses palais et ses trésors d'art.",FR,,1928,Éditions Nilsson,,,,,,,UNCOVERED,2,WEAK,YEAR | PUBLISHER,NO_ISBN | NO_SUMMARY,NO_DIRECT_COVER,,,0,0,,,
/books/OL16547424M,L' oeuvre d'Anselme de Cantorbéry,,FR,,1986,Cerf,,,,,,,UNCOVERED,2,WEAK,YEAR | PUBLISHER,NO_ISBN | NO_SUMMARY,NO_DIRECT_COVER,,,0,0,,,
/books/OL20920870M,La philosophie à Rome,,FR,,1977,Presses universitaires de France,,,,,,,UNCOVERED,2,WEAK,YEAR | PUBLISHER,NO_ISBN | NO_SUMMARY,NO_DIRECT_COVER,,,0,0,,,
/books/OL14442152M,Collection M. P. Botkine,,FR,,1911,"Tovarish︠c︡hestvo R. Golike i A. Vilʹborgʺ, c 1911",,,,,,,UNCOVERED,2,WEAK,YEAR | PUBLISHER,NO_ISBN | NO_SUMMARY,NO_DIRECT_COVER,,,0,0,,,
/books/OL17406272M,Umbangu,art du Congo au musée royal de l'Afrique centrale.,FR,,1969,Cultura,,,,,,,UNCOVERED,2,WEAK,YEAR | PUBLISHER,NO_ISBN | NO_SUMMARY,NO_DIRECT_COVER,,,0,0,,,
/books/OL19676218M,D'un réalisme sans rivages,"Picasso, Saint-John Perse, Kafka. Préf. d'Aragon. Nouv. éd. augm. d'une postface de l'auteur.",FR,,1966,Plon,,,,,,,UNCOVERED,2,WEAK,YEAR | PUBLISHER,NO_ISBN | NO_SUMMARY,NO_DIRECT_COVER,,,0,0,,,
/books/OL14112248M,Les auberges romantiques.,,FR,,1929,Firmin-Didot et cie,,,,,,,UNCOVERED,2,WEAK,YEAR | PUBLISHER,NO_ISBN | NO_SUMMARY,NO_DIRECT_COVER,,,0,0,,,
/books/OL17277288M,Musée Benaki,,FR,,1978,Ekdotike Athenon,,,,,,,UNCOVERED,2,WEAK,YEAR | PUBLISHER,NO_ISBN | NO_SUMMARY,NO_DIRECT_COVER,,,0,0,,,
/books/OL14967012M,Nouvelle decouverte d'un tres grand pays situé dans l'Amérique,"entre le Nouveau Mexique, et la Mer Glaciale, avec les cartes, & les figures necessaires, & de plus l'histoire naturelle & morale, & les avantages, qu'on en peut tirer par l'établissem. des colon : le tout dedie à Sa Majesteâ britannique, Guillaume III",FR,,1698,Chez Abraham van Someren,,,,,,,UNCOVERED,2,WEAK,YEAR | PUBLISHER,NO_ISBN | NO_SUMMARY,NO_DIRECT_COVER,,,0,0,,,
/books/OL13926400M,Le monaste re de Studenica,,FR,,1986,Jugoslovenska Revija,,,,,,,UNCOVERED,2,WEAK,YEAR | PUBLISHER,NO_ISBN | NO_SUMMARY,NO_DIRECT_COVER,,,0,0,,,
/books/OL23110843M,Mamma Riccio racconta,,IT,9788809610422,2004,Dami Editore,,,,,,,UNCOVERED,5,PROMISING,ISBN | YEAR | PUBLISHER,NO_SUMMARY,NO_DIRECT_COVER,,,0,0,,,
/books/OL16033300M,Mapping complexity,literature and science in the works of Italo Calvino,IT,9781904744207,2005,Troubador Pub.,,,,,,,UNCOVERED,5,PROMISING,ISBN | YEAR | PUBLISHER,NO_SUMMARY,NO_DIRECT_COVER,,,0,0,,,
/books/OL22493477M,La photographie entre histoire et poésie,photographies de la Collection FNAC = La fotografia tra storia e poesia : fotografie della Collezione FNAC.,IT,9788820215491,2002,Mazzotta,,,,,,,UNCOVERED,5,PROMISING,ISBN | YEAR | PUBLISHER,NO_SUMMARY,NO_DIRECT_COVER,,,0,0,,,
/books/OL13435298M,Domenico Ghidoni: 1857-1920,"""Bizzarro Scultore, Pensiero Generoso, Anima E Ribellione""",IT,9788886189002,2001,Aab,,,,,,,UNCOVERED,5,PROMISING,ISBN | YEAR | PUBLISHER,NO_SUMMARY,NO_DIRECT_COVER,,,0,0,,,
/books/OL21705794M,Charles Garnier in Italia,un viaggio attraverso le arti : 1848-1854,IT,9788871153490,2003,Il poligrafo,,,,,,,UNCOVERED,5,PROMISING,ISBN | YEAR | PUBLISHER,NO_SUMMARY,NO_DIRECT_COVER,,,0,0,,,
/books/OL13430234M,Tapiro Graphic Design,,IT,9788843596539,2002,Electa,,,,,,,UNCOVERED,5,PROMISING,ISBN | YEAR | PUBLISHER,NO_SUMMARY,NO_DIRECT_COVER,,,0,0,,,
/books/OL19639184M,L' anello del re,"tutela del patrimonio storico-artistico nel Regno di Napoli, 1734-1824",IT,9788879700863,1999,Edifir,,,,,,,UNCOVERED,5,PROMISING,ISBN | YEAR | PUBLISHER,NO_SUMMARY,NO_DIRECT_COVER,,,0,0,,,
/books/OL21487155M,Palestrina,il Museo archeologico nazionale,IT,9788843571895,1999,Electa,,,,,,,UNCOVERED,5,PROMISING,ISBN | YEAR | PUBLISHER,NO_SUMMARY,DIRECT_COVER_FOUND,ISBN,9788843571895,318,500,JPEG,4a645b061770e9a9f8dfab5f5d42af732b57c98a34cae9ae160c90d23ccfa850,
/books/OL16901824M,Profondo rock,Claudio Simonetti tra cinema e musica : da Profondo rosso a La terza madre,IT,9788860630612,2007,Coniglio,,,,,,,UNCOVERED,5,PROMISING,ISBN | YEAR | PUBLISHER,NO_SUMMARY,NO_DIRECT_COVER,,,0,0,,,
/books/OL15097391M,"Mafia, poteri, democrazia",il caso Calabria,IT,9788874483365,1991,Gangemi,,,,,,,UNCOVERED,5,PROMISING,ISBN | YEAR | PUBLISHER,NO_SUMMARY,NO_DIRECT_COVER,,,0,0,,,
/books/OL21731855M,Il monaco inglese,,IT,9788817011709,2006,Rizzoli,,Historical fiction thriller set in Milan in 1246.,,,,,UNCOVERED,7,STRONG,ISBN | YEAR | PUBLISHER | SUMMARY,,NO_DIRECT_COVER,,,0,0,,,
/books/OL13832469M,Afro,"opere grafiche, 1970-1974.",IT,,,2RC,,,,,,,UNCOVERED,1,VERY_WEAK,PUBLISHER,NO_ISBN | NO_YEAR | NO_SUMMARY,NO_DIRECT_COVER,,,0,0,,,
/books/OL15198097M,Delle scienze in Lucca e dei loro coltivatori,,IT,,1843,Dalla tipografia Guisti,,,,,,,UNCOVERED,2,WEAK,YEAR | PUBLISHER,NO_ISBN | NO_SUMMARY,NO_DIRECT_COVER,,,0,0,,,
/books/OL15973651M,Scritti d'arte,edizione postuma con cenni biografici.,IT,,1873,Hoepli,,,,,,,UNCOVERED,2,WEAK,YEAR | PUBLISHER,NO_ISBN | NO_SUMMARY,NO_DIRECT_COVER,,,0,0,,,
/books/OL15305815M,Garibaldi,prose,IT,,1998,Istituto di studi Lino Salvini,,,,,,,UNCOVERED,2,WEAK,YEAR | PUBLISHER,NO_ISBN | NO_SUMMARY,NO_DIRECT_COVER,,,0,0,,,
/books/OL22028483M,"Atti del convegno sul tema Insegnamenti scientifici e insegnamenti umanistici nella funzione formativa della scuola secondaria (Roma, 8-10 maggio 1962)",,IT,,1963,Accademia Nazionale dei Lincei,,,,,,,UNCOVERED,2,WEAK,YEAR | PUBLISHER,NO_ISBN | NO_SUMMARY,NO_DIRECT_COVER,,,0,0,,,
/books/OL20406700M,Per una sociologia del romanzo,,IT,,1977,Bompiani,,,,,,,UNCOVERED,2,WEAK,YEAR | PUBLISHER,NO_ISBN | NO_SUMMARY,NO_DIRECT_COVER,,,0,0,,,
/books/OL231222M,Elementi di politica,,IT,,1946,G. Laterza,,,,,,,UNCOVERED,2,WEAK,YEAR | PUBLISHER,NO_ISBN | NO_SUMMARY,NO_DIRECT_COVER,,,0,0,,,
/books/OL17978137M,Commento alla Divina commedia de Dante Alighieri,,IT,,1898,Tipografia Giachetti,,,,,,,UNCOVERED,2,WEAK,YEAR | PUBLISHER,NO_ISBN | NO_SUMMARY,NO_DIRECT_COVER,,,0,0,,,
/books/OL13817234M,Angelo Morbelli.,,IT,,1982,Mazzotta,,,,,,,UNCOVERED,2,WEAK,YEAR | PUBLISHER,NO_ISBN | NO_SUMMARY,NO_DIRECT_COVER,,,0,0,,,
/books/OL17064465M,Dante con l'espositione di M. Bernardino Daniello da Lvcca,"sopra la sua Comedia dell' Inferno, del Purgatorio, & del Paradiso : nuouamente stampato, & posto in luce.",IT,,1568,Appresso Pietro da Fino,,,,,,,UNCOVERED,2,WEAK,YEAR | PUBLISHER,NO_ISBN | NO_SUMMARY,NO_DIRECT_COVER,,,0,0,,,
/books/OL109811M,"Res inauditae, incredulae",storie di fantasmi nel mondo greco-latino,LA,9788879491860,1999,Levante,,,,,,,UNCOVERED,5,PROMISING,ISBN | YEAR | PUBLISHER,NO_SUMMARY,NO_DIRECT_COVER,,,0,0,,,
/books/OL25332734M,Contrafacta,"allusioni, modelli, riscritture da San Girolamo a Pietro Aretino",LA,9788862742986,2011,Edizioni dell'Orso,,,,,,,UNCOVERED,5,PROMISING,ISBN | YEAR | PUBLISHER,NO_SUMMARY,NO_DIRECT_COVER,,,0,0,,,
/books/OL17475479M,Justus Christian Wendel von Lindberg Stellet in labyrintho concurrentium sponsaliorum requirirtermassen seine Antwort und lässet das responsum juris mit einer Staffeta auf dem Pegaso schleunig nacher Pensylvanien abgehen ...,,LA,,1719,Sine nomine,,,,,,,UNCOVERED,2,WEAK,YEAR | PUBLISHER,NO_ISBN | NO_SUMMARY,NO_DIRECT_COVER,,,0,0,,,
/books/OL16783673M,Pvblivs Virgilivs Maro varietate lectionis et perptva adnotatione illvstratvs,,LA,,1830,svmtibvs librariae Hahnianae,,,,,,,UNCOVERED,2,WEAK,YEAR | PUBLISHER,NO_ISBN | NO_SUMMARY,NO_DIRECT_COVER,,,0,0,,,
/books/OL16416515M,De dirigenten van de herinnering,musealisering en nationalisering van de volkscultuur in Nederland 1815-1940,NL,9789058750228,2001,SUN,,,,,,,UNCOVERED,5,PROMISING,ISBN | YEAR | PUBLISHER,NO_SUMMARY,NO_DIRECT_COVER,,,0,0,,,
/books/OL22654874M,Ficino en het voorstellingsvermogen,phantasia en imaginatio in kunst en theorie van de Renaissance,NL,9789080667730,2008,St. Hoofd-Hart-Handen,,,,,,,UNCOVERED,5,PROMISING,ISBN | YEAR | PUBLISHER,NO_SUMMARY,NO_DIRECT_COVER,,,0,0,,,
/books/OL12809241M,De godshuizen in Brugge,,NL,9789054661191,1994,Gemeentekrediet,,,,,,,UNCOVERED,5,PROMISING,ISBN | YEAR | PUBLISHER,NO_SUMMARY,NO_DIRECT_COVER,,,0,0,,,
/books/OL18880383M,Naar een pedagogische wetenschap,,NL,9789023807087,1974,"Spruyt, Van Mantgem & De Does",,,,,,,UNCOVERED,5,PROMISING,ISBN | YEAR | PUBLISHER,NO_SUMMARY,NO_DIRECT_COVER,,,0,0,,,
/books/OL12846530M,Vitae Vesper,260 jaar Lutherse wees- en ouderenzorg in Haarlem 1738-1998 (Haarlemse miniaturen),NL,9789060764534,1998,De Vrieseborch,,,,,,,UNCOVERED,5,PROMISING,ISBN | YEAR | PUBLISHER,NO_SUMMARY,NO_DIRECT_COVER,,,0,0,,,
/books/OL12850391M,Beeldarchitectuur en kunst,Het samengaan van architectuur en beeldende kunst,NL,9789068682762,2001,THOTH,,,,,,,UNCOVERED,5,PROMISING,ISBN | YEAR | PUBLISHER,NO_SUMMARY,NO_DIRECT_COVER,,,0,0,,,
/books/OL12808049M,Zorgenkinderen op school,"Geschiedenis van het speciaal onderwijs in Nederland, 1900-1950",NL,9789053505168,1996,Garant,,,,,,,UNCOVERED,5,PROMISING,ISBN | YEAR | PUBLISHER,NO_SUMMARY,NO_DIRECT_COVER,,,0,0,,,
/books/OL12850850M,"Door allen voor allen, een heerlijk streven!",Een kleine geschiedenis van het kruiswerk in Nederland naar aanleiding van de herbouw van een wijkgebouw ... Kruis in het Nederlands Openluchtmuseum,NL,9789070300180,1998,Nederlands Openluchtmuseum,,,,,,,UNCOVERED,5,PROMISING,ISBN | YEAR | PUBLISHER,NO_SUMMARY,NO_DIRECT_COVER,,,0,0,,,
/books/OL19205949M,Op het scherp van de rede,veertig jaar kritisch denken,NL,9789044114928,2003,Garant,,,,,,,UNCOVERED,5,PROMISING,ISBN | YEAR | PUBLISHER,NO_SUMMARY,NO_DIRECT_COVER,,,0,0,,,
/books/OL12851294M,Van Fabriekswacht Tot Wachtbrigade,,NL,9789072547774,2003,De Krijger,,,,,,,UNCOVERED,5,PROMISING,ISBN | YEAR | PUBLISHER,NO_SUMMARY,NO_DIRECT_COVER,,,0,0,,,
/books/OL2073150M,Kunnen wij de aarde beheren?,,NL,9789024275823,1987,Kok Agora,,,,,,,UNCOVERED,5,PROMISING,ISBN | YEAR | PUBLISHER,NO_SUMMARY,NO_DIRECT_COVER,,,0,0,,,
/books/OL23723058M,Langs de mysterieuze grenzen van het leven,,NL,9789025957292,2006,Ten Have,,,,,,,UNCOVERED,5,PROMISING,ISBN | YEAR | PUBLISHER,NO_SUMMARY,NO_DIRECT_COVER,,,0,0,,,
/books/OL23200512M,Floris en Blancefloer,,NL,9789021405957,2001,Querido,,,,,,,UNCOVERED,5,PROMISING,ISBN | YEAR | PUBLISHER,NO_SUMMARY,NO_DIRECT_COVER,,,0,0,,,
/books/OL4994028M,Boerenoorlog omnibus,,NL,9789060843239,1975,La Rivière & Voorhoeve,,,,,,,UNCOVERED,5,PROMISING,ISBN | YEAR | PUBLISHER,NO_SUMMARY,NO_DIRECT_COVER,,,0,0,,,
/books/OL19773392M,Palestina,,NL,9789043501798,2000,Kok,,,,,,,UNCOVERED,5,PROMISING,ISBN | YEAR | PUBLISHER,NO_SUMMARY,NO_DIRECT_COVER,,,0,0,,,
/books/OL19427275M,Macht en onmacht van Immanuel Kants natuurconcept,een filosofische reflectie over een verstoorde relatie met de natuur in het licht van de ecologische crisis,NL,9789051667691,1999,Eburon,,,,,,,UNCOVERED,5,PROMISING,ISBN | YEAR | PUBLISHER,NO_SUMMARY,NO_DIRECT_COVER,,,0,0,,,
/books/OL3521229M,"De groten der aarde, of, Bentinck tegen Bentinck",een geschiedverhaal,NL,9789021465036,1981,Querido,,,,,,,UNCOVERED,5,PROMISING,ISBN | YEAR | PUBLISHER,NO_SUMMARY,NO_DIRECT_COVER,,,0,0,,,
/books/OL12799557M,Geschiedenis van het Ministerie van Justitie,,NL,9789012081313,1994,SDU,,,,,,,UNCOVERED,5,PROMISING,ISBN | YEAR | PUBLISHER,NO_SUMMARY,NO_DIRECT_COVER,,,0,0,,,
/books/OL12846254M,Canada En Noord-Brabant,,NL,9789059110618,2002,"Aspekt,The Netherlands",,,,,,,UNCOVERED,5,PROMISING,ISBN | YEAR | PUBLISHER,NO_SUMMARY,NO_DIRECT_COVER,,,0,0,,,
/books/OL12852727M,"Bedrijfsleven, overheid en handelsbevordering","The Netherlands Chamber of Commerce in the United States, Inc., 1903-1987",NL,9789090069425,1994,W.H. Salzmann,,,,,,,UNCOVERED,5,PROMISING,ISBN | YEAR | PUBLISHER,NO_SUMMARY,NO_DIRECT_COVER,,,0,0,,,
/books/OL19897333M,Nederlandse keramiek vanaf de jugendstil tot 2000,,NL,9789090150185,2001,W.D.H. Spijker,,,,,,,UNCOVERED,5,PROMISING,ISBN | YEAR | PUBLISHER,NO_SUMMARY,NO_DIRECT_COVER,,,0,0,,,
/books/OL12851337M,De Abdij van Loosduinen,Cistercienzerinnenklooster van 1229-1572,NL,9789072766212,1997,Nieuwe Haagsche,,,,,,,UNCOVERED,5,PROMISING,ISBN | YEAR | PUBLISHER,NO_SUMMARY,NO_DIRECT_COVER,,,0,0,,,
/books/OL22381048M,[Pseudogruppe =,Pseudogroup,NL,9783854860075,1998,Triton,,,,,,,UNCOVERED,5,PROMISING,ISBN | YEAR | PUBLISHER,NO_SUMMARY,NO_DIRECT_COVER,,,0,0,,,
/books/OL4344800M,Het hinderlijk ambacht,"sociologische studies over kritiek, in het bijzonder wetenschappelijke kritiek",NL,9789014027227,1978,Samsom,,,,,,,UNCOVERED,5,PROMISING,ISBN | YEAR | PUBLISHER,NO_SUMMARY,NO_DIRECT_COVER,,,0,0,,,
/books/OL23739509M,Dansen met de dood,,NL,9789076297392,2008,Van de Wiele,,,,,,,UNCOVERED,5,PROMISING,ISBN | YEAR | PUBLISHER,NO_SUMMARY,NO_DIRECT_COVER,,,0,0,,,
/books/OL2805803M,Kunsttijdschriften in Nederland,inventarisatie,NL,9789066500044,1983,Boekmanstichting,,,,,,,UNCOVERED,5,PROMISING,ISBN | YEAR | PUBLISHER,NO_SUMMARY,NO_DIRECT_COVER,,,0,0,,,
/books/OL12802859M,Het zelfontplooiingsregime,De actualiteit van Dennendal en de jaren zestig,NL,9789035120662,1999,B. Bakker,,,,,,,UNCOVERED,5,PROMISING,ISBN | YEAR | PUBLISHER,NO_SUMMARY,NO_DIRECT_COVER,,,0,0,,,
/books/OL21640797M,Isaac Israels,Hollands impressionist,NL,9789055941513,1999,Scriptum Art,,,,,,,UNCOVERED,5,PROMISING,ISBN | YEAR | PUBLISHER,NO_SUMMARY,NO_DIRECT_COVER,,,0,0,,,
/books/OL25387462M,"Herstelrecht, een kinderrecht","voorstellen voor integratie van herstel in het hart van het jeugdstrafrecht = Restorative justice, a children's right : proposals for the integration of restoration at the heart of the juvenile justice system : (with a summary in English)",NL,9789059318038,2012,Boom Lemma,,,,,,,UNCOVERED,5,PROMISING,ISBN | YEAR | PUBLISHER,NO_SUMMARY,NO_DIRECT_COVER,,,0,0,,,
/books/OL12845462M,Concurrentie,Een onderbelicht thema in de Nederlandse bedrijfsgeschiedenis,NL,9789057420221,1999,Nederlands Economisch-Historisch Archief,,,,,,,UNCOVERED,5,PROMISING,ISBN | YEAR | PUBLISHER,NO_SUMMARY,NO_DIRECT_COVER,,,0,0,,,
/books/OL12851517M,Frits Peutz,The Glass Palace Schunk,NL,9789073367104,1996,Leinden Univ Press,,,,,,,UNCOVERED,5,PROMISING,ISBN | YEAR | PUBLISHER,NO_SUMMARY,NO_DIRECT_COVER,,,0,0,,,
/books/OL25651500M,Gone Angst,Wat doe je in totale duisternis?,NL,9789047509097,2012,Van Holkema & Warendorf,,interesting,,,,,UNCOVERED,7,STRONG,ISBN | YEAR | PUBLISHER | SUMMARY,,DIRECT_COVER_FOUND,ISBN,9789047509097,325,500,JPEG,0bc151b2ef991abc57b9d3a5128b3ff302981934e63d895b4b4f7649e9f15371,
/books/OL25417175M,Hadrianus' gedenkschriften,,NL,9789025305567,1984,Athenaeum-Polak & Van Gennep,,"*Mémoires d'Hadrien* est un roman historique de l'écrivaine française Marguerite Yourcenar, publié en 1951. Ces pseudo-mémoires de l'empereur romain Hadrien ont immédiatement rencontré un extraordinaire succès international et assuré à son auteur une grande célébrité. Il s’agit d’une œuvre dont le projet remonte à l’adolescence de l’autrice. Yourcenar considérant le projet comme trop ambitieux pour être une œuvre de jeunesse, le décrivait de la trempe de ceux « qu’on ne doit pas oser avant d’avoir dépassé quarante ans ». Le livre est présenté comme une longue lettre d’un vieil empereur adressée à son petit-fils adoptif et éventuel successeur âgé de 17 ans, Marc Aurèle. L’empereur Hadrien médite et se remémore ses triomphes militaires, son amour de la poésie et de la musique, sa philosophie ainsi que sa passion pour son jeune amant bithynien, Antinoüs. ------------- *Memoirs of Hadrian* (French: Mémoires d'Hadrien) is a novel by the Belgian-born French writer Marguerite Yourcenar about the life and death of Roman Emperor Hadrian. First published in France in French in 1951 as Mémoires d'Hadrien, the book was an immediate success, meeting with enormous critical acclaim. Although the historical Hadrian wrote an autobiography, it has been lost. The book takes the form of a letter to Hadrian's adoptive grandson and eventual successor ""Mark"" (Marcus Aurelius). The emperor meditates on military triumphs, love of poetry and music, philosophy, and his passion for his lover Antinous, all in a manner similar to Gustave Flaubert's ""melancholy of the antique world."" Yourcenar noted in her postscript *Carnet de note* to the original edition, quoting Flaubert, that she had chosen Hadrian as the subject of the novel in part because he had lived at a time when the Roman gods were no longer believed in, but Christianity was not yet established. This intrigued her for what she saw as parallels to her own post-war European world.",,,,,UNCOVERED,7,STRONG,ISBN | YEAR | PUBLISHER | SUMMARY,,DIRECT_COVER_FOUND,ISBN,9789025305567,322,500,JPEG,8d8104ecdaaa477fd557f99a43907586829c5e2b2ab337113563eebd6d0c9cf8,
/books/OL60577780M,Divagatien over zeker soort van liberalismus,,NL,,1870,,,,,,,,UNCOVERED,1,VERY_WEAK,YEAR,NO_ISBN | NO_PUBLISHER | NO_SUMMARY,NO_DIRECT_COVER,,,0,0,,,
/books/OL17490880M,Beschouwingen over problemen in de ontwikkeling der moderne schilderkunst.,,NL,,1925,,,,,,,,UNCOVERED,1,VERY_WEAK,YEAR,NO_ISBN | NO_PUBLISHER | NO_SUMMARY,NO_DIRECT_COVER,,,0,0,,,
/books/OL18984075M,Kunst- en muziekhistorische bijdragen tot de bestudering van het Utrechts psalterium.,[Door] J.H.A. Engelbregt en Tilman Seebass. Door de directie van het Provinciaal Utrechts Genootschap van Kunsten en Wetenschappen de leden aangeboden bij de viering van het tweehonderdjarig bestaan van het genootschap op 19 mei 1973.,NL,,1973,Haentjens Dekker & Gumbert,,,,,,,UNCOVERED,2,WEAK,YEAR | PUBLISHER,NO_ISBN | NO_SUMMARY,NO_DIRECT_COVER,,,0,0,,,
/books/OL5810930M,Tegenzin en tegenstand,verhalen.,NL,,1959,Arbeiderspers,,,,,,,UNCOVERED,2,WEAK,YEAR | PUBLISHER,NO_ISBN | NO_SUMMARY,NO_DIRECT_COVER,,,0,0,,,
/books/OL21307929M,Dagboek van een gek.,,NL,,1969,Oranje Uitgaven,,,,,,,UNCOVERED,2,WEAK,YEAR | PUBLISHER,NO_ISBN | NO_SUMMARY,NO_DIRECT_COVER,,,0,0,,,
/books/OL232335M,Moederstrijd in razziatijd,,NL,,1946,M.J. van der Loeff,,,,,,,UNCOVERED,2,WEAK,YEAR | PUBLISHER,NO_ISBN | NO_SUMMARY,NO_DIRECT_COVER,,,0,0,,,
/books/OL18214797M,Terdoodveroordeeld.,,NL,,1971,Pegasus,,,,,,,UNCOVERED,2,WEAK,YEAR | PUBLISHER,NO_ISBN | NO_SUMMARY,NO_DIRECT_COVER,,,0,0,,,
/books/OL4056489M,Forma formans.,"Een structuuranalytische methode, toegepast op de instrumentale muziek van Jan Pieterszoon Sweelinck.",NL,,1969,Frits Knuf,,,,,,,UNCOVERED,2,WEAK,YEAR | PUBLISHER,NO_ISBN | NO_SUMMARY,NO_DIRECT_COVER,,,0,0,,,
/books/OL6520973M,De boer in de kunst van de 9e tot de 19e eeuw,met 150 afbeeldingen.,NL,,1946,Uitgevers Wyt,,,,,,,UNCOVERED,2,WEAK,YEAR | PUBLISHER,NO_ISBN | NO_SUMMARY,NO_DIRECT_COVER,,,0,0,,,
/books/OL18404752M,Catalogus.,"[Koninklijk Kabinet van Schilderijen, Mauritshuis]",NL,,1968,Staatsuitgeverij,,,,,,,UNCOVERED,2,WEAK,YEAR | PUBLISHER,NO_ISBN | NO_SUMMARY,NO_DIRECT_COVER,,,0,0,,,
/books/OL14327647M,IG farben,,NL,,1947,Boni & Gaer,,,,,,,UNCOVERED,2,WEAK,YEAR | PUBLISHER,NO_ISBN | NO_SUMMARY,NO_DIRECT_COVER,,,0,0,,,
/books/OL21147997M,Giovanni Fattori,,NL,,1965,Fratelli Fabbri,,,,,,,UNCOVERED,2,WEAK,YEAR | PUBLISHER,NO_ISBN | NO_SUMMARY,NO_DIRECT_COVER,,,0,0,,,
/books/OL18360854M,Pathologie en therapie der filosofie.,,NL,,1968,Servire,,,,,,,UNCOVERED,2,WEAK,YEAR | PUBLISHER,NO_ISBN | NO_SUMMARY,NO_DIRECT_COVER,,,0,0,,,
/books/OL20825443M,Dienstbaar inzicht.,Aantekeningen.,NL,,1972,Wolters-Noordhoff,,,,,,,UNCOVERED,2,WEAK,YEAR | PUBLISHER,NO_ISBN | NO_SUMMARY,NO_DIRECT_COVER,,,0,0,,,
/books/OL13540326M,The mighty Soo,five hundred years at Sault Ste. Marie.,NL,,1955,Follett Pub. Co.,,,,,,,UNCOVERED,2,WEAK,YEAR | PUBLISHER,NO_ISBN | NO_SUMMARY,NO_DIRECT_COVER,,,0,0,,,
/books/OL24647646M,Astrologie en wetenschap,een onderzoek naar de betrouwbaarheid der astrologie,NL,,1949,Van Loghum Slaterus,,,,,,,UNCOVERED,2,WEAK,YEAR | PUBLISHER,NO_ISBN | NO_SUMMARY,NO_DIRECT_COVER,,,0,0,,,
/books/OL228001M,Aan het noodlot is niet te ontkomen,,NL,,1944,Uitgeverij Boot,,,,,,,UNCOVERED,2,WEAK,YEAR | PUBLISHER,NO_ISBN | NO_SUMMARY,NO_DIRECT_COVER,,,0,0,,,
/books/OL227591M,Schoonheidsschatten uit Oud-Egypte,,NL,,1942,Uitgeverij Pro Arte P.v.b.a.,,,,,,,UNCOVERED,2,WEAK,YEAR | PUBLISHER,NO_ISBN | NO_SUMMARY,NO_DIRECT_COVER,,,0,0,,,
/books/OL19486277M,Overzicht van de analytische wijsbegeerte,,NL,,1969,Het Spectrum,,,,,,,UNCOVERED,2,WEAK,YEAR | PUBLISHER,NO_ISBN | NO_SUMMARY,NO_DIRECT_COVER,,,0,0,,,
/books/OL5660919M,Februari.,Roman uit het bezettingsjaar 1941. De vreemde wet. De vogelvrijen. De opstand.,NL,,1968,Pegasus,,,,,,,UNCOVERED,2,WEAK,YEAR | PUBLISHER,NO_ISBN | NO_SUMMARY,NO_DIRECT_COVER,,,0,0,,,
/books/OL21147998M,Carlo Carrà,,NL,,1966,Fratelli Fabbri,,,,,,,UNCOVERED,2,WEAK,YEAR | PUBLISHER,NO_ISBN | NO_SUMMARY,NO_DIRECT_COVER,,,0,0,,,
/books/OL15089409M,De continuïteit van het Grieks,onderzoek naar de herkomst van de woordvoorraad van het Nieuwgrieks.,NL,,1963,Tjeenk-Willink,,,,,,,UNCOVERED,2,WEAK,YEAR | PUBLISHER,NO_ISBN | NO_SUMMARY,NO_DIRECT_COVER,,,0,0,,,
/books/OL14086008M,Volg het spoor terug [door] J.B. Charles.,,NL,,1964,De Bezige Bij,,,,,,,UNCOVERED,2,WEAK,YEAR | PUBLISHER,NO_ISBN | NO_SUMMARY,NO_DIRECT_COVER,,,0,0,,,
/books/OL229794M,Ik heb je lief (Jeg elsker dig),,NL,,1945,"F. de Backer; etc., etc.",,,,,,,UNCOVERED,2,WEAK,YEAR | PUBLISHER,NO_ISBN | NO_SUMMARY,NO_DIRECT_COVER,,,0,0,,,
/books/OL17886679M,Wijsgerige aspecten van het vroeg-christelijk denken,kleine geschiedenis van de patristische en vroeg-middeleeuwse wijsbegeerte.,NL,,1970,Wereldvenster,,,,,,,UNCOVERED,2,WEAK,YEAR | PUBLISHER,NO_ISBN | NO_SUMMARY,NO_DIRECT_COVER,,,0,0,,,
/books/OL4060925M,Simon Stevin; science in the Netherlands around 1600.,,NL,,1970,Martinus Nijhoff,,,,,,,UNCOVERED,2,WEAK,YEAR | PUBLISHER,NO_ISBN | NO_SUMMARY,NO_DIRECT_COVER,,,0,0,,,
/books/OL14599480M,"Fashionable Brighton, 1820-1860",,NL,,1947,Country Life,,,,,,,UNCOVERED,2,WEAK,YEAR | PUBLISHER,NO_ISBN | NO_SUMMARY,NO_DIRECT_COVER,,,0,0,,,
/books/OL212499M,Het rechtsverschijnsel,,NL,,1956,Noord-Hollandsche Uitg. Mij.,,,,,,,UNCOVERED,2,WEAK,YEAR | PUBLISHER,NO_ISBN | NO_SUMMARY,NO_DIRECT_COVER,,,0,0,,,
/books/OL18850228M,De grote wandschildering in de Villa dei misteri bij Pompeii en haar verhouding tot de monumenten der vroegere kunst,,NL,,1963,Houtzager,,,,,,,UNCOVERED,2,WEAK,YEAR | PUBLISHER,NO_ISBN | NO_SUMMARY,NO_DIRECT_COVER,,,0,0,,,
/books/OL45489080M,Breda in de eerste storm van de opstand,"van ketterij tot beeldenstorm, 1545-1569",NL,,1971,Stichting Zuidelijk Historisch Contact,,,,,,,UNCOVERED,2,WEAK,YEAR | PUBLISHER,NO_ISBN | NO_SUMMARY,NO_DIRECT_COVER,,,0,0,,,
/books/OL19512625M,Een les in katholicisme,,NL,,1991,Meulenhoff,,,,,,,UNCOVERED,2,WEAK,YEAR | PUBLISHER,NO_ISBN | NO_SUMMARY,NO_DIRECT_COVER,,,0,0,,,
/books/OL16578391M,Liste de périodiques d'ornithologie de la Bibliothéque =,Lijst van ornithologische periodieken in de Bibliotheek,NL,,1963,"Institut royal de sciences naturelles de Belgique, Service de documentation",,,,,,,UNCOVERED,2,WEAK,YEAR | PUBLISHER,NO_ISBN | NO_SUMMARY,NO_DIRECT_COVER,,,0,0,,,
/books/OL6144367M,Geschiedenis der antieke wijsbegeerte.,,NL,,1952,A.W. Sijthoff,,,,,,,UNCOVERED,2,WEAK,YEAR | PUBLISHER,NO_ISBN | NO_SUMMARY,NO_DIRECT_COVER,,,0,0,,,
/books/OL230363M,Demonie en droom,vertellingen der duitsche romantiek.,NL,,1943,Uitgeverij Contact,,,,,,,UNCOVERED,2,WEAK,YEAR | PUBLISHER,NO_ISBN | NO_SUMMARY,NO_DIRECT_COVER,,,0,0,,,
/books/OL24863295M,Verspreide geschriften,,NL,,1950,De Arbeiderspers,,,,,,,UNCOVERED,2,WEAK,YEAR | PUBLISHER,NO_ISBN | NO_SUMMARY,NO_DIRECT_COVER,,,0,0,,,
/books/OL15070793M,"Catalogus van de collectie, 1988 =","Catalogue de la collection, 1988.",NL,,1988,Museum van Hedendaagse Kunst,,,,,,,UNCOVERED,2,WEAK,YEAR | PUBLISHER,NO_ISBN | NO_SUMMARY,NO_DIRECT_COVER,,,0,0,,,
/books/OL52689693M,Kunstideologie,Stabilität und Aktivität im Kunstwerk,NL,,1931,Miller & J. Kiepenheuer,,,,,,,UNCOVERED,2,WEAK,YEAR | PUBLISHER,NO_ISBN | NO_SUMMARY,NO_DIRECT_COVER,,,0,0,,,
/books/OL21148096M,Pierre August Renoir,,NL,,1966,Fratelli Fabbri,,,,,,,UNCOVERED,2,WEAK,YEAR | PUBLISHER,NO_ISBN | NO_SUMMARY,NO_DIRECT_COVER,,,0,0,,,
/books/OL14243253M,Handboek der geografie van Nederland.,,NL,,1949,De Erven J.J. Tijl,,,,,,,UNCOVERED,2,WEAK,YEAR | PUBLISHER,NO_ISBN | NO_SUMMARY,NO_DIRECT_COVER,,,0,0,,,
/books/OL15133063M,De declamatio bij de humanisten,bijdrage tot de studie van de functies van de rhetorica in de Renaissance,NL,,1987,De Graaf,,,,,,,UNCOVERED,2,WEAK,YEAR | PUBLISHER,NO_ISBN | NO_SUMMARY,NO_DIRECT_COVER,,,0,0,,,
/books/OL15197934M,Een kort tractaet van de natuere der elementen,"ende hoe sy veroorsaecken, den wint, reghen, blixem, donder, ende waeromme dienstich zijn",NL,,1621,V. Castelyn,,,,,,,UNCOVERED,2,WEAK,YEAR | PUBLISHER,NO_ISBN | NO_SUMMARY,NO_DIRECT_COVER,,,0,0,,,
/books/OL232835M,De vlek,een novelle.,NL,,1946,Blauwe Lucht,,,,,,,UNCOVERED,2,WEAK,YEAR | PUBLISHER,NO_ISBN | NO_SUMMARY,NO_DIRECT_COVER,,,0,0,,,
