source_key,title,subtitle,authors,author_count,isbn,publication_year,publisher,genres,duplicate_like_count,review_group,decision,reason
/books/OL59621741M,De mens in opstand,,Albert Camus,1,9789046708040,2023,Olympus,Philosophie,0,DOMINANT_AUTHORS,KEEP_TRANSLATION,Édition ou traduction néerlandaise validée lors de la revue éditoriale NL.
/books/OL59692847M,De pest,,Albert Camus,1,9789023428756,2013,De Bezige Bij,Fiction,0,DOMINANT_AUTHORS,KEEP_TRANSLATION,Édition ou traduction néerlandaise validée lors de la revue éditoriale NL.
/books/OL24395394M,De val,,Albert Camus,1,,1964,De Bezige Bij,Fiction | Philosophie,0,DOMINANT_AUTHORS,KEEP_TRANSLATION,Édition ou traduction néerlandaise validée lors de la revue éditoriale NL.
/books/OL58804230M,De Vreemdeling,,Albert Camus,1,,1958,,Fiction | Histoire,0,DOMINANT_AUTHORS,KEEP_TRANSLATION,Édition ou traduction néerlandaise validée lors de la revue éditoriale NL.
/books/OL32806048M,Ik heet Karmozijn,,Amankeldī Qūrmet | Orhan Pamuk,2,9789029535878,2002,De Arbeiderspers,Arts | Fiction | Histoire,0,DOMINANT_AUTHORS,KEEP_TRANSLATION,Édition ou traduction néerlandaise validée lors de la revue éditoriale NL.
/books/OL45825056M,Bergen (Dossier aarde),,Anita Ganeri,1,9789054833277,2002,NBD/Biblion,Jeunesse,0,DOMINANT_AUTHORS,KEEP_TRANSLATION,Édition ou traduction néerlandaise validée lors de la revue éditoriale NL.
/books/OL47848910M,De Koran en de islam (Heilige teksten),,Anita Ganeri,1,9789054956822,2003,Ars Scribendi,Jeunesse,0,DOMINANT_AUTHORS,KEEP_TRANSLATION,Édition ou traduction néerlandaise validée lors de la revue éditoriale NL.
/books/OL35333469M,Mexico,,Anita Ganeri,1,9789055661299,2006,Corona,Histoire | Jeunesse,0,DOMINANT_AUTHORS,KEEP_TRANSLATION,Édition ou traduction néerlandaise validée lors de la revue éditoriale NL.
/books/OL35655788M,In schemerland,,Astrid Lindgren,1,9789045105789,2007,Querido,Fiction,0,DOMINANT_AUTHORS,KEEP_TRANSLATION,Édition ou traduction néerlandaise validée lors de la revue éditoriale NL.
/books/OL35134920M,Lotta uit de Kabaalstraat,,Astrid Lindgren,1,9789021615851,2009,Ploegsma,Fiction,0,DOMINANT_AUTHORS,KEEP_TRANSLATION,Édition ou traduction néerlandaise validée lors de la revue éditoriale NL.
/books/OL24756163M,Rasmus en de landloper,,Astrid Lindgren,1,9789021600376,1978,Uitgeverij Ploegsma,Fiction,0,DOMINANT_AUTHORS,KEEP_TRANSLATION,Édition ou traduction néerlandaise validée lors de la revue éditoriale NL.
/books/OL26948981M,Ronja de roversdochter,,Astrid Lindgren,1,9789021674902,2017,,Fiction,0,DOMINANT_AUTHORS,KEEP_TRANSLATION,Édition ou traduction néerlandaise validée lors de la revue éditoriale NL.
/books/OL43771265M,De Klok van Meester Humphrey,,Charles Dickens,1,,2012,LibriVox,Fiction | Histoire | Jeunesse,0,DOMINANT_AUTHORS,KEEP_TRANSLATION,Édition ou traduction néerlandaise validée lors de la revue éditoriale NL.
/books/OL42068330M,De Krekel achter de Haardplaat,,Charles Dickens,1,,2010,LibriVox,Fiction,0,DOMINANT_AUTHORS,KEEP_TRANSLATION,Édition ou traduction néerlandaise validée lors de la revue éditoriale NL.
/books/OL43774805M,Dombey en Zoon,,Charles Dickens,1,,2013,LibriVox,Fiction,0,DOMINANT_AUTHORS,KEEP_TRANSLATION,Édition ou traduction néerlandaise validée lors de la revue éditoriale NL.
/books/OL43779240M,Het Verlaten Huis,,Charles Dickens,1,,2013,LibriVox,Fiction | Histoire,0,DOMINANT_AUTHORS,KEEP_TRANSLATION,Édition ou traduction néerlandaise validée lors de la revue éditoriale NL.
/books/OL43736164M,Martin Chuzzlewit,,Charles Dickens,1,,2012,LibriVox,Fiction | Histoire | Voyage,0,DOMINANT_AUTHORS,KEEP_TRANSLATION,Édition ou traduction néerlandaise validée lors de la revue éditoriale NL.
/books/OL42086934M,Mopes de kluizenaar,,Charles Dickens,1,,2011,LibriVox,,0,DOMINANT_AUTHORS,KEEP_TRANSLATION,Édition ou traduction néerlandaise validée lors de la revue éditoriale NL.
/books/OL42085902M,Nelly,,Charles Dickens,1,,2010,LibriVox,Fiction | Histoire,0,DOMINANT_AUTHORS,KEEP_TRANSLATION,Édition ou traduction néerlandaise validée lors de la revue éditoriale NL.
/books/OL43728376M,Nikolaas Nickleby,,Charles Dickens,1,,2012,LibriVox,Fiction,0,DOMINANT_AUTHORS,KEEP_TRANSLATION,Édition ou traduction néerlandaise validée lors de la revue éditoriale NL.
/books/OL42227433M,Overdrukken,,Charles Dickens,1,,2011,LibriVox,,0,DOMINANT_AUTHORS,KEEP_TRANSLATION,Édition ou traduction néerlandaise validée lors de la revue éditoriale NL.
/books/OL44517531M,Schetsen uit Amerika en Tafereelen uit Italië,,Charles Dickens,1,,2014,Project Gutenberg,Voyage,0,DOMINANT_AUTHORS,KEEP_TRANSLATION,Édition ou traduction néerlandaise validée lors de la revue éditoriale NL.
/books/OL40870130M,Tafereelen uit Italie,,Charles Dickens,1,,2010,LibriVox,Biographie | Fiction | Voyage,0,DOMINANT_AUTHORS,KEEP_TRANSLATION,Édition ou traduction néerlandaise validée lors de la revue éditoriale NL.
/books/OL39826355M,Onze wederzijdsche vriend,,Charles Dickens | Margeret Tarner | Adam Leverton,3,,1884,H.A.M. Roelants,Fiction,0,DOMINANT_AUTHORS,KEEP_TRANSLATION,Édition ou traduction néerlandaise validée lors de la revue éditoriale NL.
/books/OL40789568M,Kleine Dorrit,,Charles Dickens | Mary Sebag-Montefiore | Adam Leverton,3,,2010,LibriVox,Fiction | Romance,0,DOMINANT_AUTHORS,KEEP_TRANSLATION,Édition ou traduction néerlandaise validée lors de la revue éditoriale NL.
/books/OL43777386M,"Een reiziger, die geen handel drijft",,Charles Dickens | Pedro Tena,2,,2013,LibriVox,Fiction | Histoire,0,DOMINANT_AUTHORS,KEEP_TRANSLATION,Édition ou traduction néerlandaise validée lors de la revue éditoriale NL.
/books/OL35332317M,Dieren,,Charlotte Guillain,1,9789055668205,2013,Ars Scribendi Uitgeverij,Jeunesse,0,DOMINANT_AUTHORS,KEEP_TRANSLATION,Édition ou traduction néerlandaise validée lors de la revue éditoriale NL.
/books/OL35341610M,Griekse krijgers,,Charlotte Guillain,1,9789462020306,2013,NBD Biblion,Histoire | Jeunesse,0,DOMINANT_AUTHORS,KEEP_TRANSLATION,Édition ou traduction néerlandaise validée lors de la revue éditoriale NL.
/books/OL32844066M,Water besparen,,Charlotte Guillain,1,9789055664405,2010,Ars Scribendi,Jeunesse,0,DOMINANT_AUTHORS,KEEP_TRANSLATION,Édition ou traduction néerlandaise validée lors de la revue éditoriale NL.
/books/OL39804515M,Voedsel voor kleine beestjes,,Charlotte Guillain | Rebecca Rissman,2,9789055660209,2011,Ars Scribendi,Jeunesse,0,DOMINANT_AUTHORS,KEEP_TRANSLATION,Édition ou traduction néerlandaise validée lors de la revue éditoriale NL.
/books/OL33221221M,De weg van het hart,,Danielle Steel,1,9789021803579,2010,Sijthoff,Fiction,0,DOMINANT_AUTHORS,KEEP_TRANSLATION,Édition ou traduction néerlandaise validée lors de la revue éditoriale NL.
/books/OL35339723M,Erfenis,,Danielle Steel,1,9789021805733,2011,Sijthoff,Fiction | Histoire,0,DOMINANT_AUTHORS,KEEP_TRANSLATION,Édition ou traduction néerlandaise validée lors de la revue éditoriale NL.
/books/OL35330312M,Familieband,,Danielle Steel,1,9789021804729,2011,Sijthoff,Fiction,0,DOMINANT_AUTHORS,KEEP_TRANSLATION,Édition ou traduction néerlandaise validée lors de la revue éditoriale NL.
/books/OL47778476M,Het einde van een zomer,,Danielle Steel,1,9789021008660,2009,Poema Pocket,Fiction,0,DOMINANT_AUTHORS,KEEP_TRANSLATION,Édition ou traduction néerlandaise validée lors de la revue éditoriale NL.
/books/OL27126393M,Het warme Zuiden,,Danielle Steel,1,9789021871851,2010,Sijthoff,Fiction,0,DOMINANT_AUTHORS,KEEP_TRANSLATION,Édition ou traduction néerlandaise validée lors de la revue éditoriale NL.
/books/OL47831909M,Winnaars,"zelfs als het leven je toelacht, kan het in een oogwenk voorbij zijn",Danielle Steel,1,9789021809090,2014,Luitingh Sijthoff,Fiction,0,DOMINANT_AUTHORS,KEEP_TRANSLATION,Édition ou traduction néerlandaise validée lors de la revue éditoriale NL.
/books/OL47163669M,Elke dag is er een / druk 4,,Danielle Steel | Luis Murillo Fort,2,9789021012292,2011,Poema Pocket,Fiction,0,DOMINANT_AUTHORS,KEEP_TRANSLATION,Édition ou traduction néerlandaise validée lors de la revue éditoriale NL.
/books/OL25769581M,Divine justice,,David Baldacci,1,,2008,Bruna Fictie,Fiction,0,DOMINANT_AUTHORS,REPLACE,"Notice à remplacer : langue étrangère, doublon non retenu, série institutionnelle inadéquate ou qualité bibliographique insuffisante pour le socle NL."
/books/OL47862199M,Freddie en de frietvrienden,lang leve de frieten!,David Baldacci,1,9789022993040,2007,A.W. Bruna Uitgevers,Fiction | Sciences,0,DOMINANT_AUTHORS,KEEP_TRANSLATION,Édition ou traduction néerlandaise validée lors de la revue éditoriale NL.
/books/OL35329170M,Verlos ons van het kwaad,,David Baldacci,1,9789022995495,2010,Bruna,Fiction,0,DOMINANT_AUTHORS,KEEP_TRANSLATION,Édition ou traduction néerlandaise validée lors de la revue éditoriale NL.
/books/OL21007391M,De shampoo planeet,Roman,Douglas Coupland,1,9789029044219,1993,Meulenhoff,Fiction,0,DOMINANT_AUTHORS,KEEP_TRANSLATION,Édition ou traduction néerlandaise validée lors de la revue éditoriale NL.
/books/OL25440205M,Generatie X,vertellingen voor een versnelde cultuur : roman,Douglas Coupland,1,9789029087902,2011,Meulenhoff,Fiction,0,DOMINANT_AUTHORS,KEEP_TRANSLATION,Édition ou traduction néerlandaise validée lors de la revue éditoriale NL.
/books/OL35326691M,JPod,,Douglas Coupland,1,9789041410191,2006,Anthos,Fiction,0,DOMINANT_AUTHORS,KEEP_TRANSLATION,Édition ou traduction néerlandaise validée lors de la revue éditoriale NL.
/books/OL17350295M,Leven na God,verhalen,Douglas Coupland,1,9789029047760,1994,Meulenhoff,,0,DOMINANT_AUTHORS,KEEP_TRANSLATION,Édition ou traduction néerlandaise validée lors de la revue éditoriale NL.
/books/OL16431102M,Microslaven,,Douglas Coupland,1,9789029050265,1996,Meulenhoff,Fiction,0,DOMINANT_AUTHORS,KEEP_TRANSLATION,Édition ou traduction néerlandaise validée lors de la revue éditoriale NL.
/books/OL18556379M,Vrienden in coma,,Douglas Coupland,1,9789041710628,1998,Meulenhoff,Fiction,0,DOMINANT_AUTHORS,KEEP_TRANSLATION,Édition ou traduction néerlandaise validée lors de la revue éditoriale NL.
/books/OL33336086M,De avonturen van Marco Polo,,Elisabetta Dami,1,9789085921981,2012,De Wakkere Muis,Biographie | Voyage,0,DOMINANT_AUTHORS,KEEP_TRANSLATION,Édition ou traduction néerlandaise validée lors de la revue éditoriale NL.
/books/OL35327964M,De ontdekking van de superparel,,Elisabetta Dami,1,9789085921462,2011,De Wakkere Muis,Fiction,0,DOMINANT_AUTHORS,KEEP_TRANSLATION,Édition ou traduction néerlandaise validée lors de la revue éditoriale NL.
/books/OL35332226M,De roof van de gi-ga-diamant,,Elisabetta Dami,1,9789085921387,2010,De Wakkere Muis,Fiction,0,DOMINANT_AUTHORS,KEEP_TRANSLATION,Édition ou traduction néerlandaise validée lors de la revue éditoriale NL.
/books/OL45817536M,De sprekende berg (Geronimo Stilton-reeks),,Elisabetta Dami,1,9789085920663,2017,De Wakkere Muis,Fiction | Jeunesse,0,DOMINANT_AUTHORS,KEEP_TRANSLATION,Édition ou traduction néerlandaise validée lors de la revue éditoriale NL.
/books/OL35332040M,De stenen moppentapper,,Elisabetta Dami,1,9789085922599,2014,De Wakkere Muis,Fiction | Jeunesse,0,DOMINANT_AUTHORS,KEEP_TRANSLATION,Édition ou traduction néerlandaise validée lors de la revue éditoriale NL.
/books/OL35329346M,De Thea Sisters op avontuur,,Elisabetta Dami,1,9789085920618,2008,De Wakkere Muis,Fiction | Jeunesse | Policier et mystère,0,DOMINANT_AUTHORS,KEEP_TRANSLATION,Édition ou traduction néerlandaise validée lors de la revue éditoriale NL.
/books/OL35326106M,De verborgen stad,,Elisabetta Dami,1,9789085920885,2009,De Wakkere Muis,Fiction | Jeunesse,0,DOMINANT_AUTHORS,KEEP_TRANSLATION,Édition ou traduction néerlandaise validée lors de la revue éditoriale NL.
/books/OL35331808M,Een berg op pootjes,,Elisabetta Dami,1,9789085922438,2014,De Wakkere Muis,Fiction | Jeunesse,0,DOMINANT_AUTHORS,KEEP_TRANSLATION,Édition ou traduction néerlandaise validée lors de la revue éditoriale NL.
/books/OL32371746M,Een muizenissige kerst in New York,,Elisabetta Dami,1,9789085922056,2012,De Wakkere Muis,Fiction,0,DOMINANT_AUTHORS,KEEP_TRANSLATION,Édition ou traduction néerlandaise validée lors de la revue éditoriale NL.
/books/OL38313003M,Fantasia II de speurtocht naar het geluk,,Elisabetta Dami,1,,2010,De wakkere muis,Fiction,0,DOMINANT_AUTHORS,KEEP_TRANSLATION,Édition ou traduction néerlandaise validée lors de la revue éditoriale NL.
/books/OL35331833M,Geheim agent Nul Nul K,,Elisabetta Dami,1,9789085920816,2012,De Wakkere Muis,Fiction,0,DOMINANT_AUTHORS,KEEP_TRANSLATION,Édition ou traduction néerlandaise validée lors de la revue éditoriale NL.
/books/OL35331943M,Het hollende harnas,,Elisabetta Dami,1,9789085921592,2011,De Wakkere Muis,Fiction | Policier et mystère,0,DOMINANT_AUTHORS,KEEP_TRANSLATION,Édition ou traduction néerlandaise validée lors de la revue éditoriale NL.
/books/OL35334486M,Het monster van Lago Lago,,Elisabetta Dami,1,9789085922018,2012,De Wakkere Muis,Policier et mystère,0,DOMINANT_AUTHORS,KEEP_TRANSLATION,Édition ou traduction néerlandaise validée lors de la revue éditoriale NL.
/books/OL35334321M,Het supergeheime project,,Elisabetta Dami,1,9789085921790,2012,De Wakkere Muis,,0,DOMINANT_AUTHORS,KEEP_TRANSLATION,Édition ou traduction néerlandaise validée lors de la revue éditoriale NL.
/books/OL35334770M,Red de witte walvis!,,Elisabetta Dami,1,9789085921011,2012,De Wakkere Muis,Fiction,0,DOMINANT_AUTHORS,KEEP_TRANSLATION,Édition ou traduction néerlandaise validée lors de la revue éditoriale NL.
/books/OL35330744M,Terug naar kasteel Vrekkenstein,,Elisabetta Dami,1,9789085921219,2010,De Wakkere Muis,Fiction,0,DOMINANT_AUTHORS,KEEP_TRANSLATION,Édition ou traduction néerlandaise validée lors de la revue éditoriale NL.
/books/OL35346375M,Wie heeft de vuursteen gestolen?,,Elisabetta Dami,1,9789085921776,2012,De Wakkere Muis,Fiction,0,DOMINANT_AUTHORS,KEEP_TRANSLATION,Édition ou traduction néerlandaise validée lors de la revue éditoriale NL.
/books/OL35335287M,De bende van Ratstad,,Elisabetta Dami | David Nel·lo,2,9789085921073,2010,De Wakkere Muis,Fiction,0,DOMINANT_AUTHORS,KEEP_TRANSLATION,Édition ou traduction néerlandaise validée lors de la revue éditoriale NL.
/books/OL35328936M,"Gi-ga-geitenkaas, ik heb gewonnen",,Elisabetta Dami | David Nel·lo,2,9789085920359,2007,De Wakkere Muis,,0,DOMINANT_AUTHORS,KEEP_TRANSLATION,Édition ou traduction néerlandaise validée lors de la revue éditoriale NL.
/books/OL35328026M,Séptimo viaje al reino de la fantasía,,Elisabetta Dami | David Nel·lo,2,9789085922025,2014,De Wakkere Muis,Fantasy | Fiction,0,DOMINANT_AUTHORS,REPLACE,"Notice à remplacer : langue étrangère, doublon non retenu, série institutionnelle inadéquate ou qualité bibliographique insuffisante pour le socle NL."
/books/OL35639350M,De indiaan met het gouden hart,,Elisabetta Dami | David Nel·lo | Manel Martí i Viudes,3,9789085921080,2010,De Wakkere Muis,Fiction,0,DOMINANT_AUTHORS,KEEP_TRANSLATION,Édition ou traduction néerlandaise validée lors de la revue éditoriale NL.
/books/OL42854956M,Eclips,,Erin Hunter,1,9789059246010,2018,Fantoom,Fantasy | Fiction,0,DOMINANT_AUTHORS,KEEP_TRANSLATION,Édition ou traduction néerlandaise validée lors de la revue éditoriale NL.
/books/OL42854953M,Spoor van de maan,,Erin Hunter,1,9789059245983,2018,Fantoom,Fantasy | Fiction,0,DOMINANT_AUTHORS,KEEP_TRANSLATION,Édition ou traduction néerlandaise validée lors de la revue éditoriale NL.
/books/OL42322636M,Tijgerklauws woede,,Erin Hunter,1,9789059246232,2019,Fantoom,Fantasy | Fiction,0,DOMINANT_AUTHORS,KEEP_TRANSLATION,Édition ou traduction néerlandaise validée lors de la revue éditoriale NL.
/books/OL24636613M,1984,,George Orwell,1,9789029532815,1984,De Arbeiderspers,Fantasy | Fiction | Politique | Science-fiction | Théâtre,0,DOMINANT_AUTHORS,KEEP_TRANSLATION,Édition ou traduction néerlandaise validée lors de la revue éditoriale NL.
/books/OL14561837M,De domineesdochter,,George Orwell,1,,1972,Meulenhoff,Fiction,0,DOMINANT_AUTHORS,KEEP_TRANSLATION,Édition ou traduction néerlandaise validée lors de la revue éditoriale NL.
/books/OL18430168M,Dierenboerderij,een sprookje voor volwassenen.,George Orwell,1,9789041330369,1997,Singel Pockets,Fiction | Politique,0,DOMINANT_AUTHORS,KEEP_TRANSLATION,Édition ou traduction néerlandaise validée lors de la revue éditoriale NL.
/books/OL14562218M,Happend naar lucht,,George Orwell,1,9789029004916,1971,Meulenhoff,Fiction,0,DOMINANT_AUTHORS,KEEP_TRANSLATION,Édition ou traduction néerlandaise validée lors de la revue éditoriale NL.
/books/OL35332797M,Brief aan mijn rechter,,Georges Simenon,1,9789085426110,2015,De Bezige Bij,Fiction | Policier et mystère,0,DOMINANT_AUTHORS,KEEP_TRANSLATION,Édition ou traduction néerlandaise validée lors de la revue éditoriale NL.
/books/OL16415981M,De dood van Auguste,,Georges Simenon,1,,1966,A.W.Bruna & Zoon,,0,DOMINANT_AUTHORS,KEEP_TRANSLATION,Édition ou traduction néerlandaise validée lors de la revue éditoriale NL.
/books/OL35338989M,De dood van Belle,,Georges Simenon,1,9789085426431,2015,De Bezige Bij,Policier et mystère,0,DOMINANT_AUTHORS,KEEP_TRANSLATION,Édition ou traduction néerlandaise validée lors de la revue éditoriale NL.
/books/OL35338746M,De gele hond,,Georges Simenon,1,9789085426370,2015,De Bezige Bij,Fiction | Policier et mystère,0,DOMINANT_AUTHORS,KEEP_TRANSLATION,Édition ou traduction néerlandaise validée lors de la revue éditoriale NL.
/books/OL37786518M,De horlogemaker van Everton,,Georges Simenon,1,9789025417840,2003,Pandora,,0,DOMINANT_AUTHORS,KEEP_TRANSLATION,Édition ou traduction néerlandaise validée lors de la revue éditoriale NL.
/books/OL32419180M,De klasgenoot van Maigret,,Georges Simenon,1,9789044912449,1988,Bruna,Fiction | Policier et mystère,0,DOMINANT_AUTHORS,KEEP_TRANSLATION,Édition ou traduction néerlandaise validée lors de la revue éditoriale NL.
/books/OL25629880M,De rijkaard,,Georges Simenon,1,9789022977699,1987,AWB,Policier et mystère,0,DOMINANT_AUTHORS,KEEP_TRANSLATION,Édition ou traduction néerlandaise validée lors de la revue éditoriale NL.
/books/OL32987090M,De vergissing van Maigret,,Georges Simenon,1,9789025417680,2004,Pandora,Fiction | Policier et mystère,0,DOMINANT_AUTHORS,KEEP_TRANSLATION,Édition ou traduction néerlandaise validée lors de la revue éditoriale NL.
/books/OL37788322M,De verloofdes van meneer Hire,,Georges Simenon,1,9789025421960,2004,Pandora,Fiction | Policier et mystère,0,DOMINANT_AUTHORS,KEEP_TRANSLATION,Édition ou traduction néerlandaise validée lors de la revue éditoriale NL.
/books/OL35334213M,De zaak-Saint-Fiacre,,Georges Simenon,1,9789085426127,2015,De Bezige Bij,Fiction | Policier et mystère,0,DOMINANT_AUTHORS,KEEP_TRANSLATION,Édition ou traduction néerlandaise validée lors de la revue éditoriale NL.
/books/OL16415957M,Het bloedspoor in de sneeuw,,Georges Simenon,1,9789022905463,1978,A.W.Bruna & Zoon,Fiction | Histoire | Policier et mystère,0,DOMINANT_AUTHORS,KEEP_TRANSLATION,Édition ou traduction néerlandaise validée lors de la revue éditoriale NL.
/books/OL39797604M,Het huis aan het kanaal,,Georges Simenon,1,9789057201660,2002,BMP Literair,Fiction,0,DOMINANT_AUTHORS,KEEP_TRANSLATION,Édition ou traduction néerlandaise validée lors de la revue éditoriale NL.
/books/OL35334004M,Maigret en de minister,,Georges Simenon,1,9789025422400,2003,Pandora,Fiction | Policier et mystère,0,DOMINANT_AUTHORS,KEEP_TRANSLATION,Édition ou traduction néerlandaise validée lors de la revue éditoriale NL.
/books/OL37792043M,Maigret en het spook,,Georges Simenon,1,9789025419929,2003,Pandora,Fiction | Policier et mystère,0,DOMINANT_AUTHORS,KEEP_TRANSLATION,Édition ou traduction néerlandaise validée lors de la revue éditoriale NL.
/books/OL25571816M,Maigret in Holland,,Georges Simenon,1,,1962,Bruna,Fiction | Policier et mystère,0,DOMINANT_AUTHORS,KEEP_TRANSLATION,Édition ou traduction néerlandaise validée lors de la revue éditoriale NL.
/books/OL47675651M,Pietr-le-Letton,,Georges Simenon,1,,1964,A W Bruna en zoon,Fiction | Policier et mystère,0,DOMINANT_AUTHORS,KEEP_TRANSLATION,Édition ou traduction néerlandaise validée lors de la revue éditoriale NL.
/books/OL35338079M,Schele Marie,,Georges Simenon,1,9789025417598,2003,Pandora,Policier et mystère,0,DOMINANT_AUTHORS,KEEP_TRANSLATION,Édition ou traduction néerlandaise validée lors de la revue éditoriale NL.
/books/OL16415983M,Tante Jeanne.,,Georges Simenon,1,,1961,A.W.Bruna & Zoon,Fiction,0,DOMINANT_AUTHORS,KEEP_TRANSLATION,Édition ou traduction néerlandaise validée lors de la revue éditoriale NL.
/books/OL16359535M,Allemaal leugens,,Geraldine McCaughrean,1,9789038403465,1995,La Rivière & Voorhoeve,Fiction,0,DOMINANT_AUTHORS,KEEP_TRANSLATION,Édition ou traduction néerlandaise validée lors de la revue éditoriale NL.
/books/OL16360250M,De mirakel spelers,,Geraldine McCaughrean,1,9789070661342,1987,W.J.Wildeboer,Biographie,0,DOMINANT_AUTHORS,KEEP_TRANSLATION,Édition ou traduction néerlandaise validée lors de la revue éditoriale NL.
/books/OL35345632M,Liefdesverhalen uit alle windstreken,,Geraldine McCaughrean,1,9789062387298,2000,Christofoor,,0,DOMINANT_AUTHORS,KEEP_TRANSLATION,Édition ou traduction néerlandaise validée lors de la revue éditoriale NL.
/books/OL16360286M,Phelim en het steengebroed,,Geraldine McCaughrean,1,9789025732493,2000,Gottmer,Fantasy,0,DOMINANT_AUTHORS,KEEP_TRANSLATION,Édition ou traduction néerlandaise validée lors de la revue éditoriale NL.
/books/OL16569670M,De derde man =,The third man,Graham Greene,1,,1980,Uitgeverij Bert Bakker,Fiction,0,DOMINANT_AUTHORS,KEEP_TRANSLATION,Édition ou traduction néerlandaise validée lors de la revue éditoriale NL.
/books/OL35339938M,De privé factor,,Graham Greene,1,9789047507161,2008,Crimezone.nl,Fiction,0,DOMINANT_AUTHORS,KEEP_TRANSLATION,Édition ou traduction néerlandaise validée lors de la revue éditoriale NL.
/books/OL16569607M,De stille Amerikaan = The quiet American,,Graham Greene,1,9789025463083,1978,Uitgeverij Bert Bakker,Fiction | Politique,0,DOMINANT_AUTHORS,KEEP_TRANSLATION,Édition ou traduction néerlandaise validée lors de la revue éditoriale NL.
/books/OL16569403M,Een soort leven = A sort of life,,Graham Greene,1,,1982,Uitgeverij de Arbeiderspers,Biographie,0,DOMINANT_AUTHORS,KEEP_TRANSLATION,Édition ou traduction néerlandaise validée lors de la revue éditoriale NL.
/books/OL32851433M,Genezen verklaard,,Graham Greene,1,9789025462680,1973,Uitgeverij Contact,Fiction | Religion,0,DOMINANT_AUTHORS,KEEP_TRANSLATION,Édition ou traduction néerlandaise validée lors de la revue éditoriale NL.
/books/OL13900202M,Kind van Albion,,Graham Greene,1,,1952,N.V.de Arbeiderspers,Fiction | Thriller,0,DOMINANT_AUTHORS,KEEP_TRANSLATION,Édition ou traduction néerlandaise validée lors de la revue éditoriale NL.
/books/OL16569395M,Monseigneur Quichot,,Graham Greene,1,9789060199206,1982,Prometheus,Fiction | Histoire,0,DOMINANT_AUTHORS,KEEP_TRANSLATION,Édition ou traduction néerlandaise validée lors de la revue éditoriale NL.
/books/OL32344688M,Onze man in Havana,,Graham Greene,1,9789025407032,2002,Pandora,Fiction | Histoire,0,DOMINANT_AUTHORS,KEEP_TRANSLATION,Édition ou traduction néerlandaise validée lors de la revue éditoriale NL.
/books/OL21376719M,Stamboel expres,,Graham Greene,1,9789060195192,1978,Uitgeverij Bert Bakker,Fiction,0,DOMINANT_AUTHORS,KEEP_TRANSLATION,Édition ou traduction néerlandaise validée lors de la revue éditoriale NL.
/books/OL16569655M,Vluchtwegen =,Ways of escape,Graham Greene,1,,1982,Uitgeverij de Arbeiderspers,Biographie | Policier et mystère,0,DOMINANT_AUTHORS,KEEP_TRANSLATION,Édition ou traduction néerlandaise validée lors de la revue éditoriale NL.
/books/OL16569044M,"Dr. Fischer van Genève, of Het knalfeest = Doctor Fischer of Geneva",,Graham Greene | Josep Alemany Castells,2,,1908,Uitgeverij Bert Bakker,Fiction,0,DOMINANT_AUTHORS,KEEP_TRANSLATION,Édition ou traduction néerlandaise validée lors de la revue éditoriale NL.
/books/OL32346851M,De onschuldigen,,Harlan Coben,1,9789022541906,2005,Boekerij,Fiction | Policier et mystère,0,DOMINANT_AUTHORS,KEEP_TRANSLATION,Édition ou traduction néerlandaise validée lors de la revue éditoriale NL.
/books/OL32830355M,Gevonden,,Harlan Coben,1,9789022566411,2015,Boekerij,Fiction | Policier et mystère,0,DOMINANT_AUTHORS,KEEP_TRANSLATION,Édition ou traduction néerlandaise validée lors de la revue éditoriale NL.
/books/OL35335270M,Vermist,,Harlan Coben,1,9789022557211,2011,Boekerij,Fiction | Policier et mystère,0,DOMINANT_AUTHORS,KEEP_TRANSLATION,Édition ou traduction néerlandaise validée lors de la revue éditoriale NL.
/books/OL45743274M,Zes jaar,,Harlan Coben,1,9789022559109,2013,Boekerij,Fiction,0,DOMINANT_AUTHORS,KEEP_TRANSLATION,Édition ou traduction néerlandaise validée lors de la revue éditoriale NL.
/books/OL25439109M,Heren van de thee,,Hella S. Haasse,1,9789021464831,2002,Querido,Fiction,0,DOMINANT_AUTHORS,KEEP_CORE,Socle néerlandophone validé lors de la revue éditoriale NL.
/books/OL4335699M,Mevrouw Bentinck of Onverenigbaarheid van karakter,een ware geschiedenis,Hella S. Haasse,1,9789021465012,1978,Querido,Fiction,0,DOMINANT_AUTHORS,KEEP_CORE,Socle néerlandophone validé lors de la revue éditoriale NL.
/books/OL3756232M,Sleuteloog,,Hella S. Haasse,1,9789021466842,2003,Querido,,0,DOMINANT_AUTHORS,KEEP_CORE,Socle néerlandophone validé lors de la revue éditoriale NL.
/books/OL32859758M,De Chinees,,Henning Mankell,1,9789044517675,2011,De Geus,Fiction | Histoire | Policier et mystère | Thriller,0,DOMINANT_AUTHORS,KEEP_TRANSLATION,Édition ou traduction néerlandaise validée lors de la revue éditoriale NL.
/books/OL34367855M,De hond die naar de sterren rende,,Henning Mankell,1,9789044509847,2008,De Geus,Fiction | Histoire | Jeunesse | Thriller,0,DOMINANT_AUTHORS,KEEP_TRANSLATION,Édition ou traduction néerlandaise validée lors de la revue éditoriale NL.
/books/OL34367843M,Het oog van de luipaard,,Henning Mankell,1,9789044511239,2007,De Geus,Fiction | Policier et mystère,0,DOMINANT_AUTHORS,KEEP_TRANSLATION,Édition ou traduction néerlandaise validée lors de la revue éditoriale NL.
/books/OL32930828M,Lukas en de kat die van regen hield,,Henning Mankell,1,9789044509793,2007,Geus,,0,DOMINANT_AUTHORS,KEEP_TRANSLATION,Édition ou traduction néerlandaise validée lors de la revue éditoriale NL.
/books/OL34367813M,Reis naar het einde van de wereld,,Henning Mankell,1,9789044509823,2009,De Geus,Fiction | Histoire,0,DOMINANT_AUTHORS,KEEP_TRANSLATION,Édition ou traduction néerlandaise validée lors de la revue éditoriale NL.
/books/OL35334685M,Ooggetuige,,Howard Roughan | James Patterson,2,9789023458050,2011,Cargo,Fiction,0,DOMINANT_AUTHORS,KEEP_TRANSLATION,Édition ou traduction néerlandaise validée lors de la revue éditoriale NL.
/books/OL35334139M,Boeren in de toekomst,,Ian Graham,1,9789055664801,2010,Ars Scribendi,Jeunesse,0,DOMINANT_AUTHORS,KEEP_TRANSLATION,Édition ou traduction néerlandaise validée lors de la revue éditoriale NL.
/books/OL35333998M,Computers en communicatie,,Ian Graham,1,9789054260660,2000,De Lantaarn,Jeunesse | Technologie,0,DOMINANT_AUTHORS,KEEP_TRANSLATION,Édition ou traduction néerlandaise validée lors de la revue éditoriale NL.
/books/OL35331956M,Mijn eerste boek over raceauto's en andere snelheidsmonsters,,Ian Graham,1,9789025735128,2002,Gottmer,Jeunesse,0,DOMINANT_AUTHORS,KEEP_TRANSLATION,Édition ou traduction néerlandaise validée lors de la revue éditoriale NL.
/books/OL12800827M,De Sacrale En Profane Liefdes Machine,,Iris Murdoch,1,9789025464196,1974,Contact,Fiction,0,DOMINANT_AUTHORS,KEEP_TRANSLATION,Édition ou traduction néerlandaise validée lors de la revue éditoriale NL.
/books/OL25098875M,Een Afgehouwen Hoofd,,Iris Murdoch,1,9789021494357,1977,Em. Querido's Uitgeverij,Fiction,0,DOMINANT_AUTHORS,KEEP_TRANSLATION,Édition ou traduction néerlandaise validée lors de la revue éditoriale NL.
/books/OL25098880M,Een Wilde Roos,,Iris Murdoch,1,9789025463960,1974,Contact,Fiction,0,DOMINANT_AUTHORS,KEEP_TRANSLATION,Édition ou traduction néerlandaise validée lors de la revue éditoriale NL.
/books/OL25098874M,Het Italiaanse Meisje,,Iris Murdoch,1,9789021494029,1976,Em. Querido's Uitgeverij,Fiction | Policier et mystère,0,DOMINANT_AUTHORS,KEEP_TRANSLATION,Édition ou traduction néerlandaise validée lors de la revue éditoriale NL.
/books/OL2074778M,De redelijke natuur,Multatuli's literatuuropvatting,J. J. Oversteegen | Multatuli,2,9789061944164,1987,HES,,0,DOMINANT_AUTHORS,KEEP_CORE,Socle néerlandophone validé lors de la revue éditoriale NL.
/books/OL35605277M,Cross fire,,James Patterson,1,9789023479338,2012,Cargo,Fiction | Policier et mystère,0,DOMINANT_AUTHORS,KEEP_TRANSLATION,Édition ou traduction néerlandaise validée lors de la revue éditoriale NL.
/books/OL18430090M,Kat en muis.,,James Patterson,1,9789027465870,1999,Het Spectrum,Fiction | Policier et mystère | Politique,0,DOMINANT_AUTHORS,KEEP_TRANSLATION,Édition ou traduction néerlandaise validée lors de la revue éditoriale NL.
/books/OL32998749M,Het vuur,,James Patterson | Jill Dembowski,2,9789023479697,2013,Cargo,Fiction,0,DOMINANT_AUTHORS,KEEP_TRANSLATION,Édition ou traduction néerlandaise validée lors de la revue éditoriale NL.
/books/OL33335877M,Achtste bekentenis,,James Patterson | Maxine Paetro,2,9789023441953,2009,Cargo,Fiction | Thriller,0,DOMINANT_AUTHORS,KEEP_TRANSLATION,Édition ou traduction néerlandaise validée lors de la revue éditoriale NL.
/books/OL37736804M,Bekentenis van een moordverdachte,,James Patterson | Maxine Paetro,2,9789023489634,2014,"Cargo, De Bezige Bij",Fiction,0,DOMINANT_AUTHORS,KEEP_TRANSLATION,Édition ou traduction néerlandaise validée lors de la revue éditoriale NL.
/books/OL35335012M,Bikini,,James Patterson | Maxine Paetro,2,9789023440666,2009,Cargo,Fiction | Thriller,0,DOMINANT_AUTHORS,KEEP_TRANSLATION,Édition ou traduction néerlandaise validée lors de la revue éditoriale NL.
/books/OL45912730M,De vierde seconde / druk 1,,James Patterson | Maxine Paetro,2,9789022989777,,"Bruna Uitgevers, a.W.",Fiction | Policier et mystère,0,DOMINANT_AUTHORS,KEEP_TRANSLATION,Édition ou traduction néerlandaise validée lors de la revue éditoriale NL.
/books/OL35326514M,Private,Los Angeles,James Patterson | Maxine Paetro,2,9789023458906,2010,Cargo,Fiction | Policier et mystère | Thriller,0,DOMINANT_AUTHORS,KEEP_TRANSLATION,Édition ou traduction néerlandaise validée lors de la revue éditoriale NL.
/books/OL5518508M,De inspecteur,,Jan De Hartog,1,,1969,Elsevier,Fiction,0,DOMINANT_AUTHORS,KEEP_CORE,Socle néerlandophone validé lors de la revue éditoriale NL.
/books/OL5658631M,De kapitein,,Jan De Hartog,1,,1967,Elsevier,Fiction,0,DOMINANT_AUTHORS,KEEP_CORE,Socle néerlandophone validé lors de la revue éditoriale NL.
/books/OL23031615M,De kleine ark,,Jan De Hartog,1,9789010009869,1974,Elsevier,Fiction,0,DOMINANT_AUTHORS,KEEP_CORE,Socle néerlandophone validé lors de la revue éditoriale NL.
/books/OL12806794M,Spraakmakende Blazers-Discografieen,,Jan de Kruijff,1,9789051790443,2003,Gopher Publishers,Fiction,0,DOMINANT_AUTHORS,KEEP_CORE,Socle néerlandophone validé lors de la revue éditoriale NL.
/books/OL12852062M,Spraakmakende Dirigenten.Discografieën,,Jan de Kruijff,1,9789076953229,2003,Gopher Publishers,Fiction,0,DOMINANT_AUTHORS,KEEP_CORE,Socle néerlandophone validé lors de la revue éditoriale NL.
/books/OL12852078M,Spraakmakende Pianisten,,Jan de Kruijff,1,9789076953489,2003,Gopher Publishers,Fiction,0,DOMINANT_AUTHORS,KEEP_CORE,Socle néerlandophone validé lors de la revue éditoriale NL.
/books/OL12852084M,Spraakmakende Pianisten. Discografieen,,Jan de Kruijff,1,9789076953632,2003,Gopher Publishers,Fiction,0,DOMINANT_AUTHORS,KEEP_CORE,Socle néerlandophone validé lors de la revue éditoriale NL.
/books/OL12852092M,Spraakmakende Strijkers,,Jan de Kruijff,1,9789076953793,2003,Gopher Publishers,Fiction,0,DOMINANT_AUTHORS,KEEP_CORE,Socle néerlandophone validé lors de la revue éditoriale NL.
/books/OL12806793M,Spraakmakende Strijkers - Discografieen,,Jan de Kruijff,1,9789051790436,2003,Gopher Publishers,Fiction,0,DOMINANT_AUTHORS,KEEP_CORE,Socle néerlandophone validé lors de la revue éditoriale NL.
/books/OL12852093M,Spraakmakende Zangers,,Jan de Kruijff,1,9789076953809,2003,Gopher Publishers,Fiction,0,DOMINANT_AUTHORS,KEEP_CORE,Socle néerlandophone validé lors de la revue éditoriale NL.
/books/OL12806795M,Spraakmakende Zangers - Discografieen,,Jan de Kruijff,1,9789051790450,2003,Gopher Publishers,Fiction,0,DOMINANT_AUTHORS,KEEP_CORE,Socle néerlandophone validé lors de la revue éditoriale NL.
/books/OL33333526M,De fluistering van de maan,,Jayne Ann Krentz,1,9789044302394,2001,The House of Books,Fiction | Romance,0,DOMINANT_AUTHORS,KEEP_TRANSLATION,Édition ou traduction néerlandaise validée lors de la revue éditoriale NL.
/books/OL35335240M,Dromen van verlangen,,Jayne Ann Krentz,1,9789044309454,2002,The House of Books,Fiction,0,DOMINANT_AUTHORS,KEEP_TRANSLATION,Édition ou traduction néerlandaise validée lors de la revue éditoriale NL.
/books/OL35606157M,Een eeuwig bruidsboeket,,Jayne Ann Krentz,1,9789044312164,2005,The House of Books,Fiction | Romance,0,DOMINANT_AUTHORS,KEEP_TRANSLATION,Édition ou traduction néerlandaise validée lors de la revue éditoriale NL.
/books/OL26948978M,Drie keer niks,,Jeff Kinney,1,9789026142635,2017,,Fiction | Théâtre,0,DOMINANT_AUTHORS,KEEP_TRANSLATION,Édition ou traduction néerlandaise validée lors de la revue éditoriale NL.
/books/OL27495493M,Flutvakantie,,Jeff Kinney,1,9789026138409,2015,De Fontein Jeugd,Fiction | Théâtre | Voyage,0,DOMINANT_AUTHORS,KEEP_TRANSLATION,Édition ou traduction néerlandaise validée lors de la revue éditoriale NL.
/books/OL49376080M,Niet te doen! (Het leven van een Loser) (Dutch Edition),,Jeff Kinney,1,9789026132377,2012,De Fontein,Fiction,0,DOMINANT_AUTHORS,KEEP_TRANSLATION,Édition ou traduction néerlandaise validée lors de la revue éditoriale NL.
/books/OL4504259M,De schreeuw van de witte kakatoe,,Johan Fabricius,1,9789025804879,1978,Leopold,Fiction | Histoire,0,DOMINANT_AUTHORS,KEEP_CORE,Socle néerlandophone validé lors de la revue éditoriale NL.
/books/OL24338866M,Flipje,,Johan Fabricius,1,,1936,Leopold,,0,DOMINANT_AUTHORS,KEEP_CORE,Socle néerlandophone validé lors de la revue éditoriale NL.
/books/OL6466257M,Nacht over Java,roman,Johan Fabricius,1,,1944,Querido,Fiction | Philosophie,0,DOMINANT_AUTHORS,KEEP_CORE,Socle néerlandophone validé lors de la revue éditoriale NL.
/books/OL6332196M,The son of Marietta,,Johan Fabricius,1,,1936,"Little, Brown, and company",Fiction | Histoire,0,DOMINANT_AUTHORS,REPLACE,"Notice à remplacer : langue étrangère, doublon non retenu, série institutionnelle inadéquate ou qualité bibliographique insuffisante pour le socle NL."
/books/OL27043909M,Homo ludens,proeve eener bepaling van het spel-element der cultuur,Johan Huizinga,1,9789089640031,2008,Amsterdam University Press,Philosophie | Politique,0,DOMINANT_AUTHORS,KEEP_CORE,Socle néerlandophone validé lors de la revue éditoriale NL.
/books/OL3121340M,Verspreide opstellen over de geschiedenis van Nederland,,Johan Huizinga,1,9789021828282,1982,Sijthoff,Histoire,0,DOMINANT_AUTHORS,KEEP_CORE,Socle néerlandophone validé lors de la revue éditoriale NL.
/books/OL23294278M,vidsaka in het Indisch tooneel.,,Johan Huizinga,1,,1897,P. Noordhoff,,0,DOMINANT_AUTHORS,KEEP_CORE,Socle néerlandophone validé lors de la revue éditoriale NL.
/books/OL42077091M,De Behekste Man of de Gesloten Koop,,John Tenniel | Charles Dickens | Frank Stone,3,,2010,LibriVox,Fiction,0,DOMINANT_AUTHORS,KEEP_TRANSLATION,Édition ou traduction néerlandaise validée lors de la revue éditoriale NL.
/books/OL19600302M,Nood greep.,,Jonathan Kellerman,1,9789024523498,1995,Uitgeverij Luitingh,Policier et mystère,0,DOMINANT_AUTHORS,KEEP_TRANSLATION,Édition ou traduction néerlandaise validée lors de la revue éditoriale NL.
/books/OL35339650M,Misdadigers,Berkeley / Nashville,Jonathan Kellerman | Jonathan Kellerman | Faye Kellerman,3,9789021800974,2008,Sijthoff,Fiction | Policier et mystère | Thriller,0,DOMINANT_AUTHORS,KEEP_TRANSLATION,Édition ou traduction néerlandaise validée lors de la revue éditoriale NL.
/books/OL27097140M,De elite,,Kiera Cass,1,9789000338368,2014,Van Goor,Fiction,0,DOMINANT_AUTHORS,KEEP_TRANSLATION,Édition ou traduction néerlandaise validée lors de la revue éditoriale NL.
/books/OL37805055M,De Prins & De Lijfwacht,,Kiera Cass,1,9789000343669,2015,Van Goor,Fiction,0,DOMINANT_AUTHORS,KEEP_TRANSLATION,Édition ou traduction néerlandaise validée lors de la revue éditoriale NL.
/books/OL45708398M,De selectie,,Kiera Cass,1,9789000338344,2014,Van Goor,Fiction,0,DOMINANT_AUTHORS,KEEP_TRANSLATION,Édition ou traduction néerlandaise validée lors de la revue éditoriale NL.
/books/OL24620803M,Extaze,een boek van geluk,Louis Couperus,1,,1920,Veen,Fiction,0,DOMINANT_AUTHORS,KEEP_CORE,Socle néerlandophone validé lors de la revue éditoriale NL.
/books/OL245089M,Metamorfoze,,Louis Couperus,1,,1897,L.J. Veen,Sciences sociales,0,DOMINANT_AUTHORS,KEEP_CORE,Socle néerlandophone validé lors de la revue éditoriale NL.
/books/OL7109391M,Psyche,,Louis Couperus,1,,1927,L.J. Veen,,0,DOMINANT_AUTHORS,KEEP_CORE,Socle néerlandophone validé lors de la revue éditoriale NL.
/books/OL21900537M,Volledige werken Louis Couperus,,Louis Couperus,1,9789020426021,1987,Veen uitgevers,Fiction | Voyage,0,DOMINANT_AUTHORS,KEEP_CORE,Socle néerlandophone validé lors de la revue éditoriale NL.
/books/OL23951619M,De bril van God,,Maarten 't Hart,1,9789029522281,2002,De Arbeiderspers,,0,DOMINANT_AUTHORS,KEEP_CORE,Socle néerlandophone validé lors de la revue éditoriale NL.
/books/OL4337999M,De som van misverstanden,het lezen van boeken,Maarten 't Hart,1,9789029518833,1978,De Arbeiderspers,Fiction,0,DOMINANT_AUTHORS,KEEP_CORE,Socle néerlandophone validé lors de la revue éditoriale NL.
/books/OL2478601M,Het uur tussen hond en wolf,roman,Maarten 't Hart,1,9789029519687,1987,De Arbeiderspers,,0,DOMINANT_AUTHORS,KEEP_CORE,Socle néerlandophone validé lors de la revue éditoriale NL.
/books/OL23073588M,Lotte Weeda,roman,Maarten 't Hart,1,9789029522533,2004,De Arbeiderspers,,0,DOMINANT_AUTHORS,KEEP_CORE,Socle néerlandophone validé lors de la revue éditoriale NL.
/books/OL45878675M,De ravenjongens (De ravenserie Book 1) (Dutch Edit,,Maggie Stiefvater,1,9789048818341,2013,Moon,Fantasy | Fiction | Jeunesse,0,DOMINANT_AUTHORS,KEEP_TRANSLATION,Édition ou traduction néerlandaise validée lors de la revue éditoriale NL.
/books/OL62082869M,De ravenkoning,,Maggie Stiefvater,1,9789402328332,2026,Boekerij,Fantasy | Fiction | Jeunes adultes | Romance,0,DOMINANT_AUTHORS,KEEP_TRANSLATION,Édition ou traduction néerlandaise validée lors de la revue éditoriale NL.
/books/OL47217005M,Huiver,,Maggie Stiefvater,1,9789048802531,2009,Moon,Fiction | Jeunes adultes,0,DOMINANT_AUTHORS,KEEP_TRANSLATION,Édition ou traduction néerlandaise validée lors de la revue éditoriale NL.
/books/OL32852059M,De stenen engel,,Margaret Laurence,1,9789044510874,2007,De Geus,Fiction,0,DOMINANT_AUTHORS,KEEP_TRANSLATION,Édition ou traduction néerlandaise validée lors de la revue éditoriale NL.
/books/OL16676641M,De vuurbewoners,roman,Margaret Laurence,1,9789050710701,1989,A. Dekker,Fiction,0,DOMINANT_AUTHORS,KEEP_TRANSLATION,Édition ou traduction néerlandaise validée lors de la revue éditoriale NL.
/books/OL16676687M,"Rachel, Rachel",roman,Margaret Laurence,1,9789050710398,1988,A. Decker,Fiction,0,DOMINANT_AUTHORS,KEEP_TRANSLATION,Édition ou traduction néerlandaise validée lors de la revue éditoriale NL.
/books/OL18219578M,De muren hebben oren,,Margaret Millar,1,9789027438874,1981,Uitgeverij Het Spectrum,Fiction,0,DOMINANT_AUTHORS,KEEP_TRANSLATION,Édition ou traduction néerlandaise validée lors de la revue éditoriale NL.
/books/OL18219564M,Muren hebben ogen,,Margaret Millar,1,9789027436740,1973,Uitgeverij Het Spectrum,Policier et mystère,0,DOMINANT_AUTHORS,KEEP_TRANSLATION,Édition ou traduction néerlandaise validée lors de la revue éditoriale NL.
/books/OL18219615M,New een engel,,Margaret Millar,1,,1979,Uitgeverij de Arbeiderspers,Policier et mystère,0,DOMINANT_AUTHORS,REVIEW,"Notice conservée en revue : langue, édition, attribution, métadonnées, doublon ou nature documentaire restant à confirmer."
/books/OL25417386M,"Alexis, of De verhandeling over de vergeefse strijd",,Marguerite Yourcenar,1,9789025315245,1983,Athenaeum-Polak & Van Gennep,,0,DOMINANT_AUTHORS,KEEP_TRANSLATION,Édition ou traduction néerlandaise validée lors de la revue éditoriale NL.
/books/OL21913282M,Als stromend water,,Marguerite Yourcenar,1,9789025305697,1984,Athenaeum-Polak & Van Gennep,,0,DOMINANT_AUTHORS,KEEP_TRANSLATION,Édition ou traduction néerlandaise validée lors de la revue éditoriale NL.
/books/OL22037877M,"De tijd, de grote beeldhouwer",,Marguerite Yourcenar,1,9789026306990,1985,Ambo,,0,DOMINANT_AUTHORS,KEEP_TRANSLATION,Édition ou traduction néerlandaise validée lors de la revue éditoriale NL.
/books/OL21912899M,Dierbare nagedachtenis,,Marguerite Yourcenar,1,9789026305955,1983,Ambo,Biographie,0,DOMINANT_AUTHORS,KEEP_TRANSLATION,Édition ou traduction néerlandaise validée lors de la revue éditoriale NL.
/books/OL25186229M,Het hermetisch zwart,,Marguerite Yourcenar,1,9789025305147,1983,Amsterdam : Athenaeum-Polak & Van Gennep,Fiction | Histoire,0,DOMINANT_AUTHORS,KEEP_TRANSLATION,Édition ou traduction néerlandaise validée lors de la revue éditoriale NL.
/books/OL1935765M,Een taart voor kleine Beer,,Max Velthuijs,1,9783855398157,1988,Vier Windstreken,Fiction,0,DOMINANT_AUTHORS,KEEP_CORE,Socle néerlandophone validé lors de la revue éditoriale NL.
/books/OL26948961M,Kikker gaat logeren,,Max Velthuijs,1,9789025874001,2017,,Fiction | Jeunesse,0,DOMINANT_AUTHORS,KEEP_CORE,Socle néerlandophone validé lors de la revue éditoriale NL.
/books/OL312142M,Kikker is kikker,,Max Velthuijs,1,9789025848453,1997,Leopold,Fiction,0,DOMINANT_AUTHORS,KEEP_CORE,Socle néerlandophone validé lors de la revue éditoriale NL.
/books/OL25651498M,Gone Plaag,Wat doe je tegen een levensgevaarlijke plaag?,Michael Grant,1,9789000301584,2011,Van Holkema & Warendorf,Fiction,0,DOMINANT_AUTHORS,KEEP_TRANSLATION,Édition ou traduction néerlandaise validée lors de la revue éditoriale NL.
/books/OL25651510M,Verlaten,,Michael Grant | Michael Grant,2,9789000313655,2012,Van Holkema & Warendorf,Fiction,0,DOMINANT_AUTHORS,KEEP_TRANSLATION,Édition ou traduction néerlandaise validée lors de la revue éditoriale NL.
/books/OL1960617M,Brieven van Multatuli,,Multatuli,1,9789021453576,1990,Em. Querido,,0,DOMINANT_AUTHORS,KEEP_CORE,Socle néerlandophone validé lors de la revue éditoriale NL.
/books/OL25417311M,De geschiedenis van Woutertje Pieterse,,Multatuli,1,9789027491398,1980,Het Spectrum,,0,DOMINANT_AUTHORS,KEEP_CORE,Socle néerlandophone validé lors de la revue éditoriale NL.
/books/OL23434720M,Duizend-en-eenige hoofdstukken over specialiteiten,,Multatuli,1,,1871,J. Waltman,Politique,0,DOMINANT_AUTHORS,KEEP_CORE,Socle néerlandophone validé lors de la revue éditoriale NL.
/books/OL2764823M,Gedichten,,Multatuli,1,9789035102262,1985,B. Bakker,,0,DOMINANT_AUTHORS,KEEP_CORE,Socle néerlandophone validé lors de la revue éditoriale NL.
/books/OL24629262M,Het Woutertje van Multatuli,,Multatuli,1,,1966,C.G.A. Corvey Papiergroothandel,,0,DOMINANT_AUTHORS,KEEP_CORE,Socle néerlandophone validé lors de la revue éditoriale NL.
/books/OL23439844M,Ideën,,Multatuli,1,,1871,R.C. Meijer,,0,DOMINANT_AUTHORS,KEEP_CORE,Socle néerlandophone validé lors de la revue éditoriale NL.
/books/OL23446289M,Millioenen-studiën,,Multatuli,1,,1873,J. Waltman Jr.,,0,DOMINANT_AUTHORS,KEEP_CORE,Socle néerlandophone validé lors de la revue éditoriale NL.
/books/OL5386010M,Multatuli en de kritiek,een bloemlezing uit de literatuur over Multatuli,Multatuli,1,,1970,Athenaeum-Polak & Van Gennep,,0,DOMINANT_AUTHORS,KEEP_CORE,Socle néerlandophone validé lors de la revue éditoriale NL.
/books/OL23547054M,Nog-eens: Vrye-Arbeid in Nederlandsche-Indië,,Multatuli,1,,1870,J. Waltman,Économie et entreprise,0,DOMINANT_AUTHORS,KEEP_CORE,Socle néerlandophone validé lors de la revue éditoriale NL.
/books/OL32348704M,Antsy Does Time,hij werkt zich steeds weer in de nesten,Neal Shusterman,1,9789047702054,2010,Lemniscaat,Fiction,0,DOMINANT_AUTHORS,REPLACE,"Notice à remplacer : langue étrangère, doublon non retenu, série institutionnelle inadéquate ou qualité bibliographique insuffisante pour le socle NL."
/books/OL34405349M,The Schwa Was Here,Hoe onzichtbaar kun je zijn?,Neal Shusterman,1,9789047701545,2009,Lemniscaat,Fiction | Jeunesse,0,DOMINANT_AUTHORS,REPLACE,"Notice à remplacer : langue étrangère, doublon non retenu, série institutionnelle inadéquate ou qualité bibliographique insuffisante pour le socle NL."
/books/OL26805002M,De mysterieuze zolder,,Neal Shusterman | Eric Elfman,2,9789000339259,2014,UNIEBOEK | HET SPECTRUM,Fiction | Science-fiction,0,DOMINANT_AUTHORS,KEEP_TRANSLATION,Édition ou traduction néerlandaise validée lors de la revue éditoriale NL.
/books/OL35121465M,De zoektocht,,Nora Roberts,1,9789022557143,2010,Boekerij,Fiction,0,DOMINANT_AUTHORS,KEEP_TRANSLATION,Édition ou traduction néerlandaise validée lors de la revue éditoriale NL.
/books/OL30115585M,Droomwereld,,Nora Roberts,1,9789022564752,2013,Boekerij,Fiction | Romance,0,DOMINANT_AUTHORS,KEEP_TRANSLATION,Édition ou traduction néerlandaise validée lors de la revue éditoriale NL.
/books/OL32745527M,Een kans voor de liefde,,Nora Roberts,1,9789034754097,2014,Harlequin,Fiction | Romance,0,DOMINANT_AUTHORS,KEEP_TRANSLATION,Édition ou traduction néerlandaise validée lors de la revue éditoriale NL.
/books/OL35121235M,Een nieuw begin,,Nora Roberts,1,9789022547533,2007,Boekerij,Fiction | Romance,0,DOMINANT_AUTHORS,KEEP_TRANSLATION,Édition ou traduction néerlandaise validée lors de la revue éditoriale NL.
/books/OL35122459M,Het heetst van de dag,,Nora Roberts,1,9789022549841,2008,Boekerij,Fiction | Romance,0,DOMINANT_AUTHORS,KEEP_TRANSLATION,Édition ou traduction néerlandaise validée lors de la revue éditoriale NL.
/books/OL35658215M,Verhalen van de nacht,,Nora Roberts,1,9789085500346,2005,Mira Books,,0,DOMINANT_AUTHORS,KEEP_TRANSLATION,Édition ou traduction néerlandaise validée lors de la revue éditoriale NL.
/books/OL32745330M,Zijden prooi,,Nora Roberts,1,9789022520826,1996,De Boekerij,Fiction,0,DOMINANT_AUTHORS,KEEP_TRANSLATION,Édition ou traduction néerlandaise validée lors de la revue éditoriale NL.
/books/OL33220145M,Geboorterecht,,Nora Roberts | Michel Ganstel,2,9789022539491,2004,Uitgeverij M,Fiction,0,DOMINANT_AUTHORS,KEEP_TRANSLATION,Édition ou traduction néerlandaise validée lors de la revue éditoriale NL.
/books/OL34852484M,De witte vesting,,Orhan Pamuk,1,,2008,De Arbeiderspers,Fiction | Histoire,0,DOMINANT_AUTHORS,KEEP_TRANSLATION,Édition ou traduction néerlandaise validée lors de la revue éditoriale NL.
/books/OL36693177M,Het huis van de stilte,roman,Orhan Pamuk,1,9789029536844,2004,De Arbeiderspers,Fiction | Histoire | Politique,0,DOMINANT_AUTHORS,KEEP_TRANSLATION,Édition ou traduction néerlandaise validée lors de la revue éditoriale NL.
/books/OL35328352M,De brandhaard,,Patricia Cornwell,1,9789024509966,1998,Luitingh-Sijthoff,Fiction | Policier et mystère,0,DOMINANT_AUTHORS,KEEP_TRANSLATION,Édition ou traduction néerlandaise validée lors de la revue éditoriale NL.
/books/OL47274907M,Fataal Weekend,,Patricia Cornwell,1,9789024513345,1996,Puema Pocket,Fiction | Policier et mystère,0,DOMINANT_AUTHORS,KEEP_TRANSLATION,Édition ou traduction néerlandaise validée lors de la revue éditoriale NL.
/books/OL32998685M,Het eindstation,,Patricia Cornwell,1,9789024540099,2000,Luitingh-Sijthoff,Fiction | Policier et mystère,0,DOMINANT_AUTHORS,KEEP_TRANSLATION,Édition ou traduction néerlandaise validée lors de la revue éditoriale NL.
/books/OL24764568M,Het front,,Patricia Cornwell,1,9789046305461,2009,Stichting Uitgeverij XL,Fiction | Policier et mystère | Thriller,0,DOMINANT_AUTHORS,KEEP_TRANSLATION,Édition ou traduction néerlandaise validée lors de la revue éditoriale NL.
/books/OL18430142M,Het Kains teken.,,Patricia Cornwell,1,9789024519491,2000,Poema Pocket,Fiction | Policier et mystère,0,DOMINANT_AUTHORS,KEEP_TRANSLATION,Édition ou traduction néerlandaise validée lors de la revue éditoriale NL.
/books/OL37738261M,Het risico,,Patricia Cornwell,1,9789024555581,2006,Sijthoff,Fiction | Policier et mystère,0,DOMINANT_AUTHORS,KEEP_TRANSLATION,Édition ou traduction néerlandaise validée lors de la revue éditoriale NL.
/books/OL32811017M,Onnatuurlijke dood,,Patricia Cornwell,1,9789024534005,1999,Poema Pocket,Fiction | Histoire | Policier et mystère,0,DOMINANT_AUTHORS,KEEP_TRANSLATION,Édition ou traduction néerlandaise validée lors de la revue éditoriale NL.
/books/OL24765551M,Rigor mortis,,Patricia Cornwell,1,9789021801483,2008,Sijthoff,Fiction | Policier et mystère,0,DOMINANT_AUTHORS,KEEP_TRANSLATION,Édition ou traduction néerlandaise validée lors de la revue éditoriale NL.
/books/OL24765549M,Roofdier,,Patricia Cornwell,1,9789046303177,2007,Stichting Uitgeverij XL,Fiction | Policier et mystère | Thriller,0,DOMINANT_AUTHORS,KEEP_TRANSLATION,Édition ou traduction néerlandaise validée lors de la revue éditoriale NL.
/books/OL35333360M,Scarpetta,,Patricia Cornwell,1,9789021042923,2010,Poema Pocket,Fiction,0,DOMINANT_AUTHORS,KEEP_TRANSLATION,Édition ou traduction néerlandaise validée lors de la revue éditoriale NL.
/books/OL45825423M,Griekenland (Met het oog op),,Philip Steele,1,9789054954767,2002,Ars Scribendi,Histoire | Jeunesse,0,DOMINANT_AUTHORS,KEEP_TRANSLATION,Édition ou traduction néerlandaise validée lors de la revue éditoriale NL.
/books/OL35329661M,Het Midden-Oosten,,Philip Steele,1,9789025742195,2007,Gottmer,Histoire | Jeunesse | Politique | Religion | Économie et entreprise,0,DOMINANT_AUTHORS,KEEP_TRANSLATION,Édition ou traduction néerlandaise validée lors de la revue éditoriale NL.
/books/OL32770387M,Ridders & kastelen,,Philip Steele,1,9789054616078,2008,Baeckens Books,Jeunesse,0,DOMINANT_AUTHORS,KEEP_TRANSLATION,Édition ou traduction néerlandaise validée lors de la revue éditoriale NL.
/books/OL47830245M,De Geïllustreerde Man,,Ray Bradbury,1,9789028304802,1976,Born,Fiction | Science-fiction,0,DOMINANT_AUTHORS,KEEP_TRANSLATION,Édition ou traduction néerlandaise validée lors de la revue éditoriale NL.
/books/OL32852063M,De gouden appels van de zon,,Ray Bradbury,1,9789010031372,1980,Elsevier,Science-fiction,0,DOMINANT_AUTHORS,KEEP_TRANSLATION,Édition ou traduction néerlandaise validée lors de la revue éditoriale NL.
/books/OL26437277M,Fahrenheit 451,,Ray Bradbury,1,9789048839964,2017,Lebowski,Fiction | Science-fiction | Théâtre | Éducation,0,DOMINANT_AUTHORS,KEEP_TRANSLATION,Édition ou traduction néerlandaise validée lors de la revue éditoriale NL.
/books/OL27098692M,De hamer van Thor,,Rick Riordan,1,9789000345472,2017,UNIEBOEK | HET SPECTRUM,Fantasy | Fiction,0,DOMINANT_AUTHORS,KEEP_TRANSLATION,Édition ou traduction néerlandaise validée lors de la revue éditoriale NL.
/books/OL42477955M,De verloren held,,Rick Riordan,1,9789022562857,2012,Boekerij,Fantasy | Fiction | Jeunes adultes,0,DOMINANT_AUTHORS,KEEP_TRANSLATION,Édition ou traduction néerlandaise validée lors de la revue éditoriale NL.
/books/OL39820044M,Het bloed van Olympus,,Rick Riordan,1,9789000343041,2014,Boekerij Young,Fiction,0,DOMINANT_AUTHORS,KEEP_TRANSLATION,Édition ou traduction néerlandaise validée lors de la revue éditoriale NL.
/books/OL27098695M,Het Schip der Doden,,Rick Riordan,1,9789000345496,2018,Van Goor,Fiction,0,DOMINANT_AUTHORS,KEEP_TRANSLATION,Édition ou traduction néerlandaise validée lors de la revue éditoriale NL.
/books/OL27098687M,Het verdoemde zwaard,,Rick Riordan,1,9789000344789,2016,Van Goor,Fantasy | Fiction | Jeunes adultes | Jeunesse,0,DOMINANT_AUTHORS,KEEP_TRANSLATION,Édition ou traduction néerlandaise validée lors de la revue éditoriale NL.
/books/OL47778889M,De nachtmerrie gaat door (Fear street),,Robert Lawrence Stine,1,9789044926866,1997,"Bruna Uitgevers, A.W.",Fiction,0,DOMINANT_AUTHORS,KEEP_TRANSLATION,Édition ou traduction néerlandaise validée lors de la revue éditoriale NL.
/books/OL35340150M,Grafgeesten,,Robert Lawrence Stine,1,9789020623680,2005,Kluitman,Fiction,0,DOMINANT_AUTHORS,KEEP_TRANSLATION,Édition ou traduction néerlandaise validée lors de la revue éditoriale NL.
/books/OL35338753M,Vergeet me niet!,,Robert Lawrence Stine,1,9789060568484,2001,De Eekhoorn,Fiction,0,DOMINANT_AUTHORS,KEEP_TRANSLATION,Édition ou traduction néerlandaise validée lors de la revue éditoriale NL.
/books/OL27098711M,De vloek van de Titaan,De graphic novel,Robert Venditti | Rick Riordan,2,9789000360635,2019,Van Goor,BD et romans graphiques | Fantasy | Fiction,0,DOMINANT_AUTHORS,KEEP_TRANSLATION,Édition ou traduction néerlandaise validée lors de la revue éditoriale NL.
/books/OL32844737M,De schelpenzoekers,,Rosamunde Pilcher,1,9789041000132,1996,Van Reemst,Fiction,0,DOMINANT_AUTHORS,KEEP_TRANSLATION,Édition ou traduction néerlandaise validée lors de la revue éditoriale NL.
/books/OL35330097M,Spiegelbeeld,roman,Rosamunde Pilcher,1,9789041003904,1999,Van Reemst,Fiction,0,DOMINANT_AUTHORS,KEEP_TRANSLATION,Édition ou traduction néerlandaise validée lors de la revue éditoriale NL.
/books/OL31953608M,Een mooie nazomer,roman,Rosamunde Pilcher | Claudia Preuschoft,2,9789041007278,1998,Van Reemst,Fiction,0,DOMINANT_AUTHORS,KEEP_TRANSLATION,Édition ou traduction néerlandaise validée lors de la revue éditoriale NL.
/books/OL32378741M,De fruitplukker,,Ruth Rendell,1,9789022993668,2007,Bruna,Fiction | Policier et mystère,0,DOMINANT_AUTHORS,KEEP_TRANSLATION,Édition ou traduction néerlandaise validée lors de la revue éditoriale NL.
/books/OL32348537M,Dubbelleven,,Ruth Rendell,1,9789022987667,2003,Bruna,Fiction | Policier et mystère | Thriller,0,DOMINANT_AUTHORS,KEEP_TRANSLATION,Édition ou traduction néerlandaise validée lors de la revue éditoriale NL.
/books/OL24650676M,Het bruidsmeisje,,Ruth Rendell,1,9789044981032,2008,Bruna,Fiction,0,DOMINANT_AUTHORS,KEEP_TRANSLATION,Édition ou traduction néerlandaise validée lors de la revue éditoriale NL.
/books/OL20847052M,Ruth Rendel Omnibus,De prinses; Obsessie; De raven,Ruth Rendell,1,9789027447685,1996,Het Spectrum,,0,DOMINANT_AUTHORS,KEEP_TRANSLATION,Édition ou traduction néerlandaise validée lors de la revue éditoriale NL.
/books/OL32357708M,Wie kwaad doet en andere verhalen,,Ruth Rendell,1,9789058310774,2001,Muntinga,Fiction | Policier et mystère,0,DOMINANT_AUTHORS,KEEP_TRANSLATION,Édition ou traduction néerlandaise validée lors de la revue éditoriale NL.
/books/OL60565017M,Crown of Midnight,,Sarah J. Maas,1,9789049206284,2025,Boekerij,Fantasy | Fiction | Romance,0,DOMINANT_AUTHORS,REPLACE,"Notice à remplacer : langue étrangère, doublon non retenu, série institutionnelle inadéquate ou qualité bibliographique insuffisante pour le socle NL."
/books/OL28296175M,De glazen troon,,Sarah J. Maas,1,9789022570036,2014,Meulenhoff Boekerij,Fantasy | Fiction | Jeunes adultes,0,DOMINANT_AUTHORS,KEEP_TRANSLATION,Édition ou traduction néerlandaise validée lors de la revue éditoriale NL.
/books/OL47306670M,Hof van vleugels en verwoesting,,Sarah J. Maas,1,9789000375165,2021,Unieboek | Het Spectrum,Fantasy | Fiction,0,DOMINANT_AUTHORS,KEEP_TRANSLATION,Édition ou traduction néerlandaise validée lors de la revue éditoriale NL.
/books/OL61069239M,Koningin van de schaduw,,Sarah J. Maas,1,9789049206307,2025,Boekerij,Fantasy | Fiction | Romance,0,DOMINANT_AUTHORS,KEEP_TRANSLATION,Édition ou traduction néerlandaise validée lors de la revue éditoriale NL.
/books/OL42075698M,De Strijd des Levens,,Shahid Akram | Charles Dickens | Edward Stirling,3,,2010,LibriVox,Fiction,0,DOMINANT_AUTHORS,KEEP_TRANSLATION,Édition ou traduction néerlandaise validée lors de la revue éditoriale NL.
/books/OL24354104M,Achtbaan,,Stephen King,1,9789024539789,2000,Luitingh - Sijthoff,,0,DOMINANT_AUTHORS,KEEP_TRANSLATION,Édition ou traduction néerlandaise validée lors de la revue éditoriale NL.
/books/OL27765425M,DE DONKERE TOREN VI,Een lied van Susannah,Stephen King,1,9789024546282,2004,Luitingh,Fiction,0,DOMINANT_AUTHORS,KEEP_TRANSLATION,Édition ou traduction néerlandaise validée lors de la revue éditoriale NL.
/books/OL60473832M,De vervloeking,Een man valt plotseling af met dodelijke snelheid...,Stephen King,1,9789024578221,2017,Luitingh-Sijthoff,Fiction,0,DOMINANT_AUTHORS,KEEP_TRANSLATION,Édition ou traduction néerlandaise validée lors de la revue éditoriale NL.
/books/OL32797529M,De wind door het sleutelgat,,Stephen King,1,9789024549719,2012,Luitingh-Sijthoff,Fiction | Science-fiction,0,DOMINANT_AUTHORS,KEEP_TRANSLATION,Édition ou traduction néerlandaise validée lors de la revue éditoriale NL.
/books/OL32780065M,Duma,,Stephen King,1,9789024528080,2008,Luitingh,Fiction | Policier et mystère | Sciences sociales,0,DOMINANT_AUTHORS,KEEP_TRANSLATION,Édition ou traduction néerlandaise validée lors de la revue éditoriale NL.
/books/OL32829410M,Tweeduister,,Stephen King,1,9789078432012,2006,Wegener Dagbladen,Fiction,0,DOMINANT_AUTHORS,KEEP_TRANSLATION,Édition ou traduction néerlandaise validée lors de la revue éditoriale NL.
/books/OL34009201M,Vlucht naar de top,,Stephen King,1,9789024536979,2001,Poema Pocket,Fiction | Science-fiction,0,DOMINANT_AUTHORS,KEEP_TRANSLATION,Édition ou traduction néerlandaise validée lors de la revue éditoriale NL.
/books/OL46986537M,Werk in uitvoering,,Stephen King,1,9789024515448,1988,Uitgeverij Luitingh,Fiction,0,DOMINANT_AUTHORS,KEEP_TRANSLATION,Édition ou traduction néerlandaise validée lors de la revue éditoriale NL.
/books/OL61502645M,De Mefisto Club,,Tess Gerritsen,1,9789044330885,2011,The House of Books,Fiction | Policier et mystère | Thriller,0,DOMINANT_AUTHORS,KEEP_TRANSLATION,Édition ou traduction néerlandaise validée lors de la revue éditoriale NL.
/books/OL61454308M,De zondares,Gij zult niet doden...,Tess Gerritsen,1,9789044330922,2011,The House of Books B.V.,Fiction | Policier et mystère | Thriller,0,DOMINANT_AUTHORS,KEEP_TRANSLATION,Édition ou traduction néerlandaise validée lors de la revue éditoriale NL.
/books/OL61454320M,Verdwijn,Zij krijgt de schrik van haar leven...,Tess Gerritsen,1,9789044330892,2011,The House of Books,Fiction | Policier et mystère | Thriller,0,DOMINANT_AUTHORS,KEEP_TRANSLATION,Édition ou traduction néerlandaise validée lors de la revue éditoriale NL.
/books/OL61454340M,Zustermoord,Zij lijkt precies op mij...,Tess Gerritsen,1,9789044330908,2011,The House of Books,Fiction | Thriller,0,DOMINANT_AUTHORS,KEEP_TRANSLATION,Édition ou traduction néerlandaise validée lors de la revue éditoriale NL.
/books/OL61502553M,Freaks,een zenderend spannend kort verhaal,Tess Gerritsen | Alyssa Bresnahan | Carolyn McCormick,3,9789044334005,2011,The House of Books,Fiction,0,DOMINANT_AUTHORS,KEEP_TRANSLATION,Édition ou traduction néerlandaise validée lors de la revue éditoriale NL.
/books/OL47217583M,De chirurg,,Tess Gerritsen | Christine Marshall,2,9789044325256,2009,The House of Books,Fiction | Policier et mystère | Thriller,0,DOMINANT_AUTHORS,KEEP_TRANSLATION,Édition ou traduction néerlandaise validée lors de la revue éditoriale NL.
/books/OL17425289M,De jungle,,Upton Sinclair,1,,1983,Wereldvenster,BD et romans graphiques | Fiction | Histoire | Politique | Sciences sociales,0,DOMINANT_AUTHORS,KEEP_TRANSLATION,Édition ou traduction néerlandaise validée lors de la revue éditoriale NL.
/books/OL17392427M,Het gezond verstand ben IK,"de geschiedenis van Ford autokonig, idealist en werkgever",Upton Sinclair,1,,1938,W. L. & J. Brusse,Biographie | Fiction | Histoire,0,DOMINANT_AUTHORS,KEEP_TRANSLATION,Édition ou traduction néerlandaise validée lors de la revue éditoriale NL.
/books/OL17340374M,Romeinsch Amerika,,Upton Sinclair,1,,1931,N. V. de Arbeiderspers,,0,DOMINANT_AUTHORS,KEEP_TRANSLATION,Édition ou traduction néerlandaise validée lors de la revue éditoriale NL.
/books/OL22340805M,Wie wind zaait,roman,Upton Sinclair,1,,1950,Servire,Fiction,0,DOMINANT_AUTHORS,KEEP_TRANSLATION,Édition ou traduction néerlandaise validée lors de la revue éditoriale NL.
/books/OL24957160M,Als er Doornen zijn,,V.C. Andrews,1,9789032502768,1982,De Kern,Fiction,0,DOMINANT_AUTHORS,KEEP_TRANSLATION,Édition ou traduction néerlandaise validée lors de la revue éditoriale NL.
/books/OL45815419M,Celeste,,V.C. Andrews,1,9789032510381,2005,de Kern,Fiction,0,DOMINANT_AUTHORS,KEEP_TRANSLATION,Édition ou traduction néerlandaise validée lors de la revue éditoriale NL.
/books/OL47859064M,De Casteel-serie,De droom van een engel,V.C. Andrews,1,9789024561513,2006,Poema Pocket,Fiction,0,DOMINANT_AUTHORS,KEEP_TRANSLATION,Édition ou traduction néerlandaise validée lors de la revue éditoriale NL.
/books/OL27296285M,de Duistere Engel,,V.C. Andrews,1,9789032502904,1987,De Kern,Fiction,0,DOMINANT_AUTHORS,KEEP_TRANSLATION,Édition ou traduction néerlandaise validée lors de la revue éditoriale NL.
/books/OL50213503M,De geheimen van Heavenstone,,V.C. Andrews,1,9789032511906,2010,De Kern,Fiction,0,DOMINANT_AUTHORS,KEEP_TRANSLATION,Édition ou traduction néerlandaise validée lors de la revue éditoriale NL.
/books/OL35615828M,Delia's gave,,V.C. Andrews,1,9789032512057,2010,De Kern,Fiction,0,DOMINANT_AUTHORS,KEEP_TRANSLATION,Édition ou traduction néerlandaise validée lors de la revue éditoriale NL.
/books/OL32986044M,Delia's geluk,,V.C. Andrews,1,9789032512040,2009,De Kern,Fiction,0,DOMINANT_AUTHORS,KEEP_TRANSLATION,Édition ou traduction néerlandaise validée lors de la revue éditoriale NL.
/books/OL50213509M,Diep in het woud,,V.C. Andrews,1,9789032509156,2004,De Kern,Fiction,0,DOMINANT_AUTHORS,KEEP_TRANSLATION,Édition ou traduction néerlandaise validée lors de la revue éditoriale NL.
/books/OL32366820M,Dochter van de duisternis,,V.C. Andrews,1,9789032511937,2011,De Kern,Fiction,0,DOMINANT_AUTHORS,KEEP_TRANSLATION,Édition ou traduction néerlandaise validée lors de la revue éditoriale NL.
/books/OL47845848M,Gebroken vleugels,,V.C. Andrews,1,9789032509491,2005,De Kern,Fiction,0,DOMINANT_AUTHORS,KEEP_TRANSLATION,Édition ou traduction néerlandaise validée lors de la revue éditoriale NL.
/books/OL32804225M,Gefluister in de nacht,,V.C. Andrews,1,9789032510954,2007,De Kern,Fiction | Romance,0,DOMINANT_AUTHORS,KEEP_TRANSLATION,Édition ou traduction néerlandaise validée lors de la revue éditoriale NL.
/books/OL32362100M,Hemel zonder Engelen,,V.C. Andrews,1,9789032502645,1985,De Kern,Fiction,0,DOMINANT_AUTHORS,KEEP_TRANSLATION,Édition ou traduction néerlandaise validée lors de la revue éditoriale NL.
/books/OL47836583M,Het Geheim,,V.C. Andrews,1,9789032510923,2007,De Kern,Fiction | Thriller,0,DOMINANT_AUTHORS,KEEP_TRANSLATION,Édition ou traduction néerlandaise validée lors de la revue éditoriale NL.
/books/OL32360500M,Het zaad van gisteren,,V.C. Andrews,1,9789044924824,1995,Zwarte Beertjes,Fiction,0,DOMINANT_AUTHORS,KEEP_TRANSLATION,Édition ou traduction néerlandaise validée lors de la revue éditoriale NL.
/books/OL36693260M,Ice,,V.C. Andrews,1,9789032508388,2002,De Kern,Fiction,0,DOMINANT_AUTHORS,KEEP_TRANSLATION,Édition ou traduction néerlandaise validée lors de la revue éditoriale NL.
/books/OL34260711M,M'n lieve Audrina,,V.C. Andrews,1,9789032501907,1983,De Kern,Fiction,0,DOMINANT_AUTHORS,KEEP_TRANSLATION,Édition ou traduction néerlandaise validée lors de la revue éditoriale NL.
/books/OL35328384M,Melody,Onvoltooide symfonie,V.C. Andrews,1,9789032506513,1998,De Kern,Fiction,0,DOMINANT_AUTHORS,KEEP_TRANSLATION,Édition ou traduction néerlandaise validée lors de la revue éditoriale NL.
/books/OL33018143M,Middernachtmuziek,,V.C. Andrews,1,9789032511005,2009,De Kern,Fiction,0,DOMINANT_AUTHORS,KEEP_TRANSLATION,Édition ou traduction néerlandaise validée lors de la revue éditoriale NL.
/books/OL38244822M,Mysteries van de morgen,,V.C. Andrews,1,9789032510930,2007,De Kern,Fiction | Thriller,0,DOMINANT_AUTHORS,KEEP_TRANSLATION,Édition ou traduction néerlandaise validée lors de la revue éditoriale NL.
/books/OL37782545M,Schaduwen in de tuin,,V.C. Andrews,1,9789032502997,1987,De Kern,Fiction,0,DOMINANT_AUTHORS,KEEP_TRANSLATION,Édition ou traduction néerlandaise validée lors de la revue éditoriale NL.
/books/OL49357623M,Verstilde stemmen,,V.C. Andrews,1,9789032511012,2009,De Kern,Fiction,0,DOMINANT_AUTHORS,KEEP_TRANSLATION,Édition ou traduction néerlandaise validée lors de la revue éditoriale NL.
/books/OL47831726M,Verwrongen wortels,,V.C. Andrews,1,9789032509149,2004,de Kern,Fiction | Théâtre,0,DOMINANT_AUTHORS,KEEP_TRANSLATION,Édition ou traduction néerlandaise validée lors de la revue éditoriale NL.
/books/OL50213506M,Zwart is de nacht,,V.C. Andrews,1,9789032510961,2007,De Kern,Fiction,0,DOMINANT_AUTHORS,KEEP_TRANSLATION,Édition ou traduction néerlandaise validée lors de la revue éditoriale NL.
/books/OL35658504M,Zwarte kat,,V.C. Andrews,1,9789032510398,2006,De Kern,Fiction,0,DOMINANT_AUTHORS,KEEP_TRANSLATION,Édition ou traduction néerlandaise validée lors de la revue éditoriale NL.
/books/OL38226768M,Divergent 1 Inwijding,,Veronica Roth,1,9789000346288,2015,Van Goor,Fiction | Jeunes adultes | Jeunesse | Romance | Science-fiction,0,DOMINANT_AUTHORS,KEEP_TRANSLATION,Édition ou traduction néerlandaise validée lors de la revue éditoriale NL.
/books/OL40269277M,Opstand,,Veronica Roth,1,9789000314508,,,Fiction | Jeunes adultes | Romance | Science-fiction,0,DOMINANT_AUTHORS,KEEP_TRANSLATION,Édition ou traduction néerlandaise validée lors de la revue éditoriale NL.
/books/OL27097133M,Samensmelting: haar keuze bepaalt alles,,Veronica Roth,1,9789000334797,2014,van Goor,Fiction | Jeunes adultes | Science-fiction,0,DOMINANT_AUTHORS,KEEP_TRANSLATION,Édition ou traduction néerlandaise validée lors de la revue éditoriale NL.
/books/OL42087177M,De Gevaren van Sommige Engelse Gevangenen,,Wilkie Collins | Charles Dickens,2,,2011,LibriVox,Fiction,0,DOMINANT_AUTHORS,KEEP_TRANSLATION,Édition ou traduction néerlandaise validée lors de la revue éditoriale NL.
/books/OL59770154M,Au pair,,Willem Frederik Hermans,1,9789023467069,2011,De Bezige Bij,,0,DOMINANT_AUTHORS,KEEP_CORE,Socle néerlandophone validé lors de la revue éditoriale NL.
/books/OL16795405M,Herinneringen van een engelbewaarder,de wolk van niet weten,Willem Frederik Hermans,1,9789023403753,1971,De Bezige Bij,,0,DOMINANT_AUTHORS,KEEP_CORE,Socle néerlandophone validé lors de la revue éditoriale NL.
/books/OL59710158M,Nooit meer slapen,,Willem Frederik Hermans,1,9789023449546,2009,De Bezige Bij,Fiction,0,DOMINANT_AUTHORS,KEEP_CORE,Socle néerlandophone validé lors de la revue éditoriale NL.
/books/OL12846439M,Die Philosophie in Ihren Disziplinen,"Eine Einfuhrung (Bochumer Studien Zur Philosophie, 35)",[name missing],1,9789060323649,2002,Br Gruner Pub Co,Philosophie,0,FIRST_PASS,REPLACE,"Notice à remplacer : langue étrangère, doublon non retenu, série institutionnelle inadéquate ou qualité bibliographique insuffisante pour le socle NL."
/books/OL24158819M,Antirevolutionaire staatkunde,met nadere toelichting op Ons program,Abraham Kuyper,1,,1916,J.H. Kok,Politique,3,FIRST_PASS,KEEP_CORE,Socle néerlandophone validé lors de la revue éditoriale NL.
/books/OL24596785M,Antirevolutionaire staatkunde,met nadere toelichting op ons program,Abraham Kuyper,1,,1916,J.H. Kok,Politique,3,FIRST_PASS,REPLACE,"Notice à remplacer : langue étrangère, doublon non retenu, série institutionnelle inadéquate ou qualité bibliographique insuffisante pour le socle NL."
/books/OL24773152M,Antirevolutionaire staatkunde,met nadere toelichting op ons program,Abraham Kuyper,1,,1916,J.H. Kok,Politique,3,FIRST_PASS,REPLACE,"Notice à remplacer : langue étrangère, doublon non retenu, série institutionnelle inadéquate ou qualité bibliographique insuffisante pour le socle NL."
/books/OL25502838M,Verhandelingen,,"Akademie van Wetenschappen, Amsterdam. Afdeeling voor de Wis- en Natuurkundige Wetenschappen",1,,,,Sciences,20,FIRST_PASS,REPLACE,"Notice à remplacer : langue étrangère, doublon non retenu, série institutionnelle inadéquate ou qualité bibliographique insuffisante pour le socle NL."
/books/OL25502839M,Verhandelingen,,"Akademie van Wetenschappen, Amsterdam. Afdeeling voor de Wis- en Natuurkundige Wetenschappen",1,,,,Sciences,20,FIRST_PASS,REPLACE,"Notice à remplacer : langue étrangère, doublon non retenu, série institutionnelle inadéquate ou qualité bibliographique insuffisante pour le socle NL."
/books/OL25502840M,Verhandelingen,,"Akademie van Wetenschappen, Amsterdam. Afdeeling voor de Wis- en Natuurkundige Wetenschappen",1,,,,Sciences,20,FIRST_PASS,REPLACE,"Notice à remplacer : langue étrangère, doublon non retenu, série institutionnelle inadéquate ou qualité bibliographique insuffisante pour le socle NL."
/books/OL25502843M,Verhandelingen,,"Akademie van Wetenschappen, Amsterdam. Afdeeling voor de Wis- en Natuurkundige Wetenschappen",1,,,,Sciences,20,FIRST_PASS,REPLACE,"Notice à remplacer : langue étrangère, doublon non retenu, série institutionnelle inadéquate ou qualité bibliographique insuffisante pour le socle NL."
/books/OL25502845M,Verhandelingen,,"Akademie van Wetenschappen, Amsterdam. Afdeeling voor de Wis- en Natuurkundige Wetenschappen",1,,,,Sciences,20,FIRST_PASS,REPLACE,"Notice à remplacer : langue étrangère, doublon non retenu, série institutionnelle inadéquate ou qualité bibliographique insuffisante pour le socle NL."
/books/OL25502849M,Verhandelingen,,"Akademie van Wetenschappen, Amsterdam. Afdeeling voor de Wis- en Natuurkundige Wetenschappen",1,,,,Sciences,20,FIRST_PASS,REPLACE,"Notice à remplacer : langue étrangère, doublon non retenu, série institutionnelle inadéquate ou qualité bibliographique insuffisante pour le socle NL."
/books/OL25502850M,Verhandelingen,,"Akademie van Wetenschappen, Amsterdam. Afdeeling voor de Wis- en Natuurkundige Wetenschappen",1,,,,Sciences,20,FIRST_PASS,REPLACE,"Notice à remplacer : langue étrangère, doublon non retenu, série institutionnelle inadéquate ou qualité bibliographique insuffisante pour le socle NL."
/books/OL25502855M,Verhandelingen,,"Akademie van Wetenschappen, Amsterdam. Afdeeling voor de Wis- en Natuurkundige Wetenschappen",1,,,,Sciences,20,FIRST_PASS,REPLACE,"Notice à remplacer : langue étrangère, doublon non retenu, série institutionnelle inadéquate ou qualité bibliographique insuffisante pour le socle NL."
/books/OL25502858M,Verhandelingen,,"Akademie van Wetenschappen, Amsterdam. Afdeeling voor de Wis- en Natuurkundige Wetenschappen",1,,,,Sciences,20,FIRST_PASS,REPLACE,"Notice à remplacer : langue étrangère, doublon non retenu, série institutionnelle inadéquate ou qualité bibliographique insuffisante pour le socle NL."
/books/OL25502859M,Verhandelingen,,"Akademie van Wetenschappen, Amsterdam. Afdeeling voor de Wis- en Natuurkundige Wetenschappen",1,,,,Sciences,20,FIRST_PASS,REPLACE,"Notice à remplacer : langue étrangère, doublon non retenu, série institutionnelle inadéquate ou qualité bibliographique insuffisante pour le socle NL."
/books/OL25502861M,Verhandelingen,,"Akademie van Wetenschappen, Amsterdam. Afdeeling voor de Wis- en Natuurkundige Wetenschappen",1,,,,Sciences,20,FIRST_PASS,REPLACE,"Notice à remplacer : langue étrangère, doublon non retenu, série institutionnelle inadéquate ou qualité bibliographique insuffisante pour le socle NL."
/books/OL25502862M,Verhandelingen,,"Akademie van Wetenschappen, Amsterdam. Afdeeling voor de Wis- en Natuurkundige Wetenschappen",1,,,,Sciences,20,FIRST_PASS,REPLACE,"Notice à remplacer : langue étrangère, doublon non retenu, série institutionnelle inadéquate ou qualité bibliographique insuffisante pour le socle NL."
/books/OL25502865M,Verhandelingen,,"Akademie van Wetenschappen, Amsterdam. Afdeeling voor de Wis- en Natuurkundige Wetenschappen",1,,,,Sciences,20,FIRST_PASS,REPLACE,"Notice à remplacer : langue étrangère, doublon non retenu, série institutionnelle inadéquate ou qualité bibliographique insuffisante pour le socle NL."
/books/OL25502866M,Verhandelingen,,"Akademie van Wetenschappen, Amsterdam. Afdeeling voor de Wis- en Natuurkundige Wetenschappen",1,,,,Sciences,20,FIRST_PASS,REPLACE,"Notice à remplacer : langue étrangère, doublon non retenu, série institutionnelle inadéquate ou qualité bibliographique insuffisante pour le socle NL."
/books/OL25502870M,Verhandelingen,,"Akademie van Wetenschappen, Amsterdam. Afdeeling voor de Wis- en Natuurkundige Wetenschappen",1,,,,Sciences,20,FIRST_PASS,REPLACE,"Notice à remplacer : langue étrangère, doublon non retenu, série institutionnelle inadéquate ou qualité bibliographique insuffisante pour le socle NL."
/books/OL25502872M,Verhandelingen,,"Akademie van Wetenschappen, Amsterdam. Afdeeling voor de Wis- en Natuurkundige Wetenschappen",1,,,,Sciences,20,FIRST_PASS,REPLACE,"Notice à remplacer : langue étrangère, doublon non retenu, série institutionnelle inadéquate ou qualité bibliographique insuffisante pour le socle NL."
/books/OL25502877M,Verhandelingen,,"Akademie van Wetenschappen, Amsterdam. Afdeeling voor de Wis- en Natuurkundige Wetenschappen",1,,,,Sciences,20,FIRST_PASS,REPLACE,"Notice à remplacer : langue étrangère, doublon non retenu, série institutionnelle inadéquate ou qualité bibliographique insuffisante pour le socle NL."
/books/OL25502881M,Verhandelingen,,"Akademie van Wetenschappen, Amsterdam. Afdeeling voor de Wis- en Natuurkundige Wetenschappen",1,,,,Sciences,20,FIRST_PASS,REPLACE,"Notice à remplacer : langue étrangère, doublon non retenu, série institutionnelle inadéquate ou qualité bibliographique insuffisante pour le socle NL."
/books/OL25502885M,Verhandelingen,,"Akademie van Wetenschappen, Amsterdam. Afdeeling voor de Wis- en Natuurkundige Wetenschappen",1,,,,Sciences,20,FIRST_PASS,REPLACE,"Notice à remplacer : langue étrangère, doublon non retenu, série institutionnelle inadéquate ou qualité bibliographique insuffisante pour le socle NL."
/books/OL25478314M,Verslag van de gewone vergaderingen,,"Akademie van Wetenschappen, Amsterdam. Afdeeling voor de Wis- en Natuurkundige Wetenschappen",1,,,,Sciences,21,FIRST_PASS,REPLACE,"Notice à remplacer : langue étrangère, doublon non retenu, série institutionnelle inadéquate ou qualité bibliographique insuffisante pour le socle NL."
/books/OL25478318M,Verslag van de gewone vergaderingen,,"Akademie van Wetenschappen, Amsterdam. Afdeeling voor de Wis- en Natuurkundige Wetenschappen",1,,,,Sciences,21,FIRST_PASS,REPLACE,"Notice à remplacer : langue étrangère, doublon non retenu, série institutionnelle inadéquate ou qualité bibliographique insuffisante pour le socle NL."
/books/OL25478324M,Verslag van de gewone vergaderingen,,"Akademie van Wetenschappen, Amsterdam. Afdeeling voor de Wis- en Natuurkundige Wetenschappen",1,,,,Sciences,21,FIRST_PASS,REPLACE,"Notice à remplacer : langue étrangère, doublon non retenu, série institutionnelle inadéquate ou qualité bibliographique insuffisante pour le socle NL."
/books/OL25478328M,Verslag van de gewone vergaderingen,,"Akademie van Wetenschappen, Amsterdam. Afdeeling voor de Wis- en Natuurkundige Wetenschappen",1,,,,Sciences,21,FIRST_PASS,REPLACE,"Notice à remplacer : langue étrangère, doublon non retenu, série institutionnelle inadéquate ou qualité bibliographique insuffisante pour le socle NL."
/books/OL25478334M,Verslag van de gewone vergaderingen,,"Akademie van Wetenschappen, Amsterdam. Afdeeling voor de Wis- en Natuurkundige Wetenschappen",1,,,,Sciences,21,FIRST_PASS,REPLACE,"Notice à remplacer : langue étrangère, doublon non retenu, série institutionnelle inadéquate ou qualité bibliographique insuffisante pour le socle NL."
/books/OL25478433M,Verslag van de gewone vergaderingen,,"Akademie van Wetenschappen, Amsterdam. Afdeeling voor de Wis- en Natuurkundige Wetenschappen",1,,,,Sciences,21,FIRST_PASS,REPLACE,"Notice à remplacer : langue étrangère, doublon non retenu, série institutionnelle inadéquate ou qualité bibliographique insuffisante pour le socle NL."
/books/OL25478435M,Verslag van de gewone vergaderingen,,"Akademie van Wetenschappen, Amsterdam. Afdeeling voor de Wis- en Natuurkundige Wetenschappen",1,,,,Sciences,21,FIRST_PASS,REPLACE,"Notice à remplacer : langue étrangère, doublon non retenu, série institutionnelle inadéquate ou qualité bibliographique insuffisante pour le socle NL."
/books/OL25478436M,Verslag van de gewone vergaderingen,,"Akademie van Wetenschappen, Amsterdam. Afdeeling voor de Wis- en Natuurkundige Wetenschappen",1,,,,Sciences,21,FIRST_PASS,REPLACE,"Notice à remplacer : langue étrangère, doublon non retenu, série institutionnelle inadéquate ou qualité bibliographique insuffisante pour le socle NL."
/books/OL25478437M,Verslag van de gewone vergaderingen,,"Akademie van Wetenschappen, Amsterdam. Afdeeling voor de Wis- en Natuurkundige Wetenschappen",1,,,,Sciences,21,FIRST_PASS,REPLACE,"Notice à remplacer : langue étrangère, doublon non retenu, série institutionnelle inadéquate ou qualité bibliographique insuffisante pour le socle NL."
/books/OL25478441M,Verslag van de gewone vergaderingen,,"Akademie van Wetenschappen, Amsterdam. Afdeeling voor de Wis- en Natuurkundige Wetenschappen",1,,,,Sciences,21,FIRST_PASS,REPLACE,"Notice à remplacer : langue étrangère, doublon non retenu, série institutionnelle inadéquate ou qualité bibliographique insuffisante pour le socle NL."
/books/OL25478448M,Verslag van de gewone vergaderingen,,"Akademie van Wetenschappen, Amsterdam. Afdeeling voor de Wis- en Natuurkundige Wetenschappen",1,,,,Sciences,21,FIRST_PASS,REPLACE,"Notice à remplacer : langue étrangère, doublon non retenu, série institutionnelle inadéquate ou qualité bibliographique insuffisante pour le socle NL."
/books/OL25478450M,Verslag van de gewone vergaderingen,,"Akademie van Wetenschappen, Amsterdam. Afdeeling voor de Wis- en Natuurkundige Wetenschappen",1,,,,Sciences,21,FIRST_PASS,REPLACE,"Notice à remplacer : langue étrangère, doublon non retenu, série institutionnelle inadéquate ou qualité bibliographique insuffisante pour le socle NL."
/books/OL25502984M,Verslag van de gewone vergaderingen,,"Akademie van Wetenschappen, Amsterdam. Afdeeling voor de Wis- en Natuurkundige Wetenschappen",1,,,,Sciences,21,FIRST_PASS,REPLACE,"Notice à remplacer : langue étrangère, doublon non retenu, série institutionnelle inadéquate ou qualité bibliographique insuffisante pour le socle NL."
/books/OL25502993M,Verslag van de gewone vergaderingen,,"Akademie van Wetenschappen, Amsterdam. Afdeeling voor de Wis- en Natuurkundige Wetenschappen",1,,,,Sciences,21,FIRST_PASS,REPLACE,"Notice à remplacer : langue étrangère, doublon non retenu, série institutionnelle inadéquate ou qualité bibliographique insuffisante pour le socle NL."
/books/OL25502994M,Verslag van de gewone vergaderingen,,"Akademie van Wetenschappen, Amsterdam. Afdeeling voor de Wis- en Natuurkundige Wetenschappen",1,,,,Sciences,21,FIRST_PASS,REPLACE,"Notice à remplacer : langue étrangère, doublon non retenu, série institutionnelle inadéquate ou qualité bibliographique insuffisante pour le socle NL."
/books/OL25502999M,Verslag van de gewone vergaderingen,,"Akademie van Wetenschappen, Amsterdam. Afdeeling voor de Wis- en Natuurkundige Wetenschappen",1,,,,Sciences,21,FIRST_PASS,REPLACE,"Notice à remplacer : langue étrangère, doublon non retenu, série institutionnelle inadéquate ou qualité bibliographique insuffisante pour le socle NL."
/books/OL25503003M,Verslag van de gewone vergaderingen,,"Akademie van Wetenschappen, Amsterdam. Afdeeling voor de Wis- en Natuurkundige Wetenschappen",1,,,,Sciences,21,FIRST_PASS,REPLACE,"Notice à remplacer : langue étrangère, doublon non retenu, série institutionnelle inadéquate ou qualité bibliographique insuffisante pour le socle NL."
/books/OL25503005M,Verslag van de gewone vergaderingen,,"Akademie van Wetenschappen, Amsterdam. Afdeeling voor de Wis- en Natuurkundige Wetenschappen",1,,,,Sciences,21,FIRST_PASS,REPLACE,"Notice à remplacer : langue étrangère, doublon non retenu, série institutionnelle inadéquate ou qualité bibliographique insuffisante pour le socle NL."
/books/OL25503009M,Verslag van de gewone vergaderingen,,"Akademie van Wetenschappen, Amsterdam. Afdeeling voor de Wis- en Natuurkundige Wetenschappen",1,,,,Sciences,21,FIRST_PASS,REPLACE,"Notice à remplacer : langue étrangère, doublon non retenu, série institutionnelle inadéquate ou qualité bibliographique insuffisante pour le socle NL."
/books/OL25503011M,Verslag van de gewone vergaderingen,,"Akademie van Wetenschappen, Amsterdam. Afdeeling voor de Wis- en Natuurkundige Wetenschappen",1,,,,Sciences,21,FIRST_PASS,REPLACE,"Notice à remplacer : langue étrangère, doublon non retenu, série institutionnelle inadéquate ou qualité bibliographique insuffisante pour le socle NL."
/books/OL25503013M,Verslag van de gewone vergaderingen,,"Akademie van Wetenschappen, Amsterdam. Afdeeling voor de Wis- en Natuurkundige Wetenschappen",1,,,,Sciences,21,FIRST_PASS,REPLACE,"Notice à remplacer : langue étrangère, doublon non retenu, série institutionnelle inadéquate ou qualité bibliographique insuffisante pour le socle NL."
/books/OL28403649M,Transzendenz und Differenz,ein Beitrag zum Problem der ontologischen Differenz beim Frühen Heidegger,Alberto Rosales,1,,1970,Nijhoff,,0,FIRST_PASS,REPLACE,"Notice à remplacer : langue étrangère, doublon non retenu, série institutionnelle inadéquate ou qualité bibliographique insuffisante pour le socle NL."
/books/OL24456005M,Catalogus van boeken en tijdschriften der handels-economische bibliotheek,,Amsterdam. Openbare Leeszaal en Bibliotheek. Handels-Economische Bibliotheek,1,,1922,,Politique | Économie et entreprise,0,FIRST_PASS,KEEP_CORE,Socle néerlandophone validé lors de la revue éditoriale NL.
/books/OL35332778M,Ik schrijf ... verslagen,,Anita Ganeri,1,9789461751379,2014,"Corona, Ars Scribendi Uitgeverij",Jeunesse,0,FIRST_PASS,KEEP_TRANSLATION,Édition ou traduction néerlandaise validée lors de la revue éditoriale NL.
/books/OL21702571M,The strategy of culture,a view of the changes taking place in our ways of thinking and living today,C. A. van Peursen,1,9780720480245,1974,North-Holland Publishing Co. (etc.),Philosophie,0,FIRST_PASS,REPLACE,"Notice à remplacer : langue étrangère, doublon non retenu, série institutionnelle inadéquate ou qualité bibliographique insuffisante pour le socle NL."
/books/OL4952551M,Antieke Oosterse tapijten uit de Collectie Van Aardenne.,"[Tentoongesteld in het] Centraal Museum, Utrecht, 28--9/1--12--'68.","Centraal Museum (Utrecht, Netherlands)",1,,1968,,,0,FIRST_PASS,KEEP_CORE,Socle néerlandophone validé lors de la revue éditoriale NL.
/books/OL22064187M,Backstage,het Modemuseum = the Fashion Museum.,"Dirk Lauwaert | Judith Clarke | Sylvie Richoux | Kristiaan Borret | Agnes Goyvaerts | ModeMuseum (Antwerp, Belgium) | Valerie Steele | Claire Wilcox",8,9789055444236,2002,Ludion,Arts | Histoire,0,FIRST_PASS,REVIEW,"Notice conservée en revue : langue, édition, attribution, métadonnées, doublon ou nature documentaire restant à confirmer."
/books/OL42211397M,Fantasia,Terug in de tijd,Elisabetta Dami,1,9789085925309,2019,"Wakkere Muis, B.V. De",Fiction,2,FIRST_PASS,KEEP_TRANSLATION,Édition ou traduction néerlandaise validée lors de la revue éditoriale NL.
/books/OL42086277M,Een Huis te Huur,,"Elizabeth Cleghorn Gaskell | Adelaide Anne Proctor | Adelaide Anne Procter | Adelaide Ann Procter | Adelaide Procter | Dickens, Gaskell, and Procter, Collins | Adelaide Anne Adelaide Anne Procter | Procter, Collins, Dickens, Gaskell, and | Adelaide Anne Procter | Wilkie Collins | Charles Dickens | Collins | Procter | Gaskell",14,,2011,LibriVox,Policier et mystère,0,FIRST_PASS,REVIEW,"Notice conservée en revue : langue, édition, attribution, métadonnées, doublon ou nature documentaire restant à confirmer."
/books/OL50435058M,"Het tooneel van Italien, Geopend in de Historie van Florence",,Félix Fernández Murga | Félix Gilbert | Niccolò Machiavelli | Giovanni Battista Niccolini | Peter Whithorne,5,,1703,,Histoire | Politique,0,FIRST_PASS,REVIEW,"Notice conservée en revue : langue, édition, attribution, métadonnées, doublon ou nature documentaire restant à confirmer."
/books/OL17462887M,Edvard Munch,"tekeningen en aquarellen uit het Munch-museet, Oslo. Rotterdam, Museum Boymans-van Beuningen, 17 september - 1 november, 1970.",Gerd Woll | Carla Lathe | Reinhold Heller | Dieter Buchhart | Frank Hoifodt | Iris Müller-Westermann | Albrecht Schröder | Albertina Wien | Christoph Asendorf | Edvard Munch | Arne Eggum | Marian Bisanz-Prakken | Antonia Hoerschelmann,13,,1970,Gemeentedrukkerij],Arts | Biographie,0,FIRST_PASS,REVIEW,"Notice conservée en revue : langue, édition, attribution, métadonnées, doublon ou nature documentaire restant à confirmer."
/books/OL16569284M,De kern van de zaak = The heart of the matter,,Graham Greene,1,9789060195185,1974,Uitgeverij Contact,Fiction,0,FIRST_PASS,KEEP_TRANSLATION,Édition ou traduction néerlandaise validée lors de la revue éditoriale NL.
/books/OL12806009M,"Lering En Stichting Op Klein Formaat: Middelnederlandse Rijmteksten in Eenkolomsboekjes Van Perkament. Deel I Onderzoek, Deel Ii",Handschriften (Miscellanea Neerlandica),H. Kienhorst,1,9789042915916,2006,Peeters,,0,FIRST_PASS,KEEP_CORE,Socle néerlandophone validé lors de la revue éditoriale NL.
/books/OL21016474M,De piraat.,,Harold Robbins,1,9789024509188,1988,Uitgeverij Luitingh,,2,FIRST_PASS,KEEP_TRANSLATION,Édition ou traduction néerlandaise validée lors de la revue éditoriale NL.
/books/OL14769066M,Opera selecta,études de droit romain et d'histoire du droit = Studies in Roman law and legal history,Hendrik Richard Hoetink,1,9789062552740,1986,Terra Publ. Co.,Histoire,0,FIRST_PASS,REVIEW,"Notice conservée en revue : langue, édition, attribution, métadonnées, doublon ou nature documentaire restant à confirmer."
/books/OL4014262M,Henry Moore,"sculpturen, tekeningen = sculptures, drawings : 23-5-1999/15-8-1999, Openluchtmuseum voor Beeldhouwkunst Middelheim, Museum van Hedendaagse Kunst Antwerpen",Herbert Edward Read | J. Hedgecoe | David Sylvester | Alan Bowness | Henry Moore | Ann Garrould,6,9789072828071,1999,Stad Antwerpen,Arts | Biographie,0,FIRST_PASS,REVIEW,"Notice conservée en revue : langue, édition, attribution, métadonnées, doublon ou nature documentaire restant à confirmer."
/books/OL6982264M,Verhandelingen,,Hollandsche Maatschappij der Wetenschappen.,1,,1754,,Sciences,20,FIRST_PASS,REPLACE,"Notice à remplacer : langue étrangère, doublon non retenu, série institutionnelle inadéquate ou qualité bibliographique insuffisante pour le socle NL."
/books/OL60298567M,The religious philospher,"or, the right use of contemplating the works of the Creator ... Designed for the conviction of atheists and infidels ... throughout which, all the late discoveries in anatomy, philosophy, and astronomy ...",J. T. Desaguliers | John Chamberlayne | Bernard Nieuwentyt,3,,1724,Printed for Tho. Longman,Sciences,0,FIRST_PASS,REPLACE,"Notice à remplacer : langue étrangère, doublon non retenu, série institutionnelle inadéquate ou qualité bibliographique insuffisante pour le socle NL."
/books/OL19792320M,Robert Motherwell,,"Jack Glenn | Motherwell, Robert. | Flam | Dore Ashton | Robert Buck | Constance Glenn",6,,1966,Stedelijk Museum,Arts | Biographie | Histoire,0,FIRST_PASS,REVIEW,"Notice conservée en revue : langue, édition, attribution, métadonnées, doublon ou nature documentaire restant à confirmer."
/books/OL14003120M,"De koophandel van Amsterdam, en andere Nederlandsche steden, naar alle gewesten der waereld.","Bestaende in eene verhandeling van de waren en koopmanschappen, die men daer heen zendt en wederom ontfangt: benevens vergelijkingen der munten, maten en gewigten, en eene aentooning, op welke wijze men over en weêr wisselt",Jacques Le Moine de l'Espine,1,,1801,J. de Groot,Histoire,0,FIRST_PASS,KEEP_CORE,Socle néerlandophone validé lors de la revue éditoriale NL.
/books/OL15380658M,Visie op de toekomst van het wetenschappelijk onderzoek,speerpunten voor beleid : samenvattingen = Vision of the future of scientific research : focal points for policy : executive summaries,James P. Kahan,1,9780833033130,2002,RAND,,2,FIRST_PASS,KEEP_CORE,Socle néerlandophone validé lors de la revue éditoriale NL.
/books/OL3706407M,Visie op de toekomst van het wetenschappelijk onderzoek,speerpunten voor beleid : hoofdrapport = Vision of the future of scientific research : focal points for policy : main report,James P. Kahan,1,9780833033154,2002,RAND,,2,FIRST_PASS,REPLACE,"Notice à remplacer : langue étrangère, doublon non retenu, série institutionnelle inadéquate ou qualité bibliographique insuffisante pour le socle NL."
/books/OL35330685M,De piraat,,Jayne Ann Krentz,1,9789041000941,1995,Van Reemst,Fiction | Romance,2,FIRST_PASS,KEEP_TRANSLATION,Édition ou traduction néerlandaise validée lors de la revue éditoriale NL.
/books/OL13705440M,[Jean Dubuffet,"catalogue of an exhibition at the Stedelijk Museum, Amsterdam, 10 June-28 August 1966].",Jean Dubuffet | Jean Dubuffent | Mildred Glimcher,3,,1966,Stedelijk Museum,Arts,0,FIRST_PASS,REVIEW,"Notice conservée en revue : langue, édition, attribution, métadonnées, doublon ou nature documentaire restant à confirmer."
/books/OL6224274M,Erasmus and the age of Reformation,,Johan Huizinga,1,,1957,Harper,Biographie | Histoire,0,FIRST_PASS,REPLACE,"Notice à remplacer : langue étrangère, doublon non retenu, série institutionnelle inadéquate ou qualité bibliographique insuffisante pour le socle NL."
/books/OL2847819M,The waning of the Middle Ages,"a study of the forms of life, thought, and art in France and the Netherlands in the XIVth and XVth centuries",Johan Huizinga,1,9780312855406,1985,St. Martin's Press,Histoire,0,FIRST_PASS,REPLACE,"Notice à remplacer : langue étrangère, doublon non retenu, série institutionnelle inadéquate ou qualité bibliographique insuffisante pour le socle NL."
/books/OL20487459M,Histoire de l'art chez les anciens: Ouvrage traduit de l'allemand,,Johann Joachim Winckelmann,1,,1766,chez E. van Harrevelt,,0,FIRST_PASS,REPLACE,"Notice à remplacer : langue étrangère, doublon non retenu, série institutionnelle inadéquate ou qualité bibliographique insuffisante pour le socle NL."
/books/OL7072686M,The buccaneers of America,"a true account of the most remarkable assaults committed of late years upon the coast of the West Indies by the buccaneers of Jamaica and Tortuga, both English and French, wherein are contained more especially the unparalleled exploits of Sir Henry Morgan, our English Jamaican hero, who sacked Porto Bello, burnt Panama, etc.",John Esquemeling | A. O. (Alexandre Olivier) Exquemelin,2,,1924,G. Routledge,Biographie | Histoire | Voyage,0,FIRST_PASS,REPLACE,"Notice à remplacer : langue étrangère, doublon non retenu, série institutionnelle inadéquate ou qualité bibliographique insuffisante pour le socle NL."
/books/OL24733206M,Het Verslag van Brodie,,Jorge Luis Borges,1,9789023406624,1979,De Bezige Bij,,0,FIRST_PASS,KEEP_TRANSLATION,Édition ou traduction néerlandaise validée lors de la revue éditoriale NL.
/books/OL12805996M,The Interior of the Medieval Village Church,Het Middeleeuwse Dorpskerinterieur,Justin E. A. Kroesen | J. E. A. Kroesen | Regnerus Steensma,3,9789042915404,2005,Peeters,Histoire,0,FIRST_PASS,REPLACE,"Notice à remplacer : langue étrangère, doublon non retenu, série institutionnelle inadéquate ou qualité bibliographique insuffisante pour le socle NL."
/books/OL24393645M,Reis door Noord Amerika,,"Kalm, Pehr",1,9780665359484,1772,By J. van Schoonhoven en Comp. en G. van den Brink Janz.,Voyage,3,FIRST_PASS,KEEP_TRANSLATION,Édition ou traduction néerlandaise validée lors de la revue éditoriale NL.
/books/OL24393660M,Reis door Noord Amerika,,"Kalm, Pehr",1,9780665359491,1772,By J. van Schoonhoven en Comp. en G. van den Brink Janz.,Voyage,3,FIRST_PASS,REPLACE,"Notice à remplacer : langue étrangère, doublon non retenu, série institutionnelle inadéquate ou qualité bibliographique insuffisante pour le socle NL."
/books/OL6913800M,Reis door Noord Amerika,,"Kalm, Pehr",1,,1772,J. van Schoonhoven en comp. [etc.],Voyage,3,FIRST_PASS,REPLACE,"Notice à remplacer : langue étrangère, doublon non retenu, série institutionnelle inadéquate ou qualité bibliographique insuffisante pour le socle NL."
/books/OL17192344M,"Cry out for joy, you lower parts of the earth",,Karin van Dam,1,9789085460268,2005,Karin van Dam,,0,FIRST_PASS,REPLACE,"Notice à remplacer : langue étrangère, doublon non retenu, série institutionnelle inadéquate ou qualité bibliographique insuffisante pour le socle NL."
/books/OL19131560M,Tekeningen uit de collectie van de Khardzhiev-Chaga Kunststichting =,Drawings from the collection of the Khardzhiev-Chaga Art Foundation.,Kazimir Malevich,1,9789050061261,1997,Stedelijk Museum,Arts,0,FIRST_PASS,REVIEW,"Notice conservée en revue : langue, édition, attribution, métadonnées, doublon ou nature documentaire restant à confirmer."
/books/OL43493305M,Théo van Rysselberghe,schilder van de zon,Khadija Jlaidi | Patricia vander Elst-Alexandre | Veronique Jago-Antoine | Claire Maingon | Theo Van Rysselbergerghe | Théo van Rysselberghe | Olivier Bertrand,7,9789068688047,2022,Uitgeverij Thoth,Arts,0,FIRST_PASS,REVIEW,"Notice conservée en revue : langue, édition, attribution, métadonnées, doublon ou nature documentaire restant à confirmer."
/books/OL32344421M,Fantasia,,Koldo Biguri | Elisabetta Dami | Larry Keys | David Nel·lo | Titi Plumederat,5,9789058930088,2013,De Wakkere Muis,Fantasy | Fiction,2,FIRST_PASS,REPLACE,"Notice à remplacer : langue étrangère, doublon non retenu, série institutionnelle inadéquate ou qualité bibliographique insuffisante pour le socle NL."
/books/OL25502852M,Verhandelingen der Koninklijke Akademie van Wetenschappen te Amsterdam,,Koninklijke Akademie van Wetenschappen (Netherlands). Afdeeling Natuurkunde,1,,1892,J. Müller,Sciences,0,FIRST_PASS,REPLACE,"Notice à remplacer : langue étrangère, doublon non retenu, série institutionnelle inadéquate ou qualité bibliographique insuffisante pour le socle NL."
/books/OL32707352M,The Vampire Diaries,Fantoom,Lisa Jane Smith,1,9789022562840,2012,Boekerij,Fiction,2,FIRST_PASS,REVIEW,"Notice conservée en revue : langue, édition, attribution, métadonnées, doublon ou nature documentaire restant à confirmer."
/books/OL35334895M,The Vampire Diaries,Bestemming,Lisa Jane Smith,1,9789022563847,2013,Boekerij,Fiction,2,FIRST_PASS,REVIEW,"Notice conservée en revue : langue, édition, attribution, métadonnées, doublon ou nature documentaire restant à confirmer."
/books/OL6132849M,The frightened wife,and other murder stories.,Mary Roberts Rinehart,1,,1953,Rinehart,Policier et mystère,0,FIRST_PASS,REPLACE,"Notice à remplacer : langue étrangère, doublon non retenu, série institutionnelle inadéquate ou qualité bibliographique insuffisante pour le socle NL."
/books/OL25419945M,Briefwisseling tusschen Multatuli en S.E.W. Roorda van Eysinga,,Multatuli | Sicco Ernst Willem Roorda van Eysinga,2,,1907,Versluys,,2,FIRST_PASS,KEEP_CORE,Socle néerlandophone validé lors de la revue éditoriale NL.
/books/OL25425795M,Briefwisseling tusschen Multatuli en S.E.W. Roorda van Eysinga,,Multatuli | Sicco Ernst Willem Roorda van Eysinga,2,,1907,Versluys,,2,FIRST_PASS,REPLACE,"Notice à remplacer : langue étrangère, doublon non retenu, série institutionnelle inadéquate ou qualité bibliographique insuffisante pour le socle NL."
/books/OL23544248M,Handelingen van het Nederlandsch natuur- en geneeskundig congres,,Nederlandsch natuur- en geneeskundig congres,1,,1901,,Sciences,0,FIRST_PASS,REPLACE,"Notice à remplacer : langue étrangère, doublon non retenu, série institutionnelle inadéquate ou qualité bibliographique insuffisante pour le socle NL."
/books/OL24733186M,"Geschiedenis van het tijdperk van vijfentwintigjarigen vrede, 1849-1874",,P. J. Andriessen,1,,1874,Van den Sigtenhorst,Histoire,3,FIRST_PASS,KEEP_CORE,Socle néerlandophone validé lors de la revue éditoriale NL.
/books/OL24756425M,"Geschiedenis van het tijdperk van vijfentwintigjarigen vrede, 1849-1874",,P. J. Andriessen,1,,1874,Van den Sigtenhorst,Histoire,3,FIRST_PASS,REPLACE,"Notice à remplacer : langue étrangère, doublon non retenu, série institutionnelle inadéquate ou qualité bibliographique insuffisante pour le socle NL."
/books/OL24784444M,"Geschiedenis van het tijdperk van vijfentwintigjarigen vrede, 1849-1874",,P. J. Andriessen,1,,1874,Van den Sigtenhorst,Histoire,3,FIRST_PASS,REPLACE,"Notice à remplacer : langue étrangère, doublon non retenu, série institutionnelle inadéquate ou qualité bibliographique insuffisante pour le socle NL."
/books/OL23405290M,Verslag aangaande een voorloopig onderzoek in Engeland naar archivalia,belangrijk voor de geschiedenis van Nederland.,Petrus Johannes Blok,1,,1891,M. Nijhoff,Histoire,0,FIRST_PASS,KEEP_CORE,Socle néerlandophone validé lors de la revue éditoriale NL.
/books/OL22890108M,Political maxims of the state of Holland,"comprehending a general view of the civil government of that republic, and the principles on which it is founded; the nature, rise, and progress of the commerce of its subjects, and of their true interests with respect to all their neighbours.",Pieter de la Court,1,,1743,J. Nourse,Politique | Économie et entreprise,0,FIRST_PASS,REPLACE,"Notice à remplacer : langue étrangère, doublon non retenu, série institutionnelle inadéquate ou qualité bibliographique insuffisante pour le socle NL."
/books/OL25418438M,Aphrodite,,Prepared by Pierre Louys; Willis L. Parker | Pierre Louÿs | Jean-Paul Goujon | Milo Manara | Georges Bess,5,9789051080933,1987,Areopagus,Fiction | Histoire,0,FIRST_PASS,REVIEW,"Notice conservée en revue : langue, édition, attribution, métadonnées, doublon ou nature documentaire restant à confirmer."
/books/OL25497901M,Die Israeliten zu Mekka von Davids Zeit bis in's fünfte Jahrhundert unsrer Zeitrechnung,ein Beitrag zur alttestamentlichen Kritik und zur Erforschung des Ursprungs des Islams,Reinhart Dozy,1,,1864,Engelmann,Histoire,0,FIRST_PASS,REPLACE,"Notice à remplacer : langue étrangère, doublon non retenu, série institutionnelle inadéquate ou qualité bibliographique insuffisante pour le socle NL."
/books/OL6283561M,Discours de la methode,"pour bien conduire sa raison, & chercher la verité dans les sciences. Plus La dioptriqve. Les meteores. Et La geometrie. Qui sont des essais de cete methode.",René Descartes,1,,1637,De li̓mprimerie de I. Maire,Philosophie | Sciences,0,FIRST_PASS,REPLACE,"Notice à remplacer : langue étrangère, doublon non retenu, série institutionnelle inadéquate ou qualité bibliographique insuffisante pour le socle NL."
/books/OL21378216M,Topstukken uit het Rijksmuseum voor Volkenkunde =,Masterpieces from the NationalMuseum of Ethnology,Rijksmuseum voor Volkenkunde (Netherlands),1,9789071310355,1987,Rijks museum voor Volkerkunde,,0,FIRST_PASS,KEEP_CORE,Socle néerlandophone validé lors de la revue éditoriale NL.
/books/OL12764651M,Das vierte Jahrhundert (der Osten) (Die Kirche in ihrer Geschichte),,Rudolf Lorenz,1,9783525523087,1992,Vandenhoeck & Ruprecht,Histoire,0,FIRST_PASS,REPLACE,"Notice à remplacer : langue étrangère, doublon non retenu, série institutionnelle inadéquate ou qualité bibliographique insuffisante pour le socle NL."
/books/OL32364737M,Het stenen oordeel,De bezeten minnaar,Ruth Rendell,1,9789022994429,2008,Bruna,Fiction | Policier et mystère,0,FIRST_PASS,KEEP_TRANSLATION,Édition ou traduction néerlandaise validée lors de la revue éditoriale NL.
/books/OL42071782M,De Kerkklokken,,Sajad Hussain | Oscar Ellis | Charles Dickens | Richard Doyle | Michael Clay Thompson | William Clarkson Stanfield,6,,2010,LibriVox,Fiction,0,FIRST_PASS,REPLACE,"Notice à remplacer : langue étrangère, doublon non retenu, série institutionnelle inadéquate ou qualité bibliographique insuffisante pour le socle NL."
/books/OL22532406M,The magnetic era,video art in the Netherlands 1970-1985,Sebastian Lopez | Rob Perree | Ruth Bellinkx | Heiner Holtappels | Hinke Kappert | Anne van Driel | [name missing] | Marga van Mechelen,8,9789056622992,2001,NAi Publishers,Arts,0,FIRST_PASS,REVIEW,"Notice conservée en revue : langue, édition, attribution, métadonnées, doublon ou nature documentaire restant à confirmer."
/books/OL22093745M,Catalogue of the Lepidoptera Phalænæ in the British museum.,,Sir George Francis Hampson | British Museum (Natural History). Dept . of Zoology,2,,1898,Printed by Order of the Trustees,,0,FIRST_PASS,REPLACE,"Notice à remplacer : langue étrangère, doublon non retenu, série institutionnelle inadéquate ou qualité bibliographique insuffisante pour le socle NL."
/books/OL3803727M,Soweit der Erdkreis reicht,"Johann Moritz von Nassau-Siegen, 1604-1679 : Städtisches Museum Haus Koekkoek Kleve, 20. September-11. November 1979.",Städtisches Museum Haus Koekkoek.,1,9783980028905,1980,Das Museum,Arts | Biographie,0,FIRST_PASS,REPLACE,"Notice à remplacer : langue étrangère, doublon non retenu, série institutionnelle inadéquate ou qualité bibliographique insuffisante pour le socle NL."
/books/OL16906523M,Aanwinsten op het gebied der wis- en natuurkundige wetenschappen,gedeeltelijk behoorende tot de wis- en sterrekundige boekerij van Dr. C.P. Burger ...,Universiteit van Amsterdam. Bibliotheek.,1,,1907,Stadsdrukkerij,Sciences,0,FIRST_PASS,KEEP_CORE,Socle néerlandophone validé lors de la revue éditoriale NL.
/books/OL33028327M,Ruby,,V.C. Andrews,1,9789032504403,1994,De Kern,Fiction,4,FIRST_PASS,KEEP_TRANSLATION,Édition ou traduction néerlandaise validée lors de la revue éditoriale NL.
/books/OL35328314M,Ruby,Het gouden web,V.C. Andrews,1,9789032505400,1996,De Kern,Fiction | Romance,4,FIRST_PASS,REPLACE,"Notice à remplacer : langue étrangère, doublon non retenu, série institutionnelle inadéquate ou qualité bibliographique insuffisante pour le socle NL."
/books/OL35328370M,Ruby,Verborgen juweel,V.C. Andrews,1,9789032505295,1996,De Kern,Fiction,4,FIRST_PASS,REPLACE,"Notice à remplacer : langue étrangère, doublon non retenu, série institutionnelle inadéquate ou qualité bibliographique insuffisante pour le socle NL."
/books/OL35328383M,Ruby,Alles wat schittert,V.C. Andrews,1,9789032505066,1995,De Kern,Fiction | Romance,4,FIRST_PASS,REPLACE,"Notice à remplacer : langue étrangère, doublon non retenu, série institutionnelle inadéquate ou qualité bibliographique insuffisante pour le socle NL."
/books/OL24377298M,Catalogus van de Bibliotheek der Vereeniging voor Nederlandsche Muziekgeschiedenis,,Vereniging voor Nederlandse Muziekgeschiedenis. Bibliotheek,1,,1919,G. Alsbach,Musique | Poésie | Sciences | Sciences sociales | Économie et entreprise,0,FIRST_PASS,KEEP_CORE,Socle néerlandophone validé lors de la revue éditoriale NL.
/books/OL12849501M,Thema's in de taalbeheersing,"Lezingen van het VIOT-Taalbeheersingscongres gehouden op 19, 20 en 21 december 1990 aan de Rijksuniversiteit Groningen",VIOT-Taalbeheersingscongres,1,9789067655149,1991,ICG Publications,,0,FIRST_PASS,REVIEW,"Notice conservée en revue : langue, édition, attribution, métadonnées, doublon ou nature documentaire restant à confirmer."
/books/OL56362172M,Lied Van de Leeuwerik,Song of the Lark,Willa Cather,1,9781512008982,2015,CreateSpace Independent Publishing Platform,Fiction | Histoire,0,FIRST_PASS,REVIEW,"Notice conservée en revue : langue, édition, attribution, métadonnées, doublon ou nature documentaire restant à confirmer."
/books/OL21016368M,"Hendrik IV, eerste deel",historiespel in vijf bedrijven,William Shakespeare,1,9789023409205,1985,De Bezige Bij,Fiction | Histoire | Théâtre,0,FIRST_PASS,KEEP_TRANSLATION,Édition ou traduction néerlandaise validée lors de la revue éditoriale NL.
/books/OL22483889M,Shine,wensdroom en toekomstvisioen in de hedendaagse kunst = wishful fantasies and visions of the future in contemporary art,Wilma Sütö,1,9789056623081,2003,Museum Boijmans van Beuningen,Arts,0,FIRST_PASS,REVIEW,"Notice conservée en revue : langue, édition, attribution, métadonnées, doublon ou nature documentaire restant à confirmer."
/books/OL22965056M,Babi Jar,een documentaireche roman,A. Anatoliĭ,1,,1967,H.J. Paris,Fiction | Histoire,0,NL_FINAL_BATCH_01,KEEP_TRANSLATION,Édition ou traduction néerlandaise validée lors de la revue éditoriale NL.
/books/OL12850335M,De strijd voor harmonie,"De geschiedenis van de Indusrie- en Voedingsbond CNV, 1896-1996",A. H Bornebroek,1,9789068611199,1996,IISG,Histoire,0,NL_FINAL_BATCH_01,KEEP_CORE,Socle néerlandophone validé lors de la revue éditoriale NL.
/books/OL12850340M,Gids van de archieven van de christelijke vakbeweging in Nederland,,A. H Bornebroek,1,9789068611632,1998,Stichting Beheer IISG,Histoire,0,NL_FINAL_BATCH_01,KEEP_CORE,Socle néerlandophone validé lors de la revue éditoriale NL.
/books/OL6068858M,Young readers animal stories,,A. L. Furman | Richard Osborne,2,,1950,Latern Press,Histoire,0,NL_FINAL_BATCH_01,REPLACE,"Notice à remplacer : langue étrangère, doublon non retenu, série institutionnelle inadéquate ou qualité bibliographique insuffisante pour le socle NL."
/books/OL4524139M,De Americaensche zee-roovers.,,A. O. (Alexandre Olivier) Exquemelin,1,9789024500857,1971,Luitingh,Histoire,0,NL_FINAL_BATCH_01,KEEP_CORE,Socle néerlandophone validé lors de la revue éditoriale NL.
/books/OL5022695M,Politeia.,Geschiedenis van de sociaal-politieke filosofie.,A. Vloemans,1,9789023302308,1971,Kruseman,Politique,0,NL_FINAL_BATCH_01,KEEP_CORE,Socle néerlandophone validé lors de la revue éditoriale NL.
/books/OL12806814M,Van Artsenijmengkunde Naar artsenijbereidkunde. Ontwikkelingen van de Nederlandse farmacie in de negentiende eeuw.,,A.I. Bierman,1,9789051830552,1988,Editions Rodopi,Histoire,0,NL_FINAL_BATCH_01,KEEP_CORE,Socle néerlandophone validé lors de la revue éditoriale NL.
/books/OL19773360M,De ziel en haar voertuig,Aristoteles' psychologie geherinterpreteerd en de eenheid van zijn oeuvre gedemonstreerd,A.P Bos,1,9789055730605,1999,Damon,,0,NL_FINAL_BATCH_01,KEEP_CORE,Socle néerlandophone validé lors de la revue éditoriale NL.
/books/OL24336348M,Hoe de zoon van den pionier President werd,de levensgeschiedenis van Abraham Lincoln aan jongelieden verhaald,Aart Cornelis de Zwart,1,,1883,Höveker & Wormser,Biographie | Jeunesse,0,NL_FINAL_BATCH_01,KEEP_CORE,Socle néerlandophone validé lors de la revue éditoriale NL.
/books/OL24328779M,Rudolf de Mepse,het monsterproces van Faan,Ab Visser,1,,1959,Kroonder,Fiction,0,NL_FINAL_BATCH_01,KEEP_CORE,Socle néerlandophone validé lors de la revue éditoriale NL.
/books/OL25199524M,Manon Lescaut,,Abbé Prévost,1,9789020405002,1976,L.J. Veen,Fiction | Histoire | Romance | Éducation,0,NL_FINAL_BATCH_01,KEEP_TRANSLATION,Édition ou traduction néerlandaise validée lors de la revue éditoriale NL.
/books/OL24443293M,De overheid,(locus de magistratu),Abraham Kuyper,1,,1900,Kok,Politique,0,NL_FINAL_BATCH_01,KEEP_CORE,Socle néerlandophone validé lors de la revue éditoriale NL.
/books/OL26456486M,Cutting for Stone,,Abraham Verghese,1,9789023442219,2010,De Bezige Bij,Fiction,0,NL_FINAL_BATCH_01,REVIEW,"Notice conservée en revue : langue, édition, attribution, métadonnées, doublon ou nature documentaire restant à confirmer."
/books/OL12808105M,Variabelen en modellen,Multivariate analyse in het sociaal-wetenschappelijk onderzoek,Ad Nooij,1,9789053522226,1995,Boom,Sciences sociales,0,NL_FINAL_BATCH_01,KEEP_CORE,Socle néerlandophone validé lors de la revue éditoriale NL.
/books/OL25199957M,Brigitta,,Adalbert Stifter,1,,1971,Wereldbibliotheek-Vereniging,Fiction,0,NL_FINAL_BATCH_01,KEEP_TRANSLATION,Édition ou traduction néerlandaise validée lors de la revue éditoriale NL.
/books/OL26388363M,Gestolen leven,,Adam Johnson,1,9789044963502,2012,Signatuur,Fiction | Histoire | Thriller,0,NL_FINAL_BATCH_01,KEEP_TRANSLATION,Édition ou traduction néerlandaise validée lors de la revue éditoriale NL.
/books/OL35332462M,Het boek van Ye Ye,"een dochter van China over geluk, traditie en spirituele wijsheid",Adeline Yen Mah,1,9789041405715,2001,Anthos,,0,NL_FINAL_BATCH_01,KEEP_TRANSLATION,Édition ou traduction néerlandaise validée lors de la revue éditoriale NL.
/books/OL62086365M,De droom van de helden,,Adolfo Bioy Casares,1,9789029008068,1978,Meulenhoff,Fiction,0,NL_FINAL_BATCH_01,KEEP_TRANSLATION,Édition ou traduction néerlandaise validée lors de la revue éditoriale NL.
/books/OL23303342M,logische in de ontwikkeling der beeldende kunsten.,,Adriaan Pit,1,,1912,A. Oosthoek,Arts | Philosophie,0,NL_FINAL_BATCH_01,REVIEW,"Notice conservée en revue : langue, édition, attribution, métadonnées, doublon ou nature documentaire restant à confirmer."
/books/OL23438389M,Geschiedkundige aanteekeningen over Haarlemsche schilders: en andere ...,,Adriaan van der Willigen,1,,1866,De Erven F. Bohn,Arts | Histoire,0,NL_FINAL_BATCH_01,KEEP_CORE,Socle néerlandophone validé lors de la revue éditoriale NL.
/books/OL5269507M,Notities van een landstormman,,Adrianus Michael de Jong,1,9789021410722,1975,Querido,Fiction,0,NL_FINAL_BATCH_01,KEEP_CORE,Socle néerlandophone validé lors de la revue éditoriale NL.
/books/OL12848596M,Invoer te lande verboden,"Een verkenning van de handel over landwegen tussen Nederland en de Pruisische provincies Rheinland en Westfalen, 1836-1857 (N.W. Posthumus reeks)",Agnes Lewe,1,9789065505095,1995,Verloren,Histoire,0,NL_FINAL_BATCH_01,KEEP_CORE,Socle néerlandophone validé lors de la revue éditoriale NL.
/books/OL2884555M,De Goddemaers,verhalen,"Aken, Piet van",1,9789022309063,1983,Manteau,,0,NL_FINAL_BATCH_01,KEEP_CORE,Socle néerlandophone validé lors de la revue éditoriale NL.
/books/OL3080715M,De hoogtewerkers,,"Aken, Piet van",1,9789022308462,1982,Manteau,,0,NL_FINAL_BATCH_01,KEEP_TRANSLATION,Édition ou traduction néerlandaise validée lors de la revue éditoriale NL.
/books/OL45879944M,Onderbroek (Vieze Rik),,Alan MacDonald,1,9789462343375,2015,Abimo,,0,NL_FINAL_BATCH_01,KEEP_TRANSLATION,Édition ou traduction néerlandaise validée lors de la revue éditoriale NL.
/books/OL25699837M,Relativiteit,Speciale en algemene theorie,Albert Einstein,1,9789027453792,1979,Het Spectrum,Sciences,0,NL_FINAL_BATCH_01,KEEP_TRANSLATION,Édition ou traduction néerlandaise validée lors de la revue éditoriale NL.
/books/OL14762315M,Willem van Oranje.,,Albert.* Groendijk,1,9789026977602,1983,Van Holkema & Warendorf,Biographie | Fiction | Histoire,0,NL_FINAL_BATCH_01,REVIEW,"Notice conservée en revue : langue, édition, attribution, métadonnées, doublon ou nature documentaire restant à confirmer."
/books/OL20765120M,Een geschiedenis van het lezen,,Alberto Manguel,1,9789026315664,1999,Ambo,Histoire,0,NL_FINAL_BATCH_01,KEEP_TRANSLATION,Édition ou traduction néerlandaise validée lors de la revue éditoriale NL.
/books/OL60578397M,George,,Alex Gino,1,9789020674460,2016,Kluitman,Fiction,0,NL_FINAL_BATCH_01,KEEP_TRANSLATION,Édition ou traduction néerlandaise validée lors de la revue éditoriale NL.
/books/OL16316013M,De 'joodse' Rembrandt,de mythe ontrafeld,Alexander-Knotter,1,9789040083013,2006,Uitgeverij Waanders,Histoire,0,NL_FINAL_BATCH_01,KEEP_CORE,Socle néerlandophone validé lors de la revue éditoriale NL.
/books/OL26854453M,Reached (Matched trilogie),het wachten is voorbij,Ally Condie,1,9789047705604,2013,"Lemniscaat, Uitgeverij",Fantasy | Fiction | Jeunes adultes | Science-fiction,0,NL_FINAL_BATCH_02,KEEP_TRANSLATION,Édition ou traduction néerlandaise validée lors de la revue éditoriale NL.
/books/OL32830155M,Een keukenmeidenroman,,Alvaro Abella | Kathryn Stockett | Álvaro Abella Villar,3,9789049951993,2011,Mistral,Fiction,0,NL_FINAL_BATCH_02,REVIEW,"Notice conservée en revue : langue, édition, attribution, métadonnées, doublon ou nature documentaire restant à confirmer."
/books/OL25651838M,Blauwe Maan,,Alyson Noël,1,9789045801896,2010,Luitingh-Sijthoff,Fiction,0,NL_FINAL_BATCH_02,KEEP_TRANSLATION,Édition ou traduction néerlandaise validée lors de la revue éditoriale NL.
/books/OL33003266M,In de wouden van de nacht,,Amelia Atwater-Rhodes,1,9789050162739,1999,Facet,Fiction,0,NL_FINAL_BATCH_02,KEEP_TRANSLATION,Édition ou traduction néerlandaise validée lors de la revue éditoriale NL.
/books/OL19472002M,Hollandse en Vlaamse veduteschilders te Rome 1675-1725,,An Zwollo,1,9789023210689,1973,Van Gorcum,,0,NL_FINAL_BATCH_02,KEEP_CORE,Socle néerlandophone validé lors de la revue éditoriale NL.
/books/OL6511420M,Am I my brother's keeper?,,Ananda Coomaraswamy,1,,1947,The John Day company,Histoire | Économie et entreprise,0,NL_FINAL_BATCH_02,REPLACE,"Notice à remplacer : langue étrangère, doublon non retenu, série institutionnelle inadéquate ou qualité bibliographique insuffisante pour le socle NL."
/books/OL35333529M,Het fatale zwijgen,,Andreas Eschbach,1,9789061122227,2004,Karakter,,0,NL_FINAL_BATCH_02,KEEP_TRANSLATION,Édition ou traduction néerlandaise validée lors de la revue éditoriale NL.
/books/OL32974699M,"Artemis Fowl, het Arctische incident",de graphic novel,Andrew Donkin | Eoin Colfer,2,9789022557082,2011,Boekerij,BD et romans graphiques | Fiction | Technologie,0,NL_FINAL_BATCH_02,KEEP_TRANSLATION,Édition ou traduction néerlandaise validée lors de la revue éditoriale NL.
/books/OL35332126M,True crime,,Andrew Klavan,1,9789029049054,1996,Meulenhoff-M,Fiction,0,NL_FINAL_BATCH_02,REVIEW,"Notice conservée en revue : langue, édition, attribution, métadonnées, doublon ou nature documentaire restant à confirmer."
/books/OL56479860M,De Oranje Fee Boek,The Orange Fairy Book,Andrew Lang,1,9781516904549,2015,CreateSpace Independent Publishing Platform,Jeunesse,0,NL_FINAL_BATCH_02,REVIEW,"Notice conservée en revue : langue, édition, attribution, métadonnées, doublon ou nature documentaire restant à confirmer."
/books/OL35607473M,Oorlogswond,,Andy McNab,1,9789022999332,2011,Bruna,Fiction | Policier et mystère | Thriller,0,NL_FINAL_BATCH_02,KEEP_TRANSLATION,Édition ou traduction néerlandaise validée lors de la revue éditoriale NL.
/books/OL32890293M,The Hate U Give,,Angie Thomas | Angie Thomas,2,9789048848607,2019,Moon young adult,Fiction | Jeunes adultes,0,NL_FINAL_BATCH_02,KEEP_TRANSLATION,Édition ou traduction néerlandaise validée lors de la revue éditoriale NL.
/books/OL20846920M,Het verlangen.,,Anita Shreve,1,9789044300758,2000,House of Books,Fiction | Histoire | Romance,0,NL_FINAL_BATCH_02,KEEP_TRANSLATION,Édition ou traduction néerlandaise validée lors de la revue éditoriale NL.
/books/OL25448735M,Het ijs,,Anna Kavan,1,,1987,Furie,Fiction | Science-fiction,0,NL_FINAL_BATCH_02,KEEP_TRANSLATION,Édition ou traduction néerlandaise validée lors de la revue éditoriale NL.
/books/OL25448762M,Julia en de bazooka : en andere verhalen,,Anna Kavan,1,9789029003162,1973,Meulenhoff,Fiction,0,NL_FINAL_BATCH_02,KEEP_TRANSLATION,Édition ou traduction néerlandaise validée lors de la revue éditoriale NL.
/books/OL32377987M,Het wintergewelf,,Anne Michaels,1,9789023440512,2009,De Bezige Bij,Fiction,0,NL_FINAL_BATCH_02,KEEP_TRANSLATION,Édition ou traduction néerlandaise validée lors de la revue éditoriale NL.
/books/OL47301676M,De jaren,,Annie Ernaux,1,9789029540650,2020,De Arbeiderspers,Biographie | Histoire,0,NL_FINAL_BATCH_02,KEEP_TRANSLATION,Édition ou traduction néerlandaise validée lors de la revue éditoriale NL.
/books/OL35332726M,Crocodile tears,,Anthony Horowitz,1,9789044813012,2010,Clavis,Fiction | Jeunes adultes | Policier et mystère | Thriller,0,NL_FINAL_BATCH_02,REVIEW,"Notice conservée en revue : langue, édition, attribution, métadonnées, doublon ou nature documentaire restant à confirmer."
/books/OL37737689M,More bloody Horowitz,,Anthony Horowitz,1,9789044812077,2010,Clavis,Fiction,0,NL_FINAL_BATCH_02,REVIEW,"Notice conservée en revue : langue, édition, attribution, métadonnées, doublon ou nature documentaire restant à confirmer."
/books/OL24328919M,De Pallisers,,Anthony Trollope,1,9789020401585,1975,Veen,Fiction,0,NL_FINAL_BATCH_02,KEEP_TRANSLATION,Édition ou traduction néerlandaise validée lors de la revue éditoriale NL.
/books/OL24328789M,Nachtvlucht,,Antoine de Saint-Exupéry,1,9789065511041,1986,Goossens,Biographie | Fiction,0,NL_FINAL_BATCH_02,KEEP_TRANSLATION,Édition ou traduction néerlandaise validée lors de la revue éditoriale NL.
/books/OL23958142M,Populisme als politiek drijfzand,,Anton C. Zijderveld,1,9789059362505,2009,Cossee,Politique,0,NL_FINAL_BATCH_02,KEEP_CORE,Socle néerlandophone validé lors de la revue éditoriale NL.
/books/OL40213467M,De sprookjesverteller,,Antonia Michaelis,1,9789047704355,2017,Lemniscaat,Fiction,0,NL_FINAL_BATCH_02,KEEP_TRANSLATION,Édition ou traduction néerlandaise validée lors de la revue éditoriale NL.
/books/OL23471659M,De cellulaire gevangenisstraf voor jeugdige misdadigers in Nederland ...,,Antonie Hendrik Büchler,1,,1894,J.B. Wolters,,0,NL_FINAL_BATCH_02,KEEP_CORE,Socle néerlandophone validé lors de la revue éditoriale NL.
/books/OL47809113M,Een Atlas van onmogelijk verlangen,,Anuradha Roy | Arundhati Roy,2,9789044612004,2008,Prometheus,Fiction | Histoire | Romance,0,NL_FINAL_BATCH_02,REVIEW,"Notice conservée en revue : langue, édition, attribution, métadonnées, doublon ou nature documentaire restant à confirmer."
/books/OL5145496M,De verbeeldingswereld van Edgar Allan Poe en enkele tijdgenoten.,Bijdrage tot Amerika's ideeëngeschiedenis.,Arie Nicolaas Jan den Hollander,1,9789025330361,1974,Athenaeum-Polak & Van Gennep,Science-fiction,0,NL_FINAL_BATCH_02,KEEP_CORE,Socle néerlandophone validé lors de la revue éditoriale NL.
/books/OL6613503M,Bruijkleen Colonie (Borough of Brooklyn) 1638-1918,,"Armbruster, Eugene L.",1,,1918,Sine nomine,Histoire,0,NL_FINAL_BATCH_02,REVIEW,"Notice conservée en revue : langue, édition, attribution, métadonnées, doublon ou nature documentaire restant à confirmer."
/books/OL6662163M,Turkije,verleden en toekomst,Arnold J. Toynbee,1,,1917,"The Menpes Printing & Engraving Co., Ltd.",Histoire | Politique,0,NL_FINAL_BATCH_02,REVIEW,"Notice conservée en revue : langue, édition, attribution, métadonnées, doublon ou nature documentaire restant à confirmer."
/books/OL3501600M,John Company,,Arthur van Schendel,1,9780870233838,1983,University of Massachusetts Press,Fiction | Histoire,0,NL_FINAL_BATCH_02,REPLACE,"Notice à remplacer : langue étrangère, doublon non retenu, série institutionnelle inadéquate ou qualité bibliographique insuffisante pour le socle NL."
/books/OL35687461M,De god van kleine dingen,,Arundhati Roy,1,9789046140536,2004,Pockethuis,Fiction | Romance,0,NL_FINAL_BATCH_02,KEEP_TRANSLATION,Édition ou traduction néerlandaise validée lors de la revue éditoriale NL.
/books/OL26453010M,Sterfelijk zijn,Geneeskunde en waar het uiteindelijk om gaat,Atul Gawande,1,9789057124389,2015,Nieuwezijds,,0,NL_FINAL_BATCH_03,KEEP_TRANSLATION,Édition ou traduction néerlandaise validée lors de la revue éditoriale NL.
/books/OL32860414M,Pip en Posy in de sneeuw,,Axel Scheffler,1,9789025752644,2012,Gottmer,Fiction,0,NL_FINAL_BATCH_03,KEEP_TRANSLATION,Édition ou traduction néerlandaise validée lors de la revue éditoriale NL.
/books/OL25535231M,Beleidseconomie,een rationele onderbouwing van overheidsingrijpen,Barbara Baarsma,1,9789048512744,2010,Pallas Publications,Politique,0,NL_FINAL_BATCH_03,KEEP_CORE,Socle néerlandophone validé lors de la revue éditoriale NL.
/books/OL25535442M,De sociale cohesie voorbij,actieve burgers in achterstandswijken,Bas van Stokkom,1,9789048511198,2010,Amsterdam University Press,Politique,0,NL_FINAL_BATCH_03,KEEP_CORE,Socle néerlandophone validé lors de la revue éditoriale NL.
/books/OL22942061M,Her verhaal van petertje het konijntje,,Beatrix Potter,1,,,F. Warne,Fiction | Jeunesse,0,NL_FINAL_BATCH_03,REVIEW,"Notice conservée en revue : langue, édition, attribution, métadonnées, doublon ou nature documentaire restant à confirmer."
/books/OL21857226M,Het verhaal von heer Vos,,Beatrix Potter | The Gunston Trust,2,9789021609591,1987,Uitgeverij Ploegsma,Fiction,0,NL_FINAL_BATCH_03,REVIEW,"Notice conservée en revue : langue, édition, attribution, métadonnées, doublon ou nature documentaire restant à confirmer."
/books/OL18958977M,De filosofie van het Belcampisme.,Door Belcampo.,Belcampo,1,9789021503202,1972,Kosmos,Histoire | Philosophie,0,NL_FINAL_BATCH_03,KEEP_CORE,Socle néerlandophone validé lors de la revue éditoriale NL.
/books/OL16161345M,Werktitel,"Piet Gerards, grafisch ontwerper = Working title : Piet Gerards, graphic designer",Ben Van Melick,1,9789064503238,2003,010 Publishers,Histoire,0,NL_FINAL_BATCH_03,KEEP_CORE,Socle néerlandophone validé lors de la revue éditoriale NL.
/books/OL3889310M,De oudste Middelnederlandse vertaling van de Regula S[ancti] Benedicti,with a general introd. in Engl. : mit e. allg. Einl. in Dt.,"Benedict Saint, Abbot of Monte Cassino. | Benedict Saint, Abbot of Monte Cassino",2,9783806708462,1980,Gerstenberg,Biographie | Histoire,0,NL_FINAL_BATCH_03,KEEP_CORE,Socle néerlandophone validé lors de la revue éditoriale NL.
/books/OL19525075M,"Benjamin Samuel Bolomey, 1739-1819",een Zwitsers schilder aan het hof van stadhouder Willem V,Benjamin Samuel Bolomey,1,9789040095795,2001,Waanders Uitgevers,Biographie,0,NL_FINAL_BATCH_03,REVIEW,"Notice conservée en revue : langue, édition, attribution, métadonnées, doublon ou nature documentaire restant à confirmer."
/books/OL35638627M,"Abela, het meisje dat leeuwen zag",,Berlie Doherty,1,9789050165150,2008,Facet,Fiction,0,NL_FINAL_BATCH_03,KEEP_TRANSLATION,Édition ou traduction néerlandaise validée lors de la revue éditoriale NL.
/books/OL1163209M,De huurders,,Bernard Malamud,1,9789029002950,1972,Meulenhoff,Fiction,0,NL_FINAL_BATCH_03,KEEP_TRANSLATION,Édition ou traduction néerlandaise validée lors de la revue éditoriale NL.
/books/OL45747398M,De Elfen,,Bernhard Hennen | James A. Sullivan,2,9789024550364,2012,Luitingh,Fiction,0,NL_FINAL_BATCH_03,KEEP_TRANSLATION,Édition ou traduction néerlandaise validée lors de la revue éditoriale NL.
/books/OL32766657M,Het eerste weekend,roman,Bernhard Schlink,1,9789059361973,2008,Cossee,Fiction,0,NL_FINAL_BATCH_03,KEEP_TRANSLATION,Édition ou traduction néerlandaise validée lors de la revue éditoriale NL.
/books/OL2393186M,Cross roads,,Bert Schierbeek,1,9780942668117,1988,Katydid Books,,0,NL_FINAL_BATCH_03,REVIEW,"Notice conservée en revue : langue, édition, attribution, métadonnées, doublon ou nature documentaire restant à confirmer."
/books/OL17155624M,Autobiografie.,,Bertrand Russell,1,,1968,Uitgeverij de Bezige Bij,Biographie | Philosophie,0,NL_FINAL_BATCH_03,KEEP_TRANSLATION,Édition ou traduction néerlandaise validée lors de la revue éditoriale NL.
/books/OL15441187M,Het ABC van de relativiteit.,,Bertrand Russell,1,,1981,Boom Meppel,Sciences,0,NL_FINAL_BATCH_03,KEEP_TRANSLATION,Édition ou traduction néerlandaise validée lors de la revue éditoriale NL.
/books/OL23009983M,Rikkie en jijn vriendjes,,Beverly Cleary,1,,1967,Ploegsma,Fiction,0,NL_FINAL_BATCH_03,KEEP_TRANSLATION,Édition ou traduction néerlandaise validée lors de la revue éditoriale NL.
/books/OL23010231M,Rikkie en Ripsie,,Beverly Cleary,1,,1967,Ploegsma,Fiction | Jeunesse,0,NL_FINAL_BATCH_03,KEEP_TRANSLATION,Édition ou traduction néerlandaise validée lors de la revue éditoriale NL.
/books/OL18248043M,Gedachten in glas,Václav Cígler en zijn school = Thinking in glass : Václav Cígler and his school,Beáta Balgavá,1,9789040090523,2005,Waanders Uitgevers,Arts,0,NL_FINAL_BATCH_03,KEEP_CORE,Socle néerlandophone validé lors de la revue éditoriale NL.
/books/OL37822781M,Een heel kleine geschiedenis van bijna alles,,Bill Bryson,1,9789045043029,2020,Uitgeverij Atlas Contact,Histoire | Jeunesse | Sciences,0,NL_FINAL_BATCH_03,KEEP_TRANSLATION,Édition ou traduction néerlandaise validée lors de la revue éditoriale NL.
/books/OL37822777M,Een huis vol,Een kleine geschiedenis van het dagelijks leven,Bill Bryson,1,9789046705872,2020,Olympus,Histoire,0,NL_FINAL_BATCH_03,KEEP_TRANSLATION,Édition ou traduction néerlandaise validée lors de la revue éditoriale NL.
/books/OL4371804M,Voorspel en voorspelling,Nederlandse science fiction van Mr. W. Bilderdijk tot Harry Mulisch en Raoul Chapkis,"Blijstra, Reinder",1,9789021820507,1970,A.W. Sijthoff,,0,NL_FINAL_BATCH_03,KEEP_CORE,Socle néerlandophone validé lors de la revue éditoriale NL.
/books/OL12805703M,Drie modellen van het menselijk handelen,,Bransen J.,1,9789042907126,1999,Peeters,,0,NL_FINAL_BATCH_03,KEEP_CORE,Socle néerlandophone validé lors de la revue éditoriale NL.
/books/OL22484776M,Void,,Brian Sholis | Wieteke van Zeil | Amie Dicke | Amie Dicke,4,9789085460107,2004,Artimo/Gijs Stork,Arts,0,NL_FINAL_BATCH_03,REVIEW,"Notice conservée en revue : langue, édition, attribution, métadonnées, doublon ou nature documentaire restant à confirmer."
/books/OL35332285M,"Dank je wel, lekker brood!",,Brigitte Weninger,1,9789055794348,2000,De Vier Windstreken,Jeunesse,0,NL_FINAL_BATCH_03,KEEP_TRANSLATION,Édition ou traduction néerlandaise validée lors de la revue éditoriale NL.
/books/OL25191241M,Johanna de Waanzinnige,een tragisch leven in een bewogen tijd,"Brouwer, Johannes",1,,1958,Meulenhoff,Fiction,0,NL_FINAL_BATCH_03,KEEP_CORE,Socle néerlandophone validé lors de la revue éditoriale NL.
/books/OL24331059M,Inleiding tot de taal-philosophie,,C. F. P. Stutterheim,1,,1949,"Uitgeversmij. N.V. Standaard-Boekhandel, Antwerpen / N.V. Dekker & Van de Vegt, Nijmegen",Philosophie,0,NL_FINAL_BATCH_03,KEEP_CORE,Socle néerlandophone validé lors de la revue éditoriale NL.
/books/OL2278419M,Nederlands cartesianisme,,C. Louise Thijssen-Schoute,1,9789061942375,1989,HES,Histoire,0,NL_FINAL_BATCH_03,KEEP_CORE,Socle néerlandophone validé lors de la revue éditoriale NL.
/books/OL20762810M,Grammaticale interpretatie van zeventiende-eeuwse teksten,Werkboek,C. van de Ketterij,1,9789001468316,1981,Wolters-Noordhoff,,0,NL_FINAL_BATCH_03,KEEP_CORE,Socle néerlandophone validé lors de la revue éditoriale NL.
/books/OL2596210M,Geschiedenis van de seksuele normen,"oudheid, middeleeuwen, 17de eeuw",C. van Emde Boas,1,9789028909410,1985,Nederlandsche Boekhandel,Histoire,0,NL_FINAL_BATCH_04,KEEP_CORE,Socle néerlandophone validé lors de la revue éditoriale NL.
/books/OL32708344M,Sterk en zwak,,Camilla De la Bédoyère,1,9789461750341,2013,Ars Scribendi Uitgeverij,Jeunesse,0,NL_FINAL_BATCH_04,KEEP_TRANSLATION,Édition ou traduction néerlandaise validée lors de la revue éditoriale NL.
/books/OL35330146M,Van ei tot haai,,Camilla De la Bédoyère,1,9789461750266,2013,Ars Scribendi,Jeunesse,0,NL_FINAL_BATCH_04,KEEP_TRANSLATION,Édition ou traduction néerlandaise validée lors de la revue éditoriale NL.
/books/OL49652284M,CARRIES DAGBOEKEN,,Candace Bushnell,1,9789044614695,2010,Prometheus,Fiction,0,NL_FINAL_BATCH_04,KEEP_TRANSLATION,Édition ou traduction néerlandaise validée lors de la revue éditoriale NL.
/books/OL35327447M,Zomer & de City,het nieuwe dagboek van Carrie,Candace Bushnell,1,9789044614701,2011,Prometheus,Fiction,0,NL_FINAL_BATCH_04,KEEP_TRANSLATION,Édition ou traduction néerlandaise validée lors de la revue éditoriale NL.
/books/OL16988480M,Op het kruispunt van de politiek,links en rechts in Vlaanderen,Carl Devos,1,9789038209920,2006,Academia Press,Politique,0,NL_FINAL_BATCH_04,KEEP_CORE,Socle néerlandophone validé lors de la revue éditoriale NL.
/books/OL27004395M,Pinocchio,het verhaal van een pop,Carlo Collodi,1,,1883,,Biographie | Fantasy | Fiction | Jeunesse,0,NL_FINAL_BATCH_04,KEEP_TRANSLATION,Édition ou traduction néerlandaise validée lors de la revue éditoriale NL.
/books/OL26948966M,Kek iz tak?,,Carson Ellis | Maria Afonso,2,9789025870522,2016,,Jeunesse,0,NL_FINAL_BATCH_04,REVIEW,"Notice conservée en revue : langue, édition, attribution, métadonnées, doublon ou nature documentaire restant à confirmer."
/books/OL24235574M,Het hart is een havik,,Carson McCullers,1,,1960,De Arbeiderspers,Fiction | Romance,0,NL_FINAL_BATCH_04,KEEP_TRANSLATION,Édition ou traduction néerlandaise validée lors de la revue éditoriale NL.
/books/OL33221172M,Stad van gevallen engelen,,Cassandra Clare,1,9789044333954,2012,The House of Books,Fantasy | Fiction,0,NL_FINAL_BATCH_04,KEEP_TRANSLATION,Édition ou traduction néerlandaise validée lors de la revue éditoriale NL.
/books/OL25651840M,Stad van glas,,Cassandra Clare,1,9789044342529,2013,Moon,Fantasy | Fiction | Histoire | Jeunes adultes | Romance,0,NL_FINAL_BATCH_04,KEEP_TRANSLATION,Édition ou traduction néerlandaise validée lors de la revue éditoriale NL.
/books/OL45924984M,"Ja, ja, ja",,Cecily von Ziegesar,1,9789022559130,2011,Boekerij,Fiction,0,NL_FINAL_BATCH_04,KEEP_TRANSLATION,Édition ou traduction néerlandaise validée lors de la revue éditoriale NL.
/books/OL5288651M,The blessings of liberty.,,"Chafee, Zechariah",1,9780837165363,1973,Greenwood Press,Arts,0,NL_FINAL_BATCH_04,REPLACE,"Notice à remplacer : langue étrangère, doublon non retenu, série institutionnelle inadéquate ou qualité bibliographique insuffisante pour le socle NL."
/books/OL24680029M,De bloemen van het Kwaad,Les Fleurs du Mal,Charles Baudelaire,1,9789028250345,1995,G.A. van Oorschot,Arts | Biographie | Histoire | Poésie,0,NL_FINAL_BATCH_04,KEEP_TRANSLATION,Édition ou traduction néerlandaise validée lors de la revue éditoriale NL.
/books/OL5030750M,Onechte paradijzen,Opium en hasjiesj.,Charles Baudelaire,1,9789029001311,1971,"Meulenhoff, [Nederland",Fiction,0,NL_FINAL_BATCH_04,KEEP_TRANSLATION,Édition ou traduction néerlandaise validée lors de la revue éditoriale NL.
/books/OL12848597M,De ontdekking van het onschuldige criminele kind,Bestraffing en opvoeding van criminele kinderen in jeugdgevangenis en opvoedingsgesticht 1833-1886,Chris Leonards,1,9789065505187,1995,Verloren,Histoire,0,NL_FINAL_BATCH_04,KEEP_CORE,Socle néerlandophone validé lors de la revue éditoriale NL.
/books/OL35341372M,Het computertijdperk,,Chris Oxlade,1,9789054953838,2001,Corona,Histoire | Jeunesse | Technologie,0,NL_FINAL_BATCH_04,KEEP_TRANSLATION,Édition ou traduction néerlandaise validée lors de la revue éditoriale NL.
/books/OL18461252M,Oeuvres complètes de Christiaan Huygens,,Christiaan Huygens,1,,1888,Nijhoff,Biographie | Sciences,0,NL_FINAL_BATCH_04,REPLACE,"Notice à remplacer : langue étrangère, doublon non retenu, série institutionnelle inadéquate ou qualité bibliographique insuffisante pour le socle NL."
/books/OL35333551M,Mijn naam is Bud,,Christopher Paul Curtis | Alberto Jimenez Rioja | aa | Reginald André Jackson,4,9789020943009,2001,Lannoo,Fiction | Histoire | Théâtre,0,NL_FINAL_BATCH_04,REVIEW,"Notice conservée en revue : langue, édition, attribution, métadonnées, doublon ou nature documentaire restant à confirmer."
/books/OL1195244M,"Tegen Piso, voor Plancius, voor Rabirius, voor Milo",,Cicero,1,9789026312526,1993,Ambo,Histoire | Politique,0,NL_FINAL_BATCH_04,KEEP_TRANSLATION,Édition ou traduction néerlandaise validée lors de la revue éditoriale NL.
/books/OL2730481M,Star children,,Clara Asscher-Pinkhof,1,9780814318461,1986,Wayne State University Press,Fiction,0,NL_FINAL_BATCH_04,REPLACE,"Notice à remplacer : langue étrangère, doublon non retenu, série institutionnelle inadéquate ou qualité bibliographique insuffisante pour le socle NL."
/books/OL5591010M,Sterrekinderen.,,Clara Asscher-Pinkhof,1,,1967,H.P. Leopold,Fiction,0,NL_FINAL_BATCH_04,KEEP_CORE,Socle néerlandophone validé lors de la revue éditoriale NL.
/books/OL35333399M,Clara's oorlog,Het waargebeurde verhaal van een jong meisje over haar wonderbaarlijke overleving tijdens de bezetting van de nazi's,Clara Kramer | Stephen Glantz,2,9789029572224,2010,De Arbeiderspers,Biographie | Fiction | Histoire,0,NL_FINAL_BATCH_04,KEEP_TRANSLATION,Édition ou traduction néerlandaise validée lors de la revue éditoriale NL.
/books/OL12846151M,Xtra Strong/Light Composites (Lieven Gavaert Series 4),,Clem Van Himbeeck,1,9789058675620,2006,Not Avail,,0,NL_FINAL_BATCH_04,REVIEW,"Notice conservée en revue : langue, édition, attribution, métadonnées, doublon ou nature documentaire restant à confirmer."
/books/OL35325944M,Badminton,,Clive Gifford,1,9789055664061,2008,Ars Scribendi,Jeunesse,0,NL_FINAL_BATCH_04,KEEP_TRANSLATION,Édition ou traduction néerlandaise validée lors de la revue éditoriale NL.
/books/OL35331091M,Karate,,Clive Gifford,1,9789055667321,2010,Ars Scribendi Uitgeverij,Jeunesse,0,NL_FINAL_BATCH_04,KEEP_TRANSLATION,Édition ou traduction néerlandaise validée lors de la revue éditoriale NL.
/books/OL4165822M,De opbouw van de wetenschap,een inleiding in de wetenschapsleer,Cornelis Anthonie van Peursen,1,9789060094563,1980,Boom,Philosophie | Sciences,0,NL_FINAL_BATCH_04,KEEP_CORE,Socle néerlandophone validé lors de la revue éditoriale NL.
/books/OL21218815M,Phenomenology and analytical philosophy,,Cornelis Anthonie van Peursen,1,9780820701394,1972,Duquesne University Press,,0,NL_FINAL_BATCH_04,REPLACE,"Notice à remplacer : langue étrangère, doublon non retenu, série institutionnelle inadéquate ou qualité bibliographique insuffisante pour le socle NL."
/books/OL22882221M,Historisch verhael en politique bedeckingen aengaende de bestieringe van staet-en oorloghs-saken,voor-gevallen onder de bedieningen van de Heeren Cornelis en Johan de Witt.,Cornelis de Witt,1,,1677,J. H. B.,Histoire,0,NL_FINAL_BATCH_04,KEEP_CORE,Socle néerlandophone validé lors de la revue éditoriale NL.
/books/OL25588163M,De nederlandsche scheeps-bouw-konst open gestelt,"vertoonende naar wat regel, of evenredenheyd, in Nederland meest alle scheepen werden gebouwd : mitsgaders masten, zeylen, ankers, en touwen, enz. daar aan gepast : soo suit de schriften van ouder, als jonger bouw-meesters, als ook by eygen ondervindinge, tot nut van alle jonge bouw-meesters en knechten, als ook uitreeders en liefhebbers van scheepen",Cornelis van Eyk,1,,1697,Gedrukt by Andries Voorstad tot Delft voor Jan ten Hoorn,Histoire,0,NL_FINAL_BATCH_04,KEEP_CORE,Socle néerlandophone validé lors de la revue éditoriale NL.
/books/OL20672340M,De ogen van Plato,een essay over de grenzen van de schijn,Cornelis Verhoeven,1,9789053525784,2000,Boom,,0,NL_FINAL_BATCH_05,KEEP_CORE,Socle néerlandophone validé lors de la revue éditoriale NL.
/books/OL22925568M,Kaputt,geautoriseerde vertaling uit het Italiaans.,Curzio Malaparte,1,,,A. Manteau,Biographie | Fiction,0,NL_FINAL_BATCH_05,KEEP_TRANSLATION,Édition ou traduction néerlandaise validée lors de la revue éditoriale NL.
/books/OL32365290M,Het Verloren Symbool,,Dan Brown,1,9789024553280,2009,Luitingh,Fiction | Thriller,0,NL_FINAL_BATCH_05,KEEP_TRANSLATION,Édition ou traduction néerlandaise validée lors de la revue éditoriale NL.
/books/OL872653M,De ontdekkers,de zoektocht van de mens naar zichzelf en zijn wereld,Daniel J. Boorstin,1,9789010059314,1987,Elsevier,Biographie | Histoire | Sciences,0,NL_FINAL_BATCH_05,KEEP_TRANSLATION,Édition ou traduction néerlandaise validée lors de la revue éditoriale NL.
/books/OL1178226M,De scheppende mens,artistieke doorbraken in de wereldgeschiedenis,Daniel J. Boorstin,1,9789051571776,1993,Agon,Histoire,0,NL_FINAL_BATCH_05,KEEP_TRANSLATION,Édition ou traduction néerlandaise validée lors de la revue éditoriale NL.
/books/OL16414079M,Het huis aan het strand,,Daphne du Maurier,1,9789022523810,1980,De Boekerij,Fiction,0,NL_FINAL_BATCH_05,KEEP_TRANSLATION,Édition ou traduction néerlandaise validée lors de la revue éditoriale NL.
/books/OL22156610M,Mary Anne,,Daphne du Maurier,1,9789022525050,1982,De Boekerij,Fiction,0,NL_FINAL_BATCH_05,KEEP_TRANSLATION,Édition ou traduction néerlandaise validée lors de la revue éditoriale NL.
/books/OL32990858M,Dog man,,Dav Pilkey,1,9789492899019,2020,Condor,BD et romans graphiques | Fiction,0,NL_FINAL_BATCH_05,REVIEW,"Notice conservée en revue : langue, édition, attribution, métadonnées, doublon ou nature documentaire restant à confirmer."
/books/OL35616429M,Wat is de Wat,de autobiografie van Valentino Achak Deng,Dave Eggers,1,9789049950484,2007,Rotschild & Bach,Fiction | Histoire,0,NL_FINAL_BATCH_05,KEEP_TRANSLATION,Édition ou traduction néerlandaise validée lors de la revue éditoriale NL.
/books/OL35262355M,Zeitoun,,Dave Eggers,1,9789048803057,2009,Lebowski,Biographie | Fiction | Histoire,0,NL_FINAL_BATCH_05,KEEP_TRANSLATION,Édition ou traduction néerlandaise validée lors de la revue éditoriale NL.
/books/OL35616562M,Slangenkuil,,David Almond,1,9789045110783,2010,Querido,Arts | Fiction | Jeunes adultes,0,NL_FINAL_BATCH_05,KEEP_TRANSLATION,Édition ou traduction néerlandaise validée lors de la revue éditoriale NL.
/books/OL4632762M,Het houtsnijwerk in Nederland tijdens de Gothiek en de Renaissance,,David Bierens de Haan,1,9789024719235,1977,M. Nijhoff,,0,NL_FINAL_BATCH_05,KEEP_CORE,Socle néerlandophone validé lors de la revue éditoriale NL.
/books/OL17098025M,Geopolitiek,"""geografisch geweten"" van de buitenlandse politiek?",David Criekemans,1,9789044119695,2006,Garant,Histoire | Politique,0,NL_FINAL_BATCH_05,KEEP_CORE,Socle néerlandophone validé lors de la revue éditoriale NL.
/books/OL22228132M,David Hockney,paintings and photographs of paintings,David Hockney,1,9789069181592,1995,Museum Boymans-van Beuningen,,0,NL_FINAL_BATCH_05,REVIEW,"Notice conservée en revue : langue, édition, attribution, métadonnées, doublon ou nature documentaire restant à confirmer."
/books/OL14027726M,De verhouding tusschen de plaatselijke en de algemeene kerk in de eerste drie eeuwen,Een onderzoek mede ter belichting van den hedendaagschen kerkelijken strijd.,David Jacobs,1,,1927,J. Ginsberg,Histoire,0,NL_FINAL_BATCH_05,KEEP_CORE,Socle néerlandophone validé lors de la revue éditoriale NL.
/books/OL33219801M,De Indische klerk,,David Leavitt,1,9789061698999,2009,De Harmonie,Fiction,0,NL_FINAL_BATCH_05,KEEP_TRANSLATION,Édition ou traduction néerlandaise validée lors de la revue éditoriale NL.
/books/OL31581020M,De jongen in de jurk,,David Walliams,1,9789025745424,2009,Gottmer,Fiction,0,NL_FINAL_BATCH_05,KEEP_TRANSLATION,Édition ou traduction néerlandaise validée lors de la revue éditoriale NL.
/books/OL43020811M,De waanzinnige tandarts,,David Walliams,1,9789044823332,2014,Uitgeverij Clavis,Fiction,0,NL_FINAL_BATCH_05,KEEP_TRANSLATION,Édition ou traduction néerlandaise validée lors de la revue éditoriale NL.
/books/OL37738641M,Begraaf mijn hart bij Wounded Knee,een indiaanse geschiedenis van het Amerikaanse westen,Dee Alexander Brown,1,9789060458983,1975,Hollandia,Histoire,0,NL_FINAL_BATCH_05,KEEP_TRANSLATION,Édition ou traduction néerlandaise validée lors de la revue éditoriale NL.
/books/OL24395388M,De naakte aap,een zoölogische studie van het menselijke dier,Desmond Morris,1,,1968,Bruna,,0,NL_FINAL_BATCH_05,KEEP_TRANSLATION,Édition ou traduction néerlandaise validée lors de la revue éditoriale NL.
/books/OL35340314M,Burp!,het meest nuttige boek over eten,Diane Swanson,1,9789054835752,2005,Biblion,Jeunesse,0,NL_FINAL_BATCH_05,KEEP_TRANSLATION,Édition ou traduction néerlandaise validée lors de la revue éditoriale NL.
/books/OL24381348M,Nijntje,,Dick Bruna,1,9789073991927,1997,Mercis,Fiction,0,NL_FINAL_BATCH_05,KEEP_CORE,Socle néerlandophone validé lors de la revue éditoriale NL.
/books/OL12846189M,HOMERUN,"Krijgsgevangen, Ontsnapt, Soldaat",Didier Pontzeele,1,9789058680594,2003,De Krijger,Biographie | Histoire,0,NL_FINAL_BATCH_05,KEEP_CORE,Socle néerlandophone validé lors de la revue éditoriale NL.
/books/OL12851301M,KRIJGSGEVANGEN,Belgische Officiers in het Kasteel van Colditz 1940 - 1943,Didier Pontzeele,1,9789072547910,2006,De Krijger,Biographie | Histoire,0,NL_FINAL_BATCH_05,KEEP_CORE,Socle néerlandophone validé lors de la revue éditoriale NL.
/books/OL25399965M,Het oproer te Utrecht in 1610,,Dina Albertina Felix,1,,1919,Oosthoek,Histoire,0,NL_FINAL_BATCH_05,KEEP_CORE,Socle néerlandophone validé lors de la revue éditoriale NL.
/books/OL17413526M,De oude apotheek,,Dirk Arnold Wittkop Koning,1,,1966,C.A.J. van Dishoeck,,0,NL_FINAL_BATCH_05,KEEP_CORE,Socle néerlandophone validé lors de la revue éditoriale NL.
/books/OL14753012M,Koning-Stadhouder Willem III en de Zeeuwse Admiraal Cornelis Evertsen,over een Hollands-Zeeuwse vriendschap en een expeditie overzee in 1688,Doeke Roos,1,9789072138026,1988,Koperen Tuin,Biographie | Histoire | Politique,0,NL_FINAL_BATCH_05,KEEP_CORE,Socle néerlandophone validé lors de la revue éditoriale NL.
/books/OL22508725M,"De Stijl toen, J.J.P. Oud nu","de bijdrage van architect J.J.P. Oud aan herdenken, herstellen en bouwen in Nederland (1938-1963)",Dolf Broekhuizen,1,9789056621933,2000,NAi,Histoire,0,NL_FINAL_BATCH_05,KEEP_CORE,Socle néerlandophone validé lors de la revue éditoriale NL.
/books/OL58467822M,Baba Jaga legde een ei,,Dubravka Ugrešić,1,9789038802688,2024,Nijgh & Van Ditmar,Fiction,0,NL_FINAL_BATCH_05,KEEP_TRANSLATION,Édition ou traduction néerlandaise validée lors de la revue éditoriale NL.
/books/OL35329310M,Steffie Steek in de klauwen van het leven,,Dubravka Ugrešić,1,9789067661744,1994,Muntinga,,0,NL_FINAL_BATCH_05,KEEP_TRANSLATION,Édition ou traduction néerlandaise validée lors de la revue éditoriale NL.
/books/OL12805921M,"Het Oorkondewezen Van Enige Kloosters En Steden in Holland En Zeeland 1200-1325 (Schrift En Schriftdragers in De Nederlanden in De Middeleeuwen, 3.1)",,E. C. Dijkhof,1,9789042912885,2003,David Brown Book Company,Histoire,0,NL_FINAL_BATCH_06,KEEP_CORE,Socle néerlandophone validé lors de la revue éditoriale NL.
/books/OL12850759M,Studia Phoenicia. Tome I: Redt Tyrus / Sauvons Tyr. - Tome II,Histoire Phinicienne / Fenicische Geschiedenis. (Orientalia Lovaniensia Analecta),E. Gubel,1,9789070192136,1983,Peeters,Histoire,0,NL_FINAL_BATCH_06,REVIEW,"Notice conservée en revue : langue, édition, attribution, métadonnées, doublon ou nature documentaire restant à confirmer."
/books/OL3175775M,Country of origin,,Edgar du Perron,1,9780870234293,1984,University of Massachusetts Press,Fiction,0,NL_FINAL_BATCH_06,REPLACE,"Notice à remplacer : langue étrangère, doublon non retenu, série institutionnelle inadéquate ou qualité bibliographique insuffisante pour le socle NL."
/books/OL32985940M,De gehuwde man,,Edmund White,1,9789025496678,2000,Contact,Fiction,0,NL_FINAL_BATCH_06,KEEP_TRANSLATION,Édition ou traduction néerlandaise validée lors de la revue éditoriale NL.
/books/OL35616236M,Anna Livia Plurabelle,,Edna O’Brien | James Joyce,2,9789041709721,2013,Uitgeverij Rainbow bv,,0,NL_FINAL_BATCH_06,REVIEW,"Notice conservée en revue : langue, édition, attribution, métadonnées, doublon ou nature documentaire restant à confirmer."
/books/OL23434608M,Dogmatische Rechtswetenschap,,Eduard Maurits Meijers,1,,1903,Belinfante,Philosophie,0,NL_FINAL_BATCH_06,KEEP_CORE,Socle néerlandophone validé lors de la revue éditoriale NL.
/books/OL14013512M,"Hollands rijkdom, behelzende den oorsprong van den koophandel, en van den magt van dezen staat ... uit het Fransch vertaald, vervolgens overgezien, merkelijk veranderd, verm. en van verscheiden misslagen gezuiverd",,Elias Luzac,1,,1780,Luzac en van Damme,Histoire,0,NL_FINAL_BATCH_06,KEEP_TRANSLATION,Édition ou traduction néerlandaise validée lors de la revue éditoriale NL.
/books/OL21016779M,Dynamiet,,Elmore Leonard,1,9789026975929,1989,Van Holkema &Warendorf,Fiction | Policier et mystère,0,NL_FINAL_BATCH_06,KEEP_TRANSLATION,Édition ou traduction néerlandaise validée lors de la revue éditoriale NL.
/books/OL15977969M,Tuig,,Elmore Leonard,1,9789022521564,1996,De Boekerij,Fiction | Policier et mystère,0,NL_FINAL_BATCH_06,KEEP_TRANSLATION,Édition ou traduction néerlandaise validée lors de la revue éditoriale NL.
/books/OL32986221M,De onwillige moordenaar,,Eoin Colfer,1,9789000329588,2014,Van Goor,Fiction | Histoire | Science-fiction,0,NL_FINAL_BATCH_06,KEEP_TRANSLATION,Édition ou traduction néerlandaise validée lors de la revue éditoriale NL.
/books/OL188841M,American daughter,,Era Bell Thompson,1,,1946,The University of Chicago Press,Biographie,0,NL_FINAL_BATCH_06,REPLACE,"Notice à remplacer : langue étrangère, doublon non retenu, série institutionnelle inadéquate ou qualité bibliographique insuffisante pour le socle NL."
/books/OL12848591M,Op de juiste plaats,De opkomst van de bedrijfs- en psychologische beroepspraktijk in Nederland (Publikaties van de Faculteit der Historische en Kunstwetenschappen),Eric Haas,1,9789065504227,1995,Verloren,Histoire,0,NL_FINAL_BATCH_06,KEEP_CORE,Socle néerlandophone validé lors de la revue éditoriale NL.
/books/OL26227841M,"Liefhebben, een kunst, een kunde",,Erich Fromm,1,9789061315674,1995,Bijleveld,Philosophie,0,NL_FINAL_BATCH_06,KEEP_TRANSLATION,Édition ou traduction néerlandaise validée lors de la revue éditoriale NL.
/books/OL21301054M,De hemel kent geen gunstelingen.,,Erich Maria Remarque,1,,1950,Van Holkema en Warendorf,Fiction,0,NL_FINAL_BATCH_06,KEEP_TRANSLATION,Édition ou traduction néerlandaise validée lors de la revue éditoriale NL.
/books/OL22456019M,Cold fusion,,Erik Hagoort | Rob Birza | Rob Birza | Dominic van den Boogerd,4,9789056621759,2000,Stedelijk Museum,Arts,0,NL_FINAL_BATCH_06,REVIEW,"Notice conservée en revue : langue, édition, attribution, métadonnées, doublon ou nature documentaire restant à confirmer."
/books/OL31281956M,Wat is een natie?,,Ernest Renan,1,9789035251076,2013,Elsevier Boeken,,0,NL_FINAL_BATCH_06,KEEP_TRANSLATION,Édition ou traduction néerlandaise validée lors de la revue éditoriale NL.
/books/OL14511427M,"Ambon: kolonisatie, dekolonisatie en neo-kolonisatie.",,Ernst Utrecht,1,9789060121511,1972,van Gennep,Histoire,0,NL_FINAL_BATCH_06,KEEP_CORE,Socle néerlandophone validé lors de la revue éditoriale NL.
/books/OL15117296M,Bacchae.,Van aantekeningen voorzien door A.G. Westerbrink.,Euripides,1,,1963,E.J. Brill,Théâtre,0,NL_FINAL_BATCH_06,REVIEW,"Notice conservée en revue : langue, édition, attribution, métadonnées, doublon ou nature documentaire restant à confirmer."
/books/OL25535341M,Gelukkig nieuwjaar,,Eveline Doelman,1,9789048513093,2010,Amsterdam University Press,Histoire,0,NL_FINAL_BATCH_06,KEEP_CORE,Socle néerlandophone validé lors de la revue éditoriale NL.
/books/OL21016472M,Heroïne en Antiek.,,Evelyn Anthony,1,9789024503445,1974,Uitgeverij Luitingh,,0,NL_FINAL_BATCH_06,KEEP_TRANSLATION,Édition ou traduction néerlandaise validée lors de la revue éditoriale NL.
/books/OL42944987M,De blinde man,,Faye Kellerman,1,9789022555125,2010,De Boekerij,Fiction | Policier et mystère,0,NL_FINAL_BATCH_06,KEEP_TRANSLATION,Édition ou traduction néerlandaise validée lors de la revue éditoriale NL.
/books/OL24727070M,Einde of Nieuw Begin?,Onze maatschappij op de breuklijn: een informatie- en werkboek,Feitse Boerwinkel,1,9789026302657,1977,Ambo,Histoire,0,NL_FINAL_BATCH_06,KEEP_CORE,Socle néerlandophone validé lors de la revue éditoriale NL.
/books/OL23303338M,kindeken Jezus in Vlaanderen,,Felix Timmermans,1,,1900,P.N. van Kampen,Fiction,0,NL_FINAL_BATCH_06,KEEP_CORE,Socle néerlandophone validé lors de la revue éditoriale NL.
/books/OL24651413M,Karakter,roman van zoon en vader,Ferdinand Bordewijk,1,,1938,Nijgh & Van Ditmar,Fiction,0,NL_FINAL_BATCH_06,KEEP_CORE,Socle néerlandophone validé lors de la revue éditoriale NL.
/books/OL32961037M,De Azteken,"eet, drink, schrijf, speel en kleed je als een Azteek",Fiona MacDonald,1,9789055663019,2009,Ars Scribendi,Histoire | Jeunesse,0,NL_FINAL_BATCH_06,KEEP_TRANSLATION,Édition ou traduction néerlandaise validée lors de la revue éditoriale NL.
/books/OL6513472M,Dusty for speed!,,Frances Fullerton Neilson,1,,1947,E.P. Dutton,Arts,0,NL_FINAL_BATCH_06,REPLACE,"Notice à remplacer : langue étrangère, doublon non retenu, série institutionnelle inadéquate ou qualité bibliographique insuffisante pour le socle NL."
/books/OL24733035M,De Geschiedenis van de Eeuwigheid,,Francisco A. Colombo | Jorge Luis Borges | Amado Alonso,3,9789023408864,1985,De Bezige Bij,Philosophie,0,NL_FINAL_BATCH_06,REVIEW,"Notice conservée en revue : langue, édition, attribution, métadonnées, doublon ou nature documentaire restant à confirmer."
/books/OL28403406M,De philosophie der voorsokratici,,Franciscus de Raedemaeker,1,,1953,Standaard-Boekhandel,,0,NL_FINAL_BATCH_06,KEEP_CORE,Socle néerlandophone validé lors de la revue éditoriale NL.
/books/OL12848603M,Die ostafrikanische Schweiz,"Plantages, planters en plattelandsontwikkeling in West-Usambara, Oost-Afrika, ca. 1870-1930 (N.W. Posthumus reeks)",Franciscus Dominicus Huijzendveld,1,9789065505569,1997,Verloren,Histoire | Politique | Économie et entreprise,0,NL_FINAL_BATCH_06,KEEP_CORE,Socle néerlandophone validé lors de la revue éditoriale NL.
/books/OL18029924M,Vitale democratie,theorie van democratie in actie,Frank Hendriks,1,9789053569573,2006,Amsterdam University Press,Philosophie,0,NL_FINAL_BATCH_06,KEEP_CORE,Socle néerlandophone validé lors de la revue éditoriale NL.
/books/OL12846171M,Fort Napoleon,,Frank Ryon,1,9789058680143,2002,De Krijger,,0,NL_FINAL_BATCH_07,KEEP_CORE,Socle néerlandophone validé lors de la revue éditoriale NL.
/books/OL25418595M,Ontspoorde wetenschap,"Over fraude, plagiaat en academische mores",Frank van Kolfschooten,1,9789491567025,2012,De Kring,Sciences,0,NL_FINAL_BATCH_07,KEEP_CORE,Socle néerlandophone validé lors de la revue éditoriale NL.
/books/OL19108741M,Als in een donkere spiegel,de kunst in de moderne filosofie,Frank Vande Veire,1,9789058750570,2002,SUN,Histoire,0,NL_FINAL_BATCH_07,KEEP_CORE,Socle néerlandophone validé lors de la revue éditoriale NL.
/books/OL25557782M,Waartoe wetenschap?,,Frans W. Saris,1,9789087280222,2007,Leiden University Press,Sciences,0,NL_FINAL_BATCH_07,KEEP_CORE,Socle néerlandophone validé lors de la revue éditoriale NL.
/books/OL31967178M,De Verste Ster,,Frederik Pohl | Jack Williamson,2,9789062215416,1977,Scala,Science-fiction,0,NL_FINAL_BATCH_07,KEEP_TRANSLATION,Édition ou traduction néerlandaise validée lors de la revue éditoriale NL.
/books/OL22045680M,Apocalypse,visionen uit het Boek der Openbaring in de kunst,Frederik van der Meer,1,,1978,Mercatorfonds,Histoire,0,NL_FINAL_BATCH_07,KEEP_CORE,Socle néerlandophone validé lors de la revue éditoriale NL.
/books/OL13531360M,Early Christian art,,Frederik van der Meer,1,,1967,University of Chicago Press,,0,NL_FINAL_BATCH_07,REPLACE,"Notice à remplacer : langue étrangère, doublon non retenu, série institutionnelle inadéquate ou qualité bibliographique insuffisante pour le socle NL."
/books/OL26443638M,Duivels,,Fyodor Dostoyevsky,1,9789025364618,2009,Athenaeum-Polak & Van Gennep,Fiction | Politique,0,NL_FINAL_BATCH_07,KEEP_TRANSLATION,Édition ou traduction néerlandaise validée lors de la revue éditoriale NL.
/books/OL12850887M,Het eerste kohier van de tiende penning van Delft (1543) (Apparaat voor de geschiedenis van Holland),,G Verhoeven,1,9789070403416,1999,Verloren,Histoire | Économie et entreprise,0,NL_FINAL_BATCH_07,KEEP_CORE,Socle néerlandophone validé lors de la revue éditoriale NL.
/books/OL17026188M,(Strafbare) overlast door jongerengroepen in het kader van openbaar vervoer,"fenomeen, dadergroepen, onveiligheidsbeleving, beleidsevaluatie en -aanbevelingen",G. Vermeulen,1,9789046600412,2006,Maklu,,0,NL_FINAL_BATCH_07,KEEP_CORE,Socle néerlandophone validé lors de la revue éditoriale NL.
/books/OL12799667M,de Meridiaan Van Moskou,"de Cpn En de Communistische Internationale, 1919-1930",G. Voerman,1,9789020456387,2001,Veen,Histoire,0,NL_FINAL_BATCH_07,KEEP_CORE,Socle néerlandophone validé lors de la revue éditoriale NL.
/books/OL19720219M,Clochemerle,groteske perikelen in een klein dorp,Gabriel Chevallier,1,,,A.J.G.Strengholt,,0,NL_FINAL_BATCH_07,KEEP_TRANSLATION,Édition ou traduction néerlandaise validée lors de la revue éditoriale NL.
/books/OL22965002M,De kinderkens van Clochemerle,roman,Gabriel Chevallier,1,,1955,A.J.G. Strengholt,Fiction,0,NL_FINAL_BATCH_07,KEEP_TRANSLATION,Édition ou traduction néerlandaise validée lors de la revue éditoriale NL.
/books/OL32130886M,Ontvoeringsbericht,,Gabriel García Márquez,1,9789029053884,1996,Meulenhoff,,0,NL_FINAL_BATCH_07,KEEP_TRANSLATION,Édition ou traduction néerlandaise validée lors de la revue éditoriale NL.
/books/OL32811693M,3× wicca,,Gabrielle Charbonnet,1,9789022547267,2007,Mynx,Fiction,0,NL_FINAL_BATCH_07,KEEP_TRANSLATION,Édition ou traduction néerlandaise validée lors de la revue éditoriale NL.
/books/OL32852097M,Voor altijd de jouwe,,Gabrielle Charbonnet,1,9789022557037,2014,Boekerij,Fiction | Jeunes adultes,0,NL_FINAL_BATCH_07,KEEP_TRANSLATION,Édition ou traduction néerlandaise validée lors de la revue éditoriale NL.
/books/OL21913950M,De Instituten van Gaius,,Gaius,1,9789060114667,1994,Walburg Pers,Histoire,0,NL_FINAL_BATCH_07,KEEP_TRANSLATION,Édition ou traduction néerlandaise validée lors de la revue éditoriale NL.
/books/OL25892052M,Memoires Van De Gallische Oorlog,Door Julius Caesar (Nederlandse Vertaling),Gaius Julius Caesar,1,9781530017065,2016,Ipgs Publishing,Histoire,0,NL_FINAL_BATCH_07,KEEP_CORE,Socle néerlandophone validé lors de la revue éditoriale NL.
/books/OL12808113M,Mannelijke vrouwen,Over grenzen van sekse in de negentiende eeuw,Geertje Mak,1,9789053522936,1997,Boom,Histoire,0,NL_FINAL_BATCH_07,KEEP_CORE,Socle néerlandophone validé lors de la revue éditoriale NL.
/books/OL12807927M,Johanna Borski,Financier van Nederland 1764-1846,Geertje Wiersma,1,9789053336359,1998,Prometheus,Biographie | Histoire,0,NL_FINAL_BATCH_07,KEEP_CORE,Socle néerlandophone validé lors de la revue éditoriale NL.
/books/OL12848587M,Verborgen en geborgen,Het cistercienzerinnenklooster Leeuwenhorst in de Noordwijkse regio (1261-1574) (Middeleeuwse studies en bronnen),Geertruida de Moor,1,9789065502667,1994,Verloren,Histoire,0,NL_FINAL_BATCH_07,KEEP_CORE,Socle néerlandophone validé lors de la revue éditoriale NL.
/books/OL12805718M,Kritische profielen,,Geldof K.,1,9789042907485,1999,Peeters,,0,NL_FINAL_BATCH_07,KEEP_CORE,Socle néerlandophone validé lors de la revue éditoriale NL.
/books/OL32623078M,Mevr. Warren's Bedrijf,,George Bernard Shaw,1,,2017,Project Gutenberg,Fiction | Théâtre,0,NL_FINAL_BATCH_07,REVIEW,"Notice conservée en revue : langue, édition, attribution, métadonnées, doublon ou nature documentaire restant à confirmer."
/books/OL12851665M,Four Centuries of Dutch Planes and Planemakers,,Gerrit van der Sterre,1,9789074310628,2001,Gordon & Breach Science Pub,Histoire,0,NL_FINAL_BATCH_07,REPLACE,"Notice à remplacer : langue étrangère, doublon non retenu, série institutionnelle inadéquate ou qualité bibliographique insuffisante pour le socle NL."
/books/OL12808353M,"Napoleon, voor en tegen in de Franse geschiedschrijving",,"Geyl, P.",1,9789053568934,2007,Amsterdam University Press,Histoire,0,NL_FINAL_BATCH_07,KEEP_CORE,Socle néerlandophone validé lors de la revue éditoriale NL.
/books/OL23694836M,Een publieke zaak,theologie tussen geloof en wetenschap,Gijsbert van den Brink,1,9789023913320,2004,Boekencentrum,Philosophie | Sciences,0,NL_FINAL_BATCH_07,KEEP_CORE,Socle néerlandophone validé lors de la revue éditoriale NL.
/books/OL37064269M,"Caravaggio, 1571-1610",,Gilles Lambert,1,9783822832721,2004,Taschen,,0,NL_FINAL_BATCH_07,REVIEW,"Notice conservée en revue : langue, édition, attribution, métadonnées, doublon ou nature documentaire restant à confirmer."
/books/OL19006650M,Nora.,,Glenn Savan,1,9789051121810,1987,ZHU,Fiction,0,NL_FINAL_BATCH_07,REVIEW,"Notice conservée en revue : langue, édition, attribution, métadonnées, doublon ou nature documentaire restant à confirmer."
/books/OL35337835M,Overleven,,Gordon Korman,1,9789020664140,2003,Kluitman,Fiction | Jeunesse,0,NL_FINAL_BATCH_07,KEEP_TRANSLATION,Édition ou traduction néerlandaise validée lors de la revue éditoriale NL.
/books/OL35328799M,Schipbreuk,,Gordon Korman,1,9789020664133,2003,Kluitman,,0,NL_FINAL_BATCH_07,KEEP_TRANSLATION,Édition ou traduction néerlandaise validée lors de la revue éditoriale NL.
/books/OL41375030M,Peyton Place,,Grace Metalious,1,,1969,Nederlandse Boekenclub,Fiction,0,NL_FINAL_BATCH_08,KEEP_TRANSLATION,Édition ou traduction néerlandaise validée lors de la revue éditoriale NL.
/books/OL25651516M,Koud zweet,,Graham McNamee,1,9789050165464,2009,Uitgeverij Clavis B.V.B.A.,Fiction,0,NL_FINAL_BATCH_08,KEEP_TRANSLATION,Édition ou traduction néerlandaise validée lors de la revue éditoriale NL.
/books/OL47548308M,Eon,,Greg Bear,1,9789029042208,1992,Meulenhoff,Fiction | Science-fiction,0,NL_FINAL_BATCH_08,KEEP_TRANSLATION,Édition ou traduction néerlandaise validée lors de la revue éditoriale NL.
/books/OL32361177M,Kolkende kloof,,Gregory Benford,1,9789024523344,1995,Luitingh-Sijthoff,Fiction,0,NL_FINAL_BATCH_08,KEEP_TRANSLATION,Édition ou traduction néerlandaise validée lors de la revue éditoriale NL.
/books/OL32811205M,Max op de fiets,,Guido van Genechten,1,9789044806946,2007,Clavis,Fiction,0,NL_FINAL_BATCH_08,KEEP_CORE,Socle néerlandophone validé lors de la revue éditoriale NL.
/books/OL58494671M,Guinness World Records 2009,,Guinness World Records,1,9789021534855,2008,Kosmos Uitgevers,Jeunesse,0,NL_FINAL_BATCH_08,KEEP_TRANSLATION,Édition ou traduction néerlandaise validée lors de la revue éditoriale NL.
/books/OL25167707M,Sylvie,,Gérard de Nerval,1,9789065210487,1981,Peter van der Velden,Fiction,0,NL_FINAL_BATCH_08,KEEP_TRANSLATION,Édition ou traduction néerlandaise validée lors de la revue éditoriale NL.
/books/OL12848811M,"Walvisvaart, wijnhandel & schilderkunst: De Rotterdamse reders Beyerman = Whale hunting, wine trading & painting : de Rotterdam ship-owners Beyerman = ...",Les armateurs Beyerman de Rotterdam,H. C Beyerman,1,9789067073639,1995,De Bataafsche Leeuw,Histoire,0,NL_FINAL_BATCH_08,KEEP_CORE,Socle néerlandophone validé lors de la revue éditoriale NL.
/books/OL12806036M,Memorabele Mystiek,De Rationale-passage Uit Jan Van Ruusbroecs Vanden Geesteliken Tabernakel (Antwerpse Studies Over Nederlandse Literatuurgeschiedenis),H. Ceulemans,1,9789042917590,2007,Peeters,Histoire,0,NL_FINAL_BATCH_08,KEEP_CORE,Socle néerlandophone validé lors de la revue éditoriale NL.
/books/OL2425483M,Grenzen van het theoretisch denken,,H. Dooyeweerd,1,9789026307850,1986,Ambo,Philosophie | Religion,0,NL_FINAL_BATCH_08,KEEP_CORE,Socle néerlandophone validé lors de la revue éditoriale NL.
/books/OL4220378M,Roots of Western culture,"pagan, secular, and Christian options",H. Dooyeweerd,1,9780889061040,1979,Wedge Pub. Foundation,Histoire | Philosophie | Religion,0,NL_FINAL_BATCH_08,REPLACE,"Notice à remplacer : langue étrangère, doublon non retenu, série institutionnelle inadéquate ou qualité bibliographique insuffisante pour le socle NL."
/books/OL36578346M,De Mijnen Van Koning Salomo,"Grote en Ongelooflijke Avonturen Om de Mijnen Te Veroveren, in Een Onbekende Wereld, Alle Tegenslagen Van de Jungle Trotseren",H. Rider Haggard,1,9798549474727,2021,Independently Published,Fiction | Jeunes adultes | Jeunesse | Voyage,0,NL_FINAL_BATCH_08,REVIEW,"Notice conservée en revue : langue, édition, attribution, métadonnées, doublon ou nature documentaire restant à confirmer."
/books/OL12805952M,"Godsdienst En Levensbeschouwing in Het Onderwijs - Godsdiensonderrig Op Skool (Scripta Canonica, 4)",,H. Warnink,1,9789042913868,2003,David Brown Book Company,,0,NL_FINAL_BATCH_08,REVIEW,"Notice conservée en revue : langue, édition, attribution, métadonnées, doublon ou nature documentaire restant à confirmer."
/books/OL22478449M,Architecture & Mimesis,1989-1992,Han Janselijn,1,,1993,De Zwaluw,Histoire,0,NL_FINAL_BATCH_08,REVIEW,"Notice conservée en revue : langue, édition, attribution, métadonnées, doublon ou nature documentaire restant à confirmer."
/books/OL59620159M,Totalitarisme,,Hannah Arendt,1,9789024408825,2017,Boom,Histoire | Politique,0,NL_FINAL_BATCH_08,KEEP_TRANSLATION,Édition ou traduction néerlandaise validée lors de la revue éditoriale NL.
/books/OL283075M,Over macht en overwicht,stedelijke elites in Leiden (1420-1510),Hanno Brand,1,9789053505762,1996,Garant,Histoire,0,NL_FINAL_BATCH_08,KEEP_CORE,Socle néerlandophone validé lors de la revue éditoriale NL.
/books/OL6185954M,Eventyr,,Hans Christian Andersen,1,,1954,C. Andersen,Jeunesse,0,NL_FINAL_BATCH_08,REPLACE,"Notice à remplacer : langue étrangère, doublon non retenu, série institutionnelle inadéquate ou qualité bibliographique insuffisante pour le socle NL."
/books/OL14713930M,Toverij en samenleving,Holland 1500-1800,Hans de Waardt,1,9789072627070,1991,Stickting Hollandse Historische Reeks,Histoire,0,NL_FINAL_BATCH_08,KEEP_CORE,Socle néerlandophone validé lors de la revue éditoriale NL.
/books/OL25432820M,Johann Sebastian's pelgrimstocht,,Hans Franck,1,,1956,Wereld-Bibliotheek-Vereniging,Fiction,0,NL_FINAL_BATCH_08,KEEP_TRANSLATION,Édition ou traduction néerlandaise validée lors de la revue éditoriale NL.
/books/OL21236899M,Dromen van Holland,"buitenlandse kunstenaars schilderen Holland, 1800-1914",Hans Kraan,1,9789040096204,2002,"Waanders Uitgevers in samenwerking met het Rijksbureau vor Kunsthistorische Documentatie, Den Haag",Arts,0,NL_FINAL_BATCH_08,KEEP_CORE,Socle néerlandophone validé lors de la revue éditoriale NL.
/books/OL884557M,Memling,in Brugge = in Bruges,Hans Memling,1,9789074377218,1994,Stichting Kunstboek,,0,NL_FINAL_BATCH_08,REVIEW,"Notice conservée en revue : langue, édition, attribution, métadonnées, doublon ou nature documentaire restant à confirmer."
/books/OL2800982M,Wijkverpleging in historisch perspectief,ontstaan en ontwikkeling van de wijkverpleging (1890-ca. 1930) met aandacht voor aspekten van medicalisering en professionalisering,Harmke W. Stolk-Van Delen,1,9789062038541,1983,Rodopi,Biographie | Histoire,0,NL_FINAL_BATCH_08,KEEP_CORE,Socle néerlandophone validé lors de la revue éditoriale NL.
/books/OL32797952M,De hut van oom Tom,,Harriet Beecher Stowe,1,9789076268668,2004,Solo,Fiction | Histoire | Jeunesse | Romance,0,NL_FINAL_BATCH_08,KEEP_TRANSLATION,Édition ou traduction néerlandaise validée lors de la revue éditoriale NL.
/books/OL13490057M,De slavernij.,Vervolg en sleutel op de Negerhut.,Harriet Stowe | Harriet Beecher Stowe,2,,1853,A.C. Kruseman,Histoire,0,NL_FINAL_BATCH_08,KEEP_TRANSLATION,Édition ou traduction néerlandaise validée lors de la revue éditoriale NL.
/books/OL35334821M,Teken de dood,,Heather Graham,1,9789085500148,2005,Mira Books,Fiction | Policier et mystère | Romance,0,NL_FINAL_BATCH_08,KEEP_TRANSLATION,Édition ou traduction néerlandaise validée lors de la revue éditoriale NL.
/books/OL1967905M,La Damnation de Faust,légende dramatique en quatre parties,Hector Berlioz,1,9789050820202,1989,Nederlandse Opera,Musique | Théâtre,0,NL_FINAL_BATCH_08,REVIEW,"Notice conservée en revue : langue, édition, attribution, métadonnées, doublon ou nature documentaire restant à confirmer."
/books/OL24626131M,Over muziek,,Hendrik Andriessen,1,,1957,Het Spectrum,Musique,0,NL_FINAL_BATCH_08,KEEP_CORE,Socle néerlandophone validé lors de la revue éditoriale NL.
/books/OL24631896M,Gids voor de Nederlandse kunst,,Hendrik Enno van Gelder,1,,1960,Het Spectrum,,0,NL_FINAL_BATCH_08,KEEP_CORE,Socle néerlandophone validé lors de la revue éditoriale NL.
/books/OL12850393M,De gulden,Geschiedenis van Nederlands nationale munt,Henk Povee,1,9789068682892,2001,THOTH,Histoire,0,NL_FINAL_BATCH_08,KEEP_CORE,Socle néerlandophone validé lors de la revue éditoriale NL.
/books/OL20908649M,Henri Pieck Buchenwald,"Reproducties naar zijn Teekeningen uit het Concentratiekamp, met een Voorwoord van Prof. Mr. R.P. Cleveringa=Reproductions of his sketches from the concentration-camp, with a preface by Professor R.P. Cleveringa.",Henri Peck,1,,1945,Uitgeversmij Het Centrum,,0,NL_FINAL_BATCH_08,REVIEW,"Notice conservée en revue : langue, édition, attribution, métadonnées, doublon ou nature documentaire restant à confirmer."
/books/OL24353780M,"Moby Dick, of De witte walvisch",,Herman Melville,1,,1929,Querido,Fiction | Histoire | Théâtre,0,NL_FINAL_BATCH_09,KEEP_TRANSLATION,Édition ou traduction néerlandaise validée lors de la revue éditoriale NL.
/books/OL232349M,Mummelman,een dierenboek. Vertaald vaar een exemplaar van het 149ste duizendtal der oorspronkelijke uitg.,Hermann Löns,1,,1942,Uitgeverij Westland,Fiction,0,NL_FINAL_BATCH_09,KEEP_TRANSLATION,Édition ou traduction néerlandaise validée lors de la revue éditoriale NL.
/books/OL32379786M,Reizigster op één been,roman,Herta Müller,1,9789052260624,1992,De Geus,Fiction,0,NL_FINAL_BATCH_09,KEEP_TRANSLATION,Édition ou traduction néerlandaise validée lors de la revue éditoriale NL.
/books/OL6087061M,Little Owl Indian,,Hetty Burlingame Beatty,1,,1951,Houghton Mifflin,Fiction,0,NL_FINAL_BATCH_09,REPLACE,"Notice à remplacer : langue étrangère, doublon non retenu, série institutionnelle inadéquate ou qualité bibliographique insuffisante pour le socle NL."
/books/OL20404869M,Eenheid in de tegendelen,,Heymericus de Campo,1,9789026308826,1990,Ambo,Philosophie,0,NL_FINAL_BATCH_09,KEEP_CORE,Socle néerlandophone validé lors de la revue éditoriale NL.
/books/OL41868702M,De gevallen koning,,Holly Black,1,9789022591611,2020,Boekerij,Fantasy | Fiction,0,NL_FINAL_BATCH_09,KEEP_TRANSLATION,Édition ou traduction néerlandaise validée lors de la revue éditoriale NL.
/books/OL28002476M,De wrede prins,,Holly Black,1,9789022589571,2020,Boekerij,Fantasy | Fiction | Jeunes adultes | Romance,0,NL_FINAL_BATCH_09,KEEP_TRANSLATION,Édition ou traduction néerlandaise validée lors de la revue éditoriale NL.
/books/OL1294153M,De man die van nergens kwam,roman,Hubert Lampo,1,9789029025485,1991,Meulenhoff,Fiction,0,NL_FINAL_BATCH_09,KEEP_CORE,Socle néerlandophone validé lors de la revue éditoriale NL.
/books/OL5504316M,De zwanen van Stonehenge.,Een leesboek over magisch-realisme en fantastische literatuur.,Hubert Lampo,1,9789029003834,1973,Meulenhoff [Nederland,,0,NL_FINAL_BATCH_09,KEEP_CORE,Socle néerlandophone validé lors de la revue éditoriale NL.
/books/OL1639078M,Denken over oorlog en vrede,,Hugo Grotius,1,9789026308857,1991,Ambo,Philosophie,0,NL_FINAL_BATCH_09,KEEP_CORE,Socle néerlandophone validé lors de la revue éditoriale NL.
/books/OL12806837M,'Cijfers en Aequaties' en 'Kennis der Staatskrachten',Statistiek in Nederland in de negentiende eeuw,Ida H. Stamhuis,1,9789051831207,1989,Editions Rodopi,Histoire,0,NL_FINAL_BATCH_09,KEEP_CORE,Socle néerlandophone validé lors de la revue éditoriale NL.
/books/OL2074011M,Kwalitatief onderzoek,,Ilja Maso,1,9789060098066,1987,Boom,Sciences sociales,0,NL_FINAL_BATCH_09,KEEP_CORE,Socle néerlandophone validé lors de la revue éditoriale NL.
/books/OL12850929M,Broeders Penitenten,300 jaar Burgers in Pij ; en de ontwikkeling van eigentijds vrijwilligerswerk in organisatie-sociologisch perspectief (Bijdragen tot de geschiedenis van het Zuiden van Nederland),Ineke Merks-van Brunschot,1,9789070641535,1996,Stichting Zuidelijk Historisch Contact,Histoire,0,NL_FINAL_BATCH_09,KEEP_CORE,Socle néerlandophone validé lors de la revue éditoriale NL.
/books/OL12844990M,Het persoonlijke wordt politiek,Feministische bewustwording in Nederaland 1965-1980,Irene Costera Meijer,1,9789055890521,1996,Het Spinhuis,Histoire,0,NL_FINAL_BATCH_09,KEEP_CORE,Socle néerlandophone validé lors de la revue éditoriale NL.
/books/OL12800132M,Het Leven Van Vincent Van Gough,,Irving Stone,1,9789022951323,,,Fiction,0,NL_FINAL_BATCH_09,REVIEW,"Notice conservée en revue : langue, édition, attribution, métadonnées, doublon ou nature documentaire restant à confirmer."
/books/OL32999574M,Hitte van het bloed,,Irène Némirovsky,1,9789044511994,2009,De Geus,Fiction,0,NL_FINAL_BATCH_09,KEEP_TRANSLATION,Édition ou traduction néerlandaise validée lors de la revue éditoriale NL.
/books/OL35714159M,Shosha,,Isaac Bashevis Singer,1,9789029546072,1979,De Arbeiderspers,Fiction | Histoire,0,NL_FINAL_BATCH_09,KEEP_TRANSLATION,Édition ou traduction néerlandaise validée lors de la revue éditoriale NL.
/books/OL14010745M,Handboek tot de staatkundige geschiedenis van Nederland,,Izaak Hendrik Gosses,1,,1920,M. Nijhoff,Histoire | Politique,0,NL_FINAL_BATCH_09,KEEP_CORE,Socle néerlandophone validé lors de la revue éditoriale NL.
/books/OL32700846M,Dodelijke bijen,,J. A. Jance,1,9789077091685,2004,Brilliant Books,Fiction | Policier et mystère | Thriller,0,NL_FINAL_BATCH_09,KEEP_TRANSLATION,Édition ou traduction néerlandaise validée lors de la revue éditoriale NL.
/books/OL21015775M,Hersenschimmen,,J. Bernlef,1,9789021497112,1990,Querido,Fiction,0,NL_FINAL_BATCH_09,KEEP_CORE,Socle néerlandophone validé lors de la revue éditoriale NL.
/books/OL18346331M,Tussen Descartes en Darwin.,Geloof en natuurwetenschap in de achttiende eeuw in Nederland.,J. Bots,1,9789023209348,1972,Van Gorcum,,0,NL_FINAL_BATCH_09,KEEP_CORE,Socle néerlandophone validé lors de la revue éditoriale NL.
/books/OL12846531M,Johannes Coelombie,Het beheer van de nalatenschap van een Haarlemse klokkenmaker (Serie Haarlemse miniaturen),J. J Temminck,1,9789060764558,1999,De Vrieseborch,Histoire,0,NL_FINAL_BATCH_09,REVIEW,"Notice conservée en revue : langue, édition, attribution, métadonnées, doublon ou nature documentaire restant à confirmer."
/books/OL23951582M,Bij nader inzien,,J. J. Voskuil,1,9789028205871,1985,Van Oorschot,,0,NL_FINAL_BATCH_09,KEEP_CORE,Socle néerlandophone validé lors de la revue éditoriale NL.
/books/OL12803426M,"Vijfenzestig jaar bouwen aan wonen, werken en winkelen","Projectontwikkeling en bouw van woningen, kantoren en winkels, 1930-1995 (Volkshuisvestingsbeleid en bouwmarkt)",J. M Kersloot,1,9789040711411,1995,Delftse Universitaire Pers,Histoire,0,NL_FINAL_BATCH_09,KEEP_CORE,Socle néerlandophone validé lors de la revue éditoriale NL.
/books/OL12806000M,Stad Van Koopmanschap En Vrede,Literatuur in Brugge Tussen Middeleeuwen En Rederijkerstijd (Antwerpse Studies Over Nederlandse Literatuurgeschiedenis),J. Oosterman,1,9789042915640,2005,Peeters,,0,NL_FINAL_BATCH_09,KEEP_CORE,Socle néerlandophone validé lors de la revue éditoriale NL.
/books/OL12806013M,Passie Voor Het Lijden,"De ""Hundert Betrachtungen Und Begehrungen, Van Henricus Suso En De Oudste Drie Bewerkingen Uit De Nederlanden (Miscellanea Neerlandica)",J. Van Aelst,1,9789042916289,2005,Peeters,Histoire,0,NL_FINAL_BATCH_09,KEEP_CORE,Socle néerlandophone validé lors de la revue éditoriale NL.
/books/OL25535303M,De kwestie Europa,hoe de EU tot de Nederlandse politiek doordringt,J. W. de Beus,1,9789048510658,2009,Amsterdam University Press,Politique,0,NL_FINAL_BATCH_09,KEEP_CORE,Socle néerlandophone validé lors de la revue éditoriale NL.
/books/OL12850490M,Worden,"Dialectica, retorica en tragedie",J.-P Guépin,1,9789069350080,1998,Aristos,Philosophie,0,NL_FINAL_BATCH_09,KEEP_CORE,Socle néerlandophone validé lors de la revue éditoriale NL.
/books/OL12848598M,"Drinken, drank en dronkenschap",Vijf eeuwen drankbestrijding en alcoholhulpverlening in Nederland ; een historisch-sociologische studie,Jaap van der Stel,1,9789065505217,1995,Verloren,Histoire,0,NL_FINAL_BATCH_09,KEEP_CORE,Socle néerlandophone validé lors de la revue éditoriale NL.
/books/OL32094591M,Als de Natuur Roept,,Jack London,1,,2011,LibriVox,Fiction | Histoire | Jeunesse,0,NL_FINAL_BATCH_09,REVIEW,"Notice conservée en revue : langue, édition, attribution, métadonnées, doublon ou nature documentaire restant à confirmer."
/books/OL24632817M,Elisabeth Musch,,Jacob van Lennep,1,,1880,Sijthoff,Fiction,0,NL_FINAL_BATCH_10,KEEP_CORE,Socle néerlandophone validé lors de la revue éditoriale NL.
/books/OL19791059M,Magritte,"Casino Knokke, 17.06.01 - 16.09.01",Jacques Dopagne,1,,2001,Marot,,0,NL_FINAL_BATCH_10,REVIEW,"Notice conservée en revue : langue, édition, attribution, métadonnées, doublon ou nature documentaire restant à confirmer."
/books/OL21795627M,"James Ensor, 1860-1949","schilderijen, tekeningen en grafiek, een selectie uit Belgisch en Nederlands bezit",James Ensor,1,9789073285200,1993,Centraal Museum Utrecht,Arts,0,NL_FINAL_BATCH_10,REVIEW,"Notice conservée en revue : langue, édition, attribution, métadonnées, doublon ou nature documentaire restant à confirmer."
/books/OL45929465M,De Heksen van Karres,,James H. Schmitz,1,9789029068871,1976,Meulenhoff,Fiction,0,NL_FINAL_BATCH_10,KEEP_TRANSLATION,Édition ou traduction néerlandaise validée lors de la revue éditoriale NL.
/books/OL19026232M,James Rosenquist.,,James Rosenquist,1,,1973,Stedelijk Museum,,0,NL_FINAL_BATCH_10,REVIEW,"Notice conservée en revue : langue, édition, attribution, métadonnées, doublon ou nature documentaire restant à confirmer."
/books/OL2441254M,"Koelies, planters en koloniale politiek",het arbeidsregime op de grootlandbouwondernemingen aan Sumatra's oostkust in het begin van de twintigste eeuw,Jan Breman,1,9789067652155,1987,Foris,Histoire,0,NL_FINAL_BATCH_10,KEEP_CORE,Socle néerlandophone validé lors de la revue éditoriale NL.
/books/OL12849663M,Opstellen Voor Dr. Jan DesChamps Ter Gelegenheid Van Zijn Zeventigste Verjaardag,"Bibliografie, Handschriftenkunde, Miniatuurkunst. (Miscellanea Neerlandica)",Jan DesChamps,1,9789068310788,1987,Peeters,,0,NL_FINAL_BATCH_10,KEEP_CORE,Socle néerlandophone validé lors de la revue éditoriale NL.
/books/OL23301853M,"Godturugtige almanach of lof-gedachtenis der heyligen, op ijder dag van 't Jaar",,Jan Goeree,1,,1730,Sine nomine,Arts,0,NL_FINAL_BATCH_10,KEEP_CORE,Socle néerlandophone validé lors de la revue éditoriale NL.
/books/OL23660390M,Omslag in beeld,"boeken, bladmuziek, brochures, toegepaste grafische kunst 1890-1940 : collectie, Rob Aardse",Jan Jaap Heij,1,9789061096092,2008,Drents Museum,,0,NL_FINAL_BATCH_10,KEEP_CORE,Socle néerlandophone validé lors de la revue éditoriale NL.
/books/OL4201988M,Het verboden rijk,,Jan Jacob Slauerhoff,1,9789023652533,1978,Nijgh & Van Ditmar,Fiction,0,NL_FINAL_BATCH_10,KEEP_CORE,Socle néerlandophone validé lors de la revue éditoriale NL.
/books/OL12848586M,Drostambt en schoutambt,De Gelderse ambtsorganisatie in het kwartier van Zutphen (ca. 1200-1543),Jan Kuys,1,9789065502629,1994,Verloren,Histoire,0,NL_FINAL_BATCH_10,KEEP_CORE,Socle néerlandophone validé lors de la revue éditoriale NL.
/books/OL23440107M,Handleiding bij de beoefening der gewijde geschiedenis,,Jan van Andel,1,,1892,D. Donner,,0,NL_FINAL_BATCH_10,KEEP_CORE,Socle néerlandophone validé lors de la revue éditoriale NL.
/books/OL19427270M,De Haagse jurist Jean Theodore Royer (1737-1807) en zijn verzameling Chinese voorwerpen,,Jan van Campen,1,9789065506214,2000,Verloren,Histoire,0,NL_FINAL_BATCH_10,KEEP_CORE,Socle néerlandophone validé lors de la revue éditoriale NL.
/books/OL18964780M,Royers Chinese kabinet,voorwerpen uit China verzameld door Jean Theodore Royer (1737-1807),Jan van Campen,1,9789040094828,2000,Waanders Uitgevers,Arts | Histoire,0,NL_FINAL_BATCH_10,KEEP_CORE,Socle néerlandophone validé lors de la revue éditoriale NL.
/books/OL21377201M,Als het ijs is gesmolten.,,Janet Dailey,1,9789062262793,1979,Harlequin Books,,0,NL_FINAL_BATCH_10,KEEP_TRANSLATION,Édition ou traduction néerlandaise validée lors de la revue éditoriale NL.
/books/OL21377203M,Eens zal het morgen zijn.,,Janet Dailey,1,9789062262977,1980,Harlequin Books,Fiction | Romance,0,NL_FINAL_BATCH_10,KEEP_TRANSLATION,Édition ou traduction néerlandaise validée lors de la revue éditoriale NL.
/books/OL4650036M,De gelaarsde kater,,Janwillem van de Wetering,1,9789022973523,1976,Bruna,Fiction | Policier et mystère,0,NL_FINAL_BATCH_10,KEEP_CORE,Socle néerlandophone validé lors de la revue éditoriale NL.
/books/OL2739821M,Hard rain,,Janwillem van de Wetering,1,9780394549248,1986,Pantheon Books,Fiction | Policier et mystère,0,NL_FINAL_BATCH_10,REPLACE,"Notice à remplacer : langue étrangère, doublon non retenu, série institutionnelle inadéquate ou qualité bibliographique insuffisante pour le socle NL."
/books/OL5659529M,Dubuffet.,"[Tentoonstelling] Stedelijk Museum, Amsterdam, 10 juni-28 augustus, 1966.",Jean Dubuffet,1,,1966,,Arts,0,NL_FINAL_BATCH_10,REVIEW,"Notice conservée en revue : langue, édition, attribution, métadonnées, doublon ou nature documentaire restant à confirmer."
/books/OL32866772M,De stenen goden,,Jeanette Winterson,1,9789025425968,2007,Contact,Fiction | Science-fiction,0,NL_FINAL_BATCH_10,KEEP_TRANSLATION,Édition ou traduction néerlandaise validée lors de la revue éditoriale NL.
/books/OL33338678M,De Penderwicks aan zee,,Jeanne Birdsall,1,9789461640666,2012,Van Gennep,Fiction,0,NL_FINAL_BATCH_10,KEEP_CORE,Socle néerlandophone validé lors de la revue éditoriale NL.
/books/OL32997383M,Hallo baby,,Jenni Overend | Carmen Diana Dearden,2,9789072259592,2000,Middernacht Pers,,0,NL_FINAL_BATCH_10,REVIEW,"Notice conservée en revue : langue, édition, attribution, métadonnées, doublon ou nature documentaire restant à confirmer."
/books/OL8101326M,Generosity,The Gift (Tales of Virtue),Jennifer Boudart,1,9780785343097,2000,"Leap Frog, Publications International",Jeunesse,0,NL_FINAL_BATCH_10,REPLACE,"Notice à remplacer : langue étrangère, doublon non retenu, série institutionnelle inadéquate ou qualité bibliographique insuffisante pour le socle NL."
/books/OL45827525M,Bezoek van de knokploeg,,Jennifer Egan,1,9789029578530,2011,De Arbeiderspers,Arts | Fiction | Musique,0,NL_FINAL_BATCH_10,KEEP_TRANSLATION,Édition ou traduction néerlandaise validée lors de la revue éditoriale NL.
/books/OL31927557M,Het toverboek,,Jim Pipe,1,9789054617815,2011,Bakermat,Jeunesse,0,NL_FINAL_BATCH_10,KEEP_TRANSLATION,Édition ou traduction néerlandaise validée lors de la revue éditoriale NL.
/books/OL19797207M,Darwins moordbekentenis,de ontwikkeling van het denken van Charles Darwin,Johan Braeckman,1,9789057121258,2001,Nieuwezijds,Philosophie,0,NL_FINAL_BATCH_10,KEEP_CORE,Socle néerlandophone validé lors de la revue éditoriale NL.
/books/OL12808354M,Het regime van de tijd,,Johan Goudsbloem,1,9789053569009,2006,Amsterdam University Press,Philosophie | Sciences sociales,0,NL_FINAL_BATCH_10,KEEP_CORE,Socle néerlandophone validé lors de la revue éditoriale NL.
/books/OL18785248M,"Merkwaardige bijzonderheden inhoudende de nieuwste ontdekkingen in de natuurkinde, natuurlijke historie, land- en volkenkunde op alle gedeelten van den aardbol",,Johann Gottfried Sommer,1,9780665176357,1982,Ten Brink & De Fries,,0,NL_FINAL_BATCH_10,KEEP_TRANSLATION,Édition ou traduction néerlandaise validée lors de la revue éditoriale NL.
/books/OL6164748M,Inleiding in de wijsbegeerte der wetsidee.,,Johannes Marinus Spier | J. M. Spier,2,,1946,J.H. Kok,Philosophie | Sciences sociales,0,NL_FINAL_BATCH_10,REVIEW,"Notice conservée en revue : langue, édition, attribution, métadonnées, doublon ou nature documentaire restant à confirmer."
/books/OL6134916M,What is Calvinistic philosophy?,,Johannes Marinus Spier | J. M. Spier,2,,1953,W.B. Eerdmans Pub. Co.,Philosophie | Religion,0,NL_FINAL_BATCH_10,REPLACE,"Notice à remplacer : langue étrangère, doublon non retenu, série institutionnelle inadéquate ou qualité bibliographique insuffisante pour le socle NL."
/books/OL25422910M,Genade in overvloed,Autobiografie,John Bunyan,1,9789033605475,2003,De Banier,Biographie | Fiction,0,NL_FINAL_BATCH_11,KEEP_TRANSLATION,Édition ou traduction néerlandaise validée lors de la revue éditoriale NL.
/books/OL24466152M,De ebbehouten toren,,John Fowles,1,9789065510631,1985,Goossens,,0,NL_FINAL_BATCH_11,KEEP_TRANSLATION,Édition ou traduction néerlandaise validée lors de la revue éditoriale NL.
/books/OL32987186M,De wapentuin,,John Gardner,1,9789020409482,1982,Veen,Fiction,0,NL_FINAL_BATCH_11,KEEP_TRANSLATION,Édition ou traduction néerlandaise validée lors de la revue éditoriale NL.
/books/OL38232151M,Een weeffout in onze sterren,,John Green,1,9789047706618,2014,Lemniscaat,Fiction | Jeunes adultes | Romance,0,NL_FINAL_BATCH_11,KEEP_TRANSLATION,Édition ou traduction néerlandaise validée lors de la revue éditoriale NL.
/books/OL38230705M,Paper towns,waar is Margo Roth Spiegelman?,John Green,1,9789047703822,2014,Lemniscaat,Fiction | Jeunes adultes | Policier et mystère | Romance,0,NL_FINAL_BATCH_11,KEEP_TRANSLATION,Édition ou traduction néerlandaise validée lors de la revue éditoriale NL.
/books/OL32361493M,De wettelozen,,John Grisham,1,9789022997352,2010,Bruna,Fiction,0,NL_FINAL_BATCH_11,KEEP_TRANSLATION,Édition ou traduction néerlandaise validée lors de la revue éditoriale NL.
/books/OL33957593M,Het Protest,,John Grisham,1,9789400500938,2013,A. W. Bruna Uitgevers,Fiction | Jeunes adultes,0,NL_FINAL_BATCH_11,KEEP_TRANSLATION,Édition ou traduction néerlandaise validée lors de la revue éditoriale NL.
/books/OL19112250M,Apologia pro vita sua,geschiedenis van mijn religieuze denkbeelden,John Henry Newman,1,,1948,Paul Brand,Biographie | Histoire,0,NL_FINAL_BATCH_11,KEEP_TRANSLATION,Édition ou traduction néerlandaise validée lors de la revue éditoriale NL.
/books/OL32866534M,De gouden reis,,John Rowe Townsend,1,9789021610320,1990,Ploegsma,Jeunes adultes,0,NL_FINAL_BATCH_11,KEEP_TRANSLATION,Édition ou traduction néerlandaise validée lors de la revue éditoriale NL.
/books/OL24360935M,Reize door de binnenlanden van Noord-Amerika,,Jonathan Carver,1,9780665354632,1796,Bij A. en J. Honkoop,Voyage,0,NL_FINAL_BATCH_11,KEEP_TRANSLATION,Édition ou traduction néerlandaise validée lors de la revue éditoriale NL.
/books/OL45940693M,De broek van Big,,Jonathan Emmett,1,9789047515272,2010,Van Goor,,0,NL_FINAL_BATCH_11,KEEP_TRANSLATION,Édition ou traduction néerlandaise validée lors de la revue éditoriale NL.
/books/OL19333555M,Joost Conijn,ijzer & video = iron and video,Joost Conijn | Jan Braet | Hans Aarsman | Joost Conijn,4,9789078088042,2007,Valiz,Arts,0,NL_FINAL_BATCH_11,REVIEW,"Notice conservée en revue : langue, édition, attribution, métadonnées, doublon ou nature documentaire restant à confirmer."
/books/OL24732917M,De Aleph,En andere verhalen,Jorge Luis Borges,1,9789023423300,1986,De Bezige Bij,Fiction,0,NL_FINAL_BATCH_11,KEEP_TRANSLATION,Édition ou traduction néerlandaise validée lors de la revue éditoriale NL.
/books/OL20687016M,De bassaxofoon,,Josef Škvorecký,1,9789060196816,1980,B. Bakker,Fiction,0,NL_FINAL_BATCH_11,KEEP_TRANSLATION,Édition ou traduction néerlandaise validée lors de la revue éditoriale NL.
/books/OL16344091M,Ingenieur van de menselijke ziel,"enterteenment op oude thema's over het leven, vrouwen, het lot, dromen, de arbeidersklasse, stillen, liefde en dood",Josef Škvorecký,1,9789035106758,1989,B. Bakker,,0,NL_FINAL_BATCH_11,KEEP_TRANSLATION,Édition ou traduction néerlandaise validée lors de la revue éditoriale NL.
/books/OL17274075M,Joseph Beuys,werken in het Fluxus-Archief Harry Ruhé.,Joseph Beuys,1,,,[Ruhé],,0,NL_FINAL_BATCH_11,REVIEW,"Notice conservée en revue : langue, édition, attribution, métadonnées, doublon ou nature documentaire restant à confirmer."
/books/OL18329661M,Een incident,,Joseph Heller,1,9789024503421,,Uitgeverij Luitingh,,0,NL_FINAL_BATCH_11,KEEP_TRANSLATION,Édition ou traduction néerlandaise validée lors de la revue éditoriale NL.
/books/OL35726073M,De Etruskische glimlach,,José Luis Sampedro,1,9789074622585,2008,Menken Kasander & Wigman,,0,NL_FINAL_BATCH_11,KEEP_TRANSLATION,Édition ou traduction néerlandaise validée lors de la revue éditoriale NL.
/books/OL19929426M,De Kunstkamera van Peter de Grote,"de Hollandse inbreng, gereconstrueerd uit brieven van Albert Seba en Johann Daniel Schumacher uit de jaren 1711-1752",Jozien J. Driessen-van het Reve,1,9789065509277,2005,Verloren,Histoire | Sciences,0,NL_FINAL_BATCH_11,KEEP_CORE,Socle néerlandophone validé lors de la revue éditoriale NL.
/books/OL35331909M,De laatste middagen met Teresa,,Juan Marsé,1,9789056723590,2011,Signatuur,Fiction,0,NL_FINAL_BATCH_11,KEEP_TRANSLATION,Édition ou traduction néerlandaise validée lors de la revue éditoriale NL.
/books/OL25224900M,Reizen en lotgevallen van kapitein Hatteras,De Engelsen aan de Noordpool,Jules Verne,1,9789010024053,1976,Elsevier,Fiction,0,NL_FINAL_BATCH_11,KEEP_TRANSLATION,Édition ou traduction néerlandaise validée lors de la revue éditoriale NL.
/books/OL33128137M,"Engeland, Engeland",,Julian Barnes,1,9789045003450,1999,Atlas,Fiction | Histoire | Politique,0,NL_FINAL_BATCH_11,KEEP_TRANSLATION,Édition ou traduction néerlandaise validée lors de la revue éditoriale NL.
/books/OL57683193M,Rayuela,een hinkelspel,Julio Cortázar,1,9789029089463,2014,Meulenhoff,Fiction,0,NL_FINAL_BATCH_11,KEEP_TRANSLATION,Édition ou traduction néerlandaise validée lors de la revue éditoriale NL.
/books/OL45636860M,De oversteek,,Justin Cronin,1,9789023425540,2016,Cargo,Fantasy | Fiction | Science-fiction | Thriller,0,NL_FINAL_BATCH_11,KEEP_TRANSLATION,Édition ou traduction néerlandaise validée lors de la revue éditoriale NL.
/books/OL12806004M,Dit Mateloze Verlangen,Pareltjes Van Nederlandse En Rijnlandse Mystiek,K. Meyers,1,9789042915756,2005,Peeters,Histoire,0,NL_FINAL_BATCH_11,KEEP_CORE,Socle néerlandophone validé lors de la revue éditoriale NL.
/books/OL19883701M,Holland Dada,,K. Schippers,1,9789021480749,2000,Querido,,0,NL_FINAL_BATCH_11,KEEP_CORE,Socle néerlandophone validé lors de la revue éditoriale NL.
/books/OL47313874M,Verbrande schaduwen,,Kamila Shamsie,1,9789045800738,2009,Mouria,Fiction | Histoire,0,NL_FINAL_BATCH_11,KEEP_TRANSLATION,Édition ou traduction néerlandaise validée lors de la revue éditoriale NL.
/books/OL5010431M,Oostende verteld,anecdotische roman van een stad.,Karel Jonckheere,1,9789020903546,1970,Lannoo,Fiction | Histoire,0,NL_FINAL_BATCH_11,KEEP_CORE,Socle néerlandophone validé lors de la revue éditoriale NL.
/books/OL45729598M,Diep geraakt (Het witte doek) (Dutch Edition),,Karen Kingsbury,1,9789029716796,2012,Voorhoeve,Fiction,0,NL_FINAL_BATCH_11,KEEP_TRANSLATION,Édition ou traduction néerlandaise validée lors de la revue éditoriale NL.
/books/OL35639344M,Tweede kans,roman,Karen Kingsbury,1,9789029717878,2005,Voorhoeve,Fiction,0,NL_FINAL_BATCH_11,KEEP_TRANSLATION,Édition ou traduction néerlandaise validée lors de la revue éditoriale NL.
/books/OL21132917M,Joos van Craesbeeck (1605/06-ca.1660),een brabants genreschilder,Karolien de Clippel,1,9782503523804,2006,Brepols,,0,NL_FINAL_BATCH_12,KEEP_CORE,Socle néerlandophone validé lors de la revue éditoriale NL.
/books/OL24656571M,Rosa and Randy,Woodbury,Katherine Wigmore Eyre,1,,1948,Oxford Univ. Press,Fiction,0,NL_FINAL_BATCH_12,REPLACE,"Notice à remplacer : langue étrangère, doublon non retenu, série institutionnelle inadéquate ou qualité bibliographique insuffisante pour le socle NL."
/books/OL13885732M,Archeologie in het Heilige Land,,Kathleen M. Kenyon,1,,1964,Aula-Boeken,Histoire,0,NL_FINAL_BATCH_12,KEEP_TRANSLATION,Édition ou traduction néerlandaise validée lors de la revue éditoriale NL.
/books/OL32866297M,How to love,,Katie Cotugno,1,9789000316007,2014,Van Goor,Fiction | Jeunes adultes | Romance,0,NL_FINAL_BATCH_12,REVIEW,"Notice conservée en revue : langue, édition, attribution, métadonnées, doublon ou nature documentaire restant à confirmer."
/books/OL49371590M,Het verloren geheugen,,Keith Laumer,1,9789029040815,1987,"Meulenhoff SF, Fantasy & Avontuur",,0,NL_FINAL_BATCH_12,KEEP_TRANSLATION,Édition ou traduction néerlandaise validée lors de la revue éditoriale NL.
/books/OL21857198M,Kerstfeest met Vies Hondje.,,Ken Brown,1,9789075821192,1998,Uitgeverij,,0,NL_FINAL_BATCH_12,REVIEW,"Notice conservée en revue : langue, édition, attribution, métadonnées, doublon ou nature documentaire restant à confirmer."
/books/OL19094863M,Verdeelde macht,een onderzoek naar invloed op rijksbesluitvorming in Nederland,Klaartje Peters,1,9789053525593,1999,Boom,Politique,0,NL_FINAL_BATCH_12,KEEP_CORE,Socle néerlandophone validé lors de la revue éditoriale NL.
/books/OL23457826M,Wijsbegeerte en godsdienst in het drama van Euripides: bijdrage tot de kennis van het ...,,Koenraad Kuiper,1,,1888,H. D. Tjeenk Willink,Religion,0,NL_FINAL_BATCH_12,KEEP_CORE,Socle néerlandophone validé lors de la revue éditoriale NL.
/books/OL32092238M,De eenzaamheid van de priemgetallen,,Koldo Biguri | Paolo Giordano | Anna Casassas Figueras,3,9789023459934,2010,Cargo,Fiction,0,NL_FINAL_BATCH_12,REVIEW,"Notice conservée en revue : langue, édition, attribution, métadonnées, doublon ou nature documentaire restant à confirmer."
/books/OL25479173M,Natuurkundig tijdschrift voor Nederlandsch Indië,,Koninklijke Natuurkundige Vereeniging in Nederlandsch Indië,1,,1850,Lange,Sciences,0,NL_FINAL_BATCH_12,REVIEW,"Notice conservée en revue : langue, édition, attribution, métadonnées, doublon ou nature documentaire restant à confirmer."
/books/OL25471539M,Natuurkundig tijdschrift voor Nederlandsch-Indië / uitgegeven door de Koninklijke Natuurkundige Vereeniging in Nederl.-Indië,,Koninklijke Natuurkundige Vereeniging in Nederlandsch Indië,1,,1850,G. Kolff & Co.,Sciences,0,NL_FINAL_BATCH_12,REVIEW,"Notice conservée en revue : langue, édition, attribution, métadonnées, doublon ou nature documentaire restant à confirmer."
/books/OL17245837M,"AEKI, experimenteel ontwerp en functionele kunst =",experimental design and functional art,KOP Kunstenaars Ontmoetingsplaats,1,9789086900381,2006,Veenman Publishers,,0,NL_FINAL_BATCH_12,KEEP_CORE,Socle néerlandophone validé lors de la revue éditoriale NL.
/books/OL12848609M,Ziften En Zemelknoopen,"Literaire Kritiek in de Nederlandse Dag-, Nieuws- En Weekbladen 1814-1848",Korrie Korevaart,1,9789065506382,2001,Verloren,Histoire,0,NL_FINAL_BATCH_12,KEEP_CORE,Socle néerlandophone validé lors de la revue éditoriale NL.
/books/OL21253905M,Een zuil van zout,,Kristien Hemmerechts,1,9789067661027,1991,Muntinga,,0,NL_FINAL_BATCH_12,REVIEW,"Notice conservée en revue : langue, édition, attribution, métadonnées, doublon ou nature documentaire restant à confirmer."
/books/OL33334436M,De wintertuin,,Kristin Hannah | Susan Ericksen | Inés Belaustegui Trias,3,9789044331776,2011,The House of Books,Fiction,0,NL_FINAL_BATCH_12,REVIEW,"Notice conservée en revue : langue, édition, attribution, métadonnées, doublon ou nature documentaire restant à confirmer."
/books/OL21218004M,Critique,its nature and function,"Kwant, Remigius (Remy) C",1,,1967,Duquesne University Press,,0,NL_FINAL_BATCH_12,REPLACE,"Notice à remplacer : langue étrangère, doublon non retenu, série institutionnelle inadéquate ou qualité bibliographique insuffisante pour le socle NL."
/books/OL23324230M,Over de grondslagen der wiskunde.,,L. E. J. Brouwer,1,,1907,Maas & van Suchtelen,Philosophie,0,NL_FINAL_BATCH_12,KEEP_CORE,Socle néerlandophone validé lors de la revue éditoriale NL.
/books/OL39481818M,De tovenaar van Oz,,L. Frank Baum,1,9789055791811,1996,De Vier Windstreken,Fantasy | Fiction | Histoire | Jeunes adultes | Jeunesse | Science-fiction | Théâtre,0,NL_FINAL_BATCH_12,KEEP_TRANSLATION,Édition ou traduction néerlandaise validée lors de la revue éditoriale NL.
/books/OL32859996M,Het is een boek,,L. Smith | Lane Smith,2,9789047703075,2010,Lemniscaat,Fiction | Technologie,0,NL_FINAL_BATCH_12,KEEP_TRANSLATION,Édition ou traduction néerlandaise validée lors de la revue éditoriale NL.
/books/OL32867379M,Avondster,,Larry McMurtry,1,9789027432308,1994,Het Spectrum,Fiction,0,NL_FINAL_BATCH_12,KEEP_TRANSLATION,Édition ou traduction néerlandaise validée lors de la revue éditoriale NL.
/books/OL45924446M,De Zamperini Legende,,Laura Hillenbrand,1,9789043507134,2012,Kok,Biographie,0,NL_FINAL_BATCH_12,KEEP_TRANSLATION,Édition ou traduction néerlandaise validée lors de la revue éditoriale NL.
/books/OL34940034M,De stad op de prairie,,Laura Ingalls Wilder,1,9789021616575,,,Fiction,0,NL_FINAL_BATCH_12,KEEP_TRANSLATION,Édition ou traduction néerlandaise validée lors de la revue éditoriale NL.
/books/OL47264445M,Nacht Van de Witte Maan,,Laurie R. King,1,9789027466976,1999,Het Spectrum,Fiction,0,NL_FINAL_BATCH_12,KEEP_TRANSLATION,Édition ou traduction néerlandaise validée lors de la revue éditoriale NL.
/books/OL57447807M,61 uur,,Lee Child,1,9789024578474,2010,Luitingh Sijthoff,Fiction | Policier et mystère | Thriller,0,NL_FINAL_BATCH_12,KEEP_TRANSLATION,Édition ou traduction néerlandaise validée lors de la revue éditoriale NL.
/books/OL25651503M,Angel Fire,,Lee Weatherly,1,9789022326831,2012,Manteau Jeugd,Fiction | Jeunes adultes | Romance,0,NL_FINAL_BATCH_12,REVIEW,"Notice conservée en revue : langue, édition, attribution, métadonnées, doublon ou nature documentaire restant à confirmer."
/books/OL60629778M,Kraai & Koninkrijk,"Als je het spel niet kunt winnen, verander de regels",Leigh Bardugo,1,9789020679465,2016,Blossom Books,Fantasy | Fiction | Jeunes adultes | Science-fiction,0,NL_FINAL_BATCH_12,KEEP_TRANSLATION,Édition ou traduction néerlandaise validée lors de la revue éditoriale NL.
/books/OL25414595M,De avonturen van Alice in Wonderland,,Lewis Carroll,1,9789000031061,1996,Van Goor,Fantasy | Fiction | Histoire | Jeunesse | Science-fiction,0,NL_FINAL_BATCH_12,KEEP_TRANSLATION,Édition ou traduction néerlandaise validée lors de la revue éditoriale NL.
/books/OL23458542M,Verhael van de Nederlandsche vreede handeling...: Op nieuws gecorrigeert en ...,,Lieuwe van Aitzema,1,,1653,I. Benjamin,Histoire,0,NL_FINAL_BATCH_12,KEEP_CORE,Socle néerlandophone validé lors de la revue éditoriale NL.
/books/OL23356080M,"Verhael, van de Nederlantsche vreedehandeling.",,Lieuwe van Aitzema,1,,1650,J. Veely,Histoire,0,NL_FINAL_BATCH_12,KEEP_CORE,Socle néerlandophone validé lors de la revue éditoriale NL.
/books/OL37751055M,Kijk niet weg,,Linwood Barclay,1,9789022555545,2012,Boekerij,Fiction | Thriller,0,NL_FINAL_BATCH_12,KEEP_TRANSLATION,Édition ou traduction néerlandaise validée lors de la revue éditoriale NL.
/books/OL50462154M,De Oppenheims,roman,Lion Feuchtwanger,1,,1934,Querido,Fiction | Histoire,0,NL_FINAL_BATCH_13,KEEP_TRANSLATION,Édition ou traduction néerlandaise validée lors de la revue éditoriale NL.
/books/OL50462111M,De Zonen,,Lion Feuchtwanger,1,,1935,Querido,Fiction | Histoire,0,NL_FINAL_BATCH_13,KEEP_TRANSLATION,Édition ou traduction néerlandaise validée lors de la revue éditoriale NL.
/books/OL47831546M,"Maanlied (The Vampire Diaries: The Hunters, #2)",,Lisa Jane Smith,1,9789022562499,2013,UNIEBOEK | HET SPECTRUM,Fiction,0,NL_FINAL_BATCH_13,KEEP_TRANSLATION,Édition ou traduction néerlandaise validée lors de la revue éditoriale NL.
/books/OL40282392M,Schaduwzielen,,Lisa Jane Smith,1,9789022558454,2011,Boekerij Young,Fiction | Jeunes adultes | Romance,0,NL_FINAL_BATCH_13,KEEP_TRANSLATION,Édition ou traduction néerlandaise validée lors de la revue éditoriale NL.
/books/OL24735811M,Reis naar het Einde van de Nacht,,Louis-Ferdinand Céline,1,9789028202955,1981,G.A. Van Oorschot,Fiction,0,NL_FINAL_BATCH_13,KEEP_TRANSLATION,Édition ou traduction néerlandaise validée lors de la revue éditoriale NL.
/books/OL23323473M,"Lud. Smids M.D. Oorlogend Europa, of, Een korte chronyk van het voorgevallene in staat en oorlog","beginnende met het jaar MDCL, en eindigende in MDCCXIV : doorgans vercied met de puntdicten der voornaamste poeetem : en met het aanhaalen van uitgekipte medalies naadrukkelyker verklaard.",Ludolph Smids,1,,1715,"By Johannes Oosterwyk, en Hendrik vande Gaete",Histoire,0,NL_FINAL_BATCH_13,KEEP_CORE,Socle néerlandophone validé lors de la revue éditoriale NL.
/books/OL25563893M,Actieve solidariteit,,M. J. Trappenburg,1,9789048511808,2010,Vossiuspers UvA/Amsterdam University Press,Politique,0,NL_FINAL_BATCH_13,KEEP_CORE,Socle néerlandophone validé lors de la revue éditoriale NL.
/books/OL12802855M,Het mysterie van de verdwenen bordelen,Prostitutie in Nederland in de negentiende eeuw,M. P Bossenbroek,1,9789035119055,1998,B. Bakker,Histoire,0,NL_FINAL_BATCH_13,KEEP_CORE,Socle néerlandophone validé lors de la revue éditoriale NL.
/books/OL17018537M,"Piet Zwiers, 1907-1965",schilder van Giethoorn,Marc Couwenbergh,1,9789073429130,2007,Stedelijk Museum,,0,NL_FINAL_BATCH_13,KEEP_CORE,Socle néerlandophone validé lors de la revue éditoriale NL.
/books/OL22735404M,Marc Quinn,recent werk = recent sculpture,Marc Quinn | Rod Mengham | Rod Mengham,3,9789056625115,2005,NAi Publishers,Arts,0,NL_FINAL_BATCH_13,REVIEW,"Notice conservée en revue : langue, édition, attribution, métadonnées, doublon ou nature documentaire restant à confirmer."
/books/OL25098490M,Resonanties,Verkenningen tussen kunsten en wetenschappen,Marcel Cobussen,1,9789087281410,2011,Leiden University Press,Philosophie,0,NL_FINAL_BATCH_13,KEEP_CORE,Socle néerlandophone validé lors de la revue éditoriale NL.
/books/OL12848590M,Tussen patient en delinquent,"Geschiedenis van het Nederlandse drugsbeleid = Between patient and delinquent, the history of drug policy in the Nederlands ... der Historische en Kunstwetenwschappen)",Marcel de Kort,1,9789065504203,1995,Verloren,Histoire,0,NL_FINAL_BATCH_13,KEEP_CORE,Socle néerlandophone validé lors de la revue éditoriale NL.
/books/OL828757M,Persoonlijke notities,,Marcus Aurelius,1,9789063035563,1994,Ambo,Philosophie,0,NL_FINAL_BATCH_13,KEEP_TRANSLATION,Édition ou traduction néerlandaise validée lors de la revue éditoriale NL.
/books/OL32797608M,Operatie terreur,,Margaret Mahy,1,9789050163651,2002,Facet,Policier et mystère,0,NL_FINAL_BATCH_13,KEEP_TRANSLATION,Édition ou traduction néerlandaise validée lors de la revue éditoriale NL.
/books/OL31913365M,De erfenis van het doodszwaard,,Margaret Weis | Tracy Hickman,2,9789024539710,2001,Poema Pocket,Fantasy | Fiction | Science-fiction,0,NL_FINAL_BATCH_13,KEEP_TRANSLATION,Édition ou traduction néerlandaise validée lors de la revue éditoriale NL.
/books/OL6512227M,Benjamin West and his cat Grimalkin,,Marguerite Henry | Wesley Dennis,2,,1947,The Bobbs-Merrill Company,Fiction,0,NL_FINAL_BATCH_13,REPLACE,"Notice à remplacer : langue étrangère, doublon non retenu, série institutionnelle inadéquate ou qualité bibliographique insuffisante pour le socle NL."
/books/OL22588803M,No-man's-land,,Marianne Brouwer | Ni Haifeng | Haifeng Ni,3,9789075380729,2003,Artimo,Arts,0,NL_FINAL_BATCH_13,REVIEW,"Notice conservée en revue : langue, édition, attribution, métadonnées, doublon ou nature documentaire restant à confirmer."
/books/OL12808044M,Weduwen en wezen in het laat-middeleeuwse gent,,Marianne Danneel,1,9789053504581,1995,Garant,Histoire,0,NL_FINAL_BATCH_13,KEEP_CORE,Socle néerlandophone validé lors de la revue éditoriale NL.
/books/OL32851260M,Ik ben Rosemarie,overleven in het Derde Rijk,Marietta D. Moskin,1,9789025110208,2007,Holland,Fiction,0,NL_FINAL_BATCH_13,KEEP_TRANSLATION,Édition ou traduction néerlandaise validée lors de la revue éditoriale NL.
/books/OL22912126M,Het berenhuis,,Marilyn Sachs,1,9789021431253,1985,Em. Querido's Uitgeverij,Fiction,0,NL_FINAL_BATCH_13,KEEP_TRANSLATION,Édition ou traduction néerlandaise validée lors de la revue éditoriale NL.
/books/OL22912173M,"Wie had gelijk, Mary Rose?",,Marilyn Sachs,1,9789021413679,1979,Querido,Fiction,0,NL_FINAL_BATCH_13,KEEP_TRANSLATION,Édition ou traduction néerlandaise validée lors de la revue éditoriale NL.
/books/OL23356195M,Verzameling van disposities der verschillende orgels in Nederland,benevens eene korte beschrijving van het orgel in de Groote kerk te Rotterdam,Marinus Hendrik van 't Kruys,1,,1962,F.A.M. Knuf,Histoire,0,NL_FINAL_BATCH_13,KEEP_TRANSLATION,Édition ou traduction néerlandaise validée lors de la revue éditoriale NL.
/books/OL12808289M,Een verschrikkelijk verlangen naar verboden ogen,Unica Zürn (1916-1970) in haar cultuurhistorische context,Marion de Zanger,1,9789053566725,2004,Amsterdam University Press,,0,NL_FINAL_BATCH_13,KEEP_CORE,Socle néerlandophone validé lors de la revue éditoriale NL.
/books/OL25536734M,Mzzl meiden,,Marion van de Coolwijk,1,9789026126420,2009,De Fontein,,0,NL_FINAL_BATCH_13,KEEP_CORE,Socle néerlandophone validé lors de la revue éditoriale NL.
/books/OL35338266M,Wereldwonderen,,Mark Bergin,1,9789054260585,1999,De Lantaarn,Histoire | Jeunesse,0,NL_FINAL_BATCH_13,KEEP_TRANSLATION,Édition ou traduction néerlandaise validée lors de la revue éditoriale NL.
/books/OL32418829M,Collector,,Markus Heitz,1,9789024533183,2011,Luitingh,,0,NL_FINAL_BATCH_13,KEEP_TRANSLATION,Édition ou traduction néerlandaise validée lors de la revue éditoriale NL.
/books/OL32985884M,De dwergen,,Markus Heitz,1,9789024559923,2007,Luitingh Fantasy,Fiction,0,NL_FINAL_BATCH_13,KEEP_TRANSLATION,Édition ou traduction néerlandaise validée lors de la revue éditoriale NL.
/books/OL12808112M,Grootmeesters van de sociologie,,Mart-Jan de Jong,1,9789053522905,1997,Boom,Histoire | Sciences sociales,0,NL_FINAL_BATCH_13,KEEP_CORE,Socle néerlandophone validé lors de la revue éditoriale NL.
/books/OL32698492M,De zwangere weduwe,binnen de geschiedenis,Martin Amis,1,9789025418434,2010,Contact,Fiction | Romance,0,NL_FINAL_BATCH_13,KEEP_TRANSLATION,Édition ou traduction néerlandaise validée lors de la revue éditoriale NL.
/books/OL4355782M,De mystiek van ik en jij,"een nieuwe vertaling van ""Ich und Du"" van Martin Buber : met inleiding en uitleg en een doordenking van het systeem dat eraan ten grondsleg ligt",Martin Buber,1,,1976,Bijleveld,Philosophie | Religion,0,NL_FINAL_BATCH_13,KEEP_TRANSLATION,Édition ou traduction néerlandaise validée lors de la revue éditoriale NL.
/books/OL33334432M,De gouden mijl,,Martin Cruz Smith,1,9789041417756,2012,Anthos,Fiction | Policier et mystère,0,NL_FINAL_BATCH_14,KEEP_TRANSLATION,Édition ou traduction néerlandaise validée lors de la revue éditoriale NL.
/books/OL12846160M,Textual Mobility & Cultural Transmission,,Martine De Clercq,1,9789058675781,2006,Leuven Univ Pr,,0,NL_FINAL_BATCH_14,REPLACE,"Notice à remplacer : langue étrangère, doublon non retenu, série institutionnelle inadéquate ou qualité bibliographique insuffisante pour le socle NL."
/books/OL4826113M,Vernunft und Welt.,Zwischen Tradition und anderem Anfang.,"Marx, Werner.",1,9789024750429,1970,Nijhoff,Philosophie,0,NL_FINAL_BATCH_14,REPLACE,"Notice à remplacer : langue étrangère, doublon non retenu, série institutionnelle inadéquate ou qualité bibliographique insuffisante pour le socle NL."
/books/OL33224790M,Maanlicht staat je goed,,Mary Higgins Clark,1,9789024521401,1998,Luitingh-Sijthoff,Fiction | Policier et mystère,0,NL_FINAL_BATCH_14,KEEP_TRANSLATION,Édition ou traduction néerlandaise validée lors de la revue éditoriale NL.
/books/OL25651897M,Stad van schepen,,Mary Hoffman,1,9789047515869,2011,Van Goor,Fiction,0,NL_FINAL_BATCH_14,KEEP_TRANSLATION,Édition ou traduction néerlandaise validée lors de la revue éditoriale NL.
/books/OL20992189M,Max Bill.,,Max Bill,1,,1968,Gemeentemuseum,Biographie | Histoire,0,NL_FINAL_BATCH_14,REVIEW,"Notice conservée en revue : langue, édition, attribution, métadonnées, doublon ou nature documentaire restant à confirmer."
/books/OL28403660M,Dialektik der aufklaerung,Philosophische Fragmente,Max Horkheimer | Theodor W. Adorno,2,,1944,Querido Verlag,Philosophie,0,NL_FINAL_BATCH_14,REPLACE,"Notice à remplacer : langue étrangère, doublon non retenu, série institutionnelle inadéquate ou qualité bibliographique insuffisante pour le socle NL."
/books/OL45287304M,De enige en zijn eigendom,,Max Stirner,1,,2008,Archief- en Bibliotheekwezen in België,Politique,0,NL_FINAL_BATCH_14,KEEP_TRANSLATION,Édition ou traduction néerlandaise validée lors de la revue éditoriale NL.
/books/OL25839015M,Super Granny,,Megan Havervlok,1,9789492389008,2015,Editorial Perdido,Éducation,0,NL_FINAL_BATCH_14,REVIEW,"Notice conservée en revue : langue, édition, attribution, métadonnées, doublon ou nature documentaire restant à confirmer."
/books/OL35341983M,Fleur Humeur wordt dokter,,Megan McDonald,1,9789047512936,2009,Van Holkema & Warendorf,Fiction,0,NL_FINAL_BATCH_14,KEEP_TRANSLATION,Édition ou traduction néerlandaise validée lors de la revue éditoriale NL.
/books/OL21529578M,Dyskolos,met inleiding en commentaar uitgegeven door B.A. van Groningen.,Menander of Athens,1,,1960,E.J. Brill,Théâtre,0,NL_FINAL_BATCH_14,REVIEW,"Notice conservée en revue : langue, édition, attribution, métadonnées, doublon ou nature documentaire restant à confirmer."
/books/OL37872373M,Heren van de weg,,Michael Chabon,1,9789041413185,2007,Anthos,Fiction | Histoire,0,NL_FINAL_BATCH_14,KEEP_TRANSLATION,Édition ou traduction néerlandaise validée lors de la revue éditoriale NL.
/books/OL32157292M,Zomerland,,Michael Chabon,1,9789076341453,2003,Anthos,Fantasy | Fiction,0,NL_FINAL_BATCH_14,KEEP_TRANSLATION,Édition ou traduction néerlandaise validée lors de la revue éditoriale NL.
/books/OL35329331M,De strijd van Jenkins' oor,,Michael Morpurgo,1,9789021611167,1993,Ploegsma,Fiction,0,NL_FINAL_BATCH_14,KEEP_TRANSLATION,Édition ou traduction néerlandaise validée lors de la revue éditoriale NL.
/books/OL17971043M,Drawings,,Michael Tarantino | Anne Daems | Anne Daems,3,9789076979106,2004,L. Derycke for Merz,Arts,0,NL_FINAL_BATCH_14,REVIEW,"Notice conservée en revue : langue, édition, attribution, métadonnées, doublon ou nature documentaire restant à confirmer."
/books/OL35639284M,Tussen de getijden,,Michael Wallner,1,9789023429579,2008,Cargo,,0,NL_FINAL_BATCH_14,KEEP_TRANSLATION,Édition ou traduction néerlandaise validée lors de la revue éditoriale NL.
/books/OL42082163M,Mijn verhaal journal,Ontdek jouw eigen unieke verhaal,Michelle Obama,1,9789048854776,2019,Hollands Diep,Biographie | Histoire | Jeunesse,0,NL_FINAL_BATCH_14,KEEP_TRANSLATION,Édition ou traduction néerlandaise validée lors de la revue éditoriale NL.
/books/OL33886370M,Vijf uren met mario,,Miguel Delibes,1,9789071677243,1992,Boek Werk,Fiction | Politique,0,NL_FINAL_BATCH_14,KEEP_TRANSLATION,Édition ou traduction néerlandaise validée lors de la revue éditoriale NL.
/books/OL20420595M,Wereldbeeld en teologie,Van de middeleeuwen tot vandaag,N. M. Wildiers,1,9789002123429,1974,Standaard Wetenschappelijke Uitg.,Histoire,0,NL_FINAL_BATCH_14,KEEP_CORE,Socle néerlandophone validé lors de la revue éditoriale NL.
/books/OL32960585M,Dit zijn mijn woorden,het dagboek van Sarah Agnes Prine 1881-1901,Nancy E. Turner | Valerie Leonard,2,9789041008084,1999,Van Reemst,Fiction | Histoire,0,NL_FINAL_BATCH_14,KEEP_TRANSLATION,Édition ou traduction néerlandaise validée lors de la revue éditoriale NL.
/books/OL12797917M,Grote historische atlas van Nederland: 1:50.000,,Netherlands.,1,9789001962302,1990,Wolters-Noordhoff Atlasprodukties,Histoire,0,NL_FINAL_BATCH_14,KEEP_CORE,Socle néerlandophone validé lors de la revue éditoriale NL.
/books/OL25183050M,De heerser,,Niccolò Machiavelli,1,9789025315405,1982,Amsterdam : Athenaeum-Polak & Van Gennep,,0,NL_FINAL_BATCH_14,KEEP_TRANSLATION,Édition ou traduction néerlandaise validée lors de la revue éditoriale NL.
/books/OL12808119M,Wegen en dwarswegen,De geschiedenis van tweeduizend jaar christendom in hoofdlijnen,Nico K. van den Akker,1,9789053523896,1999,Boom,,0,NL_FINAL_BATCH_14,KEEP_CORE,Socle néerlandophone validé lors de la revue éditoriale NL.
/books/OL45875612M,Ikke niet!,,Nicola Killen,1,9789077867433,2010,"Luister, Uitgeverij",Fiction,0,NL_FINAL_BATCH_14,KEEP_TRANSLATION,Édition ou traduction néerlandaise validée lors de la revue éditoriale NL.
/books/OL45001089M,Nicolaes Berchem,in het licht van Italië,Nicolaas Pietersz Berchem,1,9789055446377,2006,Frans Hals Museum,,0,NL_FINAL_BATCH_14,REVIEW,"Notice conservée en revue : langue, édition, attribution, métadonnées, doublon ou nature documentaire restant à confirmer."
/books/OL17454678M,Geographische en historische beschrijuing der Kusten van Noord-America,met de natuurlyke historie des landts,Nicolas Denys,1,9780665941290,1994,By Jan Ten Hoorn ...,Histoire,0,NL_FINAL_BATCH_14,KEEP_TRANSLATION,Édition ou traduction néerlandaise validée lors de la revue éditoriale NL.
/books/OL24082657M,Het hervormingsmoeras van de verzorgingsstaat,veranderingen in de organisatie van de sociale zekerheid,Nicolette van Gestel,1,9789089641533,2009,Amsterdam University Press,Politique,0,NL_FINAL_BATCH_14,KEEP_CORE,Socle néerlandophone validé lors de la revue éditoriale NL.
/books/OL23395196M,Beteekenis en oorsprong van het Russische communisme,,Nikolaĭ Berdi͡aev,1,,1948,L.J. Veen,Histoire | Religion,0,NL_FINAL_BATCH_14,KEEP_TRANSLATION,Édition ou traduction néerlandaise validée lors de la revue éditoriale NL.
/books/OL25548517M,De wreker,,Noelia Lorente | Sebastian Fitzek | Johanna Steiner,3,9789026127748,2010,De Fontein,Fiction,0,NL_FINAL_BATCH_14,REVIEW,"Notice conservée en revue : langue, édition, attribution, métadonnées, doublon ou nature documentaire restant à confirmer."
/books/OL24954121M,A sprig of green,,Noni Lichtveld,1,,1969,Concordia Pub. House,Jeunesse,0,NL_FINAL_BATCH_14,REPLACE,"Notice à remplacer : langue étrangère, doublon non retenu, série institutionnelle inadéquate ou qualité bibliographique insuffisante pour le socle NL."
/books/OL35447155M,Vintage,,Olivia Darling,1,9789044322101,2008,The House of Books,Fiction,0,NL_FINAL_BATCH_15,REVIEW,"Notice conservée en revue : langue, édition, attribution, métadonnées, doublon ou nature documentaire restant à confirmer."
/books/OL12809247M,Dat moet je gelezen hebben,Literaire en educatieve canonvorming in de (jeugd)literatuur,"Onder redactie van Helma van Lierop-Debrauwer, Piet Mooren en Harry Bekkering",1,9789054835141,2005,Biblion Publishers,,0,NL_FINAL_BATCH_15,KEEP_CORE,Socle néerlandophone validé lors de la revue éditoriale NL.
/books/OL18132720M,Oskar Schlemmer.,,Oskar Schlemmer,1,,1971,Stedelijk Museum,Arts,0,NL_FINAL_BATCH_15,REVIEW,"Notice conservée en revue : langue, édition, attribution, métadonnées, doublon ou nature documentaire restant à confirmer."
/books/OL13950442M,De ontvoerde zeug,,P. G. Wodehouse,1,,1956,Prisma Boeken,Fiction,0,NL_FINAL_BATCH_15,KEEP_TRANSLATION,Édition ou traduction néerlandaise validée lors de la revue éditoriale NL.
/books/OL19091821M,Nietzsche en de kromme lijn,de geschiedbeschouwing van 'de vroomste van allen die niet in God geloven',P. Veldhuizen,1,9789060649886,1999,Buijten & Schipperheijn,,0,NL_FINAL_BATCH_15,KEEP_CORE,Socle néerlandophone validé lors de la revue éditoriale NL.
/books/OL21017006M,Het noodlot is een vrouw.,,Patrick Quentin,1,9789027437785,1967,Het Spectrum,,0,NL_FINAL_BATCH_15,KEEP_TRANSLATION,Édition ou traduction néerlandaise validée lors de la revue éditoriale NL.
/books/OL19376908M,"Darwin, dier en recht",,Paul Cliteur,1,9789053527283,2002,Boom,Histoire | Philosophie,0,NL_FINAL_BATCH_15,KEEP_CORE,Socle néerlandophone validé lors de la revue éditoriale NL.
/books/OL6509881M,Nijinsky,,Paul David Magriel,1,,1946,H. Holt and company,Biographie | Voyage,0,NL_FINAL_BATCH_15,REPLACE,"Notice à remplacer : langue étrangère, doublon non retenu, série institutionnelle inadéquate ou qualité bibliographique insuffisante pour le socle NL."
/books/OL229808M,De jonge opstandeling,,Pearl S. Buck,1,,1930,"Uitgeverij ""De Sleutel""",Fiction,0,NL_FINAL_BATCH_15,KEEP_TRANSLATION,Édition ou traduction néerlandaise validée lors de la revue éditoriale NL.
/books/OL35605997M,Memories,,Penelope J. Stokes,1,9789059775008,2009,Kok Omniboek,Fiction,0,NL_FINAL_BATCH_15,REVIEW,"Notice conservée en revue : langue, édition, attribution, métadonnées, doublon ou nature documentaire restant à confirmer."
/books/OL38238965M,Tijdloos,,Penelope J. Stokes,1,9789059772977,2008,RedRose,Fiction | Voyage,0,NL_FINAL_BATCH_15,KEEP_TRANSLATION,Édition ou traduction néerlandaise validée lors de la revue éditoriale NL.
/books/OL37736738M,Het rollenspel,thriller,Peter Abrahams,1,9789029067454,2000,Meulenhoff-M,Fiction,0,NL_FINAL_BATCH_15,KEEP_TRANSLATION,Édition ou traduction néerlandaise validée lors de la revue éditoriale NL.
/books/OL35337291M,Ondankbare hond,,Peter Abrahams,1,9789047513087,2010,Van Holkema & Warendorf,Fiction | Policier et mystère,0,NL_FINAL_BATCH_15,KEEP_TRANSLATION,Édition ou traduction néerlandaise validée lors de la revue éditoriale NL.
/books/OL45818532M,Meneer tijger wordt wild,,Peter Brown,1,9789025757724,2014,Gottmer,Fiction,0,NL_FINAL_BATCH_15,KEEP_TRANSLATION,Édition ou traduction néerlandaise validée lors de la revue éditoriale NL.
/books/OL12850392M,How to Construct Rietveld Furniture,,Peter Drijver | Johannes Niemeijer,2,9789068682809,2002,Uitgeverij Thoth,Arts,0,NL_FINAL_BATCH_15,REPLACE,"Notice à remplacer : langue étrangère, doublon non retenu, série institutionnelle inadéquate ou qualité bibliographique insuffisante pour le socle NL."
/books/OL2948387M,Antropologie als wetenschap,,Peter Kloos,1,9789062836208,1984,D. Coutinho,Philosophie,0,NL_FINAL_BATCH_15,KEEP_CORE,Socle néerlandophone validé lors de la revue éditoriale NL.
/books/OL2094751M,Filosofie van de antropologie,,Peter Kloos,1,9789068901207,1987,Nijhoff,Philosophie,0,NL_FINAL_BATCH_15,KEEP_CORE,Socle néerlandophone validé lors de la revue éditoriale NL.
/books/OL21375995M,Wolfsberg,,Peter Lars Sandberg,1,9789029007245,1977,Meulenhoff,,0,NL_FINAL_BATCH_15,KEEP_CORE,Socle néerlandophone validé lors de la revue éditoriale NL.
/books/OL16866166M,Zeeslagen en zeehelden in de Gouden Eeuw,,Peter Sigmond,1,9789086890224,2007,Rijksmuseum,Arts | Histoire,0,NL_FINAL_BATCH_15,KEEP_CORE,Socle néerlandophone validé lors de la revue éditoriale NL.
/books/OL12851795M,The Invented Land,,Peter van Bolhuis,1,9789075271171,2004,Blauwdruk,Histoire,0,NL_FINAL_BATCH_15,REPLACE,"Notice à remplacer : langue étrangère, doublon non retenu, série institutionnelle inadéquate ou qualité bibliographique insuffisante pour le socle NL."
/books/OL12848605M,"Kuisheid voor mannen, vrijheid voor vrouwen","De reglementering en bestrijding van prostitutie in Nederland, 1850-1911",Petra de Vries,1,9789065505620,1997,Verloren,Histoire,0,NL_FINAL_BATCH_15,KEEP_CORE,Socle néerlandophone validé lors de la revue éditoriale NL.
/books/OL25208806M,"Akbar, een Oosterse roman",,Petrus Abraham Samuel van Limburg Brouwer,1,,1941,Elsevier,Fiction,0,NL_FINAL_BATCH_15,KEEP_CORE,Socle néerlandophone validé lors de la revue éditoriale NL.
/books/OL22025531M,De probleemstelling voor een onderzoek.,,Petrus Johannus Maria Verschuren,1,9789027462879,1986,Het Spectrum,,0,NL_FINAL_BATCH_15,KEEP_CORE,Socle néerlandophone validé lors de la revue éditoriale NL.
/books/OL20976134M,Philip Guston,"Stedelijk Museum, Amsterdam, 20 september-15 oktober1962.",Philip Guston,1,,1962,Stedelijk Museum,Voyage,0,NL_FINAL_BATCH_15,REVIEW,"Notice conservée en revue : langue, édition, attribution, métadonnées, doublon ou nature documentaire restant à confirmer."
/books/OL16782536M,Cinna,,Pierre Corneille,1,,1856,Roelants,Fiction | Théâtre,0,NL_FINAL_BATCH_15,KEEP_TRANSLATION,Édition ou traduction néerlandaise validée lors de la revue éditoriale NL.
/books/OL25199004M,De vrouw en de ledenpop,,Pierre Louÿs,1,9789060195857,1978,Bert Bakker,Fiction,0,NL_FINAL_BATCH_15,KEEP_TRANSLATION,Édition ou traduction néerlandaise validée lors de la revue éditoriale NL.
/books/OL20995380M,Soulages,"Haags Gemeentemuseum, 22 maart-24 april 1961.",Pierre Soulages,1,,1961,Haags Gemeentemuseum,Fiction,0,NL_FINAL_BATCH_15,REVIEW,"Notice conservée en revue : langue, édition, attribution, métadonnées, doublon ou nature documentaire restant à confirmer."
/books/OL12809250M,De mondige jeugdliteratuur,Over raakvlakken van jeugdliteratuur en volkscultuur,"Piet Mooren, Jeanne Kurvers en Helma van Lierop",1,9789054835288,2004,Biblion Publishers,Jeunesse,0,NL_FINAL_BATCH_15,KEEP_CORE,Socle néerlandophone validé lors de la revue éditoriale NL.
/books/OL2983188M,De grot van de nimfen,over een passage uit de Odyssee van Homerus,Porphyry,1,9789026306648,1984,Ambo,,0,NL_FINAL_BATCH_15,KEEP_TRANSLATION,Édition ou traduction néerlandaise validée lors de la revue éditoriale NL.
/books/OL12852594M,Unheimlich Moederland,,"Postel, Gitte",1,9789087280031,2007,Amsterdam University Press,Politique,0,NL_FINAL_BATCH_15,KEEP_CORE,Socle néerlandophone validé lors de la revue éditoriale NL.
/books/OL21733284M,A geography of man,,Preston Everett James,1,,1949,Ginn,Arts,0,NL_FINAL_BATCH_16,REPLACE,"Notice à remplacer : langue étrangère, doublon non retenu, série institutionnelle inadéquate ou qualité bibliographique insuffisante pour le socle NL."
/books/OL24417457M,Overwinning door gehoorzaamheid,geschiedenis van natuurwetenschap en techniek,R. J. Forbes | Eduard Jan Dijksterhuis,2,,1961,De Haan,Histoire | Sciences | Technologie,0,NL_FINAL_BATCH_16,KEEP_CORE,Socle néerlandophone validé lors de la revue éditoriale NL.
/books/OL12848608M,"de Opbouw Van de Antirevolutionaire Partij, 1850-1888",,R. Janssens,1,9789065506337,2001,Verloren,Histoire,0,NL_FINAL_BATCH_16,KEEP_CORE,Socle néerlandophone validé lors de la revue éditoriale NL.
/books/OL12801178M,Batavia,Beeld van een stad,R. P. G. A. Voskuil,1,9789026946417,1989,Fibula,Histoire,0,NL_FINAL_BATCH_16,KEEP_CORE,Socle néerlandophone validé lors de la revue éditoriale NL.
/books/OL26948987M,De leeuw in de muis,,Rachel Bright,1,9789025766146,2016,,Fiction,0,NL_FINAL_BATCH_16,KEEP_TRANSLATION,Édition ou traduction néerlandaise validée lors de la revue éditoriale NL.
/books/OL32378272M,Arlington Park,,Rachel Cusk,1,9789023421924,2006,De Bezige Bij,Fiction,0,NL_FINAL_BATCH_16,KEEP_TRANSLATION,Édition ou traduction néerlandaise validée lors de la revue éditoriale NL.
/books/OL28220195M,De bijzondere kinderen van mevrouw peregrine,,Ransom Riggs,1,9789044817171,2012,Uitgeverij Clavis B.V.B.A.,BD et romans graphiques | Fantasy | Fiction | Jeunes adultes | Policier et mystère | Science-fiction,0,NL_FINAL_BATCH_16,KEEP_TRANSLATION,Édition ou traduction néerlandaise validée lors de la revue éditoriale NL.
/books/OL32760422M,De toorn van een waanzinnige god,,Raymond E. Feist,1,9789024556595,2008,Luitingh Fantasy,Fantasy | Fiction,0,NL_FINAL_BATCH_16,KEEP_TRANSLATION,Édition ou traduction néerlandaise validée lors de la revue éditoriale NL.
/books/OL24356944M,Het Islamisme,,Reinhart Dozy,1,,1900,Willink,Histoire,0,NL_FINAL_BATCH_16,KEEP_CORE,Socle néerlandophone validé lors de la revue éditoriale NL.
/books/OL23957098M,De wereldburger bestaat niet,waarom de opstand der elites de samenleving ondermijnt,René Cuperus,1,9789035131927,2009,Bert Bakker,Philosophie | Politique,0,NL_FINAL_BATCH_16,KEEP_CORE,Socle néerlandophone validé lors de la revue éditoriale NL.
/books/OL6534730M,Principia Philosophiae,"of, Beginselen der wysbegeerte.",René Descartes,1,,1657,I. Rieuwertsz,Philosophie | Sciences,0,NL_FINAL_BATCH_16,KEEP_TRANSLATION,Édition ou traduction néerlandaise validée lors de la revue éditoriale NL.
/books/OL24412736M,Byzantium,glorie en verval van een duizendjarig rijk,René Guerdan,1,,1958,De Haan,Histoire,0,NL_FINAL_BATCH_16,KEEP_TRANSLATION,Édition ou traduction néerlandaise validée lors de la revue éditoriale NL.
/books/OL35333109M,De redding van de edmontosaurussen,,Rex Stone,1,9789044718942,2008,Deltas,Fantasy | Fiction,0,NL_FINAL_BATCH_16,KEEP_TRANSLATION,Édition ou traduction néerlandaise validée lors de la revue éditoriale NL.
/books/OL35339431M,Jacht op de Velociraptor,,Rex Stone,1,9789044718935,2008,Deltas,Fantasy | Fiction,0,NL_FINAL_BATCH_16,KEEP_TRANSLATION,Édition ou traduction néerlandaise validée lors de la revue éditoriale NL.
/books/OL35616131M,De corrector,,Ricardo Menéndez Salmón,1,9789028424623,2013,Wereldbibliotheek,Fiction,0,NL_FINAL_BATCH_16,KEEP_TRANSLATION,Édition ou traduction néerlandaise validée lors de la revue éditoriale NL.
/books/OL13900205M,Hoe groen was mijn dal,,Richard Llewellyn,1,,1940,"""Margriet""-Bibliotheek",Fiction | Histoire,0,NL_FINAL_BATCH_16,KEEP_TRANSLATION,Édition ou traduction néerlandaise validée lors de la revue éditoriale NL.
/books/OL47788459M,Michael Vey,Gevangene van cel 25,Richard Paul Evans,1,9789020649215,2014,Kluitman,Fiction | Science-fiction,0,NL_FINAL_BATCH_16,KEEP_TRANSLATION,Édition ou traduction néerlandaise validée lors de la revue éditoriale NL.
/books/OL32817895M,Beijing,,Richard Platt | Manuela Cappon,2,9789025743611,2008,Gottmer,Histoire | Jeunesse,0,NL_FINAL_BATCH_16,REVIEW,"Notice conservée en revue : langue, édition, attribution, métadonnées, doublon ou nature documentaire restant à confirmer."
/books/OL35325692M,Op weg naar een dansfeest,,Richard Powers,1,9789020425130,1991,Veen,Fiction,0,NL_FINAL_BATCH_16,KEEP_TRANSLATION,Édition ou traduction néerlandaise validée lors de la revue éditoriale NL.
/books/OL32851497M,Ploegen door het donker,,Richard Powers,1,9789025435448,2011,Contact,Fiction,0,NL_FINAL_BATCH_16,KEEP_TRANSLATION,Édition ou traduction néerlandaise validée lors de la revue éditoriale NL.
/books/OL12806809M,De opkomst van het medisch beroep in Belgie,De evolutie van de wetgeving en de beroepsorganisatie in de 19de eeuw,Rita Schepers,1,9789051830088,1989,Editions Rodopi,Histoire,0,NL_FINAL_BATCH_16,KEEP_CORE,Socle néerlandophone validé lors de la revue éditoriale NL.
/books/OL25272080M,Onzekerheid troef,het betwiste gezag van de wetenschap,Rob Hagendijk | Huub Dijstelbloem,2,9789461640437,2011,Van Gennep,Sciences,0,NL_FINAL_BATCH_16,KEEP_CORE,Socle néerlandophone validé lors de la revue éditoriale NL.
/books/OL25439328M,Het nut van nutteloos onderzoek,,Robbert Dijkgraaf,1,,2013,Uitgeverij Bert Bakker,Sciences,0,NL_FINAL_BATCH_16,KEEP_CORE,Socle néerlandophone validé lors de la revue éditoriale NL.
/books/OL32851598M,Insecten,,Robert Snedden,1,9789055662647,2009,Ars Scribendi Uitgeverij,Jeunesse,0,NL_FINAL_BATCH_16,KEEP_TRANSLATION,Édition ou traduction néerlandaise validée lors de la revue éditoriale NL.
/books/OL35724409M,Spy girl,,Robin Benway,1,9789026134241,2013,De Fontein,Fiction,0,NL_FINAL_BATCH_16,REVIEW,"Notice conservée en revue : langue, édition, attribution, métadonnées, doublon ou nature documentaire restant à confirmer."
/books/OL33219469M,De dode republiek,,Roddy Doyle,1,9789038893792,2010,Nijgh & Van Ditmar,Fiction | Histoire | Politique,0,NL_FINAL_BATCH_16,KEEP_TRANSLATION,Édition ou traduction néerlandaise validée lors de la revue éditoriale NL.
/books/OL1286313M,Beringerius Turonensis Rescriptum contra Lanfrannum,,Rodrigo Jiménez de Rada,1,9782503038414,1988,Brepols,Biographie | Histoire | Philosophie | Politique | Poésie,0,NL_FINAL_BATCH_16,REPLACE,"Notice à remplacer : langue étrangère, doublon non retenu, série institutionnelle inadéquate ou qualité bibliographique insuffisante pour le socle NL."
/books/OL19178912M,Electorale cultuur en politieke oriëntatie,verkiezingen in Gelderland 1888-1940,Ron de Jong,1,9789065508928,2005,Verloren,Histoire,0,NL_FINAL_BATCH_16,KEEP_CORE,Socle néerlandophone validé lors de la revue éditoriale NL.
/books/OL12848583M,Van standspolitiek naar partijloyaliteit,Verkiezingen voor de Tweede Kamer 1848-1887,Ron de Jong,1,9789065500694,1999,Verloren,Histoire | Politique,0,NL_FINAL_BATCH_16,KEEP_CORE,Socle néerlandophone validé lors de la revue éditoriale NL.
/books/OL16893146M,Schilders van Dongen,Kroniek van een 'vergeten' schildersdorp,Ron Dirven,1,9789055945979,2008,Scriptum Art,,0,NL_FINAL_BATCH_16,KEEP_CORE,Socle néerlandophone validé lors de la revue éditoriale NL.
/books/OL27098710M,Aru Shah en het einde van de tijd,,Roshani Chokshi,1,9789000364503,2018,Van Goor,Fiction,0,NL_FINAL_BATCH_17,KEEP_TRANSLATION,Édition ou traduction néerlandaise validée lors de la revue éditoriale NL.
/books/OL12851555M,Arbeid en alcohol,De dynamiek van de rijstteelt en het gezag van de oudste bij de Balanta Brassa in Guinee Bissau (CNWS publications),Roy van der Drift,1,9789073782143,1992,"Centrum voor Niet-Westerse Studies, Rijksuniversiteit Leiden",Histoire | Économie et entreprise,0,NL_FINAL_BATCH_17,KEEP_CORE,Socle néerlandophone validé lors de la revue éditoriale NL.
/books/OL35333137M,Maar ik wil dansen,,Rumer Godden,1,9789050165235,2008,Facet,Fiction,0,NL_FINAL_BATCH_17,KEEP_TRANSLATION,Édition ou traduction néerlandaise validée lors de la revue éditoriale NL.
/books/OL32371012M,Every poet is a thief,,Ruud de Wild,1,9789057591372,2006,Podium,,0,NL_FINAL_BATCH_17,REVIEW,"Notice conservée en revue : langue, édition, attribution, métadonnées, doublon ou nature documentaire restant à confirmer."
/books/OL12852544M,Zichzelf te zien leven,,"Röling, Hugo",1,9789085553717,2007,Amsterdam University Press,Biographie,0,NL_FINAL_BATCH_17,KEEP_CORE,Socle néerlandophone validé lors de la revue éditoriale NL.
/books/OL47861528M,Verkocht,,Sally Grindley,1,9789026600722,2011,Callenbach,Fiction,0,NL_FINAL_BATCH_17,KEEP_TRANSLATION,Édition ou traduction néerlandaise validée lors de la revue éditoriale NL.
/books/OL32698673M,De woestenij,,Samantha Harvey,1,9789041413642,2009,Anthos,Fiction,0,NL_FINAL_BATCH_17,KEEP_TRANSLATION,Édition ou traduction néerlandaise validée lors de la revue éditoriale NL.
/books/OL19094770M,Macht en onmacht,essays,Samuel IJsseling,1,9789053524961,1999,Boom,,0,NL_FINAL_BATCH_17,KEEP_CORE,Socle néerlandophone validé lors de la revue éditoriale NL.
/books/OL25540176M,Koude aarde,,Sarah Moss,1,9789047201434,2010,Artemis & co,Fiction,0,NL_FINAL_BATCH_17,KEEP_TRANSLATION,Édition ou traduction néerlandaise validée lors de la revue éditoriale NL.
/books/OL32972585M,Adorkable,,Sarra Manning,1,9789048308798,2013,Veltman Uitgevers,Fiction | Romance,0,NL_FINAL_BATCH_17,REVIEW,"Notice conservée en revue : langue, édition, attribution, métadonnées, doublon ou nature documentaire restant à confirmer."
/books/OL25191212M,Een walvis scheert zich bij voorkeur nat,,Scott Adams,1,9789054256342,2000,Big Balloon,BD et romans graphiques,0,NL_FINAL_BATCH_17,KEEP_TRANSLATION,Édition ou traduction néerlandaise validée lors de la revue éditoriale NL.
/books/OL32830164M,Cathy's sleutel,,Sean Stewart,1,9789049923006,2008,Pimento,Science-fiction,0,NL_FINAL_BATCH_17,KEEP_TRANSLATION,Édition ou traduction néerlandaise validée lors de la revue éditoriale NL.
/books/OL25558732M,De therapie,,Sebastian Fitzek,1,9789026127731,2010,De Fontein,Fiction,0,NL_FINAL_BATCH_17,KEEP_TRANSLATION,Édition ou traduction néerlandaise validée lors de la revue éditoriale NL.
/books/OL15148768M,"Oedipus, drama.",Tekst met metrische vertaling en aantekeningen van J. van IJzeren.,Seneca the Younger,1,,1958,E.J. Brill,Théâtre,0,NL_FINAL_BATCH_17,KEEP_TRANSLATION,Édition ou traduction néerlandaise validée lors de la revue éditoriale NL.
/books/OL20040690M,Sol LeWitt,Prenten/prints,Shariann Lewitt,1,,1975,Stedelijk Museum,,0,NL_FINAL_BATCH_17,REVIEW,"Notice conservée en revue : langue, édition, attribution, métadonnées, doublon ou nature documentaire restant à confirmer."
/books/OL50549699M,Achter de maan,,Sharon Creech,1,9789020653014,1999,"Kluitman Alkmaar B.V., Uitgeverij",Fiction | Jeunesse,0,NL_FINAL_BATCH_17,KEEP_TRANSLATION,Édition ou traduction néerlandaise validée lors de la revue éditoriale NL.
/books/OL35337440M,Haat die kat,,Sharon Creech,1,9789089670229,2009,Hoogland & Van Klaveren,Fiction | Poésie,0,NL_FINAL_BATCH_17,KEEP_TRANSLATION,Édition ou traduction néerlandaise validée lors de la revue éditoriale NL.
/books/OL18396801M,De kleine schildpad en het lied van de zee,,Sheridan Cain,1,9789060566459,2000,De Eekhoorn,Fiction,0,NL_FINAL_BATCH_17,KEEP_TRANSLATION,Édition ou traduction néerlandaise validée lors de la revue éditoriale NL.
/books/OL18396785M,Pas op voor de grote boze vis!,,Sheridan Cain,1,9789056371081,1998,Lemniscaat,Fiction,0,NL_FINAL_BATCH_17,KEEP_TRANSLATION,Édition ou traduction néerlandaise validée lors de la revue éditoriale NL.
/books/OL47846019M,Lean in / druk 4,"vrouwen, werk en de weg naar succes",Sheryl Sandberg | Nell Scovell,2,9789400504967,2014,Lev.,,0,NL_FINAL_BATCH_17,KEEP_TRANSLATION,Édition ou traduction néerlandaise validée lors de la revue éditoriale NL.
/books/OL22914185M,Als er een morgen is,,Sidney Sheldon,1,9789010054838,1985,Elsevier,Fiction | Policier et mystère | Romance | Thriller,0,NL_FINAL_BATCH_17,KEEP_TRANSLATION,Édition ou traduction néerlandaise validée lors de la revue éditoriale NL.
/books/OL60455530M,De School van Goed en Kwaad,,Soman Chainani,1,9789402710786,2022,HarperCollins Holland,Fantasy | Fiction | Jeunesse,0,NL_FINAL_BATCH_17,KEEP_TRANSLATION,Édition ou traduction néerlandaise validée lors de la revue éditoriale NL.
/books/OL35328413M,The look,,Sophia Bennett,1,9789044338829,2013,Chicken House,Fiction,0,NL_FINAL_BATCH_17,REPLACE,"Notice à remplacer : langue étrangère, doublon non retenu, série institutionnelle inadéquate ou qualité bibliographique insuffisante pour le socle NL."
/books/OL41564829M,Caraval,,Stephanie Garber,1,9789021028644,2021,Luitingh Sijthoff,Fiction,0,NL_FINAL_BATCH_17,KEEP_TRANSLATION,Édition ou traduction néerlandaise validée lors de la revue éditoriale NL.
/books/OL35333912M,Think like a freak,dwarsdenkers bereiken meer,Steven D. Levitt | Stephen J. Dubner,2,9789023483601,2014,De Bezige Bij,,0,NL_FINAL_BATCH_17,KEEP_TRANSLATION,Édition ou traduction néerlandaise validée lors de la revue éditoriale NL.
/books/OL28264581M,Laatste avond in de Lobster,roman,Stewart O'Nan,1,9789059362673,2010,Cossee,Fiction,0,NL_FINAL_BATCH_17,KEEP_TRANSLATION,Édition ou traduction néerlandaise validée lors de la revue éditoriale NL.
/books/OL34253459M,Sneeuwengelen,,Stewart O'Nan,1,9789059362215,2008,Cossee,Fiction,0,NL_FINAL_BATCH_17,KEEP_TRANSLATION,Édition ou traduction néerlandaise validée lors de la revue éditoriale NL.
/books/OL45872805M,De crisis jaren (Oorzaak en gevolg),,Stewart Ross,1,9789054951834,1998,Ars Scribendi,Jeunesse,0,NL_FINAL_BATCH_17,KEEP_TRANSLATION,Édition ou traduction néerlandaise validée lors de la revue éditoriale NL.
/books/OL12802604M,Het Verbrande Kind,,Stig Dagerman,1,9789029022088,1987,Meulenhoff,Fiction,0,NL_FINAL_BATCH_17,KEEP_TRANSLATION,Édition ou traduction néerlandaise validée lors de la revue éditoriale NL.
/books/OL35616341M,Shiva's vuur,,Suzanne Fisher Staples,1,9789056373184,2002,Lemniscaat,Fiction,0,NL_FINAL_BATCH_17,KEEP_TRANSLATION,Édition ou traduction néerlandaise validée lors de la revue éditoriale NL.
/books/OL12851191M,"Het Amerikaanse neoconservatisme, 1968-1988 (Utrechtse historische cahiers)",,T. A. M Schoenmakers,1,9789072131317,1996,Vakgroep Geschiedenis de Universiteit Utrecht,Histoire | Politique,0,NL_FINAL_BATCH_18,KEEP_CORE,Socle néerlandophone validé lors de la revue éditoriale NL.
/books/OL20216705M,Kobus Kruls parmantige kattenboek,,T. S. Eliot,1,9789035100084,1985,B. Bakker,Poésie,0,NL_FINAL_BATCH_18,KEEP_TRANSLATION,Édition ou traduction néerlandaise validée lors de la revue éditoriale NL.
/books/OL61366359M,Vrees me,Ik ben een monster. Ik heb een gave.,Tahereh Mafi,1,9789020679861,2015,Blossom Books,Fiction | Romance | Science-fiction,0,NL_FINAL_BATCH_18,KEEP_TRANSLATION,Édition ou traduction néerlandaise validée lors de la revue éditoriale NL.
/books/OL19006616M,Schaduwland.,,Tami Hoag,1,9789026981715,1997,Uitgeverij Areopagus,Fiction | Policier et mystère,0,NL_FINAL_BATCH_18,KEEP_TRANSLATION,Édition ou traduction néerlandaise validée lors de la revue éditoriale NL.
/books/OL15361469M,Merkwaardigheden uit alle bekende landen van Amerika,"voor hen die, tot eene leerzame uitspanning, in het hoekje van den haard, door vreemde landed willen reizen","Taylor, Isaac",1,,1829,Beijerinck,Histoire | Jeunesse | Voyage,0,NL_FINAL_BATCH_18,KEEP_TRANSLATION,Édition ou traduction néerlandaise validée lors de la revue éditoriale NL.
/books/OL44412095M,Teun Hocks,van vroeg tot laat : de voorstellingen van Teun Hocks = early to late : the staged images of Teun Hocks,Teun Hocks | Janet Koplos | Teun Hocks,3,9789073920286,2019,Torch,,0,NL_FINAL_BATCH_18,REVIEW,"Notice conservée en revue : langue, édition, attribution, métadonnées, doublon ou nature documentaire restant à confirmer."
/books/OL35341082M,Kruistocht in spijkerbroek,,Thea Beckman,1,9789047701163,2008,Lemniscaat,Fiction,0,NL_FINAL_BATCH_18,KEEP_CORE,Socle néerlandophone validé lors de la revue éditoriale NL.
/books/OL12846743M,Sodoms zaad in Nederland,Het ontstaan van homoseksualiteit in de vroegmoderne tijd (Memoria),Theo van der Meer,1,9789061684442,1995,Sun,Histoire,0,NL_FINAL_BATCH_18,KEEP_CORE,Socle néerlandophone validé lors de la revue éditoriale NL.
/books/OL22965050M,Berlijn,roman,Theodor Plievier,1,,1950,F.G. Kroonder,Fiction,0,NL_FINAL_BATCH_18,KEEP_TRANSLATION,Édition ou traduction néerlandaise validée lors de la revue éditoriale NL.
/books/OL2762890M,"De gezegende, het leven van Spinoza in honderdzeven scènes",,Theun de Vries,1,9789021486659,1985,Querido,Fiction,0,NL_FINAL_BATCH_18,KEEP_CORE,Socle néerlandophone validé lors de la revue éditoriale NL.
/books/OL23176852M,Margaret Cavendish in de Nederlanden,Filosofie en schilderkunst in de Gouden Eeuw,Thijs Weststeijn,1,9789089640291,2008,Amsterdam University Press,,0,NL_FINAL_BATCH_18,KEEP_CORE,Socle néerlandophone validé lors de la revue éditoriale NL.
/books/OL18553090M,Helden zonder land of vlag,,Thomas Bertram Costain,1,,1954,J. Van Tuyl,Fiction,0,NL_FINAL_BATCH_18,KEEP_TRANSLATION,Édition ou traduction néerlandaise validée lors de la revue éditoriale NL.
/books/OL24354315M,De morte d'Arthur,,Thomas Malory,1,9789027491503,1981,Het Spectrum,Fiction | Jeunesse | Romance,0,NL_FINAL_BATCH_18,KEEP_TRANSLATION,Édition ou traduction néerlandaise validée lors de la revue éditoriale NL.
/books/OL24947100M,Lotte in Weimar,,Thomas Mann,1,9789029530149,1987,De Arbeiderspers,Fiction | Romance,0,NL_FINAL_BATCH_18,KEEP_TRANSLATION,Édition ou traduction néerlandaise validée lors de la revue éditoriale NL.
/books/OL24353152M,"Het onbekend en wonderlijk eyland, Utopia",,Thomas More,1,,1700,Voor Wilhelm Linnig van Koppenol,Fiction | Histoire | Politique,0,NL_FINAL_BATCH_18,KEEP_TRANSLATION,Édition ou traduction néerlandaise validée lors de la revue éditoriale NL.
/books/OL40650629M,Wallner begint te vliegen,,Thomas von Steinaecker,1,9789057591587,2009,Podium,,0,NL_FINAL_BATCH_18,KEEP_TRANSLATION,Édition ou traduction néerlandaise validée lors de la revue éditoriale NL.
/books/OL19920334M,Pelgrim,,Timothy Findley,1,9789044501476,2002,Uitgeverij de Geus,Fiction,0,NL_FINAL_BATCH_18,KEEP_TRANSLATION,Édition ou traduction néerlandaise validée lors de la revue éditoriale NL.
/books/OL24947035M,Caesarion,,Tommy Wieringa,1,9789023465140,2011,De bezige bij,Fiction,0,NL_FINAL_BATCH_18,KEEP_CORE,Socle néerlandophone validé lors de la revue éditoriale NL.
/books/OL31665949M,Joe Speedboot,roman,Tommy Wieringa,1,9789023414339,2005,De Bezige Bij,Fiction,0,NL_FINAL_BATCH_18,KEEP_CORE,Socle néerlandophone validé lors de la revue éditoriale NL.
/books/OL21377983M,Tony Cragg,in camera.,Tony Cragg,1,9789070149437,1993,Europees Keramisch Werkcentrum,,0,NL_FINAL_BATCH_18,REVIEW,"Notice conservée en revue : langue, édition, attribution, métadonnées, doublon ou nature documentaire restant à confirmer."
/books/OL35324661M,Ik wil een feestje!,,Tony Ross,1,9789089416513,2011,Memphis Belle,Fiction,0,NL_FINAL_BATCH_18,KEEP_TRANSLATION,Édition ou traduction néerlandaise validée lors de la revue éditoriale NL.
/books/OL35337732M,Ik wil mijn mama!,,Tony Ross,1,9789062494590,2004,Sjaloom,Fiction,0,NL_FINAL_BATCH_18,KEEP_TRANSLATION,Édition ou traduction néerlandaise validée lors de la revue éditoriale NL.
/books/OL47219736M,Ghostgirl / druk 1,,Tonya Hurley,1,9789089681041,2008,,Fiction | Jeunes adultes,0,NL_FINAL_BATCH_18,REVIEW,"Notice conservée en revue : langue, édition, attribution, métadonnées, doublon ou nature documentaire restant à confirmer."
/books/OL24228364M,Spoken in de speelzaal,,Ulrich Karger,1,9789055796847,2002,De Vier Windstreken,Fiction,0,NL_FINAL_BATCH_18,KEEP_TRANSLATION,Édition ou traduction néerlandaise validée lors de la revue éditoriale NL.
/books/OL32347654M,De begraafplaats van Praag,,Umberto Eco,1,9789044617313,2011,Prometheus,Fiction | Histoire,0,NL_FINAL_BATCH_18,KEEP_TRANSLATION,Édition ou traduction néerlandaise validée lors de la revue éditoriale NL.
/books/OL35331676M,De wrede hand,,Val McDermid,1,9789021801360,2008,Sijthoff,Fiction | Policier et mystère,0,NL_FINAL_BATCH_18,KEEP_TRANSLATION,Édition ou traduction néerlandaise validée lors de la revue éditoriale NL.
/books/OL35327711M,Een spoor van bloed,,Val McDermid,1,9789021803685,2010,Sijthoff,Fiction | Policier et mystère,0,NL_FINAL_BATCH_18,KEEP_TRANSLATION,Édition ou traduction néerlandaise validée lors de la revue éditoriale NL.
/books/OL12805809M,In Facie Ecclesiae,,Van de Ven J.M.M.,1,9789042909656,2001,Peeters,Histoire,0,NL_FINAL_BATCH_18,REVIEW,"Notice conservée en revue : langue, édition, attribution, métadonnées, doublon ou nature documentaire restant à confirmer."
/books/OL12805140M,Repertorium van de documenten in het archief Monseigneur Willy Onclin,,Van de Wiel C.,1,9789042900356,1998,Peeters,Histoire,0,NL_FINAL_BATCH_18,KEEP_CORE,Socle néerlandophone validé lors de la revue éditoriale NL.
/books/OL32371189M,Les misérables,,Victor Hugo,1,9789044929423,2001,Bruna,Fiction | Histoire | Politique,0,NL_FINAL_BATCH_18,REVIEW,"Notice conservée en revue : langue, édition, attribution, métadonnées, doublon ou nature documentaire restant à confirmer."
/books/OL12848118M,Wetenschapsfilosofie in veelvoud,Fundamenten voor professioneel handelen,Victor van den Bersselaar,1,9789062830572,1997,Coutinho,,0,NL_FINAL_BATCH_19,KEEP_CORE,Socle néerlandophone validé lors de la revue éditoriale NL.
/books/OL27097743M,Zwaard van Glas,,Victoria Aveyard,1,9789023498070,2016,Cargo,Fantasy | Fiction | Jeunes adultes | Romance,0,NL_FINAL_BATCH_19,KEEP_TRANSLATION,Édition ou traduction néerlandaise validée lors de la revue éditoriale NL.
/books/OL24328781M,"Candide, of Het optimisme",,Voltaire,1,9789029554343,1986,De Arbeiderpers,Fiction | Histoire | Philosophie | Politique,0,NL_FINAL_BATCH_19,KEEP_TRANSLATION,Édition ou traduction néerlandaise validée lors de la revue éditoriale NL.
/books/OL2650312M,Rokoko,democratie in wording,W. H. Thijsse,1,9789060113592,1985,Walburg Pers,,0,NL_FINAL_BATCH_19,KEEP_CORE,Socle néerlandophone validé lors de la revue éditoriale NL.
/books/OL25535409M,De menselijke beslisser,Over de psychologie van keuze en gedrag,W. L. Tiemeijer,1,9789048511990,2009,Amsterdam University Press,Politique,0,NL_FINAL_BATCH_19,KEEP_CORE,Socle néerlandophone validé lors de la revue éditoriale NL.
/books/OL19572408M,Metaphysik der naturwissenschaft,,W. Schapp,1,,1965,Martinus Nijhoff,Philosophie | Sciences,0,NL_FINAL_BATCH_19,REPLACE,"Notice à remplacer : langue étrangère, doublon non retenu, série institutionnelle inadéquate ou qualité bibliographique insuffisante pour le socle NL."
/books/OL4956942M,Natuurleven,(Leaves of Grass),Walt Whitman,1,,1898,De erven F. Bohn,Biographie | Fiction | Histoire | Philosophie | Politique | Poésie,0,NL_FINAL_BATCH_19,KEEP_TRANSLATION,Édition ou traduction néerlandaise validée lors de la revue éditoriale NL.
/books/OL14822191M,De sociologie van Jürgen Habermas,,Walter Weyns,1,9789033422409,1990,Acco,Philosophie | Sciences sociales,0,NL_FINAL_BATCH_19,KEEP_CORE,Socle néerlandophone validé lors de la revue éditoriale NL.
/books/OL13793219M,Goya,"tekeningen, etsen, lithografiee n uit het Museo del Prado en het Museo La zaro Galdiano te Madrid.",Werner Hofmann,1,,1956,Museum Boymans,,0,NL_FINAL_BATCH_19,KEEP_CORE,Socle néerlandophone validé lors de la revue éditoriale NL.
/books/OL25548923M,Infrastructures,time to invest,Wetenschappelijke Raad voor het Regeringsbeleid (Netherlands),1,9789053566053,2008,Amsterdam University Press,,0,NL_FINAL_BATCH_19,REVIEW,"Notice conservée en revue : langue, édition, attribution, métadonnées, doublon ou nature documentaire restant à confirmer."
/books/OL21016203M,Aasgier van de golven,,Wilbur Smith,1,9789022510520,1990,De Boekerij,,0,NL_FINAL_BATCH_19,KEEP_TRANSLATION,Édition ou traduction néerlandaise validée lors de la revue éditoriale NL.
/books/OL21016224M,Goudmijn,,Wilbur Smith,1,9789022511275,1990,De Boekerij,,0,NL_FINAL_BATCH_19,KEEP_TRANSLATION,Édition ou traduction néerlandaise validée lors de la revue éditoriale NL.
/books/OL25398647M,De aesthetische idee,,Willem Adriaan van Konijnenburg,1,,1916,Mouton,Arts | Philosophie,0,NL_FINAL_BATCH_19,KEEP_CORE,Socle néerlandophone validé lors de la revue éditoriale NL.
/books/OL13867246M,Pablo Picasso.,,William S. Lieberman,1,,1967,Stedelijk Museum,Arts | Biographie | Jeunesse,0,NL_FINAL_BATCH_19,REVIEW,"Notice conservée en revue : langue, édition, attribution, métadonnées, doublon ou nature documentaire restant à confirmer."
/books/OL60555875M,"Het treurspel van Hamlet, prins van Denemarken",,William Shakespeare,1,,1947,Wereldbibliotheek [N.V.,Fiction,0,NL_FINAL_BATCH_19,KEEP_TRANSLATION,Édition ou traduction néerlandaise validée lors de la revue éditoriale NL.
/books/OL12845113M,Charlotte Schleiffert,Feel No Shame,Wilma Suto | Xandra Schutte | Charlotte Schleiffert | Charlotte Schleiffert,4,9789056623692,2004,NAi Publishers/Museum Boijmans Van Beuningen/Stadscollectie Rotterdam,Arts,0,NL_FINAL_BATCH_19,REVIEW,"Notice conservée en revue : langue, édition, attribution, métadonnées, doublon ou nature documentaire restant à confirmer."
/books/OL12846195M,Lancaster-Verliezen Vol 2,,Wim Govaerts,1,9789058680976,2004,De Krijger,Histoire,0,NL_FINAL_BATCH_19,KEEP_CORE,Socle néerlandophone validé lors de la revue éditoriale NL.
/books/OL37790505M,Tsjik,roman,Wolfgang Herrndorf,1,9789059363304,2011,Cossee,Fiction,0,NL_FINAL_BATCH_19,KEEP_TRANSLATION,Édition ou traduction néerlandaise validée lors de la revue éditoriale NL.
/books/OL17447559M,Tarr,roman,Wyndham Lewis,1,,1986,Meulenhoff,Fiction | Histoire,0,NL_FINAL_BATCH_19,KEEP_TRANSLATION,Édition ou traduction néerlandaise validée lors de la revue éditoriale NL.
/books/OL32852131M,De stenen maagden,,Yvonne Vera,1,9789044505313,2005,De Geus,Fiction,0,NL_FINAL_BATCH_19,KEEP_TRANSLATION,Édition ou traduction néerlandaise validée lors de la revue éditoriale NL.
/books/OL49614016M,Metro 2033,,Дмитрий Глуховский,1,9781804840481,2023,Glagoslav Publications,Fiction,0,NL_FINAL_BATCH_19,REVIEW,"Notice conservée en revue : langue, édition, attribution, métadonnées, doublon ou nature documentaire restant à confirmer."
/books/OL24334789M,Oblomow,roman in vier delen,Ива́н Алекса́ндрович Гончаро́в,1,9789028206144,1983,Van Oorschot,Fiction | Philosophie,0,NL_FINAL_BATCH_19,KEEP_TRANSLATION,Édition ou traduction néerlandaise validée lors de la revue éditoriale NL.
/books/OL52455066M,1q84,De complete trilogie,村上春樹,1,9789025441487,2013,Atlas Contact,Fiction | Policier et mystère,0,NL_FINAL_BATCH_19,KEEP_TRANSLATION,Édition ou traduction néerlandaise validée lors de la revue éditoriale NL.
/books/OL22478638M,James Turrell,"Hemels gewelf in kijkduin = celestial vault in the dunes: the Hague, the Netherlands.","Andrew Graham-Dixon | Michael Hue Williams | Turrell, James.",3,9789073799233,1996,Stroom the Hague Centre for Visual Arts,Arts,0,SECOND_PASS,REVIEW,"Notice conservée en revue : langue, édition, attribution, métadonnées, doublon ou nature documentaire restant à confirmer."
/books/OL22160833M,A matter of life and death,,Anna Blaman,1,9780805734416,1974,Twayne Publishers,Fiction,0,SECOND_PASS,REPLACE,"Notice à remplacer : langue étrangère, doublon non retenu, série institutionnelle inadéquate ou qualité bibliographique insuffisante pour le socle NL."
/books/OL6585758M,The history of Reynard the Fox,"with some account of his family, friends, and associates",Frederick Startridge Ellis | Walter Crane | William Caxton,3,,1894,D. Nutt,,0,SECOND_PASS,REPLACE,"Notice à remplacer : langue étrangère, doublon non retenu, série institutionnelle inadéquate ou qualité bibliographique insuffisante pour le socle NL."
/books/OL2198058M,In a dark wood wandering,,Hella S. Haasse,1,9780897333368,1989,Academy,Fiction,0,SECOND_PASS,REPLACE,"Notice à remplacer : langue étrangère, doublon non retenu, série institutionnelle inadéquate ou qualité bibliographique insuffisante pour le socle NL."
/books/OL25542196M,Applications of Declarative Programming and Knowledge Management,"17th International Conference, INAP 2007, and 21st Workshop on Logic Programming, WLP 2007, Würzburg, Germany, October 4-6, 2007, Revised Selected Papers","Hutchison, David - undifferentiated",1,9783642006746,2009,Springer Berlin Heidelberg,Technologie,0,SECOND_PASS,REPLACE,"Notice à remplacer : langue étrangère, doublon non retenu, série institutionnelle inadéquate ou qualité bibliographique insuffisante pour le socle NL."
/books/OL21436035M,The art of warfare in Western Europe during the Middle Ages,from the eighth century to 1340,J. F. Verbruggen,1,9780720490060,1977,North-Holland Pub. Co.,Histoire,0,SECOND_PASS,REPLACE,"Notice à remplacer : langue étrangère, doublon non retenu, série institutionnelle inadéquate ou qualité bibliographique insuffisante pour le socle NL."
/books/OL14626044M,Art from the mentally disturbed,the shattered vision of schizophrenics,J. H Plokker,1,,1965,"Little, Brown",Arts,0,SECOND_PASS,REPLACE,"Notice à remplacer : langue étrangère, doublon non retenu, série institutionnelle inadéquate ou qualité bibliographique insuffisante pour le socle NL."
/books/OL12848814M,Applied Arts and Industrial Design 1800 - The Present,,J.R. ter Molen,1,9789067073981,1996,Museum Boijmans van Beuningen,Histoire,0,SECOND_PASS,REPLACE,"Notice à remplacer : langue étrangère, doublon non retenu, série institutionnelle inadéquate ou qualité bibliographique insuffisante pour le socle NL."
/books/OL4875093M,Tumbleweed,a novel,Janwillem van de Wetering,1,9780395243527,1976,Houghton Mifflin,Fiction | Policier et mystère,0,SECOND_PASS,REPLACE,"Notice à remplacer : langue étrangère, doublon non retenu, série institutionnelle inadéquate ou qualité bibliographique insuffisante pour le socle NL."
/books/OL12846312M,Crossbows in the Royal Netherlands Army Museum,,Jens Sensfelder,1,9789059721746,2008,"Eburon Publishers, Delft",Histoire,0,SECOND_PASS,REPLACE,"Notice à remplacer : langue étrangère, doublon non retenu, série institutionnelle inadéquate ou qualité bibliographique insuffisante pour le socle NL."
/books/OL21172536M,Men and ideas,"history, the Middle Ages, the Renaissance",Johan Huizinga,1,9780691054223,1984,Princeton University Press,Histoire,0,SECOND_PASS,REPLACE,"Notice à remplacer : langue étrangère, doublon non retenu, série institutionnelle inadéquate ou qualité bibliographique insuffisante pour le socle NL."
/books/OL59274859M,Jorge Macchi,the book of hours,Jorge Macchi,1,9789081726832,2016,Museum van Deinze en de Leiestreek,,0,SECOND_PASS,REVIEW,"Notice conservée en revue : langue, édition, attribution, métadonnées, doublon ou nature documentaire restant à confirmer."
/books/OL16406155M,The philosophy of Jules Lachelier,Du fondement de l'induction. Psychologie et métaphysique. Notes sur le pari de Pascal.,Jules Lachelier,1,,1960,Nijhoff,Philosophie,0,SECOND_PASS,REPLACE,"Notice à remplacer : langue étrangère, doublon non retenu, série institutionnelle inadéquate ou qualité bibliographique insuffisante pour le socle NL."
/books/OL7199257M,The hidden force,a story of modern Java,Louis Couperus,1,,1922,Cape,,0,SECOND_PASS,REPLACE,"Notice à remplacer : langue étrangère, doublon non retenu, série institutionnelle inadéquate ou qualité bibliographique insuffisante pour le socle NL."
/books/OL6065746M,The cocktail party,a comedy,T. S. Eliot,1,,1950,Faber and Faber,Théâtre,0,SECOND_PASS,REPLACE,"Notice à remplacer : langue étrangère, doublon non retenu, série institutionnelle inadéquate ou qualité bibliographique insuffisante pour le socle NL."
/books/OL22290196M,The deadbeats,a novel,Ward Ruyslinck,1,9780720622256,1968,Owen,,0,SECOND_PASS,REPLACE,"Notice à remplacer : langue étrangère, doublon non retenu, série institutionnelle inadéquate ou qualité bibliographique insuffisante pour le socle NL."
