source_key,title,subtitle,authors,author_count,isbn,publication_year,publisher,genres,duplicate_like_count,decision,reason
/books/OL10070177M,Advances in Ecological Research,,A. H. Fitter | E. D. Ford | Michael Begon,3,9780120139194,1990,Academic Pr,Sciences,0,,
/books/OL12800593M,Knowledge and Value (Tulane Studies in Philosophy),,A.J. Reck,1,9789024713219,1899,Springer,Philosophie,0,,
/books/OL22883634M,An introduction to the philosophy of science,,Abram Cornelius Benjamin,1,,1937,The Macmillan Company,Philosophie | Sciences,0,,
/books/OL13538789M,Operationism.,,Abram Cornelius Benjamin,1,,1955,Thomas,Philosophie,0,,
/books/OL21967620M,"Science, technology, and human values [by] A. Cornelius Benjamin.",,Abram Cornelius Benjamin,1,,1965,University of Missouri Press,Philosophie | Sciences,0,,
/books/OL12657894M,Mayer 1996,International Auction Records,Acatos,1,9782940033171,1996,Acatos,Arts,0,,
/books/OL12657904M,Institut du Dessin & Fondazione Europea del Diseg,,Acatos Editions,1,9782940033614,2001,Acatos Editions,Philosophie,0,,
/books/OL12808256M,Survival Guide for Scientists,Writing-Presentation-E-mail,Ad Lagendijk,1,9789053565124,2008,Amsterdam University Press,,0,,
/books/OL12804955M,"Observation, Hypothesis, Introspection (Poznañ Studies in the Philosophy of the Sciences and the Humanities 87) (Poznan Studies in the Philosophy of the Sciences & the Humanities)",,Adam Wiegner,1,9789042017269,2005,Editions Rodopi BV.,Philosophie,0,,
/books/OL12798687M,The Contemplative Soul,Hebrew Poetry and Philosophical Theory in Medieval Spain (Etudes Sur Le Judaisme Medieval),Adena Tanenbaum,1,9789004120914,2003,Brill Academic Publishers,,0,,
/books/OL26433013M,My struggle,,Adolf Hitler,1,,1935,The Paternoster Library,Biographie | Histoire | Politique,0,,
/books/OL13691109M,Economic means and Social ends,essays in political economics,Adolph Lowe | Robert L. Heilbroner,2,,1969,Prentice-Hall,Sciences sociales | Économie et entreprise,0,,
/books/OL12852598M,Knowledge in Ferment,"Dilemmas in Science, Scholarship and Society (Amsterdam University Press - Leiden University Press Academic)",Adriaan In 't Groen,1,9789087280178,2007,Amsterdam University Press,Sciences,0,,
/books/OL24180265M,The Oresteia of Aeschylus,,Aeschylus,1,,1893,Methuen,Théâtre,0,,
/books/OL12674118M,Between Rome & Babylon,Studies in Jewish Leadership & Society (Text & Studies in Ancient Judaism),Aharon Oppenheimer,1,9783161485145,2005,J.C.B. Mohr (P. Siebeck),Histoire,0,,
/books/OL8964520M,"Where Hegel, F Fukuyama and Others Err",,Ahmad Baboo,1,9781846852879,2006,Exposure Publishing,Histoire | Philosophie,0,,
/books/OL12854424M,"Augustinian Perspectives in the Renaissance (Studia Anglistica Upsaliensia, 117)",,Ake Bergvall,1,9789155451776,2001,Uppsala Universitet,,0,,
/books/OL12854559M,Orphic Voice,"T.S. Elliot & the Mallarmean Quest for Meaning (Acta Universitatis Upsaliensis Studia Anglistica Upsaliensia, 122)",Ake Strandberg,1,9789155454340,2002,Uppsala Universitet,,0,,
/books/OL527496M,The game is patience,,Akosua Gyamfuaa Fofie,1,9789964995386,1997,Beginners Publishers,,0,,
/books/OL8070282M,Deleuze,The Clamor of Being,Alain Badiou,1,9780816631391,1999,University of Minnesota Press,,0,,
/books/OL7929569M,Handbook Of Inaesthetics,,Alain Badiou,1,9780804744096,2004,Stanford University Press,Philosophie,0,,
/books/OL8168901M,Infinite Thought,Truth And The Return To Philosophy,Alain Badiou,1,9780826473202,2004,Continuum International Publishing Group,,0,,
/books/OL3402521M,Metapolitics,,Alain Badiou,1,9781844670352,2005,Verso,Philosophie | Politique,0,,
/books/OL8956194M,Polemics,,Alain Badiou,1,9781844670895,2006,Verso,Philosophie | Politique,0,,
/books/OL11842369M,The Concept of Model,An Introduction to the Materialist Epistemology of Mathematics (Transmission),Alain Badiou,1,9780980305234,2007,re.press,Philosophie,0,,
/books/OL16819140M,Conditions,,Alain Badiou | Badiou | Steven Corcoran | Alain Badiou,4,9780826498274,2008,Continuum,Philosophie,0,,
/books/OL22671664M,Theory of the subject,,Alain Badiou | Bruno Bosteels | Alain Badiou | BADIOU ALAIN,4,9780826496737,2009,Continuum,,0,,
/books/OL22859744M,Sahara,the Atlantic to the Nile,Alain Sebe | Berny Sebe | Alain Sèbe,3,9781844300266,2001,Hachette Illustrated,Voyage,0,,
/books/OL10471940M,The 35-Hour Split Workweek,,Alan Cort | Francsis Langlois | Hans Hoeffner,3,9780533141876,2002,Vantage Pr,Sciences sociales,0,,
/books/OL4558013M,Splinter of the Mind's Eye,From the Adventures of Luke Skywalker,Alan Dean Foster,1,9780345275660,1978,Ballantine Books,Fiction | Science-fiction,0,,
/books/OL38351735M,Transformers,A Novel,Alan Dean Foster,1,9780307808042,2013,Random House Publishing Group,Fiction | Théâtre,0,,
/books/OL8109956M,Googie,Fifties Coffee Shop Architecture,Alan Hess,1,9780877013341,1986,Chronicle Books,Histoire,0,,
/books/OL8002574M,Googie Redux,Ultramodern Roadside Architecture,Alan Hess,1,9780811842723,2004,Chronicle Books,Histoire,0,,
/books/OL141166M,The architecture of John Lautner,,Alan Hess,1,9780847822225,1999,Rizzoli,Histoire,0,,
/books/OL7998476M,The Ranch House,,Alan Hess,1,9780810943469,2005,Harry N. Abrams,Histoire,0,,
/books/OL1734753M,Viva Las Vegas,after-hours architecture,Alan Hess,1,9780811801119,1993,Chronicle Books,,0,,
/books/OL12798622M,Annual of Rabbinic Judaism,"Ancient, Medieval, and Modern",Alan J. Averypeck,1,9789004115231,2000,Not Avail,,0,,
/books/OL12804569M,Postmodernism And The Holocaust.(Value Inquiry Book Series 72),,Alan Milchaman,1,9789042005914,1998,Rodopi Bv Editions,Philosophie,0,,
/books/OL22457468M,A short history of ethics,[a history of moral philosophy from the Homeric age to the twentieth century],Alasdair C. MacIntyre,1,9780415040273,1989,Routledge,Histoire,0,,
/books/OL49264M,Organic chemicals,an environmental perspective,Alasdair H. Neilson,1,9781566703765,2000,Lewis Publishers,Sciences,0,,
/books/OL12773722M,Management Andragogics 2,Zurich Living Case,Albert Stähli,1,9783540289739,2005,Springer,,0,,
/books/OL13183715M,Power and Social Structure,Essays in Honor of Wlodzimierz Wesolowski,Aleksandra Jasinska-Kania,1,9788323501282,1999,Wydawnictwa Uniwersytetu Warszawskiego,Biographie | Sciences sociales,0,,
/books/OL22684936M,Teaching social science in schools,NCERT's new textbook initiative,Alex M. George,1,9788178299044,2009,SAGE Publications,Sciences sociales,0,,
/books/OL17932821M,Mediating the divine,prophecy and revelation in the Dead Sea scrolls and Second Temple Judaism,Alex P. Jassen,1,9789004158429,2007,Brill,Histoire,0,,
/books/OL49649109M,The Science Of Folklore,,Alexander Haggerty Krappe,1,,1962,"Methuen & Co., Ltd.",,0,,
/books/OL12775486M,Neural Networks Theory,,Alexander I. Galushkin,1,9783540481249,2007,Springer,,0,,
/books/OL22556642M,Integrated design and simulation of chemical processes,,Alexandre C. Dimian,1,9780444829962,2003,Elsevier,,0,,
/books/OL12830098M,Intertextualitat in Der Ubersetzung,W. Jerofejews Moskva--Petuski in Der Ubersetzung Von N. Spitz--Eine Kritische Analyse (Trans Ud. Arbeiten Zur Theoric Und Praxis Des Ubersetzens Un),Alexei Laiko,1,9783631523971,2004,Peter Lang Publishing,Philosophie,0,,
/books/OL12674016M,"Private Households & Public Policies in 3Rd-5Th Century Jewish Palestine (Texts and Studies in Ancient Judaism, 90)",,Alexei Sivertsev,1,9783161477805,2002,Paul Mohr Verlag,Histoire | Politique,0,,
/books/OL12777251M,Advances in Cryptology - EUROCRYPT '94,"Workshop on the Theory and Application of Cryptographic Techniques, Perugia, Italy, May 9 - 12, 1994. Proceedings (Lecture Notes in Computer Science)",Alfredo DeSantis,1,9783540601760,1995,Springer,Technologie,0,,
/books/OL10504279M,A Way to Prevent War,,Allan L. Benson,1,9780543925787,2001,Adamant Media Corporation,,0,,
/books/OL10080954M,America,Pathways to the Present,Allan M. Winkler | Elisabeth Israels Perry | Andrew R. L. Cayton | Linda Reed,4,9780131281813,2005,Pearson Prentice Hall,,0,,
/books/OL10093595M,Elementary Algebra,,Allen R. Angel | William Radulovich | Nicholas Belloit,3,9780137863518,1999,Prentice Hall College Div,,0,,
/books/OL10091449M,Front Office Management Simulation,Lab Pack,Allisha A. Miller | David K. Hayes,2,9780136133896,2007,Prentice Hall,,0,,
/books/OL16837086M,Families and their needs,,Alvis T. Harthern,1,9780382128486,1990,Silver Burdett & Ginn,Jeunesse | Sciences sociales,0,,
/books/OL12660246M,Mediating the Past,"Gustav Freytag, Progress, And German Historical Identity, 1848-1871 (North American Studies in Nineteenth-Century German Literatu)",Alyssa Lonner,1,9783039103317,2005,Peter Lang Publishing,,0,,
/books/OL7520052M,Demon in My View (Laurel-Leaf Books),,Amelia Atwater-Rhodes,1,9780440228844,2001,Laurel Leaf,Fiction,0,,
/books/OL3556426M,Hawksong,,Amelia Atwater-Rhodes,1,9780385730716,2003,Delacorte Press,Fantasy | Fiction,0,,
/books/OL23243582M,In the forests of the night,,Amelia Atwater-Rhodes,1,9780385326742,1999,Delacorte Press,Fiction,0,,
/books/OL23246553M,Midnight predator,,Amelia Atwater-Rhodes,1,9780440237976,2002,Delacorte Press,Fiction,0,,
/books/OL3943066M,Shattered mirror,,Amelia Atwater-Rhodes,1,9780385327930,2001,Delacorte Press,Fiction,0,,
/books/OL3679065M,Snakecharm,,Amelia Atwater-Rhodes,1,9780385730723,2004,Delacorte Press,Fantasy | Fiction,0,,
/books/OL3418600M,Wolfcry,,Amelia Atwater-Rhodes,1,9780385731959,2006,Delacorte Press,Fantasy | Fiction,0,,
/books/OL18337586M,Wyvernhail,,Amelia Atwater-Rhodes,1,9780385734363,2007,Delacorte Press,Fantasy | Fiction,0,,
/books/OL23387986M,Early proceedings of the American philosophical society for the promotion of useful knowledge,,American Philosophical Society.,1,,1884,Press of McCalla & Stavely,Histoire | Philosophie | Sciences,0,,
/books/OL3448376M,Age of fear,power versus principle in the war on terror,Amitav Acharya,1,9789812103406,2004,Marshall Cavendish Academic,,0,,
/books/OL21955368M,The challenge road,women and the Eritrean revolution.,Amrit Wilson,1,9781853830594,1991,Earthscan,Histoire,0,,
/books/OL1103600M,Exploration into Latin America,,Ana Maria Machado,1,9780027180848,1995,New Discovery Books,Histoire | Jeunesse,0,,
/books/OL11267307M,From Another World,,Ana Maria Machado,1,9780888995971,2005,Groundwood Books,Fiction | Histoire | Science-fiction,0,,
/books/OL8212153M,Me in the Middle,,Ana Maria Machado,1,9780888994677,2003,Groundwood Books,Fiction | Histoire,0,,
/books/OL824957M,Nina Bonita,a story,Ana Maria Machado,1,9780916291631,1996,Kane/Miller Book Publishers,Fiction,0,,
/books/OL12774628M,Affective Interactions,Towards a New Generation of Computer Interfaces (Lecture Notes in Computer Science),Ana Paiva,1,9783540415206,2001,Springer,Technologie,0,,
/books/OL10512269M,Myths And Legends Of Hindus And Buddhists,,Ananda Coomaraswamy | The Sister Nivedita,2,9780548081563,2007,"Kessinger Publishing, LLC",Sciences sociales,0,,
/books/OL12853127M,Origins of the Synagogue,"A Socio-Historical Study (Coniectanea Biblica, New Testament, 37)",Anders Runesson,1,9789122019466,2001,Almquiest & Wiksell Intl,Histoire,0,,
/books/OL12867106M,Leonhard Euler,A Man to Be Reckoned with,Andreas K. Heyne,1,9783764383329,2007,Birkhäuser Basel,Biographie,0,,
/books/OL56937455M,Caprichoso,a terra é azul,Andreas Valentin,1,,1999,A. Valentin,Histoire,0,,
/books/OL22642902M,All about my neighbourhood,[activity handbook],Andrew Burrell,1,9781841220024,1999,TES,Sciences sociales,0,,
/books/OL15391221M,A week in the woods,,Andrew Clements,1,9780439493000,2003,Scholastic,Fiction,0,,
/books/OL23032760M,Dolores and the big fire,a true story,Andrew Clements,1,9780689829161,2002,Simon & Schuster Books for Young Readers,Jeunesse,0,,
/books/OL23270171M,"Jake Drake, bully buster",,Andrew Clements,1,9780689839177,2001,Simon & Schuster Books For Young Readers,Fiction,0,,
/books/OL3954538M,"Jake Drake, teacher's pet",,Andrew Clements,1,9780689838828,2002,Aladdin Paperbacks,Fiction,0,,
/books/OL3391621M,Lunch money,,Andrew Clements,1,9780689866838,2005,Simon & Schuster Books for Young Readers,Fiction,0,,
/books/OL21087003M,The Landry News,,Andrew Clements,1,9780689828683,2000,Aladdin Paperbacks,Fiction,0,,
/books/OL3673888M,The report card,,Andrew Clements,1,9780689845154,2004,Simon & Schuster Books for Young Readers,Fiction,0,,
/books/OL23245611M,The school story,,Andrew Clements,1,9780689825941,2001,Simon & Schuster Books for Young Readers,Fiction,0,,
/books/OL16767942M,Things hoped for,,Andrew Clements,1,9781410405005,2008,Thorndike Press,Fiction | Musique,0,,
/books/OL23246569M,Things not seen,,Andrew Clements,1,9780142400760,2002,Philomel Books,Fiction | Science-fiction,0,,
/books/OL10073573M,Mathematical Connections,Preliminary Edition,Andrew T. Stull | Audrey Frederick Borchardt | Bruce Pollack-Johnson,3,9780130102348,1999,Prentice Hall College Div,,0,,
/books/OL10471422M,Giving Up Was Never an Option,,Andrey Walwyn Larmony | Audrey Walwyn Larmony,2,9780533135080,2000,Vantage Pr,Fiction,0,,
/books/OL12830829M,Lesestrategien Und Lesesteuerungs-Strategien Beim Einsatz Literarischer Texte Im Fremdsprachenunterricht,Uberlegungen Aus Relevanztheoretischer Sicht (Posener Beitrage Zur Germanistik),Andrzej Denka,1,9783631542392,2005,Peter Lang Publishing,,0,,
/books/OL15007649M,What's so special about today,,Andrzej Krauze,1,9780340350287,1984,Hodder and Stoughton,,0,,
/books/OL10095212M,MaterialTool,"A Selection Guide of Materials and Processes for Designers, Version 2.0",Andrzej Wroblewski | Surya Vanka,2,9780139343162,1998,Prentice Hall,Sciences,0,,
/books/OL22239612M,1000 tests psychotechniques corrigés,,André Combres,1,9782850308499,2004,Éditions Lamarre,,0,,
/books/OL11194117M,Guardians of the North-West Frontier,,André Singer,1,9780705407021,1983,Silver Burdett Press,Voyage,0,,
/books/OL13160666M,Fly Away Home,,Andy MEAD,1,9789768184412,2004,LMH Publishing Company,,0,,
/books/OL24779421M,The first part last,,Angela Johnson,1,9780689849220,2003,Simon & Schuster Books for Young Readers,Fiction,0,,
/books/OL7654331M,Textiles of the Wiener Werkstatte,1910-1932,Angela Volker | Ruperta Pichler | Angela Völker,3,9780500285183,2004,Thames & Hudson,Arts | Histoire,0,,
/books/OL12810306M,Tsunami and Nonlinear Waves,,Anjan Kundu,1,9783540712558,2007,Springer,,0,,
/books/OL7633255M,Bad Boys,"Public Schools in the Making of Black Masculinity (Law, Meaning, and Violence)",Ann Arnett Ferguson,1,9780472088492,2001,University of Michigan Press,Éducation,0,,
/books/OL12845161M,Assessing Climate Change,Results from the Model Evaluation Consortium for Climate Assessment,Ann Henderson-Sellers | Wendy Howe,2,9789056990671,1997,CRC,,0,,
/books/OL43864402M,Anna Bella Geiger,"arte, trabalho e ideal",Anna Bella Geiger,1,9788594932204,2019,Edições SESC São Paulo,Arts,0,,
/books/OL12855078M,Anthropomorphic Representations in Prehistoric Cyprus,"A Formal & Symbol Analysis of Figurines, C. 3500-1800 B. C. (Studies in Mediterranean Archaeology and Literature)",Anna L. Campo,1,9789170810695,1994,Coronet Books,,0,,
/books/OL12810048M,Logic-Based Program Synthesis and Transformation,"9th International Workshop, LOPSTR'99, Venice, Italy, September 22-24, 1999 Selected Papers (Lecture Notes in Computer Science)",Annalisa Bossi,1,9783540676287,2000,Springer,Technologie,0,,
/books/OL12764709M,Sacred or Neural?,"The Potential of Neuroscience to Explain Religious Experience (Religion, Theologie Und Narturwissenschaft)",Anne L. C. Runehov,1,9783525569801,2007,Vandehoeck & Ruprecht,,0,,
/books/OL12635831M,Louvre,500 Masterpieces,Anne Sefroui,1,9782866562076,2006,Scala Publishers,Arts,0,,
/books/OL17438420M,The great Trajanic frieze,the study of a monument and of the mechanisms of message transmission in Roman art,Anne-Marie Leander Touati,1,9789170421334,1987,Svenska Institutet i Rom,,0,,
/books/OL18322256M,Ancient sculptures in the Royal Museum,the Eighteenth-century Collection in Stockholm,Anne-Marie Leander Touati | Magnus Olausson,2,9789171005670,1998,Swedish National Art Museums,,0,,
/books/OL12798908M,Augustine's Confessions,"Communicative Purpose and Audience (Supplements to Vigiliae Christianae, V. 71)",Annemare Kotze,1,9789004139268,2004,Brill Academic Publishers,Histoire,0,,
/books/OL12804659M,Screen-Based Art.,,"Annette W.|SLAGER, Henk BALKEMA",1,9789042008113,2000,Rodopi Bv Editions,,0,,
/books/OL10081943M,Engineering Mechanics,Dynamics,Anthony Bedford | Wallace Fowler,2,9780131529144,2004,Not Avail,,0,,
/books/OL12804463M,Operative Chymist.(Clio Medica/The Wellcome Institute Series in the History of Medicine 45),,Anthony MORSON,1,9789042003668,1997,Rodopi Bv Editions,Biographie | Histoire | Sciences,0,,
/books/OL22837904M,The essential anatomy of Britain,democracy in crisis,Anthony Terrell Seward Sampson,1,9780340584422,1992,Hodder & Stoughton,Politique | Économie et entreprise,0,,
/books/OL12808832M,ARTIFICIAL NEURAL NETWORKS AS SUBSY (IHE Thesis Series),,Anthony W Minns,1,9789054104094,1998,Taylor & Francis,,0,,
/books/OL12673992M,Death in the Eastern Mediterranean 50 - 600 A.D: The Christianization of the East,An Interpretation (Studien Und Text Zu Antike Und Christentum),Antigone Samellas,1,9783161476686,2001,Paul Mohr Verlag,,0,,
/books/OL22147776M,Klang Raum Licht Zeit,Arbeiten von 1980 bis 2000 = Works from 1980 to 2000,Antje Von Graevenitz | Hans Gercke | Christina Kubisch,3,9783933257383,2000,Kehrer,Arts,0,,
/books/OL22007893M,El Principito / The Little Prince,,Antoine de Saint-Exupéry,1,9788459912013,1994,Enrique Sainz,Fantasy | Fiction | Philosophie | Théâtre,0,,
/books/OL141116M,Italian Renaissance intarsia and the conservation of the Gubbio studiolo,,Antoine M. Wilmering,1,9780870999253,1999,Metropolitan Museum of Art,,0,,
/books/OL38219669M,"Antoine Watteau, 1684-1721",,Antoine Watteau | Helmut Börsch-Supan,2,9783833137433,2007,H.f. ullmann,Arts | Biographie,0,,
/books/OL11397546M,Domestic Service And the Formation of European Identity,"Understanding the Globalization of Domestic Work, 16th-21st Centuries",Antoinette Fauve-chamoux,1,9780820470429,2005,Peter Lang Publishing,Histoire,0,,
/books/OL15087924M,Antoni Tàpies,"o, L'escarnidor de diademes.",Antoni Tàpies,1,,1967,G. Wittenborn,Arts | Philosophie,0,,
/books/OL23079049M,The Dragons of Darkness,,Antonia Michaelis,1,9780810940741,2010,Amulet Books,,0,,
/books/OL29668388M,The Secret Room,,Antonia Michaelis,1,9781620877388,2012,Sky Pony,,0,,
/books/OL2382736M,The last portrait of the Duchess of Alba,a novel,Antonio Larreta,1,9780917561429,1988,Adler & Adler,Fiction | Histoire,0,,
/books/OL10168902M,Chemistry,,Antony C. Wilbraham | Dennis D. Staley | Edward L. Waterman | Michael S. Matta,4,9780201684087,2000,Addison-Wesley Pub (Sd),,0,,
/books/OL1445486M,Ultramodern,the art of contemporary Brazil,Aracy A. Amaral,1,9780940979246,1993,National Museum of Women in the Arts,,0,,
/books/OL4298158M,"Science, ideology and development",three essays on development theory,Archie Mafeje,1,9789171061348,1978,Scandinavian Institute of African studies,Économie et entreprise,0,,
/books/OL12917804M,Berlin,A Century of Change/Die Gesichter Des Jahrhunderts,Archiv Fur Kunst Und Geschichte (Germany),1,9783791322995,2000,Prestel Publishing,Histoire,0,,
/books/OL12703993M,Die Entstehung des modernen Konsums,Darstellung und Erklarungsansatze (Beitrage zur Verhaltensforschung),Ariane Stihler,1,9783428090723,1998,Duncker & Humblot,Histoire,0,,
/books/OL12848271M,THE SOCIUS OF ARCHITECTURE,,Arie Graafland,1,9789064503894,2000,010 Publishers,Philosophie,0,,
/books/OL12810375M,The Soils of Israel,,Arieh Singer,1,9783540717317,2007,Springer,,0,,
/books/OL7805374M,Desert Memories,Journeys Through the Chilean North (Directions),Ariel Dorfman,1,9780792262404,2004,National Geographic,Voyage,0,,
/books/OL8789589M,Exorcising Terror,The Incredible Unending Trial of Augusto Pinochet,Ariel Dorfman,1,9781583225424,2002,Open Media,Histoire | Politique,0,,
/books/OL1866803M,Some write to the future,essays on contemporary Latin American fiction,Ariel Dorfman,1,9780822311300,1991,Duke University Press,,0,,
/books/OL18441028M,The empire's old clothes,"what the Lone Ranger, Babar, the Reader's digest, and other false friends do to our minds",Ariel Dorfman,1,9780394527239,1983,Pantheon Books,,0,,
/books/OL29411546M,How to Read Donald Duck,Imperialist Ideology in the Disney Comic,Ariel Dorfmann | Armand Mattelart | Ariel Dorfman | Ariel Dorfman,4,9780745339788,2019,Pluto Press,Politique,0,,
/books/OL13073737M,No I'm A Stork (Flying Starts) (Flying Starts),,Arkas,1,9789606707094,2006,Cassandra Publishing Corp,,0,,
/books/OL3720036M,Educação brasileira,500 anos de história,Arnaldo Niskier,1,9788585781828,2001,"Ministério da Cultura, FUNARTE",Histoire | Éducation,0,,
/books/OL13160355M,The Dilemma of Science,,Arnoldo K. Ventura,1,9789766371395,2003,Ian Randle Publishers,Sciences | Technologie,0,,
/books/OL12845060M,Measurement Driven Simulation of Complex Engineering Systems,,Arnoud Visser,1,9789056295004,2007,Amsterdam University Press,Histoire | Politique,0,,
/books/OL12643273M,Art Directors Annual,,Art Director's Club Inc,1,9782880464554,2001,Rotovision,,0,,
/books/OL17157419M,War and the American presidency,,"Arthur M. Schlesinger, Jr.",1,9780393327694,2005,W.W. Norton,Histoire | Philosophie,0,,
/books/OL12830789M,Korper(sub)versionen,Zum Korperdiskurs in Theatertexten von Elfriede Jelinek Und Werner Schwab (Giessener Arbeiten zur Neueren Deutschen Literatur und Literaturwissenschaft),Artur Pełka,1,9783631541456,2005,Peter Lang Publishing,Histoire | Théâtre,0,,
/books/OL23677629M,Field notes on democracy,listening to grasshoppers,Arundhati Roy,1,9781608460243,2009,Haymarket Books,Politique,0,,
/books/OL31390136M,Public power in the age of empire,,Arundhati Roy,1,9781583226827,2004,Seven Stories Press,,0,,
/books/OL40368031M,Shape of the Beast,,Arundhati Roy,1,9780241144961,2010,"Penguin Books, Limited",,0,,
/books/OL12799156M,La Republique Des Lettres,"Rabbins, Ecrivains Et Medecins Juifs En Italie Au XVIIIe Siecle (Studies in Jewish History and Culture (Formerly Studies in ... (Formerly Studies in European Judaism))",Asher Salah,1,9789004156425,2007,Brill Academic Publishers,Biographie | Histoire,0,,
/books/OL3337143M,Bonfire of creeds,the essential Ashis Nandy,Ashis Nandy,1,9780195664126,2004,Oxford University Press,Politique | Sciences | Économie et entreprise,0,,
/books/OL12740195M,Asil Araber/Asil Arabians V,Arabiens Edle Pferde/The Noble Arabian Horses (Documenta Hippologica),Asil Club,1,9783487084053,2000,Verlag Georg Olms,Histoire,0,,
/books/OL12808892M,Sensors & Environmental Applications Of,,Askne,1,9789054105244,1995,Taylor & Francis,,0,,
/books/OL12790908M,Korea Through the Ages (Vol. 2 Modern) (2),,Association of Korean History Teachers,1,9788971055465,2005,Yoon Deok-hong (AKS),Histoire,0,,
/books/OL10519171M,Three Years' Slavery Among The Patagonians,An Account Of His Captivity By A. Guinnard,Auguste Guinnard | Charles S. Cheltnam,2,9780548167151,2007,"Kessinger Publishing, LLC",,0,,
/books/OL7493416M,Aesthetics of the Opressed,,Augusto Boal,1,9780415371773,2006,Routledge,,0,,
/books/OL1562191M,Games for actors and non-actors,,Augusto Boal,1,9780415061551,1992,Routledge,,0,,
/books/OL6794358M,Hamlet and the baker's son,my life in theatre and politics,Augusto Boal,1,9780415229883,2001,Routledge,Biographie,0,,
/books/OL375352M,Legislative theatre,using performance to make politics,Augusto Boal,1,9780415182409,1998,Routledge,,0,,
/books/OL1089844M,The rainbow of desire,the Boal method of theatre and therapy,Augusto Boal,1,9780415103497,1995,Routledge,,0,,
/books/OL8307549M,Theatre of the Oppressed (Pluto Classics),,Augusto Boal,1,9780861040803,1993,Pluto Pr,,0,,
/books/OL4908763M,Theater of the oppressed,,Augusto Boal | Augusto Boal,2,9780916354596,1979,Urizen Books,,0,,
/books/OL13493971M,The scheme of Christian and philosophical necessity asserted,in opposition to Mr. John Wesley's tract on that subject. With a dissertation concerning the sensible qualities of matter: and the doctrine of color in particular.,Augustus Toplady,1,,1775,Printed for Vallance and Simmons,,0,,
/books/OL7491832M,East African Societies,,Aylward Shorter,1,9780415330046,2005,Routledge,,0,,
/books/OL12799088M,Performing Islam: Gender and Ritual in Iran (Women and Gender: the Middle East and the Islamic World),,Azam Torab,1,9789004152953,2006,Brill Academic Publishers,,0,,
/books/OL12661238M,Die Kulturpolitik DES Eubulos Und DES Lykurg Die Denkmaeler - Und Bauprojekte in Athen Zwischen,,B Hintzen-Bohl,1,9783050030302,1997,Wiley-VCH,Histoire | Politique,0,,
/books/OL23463073M,Shakspearian Readings: Selected and Adapted for Young Persons and Others,,B. H. Smart | William Shakespeare,2,,1839,J. Richardson [etc.],,0,,
/books/OL12845726M,Time Seriers Modelling in Earth Sciences,,B.K. Sahu,1,9789058092670,2003,Taylor & Francis,,0,,
/books/OL22944840M,Star concise pictorial dictionary,"over 700 words in pictures, English-Arabic",Babita Varma,1,9788186264775,,Star Publications,Jeunesse,0,,
/books/OL23575978M,The kid's guide to service projects,over 500 service ideas for young people who want to make a difference,Barbara A. Lewis,1,9781575423388,2009,Free Spirit Pub.,Jeunesse,0,,
/books/OL351596M,The kid's guide to social action,how to solve the social problems you choose--and turn creative thinking into positive action,Barbara A. Lewis,1,9781575420387,1998,Free Spirit Pub.,Jeunesse,0,,
/books/OL668183M,What do you stand for?,a kid's guide to building character,Barbara A. Lewis,1,9781575420295,1998,Free Spirit Pub.,Jeunesse,0,,
/books/OL44929M,Being your best,character building for kids 7-10,Barbara A. Lewis | Marjorie Lisovskis,2,9781575420639,2000,Free Spirit,Jeunesse,0,,
/books/OL12917814M,Albertina,The History of the Collection and Its Masterpieces,Barbara Dossi,1,9783791323404,2000,Prestel,Arts | Biographie | Histoire,0,,
/books/OL8974131M,Learning with Recurrent Neural Networks,,Barbara Hammer,1,9781852333430,2000,Springer,,0,,
/books/OL16345861M,The march of folly,from Troy to Vietnam,Barbara Tuchman,1,9780349133652,1985,Abacus,Histoire,0,,
/books/OL12760568M,Moglichkeiten Des Dialogs,Struktur Und Funktion Einer Literarischen Gattung Zwischen Mittelalter Und Renaissance in Italien,Barbel W. Reetz,1,9783515079532,2002,Franz Steiner Verlag Wiesbaden GmbH,,0,,
/books/OL13212096M,Why Dog Left the Forest (Sparrow Reader),,Barrack Muluka,1,9789966469328,1996,East African Educ Pr,Jeunesse,0,,
/books/OL23267182M,An account of a voyage to New South Wales,,"Barrington, George",1,,1810,Printed for M. Jones,Voyage,0,,
/books/OL14013066M,The history of New South Wales,"including Botany Bay, Port Jackson, Pamaratta, Sydney, and all its dependancies, from the original discovery of the island : with the customs and manners of the natives, and an account of the English colony from its foundation to the present time","Barrington, George",1,,1802,Printed for M. Jones,Histoire | Voyage,0,,
/books/OL12851513M,From #2,,Bartomeu Mari,1,9789073362468,2000,Witte de With,Arts | Philosophie,0,,
/books/OL3504568M,Situations and attitudes,,"Barwise, Jon. | John Perry",2,9780262021890,1983,MIT Press,Philosophie,0,,
/books/OL12855095M,"Corpus of Cypriote Antiquities, No. 26",The Collection of Cypriote Antiquities in the Hunterian Museum University of Glasgow (Studies in Mediterranean Archaeology),Basak Arda,1,9789170811371,2005,Paul Astroms,,0,,
/books/OL12638895M,Phoinikeia Grammata,,Baurain C.,1,9782870371664,1991,Peeters,Histoire,0,,
/books/OL12850274M,Psychological Modernity and Attitudes to Social Change in Ethiopian Young Adults,"The Role of Ethnic Identity and Stereotypes, Nirp (Nirp Research for Policy Series)",Benjamin Beit-Hallahmi | Jon Abbink | Habtamu Wondimu.,3,9789068326703,2002,Koninklijk Instituut Voor de Tropen,Sciences sociales,0,,
/books/OL12674137M,"Women, Men & Angels",The Qumran Wisdom Document Musar Lemevin & Its Allusions to Genesis Vreation Traditions (Wissenschaftliche Untersuchungen Zum Neun Testament),Benjamin G. Wold,1,9783161486913,2005,Paul Mohr Verlag,Histoire,0,,
/books/OL2742179M,The apple in the dark,,Benjamin Moser | Elena Losada | Clarice Lispector,3,9780292703926,1986,University of Texas Press,Fiction | Policier et mystère,0,,
/books/OL10105786M,Life's Relationships and the Communication Styles That Support Them,,Benne D. Williams | Susan K. Fuhr | Julianne K. Arbuckle,3,9780155081383,1999,Harcourt College Pub,Sciences sociales,0,,
/books/OL17037498M,Addresses of the Mississippi Philosophical Association,,Bennie R. Crockett,1,9789042014220,2000,Rodopi,Philosophie,0,,
/books/OL12655117M,FROM HEAVEN TO HELL,,Benoit Lelandais,1,9782912925930,2007,Orep,Biographie,0,,
/books/OL1727675M,Conceptualizing religion,"immanent anthropologists, transcendent natives, and unbounded categories",Benson Saler,1,9789004095854,1993,E.J. Brill,Histoire | Religion,0,,
/books/OL17881645M,Facts about Finland.,,Benz,1,9789511041054,1976,Otava Pub. Co.,Voyage,0,,
/books/OL12663601M,Industrial Societies After the Stagnation of the 1970's,Taking Stock from an International Perspective,Berkhard Strumpel,1,9783110113457,1989,Walter de Gruyter,,0,,
/books/OL14088773M,Brazil,state and struggle.,Bernardo Kucinski,1,9780906156162,1982,Latin American Bureau (Research and Action),Histoire | Politique | Économie et entreprise,0,,
/books/OL12917974M,Vogue,Dialogues,Bernd Runge,1,9783791331812,2004,Prestel Publishing,Arts,0,,
/books/OL12766669M,Vitamin B12 and B12-Proteins,,Bernhard Krautler,1,9783527294800,1998,Wiley-VCH Verlag GmbH,Sciences,0,,
/books/OL12674145M,Das Corpus Johanneum Bei Irenaus Von Lyon (Wissenschaftliche Untersuchungen Zum Neuen Testament),,Bernhard Mutschler,1,9783161487446,2006,Coronet Books Inc.,Histoire,0,,
/books/OL8153931M,Great Monasteries of Europe,,Bernhard Schutz | Bernhard Schütz | Henri Gaud,3,9780789208293,2004,Abbeville Press,,0,,
/books/OL22558533M,Caribbean diaspora in USA,diversity of Caribbean religions in New York City,Bettina E. Schmidt,1,9780754663652,2008,Ashgate,Politique | Religion,0,,
/books/OL3303934M,The patchwork path,a quilt map to freedom,Bettye Stroud,1,9780763624231,2005,Candlewick Press,Fiction,0,,
/books/OL12876861M,The Other Collection,Homage to Hildy and Ernst Beyeler,Beyeler Foundation,1,9783775720236,2007,Hatje Cantz,Arts,0,,
/books/OL12657818M,How Europe Is Indebted to the Sikhs?,,Bhupinder Singh Holland,1,9782930247120,2005,"Sikh University Press, Belgium.",Histoire,0,,
/books/OL13170816M,Isma'Il Ankaravi on the Illuminative Philosophy,,Bilal Kuspinar,1,9789839379006,1996,International Institute of Islamic thought & civil,Philosophie,0,,
/books/OL23273262M,A bond with death,,Bill Crider,1,9780312322960,2004,Thomas Dunne Books/St. Martin's Minotaur,Fiction | Policier et mystère,0,,
/books/OL23268403M,A dangerous thing,,Bill Crider,1,9780373262168,1996,Worldwide,Fiction | Policier et mystère,0,,
/books/OL24752493M,A ghost of a chance,,Bill Crider,1,9780373263967,2001,New York,Fiction | Histoire | Policier et mystère,2,,
/books/OL6780748M,A ghost of a chance,,Bill Crider,1,9780312208899,2000,Thomas Dunne Books,Fiction | Policier et mystère,2,,
/books/OL23276763M,A Knife In The Back,,Bill Crider,1,9780312271848,2002,Thomas Dunne Books,Fiction,0,,
/books/OL23277525M,A mammoth murder,,Bill Crider,1,9780312323875,2006,Thomas Dunne Books/St. Martin's Minotaur,Fiction | Policier et mystère,0,,
/books/OL24929953M,A romantic way to die,,Bill Crider,1,9780373264407,2002,Worldwide,Fiction | Policier et mystère | Romance,2,,
/books/OL3950030M,A romantic way to die,a Sheriff Dan Rhodes mystery,Bill Crider,1,9780312209070,2001,Thomas Dunne Books,Fiction | Policier et mystère | Romance,2,,
/books/OL1874729M,A time for hanging,,Bill Crider,1,9781560540021,1989,Thorndike Press,,0,,
/books/OL2392415M,Cursed to death,a Sheriff Dan Rhodes mystery,Bill Crider,1,9780802756985,1988,Walker,Fiction,0,,
/books/OL1865457M,Dead on the island,,Bill Crider,1,9780802757876,1991,Walker and Co.,Fiction,0,,
/books/OL3302849M,Dead soldiers,,Bill Crider,1,9781594141867,2004,Five Star,Fiction,0,,
/books/OL688451M,Death by accident,a Sheriff Dan Rhodes mystery,Bill Crider,1,9780312180805,1998,St. Martin's Press,Fiction | Policier et mystère,0,,
/books/OL1701067M,Galveston gunman,,Bill Crider,1,9781560544173,1992,Thorndike Press,,0,,
/books/OL1561167M,Gator kill,,Bill Crider,1,9780802732132,1992,Walker,Fiction,0,,
/books/OL1852078M,Medicine show,,Bill Crider,1,9780871316134,1990,M. Evans,,0,,
/books/OL17881663M,Murder among the OWLS,,Bill Crider,1,9780312348090,2007,Thomas Dunne Books/St. Martin's Minotaur,Fiction | Policier et mystère,2,,
/books/OL8137830M,Murder Among the Owls,,Bill Crider,1,9780786294756,2007,Thorndike Press,Fiction,2,,
/books/OL17075959M,Murder in four parts,a Dan Rhodes mystery,Bill Crider,1,9780312386740,2009,Minotaur Books,Fiction | Policier et mystère,0,,
/books/OL379643M,Murder is an art,,Bill Crider,1,9780312199272,1999,Thomas Dunne Books,Fiction,0,,
/books/OL1088860M,Murder most fowl,,Bill Crider,1,9780312113872,1994,St. Martin's Press,Fiction | Policier et mystère,0,,
/books/OL23262828M,Murder takes a break,a Truman Smith mystery,Bill Crider,1,9780802733085,1997,Walker and Co.,Fiction,0,,
/books/OL709658M,Muttketeer!,,Bill Crider,1,9781570642722,1997,Big Red Chair Books,Fiction | Histoire,0,,
/books/OL10388869M,"Of All Sad Words (Sheriff Dan Rhodes Mysteries, No. 15)",,Bill Crider,1,9780312348106,2008,St. Martin's Minotaur,Fiction | Policier et mystère,0,,
/books/OL2525070M,One dead dean,,Bill Crider,1,9780802757111,1988,Walker,Fiction,0,,
/books/OL141048M,Outrage at Blanco,,Bill Crider,1,9780440234548,1999,Dell,Fiction,0,,
/books/OL3686730M,"Red, white, and blue murder",,Bill Crider,1,9780312271855,2003,Thomas Dunne Books,Fiction | Policier et mystère,0,,
/books/OL2031371M,Ryan rides back,,Bill Crider,1,9780871315427,1988,M. Evans,,0,,
/books/OL2384497M,Shotgun Saturday night,a Sheriff Dan Rhodes mystery,Bill Crider,1,9780802756848,1987,Walker,Fiction,0,,
/books/OL7520098M,Texas Vigilante,,Bill Crider,1,9780440234555,1999,Dell,Fiction,0,,
/books/OL1553396M,The Texas capitol murders,,Bill Crider,1,9780312070939,1992,St. Martin's Press,Fiction,0,,
/books/OL2549326M,Too late to die,,Bill Crider,1,9780802756503,1986,Walker,Fiction,0,,
/books/OL7950939M,We'll Always Have Murder,A Humphrey Bogart Mystery,Bill Crider,1,9780743475051,2003,I Books,Fiction | Policier et mystère | Thriller,0,,
/books/OL1091100M,When old men die,a Truman Smith mystery,Bill Crider,1,9780802731951,1994,Walker,Fiction,0,,
/books/OL807309M,Winning can be murder,a Sheriff Dan Rhodes mystery,Bill Crider,1,9780312140724,1996,St. Martin's Press,Fiction | Policier et mystère,0,,
/books/OL17117331M,Food rules!,"the stuff you munch, its crunch, its punch, and why you sometimes lose your lunch",Bill Haduch,1,9780525464198,2001,Dutton Children's Books,Jeunesse,0,,
/books/OL7770143M,Science Fair Success Secrets,"How to Win Prizes, Have Fun, and Think Like a Scientist",Bill Haduch,1,9780525465348,2002,Dutton Juvenile,Jeunesse | Sciences,0,,
/books/OL8045146M,To Be an American,Cultural Pluralism and the Rhetoric of Assimilation (Critical America Series),Bill Ong Hing,1,9780814736098,2000,New York University Press,,0,,
/books/OL12642371M,Furniture Collection in the Louvre,,Bill Pallot,1,9782878440102,1993,Editions de L'Amateur,Histoire,0,,
/books/OL23697219M,Male confessions,intimate revelations and the religious imagination,Björn Krondorfer,1,9780804768993,2010,Stanford University Press,,0,,
/books/OL22930187M,Salem on Trial (Sabrina the Teenage Witch #8),,"Bobbi J.G, Weiss | David Cody Weiss",2,9780671017576,1998,Pocket Books,Fantasy | Fiction | Science-fiction,0,,
/books/OL22966811M,Prom time,,Bobbi Weiss | David Cody | Bobbi J. G. Weiss | David Cody Weiss,4,9780671028169,2002,Simon Pulse,Fiction,0,,
/books/OL13103824M,THE TRUTH OF REASON AND THE REALITY OF THE WORLD,,Botond Gaal,1,9789632027142,2002,Boszormenyi Jeno Alapitvany Hungary,Philosophie | Sciences,0,,
/books/OL12848294M,Eternally Yours,Time in Design,Brian Eno; John Thackara,1,9789064505492,2005,010 Publishers,Philosophie,0,,
/books/OL4418810M,Causal necessity,a pragmatic investigation of the necessity of laws,Brian Skyrms,1,9780300023398,1980,Yale University Press,Philosophie,0,,
/books/OL7762636M,"One For All, All For One",,Brigitte Weninger,1,9780698400344,2005,Minedition,Fiction,0,,
/books/OL12918012M,Pimp London,The Guide,Briony Quested,1,9783791338842,2008,Prestel Publishing,,0,,
/books/OL141144M,Letterwork,creative letterforms in graphic design,Brody Neuenschwander,1,9780714829098,1997,Phaidon Press,,0,,
/books/OL16932709M,Contemplatio philosophica,"a posthumous work, of the late Brook Taylor, ... To which is prefixed a life of the author, by his grandson, Sir William Young, ... With an appendix, ...",Brook Taylor,1,,1793,printed by W. Bulmer and Co.,Philosophie,0,,
/books/OL12767636M,Tomorrow's Chemistry Today,"Concepts in Nanoscience, Organic Materials and Environmental Chemistry",Bruno Pignataro,1,9783527319183,2008,Wiley-VCH,,0,,
/books/OL10318040M,The Golden Twenties,Art and Literature in the Weimar Republic,Bärbel Schrader,1,9780300047974,1990,Yale Univ Pr,Histoire,0,,
/books/OL12680953M,"Gedenkschrift for Victor Poznanski (European University Studies. Series 1, German Language and L)",,C. A. Noble,1,9783261047137,1981,Grove/Atlantic,Histoire,0,,
/books/OL32060770M,The Color of a Great City,,C. B. Falls | Theodore Dreiser,2,,1923,Boni and Liverlight,Voyage,0,,
/books/OL20586673M,Shakspeare and the Bible: Fifty Sonnets with Their Scriptural Harmonies,,C. E. | William Shakespeare,2,,1896,James Pott & co.,Religion,0,,
/books/OL13494629M,The normality of Shakespeare,illustrated in his treatment of love and marriage,C. H. Herford,1,,1920,The Oxford university press],Philosophie,0,,
/books/OL12850203M,Zapping Through Wonderland,Social Issues in Art for Children and Young People (Kit Publications),C. Prescod,1,9789068322873,1998,KIT Publishers,Arts,0,,
/books/OL12806116M,Calvinism in the Arts,A Re-assessment (Studies in Philosophical Theology),C. R. Joby,1,9789042919235,2007,Peeters,Histoire,0,,
/books/OL7957508M,The Usborne Guide to Riding and Pony Care (Riding & Pony Care),,C. Rawson | J. Spector | Christopher Rawson,3,9780746001110,1991,E.D.C. Publishing,,0,,
/books/OL12919779M,New Glass And Studio Glass,Selected From The Museum Of Modern Glass,C. Schack Von Wittenau,1,9783795416195,2004,Schnell & Steiner,Histoire,0,,
/books/OL13138444M,Research Methodology in Social Sciences,,C.R. Reddy,1,9788170350309,1987,Apt Books,Sciences sociales,0,,
/books/OL7425110M,Tropical Truth,A Story of Music and Revolution in Brazil,Caetano Veloso,1,9780375407888,2002,Knopf,Biographie,0,,
/books/OL12810521M,Experimental Algorithms,"6th International Workshop, WEA 2007, Rome, Italy, June 6-8, 2007, Proceedings (Lecture Notes in Computer Science)",Camil Demetrescu,1,9783540728443,2007,Springer,,0,,
/books/OL12845431M,Les Pume Et Leurs Reves,,Canal,1,9789057090080,1998,Other,,0,,
/books/OL22031709M,Beyond populism,,Candido Mendes,1,9780873958035,1977,"State University of New York at Albany, Graduate School of Public Affairs : distributed by State University of New York Press",Histoire | Politique,0,,
/books/OL21262392M,A mask for privilege,anti-Semitism in America,Carey McWilliams,1,9780313208805,1979,Greenwood Press,,0,,
/books/OL12691333M,Frankfurt as a Financial Centre. From medieval trade fair to European banking centre,,Carl-Ludgwig Holtfrerich,1,9783406456718,1999,Verlag C.H. Beck,Histoire | Économie et entreprise,0,,
/books/OL22849316M,The book of destiny,unlocking the secrets of the ancient Maya and the prophecy of 2012,Carlos Barrios,1,9780061574146,2009,HarperOne,,0,,
/books/OL8132583M,Travelling in the Family,Selected Poems,Carlos Drummond de Andrade,1,9780880014342,1995,Ecco Pr,Poésie,0,,
/books/OL13000787M,Landscapes In Argentinian Photographic Postcards of the 20th Century,,Carlos Masotta,1,9789508891617,2007,La Marca Editora,Histoire | Voyage,0,,
/books/OL12647958M,Ulysses Belize (Ulysses Travel Guides),,Carlos Soldevia,1,9782894641798,1998,Ulysses Travel Guides,,0,,
/books/OL10492598M,Inside the Firm,The Fully Updated Story of the Krays' Reign of Terror,Carol Clerk | Tony Lambrianou,2,9780330490146,2002,Pan Books,Sciences sociales,0,,
/books/OL18207313M,Fashion at the edge,"spectacle, modernity and deathliness",Caroline Edwards,1,9780300101386,2003,Yale University Press,Histoire,0,,
/books/OL2859533M,My mom travels a lot,,Caroline Feller Bauer,1,9780140505450,1985,Puffin Books,Fiction,0,,
/books/OL11124247M,Putting on a play,,Caroline Feller Bauer,1,9780673801029,1993,"Scott, Foresman",Jeunesse,0,,
/books/OL22352436M,A single door,social work with the families of disabled children,Caroline Glendinning,1,9780043610602,1986,Allen & Unwin,Politique,0,,
/books/OL12804490M,Schiller und Plato.Vom Staate der Vernunft und dem Scheine der Kunst. Untersuchungen zur politiko-ästhetischen Antinomie.(Fichte-Studien-Supplementa 11),,Caroline Janke,1,9789042004245,1999,Rodopi Bv Editions,Philosophie,0,,
/books/OL12774929M,Digital Earth Moving,"First International Symposium, DEM 2001, Manno, Switzerland, September 5-7, 2001. Proceedings (Lecture Notes in Computer Science)",Caroline Y. Westort,1,9783540425861,2001,Springer,Technologie,0,,
/books/OL7657504M,A Ghost of a Chance (Haunting Hearts),,Casey Claybourne,1,9780515118575,1996,Jove,Fiction | Romance,0,,
/books/OL3548446M,A spirited seduction,,Casey Claybourne,1,9780515120660,1997,Jove Books,Fiction,0,,
/books/OL35736279M,A thing of beauty,,Casey Claybourne,1,9780739413210,2000,Berkley Books,Romance,0,,
/books/OL3550192M,Cat and the countess,,Casey Claybourne,1,9780425173350,2000,Berkley Books,Fiction | Romance,0,,
/books/OL7657585M,Nick of Time,,Casey Claybourne,1,9780515121896,1997,Jove,Fiction,0,,
/books/OL7657405M,The Devil's Darling,,Casey Claybourne,1,9780515114928,1994,Jove,Fiction | Romance,0,,
/books/OL7504115M,Tiger by the Tail,,Casey Claybourne,1,9780425163214,1999,Berkley,Fiction,0,,
/books/OL12799144M,"Chance and Determinism in Avicenna and Averroes (Islamic Philosophy, Theology, and Science)",,Catarina Belo,1,9789004155879,2007,BRILL,,0,,
/books/OL22403253M,Charting complexity,analysing how strategy emerges in organisations,Cathal J. Mahon,1,9788770343107,1999,"Institute of Organisation and Industrial Sociology, Copenhagen Business School",,0,,
/books/OL13075629M,The Myth of Neighbourhood Mutual Help,The Community-Based Urban Welfare System of China,Cecilia Lai-Wan Chan,1,9789622093379,1993,Hong Kong Univ Pr,Politique | Sciences sociales,0,,
/books/OL7758990M,Born and Made,An Ethnography of Preimplantation Genetic Diagnosis (In-formation),Celia Roberts | Sarah Franklin | Sarah Franklin,3,9780691121932,2006,Princeton University Press,Sciences sociales,0,,
/books/OL12799345M,Contesting the Logic of Painting (Visualising the Middle Ages),,Charles E. Barber,1,9789004162716,2007,BRILL,Arts,0,,
/books/OL23424398M,"An Essay on the Philosophy, Study and Use of Natural History",,Charles Fothergill,1,,1813,"White, Cochrane",Philosophie,0,,
/books/OL24779637M,Ballpoint bananas and other jokes for kids,,Charles Keller,1,9780130553508,1973,Prentice-Hall,Jeunesse,0,,
/books/OL3571902M,A Peanuts Valentine,,Charles M. Schulz,1,9780345459411,2003,Ballantine Books,Fiction,0,,
/books/OL24228844M,All This and Snoopy Too,"Selected Cartoons from 'You Can't Win, Charlie Brown', Vol. I",Charles M. Schulz,1,,1962,Fawcett Crest,,0,,
/books/OL32774752M,Born Crabby,,Charles M. Schulz,1,9780752221038,1998,Boxtree,BD et romans graphiques,0,,
/books/OL15375253M,Brothers & sisters,it's all relative : a Peanuts book,Charles M. Schulz,1,9781853041839,1989,Ravette,,0,,
/books/OL13722839M,Colourful Charlie Brown.,,Charles M. Schulz,1,,1974,Knight Books,,0,,
/books/OL7565624M,Fun with Peanuts,"Selected Cartoons from 'Good ol' Charlie Brown', Vol. 1",Charles M. Schulz,1,9780449205679,1984,Ballantine Books,,0,,
/books/OL17318423M,"Get Back to Nature, Snoopy",Selected Cartoons from 'It Doesn't Take Much to Attract a Crowd',Charles M. Schulz,1,9780340583265,1993,Coronet Books,,0,,
/books/OL7565428M,"Go for It, Charlie Brown","Selected Cartoons from 'Dr. Beagle and Mr. Hyde', Vol. 3",Charles M. Schulz,1,9780449202975,1983,Fawcett Crest,,0,,
/books/OL7565650M,"Good Morning, Snoopy","Selected Cartoons from 'Kiss Her You Blockhead!', Vol. 3",Charles M. Schulz,1,9780449206010,1985,Fawcett Crest,,0,,
/books/OL16812295M,"Guess Who, Charlie Brown?",Selected Cartoons from 'If Beagles Could Fly',Charles M. Schulz,1,9780340586143,1994,Coronet,,0,,
/books/OL17479324M,"Hats Off to You, Charlie Brown",Selected Cartoons from 'It Doesn't Take Much to Attract a Crowd' and 'If Beagles Could Fly',Charles M. Schulz,1,9780340583272,1993,Coronet,BD et romans graphiques,0,,
/books/OL16804225M,"Have a Ball, Snoopy",Selected Cartoons from 'If Beagles Could Fly',Charles M. Schulz,1,9780340583289,1993,Coronet Books,,0,,
/books/OL15008816M,"How Romantic, Charlie Brown","Selected Cartoons from 'The Way of the Fussbudget Is not Easy', Vol. 2",Charles M. Schulz,1,9780340428474,1988,Coronet,,0,,
/books/OL7565334M,"It's Chow Time, Snoopy!","Selected Cartoons from 'Dr. Beagle and Mr. Hyde', Volume 1",Charles M. Schulz,1,9780449200964,1983,Fawcett Crest,,0,,
/books/OL17343734M,"It's Party Time, Snoopy",Selected Cartoons from 'By Supper Possessed' and 'Talk is Cheep',Charles M. Schulz,1,9780340583241,1992,Coronet Books,,0,,
/books/OL617953M,"Kick the ball, Marcie!",,Charles M. Schulz,1,9780694009107,1996,HarperCollins Childrens Books,Fiction,0,,
/books/OL19759816M,"Let's Party, Charlie Brown","Selected Cartoons from 'Kiss Her, You Blockhead!', Vol. 2",Charles M. Schulz,1,9780340390221,1986,Coronet,,0,,
/books/OL24950176M,Love Isn't Easy,,Charles M. Schulz,1,9780002251488,1996,CollinsPublishersSanFrancisco,,0,,
/books/OL15008848M,"Nice Shot, Snoopy","Selected Cartoons from 'The Way of the Fussbudget Is not Easy', Vol. 3",Charles M. Schulz,1,9780340484845,1988,Coronet,Fiction,0,,
/books/OL823719M,Nothing Echoes Like an Empty Mailbox,,Charles M. Schulz,1,9780805039368,1995,Henry Holt & Co.,,0,,
/books/OL22811881M,Peanuts at school,,Charles M. Schulz,1,9781853041747,1989,Ravette,Éducation,0,,
/books/OL5186804M,Peanuts cook book.,,Charles M. Schulz,1,,1969,Determined Productions,Cuisine,0,,
/books/OL17194331M,"School's Out, Charlie Brown!",Selected Cartoons from 'Talk Is Cheep',Charles M. Schulz,1,9780340583258,1993,Coronet Books,,0,,
/books/OL24942369M,"Slide, Charlie Brown! Slide!","Selected Cartoons from 'It's a Dog's Life, Charlie Brown!', Vol. 2",Charles M. Schulz,1,,1962,Fawcett Publications,,0,,
/books/OL22977758M,Snoopy,,Charles M. Schulz,1,,1958,Rinehart,Jeunesse,3,,
/books/OL21949082M,Snoopy and the Peanuts Gang,Let's Go,Charles M. Schulz,1,9781853040375,1988,Ravette,,0,,
/books/OL20972117M,Snoopy and the twelve days of Christmas,,Charles M. Schulz,1,9780340361191,1984,Hodder and Stoughton Childrens,,0,,
/books/OL19090861M,Snoopy Features As the Great Entertainer,,Charles M. Schulz,1,9781841611600,2002,Ravette,Fiction,0,,
/books/OL15375227M,Snoopy Stars as the Great Pretender,,Charles M. Schulz,1,9781853040672,1988,Ravette,,0,,
/books/OL15375247M,Snoopy Stars in the Mixed Doubles,,Charles M. Schulz,1,9781853041723,1989,Ravette,Fiction,0,,
/books/OL37453762M,Snoopy the Fearless Leader,,Charles M. Schulz,1,9781497697492,2015,"Open Road Integrated Media, Inc.",,0,,
/books/OL7565406M,"Sweet Dreams, Charlie Brown",,Charles M. Schulz,1,9780449202661,1983,Ballantine Books,,0,,
/books/OL17151676M,The Complete Peanuts,1983 to 1984,Charles M. Schulz,1,9781560975892,2004,Fantagraphics Books,BD et romans graphiques,4,,
/books/OL20928999M,The complete Peanuts,1961 to 1962,Charles M. Schulz,1,9781560976721,2006,Fantagraphics Books,BD et romans graphiques,4,,
/books/OL20929000M,The Complete Peanuts,1957 to 1958,Charles M. Schulz,1,9781560976707,2005,Fantagraphics Books,BD et romans graphiques,4,,
/books/OL8619271M,The Complete Peanuts,1959 to 1960,Charles M. Schulz,1,9781560976714,2006,Fantagraphics,BD et romans graphiques,4,,
/books/OL7362407M,The Joy of a Peanuts Christmas,50 Years of Holiday Comics!,Charles M. Schulz,1,9780150126287,2000,Hallmark Books,Fiction,0,,
/books/OL450277M,The Round-Headed Kid and Me,,Charles M. Schulz,1,9780694010479,1998,HarperCollins Childrens Books,Fiction,0,,
/books/OL24862640M,The Wisdom of Charlie Brown,,Charles M. Schulz,1,,1967,Hallmark,,0,,
/books/OL24956939M,The Wonderful World of Peanuts,"Selected Cartoons from 'More Peanuts', Vol. 1",Charles M. Schulz,1,,1954,Fawcett Crest,,0,,
/books/OL793814M,"Trick or Treat, Great Pumpkin",,Charles M. Schulz,1,9780694008988,1996,Harper Paperbacks,BD et romans graphiques | Fiction,0,,
/books/OL15007234M,We're All in this Together,"Selected Cartoons from 'Dr. Beagle and Mr. Hyde', Volume 1",Charles M. Schulz,1,9780340334744,1983,Coronet,,0,,
/books/OL7567499M,"What Next, Charlie Brown","Selected Cartoons from 'You're Out of Your Mind, Charlie Brown!', Vol. 2",Charles M. Schulz,1,9780449237793,1981,Ballantine Books,,0,,
/books/OL8348863M,What Was Bugging Ol' Pharaoh?,,Charles M. Schulz,1,9780871620286,1970,The Warner Press,Religion,0,,
/books/OL24957102M,"Who Was that Dog I Saw You With, Charlie Brown?","Selected Cartoons from 'You're You, Charlie Brown', Vol. 1",Charles M. Schulz,1,9780449238660,1968,Fawcett Crest,,0,,
/books/OL22276151M,"You're a Knockout, Charlie Brown",Selected Cartoons from 'By Supper Possessed',Charles M. Schulz,1,9780340525456,1990,Coronet,,0,,
/books/OL15008789M,"You're an Ace, Snoopy!","Selected Cartoons from 'The Way of the Fussbudget Is not Easy', Vol. 1",Charles M. Schulz,1,9780340425756,1988,Coronet,,0,,
/books/OL7565408M,You're Hopeless Charlie Brown,"Selected Cartoons from 'You're Weird, Sir!', Vol. 3",Charles M. Schulz,1,9780449202685,1984,Ballantine Books,,0,,
/books/OL15004143M,"You're not for Real, Snoopy!","Selected Cartoons from 'You Need Help, Charlie Brown', Vol. 1",Charles M. Schulz,1,9780340156988,1972,Coronet,,0,,
/books/OL15375197M,"You're on the Wrong Foot Again, Charlie Brown",,Charles M. Schulz,1,9781853040443,1988,Ravette,,0,,
/books/OL24628502M,"You're On Your Own, Snoopy","Selected Cartoons from '“Ha Ha Herman,” Charlie Brown', Vol. 1",Charles M. Schulz,1,,1972,Fawcett Publications,,0,,
/books/OL21308346M,"You're So Smart, Snoopy","Selected Cartoons from 'You're Out of Sight, Charlie Brown', Vol. 1",Charles M. Schulz,1,9780340199275,1976,Coronet Books,,0,,
/books/OL24942175M,"You're Something Special, Snoopy!","Selected Cartoons from 'The Unsinkable Charlie Brown', Vol. 2",Charles M. Schulz,1,9780449238813,1972,Fawcett Crest,,0,,
/books/OL15008916M,"You're Supposed to Lead, Charlie Brown",Selected Cartoons from 'Dogs don't Eat Dessert',Charles M. Schulz,1,9780340491256,1989,Coronet,,0,,
/books/OL7567617M,"You've Got It Made, Snoopy","Selected Cartoons from 'You've had it, Charlie Brown', Vol. 1",Charles M. Schulz,1,9780449239452,1981,Ballantine Books,,0,,
/books/OL24946519M,"You've Got to Be You, Snoopy","Selected Cartoons from 'You've Come a Long Way, Charlie Brown', Vol. 2",Charles M. Schulz,1,,1971,Fawcett Publications,,0,,
/books/OL5071103M,"You've Had It, Charlie Brown",,Charles M. Schulz,1,9780030818622,1969,"Holt, Rinehart and Winston",,0,,
/books/OL27938430M,史努比英汉辞典 = The Snoopy Dictionary,,Charles M. Schulz,1,9787800128660,2003,Zhongguo gong shang chu ban she,Jeunesse,0,,
/books/OL22982520M,胸懷壯志的史奴比 = Snoopy,Snoopy,Charles M. Schulz,1,9789576183294,2000,Shuang da chu ban you xian gong si,,3,,
/books/OL22926567M,花生漫畫 = Snoopy,,Charles M. Schulz,1,9789625530017,1993,Bo zhi chu ban she,,3,,
/books/OL24419115M,My Life with Charlie Brown,,Charles M. Schulz | M. Thomas Inge,2,9781604734478,2010,University Press of Mississippi,Biographie,0,,
/books/OL7568735M,Ft-Charlie Brown Snoo,,Charles M. Schulz | R. Smith Kiliper,2,9780449900604,1981,Ballantine Books,Biographie | Jeunesse,0,,
/books/OL1906639M,An Anthology of poetry for Shakespeare,,Charles Osborne | William Shakespeare,2,9781852190217,1988,Bishopsgate Press,Histoire | Poésie,0,,
/books/OL10093394M,Cost Accounting,A Managerial Emphasis,Charles T. Horngren | George Foster | Srikant M. Datar,3,9780137689538,1999,Prentice Hall College Div,,0,,
/books/OL20974158M,Doctor Dolittle takes charge,,Charlie Sheppard,1,9780099405597,2000,Red Fox,,0,,
/books/OL12740216M,Travels & Discoveries in the Levant,,Charly T. Newton,1,9783487091495,1990,Georg Olms Publishers,,0,,
/books/OL13168561M,Stories Of Kindness,,Chen Tia,1,9789812290984,2000,Asiapac Books,,0,,
/books/OL12808608M,Numiform 92numerical Meth in Industr,,Chenot,1,9789054100874,1992,Taylor & Francis,,0,,
/books/OL22487453M,"Economics, politics and social studies in Oxford, 1900-85",,"Chester, Norman Sir",1,9780333408377,1986,Macmillan,Histoire | Sciences sociales,0,,
/books/OL10440259M,"SEA CREATURES, Glow-in-the-Dark Sticker Book",,Chris Madsen,1,9780525464716,2000,Dutton Juvenile,,0,,
/books/OL12947166M,The Incidence of Sexual Exploitation of Children in Tourism,,Chris Ryan | Colin Michael Hall | Christine Beddoe,3,9789284405008,2002,World Trade Organization,,0,,
/books/OL12918015M,Pop Art (Adventures in Art),,Christian Demilly,1,9783791338941,2007,Prestel Publishing,Arts | Histoire | Jeunesse,0,,
/books/OL12660149M,Cultural Memory and Historical Consciousness in the German-Speaking World Since 1500 (Cultural History and Literary Imagination),,Christian Emden,1,9783039101603,2004,Peter Lang Publishing,,0,,
/books/OL22629536M,"Nietzsche on language, consciousness, and the body",,Christian Emden,1,9780252029707,2005,University of Illinois Press,Histoire | Philosophie,0,,
/books/OL22845497M,"Justice, punishment and the medieval Muslim imagination",,Christian Lange,1,9780521887823,2008,Cambridge University Press,Histoire,0,,
/books/OL12810568M,Risk-Averse Capacity Control in Revenue Management,,Christiane Barz,1,9783540730132,2007,Springer,Économie et entreprise,0,,
/books/OL12807564M,Preserver L'Art de L'Ennemi ?,"Le Patrimoine Artistique En Belgique Et En France Occupees, 1914-1918 (Comparatisme Et Societe)",Christina Kott,1,9789052013329,2006,Peter Lang Publishing,,0,,
/books/OL12872253M,Bottoms,,Christine Blass,1,9783770170807,2002,DUMONT monte,,0,,
/books/OL12664860M,The Grotian Theology of International Law,Hugo Grotius and the Moral Foundations of International Relations (Religion and Society 44),Christoph A. Stumpf,1,9783110191202,2006,Walter de Gruyter,Philosophie,0,,
/books/OL10071328M,Academic Press Dictionary of Science and Technology/Cd-Rom Version 1.0,,Christopher Morris | Academic Press,2,9780122004018,1996,Academic Press,,0,,
/books/OL7649836M,Aliens in the Sky (Spooksville),,Christopher Pike,1,9780671537289,1996,Aladdin,Fiction,0,,
/books/OL32609201M,Alosha,,Christopher Pike,1,9780765310989,2004,TOR,Fiction,0,,
/books/OL24507327M,Attack of the killer crabs,,Christopher Pike,1,9780671002664,1997,Pocket Books,,0,,
/books/OL18422360M,Black blood,,Christopher Pike,1,9780340611708,1995,Hodder & Stoughton,Fiction,0,,
/books/OL7949722M,Bury Me Deep,,Christopher Pike,1,9780743424240,2001,Simon Pulse,Policier et mystère,0,,
/books/OL24934860M,Chain Letter,,Christopher Pike,1,9780380899685,1986,Avon Books,Fiction,0,,
/books/OL10624040M,Chain Letter 2 - The Ancient Evil,,Christopher Pike,1,9780340580011,1992,Hodder Children's Books,,0,,
/books/OL24812273M,Christorpher Pike's Tales of Terror,No. 1,Christopher Pike,1,9780671550745,1997,Pocket Books,Jeunesse,0,,
/books/OL7586982M,Cold People #5 (Spooksville),,Christopher Pike,1,9780613031653,1999,Rebound by Sagebrush,,0,,
/books/OL7662275M,Die Softly,,Christopher Pike,1,9780671690564,1991,Simon Pulse,Policier et mystère,0,,
/books/OL24955355M,Fall into darkness,,Christopher Pike,1,9780671676551,1990,Pocket Books,Policier et mystère,0,,
/books/OL34849713M,Falling,,Christopher Pike,1,9780765317186,2007,Forge,Fiction,0,,
/books/OL31379309M,Final Friends,Book 2: The Dance,Christopher Pike,1,9780671736798,1990,Pocket Books,Fantasy | Policier et mystère,0,,
/books/OL31369753M,Final Friends Book 1,The Party,Christopher Pike,1,9780671659677,1988,An Archway Paperback,Fiction | Policier et mystère,0,,
/books/OL24517153M,Gimme a kiss,,Christopher Pike,1,,1988,Pocket Books,,0,,
/books/OL7644044M,Invasion of the No Ones (Spooksville),,Christopher Pike,1,9780671002633,1997,Aladdin,,0,,
/books/OL7662201M,Last Act,,Christopher Pike,1,9780671687816,1989,Simon Pulse,Fiction | Policier et mystère,0,,
/books/OL7586983M,Little People #8 (Spooksville),,Christopher Pike,1,9780613031684,1999,Tandem Library,,0,,
/books/OL18188555M,Magic fire,,Christopher Pike,1,9780340686096,1998,Hodder Children's,Fiction | Policier et mystère,0,,
/books/OL17528907M,Monster,and Die softly,Christopher Pike,1,9780340616857,1995,Hodder Children's Books,,2,,
/books/OL7664034M,Monster,,Christopher Pike,1,9780671745073,1992,Simon Pulse,,2,,
/books/OL3664397M,Phone fear,,Christopher Pike,1,9780671002718,1998,Pocket Books,,0,,
/books/OL32608716M,Remember Me,,Christopher Pike,1,9780671736859,1989,Pocket Books,Fiction,0,,
/books/OL1124814M,Remember me 2,the return,Christopher Pike,1,9780671872571,1994,Pocket Books,Fiction,0,,
/books/OL31365702M,Remember Me 3,The Last Story,Christopher Pike,1,9780671872670,1995,Archway / Pocket Books,Fiction | Thriller,0,,
/books/OL7664035M,Road to Nowhere,,Christopher Pike,1,9780671745080,1993,Simon Pulse,,0,,
/books/OL1881664M,Sati,,Christopher Pike,1,9780312850951,1990,St. Martin's Press,Fantasy,0,,
/books/OL3665979M,Scavenger hunt,,Christopher Pike,1,9780671676568,1989,Pocket Books,Policier et mystère,0,,
/books/OL32608512M,See You Later,,Christopher Pike,1,9780671743901,1990,Pocket Books,Fiction | Thriller,0,,
/books/OL7887652M,Slumber Party (Point Paperback),,Christopher Pike,1,9780590430142,2004,Scholastic Paperbacks,Policier et mystère,0,,
/books/OL27288983M,Spellbound,,Christopher Pike,1,9780671687939,1989,Simon Pulse,Fiction | Policier et mystère,0,,
/books/OL34850036M,Spooksville,Night of the Vampire,Christopher Pike,1,9780340726587,1998,Hoddern Children's Books,Jeunesse,2,,
/books/OL37038815M,Spooksville,The Wicked Cat,Christopher Pike,1,9781481410861,2015,Aladdin,,2,,
/books/OL18196032M,Tachyon web.,,Christopher Pike,1,9780340616437,1994,Hodder & Stoughton,Fiction | Science-fiction,0,,
/books/OL32609216M,The Blind Mirror,,Christopher Pike,1,9780312858957,2003,TOR,Fiction | Policier et mystère,0,,
/books/OL1111997M,The cold one,,Christopher Pike,1,9780312851170,1995,TOR,Fiction,0,,
/books/OL7644042M,"The Creature in the Teacher (Spooksville, #13)",,Christopher Pike,1,9780671002619,1996,Aladdin,,0,,
/books/OL17384001M,The dangerous quest,,Christopher Pike,1,9780340686270,1997,Hodder Children's,,0,,
/books/OL31897498M,The dark corner,,Christopher Pike,1,9781481410755,2015,Aladdin,Fiction,0,,
/books/OL32945912M,The Deadly Past,,Christopher Pike,1,9781481410915,2016,Aladdin,Fiction,0,,
/books/OL24942829M,The eternal enemy,,Christopher Pike,1,9780671745097,1993,Pocket Books,,0,,
/books/OL7644043M,The Evil House (Spooksville # 14),,Christopher Pike,1,9780671002626,1997,Aladdin,,0,,
/books/OL32609284M,The Haunted Cave,,Christopher Pike,1,9780340661154,1996,Hoddern Children's Books,Fiction | Policier et mystère,0,,
/books/OL17423992M,The hidden beast,,Christopher Pike,1,9780340661246,1996,Hodder Children's,,0,,
/books/OL23011945M,The hollow skull,,Christopher Pike,1,9780671550592,1998,Pocket Books,,0,,
/books/OL31934986M,The howling ghost,,Christopher Pike,1,9780340661147,1995,Hodder Children's,Fiction,0,,
/books/OL24507546M,The immortal,,Christopher Pike,1,9780671745103,1990,Pocket Books,Fantasy | Fiction,0,,
/books/OL7667117M,The LAST VAMPIRE (LAST VAMPIRE 1),THE LAST VAMPIRE,Christopher Pike,1,9780671872649,1994,Simon Pulse,Fiction | Jeunes adultes | Policier et mystère,0,,
/books/OL824777M,The last vampire 4,phantom,Christopher Pike,1,9780671550493,1996,Pocket Books,Fiction,0,,
/books/OL22958480M,The last vampire 5,evil thirst,Christopher Pike,1,9780671550509,1996,Pocket Books,Fiction,0,,
/books/OL15103401M,The lost mind.,,Christopher Pike,1,9780671872694,1995,Pocket Books,,0,,
/books/OL24864205M,The Midnight Club,,Christopher Pike,1,9780671872632,1994,Pocket Books,Fiction,0,,
/books/OL32609138M,The Secret Path,,Christopher Pike,1,9780340732618,1998,Hoddern Children's Books,Fiction,0,,
/books/OL8054087M,The Shaktra (Sequel to Alosha),,Christopher Pike,1,9780765349613,2006,Tor Teen,Fiction,0,,
/books/OL31972165M,The star group,,Christopher Pike,1,9780340686072,1998,Hodder Children's,Fiction | Science-fiction,0,,
/books/OL30181462M,The Starlight Crystal,,Christopher Pike,1,9780671550288,1996,Pocket Books,Fiction | Science-fiction,0,,
/books/OL32609323M,The Thing in the Closet,,Christopher Pike,1,9780340686249,1997,Hoddern Children's Books,,0,,
/books/OL7667120M,The VISITOR,THE VISITOR,Christopher Pike,1,9780671872700,1995,Simon Pulse,Fiction | Science-fiction,0,,
/books/OL31937522M,The wishing stone,,Christopher Pike,1,9780340661215,1996,Hodder Children's,Fiction,0,,
/books/OL17863533M,The Witch's Gift,,Christopher Pike,1,9780340686317,1998,Hodder Children's Books,Jeunesse,0,,
/books/OL7650021M,The WITCH'S REVENGE (SPOOKSVILLE 6): THE WITCH'S REVENGE (SPOOKSVILLE),,Christopher Pike,1,9780671550653,1996,Aladdin,Fantasy,0,,
/books/OL11077440M,The Witch's Revenge/The Dark Corner/The Little People/The Wishing Star,Volumes 06-09 (Spooksville (Paperback)),Christopher Pike,1,9780671878290,1997,Pocket Books,,0,,
/books/OL8053506M,The Yanti (An Alosha Novel),,Christopher Pike,1,9780765311009,2006,Tor Teen,Fiction,0,,
/books/OL24503656M,Time terror,,Christopher Pike,1,9780671002640,1997,Pocket Books,,0,,
/books/OL7540571M,Weekend (Point),,Christopher Pike,1,9780590442565,2004,Scholastic Paperbacks,Fiction,0,,
/books/OL7662277M,Whisper of Death,,Christopher Pike,1,9780671690588,1991,Simon Pulse,Thriller,0,,
/books/OL24934563M,Witch,,Christopher Pike,1,9780671690557,1990,Pocket Books,Fiction,0,,
/books/OL28434471M,You Are Here,A Portable History of the Universe,Christopher Potter,1,9780099502425,2010,Penguin Random House,Histoire | Philosophie | Sciences,0,,
/books/OL12797631M,"Korean Film Directors - ""IM Kwon-taek""",,Chung Sung-ill,1,9788991913134,2007,Seoul Selection,Biographie | Histoire,0,,
/books/OL10561966M,Transitions in context,,"Clare Holdsworth | Morgan, David",2,9780335215393,2005,Open University Press,Sciences sociales,0,,
/books/OL2708763M,"An apprenticeship, or, The book of delights",,Clarice Lispector,1,9780292790308,1986,University of Texas Press,Fiction,0,,
/books/OL1349265M,Discovering the world,,Clarice Lispector,1,9780856359545,1992,Carcanet,,0,,
/books/OL5282268M,Family ties.,,Clarice Lispector,1,9780292724044,1972,University of Texas Press,Fiction,0,,
/books/OL1873680M,Near to the wild heart,,Clarice Lispector,1,9780811211390,1990,New Directions,,2,,
/books/OL25223655M,Near to the wild heart,,Clarice Lispector,1,9780811220026,2012,New Directions,,2,,
/books/OL2185024M,Soulstorm,stories,Clarice Lispector,1,9780811210911,1989,New Directions Pub.,Fiction,0,,
/books/OL1550305M,The Foreign Legion,stories and chronicles,Clarice Lispector,1,9780811211895,1992,New Directions Pub. Corp.,,0,,
/books/OL24896411M,The hour of the star,,Clarice Lispector,1,9780811219495,2011,New Directions,Fiction,0,,
/books/OL2529359M,The passion according to G.H.,,Clarice Lispector,1,9780816617111,1988,University of Minnesota Press,Fiction | Philosophie | Romance,0,,
/books/OL2186678M,The stream of life,,Clarice Lispector,1,9780816617814,1989,University of Minnesota Press,,0,,
/books/OL25223654M,Água viva,,Clarice Lispector,1,9780811219907,2012,New Directions,Fiction,0,,
/books/OL1057275M,"Science, development, and violence",the revolt against modernity,Claude Alphonso Alvares,1,9780195629149,1992,Oxford University Press,Sciences | Sciences sociales,0,,
/books/OL12660602M,La Compagnie Genevoise Des Colonies Suisses de Setif (1853-1956),Un Cas de Colonisation Privee En Algerie,Claude Lutzelschwab,1,9783039111466,2006,Peter Lang Publishing,Histoire,0,,
/books/OL17112285M,Carnaval,,Claudio Edinger,1,9781899235605,1996,Dewi Lewis,Histoire,0,,
/books/OL15381007M,Encyclopedia of saints,,Clemens Jöckle,1,9780881682267,1995,Alpine Fine Arts Collection,Biographie,0,,
/books/OL26806670M,Robot,An extraordinary look from the inside out,Clive Gifford,1,9780789435699,1960,DK,Jeunesse,0,,
/books/OL22204064M,Mirror for man,the relation of anthropology to modern life,Clyde Kluckhohn,1,9780816509195,1985,University of Arizona Press,Sciences sociales,0,,
/books/OL20291476M,Immigrants and minorities in British society,,Colin Holmes,1,9780049421608,1978,Allen & Unwin,Histoire,0,,
/books/OL49239M,Information visualization,perception for design,Colin Ware,1,9781558605114,2000,Morgan Kaufman,,0,,
/books/OL21178788M,Beyond the outsider,,Colin Wilson,1,,1965,Pan Books,Philosophie,0,,
/books/OL669573M,Mysteries of the universe,,Colin Wilson,1,9780789421654,1997,DK Pub.,Jeunesse | Sciences,0,,
/books/OL3785794M,Poltergeist!,a study in destructive haunting,Colin Wilson,1,9780399127168,1982,Putnam,,0,,
/books/OL13545175M,Religion and the rebel.,,Colin Wilson,1,,1957,Houghton Mifflin,Philosophie | Religion,0,,
/books/OL2243878M,"The musician as ""outsider""",,Colin Wilson,1,9780946650088,1987,Paupers' Press,Musique,0,,
/books/OL6202268M,The outsider.,,Colin Wilson,1,,1956,Houghton Mifflin,Philosophie,0,,
/books/OL5775030M,The stature of man.,,Colin Wilson,1,,1959,Houghton Mifflin,Philosophie,0,,
/books/OL13029321M,Aaltomania,,Connah Roger,1,9789516826137,2000,Rakennustieto Publishing,Philosophie,0,,
/books/OL13029318M,Sa(l)vaged Modernism (Arc book series),,Connah Roger,1,9789516825963,2000,Rakennustieto Publishing,Histoire | Philosophie,0,,
/books/OL12804818M,Quantum Learning,Beyond Duality (VIBS 113) (Value Inquiry Book),Conrad P. Pritscher,1,9789042013872,2001,Editions Rodopi B.V.,,0,,
/books/OL12805066M,Chasing Tales,"Travel Writing, Journalism and the History of British Ideas about Afghanistan. (Studia Imagologica)",Corinne Fowler,1,9789042022621,2007,Rodopi,Histoire | Voyage,0,,
/books/OL12862072M,Civilizing Violence,Satyrs on 6th-Century Greek Vases,Cornelia Isler-Kerenyi,1,9783727814976,2004,Presses Universitaires Fribourg,,0,,
/books/OL12760576M,Die Auswanderung aus dem Herzogtum Braunschweig im Kräftespiel staatlicher Einflußnahme und öffentlicher Resonanz 1720-1,,Cornelia Pohlmann,1,9783515080545,2002,Steiner (Franz),Histoire,0,,
/books/OL24276671M,The Slow Fix,,Coyote,1,9781551522746,2009,Arsenal Pulp Press,Fiction,0,,
/books/OL1738505M,The end of economics?,ethics and the disorder of progress,Cristovam Buarque,1,9781856490979,1993,Zed Books,Économie et entreprise,0,,
/books/OL12799090M,Pico's Heptaplus and Biblical Hermeneutics (Studies in Medieval and Reformation Traditions),,Crofton Black,1,9789004153158,2006,BRILL,Histoire,0,,
/books/OL3392508M,Jigsaw puzzle family,the stepkids' guide to fitting it together,Cynthia MacGregor,1,9781886230637,2005,Impact Publishers,Jeunesse,0,,
/books/OL7729398M,What Do You Know About Manners?,,Cynthia MacGregor,1,9780689832925,2000,Meadowbrook,Jeunesse,0,,
/books/OL22573866M,Why do people die?,"helping your child understand death, with love and illustrations",Cynthia MacGregor,1,9780818405983,1998,Carol Pub. Group,Jeunesse,0,,
/books/OL19666294M,Evidence of francophony in mediaeval Levant,decipherment and interpretation (MS. Paris BnF copte 43),Cyril Aslanov,1,9789654932172,2006,"Hebrew University, Magnes Press",Histoire,0,,
/books/OL12799030M,"General Maps of Persia 1477 - 1925 (Handbook of Oriental Studies: Section 1, the Near and Middle East)",,Cyrus Alai,1,9789004147591,2005,Brill Academic Pub,,0,,
/books/OL12852208M,Undead Theories,"Constructivism, Eclecticism and Research in Education",D Geelan,1,9789077874318,2006,Sense Publishers,,0,,
/books/OL13144077M,Genes and Means,,D. Balasubramaniam,1,9788172360641,1993,The Publications & Information Directorate (CSIR),Jeunesse,0,,
/books/OL12798291M,Ancient Jewish Law,Three Inaugural Lectures,D. Daube,1,9789004065314,1997,Brill Academic Pub,Histoire,0,,
/books/OL12808670M,PROTECTION EARTH SLOPES HYDRAULIC (Geotechnika),,D. Morozova,1,9789054101765,1996,Taylor & Francis,,0,,
/books/OL12680954M,Hilde Domin,From Exile to Ideal (Germanic Studies in America),Dagmar C. Stern,1,9783261047182,1980,Grove/Atlantic,,0,,
/books/OL22491184M,Heidelberger Gelehrtenlexicon 1386-1651.,,Dagmar Drüll,1,9783540435303,,,Histoire,0,,
/books/OL18838622M,Konrad von Megenbergs Buch von den natürlichen Dingen,ein Dokument deutschsprachiger Albertus Magnus-Rezeption im 14. Jahrhundert,Dagmar Gottschall,1,9789004140158,2004,Brill,Histoire,0,,
/books/OL1250877M,Participation as process - process as growth,"what we can learn from Grameen Bank, Bangladesh",Dale Chandler | Andreas Fuglesang,2,9789840512386,1993,Grameen Trust,Sciences sociales,0,,
/books/OL13073955M,GREEKS The Lighthouse of Civilization Throughout the Ages,,Damian M. Danopoulos M.D.,1,9789608360266,2005,Epralofos S.A.,Histoire,0,,
/books/OL22135057M,The kibbutz,a new way of life,Dan Leon,1,9780080133577,1969,Pergamon Press,,0,,
/books/OL12804460M,Philosophy In Post-communist Europe.,,Dane R. GORDON,1,9789042003583,1998,Rodopi Bv Editions,Philosophie,0,,
/books/OL14004989M,dissertation practical and conciliatory,in three parts ...,Daniel Chapman,1,,1836,"Hamilton, Adams & Co.",,0,,
/books/OL10084271M,Out of Many,A History of the American People with CDROM,Daniel Czitrom | Mari Jo Buhle | John Mack Faragher,3,9780131986107,2006,Prentice Hall,,3,,
/books/OL10088467M,A History of the United States,,Daniel J. Boorstin | Brooks Mather Kelley,2,9780134355887,1999,Pearson Prentice Hall,,0,,
/books/OL22466043M,Topics in the philosphy of possible worlds,,Daniel Patrick Nolan,1,9780815340515,2002,Routledge,Philosophie,0,,
/books/OL12799199M,Islamic Piety in Medieval Syria,"Mosques, Cemeteries and Sermons Under the Zangids and Ayyubids (1146-1260) (Jerusalem Studies in Religion and Culture) (Jerusalem Studies in Religion and Culture)",Daniella Talmon-heller,1,9789004158092,2008,Brill,Histoire,0,,
/books/OL13157040M,The Modern Principalia,The Historical Evolution of the Philippine Ruling Oligarchy,Dante C. Simbulan,1,9789715424967,2006,University of Hawaii Press,Histoire | Politique,0,,
/books/OL12798599M,The King Embodies the Word,Robert D'Anjou and the Politics of Preaching (Studies in the History of Christian Thought),Darleen N. Pryds,1,9789004114029,2000,Brill Academic Publishers,Histoire,0,,
/books/OL10075849M,Technology Education,Learning by Design,Dave Burghardt | Michael Hacker,2,9780130363534,2004,Pearson Prentice Hall,Technologie,0,,
/books/OL12798684M,"Aristotle's Ethics in the Italian Renaissance (Ca. 1300-1650): The Universities and the Problem of Moral Education (Education and Society in the Middle Ages and Renaissance, 13)",,David A. Lines,1,9789004120853,2002,Brill Academic Publishers,Histoire,0,,
/books/OL24969131M,Imperial Ambitions,Conversations on the Post-9/11 World,David Barsamian | David Barsamian | Noam Chomsky | Anna Llisterri Boix,4,9780805079678,2005,Metropolitan Books,Politique,0,,
/books/OL12798835M,Christianity in Modern China,The Making of the First Native Protestant Church (Studies in Christian Mission),David Cheung,1,9789004131439,2004,Brill Academic Publishers,Histoire,0,,
/books/OL3664505M,Close encounters!,,David Cody Weiss,1,9780671007065,1997,Pocket Books,Fiction,0,,
/books/OL619455M,Gargoyles,defenders of the night,David Cody Weiss,1,9781570821011,1993,Fun Works,Fiction,0,,
/books/OL715408M,Jingle all the way,a novelization,David Cody Weiss,1,9780671004262,1996,Pocket Books,Fiction,0,,
/books/OL3666602M,Kitty cornered,,David Cody Weiss,1,9780671038366,2000,Pocket Books,Fiction,0,,
/books/OL3695474M,Now and again,,David Cody Weiss,1,9780689855818,2003,Simon Pulse,,0,,
/books/OL3574626M,Smallville: Animal Rage,,David Cody Weiss,1,9780316174213,2003,Little Brown,Fiction,0,,
/books/OL11069638M,The Arrival:The Journey of Allen Strange #1:Nickelodeon (Journey of Allen Strange),,David Cody Weiss,1,9780671025090,1999,Aladdin,Fiction,0,,
/books/OL141067M,The tale of the mogul monster,,David Cody Weiss,1,9780671021146,1998,Minstrel,,0,,
/books/OL13501315M,The free Negroes of North Carolina.,,David Dodge,1,,1886,Atlantic Monthly],,0,,
/books/OL7667313M,All the Way to the Gallows,,David Drake,1,9780671877538,1996,Baen,,0,,
/books/OL7667368M,An Oblique Approach,,David Drake,1,9780671878658,1998,Baen,Fiction | Science-fiction,0,,
/books/OL7524535M,Battlestation,Book One,David Drake,1,9780441048786,1992,Ace Books,,0,,
/books/OL2844177M,Birds of prey,,David Drake,1,9780671559120,1984,Baen Books,,0,,
/books/OL18567413M,Counting the cost,Hammer's Slammer's,David Drake,1,9780671653552,1987,Baen Books,,0,,
/books/OL7526952M,"Dagger (Thieves World Novel, No 5)",,David Drake,1,9780441806096,1988,Ace Books,,0,,
/books/OL3665882M,Explorers in hell,,David Drake,1,9780671698133,1989,Baen Books,,0,,
/books/OL801718M,Fireships,,David Drake,1,9780441003297,1996,Ace Books,,0,,
/books/OL7524006M,"Fireships (Igniting the Reaches , No 3)",,David Drake,1,9780441004171,1997,Ace Books,,0,,
/books/OL2742390M,Fortress,,David Drake,1,9780312930011,1987,T. Doherty Associates,,0,,
/books/OL11347361M,Fortress (Tom Kelly),,David Drake,1,9780812536201,1988,Tor Science Fiction,,0,,
/books/OL10557105M,"French Intellectuals and Politics from the Dreyfus Affair to the Occupation (French Politics, Society and Culture)",,David Drake,1,9780333778128,2005,Palgrave Macmillan,Histoire | Politique,0,,
/books/OL16565686M,From the heart of darkness,,David Drake,1,9780812536072,1983,T. Doherty Associates,,0,,
/books/OL3688933M,Goddess of the ice realm,,David Drake,1,9780312873882,2003,Tor Fantasy,,0,,
/books/OL3564212M,Grimmer than hell,,David Drake,1,9780743435901,2003,Baen,Fiction,0,,
/books/OL7525543M,Hammer's slammers,,David Drake,1,9780441315956,1984,Ace,Fiction | Science-fiction,0,,
/books/OL1400914M,Igniting the reaches,,David Drake,1,9780441000265,1994,Ace Books,Fiction,0,,
/books/OL22691561M,In the stormy red sky,,David Drake,1,9781416591597,2009,Baen Books,Fiction,0,,
/books/OL7526139M,"Justice (Northworld, 3)",,David Drake,1,9780441586165,1992,Ace Books,,0,,
/books/OL7661256M,Lacey and His Friends,,David Drake,1,9780671655938,1986,Baen,,0,,
/books/OL660387M,Lord of the Isles,,David Drake,1,9780312853969,1997,Tor,,0,,
/books/OL6782221M,"Lt. Leary, commanding",,David Drake,1,9780671578756,2000,Baen,Fiction,0,,
/books/OL3306787M,Master of the cauldron,,David Drake,1,9780312874964,2004,Tor,,0,,
/books/OL7661179M,"MEN HUNTING THINGS (Starhunters, Vol 1)",,David Drake,1,9780671653996,1988,Baen,Science-fiction,0,,
/books/OL3947354M,Mistress of the Catacombs,,David Drake,1,9780312873875,2001,Tor,,0,,
/books/OL7527103M,Northworld,,David Drake,1,9780441848300,1990,Ace Books,Science-fiction,0,,
/books/OL7659927M,Northworld Trilogy,,David Drake,1,9780671577872,1999,Baen,Science-fiction,0,,
/books/OL11758211M,Other Times Than Peace,,David Drake,1,9781416555667,2008,Baen,,0,,
/books/OL3558131M,Paying the piper,,David Drake,1,9780743435475,2002,Baen,Fiction,0,,
/books/OL9002748M,Queen of Demons (Lord of the Isles 2),,David Drake,1,9781857988239,1999,Gollancz,Fiction,0,,
/books/OL7661235M,Ranks of Bronze,,David Drake,1,9780671655686,1986,Baen Books,Fiction,0,,
/books/OL7662501M,Rolling Hot,Hammers Slammers #4,David Drake,1,9780671698379,1989,Baen Books,Science-fiction,0,,
/books/OL3561198M,Seas of Venus,,David Drake,1,9780743435642,2002,Baen,Fiction,0,,
/books/OL6786292M,Servant of the dragon,,David Drake,1,9780312864699,1999,Tor Fantasy,,0,,
/books/OL24382014M,Skyripper,,David Drake,1,9780523485447,1983,Tom Doherty Associates,,0,,
/books/OL8456939M,"Some Golden Harbor (RCN - Lt. Leary, Book 5)",,David Drake,1,9781416520801,2006,Baen,Fiction | Science-fiction,0,,
/books/OL7663138M,Starliner,Starliner,David Drake,1,9780671721213,1992,Baen,Fiction,0,,
/books/OL7525651M,Surface Action,,David Drake,1,9780441363759,1990,Ace,Science-fiction,0,,
/books/OL141061M,The butcher's bill,,David Drake,1,9780671577735,1998,Baen,,0,,
/books/OL23554751M,The Complete Hammer's Slammers Volume 1 (Complete Hammer's Slammers),,David Drake,1,9781439133095,2009,Baen Books,,0,,
/books/OL8719300M,The Complete Hammer's Slammers Volume 2 (Complete Hammer's Slammers),,David Drake,1,9781892389732,2006,Night Shade Books,,0,,
/books/OL3676472M,The far side of the stars,,David Drake,1,9780743471589,2003,Baen,Fiction | Science-fiction,0,,
/books/OL3401969M,The fortress of glass,,David Drake,1,9780765312594,2006,Tor,,0,,
/books/OL23000017M,The gods return,,David Drake,1,9780765312617,2008,Tor,,0,,
/books/OL11346757M,The Jungle,,David Drake,1,9780812501988,1992,Tor Books,Science-fiction,0,,
/books/OL17179164M,The mirror of worlds,,David Drake,1,9780765312600,2007,Tor,Fiction,0,,
/books/OL3679075M,The reaches,,David Drake,1,9780743471770,2004,Baen Books,Fiction,0,,
/books/OL11347250M,The Square Deal,Car Wars #1 (Car Wars),David Drake,1,9780812530308,1993,Tor Books,,0,,
/books/OL7667341M,The Tank Lords (Hammer's Slammer's),,David Drake,1,9780671877941,1997,Baen,Fiction,0,,
/books/OL1423058M,The voyage,,David Drake,1,9780312851583,1994,T. Doherty Associates,Fiction | Science-fiction,0,,
/books/OL7951724M,The Way to Glory,,David Drake,1,9780743498821,2005,Baen,Fiction | Science-fiction,0,,
/books/OL8456960M,The Way to Glory (RCN),,David Drake,1,9781416521068,2007,Baen,,0,,
/books/OL7661188M,Things Hunting Men,,David Drake,1,9780671654122,1988,Baen Books,,0,,
/books/OL3550125M,Time safari,,David Drake,1,9780671698126,1989,Baen Books,,0,,
/books/OL7659980M,With the Lightnings,Hardcover Special Edition,David Drake,1,9780671578862,2000,Baen,Fiction,0,,
/books/OL7667271M,Enemy Of My Enemy,,David Drake | Ben Ohlander,2,9780671876920,1995,Baen,Fiction,0,,
/books/OL12673836M,Techniques and assumptions in Jewish exegesis before 70 CE (Texte und Studien zum antiken Judentum),,David Instone Brewer,1,9783161458033,1992,J.C.B. Mohr (P. Siebeck),Histoire,0,,
/books/OL12678499M,"Design, Specification And Verification Of Interactive Systems '99 (Eurographics)",,David J Duke,1,9783211834053,1999,Springer,Technologie,0,,
/books/OL12801270M,Reason and the Passions in the Comedies of Calderon (Purdue University Monographs in Romance Languages),,David J. Hildner,1,9789027217219,1983,John Benjamins Pub Co,Philosophie,0,,
/books/OL22396025M,The new reckoning,"capitalism, states, and citizens",David Marquand,1,9780745617442,1997,Polity Press,Philosophie | Politique,0,,
/books/OL10076158M,Guia Del Supervisor,Las Mejores Prcticas De Seguridad E Higiene,David McSwane | Nancy R. Rue | Richard Linton | FMI,4,9780130424068,2004,Prentice Hall,Technologie,0,,
/books/OL12652217M,An Anthology of African Photography,French,David Newnham,1,9782909571300,1999,"Editions Revue Noir,France",Histoire,0,,
/books/OL16992432M,The dawn of political nihilism,,David Ohana,1,9781845192891,2009,Sussex Academic Press,Histoire,0,,
/books/OL10123563M,The New Wider World,Teacher's Resource Book (Foundation Editions Series),David Waugh | Tony Bushell,2,9780174343356,2001,Nelson Thornes,,2,,
/books/OL10123571M,The New Wider World,Foundation Edition (Foundation Editions Series),David Waugh | Tony Bushell,2,9780174345220,2001,Nelson Thornes,,2,,
/books/OL7644716M,"GO FETCH! SABRINA, THE TEENAGE WITCH #13 (Sabrina The Teenage Witch)",,David Weiss | Bobbi J. G. Weiss | David Cody Weiss,3,9780671021177,1998,Simon Spotlight Entertainment,Fiction,0,,
/books/OL686753M,Understanding international conflicts,an introduction to theory and history,David Welch | David A. Welch | Joseph S. Nye,3,9780321011015,1997,Longman,,0,,
/books/OL23223873M,Economic and human development in contemporary India,cronyism and fragility,Debdas Banerjee,1,9780415559744,2010,Routledge,Politique | Économie et entreprise,0,,
/books/OL23034718M,King Arthur and the Knights of the Round Table,,Deborah Tempest,1,9780582421189,2000,Pearson Education,,0,,
/books/OL3028148M,"The poverty of ""development economics""",,Deepak Lal,1,9780674694705,1985,Harvard University Press,Sciences | Économie et entreprise,0,,
/books/OL376361M,Unintended consequences,"the impact of factor endowments, culture, and politics on long run economic performance",Deepak Lal,1,9780262122108,1998,MIT Press,Politique | Économie et entreprise,0,,
/books/OL13005255M,Dang dai yu yan wen zi li lun di xin gou xiang,,Dejiang Xu,1,9787030030559,1992,Ke xue chu ban she,Philosophie,0,,
/books/OL15043046M,The new social studies,"a handbook for teachers in primary, secondary and further education",Denis Lawton,1,9780435805685,1976,Heinemann,,0,,
/books/OL2989932M,Midsummer,,Derek Walcott,1,9780571131808,1984,Faber and Faber,Poésie,0,,
/books/OL348222M,What the twilight says,essays,Derek Walcott,1,9780374288419,1998,"Farrar, Straus, and Giroux",,0,,
/books/OL1108283M,The human animal,a personal view of the human species,Desmond Morris,1,9780517700907,1994,Crown Publishers,Sciences sociales,0,,
/books/OL12867119M,Gute Gestaltung / Good Design 07,,Deutscher Designer Club (DDC),1,9783764383831,2007,Birkhäuser Basel,,0,,
/books/OL12799064M,The Art of Reform in Eleventh-Century Flanders,"Gerard of Cambrai, Richard of Saint-Vanne and the Saint-Vaast Bible (Studies in the History of Christian Traditions, Vol. 128)",Diane J. Reilly,1,9789004150973,2006,Brill Academic Publishers,Histoire,0,,
/books/OL7828523M,Behind His Back (Love Stories),,Diane Schwemm,1,9780553492910,1999,Bantam Books for Young Readers,,0,,
/books/OL7828454M,Don't Say Goodbye (Love Stories),,Diane Schwemm,1,9780553492194,1997,Bantam Books for Young Readers,Fiction | Jeunes adultes,0,,
/books/OL7644135M,"Laurel (The Year I Turned Sixteen, Number 3)",,Diane Schwemm,1,9780671004422,1998,Simon Pulse,Fiction,0,,
/books/OL141058M,Lily,,Diane Schwemm,1,9780671004439,1999,Pocket Books,Fiction,0,,
/books/OL11359716M,The Encyclopedia of Sexually Transmitted Diseases (Facts on File Library of Health and Living),,"Diane Stafford | Jennifer, M.D. Shoquist | Jennifer Shoquist",3,9780816048816,2003,Facts on File,,0,,
/books/OL3342101M,Antonio Dias,o país inventado,"Dias, Antonio",1,9788590177517,2001,Museu de Arte Moderna de São Paulo,Arts | Histoire,0,,
/books/OL12831782M,MIGRATION EMOTION IDENTITIES (Studienreihe Konfliktforschung),,Dieter Bichlbauer | Angelika Kofler,2,9783700314196,2002,Purdue University Press,Sciences sociales,0,,
/books/OL12712802M,"Munchner Kammerspiele: Schauspieler, Regisseure, Auffuhrungen 1976 Bis 2001",Mit Dieter Dorn Und Michael Wachsmann,Dieter Dorn,1,9783446200005,2001,Hanser Gardner Publications,Histoire,0,,
/books/OL12767494M,Nanomaterials,"An Introduction to Synthesis, Characterization and Processing",Dieter Vollath | D. Vollath,2,9783527315314,2008,Wiley-VCH,Technologie,0,,
/books/OL12810377M,Territorial Cohesion (German Annual of Spatial Research and Policy),,Dietmar Scholich,1,9783540717454,2008,Springer,,0,,
/books/OL10081496M,Getting Started with Computer Concepts,,Digital Content Factory,1,9780131411357,2002,Prentice Hall,Technologie,0,,
/books/OL12808726M,Application Fractals Earth Science,,Dimri,1,9789054102847,2000,Taylor & Francis,,0,,
/books/OL12845494M,"Performance and Consciousness (Performing Arts International, Volume 1, Part 4)",,DINKGRAFE,1,9789057550966,1999,Routledge,,0,,
/books/OL12804999M,Essays on Frege's Conception of Truth. (Grazer Philosophische Studien 75) (Grazer Philosophische Studien),,Dirk Greismann,1,9789042021563,2007,Editions Rodopi,Philosophie,0,,
/books/OL12764677M,Wir Sind Doch Bruder!,"Der Evangelische Kirchentag Und Die Deutsche Frage, 1949-1961 (Arbeiten Zur Kirchlichen Zeitgeschichte)",Dirk Palm,1,9783525557365,2002,Vandenhoeck & Ruprecht,Histoire,0,,
/books/OL12764657M,Die Himmlische Beurgerschaft,Untersuchungen Zu Einem Urchristlichen Sprachmotiv Im Spannungsfeld Von Religioeser Integration Und Abgrenzung Im 1. U (Forschungen ... Und Literatur Des Alten Und Neuen T),Dirk Schinkel,1,9783525530849,2007,Vandehoeck & Ruprecht,Histoire,0,,
/books/OL18292085M,The king of drinks,schnapps gin from modernity to tradition,Dmitri van den Bersselaar,1,9789004160910,2007,Brill,Histoire,0,,
/books/OL12798563M,Classical Arabic Verse,History and Theory of Arud (Brill Studies in Middle Eastern Literatures),Dmitry Frolov,1,9789004109322,1999,Brill Academic Publishers,,0,,
/books/OL10360057M,Network Seminar Audio Tapes,,Don Cousins Bruce Bugbee | Bill Hybels,2,9780310244981,2000,Zondervan,,0,,
/books/OL18457437M,The social sciences in Canada,50 years of national activity by the Social Science Federation of Canada,Donald Fisher,1,9780889202139,1991,Wilfrid Laurier University Press in collab. with the Social Sciences Federation of Canada,Histoire | Sciences sociales,0,,
/books/OL12808303M,Science and Culture for Members Only,The Amsterdam Zoo Artis in the Nineteenth Century,Donna C. Mehos,1,9789053567395,2007,Amsterdam University Press,Histoire,0,,
/books/OL12977657M,"Verstehen Und Verstandigung: Ethnologie, Xenologie, Interkulturelle Philosophie",Justin Stagl Zum 60. Geburtstag,Dorothea G. Sommer,1,9783826022159,2002,Konigshausen & Neumann,Philosophie | Sciences sociales,0,,
/books/OL12799080M,Three Armies in Britain,"The Irish Campaign of Richard II and the Usurpation of Henry IV, 1397-1399 (History of Warfare)",Douglas Biggs,1,9789004152151,2006,BRILL,Histoire,0,,
/books/OL10095880M,Physics: Principles With Applicaitons,Media Pack,Douglas C. Giancoli,1,9780139898235,1999,Prentice Hall College Div,,0,,
/books/OL20938600M,The Jesuit mystique,Society of Jesus,Douglas Higgens | Michael Letson | Douglas Letson,3,9780006279570,1995,Harper Collins,Biographie | Histoire,0,,
/books/OL8950655M,Christine de Pizan's Changing Opinion,A Quest for Certainty in the Midst of Chaos (Gallica) (Gallica),Douglas Kelly,1,9781843841111,2007,D.S.Brewer,,0,,
/books/OL10104334M,Harcourt Social Studies A Child's View,Grade 1 (Harcourt Social Studies),Dr. Michael J. Berson | Dr. Tyrone C. Howard | Dr. Cinthia Salinas,3,9780153471254,2006,Harcourt School,,0,,
/books/OL12852489M,Playing Golf in the Philippines,,Drs. D.J. Barreveld,1,9789080956667,2006,Mabuhay,Voyage,0,,
/books/OL12851169M,Industrial Design-Dutch Design 2000-2001,,Dutch Design,1,9789072007582,2000,Gingko Pr Inc,,0,,
/books/OL16841783M,After the Taliban,life and security in rural Afghanistan,Dyan E. Mazurana,1,9780742540323,2008,Rowman & Littlefield Publishers,Politique | Sciences sociales,0,,
/books/OL46237370M,Three Shakespeare Tragedies,,E. F. Dodd | William Shakespeare,2,9781014501639,2021,"Creative Media Partners, LLC",,0,,
/books/OL21377808M,Phoenician furniture,a typology based on Iron Age representations with reference to the iconographical context,E. Gubel,1,9789068311105,1987,Peeters,,0,,
/books/OL12860410M,Balanchine,"A special issue of the journal Choreography and Dance (Balanchine, Part 3)",E. Hofmeister,1,9783718654291,1994,Routledge,,0,,
/books/OL12704216M,Negligence. The Comparative Legal History of the Law of Torts. (Comparative Studies in Continental and Anglo-American Legal History; CSC 22),,E. J. H. Schrage,1,9783428105168,2001,Duncker & Humblot GmbH,Histoire,0,,
/books/OL12866422M,"Wissenschaft, Gesellschaft und politische Macht (History of Mathematics)",,E. Neuenschwander,1,9783764327514,1993,Birkhauser,Histoire | Sciences,0,,
/books/OL12805897M,The Tract de Unitate Minori of Petrus Thome (Recherches de Theologie Et Philosophie Medievales Bibliothec),,E. P. Bos,1,9789042912410,2003,Peeters,Histoire,0,,
/books/OL12852648M,Key Works in Radical Constructivism (Bold Visions in Educational Research),,E. Von Glasersfeld,1,9789087900854,2007,Sense Publishers,Éducation,0,,
/books/OL12800545M,Contributions by E.G.Ballard; R.L.Barber; J.K.Feibleman; C.H.Hamburg; H.N.Lee; P.G.Morrison; L.N.Roberts; R.C.Whittemore (Tulane Studies in Philosophy),,E.G. Ballard,1,9789024702794,1899,Springer,Philosophie,0,,
/books/OL12774474M,Challenges in Scientific Computing - CISC 2002,"Proceedings of the Conference ""Challenges in Scientific Computing"", Berlin, October 2-5, 2002 (Lecture Notes in Computational Science and Engineering)",Eberhard Bänsch,1,9783540408871,2004,Springer,Sciences,0,,
/books/OL12798761M,Salvation for the Righteous Revealed,Jesus Amid Covenantal and Messianic Expectations in Second Temple Judaism (Arbeiten Zur Literatur Und Geschichte Des Hellenistischen Judentums),Ed Condra,1,9789004126176,2002,Brill Academic Publishers,Histoire,0,,
/books/OL12661381M,Transcultural Wars from the Middle Ages to the 21st Century,,ed. Hans-Henning Kortum,1,9783050041315,2006,Akademie Verlag,Histoire,0,,
/books/OL12649344M,"Les empereurs illyriens, volume 8. Actes du colloque de Strasbourg 11-13 octobre 1990",,Edmond Frézouls,1,9782904337215,2000,AECR,Biographie | Histoire,0,,
/books/OL47797530M,A brasilidade modernista,,Eduardo Jardim de Moraes,1,,1978,Graal,,0,,
/books/OL1540865M,"Smart schools, smart kids",why do some schools work?,Edward B. Fiske,1,9780671690632,1991,Simon & Schuster,Éducation,0,,
/books/OL20473838M,"Civilisation: Its Cause and Cure, and Other Essays",,Edward Carpenter,1,,1895,S. Sonnenschein & Co.,Politique | Sciences,0,,
/books/OL13512420M,Intermediate Types among Primitive Folk,A Study in Social Evolution,Edward Carpenter,1,,1919,Allen & Unwin,Sciences sociales,0,,
/books/OL7017368M,The intermediate sex,a study of some transitional types of men and women,Edward Carpenter,1,,1909,S. Sonnenschein,Histoire | Politique,0,,
/books/OL25950784M,A book of Shakespeare's songs,,Edward Edwards | William Shakespeare,2,,1903,G. Schirmer,,0,,
/books/OL12713534M,The origin and development of early Indian contemplative practices (Studies in Oriental religions),,Edward Fitzpatrick Crangle,1,9783447034791,1994,Harrassowitz Verlag,Histoire,0,,
/books/OL23455558M,Select plays from Shakspeare,,Edward Slater | William Shakespeare,2,,1836,,,0,,
/books/OL12848845M,Cultural Travel And Migrancy,The Artistic Representation Of Globalization In The Electronic Media Of West Java,Edwin Jurriens,1,9789067182225,2005,Kitlv Press,Politique,0,,
/books/OL12805738M,"Middle Knowledge (Studies in Philosophical Theology Series, 20)",,Eef Dekker,1,9789042908031,2000,Peeters Bvba,Philosophie | Religion,0,,
/books/OL12679770M,Das Blaue Kleid,Roman,Elazar Benyoëtz,1,9783257063196,2002,Diogenes,Fiction,0,,
/books/OL12773027M,Model-Checking Based Data Retrieval,An Application to Semistructured and Temporal Data (Lecture Notes in Computer Science),Elisa Quintarelli,1,9783540209713,2004,Springer,,0,,
/books/OL23246230M,Dance!,,Elisha Cooper,1,9780060294182,2001,Greenwillow Books,Jeunesse,0,,
/books/OL7274556M,Ice Cream,,Elisha Cooper,1,9780060014247,2002,Greenwillow Books,Jeunesse,0,,
/books/OL18495665M,Ridiculous/hilarious/terrible/cool,a year in an American high school,Elisha Cooper,1,9780803731691,2008,Dial Books,Jeunesse,0,,
/books/OL7519805M,Brazen Angel,,Elizabeth Boyle,1,9780440224129,1997,Dell,Fiction | Romance,0,,
/books/OL141049M,Brazen heiress,,Elizabeth Boyle,1,9780440226383,1999,Dell,Fiction | Histoire,0,,
/books/OL7519913M,Brazen Temptress,,Elizabeth Boyle,1,9780440226390,1999,Dell,Fiction | Romance,0,,
/books/OL23207600M,Confessions of a little black gown,,Elizabeth Boyle,1,9781410417671,2009,Thorndike Press,Fiction | Romance,0,,
/books/OL7281677M,His Mistress By Morning (Avon Romantic Treasure),,Elizabeth Boyle,1,9780060784027,2006,Avon,Fiction | Romance,0,,
/books/OL3387792M,It takes a hero,,Elizabeth Boyle,1,9780060549305,2004,Avon Books,Fiction | Romance,0,,
/books/OL7281678M,Love Letters From a Duke,,Elizabeth Boyle,1,9780060784034,2007,Avon,Fiction | Histoire | Romance,0,,
/books/OL7435569M,No Marriage of Convenience (Avon Romantic Treasure),,Elizabeth Boyle,1,9780380815340,2000,Avon,Fiction | Romance,0,,
/books/OL7435570M,Once Tempted (Avon Historical Romance),,Elizabeth Boyle,1,9780380815357,2001,Avon,Fiction | Romance,0,,
/books/OL3578953M,One night of passion,,Elizabeth Boyle,1,9780786249909,2003,Thorndike Press,Fiction | Romance,0,,
/books/OL3475603M,Something about Emmaline,,Elizabeth Boyle,1,9780060549312,2005,Avon Books,Fiction | Romance,0,,
/books/OL3386039M,Stealing the Bride,,Elizabeth Boyle,1,9780380820900,2003,Avon Books,Fiction | Romance,0,,
/books/OL22802397M,Tempted by the Night,,Elizabeth Boyle,1,9780061373220,2008,Avon,,0,,
/books/OL7281676M,This Rake of Mine (Avon Romantic Treasure),,Elizabeth Boyle,1,9780060783990,2005,Avon,Fiction | Romance,0,,
/books/OL23208357M,Resilience,reflections on the burdens and gifts of facing life's adversities,Elizabeth Edwards,1,9781410417220,2009,Thorndike Press,Biographie | Philosophie,0,,
/books/OL24943427M,1609,winter of the dead : a novel about the founding of Jamestown,Elizabeth Massie,1,9780812590937,2000,Tor,Fiction,0,,
/books/OL10665574M,A Forest Community Nf-Sb (Pair-It Books),,Elizabeth Massie,1,9780739808597,1999,Steck Vaughn,Jeunesse,0,,
/books/OL8054164M,A House Divided-A Novel of the Civil War (Young Founders),,Elizabeth Massie,1,9780765352729,2007,Tor Teen,,0,,
/books/OL141086M,Barbara's escape,,Elizabeth Massie,1,9780671001346,1997,Pocket Books,Fiction | Histoire,0,,
/books/OL23578798M,Homeplace,,Elizabeth Massie,1,9780425216897,2007,Berkley Books,Fiction,0,,
/books/OL18159627M,Maryland,ghost harbor,Elizabeth Massie,1,9780821750599,1995,Kensington Publishing Group,Histoire,0,,
/books/OL3664702M,Patsy and the Declaration,,Elizabeth Massie,1,9780671001339,1997,Pocket Books,Fiction | Histoire,0,,
/books/OL3664701M,Patsy's discovery,,Elizabeth Massie,1,9780671001322,1997,Pocket Books,,0,,
/books/OL8241864M,Sineater,,Elizabeth Massie,1,9780843944075,1998,Leisure Books,Fiction,0,,
/books/OL3666466M,"The Great Chicago Fire, 1871",Historical Disasters #3,Elizabeth Massie,1,9780671036034,1999,Pocket Books,Fiction | Histoire | Romance,0,,
/books/OL3668181M,Wire mesh mothers,,Elizabeth Massie,1,9780843948691,2001,Leisure Books,Fiction,0,,
/books/OL12877508M,New World,Creating an American Art,Elizabeth Nakin Kornhauser,1,9783777434155,2007,Hirmer Verlag GmbH,,0,,
/books/OL141177M,Treasure in clay jars,,Elizabeth Ostrander Sutton,1,9780875743462,1999,Pendle Hill Publications,Arts,0,,
/books/OL21354095M,Origins of the State and civilization,the process of cultural evolution.,Elman R. Service,1,9780393092240,1975,W. W. Norton,Histoire | Sciences,0,,
/books/OL12731252M,Liber de pomo / Buch vom Apfel.,,Elsbeth Acampora-Michel,1,9783465031055,2001,Klostermann,,0,,
/books/OL22236561M,Contemporary philosophy - since 1850,,Emile Bréhier,1,,1969,University of Chicago Press,Histoire | Philosophie,0,,
/books/OL15481186M,The seventeenth century,,Emile Bréhier,1,9780226072258,1966,University of Chicago Press,,0,,
/books/OL28372592M,The abandoned rake,,Emily Harland | Emily Hendrickson,2,9780709090069,2010,Robert Hale,Romance,0,,
/books/OL7574053M,A Chance Encounter,,Emily Hendrickson,1,9780451194978,1998,Signet,,0,,
/books/OL7572596M,A Country Miss,,Emily Hendrickson,1,9780451157768,1988,Signet,,0,,
/books/OL24965955M,A Perilous Engagement,,Emily Hendrickson,1,9780708946794,2002,Ulverscroft,,0,,
/books/OL7573124M,A Scandalous Suggestion,,Emily Hendrickson,1,9780451169921,1991,Signet,,0,,
/books/OL7573472M,Althea's Grand Tour,,Emily Hendrickson,1,9780451179364,1994,Signet,Romance,0,,
/books/OL7573955M,An Uncommon Bequest,,Emily Hendrickson,1,9780451192080,1998,Signet,,0,,
/books/OL32988725M,Double Deceit,,Emily Hendrickson,1,9780709082170,2007,Robert Hale,,0,,
/books/OL3385748M,Drusilla's Downfall,,Emily Hendrickson,1,9780451209238,2003,New American Library,,0,,
/books/OL7573337M,Elizabeth's Rake,,Emily Hendrickson,1,9780451175526,1993,Signet,,0,,
/books/OL7573941M,Harriet's Beau,,Emily Hendrickson,1,9780451191762,1997,Signet,,0,,
/books/OL35446064M,Hidden Inheritance,,Emily Hendrickson,1,9781846178580,2007,Ulverscroft,Histoire,0,,
/books/OL7573408M,Julia's Spirit,,Emily Hendrickson,1,9780451177353,1993,Signet,,0,,
/books/OL7572704M,Lady Sara's Scheme,,Emily Hendrickson,1,9780451160027,1989,Signet,Histoire,0,,
/books/OL7573754M,Lord Barry's Dream House,,Emily Hendrickson,1,9780451186744,1996,Signet,Romance,0,,
/books/OL3666194M,Lord Huntingdon's Legacy,,Emily Hendrickson,1,9780451204028,2001,Signet Book,Romance,0,,
/books/OL3284918M,Lord Nick's Folly,,Emily Hendrickson,1,9780451206961,2002,Signet,Romance,0,,
/books/OL7573954M,Lord Ware's Widow,,Emily Hendrickson,1,9780451192073,1997,Signet,,0,,
/books/OL7573465M,Miss Chesney's Charade,,Emily Hendrickson,1,9780451179234,1994,Signet,,0,,
/books/OL7574178M,Miss Haycroft's Suitors,,Emily Hendrickson,1,9780451198341,1999,Signet,,0,,
/books/OL7574110M,Miss Timothy Perseveres,,Emily Hendrickson,1,9780451196767,1999,Signet,,0,,
/books/OL7573004M,Miss Wyndham's Escapade,,Emily Hendrickson,1,9780451167156,1990,Signet,,0,,
/books/OL3474620M,My Lady Faire,,Emily Hendrickson,1,9780451214584,2005,Signet,,0,,
/books/OL3284266M,Pursuing Priscilla,,Emily Hendrickson,1,9780451208033,2003,Signet,,0,,
/books/OL32136190M,Queen of the May,,Emily Hendrickson,1,9781847822505,2008,Ulverscroft,,0,,
/books/OL3386539M,Tabitha's Tangle,,Emily Hendrickson,1,9780451211644,2004,Signet,,0,,
/books/OL7572912M,The Colonial Upstart,,Emily Hendrickson,1,9780451164735,1990,Signet,,0,,
/books/OL7573600M,The Contrary Corinthian,,Emily Hendrickson,1,9780451182685,1995,Signet,Romance,0,,
/books/OL3281934M,The Dangerous Baron Leigh,,Emily Hendrickson,1,9780451199294,2000,Signet,,0,,
/books/OL32345339M,The Dashing Miss Fairchild,,Emily Hendrickson,1,9781444800630,2010,Charnwood,,0,,
/books/OL24923844M,The Debonair Duke,,Emily Hendrickson,1,9780709082897,2009,Robert Hale,,0,,
/books/OL7573316M,The Fashionable Spy,,Emily Hendrickson,1,9780451174864,1992,Signet,,0,,
/books/OL7572896M,The Gallant Lord Ives,,Emily Hendrickson,1,9780451164209,1989,Signet,Romance,0,,
/books/OL3667325M,The Ivory Dragon,,Emily Hendrickson,1,9780451205353,2002,Signet,,0,,
/books/OL3471987M,The Madcap Heiress,,Emily Hendrickson,1,9780451212894,2004,Signet,,0,,
/books/OL7573441M,The Rake and the Redhead,,Emily Hendrickson,1,9780451178558,1994,Signet,,0,,
/books/OL7574690M,The Rake and the Redhead / Lord Dancy's Delight,,Emily Hendrickson,1,9780451215871,2005,Signet,,0,,
/books/OL3668502M,The Rake's Revenge,,Emily Hendrickson,1,9780451202598,2001,Signet,Romance,0,,
/books/OL7573471M,The Scoundrel's Bride,,Emily Hendrickson,1,9780451179357,1994,Signet,,0,,
/books/OL141062M,The Unexpected Wife,,Emily Hendrickson,1,9780451194985,1998,Signet,,0,,
/books/OL39797838M,The Wicked Proposal,,Emily Hendrickson,1,9780709082606,2008,Robert Hale,,0,,
/books/OL12737679M,Writer on the Run,,Ena Pedersen,1,9783484651333,2001,,Biographie,0,,
/books/OL12845301M,Storm,Using RS for Improved Monitoring and Prediction of Heavy Rainfall and Related Events (Remote Sensing Reviews Series),Eric Barrett,1,9789057021015,1996,Taylor & Francis,,0,,
/books/OL12664864M,Sites of the Uncanny,"Paul Celan, Specularity and the Visual Arts (Interdisciplinary German Cultural Studies 3) (Interdisciplinary German Cultural Studies)",Eric Kligerman,1,9783110191356,2007,Walter De Gruyter,,0,,
/books/OL12867114M,Times of the Signs: Communication and Information,A Visual Analysis of New Urban Spaces,Eric Sadin,1,9783764383671,2007,Birkhäuser Basel,,0,,
/books/OL13182964M,The Troll Boy and the Witch,,Erik Arpi,1,9788276701364,2005,Pictura Normann,Fiction,0,,
/books/OL12663187M,Hegels System Der Theologie (Theologische Bibliothek Toepelmann 26),,Erik Schmidt,1,9783110044638,1974,Walter De Gruyter Inc,Philosophie | Religion,0,,
/books/OL28487431M,Problem of Order,Elizabethan Political Commonplaces and an Example of Shakespeare's Art,Ernest William Talbert,1,9780807836729,2012,University of North Carolina Press,,0,,
/books/OL12852577M,"DEVELOPMENT ECONOMICS BETWEEN MARKETS AND INSTITUTIONS INCENTIVES FOR GROWTH, FOODà (Mansholt)",,Erwin Bulte,1,9789086860470,2007,Wageningen Pers,Sciences sociales,0,,
/books/OL13205199M,"Simmel, Escritos Contra La Cosificacion del Mundo",,Esteban Vernik,1,9789879423424,2000,Altamira,Philosophie | Sciences sociales,0,,
/books/OL12799161M,"Leisure, Pleasure and Healing (Supplements to the Journal for the Study of Judaism)",,Estee Dvorjetski,1,9789004156814,2007,BRILL,Histoire,0,,
/books/OL13432981M,Art and Philosophy,,Et Al Baudrillard,1,9788878160309,1991,Distributed Art Pub Inc (Dap),Arts | Philosophie,0,,
/books/OL12798787M,Bonagratia Von Bergamo,Franziskanerjurist Und Wortfuhrer Seines Ordens Im Streit Mit Papst Johannes Xxii (Studies in Medieval and Reformation Traditions),Eva Luise Wittneben,1,9789004128170,2003,Brill Academic Publishers,Histoire,0,,
/books/OL12829907M,"Die Lust Am Text in Der Bildenden Kunst (Europaische Hochschulschriften: Reihe 1, Deutsche Sprache Un)",,Eva Maltrovsky,1,9783631520758,2004,Peter Lang Publishing,Arts | Philosophie,0,,
/books/OL12684484M,La Maladie de Porcelaine ... East Asian Porcelain From The Collection of Augustus the Strong,,Eva Ströber,1,9783361005303,2001,Germany: Edition Leipzig,,0,,
/books/OL12854613M,Old World Journey,National Identity in Four American Novels from 1960 to 1973 (Studia Anglistica Upsaliensia),Eva Zetterberg Pettersson,1,9789155463069,2005,Uppsala Universitet,,0,,
/books/OL8200410M,Desired Haven,,Evelyn M. Richardson,1,9780887806759,2005,Formac Publishing Company Limited,Fiction | Romance,0,,
/books/OL11265254M,No Small Tempest,,Evelyn M. Richardson,1,9780887807060,2006,Formac Publishing Company Limited,Fiction,0,,
/books/OL3283451M,A Foreign Affair,,Evelyn Richardson,1,9780451208262,2003,New American Library,Romance,0,,
/books/OL3475527M,A Lady of Talent,,Evelyn Richardson,1,9780451210098,2005,Signet,,0,,
/books/OL3668488M,Fortune's Lady,,Evelyn Richardson,1,9780451205520,2002,Signet,,0,,
/books/OL24508625M,Lady Alex's Gamble,,Evelyn Richardson,1,,1995,Signet,Romance,0,,
/books/OL3668510M,Lord Harry's Daughter,,Evelyn Richardson,1,9780451201638,2001,Signet,,0,,
/books/OL7573015M,Miss Cresswell's London Triumph,,Evelyn Richardson,1,9780451167408,1990,Signet,,0,,
/books/OL7574192M,My Lady Nightingale,,Evelyn Richardson,1,9780451198587,1999,Signet,,0,,
/books/OL7573952M,My Wayward Lady,,Evelyn Richardson,1,9780451192059,1997,Signet,,0,,
/books/OL7574769M,The Education of Lady Frances / Miss Cresswell's London Triumph,,Evelyn Richardson,1,9780451217301,2006,Signet,,0,,
/books/OL141074M,The Gallant Guardian,,Evelyn Richardson,1,9780451197153,1998,Signet,Histoire,0,,
/books/OL3391018M,The Scandalous Widow,,Evelyn Richardson,1,9780451210081,2004,Signet,,0,,
/books/OL7573449M,The Willful Widow,,Evelyn Richardson,1,9780451178695,1994,Signet,,0,,
/books/OL12664903M,Sectarianism in Qumran,A Cross-Cultural Perspective (Religion and Society 45) (Religion and Society),Eyal Regev,1,9783110193329,2007,Walter de Gruyter,Histoire,0,,
/books/OL12845170M,Evolution de la biosphere et evenements geologiques,,F. Lethiers,1,9789056991241,1998,Taylor & Francis,Sciences sociales,0,,
/books/OL1053127M,Apologia de Augusto dos Anjos e outros estudos,,F. S. Nascimento,1,,1990,"UFC, Casa de José de Alencar--Programas Culturais",,0,,
/books/OL13492349M,Christian theology and social progress,the Bampton lectures for 1905,F.W Bussell,1,,1907,E.P. Dutton,Philosophie,0,,
/books/OL10073621M,Energy and the Deregulated Marketplace 1998 Survey,,Fairmont Press | Ruth Bennett Fowler,2,9780130107923,1998,Prentice Hall,Technologie,0,,
/books/OL16801010M,Ismat's Eid,,Fawzia Gilani,1,9788181464057,2007,Tulika Publishers,Jeunesse,0,,
/books/OL12798727M,"Passover in the Works of Josephus (Supplements to the Journal for the Study of Judaism, V. 75)",,Federico M. Colautti,1,9789004123724,2002,Brill Academic Publishers,Histoire,0,,
/books/OL12799415M,"Sulla, the Elites and the Empire",A Study of Roman Policies in Italy and the Greek East (Impact of Empire),Federico Santangelo,1,9789004163867,2007,Brill,Biographie | Histoire | Politique,0,,
/books/OL52944862M,Nomos und Physis,Herkunft und Bedeutung einer Antithese im griechischen Denken des 5. Jahrhunderts,Felix Heinimann,1,,1965,F. Reinhardt,,0,,
/books/OL23002588M,Origins of Tibetan culture =,Xizhang wen hua de gu shi,Feng Ge,1,9789812293145,2002,Asiapac Books,,0,,
/books/OL5215273M,Dependency and development in Latin America,,Fernando Henrique Cardoso,1,9780520031937,1979,University of California Press,Politique | Économie et entreprise,0,,
/books/OL13750972M,The House of Lords during the Civil War,,"Firth, Charles Harding Sir.",1,,1910,Longmans Green,Sciences sociales,0,,
/books/OL22606686M,"The annals of Flodoard of Reims, 919-966",,Flodoard of Reims,1,9781551116501,2004,Broadview Press,Histoire,0,,
/books/OL1011822M,Cinematograph of words,"literature, technique, and modernization in Brazil",Flora Süssekind,1,9780804729130,1997,Stanford University Press,,0,,
/books/OL12799140M,Qumranica Minora I (Studies on the Texts of the Desert of Judah),,Florentino Garcfa Martfnez,1,9789004155695,2007,BRILL,,0,,
/books/OL10073204M,Fundamental Neuroscience CD-ROM,,Floyd E. Bloom | Story C. Landis,2,9780127808710,1999,Academic Press,Sciences,0,,
/books/OL12804777M,ENJOYMENT AND THE ACTIVITY OF MIND. Dialogues on Whitehead and Education. (Value Inquiry Book Series 100) (Value Inquiry Book),,Foster N. Walker,1,9789042013124,2000,Rodopi Bv Editions,Philosophie | Éducation,0,,
/books/OL141149M,"Fostoria glassware, 1887-1982",identification & values : 95 years of glassmaking,Frances Bones,1,9781574321081,1999,Collector Books,Histoire,0,,
/books/OL12917614M,Henry Moore,A Shelter Sketchbook,Frances Carey | Henry Moore,2,9783791308678,1988,Prestel Pub,Arts,2,,
/books/OL10575769M,Hillsboro Crusade Sketches And Family Record,,Frances Elizabeth Willard | Eliza Jane Trimble Thompson,2,9780548314333,2007,"Kessinger Publishing, LLC",Sciences sociales,0,,
/books/OL12653949M,Luang Prabang,Capital of Legend,Francis Engelmann,1,9782911589157,1999,Asa Editions,Voyage,0,,
/books/OL10581142M,Domestic Slavery Considered As A Scriptural Institution,In A Correspondence Between The Rev. Richard Fuller And Rev. Francis Wayland,Francis Wayland | Richard Fuller,2,9780548376454,2007,"Kessinger Publishing, LLC",Sciences sociales,0,,
/books/OL22253545M,Fin de siècle,,Francois Dion,1,9782922085051,2000,"Optica, un centre d'art contemporain",,0,,
/books/OL12660661M,"Francais Aux Etats-Unis (1990-2005): Migration, Langue, Culture Et Economie (Transversales, Langues, Societes, Cultures Et Apprentissages)",,Francois Lagarde,1,9783039112937,2007,Peter Lang Publishing,Histoire,0,,
/books/OL12645036M,Madeleine De LA Peltrie,,Francoise Deroy,1,9782890077379,1992,Bellarmin Editions,Biographie | Histoire,0,,
/books/OL10425526M,Family Living,Relationships and Decisions/Student Edition,Frank D. Cox | Carol Canada,2,9780314915368,1993,National Textbook Company,Sciences sociales,0,,
/books/OL12643035M,The Pavilion of Marital Harmony,Chinese Painting and Calligraphy Between Tradition and Modernity,Frank Dunand,1,9782880310103,2002,Art Media Resources,,0,,
/books/OL22187962M,Municipal administration in the Roman Empire,,Frank Frost Abbott,1,,1926,Princeton University Press,Sciences sociales,0,,
/books/OL12822651M,World Guide to Scientific Assoications and Learned Societies (World Guide to Scientific Associations and Learned Societies),,Frank Kirchner,1,9783598222641,2003,K. G. Saur,Sciences,0,,
/books/OL19902848M,The new face of science,,Fred Hoyle,1,,1971,World Publishing Company,Sciences,0,,
/books/OL16207431M,Popular culture and political power,,Fred Inglis,1,9780745003344,1988,Wheatsheaf Books,,0,,
/books/OL20508930M,A century of progress,,Fred Saberhagen,1,9780523485683,1983,TOR,,0,,
/books/OL1272931M,An armory of swords,,Fred Saberhagen,1,9780312854140,1995,T. Doherty Associates,Fantasy | Fiction,0,,
/books/OL3422936M,An old friend of the family,,Fred Saberhagen,1,9780765314987,2006,Tor,Fiction,0,,
/books/OL7524594M,Berserker,,Fred Saberhagen,1,9780441054909,1985,Ace Books,Fiction,0,,
/books/OL656087M,Berserker fury,,Fred Saberhagen,1,9780312859398,1997,Tor,Fiction,0,,
/books/OL7524756M,Brother Assassin,,Fred Saberhagen,1,9780441082186,1978,Ace,,0,,
/books/OL3688229M,Empire of the East,,Fred Saberhagen,1,9780765307422,2003,Tor,,0,,
/books/OL7659541M,Golden People,,Fred Saberhagen,1,9780671559045,1984,Baen Books,,0,,
/books/OL1878555M,Mindsword's story,,Fred Saberhagen,1,9780312851286,1990,T. Doherty Associates,,0,,
/books/OL7526159M,Octagon,,Fred Saberhagen,1,9780441607396,1981,Ace,,0,,
/books/OL7661269M,Pyramids,,Fred Saberhagen,1,9780671656096,1987,Baen Books,,0,,
/books/OL361089M,Shiva in steel,,Fred Saberhagen,1,9780312863265,1998,Tom Doherty Associates,Fiction,0,,
/books/OL2410185M,Stonecutter's story,,Fred Saberhagen,1,9780312930738,1988,T. Doherty Associates,,0,,
/books/OL1079046M,Séance for a vampire,,Fred Saberhagen,1,9780312855628,1994,TOR,Fiction,0,,
/books/OL49462M,The arrival,,Fred Saberhagen,1,9780312873028,1999,TOR,Fiction | Science-fiction,0,,
/books/OL3021818M,The berserker throne,,Fred Saberhagen,1,9780671558369,1985,Simon and Schuster,Fiction,0,,
/books/OL16271155M,The Berserker wars,,Fred Saberhagen,1,9780523485201,1981,Pinnacle Books,Fiction,0,,
/books/OL10263664M,The Dracula Tape,,Fred Saberhagen,1,9780446788694,1975,Warner,,0,,
/books/OL2741965M,The First Book of Lost Swords: Woundhealer's Story,,Fred Saberhagen,1,9780312932435,1986,T. Doherty Associates,,0,,
/books/OL22912085M,The First Book of Swords,,Fred Saberhagen,1,9780523485607,1983,Tom Doherty Associates,Fiction,0,,
/books/OL7661221M,The Frankenstein Papers,,Fred Saberhagen,1,9780671655501,1986,Baen Books,Fiction,0,,
/books/OL8690269M,The Lost Swords,Endgame,Fred Saberhagen,1,9781568651002,1994,Doubleday Books,Fiction,0,,
/books/OL2884660M,The second book of swords,,Fred Saberhagen,1,9780812553017,1983,T. Doherty Associates,,0,,
/books/OL2970667M,The third book of swords,,Fred Saberhagen,1,9780812553031,1984,T. Doherty Associates,,0,,
/books/OL17839351M,Thorn.,,Fred Saberhagen,1,,1980,Ace Books,Fiction,0,,
/books/OL11347550M,Water of Thought,Soul Warrior,Fred Saberhagen,1,9780812552904,1998,Tor Books,,0,,
/books/OL58685258M,The Holmes Dracula File,,Fred Saberhagen | Fred Saberhagen | Robin Bloodworth,3,,1978,Ace Books,Fiction,0,,
/books/OL12809452M,Abstract Compositional Analysis of Iterated Relations,A Structural Approach to Complex State Transition Systems (Lecture Notes in Computer Science),Frederic Geurts,1,9783540655060,1998,Springer-Verlag Telos,,0,,
/books/OL10091663M,Answer Key to Engineering Drawing (Problem),,Frederick E. Giesecke | John Thomas Dygdon | James E. Novak,3,9780136284888,1997,Prentice Hall,,0,,
/books/OL12917969M,SEE THE MUSIC HEAR THE DANCE,Rethinking African Art at the Baltimore Museum of Art,Frederick John Lamp,1,9783791330365,2004,Prestel Publishing,Arts,0,,
/books/OL10070485M,Advances in Marine Biology,,Frederick S. Russell | J. H. S. Blaxter,2,9780120261215,1984,Academic Press,Sciences,0,,
/books/OL14025531M,Christianity and history,,Frederick William James Butler,1,,1925,Society for promoting Christian knowledge,Histoire | Philosophie,0,,
/books/OL12664411M,Germania Sacra: Neue Folge 39,Das Bistum Augsburg 2. Die Benediktinerabtei Wessobrunn,Freifrau von Andrian-Werburg,1,9783110169126,2001,Walter De Gruyter Inc,Histoire,0,,
/books/OL12854585M,Creating Spaces For Action,Anc-women Politicians' Views On Bridewealth & Gender-related Power (Studia Sociologica Upsaliensia),Frida Nilsson,1,9789155458577,2004,Uppsala Universitet,,0,,
/books/OL23377770M,"The æsthetic letters, essays",,Friedrich Schiller,1,,1845,C. C. Little and J. Brown,Philosophie,0,,
/books/OL7525799M,The Knight and Knave of Swords,,Fritz Leiber | Neil Gaiman | Jonathan Davis,3,9780441451258,1990,Ace,Fantasy | Fiction,0,,
/books/OL12657636M,c/cd,Dream Songs Night Songs,From Belgium to Brazil,1,9782923163321,2008,36,,0,,
/books/OL37044481M,The Brothers Karamazov,,Fyodor Dostoyevsky,1,,2019,Standard Ebooks,Fiction | Histoire | Politique,0,,
/books/OL12765497M,Politischer Mehrwert Eine Studie Ueber Max Weber Und Carl Schmitt,,G Ulmen,1,9783527176052,1991,Wiley-VCH,Histoire | Sciences sociales,0,,
/books/OL21226115M,Contemporary philosophical alternatives and the crisis of truth,"a critical study of positivism, existentialism and Marxism",G. A. Rauche,1,9789024750177,1970,Nijhoff,Histoire | Philosophie,0,,
/books/OL21630280M,[Sigma] and [pi] electrons in organic compounds,"[by W. Kutzelnigg, G. Del Re, and G. Berthier].",G. Del Re | W. Kutzelnigg | G. Berthier,3,9783540054733,1971,Springer-Verlag,Sciences,0,,
/books/OL10080850M,Chemical Processes in Waste Water Treatment (Water and Wastewater Technology),,G. Mattock | W. J. Eilbeck,2,9780131263925,1987,Ellis Horwood Ltd,,0,,
/books/OL12776944M,"Formel, Farbe, Form",Computerasthetik Fur Medien Und Design,G. Nees,1,9783540579441,1994,Springer-Verlag,,0,,
/books/OL12847601M,The Physical Environment of the Faeroe Islands (Monographiae Biologicae),,G.K. Rutherford,1,9789061930990,2007,Springer,,0,,
/books/OL814255M,Magazine Beach,,"Gannett, Lewis.",1,9780061052354,1996,HarperPrism,Fiction | Policier et mystère,0,,
/books/OL141073M,The siege,,"Gannett, Lewis.",1,9780061020049,1998,Harper Entertainment,Fiction,0,,
/books/OL20268535M,Live unnoticed =,(Lathe biōsas) : on the vicissitudes of an Epicurean doctrine,Geert Roskam,1,9789004161719,2007,Brill,,0,,
/books/OL21233404M,The faith of Dante Alighieri,,Geoffrey F. Nuttall,1,9780281023608,1969,S.P.C.K,,0,,
/books/OL12677654M,Ökologische Architektur / Ecological Architecture,"Entwurf, Planung, Ausführung / Design, Planning, Realization",Georg W. Reinberg,1,9783211327708,2008,Springer,Histoire,0,,
/books/OL7806770M,De Motu and The Analyst,"A Modern Edition, with Introductions and Commentary (The New Synthese Historical Library)",George Berkeley | George Berkeley,2,9780792315209,1991,Springer,Philosophie | Sciences | Technologie,0,,
/books/OL13584252M,Introduction to social science,a survey of social problems,George C. Attebury,1,,1950,Macmillan,Sciences sociales,0,,
/books/OL12804429M,Negotiating Toward Truth.,,George David MILLER,1,9789042002586,1998,Rodopi Bv Editions,Philosophie | Éducation,0,,
/books/OL10610530M,Science and the Unknown,,George Smith | M.D. G. Kent Smith,2,9780738830414,2000,Xlibris Corporation,Sciences,0,,
/books/OL12673811M,The Revelation of Elchasai,Investigations into the Evidence for a Mesopotamian Jewish Apocalypse of the Second Century and Its Reception by Judeo-C,Gerald P. Luttikhuizen,1,9783161449352,1985,Coronet Books,Histoire,0,,
/books/OL12804378M,Metaphors In Medical Texts.(Utrecht Studies in Language and Communication 8),,Geraldine W. van Rijn-Van Tongeren,1,9789042001275,1997,Rodopi Bv Editions,,0,,
/books/OL12663460M,Renaissancismus Und Fin De Siecle,Die Italienische Renaissance in Der Deutschen Dramatik Der Letzten Jahrhundertwende,Gerd Uekermann,1,9783110102765,1985,Walter De Gruyter Inc,,0,,
/books/OL17050073M,Progressive governance for the XXI century,contribution to the Berlin conference : papers to the experts' conference,Gerhard Schroder,1,9789041117748,2002,Kluwer Law International,Politique,0,,
/books/OL12827817M,Polyvalenz Und Multifunktionalitat Der Emblematik,"Akten Des 5. Internationalen Kongresses Der Society For Emblem Studies = Multivalence And Multifunctionality ... (Frankfurt Am Main, Germany), Bd. 65.)",germ Society for Emblem Studies International Conference 1999 Munich,1,9783631361375,2002,Peter Lang Publishing,,0,,
/books/OL12663964M,Menschliches Denken,Eine Systematische Studie Am Boden Der Kantischen Philosophie (Kantstudien),Gernot Reibenschuh,1,9783110142709,1997,Walter de Gruyter,,0,,
/books/OL12679307M,Das steirische Weinland.,,Gery Wolf,1,9783222129018,2001,Styria,Voyage,0,,
/books/OL13432503M,Essays on the Foundations of Mathematics and Logic 1,,Giandomenico Sica,1,9788876990144,2007,"Polimetrica, International Scientific Publisher",Philosophie,0,,
/books/OL13110569M,Is God Sad?,,Gil Daleski,1,9789652293725,2007,Gefen Publishing House,Jeunesse,0,,
/books/OL13113295M,"Science, Pseudo-Science, And Moral Values",,"Gila, Gat Tilman",1,9789657344316,2007,MAZO PUBLISHERS,Philosophie | Sciences,0,,
/books/OL12644721M,Francois Simiand (1873-1935),Sociologie,Gillard,1,9782884490573,1996,Other,,0,,
/books/OL12628031M,The Renault Technocentre,,Gilles Bonnafous,1,9782850256301,1999,Hazan,Histoire,0,,
/books/OL12656925M,"Discovering Spiders, Snails and Other Creepy Crawlies (Young Naturalist 1)",,Gilles Brillon,1,9782920438538,1992,Quintin Pub,Jeunesse,0,,
/books/OL12656803M,"STORY OF A CONQUEST, THE",,Gilles Pivard,1,9782915762150,2007,Orep,Histoire | Jeunesse,0,,
/books/OL12799228M,Trinity and Man (Supplements to Vigiliae Christianae),,Giulio Maspero,1,9789004158726,2007,BRILL,Histoire,0,,
/books/OL15384280M,Inside Sydney,,Giulio Veggi,1,9781855011076,1991,Tiger Books,Voyage,0,,
/books/OL12809175M,Ship Collision Analysis (Proc Intl Symp,,Gluver,1,9789054109624,1998,Taylor & Francis,,0,,
/books/OL12981061M,Hamburg and Hannover Gay Guide,,Gmunder Verlag Bruno,1,9783861871132,1998,Bruno Gmunder Verlag,,0,,
/books/OL12845780M,INTEGRATING & ARTICULATING ENVIRONMENTS (Integrated Assessment Studies),,Goksen,1,9789058096166,2003,Taylor & Francis,,0,,
/books/OL12845763M,Concurrent Engineer W/cd,,Goncalves,1,9789058095022,2002,Taylor & Francis,,0,,
/books/OL10072607M,Electronic Handbook of Optical Constants of Solids,,Gorachand Ghosh | Edward D. Palik,2,9780125444583,1999,Academic Pr,,0,,
/books/OL12804124M,"Universal Ethics:Perspectives and Proposals from Scandinavian Scholars (The Raoul Wallenberg Institute Human Rights Library, Volume 11)",,Goran Bexell,1,9789041119339,2002,Springer,,0,,
/books/OL16950685M,Ultimate high,my Everest odyssey,Goran Kropp | David Lagercrantz | Göran Kropp,3,9781563318306,1999,Discovery Books,Biographie | Voyage,0,,
/books/OL15611228M,Global culture/individual identity,searching for home in the cultural supermarket,Gordon Mathews,1,9780203459348,2000,Routledge,Politique,0,,
/books/OL45050M,Using SPSS for Windows,analyzing and understanding data,"Green, Samuel B.",1,9780130208408,2000,Prentice Hall,Sciences sociales,0,,
/books/OL368543M,Luann,,Greg Evans,1,9781558536678,1998,Rutledge Hill Press,,0,,
/books/OL13130431M,Evaluation of the Vedantic Critique of Buddhism,,Gregory J. Darling,1,9788120803633,1999,Motilal Banarsidass Pub,,0,,
/books/OL10075115M,The Political Science Student Writers Nanual,,Gregory M. Scott | Stephen M. Garrison,2,9780130264459,1999,Prentice Hall College Div,Politique,0,,
/books/OL19561747M,Yue ying wan chuan,"zong jiao, she hui yu ren sheng",Guanghu He,1,9787500440758,2003,Zhongguo she hui ke xue chu ban she,,0,,
/books/OL12798962M,Frommigkeit-theologie-frommigkeitstheologie,Contributions to European Church History (Studies in the History of Christian Thought),Gudrun Litz,1,9789004143357,2005,Brill Academic Pub,Histoire,0,,
/books/OL13030576M,The Logos of the Bios 1,Contributions to the Foundation of a three-leveled Biosemiotics.,Guenther Witzany,1,9789525576016,2006,UMWEB,Philosophie,0,,
/books/OL12801627M,Ontology and the Logistic Analysis of Language,An Enquiry into the Contemporary Views on Universals (Synthese Library),Guido Küng,1,9789027700285,1967,D. Reidel Publishing Co.,,0,,
/books/OL12664043M,"Was Leistel Die Lehre Von Den Strafzwecken? (Schriftenreihe Der Juristischen Gesellschaft Zu Berlin, Heft 139)",,Gunter Stratenwerth,1,9783110149029,1995,Walter De Gruyter Inc,Philosophie,0,,
/books/OL23090760M,Half of an elephant,,Gustavo Rosemffet,1,9781933605098,2006,Kane/Miller Book Publishers,Fiction,0,,
/books/OL12799230M,"The Sanhuri Code, and the Emergence of Modern Arab Civil Law (1932 to 1949) (Studies in Islamic Law and Society)",,Guy Bechor,1,9789004158788,2008,Brill,Histoire,0,,
/books/OL12799148M,Visions in Late Medieval England,Lay Spirituality and Sacred Glimpses of the Hidden Worlds of Faith (Studies in the History of Christian Thought) (Studies in the History of Christian Thought),Gwenfair Walters Adams,1,9789004156067,2007,Brill Academic Publishers,Histoire,0,,
/books/OL12658302M,"La science des cieux. Sages, mages, astrologues",,Gyselen R.,1,9782950826664,1999,Peeters,Histoire | Religion,0,,
/books/OL12658300M,Sceaux d'orient et leur emploi.,,Gyselen R.,1,9782950826640,1998,Peeters,Histoire,0,,
/books/OL16935756M,The adventures of Sindbad,,Gyula Krúdy,1,9789639116122,1998,CEU Press,Fiction,0,,
/books/OL12655103M,"D-DAY AND BATTLE OF NORMANDY, THE",,Gérard Legout,1,9782912925022,2007,Orep,Histoire,0,,
/books/OL23606321M,Models in statistical social research,,Götz Rohwer,1,9780415560559,2009,Routledge,Sciences sociales,0,,
/books/OL12705629M,Innenraeume Interior Spaces,,H D Schaal,1,9783433024591,1995,Wiley-VCH,Philosophie,0,,
/books/OL26339306M,101 president jokes,,H. Illustrated by Schwadron | Melvin Berger,2,9780545110334,2009,Scholastic,,0,,
/books/OL12797906M,Science Awakening II,,H. van der Waerden,1,9789001931032,1973,Springer,Histoire,0,,
/books/OL12926872M,Kunst,,H.A. Schult,1,9783803030993,2001,"Wasmuth (Ernst) Verlag,Germany",,0,,
/books/OL12777457M,Progress In Botany Volume 58,"STRUCTURAL BOTANY, PHYSIOLOGY, GENETICS, TAXONOMY, GEOBOTANY (PROGRESS IN BOTANY)",H.D. BEHNKE,1,9783540613299,1997,SPRINGER-VERLAG,,0,,
/books/OL12773851M,Atomic and Nuclear Analytical Methods,"XRF, Mössbauer, XPS, NAA and Ion-Beam Spectroscopic Techniques",H.R. Verma | H. R. Verma,2,9783540302773,2007,"Springer-Verlag, Heidelberg, Germany",,0,,
/books/OL12809075M,Engineer Sport,,Haake,1,9789054108221,1996,SWETS,,0,,
/books/OL12799219M,"The Value of Victory in Pindar's Odes (Mnemosyne, Bibliotheca Classica Batava Supplementum)",,Hanna Boeke,1,9789004158481,2008,BRILL,,0,,
/books/OL46914490M,The Human Condition,,Hannah Arendt,1,,1959,Doubleday,Philosophie | Politique | Sciences sociales | Technologie | Économie et entreprise,0,,
/books/OL22747199M,The portable Hannah Arendt,,Hannah Arendt,1,9780142437568,2003,Penguin Books,Philosophie | Politique,0,,
/books/OL12798934M,Joy-Bearing Grief,Tears Of Contrition In The Writings Of The Early Syrian And Byzantine Fathers (Medieval Mediterranean),Hannah Hunt,1,9789004141230,2004,Brill Academic Publishers,Histoire,0,,
/books/OL17085460M,The art of scientific writing,from student reports to professional publications in chemistryand related fields,Hans F. Ebel,1,9783527266777,1987,VCH Verlagsgesellschaft,,0,,
/books/OL12917912M,The Berggruen Collection Berlin (Prestel Museum Guides),,Hans Jurgen Papies,1,9783791327051,2004,Prestel Publishing,Arts,0,,
/books/OL4594419M,Raids and reconstructions,"essays on politics, crime, and culture",Hans Magnus Enzensberger,1,9780904383218,1976,Pluto Press,Sciences sociales,0,,
/books/OL12852481M,Feasts of Color,Paintings from the Noro Foundation,Hans Verbeek,1,9789080890213,2004,BCD Holdings,,0,,
/books/OL13426407M,Aesthetics of the Elements,Imaginary Morphologies in Texts and Paintings,Hans-Erik Larsen,1,9788772885438,1997,Aarhus Univ Pr,,0,,
/books/OL12740259M,"Zwischen Bestimmung Und Autonomie: Erziehung, Bildung Und Liebe Im Frauenroman Des 18. Jahrhunderts","Eine Literatursoziologische Studie Von Christian (Germanistische Texte Und Studien,)",Hans-Joachim Maier,1,9783487113005,2001,Olms-Weidmann,Histoire,0,,
/books/OL12815542M,Portfolio: Bilder Aus Schamlosen Zeiten,Rubland 1989-1996 (Stern Portfolio Library),Hans-Jurgen Burkard,1,9783570122952,1999,Te Neues Publishing Company,,0,,
/books/OL12804091M,"Human Rights and Good Governance:Building Bridges (The Raoul Wallenberg Institute Human Rights Library, 9)",,Hans-Otto Sano,1,9789041117762,2002,Springer,Politique,0,,
/books/OL687988M,It's my life,,"Harrison, Michael",1,9780823413638,1998,Holiday House,Fiction,0,,
/books/OL12804556M,The Final Curtain,"State Funerals and the Theatre of Power (Textxet. Studies in Comparative Literature, 24)",Harry Garlick,1,9789042005686,1999,Rodopi Bv Editions,,0,,
/books/OL10090289M,Lifelines (Lifelines (Prentice Hall)),,Harry Pomann | Barbara Foley,2,9780135359235,1982,Prentice Hall College Div,,2,,
/books/OL10090291M,Lifelines (Lifelines (Prentice Hall)),,Harry Pomann | Barbara Foley,2,9780135359495,1983,Prentice Hall College Div,,2,,
/books/OL21261882M,Resistance in Vichy France,"a study of ideas and motivation in the Southern Zone, 1940-1942",Harry Roderick Kedward,1,9780198225294,1978,Oxford University Press,Histoire,0,,
/books/OL3666716M,Border lord,,Haywood Smith,1,9780312978594,2001,St. Martin's Paperbacks,Fiction | Histoire | Romance,0,,
/books/OL24204580M,Damask rose,,Haywood Smith,1,,1998,St. Martin's Paperbacks,Fiction | Histoire | Romance,0,,
/books/OL141055M,Dangerous gifts,,Haywood Smith,1,9780312968830,1999,St. Martin's Press,Fiction | Romance,0,,
/books/OL3667105M,Highland princess,,Haywood Smith,1,9780312974961,2000,St. Martin's Paperbacks,Fiction | Romance,0,,
/books/OL23213138M,Ladies of the lake,,Haywood Smith,1,9780312316952,2009,St. Martin's Press,Fiction,0,,
/books/OL3568301M,Queen bee of Mimosa Branch,,Haywood Smith,1,9780312300562,2002,St. Martin's Press,Fiction,0,,
/books/OL10418120M,Secrets In Satin,,Haywood Smith,1,9780312961596,1997,St. Martin's Paperbacks,Fiction | Romance,0,,
/books/OL10418090M,Shadows In Velvet,,Haywood Smith,1,9780312958732,1996,St. Martin's Paperbacks,Fiction | Romance,0,,
/books/OL3688811M,The Red Hat Club,,Haywood Smith,1,9781585473717,2003,Center Point Pub.,Fiction,0,,
/books/OL22173121M,The red hat club rides again,,Haywood Smith,1,9780312990763,2005,St. Martin's Paperbacks,Fiction | Policier et mystère,0,,
/books/OL16865220M,Wedding belles,,Haywood Smith,1,9780312329730,2008,St. Martin's Press,Fiction,0,,
/books/OL9020350M,MSC Maximal Stress Cooperation,The Driving Force of Cultures,Heiner Mühlmann,1,9783211256787,2005,Springer,Sciences,0,,
/books/OL12680980M,Non-Aristotelian Drama in Eighteenth Century Germany and Its Modernity,"J. M. R. Lenz (European University Studies. Series 1, German Language and L)",Helga S. Madland,1,9783261050793,1982,Grove/Atlantic,Théâtre,0,,
/books/OL12982663M,Jochen Klein,,Helmut Draxler | Jochen Klein | Doug Ashford,3,9783883753348,1998,Verlag der Buchhandlung Walther Konig,,0,,
/books/OL12810396M,Applied Charged Particle Optics,,Helmut Liebl,1,9783540719243,2007,Springer,Sciences,0,,
/books/OL12801326M,Bilingual Lexicography from a Communicative Perspective (Terminology and Lexicography Research and Practice),,Heming Yong | Jing Peng,2,9789027223333,2007,John Benjamins Publishing,,0,,
/books/OL12655116M,SAINTE ME'RE E'GLISE,Normandy 1944 (Memory 44),Henri-Jean Renaud,1,9782912925879,2007,Orep,Histoire,0,,
/books/OL12799261M,A Spirited Exchange (The Northern World),,Henriette De Bruyn Kops,1,9789004160743,2007,BRILL,Histoire,0,,
/books/OL22051411M,Archaeology,artifacts and artifiction,Henry Hankey,1,9789186098360,1985,P. Åströms,Histoire,0,,
/books/OL477296M,Celebrating Moore,works from the collection of the Henry Moore Foundation,Henry Moore,1,9780520216709,1998,University of California Press,Arts,0,,
/books/OL4915482M,Henry Moore on sculpture,,Henry Moore,1,9780670019205,1971,Viking Press,Philosophie,0,,
/books/OL3897816M,Henry Moore's sheep sketchbook,,Henry Moore,1,9780500233153,1980,Thames and Hudson,,0,,
/books/OL12664177M,Fardinand Tonnies Gesamtausgabe / Tg,"Leitfaden Einer Vorlesung Uber Theoretische Nationalokonomie (1911) Englische Weltopolitik in Englischer Beleuchtung 91915) Schriften, Rezensionen",Herausgegeben Von Arno Mohr,1,9783110158427,1999,Walter De Gruyter Inc,Sciences sociales,0,,
/books/OL12664119M,Sprache Und Sprachen in Den Wissenschaften,Geschichte Und Gegenwart Festschrift Fur Walter De Gruyter & Co. Anlalich Einer 25Ojahrigen Verlagstradition,Herausgegeben Von Herbert Ernst Wiegand,1,9783110155792,1999,Walter De Gruyter Inc,Sciences,0,,
/books/OL12664385M,Gerechtigkeit Und Leben Im Hellenistischen Zeitalter,Symposion Anlablich Des 75. Geburtstages Von Otto Kaiser (Beiheft Zur Zeitschrift Fur Die Alttestamentliche Wissenschaft),Herausgegeben Von Jorg Jeremias,1,9783110168235,2001,Walter De Gruyter Inc,Histoire,0,,
/books/OL12798916M,Politische Reflexion In Der Welt Des Spaten Mittelalters/political Thought In The Age Of Scholasticism,Essays In Honour Of Jurgen Miethke (Studies in Medieval and Reformation Traditions),Herausgegeben Von Martin Kaufhold,1,9789004139909,2004,Brill Academic Publishers,Histoire | Politique,0,,
/books/OL5601630M,Henry Moore,,Herbert Edward Read | J. Hedgecoe | David Sylvester | Alan Bowness | Henry Moore | Ann Garrould,6,,1968,F. A. Praeger,Arts | Biographie,2,,
/books/OL6304861M,"Essays: moral, political and aesthetic.",,Herbert Spencer,1,,1878,"D. Appleton, and company",Politique,0,,
/books/OL14042547M,Social statics,abridged and revised; together with The man versus the state.,Herbert Spencer,1,,1892,D. Appleton and Company,Politique | Sciences sociales,0,,
/books/OL7169272M,"Social statics, abridged and rev.",together with The Man versus the State.,Herbert Spencer,1,,1903,D. Appleton,Sciences sociales,0,,
/books/OL7203992M,"Social statics, abridged and revised",together with The man versus the state,Herbert Spencer,1,,1892,D. Appleton,Sciences sociales,0,,
/books/OL24187769M,"Social statics: or, The conditions essential to human happiness specified, and the first of them developed",,Herbert Spencer,1,,1851,John Chapman,Sciences sociales,0,,
/books/OL7118533M,"Social statistics; or, Order, abridged and revised",together with Man versus the state,Herbert Spencer,1,,1915,Specially published for Brunswick Subscription Co. by D. Appleton,Sciences sociales,0,,
/books/OL6380165M,The principles of sociology,,Herbert Spencer,1,,1895,D. Appleton,Sciences sociales,0,,
/books/OL12767617M,Spectacular Chemical Experiments,,Herbert W. Roesky,1,9783527318650,2007,Wiley-VCH,,0,,
/books/OL12664564M,Quest for the Phoenix,Spiritual Alchemy and Rosicrucianism in the Work of Count Michael Maier (1569-1622) (Arbeiten Zur Kirchengeschichte),Hereward Tilton,1,9783110176377,2003,Walter de Gruyter,Histoire,0,,
/books/OL12799173M,Narrative of the Anabaptist Madness,"The Overthrow of Munster, the Famous Metropolis of Westphalia (Studies in the History of Christian Thought)",Hermann Von Kerssenbrock,1,9789004157217,2007,Brill Academic Publishers,Histoire,0,,
/books/OL7519926M,"Farewell, Conch Republic",,Hialeah Jackson,1,9780440226635,1999,Dell,Fiction | Policier et mystère,0,,
/books/OL141054M,The alligator's farewell,,Hialeah Jackson,1,9780440226604,1999,Dell,Fiction,0,,
/books/OL21348881M,Meaning and the moral sciences,,Hilary Putman,1,9780710087546,1978,Routledge & K. Paul,Philosophie | Sciences sociales,0,,
/books/OL12680957M,Music and Poetry in France from Baudelaire to Mallarme,An Essay on Poetic Theory and Pra,Hillery,1,9783261047625,1980,Herbert Lang Et Co Ag,,0,,
/books/OL3466915M,Richelieu,art and power,Hilliard Goldfarb,1,9789053494073,2002,Montreal Museum of Fine Arts,Arts | Histoire | Politique,0,,
/books/OL12804821M,Philosophical Theology and East-West Dialogue.,,Hisakazu,1,9789042013919,2000,Rodopi Bv Editions,Religion,0,,
/books/OL37194015M,Georg Simmel,Einführung in Seine Theorie und Methode / Introduction to His Theory and Method,Horst Jürgen Helle,1,9783486809268,2014,"de Gruyter GmbH, Walter",Biographie | Histoire | Philosophie | Sciences sociales,0,,
/books/OL13093703M,Greedy Puppy,,Hou Guanbin,1,9787801386243,2006,Dolphin,Fiction,0,,
/books/OL8562766M,Amazin' Met Memories,,Howard Blatt,1,9780970917027,2002,Albion Press (FL),Histoire,0,,
/books/OL698881M,Gary Payton,,Howard Blatt,1,9780791045787,1998,Chelsea House Publishers,Biographie | Jeunesse,0,,
/books/OL10697895M,NBA Fun Facts and Trivia,,Howard Blatt,1,9780590032711,1998,Scholastic Inc,Jeunesse,0,,
/books/OL141085M,The NBA's 10 greatest teams ever,,Howard Blatt,1,9780590010900,1999,Scholastic Inc.,Histoire | Jeunesse,0,,
/books/OL23289870M,Community life and civic problems,,Howard Copeland Hill,1,,1922,Ginn and company,Politique | Sciences sociales,0,,
/books/OL1723308M,War and peace,observations on our times,Howard Fast,1,9781563242076,1993,M.E. Sharpe,Politique,0,,
/books/OL12713585M,Burushaski-Texte Aus Hispar,"Materialien Zum Verstandnis Einer Archaischen Bergkultur in Nordpakistan (Beitrage Zur Indologie,)",Hugh Van Skyhawk,1,9783447046459,2003,Harrassowitz,,0,,
/books/OL21608419M,Law and the social sciences,,Huntington Cairns,1,9780678045367,1969,Augustus M. Kelley,Sciences sociales,0,,
/books/OL13113294M,The Boy In The Invisible Box,,"I., H. Reiss",1,9789657344309,2007,MAZO PUBLISHERS,,0,,
/books/OL1272822M,Feersum endjinn,,Iain Banks,1,9780553374599,1995,Bantam Books,Fiction | Science-fiction,0,,
/books/OL24929580M,Look to windward,,Iain Banks,1,9781857239690,2000,Orbit,Fiction | Science-fiction,0,,
/books/OL27078657M,Matter,,Iain Banks,1,9781841494173,2008,Orbit,Fiction | Science-fiction,0,,
/books/OL2052117M,The player of games,,Iain Banks,1,9780312026301,1989,St. Martin's Press,Fiction | Science-fiction,0,,
/books/OL28602434M,Matrices and Society,Matrix Algebra and Its Applications in the Social Sciences,Ian C. Bradley | Ian Bradley | Ronald L. Meek,3,9780691638362,2016,Princeton University Press,Sciences sociales,0,,
/books/OL22469734M,A Tale of two cities,"global change, local feeling and everyday life in the North of England : a study in Manchester and Sheffield",Ian Taylor,1,9780415138291,1996,Routledge,Politique,0,,
/books/OL12799119M,The Popes and the Baltic Crusades 1147-1254 (The Northern World),,Iben Fonnesberg-schmidt,1,9789004155022,2006,BRILL,Histoire,0,,
/books/OL3447683M,Iberê Camargo,,Iberê Camargo,1,9788589680011,2003,Fundação Iberê Camargo,,0,,
/books/OL12774359M,Soil Pollution,"Origin, Monitoring & Remediation",Ibrahim Mirsal,1,9783540401438,2004,Springer,,0,,
/books/OL3446521M,Pinheiro Neto Advogados,60 years,Ignácio de Loyola Brandão,1,9788586619137,2002,Dezembro Editorial,Biographie | Histoire,0,,
/books/OL12810507M,Maritime Work Law Fundamentals,"Responsible Shipowners, Reliable Seafarers",Iliana Christodoulou-Varotsi,1,9783540727507,2007,Springer,,0,,
/books/OL22724450M,The understanding of Jenner Ransfield,,Imogen de la Bere,1,9780224059992,1999,Jonathan Cape,Fiction,0,,
/books/OL49157M,Shakespeare and race,postcolonial praxis in the early modern period,Imtiaz H. Habib,1,9780761815457,2000,University Press of America,Histoire,0,,
/books/OL12808369M,Risks in the Making,Travels in Life Insurance and Genetics (Amsterdam University Press - Care and Welfare Series),Ine Van Hoyweghen,1,9789053569276,2007,Amsterdam University Press,,0,,
/books/OL12830230M,Kolonialismus in Bildern,Bilder ALS Herrschaftssicherndes Instrument Mit Beispielen Aus Den Welt- Und Kolonialasstellungen (Beitrage Zur Dissidenz),Ines Caroline Zanella,1,9783631527290,2004,Peter Lang Publishing,Arts,0,,
/books/OL12918001M,Impressionism,50 Paintings You Should Know,Ines Janet Engelmann,1,9783791338439,2007,Prestel Publishing,,0,,
/books/OL12798765M,"The Quality of Heroic Living, of High Endeavour and Adventure","Anglican Mission, Women and Education in Palestine, 1888-1948 (Studies in Christian Mission)",Inger Marie Okkenhaug,1,9789004126732,2002,Brill Academic Publishers,Histoire | Éducation,0,,
/books/OL12674010M,Ethik der Liebe. Studien zu Kierkegaards 'Taten der Liebe'.,,Ingolf Dalferth,1,9783161477706,2002,"Mohr, Tbg.",,0,,
/books/OL12918017M,Bob Dylan,The Drawn Blank Series,Ingrid Mossinger,1,9783791339436,2008,Prestel Publishing,,0,,
/books/OL12775166M,Methods and Applications of Artificial Intelligence,,Ioannis P. Vlahavas,1,9783540434726,2002,SPRINGER-VERLAG,Technologie,0,,
/books/OL12660548M,Les Cicatrices Du Passe,Essai Sur La Gestion Des Conflits En Suisse (1798-1918),Irene Herrmann,1,9783039108701,2006,Peter Lang Publishing,Histoire | Politique,0,,
/books/OL12652462M,The Moscow Kremlin in Watercolour,Watercolours and Lithographs of the Xixth Century,Irina Bagatskaya,1,9782909838052,1997,Alain de Gourcuff,Arts,0,,
/books/OL12917972M,The Austrian National Library (Prestel Museum Guide),,Irina Kubadinow,1,9783791331485,2004,Prestel Publishing,,0,,
/books/OL4821442M,"Tribal innovators: Tswana chiefs and social change, 1795-1940",,Isaac Schapera,1,9780391001152,1970,Athlone P.,,0,,
/books/OL19307677M,Ahouach,quatre saisons chez les Berbères du Maroc,Isabelle Idali-Demeyere,1,9782752600066,,Ed. de l'Aube,Voyage,0,,
/books/OL20798501M,Evaluating a therapeutic intervention programme,for alienated youth and their families in a voluntary institutional framework,Istifan Maroon,1,9783487100517,1995,Georg Olms Verlag,,0,,
/books/OL3788948M,The celebration,,Ivan Angelo,1,9780380788088,1982,Avon Books,Fiction,0,,
/books/OL7435816M,Tower of Glass,,Ivan Angelo,1,9780380896073,1986,Avon Books (Mm),Fiction,0,,
/books/OL8965990M,Last Chance for Destiny,,"Ivette, Cardoso",1,9781847289278,2006,Lulu.com,,0,,
/books/OL12807042M,Idealization Vthe Dynamics of Idealizations (Poznan Studies in the Philosophy of the Sciences and the Humanities),,Izabella Nowakowa,1,9789051836523,1994,Editions Rodopi,Philosophie | Sciences,0,,
/books/OL22409125M,Idealization.,,Izabella Nowakowa,1,9789042014114,2000,Rodopi,Philosophie | Sciences,0,,
/books/OL13221058M,Juan Sebastian Bach,,J. A. Garcia,1,9788424154257,1983,Everest Publishing,Biographie | Jeunesse,0,,
/books/OL12771154M,Mathematical Foundations of Computer Science 1975,"4th Symposium Marianske Lazne, September 1-5, 1975 (Lecture Notes in Computer Science)",J. Becvar,1,9783540073895,1975,Springer,Technologie,0,,
/books/OL19545730M,Facing reality,philosophical adventures of a brain scientist,J. C. Eccles,1,,1970,Longman,,2,,
/books/OL10091592M,Principles of Biochemistry,,J. David Rawn | Laurence A. Moran | H. Robert Horton | Allen J. Scism | Raymond S. Ochs | K. Gray Scrimgeour,6,9780136217152,1999,Prentice Hall College Div,,0,,
/books/OL12674173M,Theology and Ethics in 1 Peter,Paraenetic Strategies for Christian Character Formation (Wissenschaftliche Untersuchungen Zum Neuen Testament),J. de Waal Dryden,1,9783161489105,2006,Mohr Siebeck,Histoire,0,,
/books/OL21595528M,The sharp end,,J. Ed. Drake | David Drake,2,9780671721923,1993,Baen,Fiction,0,,
/books/OL12798433M,West African Church History,"Christian Missions and Theological Training, 1842-1970",J. K. Agbeti,1,9789004091009,1997,Brill Academic Pub,Histoire,0,,
/books/OL46081081M,Samples from English Cultures,,J. Klein | Josephine Klein,2,9780203266854,1965,Routledge,Politique,0,,
/books/OL12798930M,African Charismatics,Current Developments Within Independent Indigenous Pentecostalism In Ghana (Studies of Religion in Africa),J. Kwabena Asamoah-Gyadu,1,9789004140899,2004,Brill Academic Publishers,Histoire,0,,
/books/OL15024663M,A new history of the Cold War,,J. Lukacs,1,9780385062763,1966,Anchor Books,,0,,
/books/OL12771361M,Language Design and Programming Methodology,"Proceedings of a Symposium, Held in Sidney, Australia, September 10-11, 1979 (Lecture Notes in Computer Science)",J. M. Tobias,1,9783540097457,1980,Springer,Technologie,0,,
/books/OL12798193M,Calvinism and Scholasticism in Vermigli's Doctrine of Man and Grace,,J. P. Donnelly,1,9789004044821,1997,Brill Academic Pub,,0,,
/books/OL24211225M,"Jackie, Ethel, Joan",women of Camelot,J. Randy Taraborrelli,1,9780446609128,2000,Warner Books,Biographie | Politique,0,,
/books/OL12798367M,Man and His Destiny,The Release of the Human Mind (Asian Studies),J. T. Ergardt,1,9789004078789,1997,Brill Academic Pub,,0,,
/books/OL12808998M,Petroleum Bioventing,,J. van Eyk,1,9789054106869,1997,Taylor & Francis,Sciences | Technologie,0,,
/books/OL12801662M,E.W. Beth Memorial Colloquium,Logic and Foundations of Science,J.L. Destouches,1,9789027700766,1899,Springer,,0,,
/books/OL23039022M,Bamana,the art of existence in Mali,J.P. Colleyn,1,9789053493595,2001,Museum for African Art,,0,,
/books/OL23416129M,The philosophy of natural theology.,,"Jackson, William",1,,1874,Hodder and Stoughton,Philosophie | Religion,0,,
/books/OL13790859M,The ascent of man,a personal view,Jacob Bronowski,1,,1973,BBC,Histoire | Philosophie | Sciences,0,,
/books/OL12799054M,The Relationship between Roman and Local Law in the Babatha and Salome Komaise Archives (Studies on the Texts of the Desert of Judah),,Jacobine G. Oudshoornn,1,9789004149748,2007,BRILL,Histoire | Politique,0,,
/books/OL12651336M,Chenard & Walcker,Le Constructeur a L'Aigle,Jacques Dorizon,1,9782908182774,1998,Histoire & Collections,Histoire,0,,
/books/OL17405834M,Factor analysis,statistical methods and practical issues,Jae-On Kim,1,9780803911666,1978,Sage,,0,,
/books/OL12799116M,Vauban Under Siege,Engineering Efficiency and Martial Vigor in the War of the Spanish Succession (History of Warfare),Jamel Ostwald,1,9789004154896,2006,Brill Academic Publishers,Histoire,0,,
/books/OL40716488M,Malthus and His Work,,James Bonar,1,9781297924187,2015,"Creative Media Partners, LLC",,0,,
/books/OL28536951M,Theories of Population from Raleigh to Arthur Young,,James Bonar,1,9780714612744,1966,Taylor & Francis Group,Sciences sociales,0,,
/books/OL10123558M,"Living Geography, Book 3",Teacher's Homework & Assessment Book (Nelson Living Geography),James C. Dobson | Judith Woodfield | John Sander,3,9780174343288,2001,Nelson Thornes,,0,,
/books/OL10123556M,"Living Geography, Book One",Teacher's Homework & Assessment Book (Nelson Living Geography),James C. Dobson | Judith Woodfield | John Sander,3,9780174343264,2000,Nelson Thornes,,0,,
/books/OL10123557M,"Living Geography, Book Two",Teacher's Homework & Assessment Book (Nelson Living Geography),James C. Dobson | Judith Woodfield | John Sander,3,9780174343271,2001,Nelson Thornes,,0,,
/books/OL4886258M,Ensor,,James Ensor,1,9780807608401,1976,G. Braziller,Biographie,0,,
/books/OL16816480M,"James Ensor, 1860-1949",theatre of masks,James Ensor,1,9780946372362,1997,Barbican Art Gallery,Arts,0,,
/books/OL14003488M,"Descartes, Spinoza and the new philosophy",,James Iverach,1,9780790592305,1904,T. and T. Clark,,0,,
/books/OL17441244M,Social problems,a down-to-earth approach,James M. Henslin,1,9780205508044,2008,Pearson A and B,Sciences sociales,0,,
/books/OL7338717M,Social Problems (7th Edition) (MySocKit Series),,James M. Henslin,1,9780131930827,2005,Allyn & Bacon,,0,,
/books/OL12674103M,Epistle of Barnabas & Deuteronomic Tradition,"Polemics, Paraenesis, & the Legacy of the Golden-calf Incident (Wissenschaftliche Untersuchungen Zum Neuen Testament 2)",James N. Rhodes,1,9783161483776,2004,Paul Mohr Verlag,,0,,
/books/OL12674081M,"Paul's Language of Grace in Its Graeco-Roman Context (Wissenschaftliche Untersuchungen Zum Neuen Testament 2, 172) (Wissenschaftliche Untersuchungen Zum Neuen Testament 2, 172)",,James R. Harrison,1,9783161480973,2003,Paul Mohr Verlag,,0,,
/books/OL5974775M,Men and monuments on the East African coast,,James S. Kirkman,1,,1964,Lutterworth,Histoire | Voyage,0,,
/books/OL27983777M,Calculus,,James Stewart,1,9781285740621,2015,Cengage Learning,,0,,
/books/OL10078242M,"Electric Circuits Revised and PSpice Supplement Package, Sixth Edition",,James W. Nilsson | Susan Riedel,2,9780130770790,2001,Prentice Hall,,0,,
/books/OL22495911M,The reopening of the American mind,on skepticism and constitutionalism,James W. Vice,1,9789042005112,1998,Rodopi,Philosophie | Politique | Sciences sociales,0,,
/books/OL12798585M,"Felix Jacoby, Fragmente Der Griechischen Historiker Continued",Biography and Antiquarian Literature (Biography & Antiquarian Literature),Jan Bollansee,1,9789004113039,1999,Not Avail,,0,,
/books/OL21236166M,"Structure, sign, and function",selected essays,Jan Mukarovsky,1,9780300021080,1978,Yale University Press,,0,,
/books/OL12849370M,Automatic Semantic Interpretation,A Computer Model of Understanding Natural Language,Jan Van Bakel,1,9789067650397,1985,Foris Pubns USA,,0,,
/books/OL13130668M,Paramarthadarsana,,Janardan Shastri Pandeya,1,9788120812093,1994,"Motilal Banarsidass,India",,0,,
/books/OL10225625M,Babies,,Jane Glover | David Glover,2,9780435055707,1993,Rigby,Jeunesse,0,,
/books/OL12798812M,Renaissance Religion in Urban Scotland,"The Dominican Order, 1450-1560 (Studies in Medieval and Reformation Traditions)",Janet P. Foggie,1,9789004129290,2003,Brill Academic Publishers,Histoire,0,,
/books/OL12856122M,The Aegean and the East,"An Investigation Into the Transference of Artistic Motifs Between the Aegean, Egypt, and the Near East in the Bronze A (Studies in Mediterranean Archaeology and Literature)",Janice L. Crowley,1,9789186098551,1989,Coronet Books,Arts,0,,
/books/OL13079150M,Cognition and Representation in Literature,The Psychology of Literary Narratives,Janos Laszlo,1,9789630576635,1999,Akademiai Kiado,,0,,
/books/OL22864102M,The elements of intellectual philosophy,,Januarius Vincent De Concilio,1,9780665042157,1878,D. & J. Sadlier,Philosophie,0,,
/books/OL12760494M,East and West,Legal Philosophies in Japan (Archives for Philosophy of Law and Social Philosophy =),Japanese Association for Legal and Social Philosophy. Annual Conference (1986),1,9783515048446,1987,Coronet Books,Philosophie,0,,
/books/OL12810196M,Critical Information Infrastructures Security,"First International Workshop, CRITIS 2006, Samos Island, Greece, August 31 - September 1, 2006 (Lecture Notes in Computer Science)",Javier Lopez,1,9783540690832,2007,Springer,Technologie,0,,
/books/OL12799082M,The Pot-King,,Jean-Pierre Warnier,1,9789004152175,2007,BRILL,,0,,
/books/OL25099183M,The swords of Lankhmar,,Jeff Jones | Fritz Leiber | Neil Gaiman | Jonathan Davis,4,,1968,Ace Books,Fiction | Science-fiction,0,,
/books/OL10175724M,Transition Planning For Students With Disabilities,What Educators and Service Providers Can Do,Jeffrey P. Bakken | Festus E. Obiakor,2,9780398077884,2008,Charles C Thomas Pub Ltd,Sciences sociales,0,,
/books/OL13168584M,Legends of the Fortune Gods,,Jeffrey Seow,1,9789812294050,2006,Asiapac Books,,0,,
/books/OL12855864M,Pyrgouthi,A Rural Site in the Berbati Valley from the Early Iron Age to Late Antiquity (Acta Instituti Atheniensis Regni Sueciae),Jenni Hjohlman | Arto Penttinen,2,9789179160524,2005,Nova Science Publishers,Sciences sociales,0,,
/books/OL12850290M,The Community Is My University,A Voice from the Grass Roots on Rural Health and Development,Jennifer Jenkins | Selina Maphorogo,2,9789068327229,2004,KIT Publishers,Sciences sociales,0,,
/books/OL9007001M,The Islands of the Bahamas (Ulysses Travel Guides),,Jennifer McMorran,1,9782894642795,2000,Ulysses Travel Guides,,0,,
/books/OL12764696M,Der Protestantismus Und Die Russische Theologie,Zur Rezeption Und Kritik Des Protestantismus in Den Zeitschriften Der Geistlichen Akademien ... (Forschungen ... Systematischen Und Oekumenischen Theologie),Jennifer Wasmuth,1,9783525563403,2007,Vandehoeck & Ruprecht,Histoire,0,,
/books/OL12851826M,Jeroen Kooijmans,It's About Time,Jeroen Kooijmans,1,9789075380392,2002,Artimo,,0,,
/books/OL14959168M,Scientific knowledge and its social problems,,Jerome R. Ravetz,1,9780195197211,1979,Oxford University Press,Sciences | Sciences sociales,0,,
/books/OL10078612M,Check-In; Check-Out (reprint),,Jerry J. Vallen | Gary K. Vallen,2,9780130829344,1998,Prentice Hall College Div,,0,,
/books/OL7996919M,"Ready When You Are, Mr. Coppola, Mr. Spielberg, Mr. Crowe",,Jerry Ziesmer,1,9780810849648,2003,"The Scarecrow Press, Inc.",Biographie,0,,
/books/OL12831101M,Der Almanach Des Blauen Reiters ALS Gesamtkunstwerk,Eine Interdisziplinare Untersuchung,Jessica Horsley,1,9783631549438,2006,Peter Lang Publishing,Arts | Philosophie,0,,
/books/OL12829065M,"Wittgenstein, from a New Point of View",,Jesus Padilla Galvez,1,9783631506233,2003,Peter Lang Publishing,,0,,
/books/OL10512312M,Sermons,"In Which Are Explained And Enforced The Religious, Moral And Political Virtues Of Freemasonry",Jethro Inwood,1,9780548082225,2007,"Kessinger Publishing, LLC",,0,,
/books/OL10074663M,Touch Key 10-Key Software,Version 2.0,Jo Burton | David Burton,2,9780130225351,1999,Pearson Education,,0,,
/books/OL44865900M,James Ensor,the complete prints,Joachim Heusinger von Waldegg | Rudolf Schmitz | Xavier Tricot | James Ensor,4,9789057791192,2010,"Frank Deceuninck, Defiac nv",Arts | Biographie,0,,
/books/OL12810602M,Mechanical Behaviour of Engineering Materials,"Metals, Ceramics, Polymers, and Composites",Joachim Rösler | J. Roesler | H. Harders | M. Baeker,4,9783540734468,2007,Springer,,0,,
/books/OL21196546M,Sociology of religion.,,Joachim Wach,1,9780226867083,1944,University of Chicago Press,Sciences sociales,0,,
/books/OL12853129M,Immanence & Transcendence in Thomas Pynchon's Mason & Dixon,"A Phenomenological Study (Acta Universitatis Stockholmiensis, Stockholm Studies in English, 97)",Joakim Sigvardson,1,9789122019626,2002,Almquiest & Wiksell Intl,Philosophie,0,,
/books/OL24284862M,A Double Deception,,Joan Wolf,1,,2010,Belgrave House,,0,,
/books/OL2060092M,Born of the Sun,,Joan Wolf,1,9780453006668,1989,New American Library,Fiction | Histoire,0,,
/books/OL1534957M,Daughter of the Red Deer,,Joan Wolf,1,9780525933793,1991,Dutton,Fiction,0,,
/books/OL3384647M,High meadow,,Joan Wolf,1,9780446610438,2003,Warner Books,Fiction,0,,
/books/OL23637614M,His Lordship's Mistress,,Joan Wolf,1,9780451114594,1982,New American Library,,0,,
/books/OL3667345M,Someday soon,,Joan Wolf,1,9780446606943,2000,Warner Books,Fiction | Histoire,0,,
/books/OL3692492M,That summer,,Joan Wolf,1,9780786260751,2003,Thorndike Press,Fiction,0,,
/books/OL24204202M,The Counterfeit Marriage,,Joan Wolf,1,9780451138064,1990,Signet,,0,,
/books/OL2226895M,The edge of light,,Joan Wolf,1,9780453007382,1990,NAL Books,Fiction,0,,
/books/OL1727886M,The horsemasters,,Joan Wolf,1,9780525935896,1993,Dutton,Fiction,0,,
/books/OL20677464M,The Poisoned Serpent,,Joan Wolf,1,9780061097461,,Avon Books,Fiction | Histoire | Policier et mystère,0,,
/books/OL7572434M,The Rebel and the Rose,,Joan Wolf,1,9780451153821,1990,Signet,,0,,
/books/OL7571434M,The Rebellious Ward,,Joan Wolf,1,9780451127693,1984,Signet,,0,,
/books/OL1090294M,The reindeer hunters,,Joan Wolf,1,9780525938484,1994,Dutton,Fiction,0,,
/books/OL2526583M,The Road to Avalon,,Joan Wolf,1,9780453006071,1988,New American Library,Fiction | Histoire,0,,
/books/OL12852579M,Headquarters-Subsidiary Relationship Governance In Emerging Markets Of Central Eastern Europe,A Study in Poland (International Chains and Network Series),Joanna Sylwia Hendriks-Gusc,1,9789086860494,2007,Wageningen Pers,Sciences sociales,0,,
/books/OL49140M,A pup in King Arthur's Court,,Joanne Barkan,1,9780836825930,2000,G. Stevens Pub.,Fiction,0,,
/books/OL384593M,A tale of two sitters,,Joanne Barkan,1,9780836823059,1999,Gareth Stevens Pub.,Fiction | Histoire,0,,
/books/OL2215973M,Anna Marie's blanket,,Joanne Barkan,1,9780812061246,1990,Barron's,Fiction,0,,
/books/OL7439797M,CREATURES THAT GLOW (Glow in the Dark Book),,Joanne Barkan,1,9780385419789,1991,Doubleday Books for Young Readers,Jeunesse,0,,
/books/OL23259008M,Jim Henson presents The Christmas toy,,Joanne Barkan,1,9780590408912,1987,Scholastic,Fiction,0,,
/books/OL1706031M,That fat hat,,Joanne Barkan,1,9780590456432,1992,Scholastic,Fiction,0,,
/books/OL2844721M,Visions of emancipation,the Italian workers' movement since 1945,Joanne Barkan,1,9780030596261,1984,Praeger,Histoire,0,,
/books/OL7658941M,What Is Velocity? (Rookie Read-About Science),,Joanne Barkan,1,9780516246642,2005,Children's Press (CT),Jeunesse,0,,
/books/OL2230809M,Whiskerville firehouse,,Joanne Barkan,1,9780448194684,1990,Grosset & Dunlap,Fiction,0,,
/books/OL1895748M,Whiskerville grocery,,Joanne Barkan,1,9780448400914,1991,Grosset & Dunlap,Fiction,0,,
/books/OL2230812M,Whiskerville Post Office,,Joanne Barkan | Joanne Barkin | Karen L. Schmidt,3,9780448194660,1990,Grosset & Dunlap,Fiction,0,,
/books/OL6629298M,Lincoln's centenary,"speech of the Brazilian ambassador Joaquim Nabuco at the celebration in Washington of Lincoln's centenary organized by the Commissioners of the District of Columbia, February 12th, 1909.",Joaquim Nabuco,1,,1909,Sine nomine,Philosophie,0,,
/books/OL12798928M,Die Kirchen- Und Die Antireformatorische Religionspolitik Kaiser Karls V. In Den Siebzehn Provinzen Der Niederlande 1515-1555 (Brill's Series in Church History),,Jochen A. Fuhner,1,9789004140837,2004,Brill Academic Publishers,Histoire,0,,
/books/OL8789657M,Was The 2004 Presidential Election Stolen?,"Exit Polls, Election Fraud, and the Official Count",Joel Bleifuss | Steve Freeman,2,9781583226872,2006,Seven Stories Press,Histoire,0,,
/books/OL12981146M,Micki,Sighs in the Desert,Joerg Meyer-Bothling,1,9783861874645,2007,Bruno Gmunder Verlag Gmbh,,0,,
/books/OL12663492M,Zusammenhange Einflusse Wirkungen Kongre,,Joerg O Fichte,1,9783110104479,1986,Walter De Gruyter Inc,Histoire,0,,
/books/OL12853196M,"Researcher, Traveller, Narrator",Studies in Pausanias' Periegesis (Studia Graeca Et Latina Lundensia),Johanna Akujarvi,1,9789122021346,2005,Almqvist & Wiksell International,Voyage,0,,
/books/OL12804712M,Grazer Philosophische Studien 64,,Johannes L. Brandl,1,9789042011939,2002,Rodopi Bv Editions,Philosophie,0,,
/books/OL12764708M,John Polkinghorne,"Konsonanz Von Naturwissenschaft Und Theologie (Religion, Theologie Und Narturwissenschaft)",Johannes Maria Steinke,1,9783525569764,2006,Vandenhoeck & Ruprecht,,0,,
/books/OL38033054M,Human Nature in Gregory of Nyssa,Philosophical Background and Theological Significance,Johannes Zachhuber,1,9789004274181,2014,BRILL,,0,,
/books/OL22585873M,The European administrative elite.,,John Alexander Armstrong,1,9780691075518,1973,Princeton University Press,,0,,
/books/OL7468719M,Einstein,Visionary Scientist,John B. Severance,1,9780395931004,1999,Clarion Books,Biographie | Jeunesse | Sciences,2,,
/books/OL23244709M,Skyscrapers,how America grew up,John B. Severance,1,9780823414925,2000,Holiday House,Jeunesse,0,,
/books/OL12810667M,Facing reality,Philosophical adventures by a brain scientist (The Heidelberg science library),John C Eccles,1,9783540900146,1975,Springer-Verlag,Philosophie | Sciences,2,,
/books/OL14020548M,"A list of books on the history of science. Supplement, December, 1916.",,John Crerar Library.,1,,1917,Printed by order of the Board of Directors,Histoire | Philosophie | Sciences | Sciences sociales,0,,
/books/OL13503591M,Reconstruction in philosophy,,John Dewey,1,,1920,H. Holt and Company,Philosophie,0,,
/books/OL4881398M,Raid on the articulate,comic eschatology in Jesus and Borges,John Dominic Crossan,1,9780060616076,1976,Harper & Row,Religion,0,,
/books/OL5196602M,The dark interval,towards a theology of story,John Dominic Crossan,1,9780913592526,1975,Argus Communications,Philosophie,0,,
/books/OL1086639M,A Treasury of Christmas classics.,,John Donne | O. Henry | Harriet Beecher Stowe | George MacDonald | Charles Dickens | John Henry Hopkins | Hans Christian Andersen | Madeleine L'Engle | Henry van Dyke | Alfred Lord Tennyson | Henry Wadsworth Longfellow | Christina Georgina Rosetti | Charles Jennens | St Matthew the Apostle | John Milton | Saint Ephraem Syrus | William Shakespeare | Charles Wesley,18,9780877888192,1994,H. Shaw Publishers,,0,,
/books/OL13546385M,An outline of American philosophy.,,John Edward Bentley,1,,1963,"Littlefield, Adams",,0,,
/books/OL12658721M,Uncommon Sound,,John Engel,1,9782960061406,2006,Left Field Ventures sprl,,0,,
/books/OL10076907M,Cellulosics,"Pulp, Fibre, and Environmental Aspects (Ellis Horwood Series in Polymer Science and Technology)",John F. Kennedy | Glyn O. Phillips,2,9780130530592,1993,Ellis Horwood Ltd,,0,,
/books/OL11792047M,An Exhortation To Peace And Unity,,John Fletcher | William Shakespeare,2,9781419106507,2004,Kessinger Publishing,,0,,
/books/OL14036593M,The Two Noble Kinsmen,,John Fletcher | William Shakespeare,2,,1874,N. Trübner for the New Shakspere Society,,0,,
/books/OL141146M,How to draw birds,,John Green,1,9780486403823,1998,Dover Publications,,0,,
/books/OL1002987M,Human anatomy in full color,,John Green,1,9780486290652,1996,Dover Publications,,0,,
/books/OL6804316M,Ready-to-use illustrations of horses,190 different copyright-free designs printed one side,John Green,1,9780486404707,1999,Dover Publications,,0,,
/books/OL630690M,Twelve days of Christmas,stained glass coloring book,John Green,1,9780486291949,1996,Dover Publications,,0,,
/books/OL32094720M,Drake & the Elizabethan explorers,,John Guy,1,9781860074714,2003,Ticktock,Biographie | Histoire | Jeunesse,0,,
/books/OL20318926M,The established and the outsiders,a sociological enquiry into community problems,John L. Scotson | Norbert Elias,2,9780803979499,1994,Sage Publications,Sciences sociales,0,,
/books/OL12852759M,Coordinating Collaborative Building Design,,John Linke Heintz,1,9789090128382,1999,CIP-Gegevens Koninkluke Bibliotheek,,0,,
/books/OL3317057M,Criminal law,,John M. Scheb II | John M. Scheb,2,9780534525750,2005,Wadsworth,Sciences sociales,0,,
/books/OL46014486M,Discipline of the Cave,,John Niemeyer Findlay,1,9781283965064,2013,Routledge,Philosophie,0,,
/books/OL2738694M,All our yesterdays,,John Peel,1,9780809581078,1986,Borgo Press,,0,,
/books/OL7911442M,Book Of Earth (Diadem Worlds of Magic),,John Peel,1,9780738706139,2005,Llewellyn Publications,Fantasy | Fiction,0,,
/books/OL3304229M,Book of magic,,John Peel,1,9780738706153,2004,Llewellyn,Fantasy | Fiction | Science-fiction,0,,
/books/OL3301692M,Book of Names,,John Peel,1,9780738706177,2004,Llewellyn,Fantasy | Fiction | Science-fiction,0,,
/books/OL7911441M,"Book Of Nightmares (Diadem, Worlds of Magic)",,John Peel,1,9780738706122,2005,Llewellyn Publications,Fantasy | Fiction | Jeunesse,0,,
/books/OL3423157M,Book of Oceans,,John Peel,1,9780738707488,2005,Llewellyn,Fantasy | Fiction,0,,
/books/OL3422975M,Book of reality,,John Peel,1,9780738708430,2006,Llewellyn,Fantasy | Fiction,0,,
/books/OL3301689M,Book of signs,,John Peel,1,9780738706160,2004,Llewellyn,Fantasy | Fiction | Science-fiction,0,,
/books/OL3305239M,Book of Thunder,,John Peel,1,9780738706146,2004,Llewellyn Publications,Fantasy | Fiction | Science-fiction,0,,
/books/OL22332160M,"Doctor Who, the Daleks' masterplan.",,John Peel,1,9780426203438,1989,W. H. Allen,,0,,
/books/OL3281589M,Double disaster!,,John Peel,1,9780743417648,2002,Aladdin Paperbacks,Science-fiction,0,,
/books/OL22273611M,Field trip,,John Peel,1,9780671882877,1995,Pocket Books,Science-fiction,0,,
/books/OL2372749M,Files magazine spotlight on Doctor Who.,,John Peel,1,9780809581337,1987,Borgo Press,,0,,
/books/OL3667011M,Firestorm,,John Peel,1,9780439060356,2000,Scholastic Inc.,Science-fiction,0,,
/books/OL22947465M,Grave doubts,,John Peel,1,9780448405285,1993,Grosset & Dunlap,Fiction,0,,
/books/OL1717391M,Hangman,,John Peel,1,9780140360523,1992,Puffin Books,Policier et mystère,0,,
/books/OL7666933M,Here There Be Dragons,,John Peel,1,9780671865719,1993,Star Trek,Fiction,0,,
/books/OL1732878M,Hide-and-seek,,John Peel,1,9780140360547,1993,Puffin Books,Fiction,0,,
/books/OL3664506M,Lost in Vegas!,,John Peel,1,9780671007102,1998,Pocket Books,Fiction | Policier et mystère | Science-fiction,0,,
/books/OL22940132M,Maniac,,John Peel,1,9780671887353,1995,Pocket Books,,0,,
/books/OL7667508M,Prisoners of Peace,Star Trek: Deep Space Nine #3,John Peel,1,9780671882884,1994,Aladdin,Science-fiction,0,,
/books/OL3663916M,Revolution,,John Peel,1,9780439060332,2000,Scholastic Inc.,Fiction,0,,
/books/OL1750335M,Shockers,,John Peel,1,9780448405278,1993,Grosset & Dunlap,,0,,
/books/OL3665844M,Star Wars: The Fight For Justice,Journal By Luke Skywalker,John Peel,1,9780590189026,1998,Scholastic,Fiction,0,,
/books/OL3281825M,Suddenly twins!,,John Peel,1,9780743417624,2001,Pocket Books,,0,,
/books/OL1717390M,Tag (you're dead),,John Peel,1,9780140360530,1992,Puffin Books,Fiction,0,,
/books/OL1525894M,Talons,,John Peel,1,9780671794057,1993,Pocket Books,Fiction,0,,
/books/OL6886744M,The change,,John Peel,1,9780812575699,1999,Tor Kids,Fiction | Science-fiction,0,,
/books/OL411450M,The lost,,John Peel,1,9780812590678,1997,Tor Kids!,Fiction | Science-fiction,0,,
/books/OL23272550M,The time shifter,,John Peel,1,9780812590654,1997,Tor Kids,Fiction | Science-fiction,0,,
/books/OL141066M,The vanished,,John Peel,1,9780812575644,1998,Tor Kids!,Science-fiction,0,,
/books/OL1869140M,"Uptime, downtime",,John Peel,1,9780671732745,1992,Simon & Schuster Books for Young Readers,Fiction | Science-fiction,0,,
/books/OL7851872M,War of the Daleks,Doctor Who,John Peel,1,9780563405733,1997,BBC Books,Fiction | Science-fiction,0,,
/books/OL1752022M,Where in America's past is Carmen Sandiego?,,John Peel,1,9780307222053,1992,Western Pub. Co.,Histoire | Jeunesse,0,,
/books/OL1442611M,Where in space is Carmen Sandiego?,,John Peel,1,9780307222077,1993,Western Pub. Co.,Jeunesse,0,,
/books/OL1573316M,Where in the U.S.A. is Carmen Sandiego?,,John Peel,1,9780307222022,1993,Western Pub. Co.,Jeunesse,0,,
/books/OL873041M,Where in the world is Carmen Sandiego?,,John Peel,1,9780307222015,1992,Western Pub. Co.,Jeunesse,0,,
/books/OL1573317M,Where in time is Carmen Sandiego?,,John Peel,1,9780307222046,1991,Western Pub. Co.,Jeunesse,0,,
/books/OL15182329M,"Henry IV, part 2","Coronation production, 1821.",John Philip Kemble | William Shakespeare,2,9780719121470,1971,Cornmarket Press,,0,,
/books/OL26537493M,"Henry V, 1789. --",,John Philip Kemble | William Shakespeare,2,,1971,Cornmarket Press,Théâtre,0,,
/books/OL14962300M,"Consent, freedom and political obligation.",,John Plamenatz,1,9780198811435,1968,Oxford University Press,,0,,
/books/OL7710679M,The Crowd,British Literature and Public Politics,John Plotz,1,9780520219168,2000,University of California Press,Histoire,0,,
/books/OL13509574M,A dictionary of philosophy in the words of philosophers.,,John Radford Thomson,1,,1887,Reeves and Turner,Philosophie,0,,
/books/OL21196155M,Too much of a good thing,,John Sparrow,1,9780226768489,1977,University of Chicago Press,Sciences sociales,0,,
/books/OL5891274M,Collected works.,,John Stuart Mill,1,,1963,University of Toronto Press,Biographie | Histoire | Philosophie | Politique | Économie et entreprise | Éducation,0,,
/books/OL17057838M,"Essays on ethics, religion and society",,John Stuart Mill,1,9780802015211,1969,University of Toronto Press,Philosophie | Religion | Sciences sociales,0,,
/books/OL37044660M,On Liberty,,John Stuart Mill,1,,2017,Standard Ebooks,Philosophie | Politique,0,,
/books/OL474652M,On liberty and other essays,,John Stuart Mill,1,9780192833846,1998,Oxford University Press,Politique,0,,
/books/OL5953169M,On the logic of the moral sciences.,,John Stuart Mill,1,,1965,Bobbs-Merrill,Philosophie | Sciences sociales,0,,
/books/OL26839917M,Principles of political economy,with some of their applications to social philosophy,John Stuart Mill,1,,1899,Colonial Press,Philosophie | Sciences sociales | Économie et entreprise,0,,
/books/OL25578410M,Utilitarianizm,o svobodi Łe,John Stuart Mill,1,,1866,Izd. Apollona Golovachova,Philosophie | Politique | Économie et entreprise,0,,
/books/OL361119M,King Midas,a golden tale,John W. Stewig,1,9780823414239,1999,Holiday House,Jeunesse,0,,
/books/OL24401669M,Elizabethan drama,,John Webster | Christopher Marlowe | William Shakespeare,3,,1950,Prentice-Hall,,0,,
/books/OL17178108M,Conceptual atomism and the computational theory of mind,a defense of content-internalism and semantic externalism,John-Michael Kuczynski,1,9789027252050,2007,John Benjamins Pub. Co.,,0,,
/books/OL19090400M,Elements of virtualism,a study in the philosophy of perception,John-Michael Kuczynski,1,9783932905513,2003,Junghans,,0,,
/books/OL25238098M,A Breath of Life: Pulsations,,Johnny Lorenz | Clarice Lispector,2,9780811219624,2012,New Directions,Fiction,0,,
/books/OL27342607M,The Besieged City,,Johnny Lorenz | Clarice Lispector,2,9780811226714,2019,New Directions,Fiction,0,,
/books/OL12799218M,"Ibn Taymiyya's Theodicy of Perpetual Optimism (Islamic Philosophy, Theology, and Science)",,Jon Hoover,1,9789004158474,2007,BRILL,,0,,
/books/OL12799266M,"Witchcraft, Gender and Society in Early Modern Germany (Studies in Medieval and Reformation Traditions)",,Jonathan B. Durrant,1,9789004160934,2007,BRILL,Histoire,0,,
/books/OL7352734M,"A Rag, a Bone, and a Hank of Hair",A Lovejoy Mystery,Jonathan Gash,1,9780140298574,2001,Penguin (Non-Classics),Fiction | Policier et mystère,0,,
/books/OL8621078M,Bone Dancing,,Jonathan Gash,1,9781859036860,2003,Ulverscroft Large Print,Fiction,0,,
/books/OL685561M,Different women dancing,,Jonathan Gash,1,9781568955124,1997,Wheeler Pub.,Fiction,0,,
/books/OL2396042M,Gold by Gemini,,Jonathan Gash,1,9780451821850,1988,Penguin,Fiction,0,,
/books/OL7348689M,Moonspender (Lovejoy Mystery),,Jonathan Gash,1,9780140143393,1990,Penguin (Non-Classics),,0,,
/books/OL7350864M,Paid and Loving Eyes (Lovejoy Mystery),,Jonathan Gash,1,9780140235579,1994,Penguin (Non-Classics),Fiction,0,,
/books/OL3021560M,Pearlhanger,,Jonathan Gash,1,9780312599706,1985,St. Martin's Press,Fiction | Policier et mystère,0,,
/books/OL7317212M,The Gondola Scam (Lovejoy),,Jonathan Gash,1,9780099367208,1985,Arrow,,0,,
/books/OL1271714M,The grace in older women,,Jonathan Gash,1,9780670861286,1995,Viking,Fiction,0,,
/books/OL1702217M,The lies of fair ladies,,Jonathan Gash,1,9780312076207,1992,St. Martin's Press,Fiction | Policier et mystère,0,,
/books/OL23242965M,The rich and the profane,a Lovejoy novel,Jonathan Gash,1,9780670883462,1999,Viking,Fiction | Policier et mystère,0,,
/books/OL7350954M,The Sin within Her Smile,A Lovejoy Mystery,Jonathan Gash,1,9780140238396,2000,Penguin (Non-Classics),Fiction | Policier et mystère,0,,
/books/OL3305048M,The ten word game,,Jonathan Gash,1,9780786266791,2004,Thorndike Press,Fiction | Policier et mystère,0,,
/books/OL22764555M,The settlement issue in Turkey and the Kurds,"an analysis of spatical policies, modernity and war",Joost Jongerden,1,9789004155572,2007,Brill,Histoire,0,,
/books/OL12853964M,"The Structuralist Theory of Inflation and Structural Inflation in Chile, 1950-1972",The Lagging Food Supply Hypothesis Revisted (ACTA Universitatis Upsaliensis),Jorge D. Dresdner,1,9789155426286,1990,Coronet Books,Histoire,0,,
/books/OL12806119M,"Revelation, Reason and Reality","Theological Encounters With Jaspers, Schelling and Baader (Studies in Philosophical Theology) (Studies in Philosophical Theology)",Joris Geldhof,1,9789042919297,2007,Peeters,Philosophie,0,,
/books/OL3391163M,Abilene gundown,,Jory Sherman,1,9780743477000,2004,Pocket Star Books,Fiction,0,,
/books/OL3414668M,Blood River,,Jory Sherman,1,9780786283316,2006,Thorndike Press,Fiction,0,,
/books/OL24248644M,Blood Sky at Morning,,Jory Sherman,1,9780061288104,2007,HarperCollins,Fiction,0,,
/books/OL22693845M,Ghost Warrior,,Jory Sherman,1,9780060885304,2008,Harper,Fiction,0,,
/books/OL3684477M,Song of the Cheyenne,,Jory Sherman,1,9780786253326,2003,Thorndike Press,Fiction,0,,
/books/OL23104168M,The savage curse,,Jory Sherman,1,9780425224472,2008,Berkley Books,Fiction,0,,
/books/OL17052883M,The savage trail,,Jory Sherman,1,9781410411297,2008,Thorndike Press,Fiction | Histoire,0,,
/books/OL8137139M,The Vigilante,,Jory Sherman,1,9780786285266,2006,Thorndike Press,Fiction,0,,
/books/OL10562077M,Death And Medical Power,An Ethical Analysis Of Dutch Euthanasia Practice,"Jos V. M. Welie | Henk A. M. J., M.D., Ph.D. Ten Have",2,9780335217564,2005,Open University Press,Sciences sociales,0,,
/books/OL12979783M,Political Philosophy / Filosofia Politica,New Proposals for New Questions / Nueva Propuestas Para Nuevas Cuestiones - Proceedings of the 22nd Ivr World Congress Granada 2005 (Arsp Beiheft),Jose Carrecedo,1,9783832926861,2007,Nomos Verlagsgesellschaft,Philosophie | Politique,0,,
/books/OL19288545M,Boricua power,a political history of Puerto Ricans in the United States,Jose Ramon Sanchez,1,9780814798478,2007,New York University Press,Histoire | Politique,0,,
/books/OL22796600M,The impertinent self,a heroic history of modernity and film,Josef Früchtl,1,9780804757355,2009,Stanford University Press,,0,,
/books/OL12808360M,The Shifts in Hizbullah's Ideology,"Religious Ideology, Political Ideology, and Political Program (Amsterdam University Press - ISIM Dissertations)",Joseph Alagha,1,9789053569108,2007,Amsterdam University Press,Politique,0,,
/books/OL25460890M,"Illustrations of Aristotle on men and manners, from the dramatic works of Shakespeare",,Joseph Esmond Riddle | William Shakespeare,2,,1832,"Printed by S. Collingwood, for the author",Philosophie,0,,
/books/OL13432336M,Femina ut Imago Dei in the Integral Feminism of St. Thomas,,Joseph Francis Hartel,1,9788876526466,1993,Loyola Press,Philosophie,0,,
/books/OL16974103M,Foundation,"b-boys, b-girls and hip-hop culture in New York",Joseph Glenn Schloss,1,9780195334050,2008,Oxford University Press,,0,,
/books/OL7972799M,Havana,Two Faces of the Antillean Metropolis,Joseph L. Scarpaci | Mario Coyula | Roberto Segre,3,9780807853696,2002,The University of North Carolina Press,Histoire | Politique | Sciences sociales | Économie et entreprise,0,,
/books/OL146196M,"Self-determination and freedom in ""The acting person"" by Karol Cardinal Wojtyla",,Joseph Mairura Okemwa,1,9789966213341,1997,Paulines Publications Africa,,0,,
/books/OL10517769M,"Views Of Christian Truth, Piety, And Morality",Selected From The Writings Of Dr. Priestley,"Joseph Priestley | Jr., Henry Ware",2,9780548152188,2007,"Kessinger Publishing, LLC",Sciences sociales,0,,
/books/OL2217724M,Bound to lead,the changing nature of American power,Joseph S. Nye,1,9780465001774,1990,Basic Books,Histoire,0,,
/books/OL3694122M,Power in the global information age,from realism to globalization,Joseph S. Nye,1,9780415700160,2004,Routledge,Politique,0,,
/books/OL24749708M,Soft power,the means to success in world politics,Joseph S. Nye,1,9781586482251,2004,Public Affairs,Histoire | Philosophie,0,,
/books/OL3953938M,The paradox of American power,why the world's only superpower can't go it alone,Joseph S. Nye,1,9780195150889,2002,Oxford University Press,Philosophie,0,,
/books/OL3307435M,The power game,a Washington novel,Joseph S. Nye,1,9781586482268,2004,Public Affairs,Fiction,0,,
/books/OL22363639M,The Study of groups,,Josephine Klein,1,9780415177986,1998,Routledge,Sciences sociales,0,,
/books/OL12798830M,Narrative Analogy in the Hebrew Bible,Battle Stories and Their Equivalent Non-Battle Narratives (Supplements to Vetus Testamentum),Joshua Berman,1,9789004131194,2004,Brill Academic Publishers,,0,,
/books/OL1863094M,Exporting democracy,fulfilling America's destiny,Joshua Muravchik,1,9780844737331,1991,AEI Press,Histoire | Philosophie,0,,
/books/OL12674120M,The Formation of the Early Church (Wissenschaftliche Untersuchungen Zum Neuen Testament) (Wissenschaftliche Untersuchungen Zum Neuen Testament),,Jostein Adna,1,9783161485619,2005,Coronet Books,Histoire,0,,
/books/OL5982756M,Death in the Northeast.,,Josué de Castro,1,,1966,Random House,Économie et entreprise,0,,
/books/OL13321353M,Francisco Giner de Los Rios,Pedagogia y Poder,José María Marco,1,9788483074749,2002,Ediciones Península,Biographie | Philosophie | Éducation,0,,
/books/OL25367293M,The formation of souls,imagery of the Republic in Brazil,José Murilo de Carvalho,1,9780268035266,2012,University of Notre Dame Press,Histoire | Politique,0,,
/books/OL15025991M,Historical reason,,José Ortega y Gasset,1,9780393302875,1986,W.W. Norton,Philosophie,0,,
/books/OL21350987M,Man and Crisis,,José Ortega y Gasset,1,9780393001211,1962,W. W. Norton & Company,Histoire | Philosophie,0,,
/books/OL14819449M,Obras completas.,1916-1934.,José Ortega y Gasset,1,,1966,,Philosophie | Politique,0,,
/books/OL22848189M,The Low countries,arts and society in Flanders and the Netherlands ; a yearbook 1995-96,Jozef Deleu (ed.),1,9789070831691,1995,'Stichting Ons Erfdeel',,0,,
/books/OL2061828M,An invincible memory,,João Ubaldo Ribeiro,1,9780060156220,1989,Harper & Row,Fiction | Histoire,0,,
/books/OL4543537M,Sergeant Getúlio,,João Ubaldo Ribeiro,1,9780395257050,1978,Houghton Mifflin,Fiction,0,,
/books/OL1427618M,The lizard's smile,,João Ubaldo Ribeiro,1,9780689121258,1994,Atheneum,Fiction,0,,
/books/OL12674189M,Scribal Habits and Theological Influences in the Apocalypse,"The Singular Readings of Sinaiticus, Alexandrinus & Ephraemi (Wissenschaftliche Untersuchungen Zum Neuen Testament)","Juan, Jr. Hernandez",1,9783161491122,2006,Mohr Siebeck,,0,,
/books/OL12868579M,Kalahari,Wild Africa,Judith Burri,1,9783765815935,2007,Bucher,,0,,
/books/OL153944M,Unsex me here,female power and Shakespearean tragedy,Judy Celine A. Ick,1,9789718729298,1999,"Office of the Vice Chancellor for Research and Development, University of the Philippines",,0,,
/books/OL12773987M,Interfacing Geostatstics and GIS,,Juergen Pilz,1,9783540332350,2008,Springer,,0,,
/books/OL22637445M,Experimental and quasi-experimental designs for research,,Julian C. Stanley | Donald T. Campbell | Donald T. Campbell,3,9780528614002,1963,Rand McNally College Publishing Company,Sciences | Sciences sociales,0,,
/books/OL7829503M,"Quest, The",,Juliana Garnett,1,9780553568615,1995,Crimeline,Fiction | Histoire | Romance,0,,
/books/OL3666060M,The Baron,,Juliana Garnett,1,9780553576283,1999,Bantam Books,Fiction,0,,
/books/OL3664668M,The Knight,,Juliana Garnett,1,9780515130539,2001,Jove Books,Fiction | Romance,0,,
/books/OL3384260M,The Laird,,Juliana Garnett,1,9780515133882,2002,Jove Books,Fiction | Romance,0,,
/books/OL141052M,The Scotsman,,Juliana Garnett,1,9780553576276,1998,Bantam Books,Fiction | Histoire,0,,
/books/OL7829911M,The Vow,,Juliana Garnett,1,9780553576269,1998,Fanfare,,0,,
/books/OL12810587M,Human-Computer Interaction. Interaction Platforms and Techniques,"12th International Conference, HCI International 2007, Beijing, China, July 22-27, 2007, ... Science) (Lecture Notes in Computer Scienc",Julie A. Jacko,1,9783540731061,2007,Springer,Technologie,0,,
/books/OL12810589M,Human-Computer Interaction.HCI Applications and Services,"12th International Conference, HCI International 2007, Beijing, China, July 22-27, 2007, Proceedings, ... Science) (Lecture Notes in Computer Science)",Julie A. Jacko,1,9783540731092,2007,Springer,Technologie,0,,
/books/OL12810588M,Human-Computer Interaction.HCI Intelligent Multimodal Interaction Environments,"12th International Conference, HCI International 2007, Beijing, China, ... Science) (Lecture Notes in Computer Science)",Julie A. Jacko,1,9783540731085,2007,Springer,Technologie,0,,
/books/OL12977613M,"Wünsche, Werte und Moral.",,Julius Schälike,1,9783826020582,2002,Königshausen & Neumann,,0,,
/books/OL12743024M,Geisterzug in Den Tod,Ein Unbekanntes Kapitel Der Deutsch-Franzosischen Geschichte 1944,Jurg Altwegg,1,9783498000578,2001,Rowohlt Verlag GmbH,Histoire,0,,
/books/OL12831324M,Theorie Und Praxis Der Intentionalistischen Interpretation,Brecht - Lessing - Max Brod - Werner Jansen (Hamburger Beitrage Zur Germanistik),Jurgen Kreft,1,9783631556412,2006,Peter Lang Publishing,Philosophie,0,,
/books/OL12798895M,Studieren An Mittelalterlichen Universitaten,Chancen Und Risiken Gesammelte Aufsatze (Education and Society in the Middle Ages and Renaissance),Jurgen Miethke,1,9789004138339,2004,Brill Academic Publishers,Histoire,0,,
/books/OL3999941M,"Right, morality, ethical life",studies in G.W.F. Hegel's philosophy of right,Jussi Kotkavirta,1,9789513409302,1997,University of Jyväskylä,Philosophie,0,,
/books/OL12673980M,"Jewish Worship in Philo of Alexandria (Texts and Studies in Ancient Judaism, 84)",,Jutta Leonhardt,1,9783161475979,2001,Paul Mohr Verlag,Philosophie,0,,
/books/OL12831202M,Der Status Des Osterreichischen Deutsch an Nichtdeutschsprachigen Universtitaten,Eine Emprirische Untersuchung (Osterreichisches Deutsch),Jutta Ransmayr | Jutta Ransmayr,2,9783631552421,2006,Peter Lang Publishing,,0,,
/books/OL16354849M,Cacharel,Automne/hiver 2001.,Jéromine Savignon,1,,,,Histoire,0,,
/books/OL657772M,A samba for Sherlock,,Jô Soares,1,9780375400650,1997,Pantheon,Fiction,0,,
/books/OL21095708M,Twelve fingers,biography of an anarchist,Jô Soares,1,9780375408939,2001,Pantheon Books,Fiction | Policier et mystère | Politique,0,,
/books/OL12767006M,"Biotechnology, Volume 8, E2: Volume 8a: Biotransformations I + Volume 8b","Biotransformations II, 2nd, Completely Revised Edition",Jörg Peters,1,9783527302413,2001,Wiley-VCH Verlag GmbH,Sciences,0,,
/books/OL19863222M,"Urban mortality change in England and Germany, 1870-1913",,Jörg Vögele,1,9780853238423,1998,Liverpool University Press,Histoire,0,,
/books/OL12773002M,Spatial Modeling in Natural Sciences and Engineering,Software Development and Implementation,Jürgen Friedrich,1,9783540208778,2004,Springer,Sciences,0,,
/books/OL12810382M,"Ornithology, Evolution, and Philosophy",The Life and Science of Ernst Mayr 1904-2005,Jürgen Haffer,1,9783540717782,2007,Springer,Biographie | Histoire | Philosophie,0,,
/books/OL12774825M,Iterative Software Engineering for Multiagent Systems,The MASSIVE Method (Lecture Notes in Computer Science),Jürgen Lind,1,9783540421665,2001,Springer,Technologie,0,,
/books/OL7485256M,Tradition and Economy in Village India: International Library of Sociology E,The Sociology of Development (International Library of Sociology),K. Ishwaran,1,9780415175845,2003,Routledge,Sciences sociales,0,,
/books/OL13144073M,Artificial Intelligence,,K.D. Pavate,1,9788172360351,1993,The Publications & Information Directora,Jeunesse,0,,
/books/OL17893825M,Language and reality,,Kanti Lal Das,1,9788172112127,2006,Northern Book Centre,,0,,
/books/OL12806078M,God Pro Nobis,On Non-metaphysical Realism and the Philosophy of Religion (Studies in Philosophical Theology) (Studies in Philosophical Theology),Karin Johannesson,1,9789042918566,2007,Peeters,Philosophie | Religion,0,,
/books/OL12664636M,Health Promotion and Disease Prevention in the Family,,Karl E Bergmann,1,9783110179316,2003,Walter de Gruyter,,0,,
/books/OL12674177M,Kommunikation Mit Gott Und Christus,Sprache Und Theologie Des Gebetes Im Neuen Testament (Wissenschaftliche Untersuchungen Zum Neuen Testament),Karl H. Ostmeyer,1,9783161489693,2006,Mohr Siebeck,,0,,
/books/OL14712182M,Meaning in history,,Karl Löwith,1,,1957,University of Chicago Press,Histoire | Philosophie,0,,
/books/OL10070741M,Advances in Virus Research,,Karl Maramorosch | Frederick A. Murphy,2,9780120398393,1991,Academic Press,,0,,
/books/OL4919605M,The Philosophy of Karl Popper,,"Karl Popper | Schilpp, Paul Arthur",2,9780875481418,1974,Open Court,Philosophie | Sciences sociales,0,,
/books/OL12775461M,Liquid Separations with Membranes,An Introduction to Barrier Interference,Karl W. Böddeker,1,9783540474517,2007,Springer,Sciences,0,,
/books/OL12820386M,Democracy and Lobbying in the European Union,,Karolina Karr,1,9783593384122,2007,Campus Verlag,Politique,0,,
/books/OL13799272M,Student's guide for writing college papers.,,Kate L. Turabian,1,,1963,University of Chicago Press,,0,,
/books/OL13168571M,"Ji Gong, The Crazy Monk",,Katherine Goh Pei Ki; Wu Jingyu,1,9789812292292,2003,Asiapac Books,,0,,
/books/OL7829781M,Bride of Danger,,Katherine O'Neal,1,9780553573794,1997,Bantam,Fiction,0,,
/books/OL23091515M,Just for her,,Katherine O'Neal,1,9780758210623,2008,Brava/Kensington Publishing Corp.,Fiction | Romance,0,,
/books/OL7829557M,Master of Paradise,,Katherine O'Neal,1,9780553569568,1995,Domain,Fiction | Romance,0,,
/books/OL3547446M,My one and only,,Katherine O'Neal,1,9780553581218,2000,Bantam Books,Fiction,0,,
/books/OL3284190M,Silent surrender,,Katherine O'Neal,1,9780553581249,2003,Bantam Books,Fiction,0,,
/books/OL17945179M,The art of seduction,,Katherine O'Neal,1,9780758210616,2007,Kensington Pub. Corp.,Fiction | Romance,0,,
/books/OL24515546M,The last highwayman,,Katherine O'Neal,1,9780553560657,1993,Bantam Books,Fiction,0,,
/books/OL141082M,Written in the stars,,Katherine O'Neal,1,9780553573800,1998,Bantam Books,Fiction,0,,
/books/OL16263099M,Ordaining the Catholic Reformation,"priests and seminary pedagogy in Fiesole, 1575-1675",Kathleen M. Comerford,1,9788822249609,2001,L.S. Olschki,Histoire,0,,
/books/OL12799093M,Reforming Priests and Parishes (Education and Society in the Middle Ages and Renaissance),,Kathleen M. Comerford,1,9789004153578,2006,BRILL,Histoire,0,,
/books/OL10658317M,AZ (The Journal of Weird Anthropology),,Kathleen Stewart | Glen Perice | Ben Feinberg,3,9780739203330,1999,Az Pub,Sciences sociales,0,,
/books/OL19691258M,"American,with love.",,Kathleen Winsor,1,,1958,P.Davies,,0,,
/books/OL24941501M,Calais,,Kathleen Winsor,1,9780708817759,1990,Futura publications,Fiction,0,,
/books/OL48567381M,Forever Amber / Kathleen Winsor,,Kathleen Winsor,1,,1944,Macmillan,Biographie | Fiction | Histoire,0,,
/books/OL3176173M,Jacintha,,Kathleen Winsor,1,9780517552018,1984,Harmony Books,,0,,
/books/OL6068088M,Star money.,,Kathleen Winsor,1,,1950,Appleton-Century-Crofts,,0,,
/books/OL5940809M,"Wanderers eastward, wanderers west.",,Kathleen Winsor,1,,1965,Random House,,0,,
/books/OL23243132M,Baseball ballerina,,Kathryn Cristaldi,1,9780679817345,1992,Random House,Fiction,0,,
/books/OL781332M,Even Steven and Odd Todd,,Kathryn Cristaldi,1,9780590227155,1996,Scholastic,Fiction,0,,
/books/OL32818317M,Samantha the Snob,,Kathryn Cristaldi,1,9781442043008,2009,Paw Prints,Fiction,0,,
/books/OL12917617M,Art Nouveau in Munich,Masters of the Jugendstil,Kathyrn Bloom Hiesinger,1,9783791308814,1988,Te Neues Publishing Company,Arts | Histoire,0,,
/books/OL8869957M,Scary Book Volume 1,Reflections (Scary Book),Kazuo Umezu | Umezo Kazuo | Kazuo Umezo | Kazurō Umezu,4,9781593074760,2006,Dark Horse,BD et romans graphiques | Fiction,0,,
/books/OL13580829M,"The Newgate novel, 1830-1847","Bulwer, Ainsworth, Dickens & Thackeray.",Keith Hollingsworth,1,,1963,Wayne State University Press,,0,,
/books/OL10079357M,Mastering A+ Certification and Lab Manual (Install Computer/Network/System Installation Certification),,Kenneth C. Mansfield | James L. Antonakos,2,9780130944313,2002,New Riders Press,Technologie,0,,
/books/OL3069101M,Large two forms,a sculpture,Kenneth Clark | Henry Moore,2,9780896592698,1981,Abbeville Press,Arts,0,,
/books/OL21178063M,The social system of the planet earth,,Kenneth E. Boulding,1,9780201002072,1980,Addison-Wesley,Science-fiction | Sciences sociales,0,,
/books/OL10073521M,System Analysis and Design,Access Card,Kenneth E. Kendall | Julie E. Kendall,2,9780130091918,2002,Prentice Hall College Div,Technologie,0,,
/books/OL21346238M,Toward transformation in socialknowledge,,Kenneth J. Gergen,1,9780387906737,1982,Springer-Verlag,Philosophie | Sciences | Sciences sociales,0,,
/books/OL10105545M,Applied Statistics for Public Administration With Data Disk,,Kenneth J. Meier,1,9780155054561,1998,Harcourt,,0,,
/books/OL13571199M,Writing in motion,body--language--technology,Kenneth King,1,9780819566133,2003,Wesleyan University Press,Philosophie,0,,
/books/OL10082626M,Prentice Hall Biology - (6-year Online Access),Added I-text With Textbook Purchase Only,Kenneth Miller | Joseph Levine,2,9780131664029,2006,Pearson Prentice Hall,,0,,
/books/OL10170968M,Audiotapes for Clinical Phonetics,,Kent. | Lawrence D. Shriberg,2,9780205171750,1999,Prentice Hall College Div,,0,,
/books/OL22552383M,Democracy is a good thing,"essays on politics, society, and culture in contemporary China",Keping Yu,1,9780815796947,2008,Brookings Institution Press,Politique,0,,
/books/OL37207320M,Knowledge Potential Measurement and Uncertainty,,Kerstin Fink,1,9783322812407,2012,Deutscher Universitäts Verlag,Technologie | Économie et entreprise,0,,
/books/OL12674096M,Campaign of Pharaoh Shoshenq I into Palestine (Forschungen Zum Alten Testament),,Kevin A. Wilson,1,9783161482700,2005,J.C.B. Mohr (P. Siebeck),Histoire,0,,
/books/OL12798846M,Wrestling With Angels,"A Study of the Relationship Between Angels and Humans in Ancient Jewish Literature and the New Testament (Arbeiten Zur Geschichte ... Judentums Und Des Urchristentums, Bd. 55.)",Kevin P. Sullivan,1,9789004132245,2004,Brill Academic Publishers,Histoire,0,,
/books/OL8897872M,Phantom Volume 1 (Phantom (Tokyopop)),,Ki-hoon Lee | Seung-yup Cho | Ki-hun Yi,3,9781598167702,2007,TokyoPop,BD et romans graphiques | Fiction | Jeunes adultes,0,,
/books/OL12664775M,Formal Properties of Measurement Constructions,,Kimiko Nakanishi,1,9783110185980,2007,Mouton de Gruyter,,0,,
/books/OL17842175M,My-hime,,Kimura Noboru | Sato Ken-etsu | Noboru Kimura,3,9781598166514,2006,TokyoPop,BD et romans graphiques | Fiction,0,,
/books/OL17048155M,Magic Lilly,the first magic spell,KNISTER,1,9780698400924,2008,Minedition,Fiction,0,,
/books/OL17048167M,Magic Lilly and the vampire with the wiggly tooth,,KNISTER,1,9780698400931,2008,Minedition,Fiction,0,,
/books/OL21166050M,Robert le diable,the ballet of the nuns,Knud Arne Jürgensen,1,9789057000027,1997,Gordon and Breach,Histoire,0,,
/books/OL12809290M,The Welfare Ark,Suggestions for a Renewed Policy for Zoos,Koen Margodt,1,9789054872436,2001,Vub Brussels University Press,Philosophie,0,,
/books/OL12985594M,"Life Writing. Contemporary Autobiography, Biography, and Travel Writing","Proceedings of a Symposium Held by the Department of American Culture and Literature ... Halic University, Istanbul, 19-21 April 2006",Koray Melikoglu,1,9783898217644,2007,ibidem-Verlag,,0,,
/books/OL12809022M,HYDROLOGICAL PROBLEMS & ENVIRONMENTAL,,Krecek,1,9789054107262,1996,Taylor & Francis,Sciences,0,,
/books/OL12807780M,Child Labour,,Kristoffel Lieten,1,9789052601854,2005,Aksant Academic Publishers,Politique,0,,
/books/OL10071783M,International Review of Cytology,A Survey of Cell Biology (International Review of Cytology),Kwang W. Jeon | George Bourne,2,9780123645142,1989,Academic Pr,,3,,
/books/OL10071786M,International Review of Cytology,A Survey of Cell Biology (International Review of Cytology),Kwang W. Jeon | George Bourne,2,9780123645173,1989,Academic Press,Sciences,3,,
/books/OL10071784M,International Review of Cytology,A Survey of Cell Biology (International Review of Cytology),Kwang W. Jeon | Martin Friedlander | George Bourne,3,9780123645159,1989,Academic Press,Sciences,3,,
/books/OL12791948M,Norigae,Splendor of the Korean Costume,Kyung Ja Lee,1,9788973006182,2005,Ewha Womans University Press,Histoire,0,,
/books/OL23035856M,"Battle Royale, Vol. 8",,Kōshun Takami | Masayuki Taguchi,2,9781591824206,2004,Tokyopop,,0,,
/books/OL20963638M,"Socialism, democracy and human rights",,L. I. Brezhnev,1,9780080236056,1980,Pergamon,Politique,0,,
/books/OL12800504M,"Philosophy, Religion, and The Coming World Civilization",Essays in Honour of William Ernst Hocking,L.S. Rouner,1,9789024700707,1899,Springer,Philosophie,0,,
/books/OL13139295M,"Religion, Morality, and Politics According to Mahatma Gandhi",,Lala Gopal Prasad,1,9788170541288,1991,South Asia Books,Philosophie,0,,
/books/OL22514337M,"Anonymous skeptics: Swinburne, Hick, and Alston",,Lance Ashdown,1,9783161476792,,Mohr Siebeck,Philosophie | Religion,0,,
/books/OL10171877M,Introduction to Social Work,,Larry Lorenzo Smith | Milton G. Thackeray | Rex A. Skidmore | O. William Farley | Scott W. Boyle,5,9780205330515,2000,Allyn & Bacon,Sciences sociales,0,,
/books/OL1828655M,Old Delhi,10 easy walks,Laurraine Malone | Gaynor Barton,2,,1988,Rupa & Co.,,0,,
/books/OL10608960M,Prognosis 2000,,Lawrance George Lux | Lawrence Lux,2,9780738806600,1999,Xlibris Corporation,Sciences sociales,0,,
/books/OL20944576M,Popular education and its discontents,,Lawrence Arthur Cremin,1,9780060162702,1989,Harper & Row,Histoire | Philosophie | Éducation,0,,
/books/OL21456843M,Traditions of American education.,,Lawrence Arthur Cremin,1,9780465086856,1976,Basic Books,Histoire | Philosophie | Éducation,0,,
/books/OL10106253M,Culture and Values: A Survey of the Western Humanities,Alternate Volume,Lawrence S. Cunningham | John J. Reich,2,9780155676435,1999,Harcourt Brace College Publishers,Sciences sociales,0,,
/books/OL13113486M,Billy Acres and the Gold Miners' Treasure,An Interactive Graphic Novel,Lee Blum,1,9789659096510,2006,Ibo Ltd,Jeunesse,0,,
/books/OL12804451M,The Intrinsic Value Of Nature.,,Leena VILKKA,1,9789042003255,1997,Rodopi Bv Editions,,0,,
/books/OL12799234M,Inventing the Public Sphere,The Public Debate during the Investiture Contest (c. 10301122) (Brill's Studies in Intellectual History),Leidulf Melve,1,9789004158849,2007,BRILL,Histoire,0,,
/books/OL3186528M,The art of Brazil,,"Lemos, Carlos Alberto Cerqueira.",1,9780064352895,1983,Harper & Row,Arts,0,,
/books/OL1214554M,Aspects of late antiquity and early Byzantium,"papers read at a colloquium held at the Swedish Research Institute in Istanbul 31 May-5 June, 1992",Lennart Ryden,1,9789186884055,1993,Swedish Research Institute,,0,,
/books/OL22369050M,Studies in Platonic political philosophy,,Leo Strauss,1,9780226777030,1983,University of Chicago Press,Histoire | Politique,0,,
/books/OL10070257M,"Advances in Experimental Social Psychology, Vol 6. Ed by Leonard Berkowitz. Issn 0065-2601",,Leonard Berkowitz,1,9780120152063,1972,Academic Pr,,0,,
/books/OL2534836M,Ecclesiogenesis,the base communities reinvent the church,Leonardo Boff,1,9780883442142,1986,Orbis Books,Politique,0,,
/books/OL12555415M,Essential Care,An Ethics of Human Nature,Leonardo Boff,1,9781602581425,2008,Baylor University Press,Philosophie,0,,
/books/OL2218348M,Faith on the edge,religion and marginalized existence,Leonardo Boff,1,9780060608125,1989,Harper & Row,,0,,
/books/OL8960215M,Global Civilization,Challenges To Society And To Christianity (Cross Cultural Theologies) (Cross Cultural Theologies),Leonardo Boff,1,9781845530051,2005,Equinox Publishing,,0,,
/books/OL1551047M,New evangelization,good news to the poor,Leonardo Boff,1,9780883447789,1991,Orbis Books,Histoire,0,,
/books/OL17004190M,African philosophy and the quest for autonomy,a philosophical investigation,Leonhard Praeg,1,9789042013636,2000,Rodopi,Philosophie,0,,
/books/OL12845055M,The Architectonic of Philosophy,"Plato, Aristotle, Leibniz",Leslie Kavanaugh,1,9789056294168,2007,Amsterdam University Press,Philosophie,0,,
/books/OL10266367M,Hardy Boys starter set (Hardy Boys),,Leslie McFarlane,1,9780448448206,2007,Grosset & Dunlap,,0,,
/books/OL16684128M,Vital signs,the trends that are shaping our future,Lester Russell Brown | Hal Kane,2,9781853832123,1994,Earthscan Publications,Sciences sociales | Économie et entreprise,0,,
/books/OL13510851M,A critique of design-arguments,a historical review and free examination of the methods of reasoning in natural theology,Lewis Ezra Hicks,1,,1883,C. Scribner's Sons,Philosophie | Religion,0,,
/books/OL1426147M,The living one,,Lewis Gannett,1,9780452271340,1993,Plume,Fiction,0,,
/books/OL2557025M,The Linz testament,,Lewis Perdue,1,9780917657221,1985,D.I. Fine,Fiction,0,,
/books/OL16765081M,"Knowledge, society and reality",problems of the social analysis of knowledge and of scientific realism,León Olivé,1,9789051835298,1993,Rodopi,Philosophie | Sciences,0,,
/books/OL45023M,Go home!,the true story of James the cat,Libby Phillips Meggs,1,9780807529751,2000,A. Whitman,Fiction,0,,
/books/OL12644527M,Russess Icones - Les Saints,,Lidia I. Lovleva,1,9782884430630,2000,"Fondation Pierre Gianadda,France",,0,,
/books/OL12808372M,Navigating Borders,,"Liempt, Ilse van",1,9789053569306,2007,Amsterdam University Press,,0,,
/books/OL14044627M,Taoist teachings from the book of Lieh Tzu,,Liezi,1,,1912,J. Murray,,0,,
/books/OL13524226M,The book of Lieh-tzŭ.,,Liezi,1,,1960,Murray,,0,,
/books/OL12845931M,Christmas Emotions,,Life3,1,9789058562401,2007,Stichting Kunstboek,,0,,
/books/OL13609412M,Glimpses of northern Tibet,,Lihua Ma,1,9780835120906,1991,Chinese literature Press,Voyage,0,,
/books/OL12658948M,Fiddles And Spoons,Journey Of An Acadian Mouse,Lila Hope-Simpson,1,9782980817724,2005,MPR Communications,,0,,
/books/OL3565693M,The emperor's beard,Dom Pedro II and the tropical monarchy of Brazil,Lilia Moritz Schwarcz,1,9780809042197,2004,Hill and Wang,,0,,
/books/OL380058M,The spectacle of the races,"scientists, institutions, and the race question in Brazil, 1870-1930",Lilia Moritz Schwarcz,1,,1999,Hill and Wang,Histoire,0,,
/books/OL12897779M,Tell Me about the Oceans (Discovering the World),,Linda Blake,1,9789231038723,2003,Unesco,Jeunesse,0,,
/books/OL12313028M,Machines & Structures,Fun Facts and Magnetic Picture Puzzle,Linda Sonntag | Garry Colby,2,9781584760078,1999,Innovative Kids,Jeunesse,0,,
/books/OL12653140M,Temps Denses 1998,,Lionel Blaisse,1,9782910735258,2000,Art Books Intl Ltd,Histoire,0,,
/books/OL21281744M,"Roland-Michel Barrin de La Galissoniere, 1693-1756. --",,Lionel Groulx,1,9780802032379,1970,University of Toronto Press,Histoire,0,,
/books/OL10669420M,365 Great Things About Getting Older,2006 Day-to-Day Calendar,Lisa Birnbach | Ann Hodgman,2,9780740751462,2005,Andrews McMeel Publishing,,0,,
/books/OL10669559M,365 Great Things About Getting Older 2007 Day-to-Day Calendar,,Lisa Birnbach | Ann Hodgman,2,9780740759536,2006,Andrews McMeel Publishing,,0,,
/books/OL12800040M,"Discourse of a Peregrination in Europe, Asia and Affrica",,Lithogow,1,9789022103999,1971,Walter J Johnson,,0,,
/books/OL12847000M,"Restorative Justice for Juveniles-Potentialities, Risks and Problems for Research (Samenleving, Criminaliteit & Stratfrechtspleging)",,Lode Walgrave,1,9789061869207,1999,Leuven Univ Pr,,0,,
/books/OL18488943M,Why does history matter to philosophy and the sciences?,selected essays,Lorenz Krüger,1,9783110180428,2005,De Gruyter,Histoire | Philosophie | Sciences,0,,
/books/OL12674155M,Dead Sea New Jerusalem Text (Texts & Studies in Ancient Judaism),,Lorenzo Ditommaso,1,9783161487996,2005,J.C.B. Mohr (P. Siebeck),,0,,
/books/OL28463309M,Precalculus,Mathematics for Calculus,Lothar Redlin | Saleem Watson | James Stewart,3,9780840068798,2011,Brooks/Cole,Éducation,0,,
/books/OL10095473M,Words 3,"Writing, Reading, Spelling (Words)",Louise Skinner | Dianne Tucker-Laplount,2,9780139532900,2002,Red Van Publishers,,0,,
/books/OL12846060M,Legacy of Franz Rosenzweig,Collected Essays (Louvain Philosophical Studies),Luc Anckaert,1,9789058673725,2004,Leuven Univ Pr,,0,,
/books/OL22907782M,L'amica delle mogli,commedia in tre atti.,Luigi Pirandello,1,,1927,A. Mondadori,Histoire,0,,
/books/OL5044373M,On humor.,,Luigi Pirandello,1,9780807870587,1974,University of North Carolina Press,,0,,
/books/OL37044617M,Six Characters in Search of an Author,,Luigi Pirandello,1,,2019,Standard Ebooks,Théâtre,0,,
/books/OL3168172M,"Development and crisis in Brazil, 1930-1983",,Luiz Carlos Bresser Pereira,1,9780865315594,1984,Westview Press,Histoire | Politique | Économie et entreprise,0,,
/books/OL1103298M,Economic crisis and state reform in Brazil,toward a new interpretation of Latin America,Luiz Carlos Bresser Pereira,1,9781555875329,1996,L. Rienner,Économie et entreprise,0,,
/books/OL2389904M,Control of the imaginary,reason and imagination in modern times,Luiz Costa Lima,1,9780816615629,1988,University of Minnesota Press,Philosophie,0,,
/books/OL800408M,The limits of voice,"Montaigne, Schlegel, Kafka",Luiz Costa Lima,1,9780804725408,1996,Stanford University Press,Philosophie,0,,
/books/OL12980476M,Innovating the Social Sciences,,Luk Van Langenhove,1,9783851657487,2007,Passagen,Sciences sociales,0,,
/books/OL1885050M,My friend the painter,,Lygia Bojunga Nunes,1,9780152563400,1991,Harcourt Brace Jovanovich,Fiction,0,,
/books/OL12661184M,Die Darstellung Aussereuropaeischer Welten in Drucken Deutscher,,M Herkenhoff,1,9783050028286,1995,Wiley-VCH,Histoire,0,,
/books/OL12852666M,Working with Foucault in Education,,M Walshaw,1,9789087901882,2007,Sense Publishers,,0,,
/books/OL12852623M,"Five Pedagogies, a Thousand Possibilities",,M Zembylas,1,9789087900311,2007,Sense Publishers,Philosophie | Éducation,0,,
/books/OL12852640M,"Knowledge Economy, Development and the Future of Higher Education",,"M, A Peters",1,9789087900694,2007,Sense Publishers,Philosophie,0,,
/books/OL12644201M,Lalique,,M. C. Lalique,1,9782883000018,1980,C.E.L.F.,Biographie | Histoire,0,,
/books/OL13060574M,Story of the Chinese Zodiac,English Vietnamese,M. Chang,1,9789573221449,1994,Pan Asian Publications (USA),Jeunesse,0,,
/books/OL18546573M,I wish I'd made you angry earlier,"essays on science, scientists, and humanity",M. F. Perutz,1,9780198505310,1998,Oxford University Press,Philosophie | Sciences,0,,
/books/OL12680942M,D. H. Lawrence Travel Books and Fiction (European University Studies),,M. Hostettler,1,9783261040213,1985,Herbert Lang Et Co Ag,,0,,
/books/OL22734805M,"Wissenschaftsethik und Technikfolgenbeurteilung, Bd. 28: Leben mit L arm?: Risikobeurteilung und Regulation des Umgebungsl arms im Verkehrsbereich",,M. Kloepfer | B. Griefahn | A.M. Kaniowski | G. Klepper | S. Lingner | G. Steinebach | H.B. Weyer | P. Wysk,8,9783540345091,,Springer-Verlag GmbH u. Co.KG,,0,,
/books/OL12680961M,The German Novel of 1800,A Study of Popular Prose Fiction (Germanic Studies in America),M. W. Heiderich,1,9783261048035,1982,Peter Lang Publishing,,0,,
/books/OL12657433M,Charlotte Porte Bonheur,,Macha Grenon,1,9782921997898,1999,Coffragants,Fiction,0,,
/books/OL23002905M,A chapter of hats,selected stories,Machado de Assis,1,9780747594611,2008,Bloomsbury,,0,,
/books/OL22170762M,Dom Casmurro,a novel,Machado de Assis,1,9780520007901,1966,University of California Press,Fiction,0,,
/books/OL6122178M,Epitaph of a small winner,,Machado de Assis,1,,1952,Noonday Press,Biographie | Fiction,0,,
/books/OL681114M,Quincas Borba,,Machado de Assis,1,9780195106817,1998,Oxford University Press,Fiction | Histoire,0,,
/books/OL30660494M,The alienist,and other stories of Nineteenth-century Brazil,Machado de Assis,1,9781603848534,2013,Hackett Publishing,Fiction | Histoire,0,,
/books/OL12845741M,River Basin Sediment Systems,,Maddy,1,9789058093424,2001,Taylor & Francis,Sciences,0,,
/books/OL3964897M,The use and abuse of nature,"incorporating ""This fissured land, an ecological history of India"" and"" Ecology and equity""",Madhav Gadgil,1,9780195649277,2000,Oxford University Press,Histoire,0,,
/books/OL18729882M,Ecology and equity,the use and abuse of nature in contemporary India,Madhav Gadgil | Ramachandra Guha | Madhay Gadgil | Gadgil | Guha,5,9780140257618,1995,Penguin Books India,,0,,
/books/OL8996262M,"The fiery chariot, An Ardalba Story",,Maire Welford,1,9781856354110,2003,Mercier Press,Fantasy,0,,
/books/OL13113491M,Mr. Mentch (Meet the Yids),,Mamas,1,9789659104802,2007,Simcha Media Group,Fiction | Jeunesse,0,,
/books/OL12919590M,Von Schwerin bis Rügen. Kulturgeschichtliche Reise zur Ostsee.,,Manfred Küchler,1,9783795041007,1996,Schmidt-Römhild,Voyage,0,,
/books/OL11396317M,Communicating the Environment,"Environmental Communication for Sustainable Development (Umweltbildung, Umweltkommunikation Und Nachhaltigkeit, Bd. 7.)",Manfred Oepen,1,9780820448022,2000,Peter Lang Pub Inc,,0,,
/books/OL9028682M,Information and Information Flow,An Introduction (Linguistics & Philosophy),Manuel Bremer,1,9783937202471,2005,Ontos Verlag,,0,,
/books/OL12664832M,Nietzsche on Time and History,,Manuel Dries,1,9783110190090,2007,Walter De Gruyter Inc,Philosophie,0,,
/books/OL12798739M,The Fragments of the Methodists,"Methodism Outside Soranus (Studies in Ancient Medicine, 24)",Manuela Tecusan,1,9789004124516,2004,Brill Academic Publishers,,0,,
/books/OL12798646M,The Fragments of the Methodists (Studies in Ancient Medicine),,Manuela Tecusan,1,9789004117242,2007,Brill Academic Pub,,0,,
/books/OL13573260M,Donald Davidson,,Marc A. Joseph,1,9781902683263,2004,Acumen,Philosophie,0,,
/books/OL12848049M,An Archaeological Ethnography of a Neolithic Community,"Space, Place & Social Relations in the Burnt Village at Tell Sabi Abyad, Syria",Marc Verhoeven,1,9789062580842,1999,Het Nederlands Inst Vh Nabije,,0,,
/books/OL12853178M,Transcendental Idealism & the Organism,Essays on Kant (Stockholm Studies in Philosophy),Marcel Quarfood,1,9789122020998,2004,Almqvist & Wiksell International,,0,,
/books/OL12846443M,Das Wissen Vom Guten:,Bedeutung Und Kontinuitat Des Tugendwissens in Den Dialogen (Bochumer Studien Zur Philosohpie),Marcel Van Ackeren,1,9789060323687,2003,Br Gruner Pub Co,Philosophie,0,,
/books/OL10666390M,Ceremonies and Celebrations,,Marchant | Dineen,2,9780739832738,2001,Steck-Vaughn,,0,,
/books/OL141076M,Dreamseeker,,Marcia Martin Donna parker,1,9780451180544,1998,Signet,Fiction,0,,
/books/OL7657213M,Southern Secrets,,Marcia Martin Donna parker,1,9780515106619,1991,Jove,,0,,
/books/OL12663992M,Die Leidenschaft Der Erkenntnis,"Philosophie Und Aesthetische Lebensgestaltung Bei Nietzsche Von ""Morgenroethe"" Bis ""Also Sprach Zarathustra"" (Monographien Und Texte Zur Nietzsche-Forschung)",Marco Brusotti,1,9783110145632,1997,Walter de Gruyter,,0,,
/books/OL12799172M,Rewriting Roman History in the Middle Ages (Mittellateinische Studien Und Texte),,Marek Thue Kretschmer,1,9789004157101,2007,BRILL,Histoire,0,,
/books/OL18330787M,Focus on early childhood,principles and realities,Margaret Boushel,1,9780632051571,2000,Blackwell Science,,0,,
/books/OL7536692M,Bloody Kin,,Margaret Maron,1,9780446404167,1995,Mysterious Press,Fiction | Policier et mystère,0,,
/books/OL48061586M,bootleggers_daughter,,Margaret Maron,1,,1993,Mysterious Press Jun. 1993,Fiction,0,,
/books/OL17398487M,Corpus Christmas.,,Margaret Maron,1,9780553274103,1991,Bantam,Fiction | Policier et mystère,0,,
/books/OL7825357M,DEATH IN BLUE FOLDERS (Sigrid Harald Mystery),,Margaret Maron,1,9780553294989,1992,Crimeline,Fiction,0,,
/books/OL7825102M,Death of a Butterfly,,Margaret Maron,1,9780553291216,1991,Crimeline,Fiction,0,,
/books/OL789403M,Fugitive colors,,Margaret Maron,1,9780786205233,1995,Thorndike Press,Fiction | Policier et mystère,0,,
/books/OL18512113M,Hard row,,Margaret Maron,1,9780446582438,2007,Warner Books,Fiction | Policier et mystère,0,,
/books/OL3289072M,High country fall,,Margaret Maron,1,9780892968084,2004,Mysterious Press,Fiction | Policier et mystère,0,,
/books/OL347510M,Home fires,,Margaret Maron,1,9780892966554,1998,Mysterious Press,Fiction | Policier et mystère,0,,
/books/OL30092968M,Last lessons of summer,,Margaret Maron,1,9780446614221,2004,Warner Books,Fiction,0,,
/books/OL7825386M,PAST IMPERFECT (Sigrid Harald Mystery),,Margaret Maron,1,9780553295467,1992,Crimeline,Fiction | Policier et mystère,0,,
/books/OL31934840M,Rituals of the season,,Margaret Maron,1,9780709080251,2006,Robert Hale,Fiction | Histoire | Policier et mystère,0,,
/books/OL7536698M,Shooting at Loons (Deborah Knott Mysteries),,Margaret Maron,1,9780446404242,1995,Mysterious Press,Fiction | Policier et mystère,0,,
/books/OL33031128M,Slow dollar,,Margaret Maron,1,9780709073666,2003,Robert Hale,Fiction | Policier et mystère,0,,
/books/OL51609M,Southern discomfort,a Deborah Knott mystery,Margaret Maron,1,9780786223305,2000,Thorndike Press,Fiction,0,,
/books/OL31914352M,Storm track,,Margaret Maron,1,9780709066484,2000,Robert Hale,Fiction | Policier et mystère,0,,
/books/OL6795750M,Uncommon clay,,Margaret Maron,1,9780892967209,2001,Mysterious Press,Fiction | Policier et mystère,0,,
/books/OL28503967M,Communication Power,,Margaret Rigaud-Drayton | Manuel Castells | Alain Touraine,3,9780199681938,2013,Oxford University Press,,0,,
/books/OL22084527M,"Women, power, and politics",,Margaret Stacey,1,9780422761406,1981,Tavistock Publications,Histoire,0,,
/books/OL22602810M,"Philippe Bradshaw, a fly in the house. Ausstellung Museum der Moderne, Rupertinum, Salzburg, 25.07. - 31.10.2004",,Margrit Brehm,1,9783775715164,2005,Hatje Cantz Verlag,,0,,
/books/OL12799067M,The Image of Aleksandr Nevskiy in Medieval Russia,Warrior And Saint (The Northern World) (The Northern World),Mari Isoaho,1,9789004151017,2006,Brill Academic Publishers,Biographie | Histoire,0,,
/books/OL12804804M,Adverbial Subordination in English,A Functional Approach (Language and Computers 41) (Language & Computers),Maria Jesus Perez Quintero,1,9789042013605,2002,Editions Rodopi B.V.,,0,,
/books/OL12660639M,Avalon Revisited,Reworkings of the Arthurian Myth,Maria Jose Alvarez Faedo,1,9783039112319,2006,Peter Lang Publishing,,0,,
/books/OL12677506M,Early Modern Humans at the Moravian Gate,The Mladec Caves and their Remains,Maria Teschler-Nicola,1,9783211235881,2007,Springer,Sciences sociales,0,,
/books/OL12799238M,Intertextuality in the Tales of Rabbi Nahman of Bratslav,A Close Reading of Sippurey Ma'asiyot (Numen Book Series) (Numen Book Series),Marianne Schleicher,1,9789004158900,2007,Brill Academic Publishers,,0,,
/books/OL13634422M,Fashion or fancy?,dress and meaning in Rembrandt's paintings,Marieke de Winkel,1,9789053566299,2004,Amsterdam University Press,,0,,
/books/OL34977560M,Origins of African Nationalism,"Continuity and Rupture in the Movements of Unity Emerging from the Struggle Against Portuguese Colonial Domination, 1911-1961",Mario Pereira | Mário Pinto de Andrade,2,9781951470036,2021,Tagus Press,Histoire,0,,
/books/OL22729824M,Singing opera in Germany,a practical guide,Marita Knobel | Brigitte Steinert,2,9783761816738,2005,Bärenreiter,,0,,
/books/OL10573786M,Boston,The Place And The People,Mark Antony De Wolfe Howe,1,9780548293058,2007,"Kessinger Publishing, LLC",Sciences sociales,0,,
/books/OL12805038M,Variation and change in the lexicon. A corpus-based analysis of adjectives in English ending in -ic and -ical (Language and Computers 63) (Language & Computers),,Mark Kaunisto,1,9789042022331,2007,Editions Rodopi BV.,,0,,
/books/OL22650240M,Implementing distributed systems with Java and CORBA,,Markus Aleksy,1,9783540241737,2005,Springer,Technologie,0,,
/books/OL12674161M,Prayers of Jewish Women,Studies of Patterns of Prayer in the Second Temple Period (Wissenschaftliche Untersuchungen Zum Neuen Testament),Markus Mcdowell,1,9783161488504,2006,Mohr Siebeck,Histoire,0,,
/books/OL12764783M,A Theological Journey Into Narnia,"An Analysis of the Message Beneath the Text of ""The Lion, the Witch and the Wardrobe"" by C.S. Lewis",Markus Mueling,1,9783525604236,2005,Vandenhoeck & Ruprecht,Religion,0,,
/books/OL12808142M,The Rhythm of Strategy,A Corporate Biography of the Salim Group of Indonesia (ICAS Publications Series),Marleen Dieleman,1,9789053560334,2008,Amsterdam University Press,,0,,
/books/OL22282506M,The age of television,,Martin Esslin,1,9780716713371,1982,Freeman,,0,,
/books/OL12747426M,Ironie Und Absolute Darstellung,Philosophie Und Poetik in Der Fruhromantik,Martin Gotze,1,9783506732002,2001,Schonigh,Philosophie,0,,
/books/OL8195946M,White House Horrors,,Martin H. Greenberg,1,9780886776596,1996,DAW,Fiction,0,,
/books/OL1541562M,Doing physics,how physicists take hold of the world,Martin H. Krieger,1,9780253331236,1992,Indiana University Press,Philosophie | Sciences,0,,
/books/OL10460230M,Government in America,"People, Politics, and Policy",Martin P. Wattenberg | George C. Edwards III | Robert L. Lineberry,3,9780321219329,2003,Addison-Wesley,,0,,
/books/OL10074950M,Water and Air (Concepts and Challenges),,Martin Schachter | Alan Winkler | Stanley Wolfe | Leonard Bernstein,4,9780130242013,2004,Globe Fearon Co,,0,,
/books/OL12808304M,The Reform of Bismarckian Pension Systems,"A Comparison of Pension Politics in Austria, France, Germany, Italy and Sweden (Amsterdam University Press - Changing Welfare States Series)",Martin Schludi,1,9789053567401,2005,Amsterdam University Press,,0,,
/books/OL341667M,Hwange,elephant country.,"Martin, David",1,9780797416673,1996,African Pub. Group,Voyage,0,,
/books/OL528323M,Victoria falls,Mosi-oa-Tunya.,"Martin, David",1,9781779011367,1996,African Pub. Group,Histoire | Voyage,0,,
/books/OL10471267M,Compassion Reconsidered,,"Martin, Ph.D. Levine | Martin Levine",2,9780533132935,2000,Vantage Pr,Sciences sociales,0,,
/books/OL10074369M,Basic Math (Prentice Hall Interactive Math),,Martin-Gay | Martingay,2,9780130194084,1999,Prentice Hall College Div,,0,,
/books/OL10074371M,Intermediate Algebra (Prentice Hall Interactive Math),,Martin-Gay | Martingay,2,9780130194183,2000,Prentice Hall College Div,,0,,
/books/OL1088628M,Ada Byron Lovelace,the lady and the computer,Mary Dodson Wade,1,9780875185989,1994,Dillon Press,Biographie | Jeunesse,0,,
/books/OL3674708M,All around Texas,regions and resources,Mary Dodson Wade,1,9781403406866,2004,Heinemann Library,Jeunesse | Voyage,0,,
/books/OL16901024M,Amazing arctic explorer Matthew Henson,,Mary Dodson Wade,1,9780766032866,2009,Enslow Publishers,Biographie | Jeunesse,0,,
/books/OL16909780M,Amazing champion of the earth Rachel Carson,,Mary Dodson Wade,1,9780766032835,2009,Enslow Publishers,Biographie | Jeunesse,0,,
/books/OL16909781M,Amazing Cherokee hero Sequoyah,,Mary Dodson Wade,1,9780766032859,2009,Enslow,Biographie | Jeunesse,0,,
/books/OL16909775M,Amazing civil war nurse Clara Barton,,Mary Dodson Wade,1,9780766032811,2009,Enslow Publishers,Biographie | Jeunesse,0,,
/books/OL16925474M,Amazing Olympic athlete Wilma Rudolph,,Mary Dodson Wade,1,9780766032828,2009,Enslow Publishers,Biographie | Jeunesse,0,,
/books/OL1556978M,Amelia Earhart,flying for adventure,Mary Dodson Wade,1,9781562940591,1992,Millbrook Press,Biographie | Jeunesse,0,,
/books/OL1150134M,Austin,the son becomes father,Mary Dodson Wade,1,9781882539086,1993,Colophon House,Biographie | Histoire | Jeunesse,0,,
/books/OL1079258M,Benedict Arnold,,Mary Dodson Wade,1,9780531201565,1994,F. Watts,Biographie | Histoire | Jeunesse,0,,
/books/OL8056562M,C.S. Lewis,The Chronicler of Narnia (Authors Teens Love),Mary Dodson Wade,1,9780766024465,2005,Enslow Publishers,Biographie | Jeunesse,0,,
/books/OL8683603M,Cabeza De Vaca,Conquistador Who Cared,Mary Dodson Wade,1,9781882539147,1994,Colophon House,Biographie | Jeunesse,0,,
/books/OL3556915M,Christopher Columbus,,Mary Dodson Wade,1,9780516228518,2003,Children's Press,Biographie | Jeunesse,0,,
/books/OL8015972M,Condoleezza Rice (Gateway Biographies),,Mary Dodson Wade,1,9780761395508,2005,Millbrook Press,Biographie | Jeunesse,0,,
/books/OL1150131M,David Crockett,sure he was right,Mary Dodson Wade,1,9780890158548,1992,Eakin Press,Biographie | Jeunesse,0,,
/books/OL1146134M,Easter fires,,Mary Dodson Wade,1,9780890154694,1984,Eakin Press,Fiction | Histoire,0,,
/books/OL7671565M,El Dia De Los Muertos,The Day of the Dead (Rookie Read-About Holidays),Mary Dodson Wade,1,9780516273549,2002,Children's Press (CT),,0,,
/books/OL7658432M,El Dia De Los Muertos/the Day of the Dead,,Mary Dodson Wade,1,9780516224930,2002,Children's Press (CT),Jeunesse,0,,
/books/OL141170M,George W. Bush,governor of Texas,Mary Dodson Wade,1,9780874431735,1999,W.S. Benson & Co.,Biographie | Jeunesse,0,,
/books/OL1277016M,Guadalupe Quintanilla,leader of the Hispanic community,Mary Dodson Wade,1,9780894906374,1995,Enslow Publishers,Biographie | Jeunesse,0,,
/books/OL10603301M,Indonesia,A Question And Answer Book (Fact Finders),Mary Dodson Wade,1,9780736864091,2006,Fact Finders,Jeunesse,0,,
/books/OL10603302M,Ireland,Question And Answer Book (Fact Finders),Mary Dodson Wade,1,9780736864107,2006,Fact Finders,Jeunesse,0,,
/books/OL23165605M,Jane Long,choosing Texas,Mary Dodson Wade,1,9781933979380,2009,Bright Sky Press,Biographie | Jeunesse,0,,
/books/OL3681723M,Joan Lowery Nixon,mystery writer,Mary Dodson Wade,1,9780766021945,2004,Enslow,Biographie | Jeunes adultes | Jeunesse | Policier et mystère,0,,
/books/OL572019M,Opa's stories,,Mary Dodson Wade,1,9781882539208,1996,Colophon House,Fiction,0,,
/books/OL3674707M,People of Texas,,Mary Dodson Wade,1,9781403406897,2004,Heinemann Library,Biographie | Histoire | Jeunesse,0,,
/books/OL8056500M,Presidents' Day,Honoring the Birthdays of Washington and Lincoln (Finding Out About Holidays),Mary Dodson Wade,1,9780766022348,2004,Enslow Elementary,Jeunesse,0,,
/books/OL7588274M,Road to San Jacinto,Texas Gains Independence (Perspectives on History (Econo-Clad)),Mary Dodson Wade,1,9780613191005,2001,Tandem Library,Jeunesse,0,,
/books/OL23170542M,Sam Houston,I am Houston,Mary Dodson Wade,1,9781933979373,2009,Bright Sky Press,Biographie | Histoire | Jeunesse,0,,
/books/OL23170440M,Stephen F. Austin,the son becomes father of Texas,Mary Dodson Wade,1,9781933979458,2009,Bright Sky Press,Biographie | Histoire | Jeunesse,0,,
/books/OL6898175M,T is for Texas,,Mary Dodson Wade,1,9781892920287,2000,GHB Publishers,Jeunesse,0,,
/books/OL16912033M,Texas history,,Mary Dodson Wade,1,9781432911515,2008,Heinemann Library,Histoire | Jeunesse,0,,
/books/OL11640739M,Texas Native Peoples (State Studies-Texas),,Mary Dodson Wade,1,9781403426970,2003,Heinemann,Histoire | Jeunesse,0,,
/books/OL11640666M,Texas Plants and Animals,,Mary Dodson Wade,1,9781403406903,2003,Heinemann,Jeunesse,0,,
/books/OL7659151M,Tiny Life on the Ground (Rookie Read-About Science),,Mary Dodson Wade,1,9780516254791,2006,Children's Press (CT),Jeunesse,0,,
/books/OL23275112M,Tsunami,monster waves,Mary Dodson Wade,1,9780766017863,2002,Enslow Publishers,Histoire | Jeunesse,0,,
/books/OL7671604M,Types of Maps (Rookie Read-About Geography),,Mary Dodson Wade,1,9780516277684,2003,Children's Press (CT),Jeunesse,0,,
/books/OL3674719M,Uniquely Texas,,Mary Dodson Wade,1,9781403406910,2004,Heinemann Library,Jeunesse,0,,
/books/OL8683604M,Yo voy a Texas,I'm Going to Texas,Mary Dodson Wade,1,9781882539185,1995,Colophon House,Fiction | Jeunesse | Voyage,0,,
/books/OL12805083M,Embodied Texts,Symbolist Playwright-Dancer Collaborations.,Mary Fleischer,1,9789042022850,2007,Rodopi,Histoire,0,,
/books/OL10163246M,Journeys,Level J (Houghton Mifflin Reading),Mary Lou Alsin | Kathryn Au | Rosalinda B. Barrera | Joseph E. Brzeinski | Ruth P. Bunyan,5,9780395436844,1989,Houghton Mifflin Company,,0,,
/books/OL10164105M,Algebra and Trigonometry,Structure and Method Solution Key,Mary P. Dolciani | Robert B. Kane | Richard G. Brown | Robert H. Sorgenfrey,4,9780395585382,1992,Mcdougal Littell/Houghton Mifflin,,0,,
/books/OL22818550M,Frankenstein,,Mary Shelley | Deborah Tempest,2,9780582426986,2000,"Pearson Education Ltd., Penguin Books",Fiction | Science-fiction,0,,
/books/OL12799293M,Metaphor and Ideology,Liber Antiquitatum Biblicarum and Literary Methods Through a Cognitive Lens (Biblical Interpretation Series),Mary Therese Descamp,1,9789004161795,2007,Not Avail,,0,,
/books/OL12677783M,New Architecture in Slovenia,,Matevz Celik,1,9783211714874,2007,Springer,Histoire,0,,
/books/OL48714943M,Grandes Journées de la Constituante,,"Mathiez, Albert",1,9783849138783,2012,tredition Verlag,Histoire,0,,
/books/OL10085995M,Student Edition of MATLAB Version 5 for Windows,,MathWorks,1,9780132724777,1997,Prentice Hall,Technologie,0,,
/books/OL12799299M,Guests in the House (The Northern World),Cultural transmission between Slavs and Scandinavians 900 to 1300 A.D.,Mats Roslund,1,9789004161894,2007,Brill,Histoire,0,,
/books/OL12770553M,Financial Cryptography,"6th International Conference, FC 2002, Southampton, Bermuda, March 11-14, 2002, Revised Papers (Lecture Notes in Computer Science)",Matt Blaze,1,9783540006466,2003,Springer,Technologie,2,,
/books/OL12774261M,Fast Software Encryption,"13th International Workshop, FSE 2006, Graz, Austria, March 15-17, 2006, Revised Selected Papers (Lecture Notes in Computer Science)",Matt Robshaw,1,9783540365976,2006,Springer,Technologie,0,,
/books/OL8892146M,The Best of Ray Bradbury,The Graphic Novel,Matt Wagner | Ray Bradbury | Mike Mignola | Jon J. Muth | Richard Corben | Mark Chiarello | Kent Williams | John Van Fleet | Daniel Torres | Wayne Douglas Barlowe | Michael Lark | Dave Gibbons | P. Craig Russell | Harvey Kurtzman,14,9781596878167,2003,IBooks Graphic Novel,,0,,
/books/OL12674202M,Colossian Hymn in Context,An Exegesis in Light of Jewish and Greco-Roman Hymnic & Epistolary Conventions (Wissenschaftliche Untersuchungen Zum Neuen Testament-2.Reihe),Matthew E. Gordley,1,9783161492556,2007,Mohr Siebeck,,0,,
/books/OL12809688M,Financial Cryptography,"Third International Conference, FC'99 Anguilla, British West Indies, February 22-25, 1999 Proceedings (Lecture Notes in Computer Science)",Matthew Franklin,1,9783540663621,1999,Springer,Technologie,2,,
/books/OL12830950M,Innere Form Und Poetizitat,Die Theorie Aleksandr Potebnjas in Ihrem Begriffsgeschichtlichen Kontext (Slavische Literaturen. Texte Und Abhandlungen),Matthias Aumuller,1,9783631545201,2005,Peter Lang Publishing,Philosophie,0,,
/books/OL12918006M,Evolution in Action (Museum Guides),,Matthias Glaubrecht,1,9783791338576,2007,Prestel USA,Histoire,0,,
/books/OL12910253M,The Raspberry Ice Cream War,A Comic Book for Young People on a Peaceful Europe without Frontiers,"Matthias; Michael Jager, ed. Ripp",1,9789282823354,1998,Office for Official Publications of the European Communities,Jeunesse,0,,
/books/OL12799288M,Isaiah Among The Ancient Near Eastern Prophets,A Comparative Study of the Earliest Stages of the Isaiah Tradition and the Neo-Assyrian Prophecies (Supplements to the Vetus Testamentum),Matthijs J. De Jong,1,9789004161610,2007,Brill,Religion,0,,
/books/OL49130M,Uncovering your ancestry through family photographs,,Maureen Alice Taylor,1,9781558705272,2000,Betterway Books,Histoire,0,,
/books/OL4179663M,Xingu,tribal territory,Maureen Bisilliat,1,9780002168847,1979,Collins,,0,,
/books/OL21729466M,New renaissance,essays in search of wholeness,Maurice Ash,1,9781870098007,1987,Green Books,Sciences sociales,0,,
/books/OL12774930M,Multimedia Databases and Image Communication,"Second International Workshop, MDIC 2001, Amalfi, Italy, September 17-18, 2001. Proceedings (Lecture Notes in Computer Science)",Maurizio Tucci,1,9783540425878,2001,Springer,Technologie,0,,
/books/OL10517089M,Jonathan And His Continent,Rambles Through American Society,Max O'Rell | Jack Allyn,2,9780548144626,2007,"Kessinger Publishing, LLC",Sciences sociales,0,,
/books/OL12774229M,Decoherence and the Quantum-To-Classical Transition (The Frontiers Collection),,Maximilian A. Schlosshauer,1,9783540357735,2007,Springer,,0,,
/books/OL10171611M,In Conflict & Order,Understanding Society,Maxine Baca Zinn | D. Stanley Eitzen,2,9780205301867,1998,Allyn & Bacon,Sciences sociales,0,,
/books/OL20372908M,Music and mysticism,,Maxwell Steer,1,9783718659302,1996,Harwood Academic Publishers,Musique,0,,
/books/OL23170116M,"Above all, don't look back",,Maïssa Bey,1,9780813928432,2009,University of Virginia Press,Fiction,0,,
/books/OL19470280M,Aspects of seventeenth-century French drama and thought,,"McBride, Robert",1,,1979,"Rowman and Littlefield, 1979.",,0,,
/books/OL10173765M,En Espanol Uno,,McDougal | Littell,2,9780395953419,1999,Mcdougal Littell/Houghton Mifflin,,0,,
/books/OL3667108M,An Improper Proposal,,Meg Cabot,1,9780312971908,1999,St. Martin's Paperbacks,,0,,
/books/OL3664859M,Educating Caroline,,Meg Cabot,1,9780743410267,2001,Sonnet Books,Romance,0,,
/books/OL3282518M,Kiss the bride,,Meg Cabot,1,9780743410281,2002,Sonnet Books,Fiction,0,,
/books/OL3664858M,Lady of Skye,,Meg Cabot,1,9780743410274,2001,Sonnet Books,Fiction,0,,
/books/OL141078M,Portrait of my heart,,Meg Cabot,1,9780312968144,1999,St. Martin's Paperbacks,Fiction | Romance,0,,
/books/OL3475084M,Where Roses Grow Wild,,Meg Cabot,1,9780312964894,1998,St. Martin's Paperbacks,Romance,0,,
/books/OL1354288M,101 wacky camping jokes,,Melvin Berger,1,9780590457736,1992,Scholastic,,0,,
/books/OL7949474M,Scheherazade Goes West,,"Mernissi, Fatima.",1,9780743412438,2001,Washington Square Press,Sciences sociales,0,,
/books/OL13571494M,Social studies and the world,teaching global perspectives,Merry M. Merryfield,1,9780879860974,2005,National Council for the Social Studies,Sciences sociales,0,,
/books/OL399301M,Case of the impounded hounds,,Michael Anthony Steele,1,9781570645860,1999,Big Red Chair Books,Fiction,0,,
/books/OL398590M,Digging to the center of the earth,,Michael Anthony Steele,1,9781570643934,1999,Big Red Chair Books,Fiction | Science-fiction,0,,
/books/OL396866M,Forgotten heroes,,Michael Anthony Steele,1,9781570642883,1998,Big Red Chair Books,Fiction,0,,
/books/OL3435534M,Winx club,dragon fire,Michael Anthony Steele,1,9780439691512,2005,Scholastic,Fantasy | Science-fiction,0,,
/books/OL16693876M,Housing and social change in Europe and the USA,,Michael Ball,1,9780415049948,1990,Routledge,,0,,
/books/OL1721558M,Paddington rides on!,,Michael Bond,1,9780694004614,1993,HarperFestival,BD et romans graphiques | Fiction,0,,
/books/OL10423595M,Study Guide for Human Heredity,Principles and Issues,Michael Cummings | Nancy Shontz,2,9780314224613,1997,Wadsworth Publishing Company,Sciences | Sciences sociales,0,,
/books/OL12664804M,The Restoration of Israel,Israel's Re-gathering and the Fate of the Nations in Early Jewish Literature and Luke-Acts (Beihefte Zur Zeitschrift Fur Die ... 138),Michael E. Fuller,1,9783110188967,2006,Walter de Gruyter,Histoire,0,,
/books/OL23447848M,The Philosophy of Shakspere: Extracted from His Plays,,Michael Henry Rankin | William Shakespeare,2,,1841,Whittaker and Co.,,0,,
/books/OL11759076M,The Tudors,King Takes Queen (The Tudors),Michael Hirst | Elizabeth Massie,2,9781416948872,2008,Simon Spotlight Entertainment,Fiction | Histoire,0,,
/books/OL12766974M,From Genome To Proteome,Advaances in the Practice and Application of Proteomics,"Michael J., Ed. Dunn",1,9783527301546,2000,QUALITY RESOURCES,Sciences,0,,
/books/OL12698782M,The Power of Geometry,Mathematical Instruments and Princely Mechanical Devices from Around 1600 in the Mathematisch-phsikalischer Salon,Michael Korey,1,9783422067264,2007,Deutscher Kunstverlag,,0,,
/books/OL10175670M,Self-Instruction Pedagogy,How to Teach Self-determined Learning,Michael L. Wehmeyer | James E. Martin | Deirdre K. Mithaug | Dennis E. Mithaug | Martin Agran,5,9780398077235,2007,Charles C Thomas Pub Ltd,Éducation,0,,
/books/OL13526403M,Modern philosophy of history,its origin and destination,Michael Murray,1,,1970,Nijhoff,Histoire | Philosophie,0,,
/books/OL10073544M,Laboratory Guide and Dissection Manual Human Anatomy (2nd Edition),,Michael P. McKinley | Michael J. Timmons,2,9780130100177,1999,Pearson Education,,0,,
/books/OL12798935M,Tang China And The Collapse Of The Uighur Empire,A Documentary History (Brill's Inner Asian Library),Michael R. Drompp,1,9789004141292,2004,Brill Academic Publishers,Histoire,0,,
/books/OL21133867M,Primary philosophy,,Michael Scriven,1,,1966,McGraw-Hill,Philosophie,0,,
/books/OL10073028M,The Cytokine Handbook,,Michael T. Lotze | Angus W. Thomson,2,9780126896657,2003,Academic Pr,Sciences,0,,
/books/OL12809649M,Modelling Spatial Processes,The Identification and Analysis of Spatial Relationships in Regression Residuals by Means of Moran's I (Lecture Notes in Earth Sciences),Michael Tiefelsdorf,1,9783540662082,2000,Springer,,0,,
/books/OL12804965M,Plato's Cratylus,"Argument, Form, and Structure (Value Inquiry Book Series 168) (Value Inquiry Book)",Michael W. Riley,1,9789042018754,2005,Rodopi,Philosophie,0,,
/books/OL12803350M,Swiss Made,The Art of Falling Apart,Michaela Unterdorfer,1,9789040090783,2006,Waanders Uitgevers,,0,,
/books/OL22224314M,Power,,Michel Foucault,1,9781565842571,2000,New Press,Philosophie | Politique,0,,
/books/OL14986883M,The archaeology of knowledge,,Michel Foucault,1,9780415045377,1989,Routledge,,0,,
/books/OL16725872M,The birth of biopolitics,"lectures at the Collège de France, 1978-1979",Michel Foucault,1,9781403986542,2008,Palgrave Macmillan,Histoire | Philosophie | Politique | Sciences sociales,0,,
/books/OL20914644M,An American artist in Tokyo,"Frances Blakemore, 1906-1997",Michiyo Morioka,1,9780295987736,2007,Blakemore Foundation,Biographie,0,,
/books/OL38601M,Modern masters of Kyoto,"the transformation of Japanese painting traditions, nihonga from the Griffith and Patricia Way collection",Michiyo Morioka,1,9780932216533,1999,Seattle Art Museum,Biographie,0,,
/books/OL12660603M,Babysitting the Reader,"Translating English Narrative Fiction for Girls into Dutch, 1946-1995 (Europäische Kinder- Und Jugendliteratur Im Interkulturellen Kontext)",Mieke K. T. Desmet,1,9783039111473,2007,Peter Lang Publishing,Jeunesse,0,,
/books/OL396586M,Miguel Rio Branco,,Miguel Rio Branco,1,9780893818012,1998,Aperture,,0,,
/books/OL23197730M,Empire and local worlds,a Chinese model for long-term historical anthropology,Mingming Wang,1,9781598744040,2009,Left Coast Press,Histoire | Politique,0,,
/books/OL30725207M,Teodoro González de León,obra reunida = collected works,Miquel Adrià,1,9786074554212,2010,Arquine,Histoire,0,,
/books/OL12810401M,Mathematics and Culture in Europe,"Mathematics in Art, Technology, Cinema, and Theatre",Mirella Manaresi,1,9783540719632,2007,Springer,,0,,
/books/OL12854588M,"Art, Politics, & Cultural Identification In Sudan (Aesthetica Upsaliensia)",,Mohamed Abusabib,1,9789155458874,2004,Uppsala Universitet,Arts,0,,
/books/OL12799271M,Jinn Eviction as a Discourse of Power (Islam in Africa),,Mohammed Maarouf,1,9789004160996,2007,BRILL,,0,,
/books/OL12799135M,"Proceedings of the Tenth Seminar of the IATS, 2003, Volume 10 Soundings in Tibetan Medicine (Brill's Tibetan Studies Library)",,Mona Schrempf,1,9789004155503,2007,BRILL,Histoire,0,,
/books/OL12857132M,Swedish Graphic Designers 2004,,Monika Sarstad,1,9789197441308,2003,Arvinius Forlag,,0,,
/books/OL21462650M,The drama of power,studies in Shakespeare's history plays,Moody Erasmus Prior,1,9780810104211,1973,Northwestern University Press,Histoire,0,,
/books/OL2778438M,The diaries of Edmund Montague Morris,"western journeys, 1907-1910","Morris, Edmund",1,9780888542595,1985,Royal Ontario Museum,Biographie | Voyage,0,,
/books/OL12674176M,Herod Antipas in Galilee,The Literary and Archaeological Sources on the Reign of Herod Antipas and Its Socio-economic Impact on Galilee (Wissenschaftliche Untersuchungen Zum Neuen Testament 2.Reihe),Morten Horning Jensen | Morten Hørning Jensen,2,9783161489679,2006,Mohr Siebrek Ek,Biographie | Histoire,0,,
/books/OL12798896M,Late Samaritan Hebrew,A Linguistic Analysis Of Its Different Types (Studies in Semitic Languages and Linguistics),Moshe Florentin,1,9789004138414,2005,Brill Academic Publishers,Histoire,0,,
/books/OL21430635M,Knowledge acquisition for knowledge-based systems,,Motoda,1,9789051990447,1991,IOS Press,,0,,
/books/OL12148764M,Philosophical Instructions,,MuhÌ£ammad TaqiÌ MisÌ£baÌhÌ£ YazdiÌ | Ayatullah Muhammad Taqi Misbah Yazdi | Muhammad Taqi Misbah Yazdi,3,9781883058753,2000,Global Publications,,0,,
/books/OL12767623M,Phenotypic and Genotypic Diagnosis of Malignancies,An Immunohistochemical and Molecular Approach,Muin S. A. Tuffaha,1,9783527318810,2008,Wiley-VCH,Sciences,0,,
/books/OL12808374M,"Feeling Threatened, Muslim-Chritian Relations In Indonesia's New Order",,Mujiburrahman,1,9789053569382,2006,Amsterdam University Press,,0,,
/books/OL13133378M,Evolution of Indian PHilosophy,,Murty; K Satchidananda,1,9788124603949,2006,DK Printworld,Histoire,0,,
/books/OL12740085M,Anthems & Anthem Composers,An Essay Upon the Development of the Anthem from the Time of the Reformation to the End of the Nineteenth Century,Myles B. Foster,1,9783487069524,1980,Not Avail,,0,,
/books/OL12771409M,Semantics-Directed Compiler Generation,"Proceedings of a Workshop, Aarhus, Denmark, January 14-18, 1980 (Lecture Notes in Computer Science)",N.D. Jones,1,9783540102502,1980,Springer,Technologie,0,,
/books/OL10101428M,Math Plus,,Na,1,9780153051074,1994,Harcourt School,,0,,
/books/OL10076232M,Vocabulary And Spelling Practice Book,"Prentice Hall Literature Timeless Voices, Timless Themes",Na,1,9780130434883,2001,Pearson Prentice Hall,,0,,
/books/OL23013578M,Water margin,,Nai'an Shi,1,9789812290601,1998,Asiapac,BD et romans graphiques,0,,
/books/OL396887M,Dr. Jekyll and Mr. Dog,,Nancy Butcher,1,9781570643880,1998,Big Red Chair Books,Fiction,0,,
/books/OL6781512M,Lights! camera! action dog!,,Nancy Butcher,1,9780836826944,2000,Gareth Stevens Pub.,Fiction | Policier et mystère,0,,
/books/OL3282961M,"Surf, sand, and secrets",,Nancy Butcher,1,9780061066641,2002,HarperEntertainment,,0,,
/books/OL10079501M,"Computers, Brief Edition",,Nancy Long | Larry Long,2,9780130962546,1998,Prentice Hall,Technologie,2,,
/books/OL10093266M,"Computers, Brief Edition",,Nancy Long | Larry Long,2,9780137556045,1997,Prentice Hall,Technologie,2,,
/books/OL10083107M,Retail Best Practices and Quick Reference to Food Safety & Sanitation Trainer's Kit,,Nancy R. Rue | FMI | Anna Graf Williams,3,9780131777071,2004,Prentice Hall,,0,,
/books/OL13173300M,Personal Law Reforms and Gender Empowerment ; A Debate on Uniform Civil Code,,Nandini Chavan,1,9788178710792,2006,Hope India Publications,,0,,
/books/OL12798836M,"Hebrew Style in the Liturgical Poetry of Shmuel Hashlishi (Hebrew Language and Literature, 5)",,Naoya Katsumata,1,9789004131514,2003,Brill Academic Publishers,,0,,
/books/OL12798732M,The Liturgical Poetry of Nehemiah Ben Shelomoh Ben Heiman Ha-Nasi (Hebrew Language and Literature),,Naoya Katsumata,1,9789004123908,2001,Brill Academic Publishers,,0,,
/books/OL10105839M,Yanomamo/the Dobe Ju/'Hoansi 2nd Edition,,Napoleon A. Chagnon | Richard B. Lee,2,9780155103412,1998,Harcourt College Pub,Sciences sociales,0,,
/books/OL7394561M,Ethnicity and Populist Mobilization,"Political Parties, Citizens and Democracy in South India",Narendra Subramanian,1,9780195652239,2000,"Oxford University Press, USA",Politique,0,,
/books/OL12798737M,"Style and Form in Old-Babylonian Literary Texts (Cuneiform Monographs, 27)",,Nathan Wasserman,1,9789004124042,2003,Brill Academic Publishers,,0,,
/books/OL20290790M,Nedko Solakov,earlier works,Nedko Solakov,1,9783939583073,2006,Kehrer,,0,,
/books/OL10084102M,Biology,Concepts & Connections,Neil Allison Campbell | Jane B. Reece | Martha R. Taylor | Eric J. Simon,4,9780131934801,2005,Prentice Hall College Div,,2,,
/books/OL22651485M,Thucydides' war,accounting for the faces of conflict,Neil Morpeth,1,9783487132563,2006,Olms,Histoire,0,,
/books/OL21592709M,Altruism,,Niall Scott,1,9780335222490,2007,Open University Press,Histoire | Philosophie,0,,
/books/OL12805057M,Monsters and the Monstrous,Myths and Metaphors of Enduring Evil (At the Interface/Probing the Boundaries),Niall Scott,1,9789042022539,2007,Rodopi,,0,,
/books/OL12876906M,Nic Hess,51 Views of Mount Matterhorn,Nic Hess,1,9783775791090,2002,Hatje Cantz Publishers,,0,,
/books/OL12798759M,Proclus of Constantinople and the Cult of the Virgin in Late Antiquity,"Homilies 1-5, Texts and Translations (Vigiliae Christianae, Supplements, 66)",Nicholas Constas | Proclus Diadochus,2,9789004126121,2003,Brill Academic Publishers,Religion,0,,
/books/OL22284376M,Public concerns,philosophical studies of social issues,Nicholas Rescher,1,9780847681259,1995,Rowman & Littlefield,,0,,
/books/OL12658668M,13,55 Eastern Standard Time,"Nick, Alexander",1,9782952489966,2007,BIGfib Books,Fiction,0,,
/books/OL564278M,Social science in Southeast Asia,from particularism to universalism,Nico Schulte Nordholt,1,9789053834275,1995,VU University Press,Sciences sociales,0,,
/books/OL12321552M,"Nuestra Fantastica Tierra (Discovery Guides (""Our Wonderful World""))",,Nicola Baxter,1,9781587286490,1997,"Two-Can Publishing, Inc.",,0,,
/books/OL658412M,Parallel universe,an interactive time adventure,Nicola Baxter,1,9780531144657,1997,F. Watts/Grolier Pub.,Jeunesse,0,,
/books/OL18818235M,Rocket rescue,,Nicola Baxter,1,9780751328721,2000,Dorling Kindersley,Fiction,0,,
/books/OL812800M,Winter,,Nicola Baxter,1,9780516092775,1996,Children's Press,Jeunesse,0,,
/books/OL12674183M,Knowledge and Religious Authority in the Pseudo-Clementines,Situating the Recognitions in Fourth Century Syria (Wissenschaftliche Untersuchungen Zum Neuen Testament 2. Riehe),Nicole Kelley,1,9783161490361,2006,Mohr Siebeck,Religion,0,,
/books/OL21560306M,Technopolis,social control of the uses of science,Nigel Calder,1,9780586033166,1970,Panther,Sciences | Technologie,0,,
/books/OL12804115M,The Legal Regime of the Turkish Straits (International Straits of the World),,Nihan Unlu,1,9789041119049,2002,Springer,,0,,
/books/OL12799255M,"Wisdom in Loose Form (Mnemosyne, Bibliotheca Classica Batava Supplementum)",,Nikolaos L. Lazaridis,1,9789004160583,2007,BRILL,,0,,
/books/OL24060389M,Self-knowledge,an essay in autobiography,Nikolaĭ Berdi͡aev,1,9781597312585,2009,Semantron Press,Biographie | Philosophie | Religion,0,,
/books/OL24060390M,Spirit and reality,,Nikolaĭ Berdi͡aev,1,9781597312547,2009,Semantron Press,Philosophie | Religion,0,,
/books/OL16677031M,The destiny of man.,,Nikolaĭ Berdi͡aev,1,,1937,C. Scribner's sons,,0,,
/books/OL22802763M,The destiny of man. [Translated from the Russian by Natalie Duddingron],,Nikolaĭ Berdi͡aev,1,,1937,G. Bles,Technologie,0,,
/books/OL23530545M,The end of our time,together with an essay on the general line of Soviet philosophy.,Nikolaĭ Berdi͡aev,1,,1933,"Sheed & Ward, inc.",Histoire | Philosophie,0,,
/books/OL21172291M,The fate of man in the modern world,,Nikolaĭ Berdi͡aev,1,,1961,University of Michigan Press,Philosophie,0,,
/books/OL24060392M,The meaning of history,,Nikolaĭ Berdi͡aev,1,9781597312578,2009,Semantron Press,Histoire | Philosophie,2,,
/books/OL18093232M,The meaning of history.,,Nikolaĭ Berdi͡aev,1,,1936,G. Bles: the Centenary Press,Histoire | Philosophie,2,,
/books/OL14636899M,The origin of Russian communism,,Nikolaĭ Berdi͡aev,1,,1937,"G. Bles, The Centenary Press",Histoire | Religion,0,,
/books/OL16352009M,The realm of spirit and the realm of Caesar,,Nikolaĭ Berdi͡aev,1,,1953,Harper,Philosophie,0,,
/books/OL3405739M,Friedrich Nietzsche on the philosophy of right and the state,,Nikos Kazantzakis | Odysseus Makridis,2,9780791467312,2006,State University of New York Press,,0,,
/books/OL12740058M,The Anglo-Saxons in England During the Early Centuries After the Invasion,,Nils Aberg,1,9783487057231,1975,Georg Olms Publishers,,0,,
/books/OL12854865M,Swedish West Coast Through the Artist's Eye,,Nils-olof Olsson,1,9789163157981,2004,Coronet Books Inc,Histoire,0,,
/books/OL13175178M,Vicradipa of Bhagavatkavi,,Nina Bhavnagari,1,9788180900983,2006,"Bharatiya Kala Prakashan,India",,0,,
/books/OL2778510M,Guide to East Africa,"Kenya, Tanzania, and the Seychelles",Nina Casimati | Nina Cassimati,2,9780902743526,1986,M. Haag,,0,,
/books/OL3430978M,Representing India,ethnic diversity and the governance of public institutions,Niraja Gopal Jayal,1,9781403986122,2006,Palgrave Macmillan,Politique,0,,
/books/OL18504778M,The collected works of Norbert Elias.,,Norbert Elias,1,9781904558392,2006,University College Dublin Press,Philosophie | Sciences sociales,0,,
/books/OL12678437M,"Psychiatry, Psychoimmunology, and Viruses (Key Topics in Brain Research)",,Norbert Müller,1,9783211832493,1999,Springer,,0,,
/books/OL10229186M,Citizenship and Rights in Thatcher's Britain (Choice in Welfare),,"Norman P. Barry | Plant, Raymond. | Institute of Economic Affairs | Raymond Plant",4,9780255362610,1990,Institute of Economic Affairs (IEA),Politique | Sciences sociales,0,,
/books/OL12894955M,Human Development,,North South Roundtable,1,9789211260038,1986,United Nations,Éducation,0,,
/books/OL18335956M,Program planning & proposal writing,,Norton J. Kiritz,1,,1980,Grantsmanship Center,,0,,
/books/OL19860837M,The unknown Modigliani,"unpublished papers, documents and drawings from the former collection of Paul Alexandre",Noël Alexandre,1,9789061532965,1993,Fonds Mercator,,0,,
/books/OL521328M,"Guns, girls, gambling, ganja",Thailand's illegal economy and public policy,Nualnoi Treerat. | Sangsit Phiriyarangsan | Pasuk Phongpaichit.,3,9789747100754,1998,Silkworm Books,Politique | Économie et entreprise,0,,
/books/OL12806671M,Policy Analysis in Multi-Actor Policy Settings,Navigating Between Negotiated Nonsense and Superfluous Knowledge,Odette van de Riet,1,9789051669510,2007,Eburon,,0,,
/books/OL12919902M,Schumann Forschungen 8,(German) (Schumann Forschungen),Olga Lossewa,1,9783795705077,2004,Schott,Voyage,0,,
/books/OL17634609M,Being and event,,Oliver Feltham | Alain Badiou | Alain Badiou,3,9780826495297,2007,Continuum,Histoire | Philosophie,0,,
/books/OL12775449M,Lateral Alignment of Epitaxial Quantum Dots (NanoScience and Technology) (NanoScience and Technology),,Oliver G. Schmidt,1,9783540469353,2007,Springer,,0,,
/books/OL30656823M,Matthias Flacius and the survival of Luther's reform,,Oliver K. Olson,1,9780984535101,2011,"Lutheran Press, Inc.",,0,,
/books/OL10672316M,Africation,,Oluwole | Artley,2,9780741439321,2007,Infinity Pub,Sciences sociales,0,,
/books/OL155129M,The anvil of dreams,poems,Omar Tarin,1,9789698127046,1994,Leo Books,Philosophie,0,,
/books/OL13113817M,Art of Motivation,,Ong Hean Tatt,1,9789679784640,1997,Pelanduk Publications,,0,,
/books/OL12808520M,Tales of the Great Victory,,"Oostdijk, D. & Valenta, M.G.",1,9789053839768,2007,VU Uitgeverij,Histoire,0,,
/books/OL14639234M,Words for the people,in three parts ...,Origen comm,1,,1982,"Press of Case, Lockwood",Politique,0,,
/books/OL12829576M,Christian August Brandis,A Study of the Lost Books of Aristotle on the Ideas And on the Good or on Philosophy (Studia Philosophica Et Historica),Orrin F. Summerell,1,9783631514870,2004,Peter Lang Publishing,Philosophie,0,,
/books/OL21698940M,Liquid assets,new pocket cartoons.,Osbert Lancaster,1,9780719532382,1975,Murray,,0,,
/books/OL12804811M,The Dissolution of Mind,A Fable of How Experience Gives Rise to Cognition (Value Inquiry Book Series 128) (Value Inquiry Book),Oscar Vilarroya,1,9789042013704,2002,Editions Rodopi B.V.,Philosophie,0,,
/books/OL12985584M,Power and Victimization - The Rhetoric of Sociopolitical Power and Representations of Victimhood in Contemporary Literature,"Proceedings of a Symposium ... Haliç University, Istanbul, 13-15 April 2005",Oya Berk,1,9783898215336,2007,ibidem-Verlag,,0,,
/books/OL12663912M,Reading Cases and Exercises,Managing Organizations in Africa,P. Blunt,1,9783110136708,1993,Walter De Gruyter Inc,,0,,
/books/OL12850464M,Pyke Koch,Paintings and Drawings,P. F. C. Koch,1,9789069181431,1996,Museum Boymans van Beuningen,,0,,
/books/OL12852629M,"Nietzsche, Ethics and Education",,P. Fitzsimons,1,9789087900458,2007,Sense Publishers,,0,,
/books/OL49268M,Confucian moral self cultivation,,P. J. Ivanhoe,1,9780872205093,2000,Hackett Pub.,,0,,
/books/OL12807385M,"Knowledge-Based Software Engineering, (Frontiers in Artificial Intelligence and Applications, 48)",,P. Navrat,1,9789051994179,1998,Ios Pr Inc,,0,,
/books/OL12777149M,Cap-Independent Translation,,P. Sarnow,1,9783540591214,1995,SPRINGER-VERLAG,,0,,
/books/OL10083892M,"Science Explorer, Cells and Heredity",with 6 year access,Padilla | Cyr | Miaoulis,3,9780131902565,2004,Pearson Prentice Hall,,0,,
/books/OL10092078M,Engineering Drawing,Problem Series 3,Paige Davis | Karen Renee Juneau,2,9780136591115,1999,Prentice Hall College Div,Technologie,0,,
/books/OL13214804M,"Passion, Promises and Punishment",,Pall S. Ardal,1,9789979543480,1999,Univ of Iceland Pr,Philosophie,0,,
/books/OL689669M,Knock at a star,,Pamela Hill,1,9780783883199,1998,Chivers Press,Fiction | Histoire | Romance,0,,
/books/OL31881112M,My Lady Glamis,,Pamela Hill,1,9780709023319,1985,Robert Hale,Fiction | Histoire,0,,
/books/OL3300324M,O madcap duchess,Pamela Hill.,Pamela Hill,1,9780786274383,2005,Thorndike Press,Fiction | Histoire | Romance,0,,
/books/OL5305628M,The devil of Aske,a novel.,Pamela Hill,1,,1972,St. Martin's Press,Fiction | Histoire,0,,
/books/OL11044926M,Venus Rising,,Pamela Hill,1,9780786266173,2004,Thorndike Press,Fiction | Histoire,0,,
/books/OL9010130M,Starck's Kids,,Pascale Cassagnau,1,9782906571846,1999,Dis Voir,Histoire,0,,
/books/OL12798987M,Protestant Nations Redefined,"Changing Perceptions of National Identity in the Rhetoric of the English... (Studies in Medieval and Reformation Traditions,)",Pasi Ihalainen,1,9789004144859,2005,Brill Academic Pub,Histoire,0,,
/books/OL10167179M,Civilization in the West,To 1500,Patricia O'Brien | Mark A. Kishlansky | Patrick J. Geary,3,9780201475197,1999,Addison-Wesley,Sciences sociales,0,,
/books/OL19394638M,Imagine a metropolis,"Rotterdam's creative class, 1970-2000",Patricia van Ulzen,1,9789064506215,2007,010 Publishers,Histoire,0,,
/books/OL12656801M,"D-DAY HEROES, THE",,Patrick Bousquet,1,9782915762044,2007,Orep,Jeunesse,0,,
/books/OL9073233M,Patrizia Della Porta,,Patrizia della Porta,1,9788881584857,2004,Charta/Galleria Fotografia Italiana,,0,,
/books/OL12798893M,"In Pursuit of Purity, Unity, and Liberty",Richard Baxter's Puritan Ecclesiology in Its Seventeenth-Century Context (Studies in the History of Christian Thought),Paul Chang-Ha Lim,1,9789004138124,2004,Brill Academic Publishers,,0,,
/books/OL12772250M,Caap'86,,Paul Franchi-Zannettacci,1,9783540164432,1986,Springer,,0,,
/books/OL10471377M,One Hand Is No Applauder,,"Paul Heinberg | Paul, Ph.D. Heinberg | Terry A., Ph.D. Welden",3,9780533134427,2001,Vantage Pr,Sciences sociales,0,,
/books/OL4879918M,Paul McCartney in his own words,,Paul McCartney,1,9780825639104,1976,Flash : [distributed by Quick Fox],Biographie,0,,
/books/OL20943164M,"Law, socialism and democracy",,Paul Q. Hirst,1,9780043012536,1986,Allen & Unwin,Politique,0,,
/books/OL12804883M,Bolzano's Philosophy and the Emergence of Modern Mathematics.,,Paul Rusnock,1,9789042015012,2000,Rodopi Bv Editions,Philosophie,0,,
/books/OL13214661M,Galapagos Bedtime Stories,,Paula Tagle Saad,1,9789978435083,,,,0,,
/books/OL5302072M,Travel with your pet,,Paula Weideger,1,9780671214494,1973,Simon and Schuster,,0,,
/books/OL2731198M,Science for sane societies,,Paulos Gregorios,1,9780913757703,1987,Paragon House,Philosophie | Sciences,0,,
/books/OL13432045M,Frans Post 1612-1680,Catalogue Raisonne,Pedro Corrêa do Lago,1,9788874393947,2007,5 Continents Editions,Voyage,0,,
/books/OL10105876M,Writing,Form and Style,"Peggy B. Jolley | John B., Jr. Jolly",2,9780155129238,1999,Harcourt College Pub,,0,,
/books/OL17990585M,Borrowing court systems,the experience of Socialist Vietnam,Penelope Nicholson,1,9789004156319,2007,Martinus Nijhoff Publishers,Histoire,0,,
/books/OL20932599M,Earth,,Penelope York,1,9780789488671,2002,DK Pub.,Jeunesse,0,,
/books/OL18394989M,Saving Private Ryan,,penguin | Max Collins | Jacqueline Kehl,3,9780582419834,2000,Pearson Education,Fiction,0,,
/books/OL19773129M,The world of the microscope.,,Penny Kirkpatrick,1,,1977,Macdonald and Co.,,0,,
/books/OL12845399M,Creating Grand Illusions,The Art and Techniques of Trompe I'Oeil,Peta Laurisen,1,9789057039713,1999,Fine Art Publishing,,0,,
/books/OL45095M,Crying wolf,,Peter Abrahams,1,9780345423856,2000,Ballantine Books,Fiction,0,,
/books/OL18518950M,The future of complexity,conceiving a better way to understand order and chaos,Peter Baofu,1,9789812708984,2007,World Scientific,Philosophie | Sciences,0,,
/books/OL16490314M,.45-caliber deathtrap,,Peter Brandvold,1,9781410406934,2008,Thorndike Press,Fiction,0,,
/books/OL23572811M,.45-caliber fury,,Peter Brandvold,1,9780786287963,2006,Thorndike Press,,0,,
/books/OL7505347M,.45-Caliber Manhunt,,Peter Brandvold,1,9780425208458,2006,Berkley,Fiction,0,,
/books/OL3560678M,Once a lawman,,Peter Brandvold,1,9781587242397,2002,Wheeler Pub.,Fiction,0,,
/books/OL3306937M,Once late with a .38,,Peter Brandvold,1,9781587247569,2004,Wheeler Pub.,Fiction,0,,
/books/OL23147945M,Once upon a dead man,,Peter Brandvold,1,9781597229722,2009,Wheeler Pub.,Fiction | Policier et mystère,0,,
/books/OL3472002M,Staring down the devil,,Peter Brandvold,1,9780425198766,2004,Berkley Books,Fiction,0,,
/books/OL3305779M,The devil gets his due,,Peter Brandvold,1,9781587247507,2004,Wheeler Pub.,Fiction,0,,
/books/OL3414657M,The devil's lair,,Peter Brandvold,1,9780786283408,2006,Thorndike Press,Fiction,0,,
/books/OL26155045M,Ethics Radical Thinkers,,Peter Hallward | Alain Badiou,2,9781781680186,2013,Verso,,0,,
/books/OL10610841M,Violent Societies,,Peter J. Nebergall | Ph.D. Peter J. Nebergall | Dr. Norman Roberts,3,9780738834993,2000,Xlibris Corporation,Sciences sociales,0,,
/books/OL12851752M,Japan Verwoord,"Nihon door Nederlands ogen, 1600-1799",Peter J.A.N. Rietbergen,1,9789074822541,2003,KIT Publishers,Histoire | Voyage,0,,
/books/OL22393557M,Joel & Ethan Coen,,Peter Korte | Peter Körte | Georg Seesslen,3,9781840230970,1999,Titan,,0,,
/books/OL24615376M,Moderne ṿisenshafṭ un anarkhye,,Peter Kropotkin,1,,1913,"Ferlag ""Arbayṭer fraynd""",Histoire | Philosophie | Sciences,0,,
/books/OL12798817M,The Psalms of the Tamid Service,A Liturgical Text from the Second Temple (Supplements to Vetus Testamentum),Peter L. Trudinger,1,9789004129689,2004,Brill Academic Publishers,Histoire,0,,
/books/OL12851045M,Thought Palaces,,Peter Magyar,1,9789071570230,1999,Architectura & Natura,Philosophie,0,,
/books/OL12806635M,"Science, Nature, and Ethics",Critical Philosophical Studies,Peter P. Kirschenmann,1,9789051668421,2004,"Eburon Publishers, Delft",Philosophie | Sciences,0,,
/books/OL12678707M,Architektur aus der Fabrik,,Peter Schreibmayer,1,9783211838693,2002,Springer,Histoire,0,,
/books/OL12728776M,Student's Outline of Literature in English. Für Sekundarstufe II.,,Petra Lück,1,9783464063095,2000,Cornelsen,,0,,
/books/OL10575610M,"Negro Neighbors, Bond And Free",Lessons In History And Humanity,Phila M. Whipple,1,9780548312650,2007,"Kessinger Publishing, LLC",Sciences sociales,0,,
/books/OL12802053M,Study of Religion and It's Meaning,,Philip Barnhart,1,9789027977625,1977,Walter De Gruyter Inc,Religion,0,,
/books/OL12674063M,Conscience in Philo & Paul,"A Conceptual History of the Synoida Word Group (Wissenschaftliche Untersuchungen Zum Neuen Testament 2, 166)",Philip Bosman,1,9783161480003,2003,Paul Mohr Verlag,Histoire,0,,
/books/OL12799017M,Philostorgius,Church History (Sbl - Writings from the Greco-Roman World),Philip R. Amidon,1,9789004146716,2007,Brill,,0,,
/books/OL12798976M,Hippocrates in Context,Papers read at the XIth International Hipocrates Colloquium University of Newcastle upon Tyne 27-31 August 2002 (Studies in Ancient Medicine) (Studies in Ancient Medicine),Philip van der Eijk,1,9789004144309,2005,Brill Academic Publishers,Histoire,0,,
/books/OL12977456M,Unearthing the Politics of Globalization,,Philipp Muller,1,9783825869557,2004,Lit Verlag,Philosophie,0,,
/books/OL12658612M,Mayer Guide 2005 (Mayer International Auction Records),,Philippe Moreno,1,9782951804913,2008,Guide Mayer,,0,,
/books/OL10561950M,Ageing in the City,,"Phillipson, Chris. | Allison E Smith | Thomas Scharf",3,9780335215157,2008,Open University Press,Sciences sociales,0,,
/books/OL12804759M,Peirce's Pragmatism. The Design for Thinking. (Value Inquiry Book Series 107) (Value Inquiry Book Ser),,Phyllis Chiasson,1,9789042012752,2001,Rodopi Bv Editions,Philosophie,0,,
/books/OL21318410M,La vie en rose,the singers and the songs of 20th century Paris,Pierre Delanoë,1,9780500018316,1997,Thames and Hudson,,0,,
/books/OL23281643M,Biological time,,Pierre Lecomte du Noüy,1,,1937,The Macmillan company,,0,,
/books/OL23379485M,"An account of the wild tribes inhabiting the Malayan Peninsula, Sumatra, and a few neighbouring islands",with A journey in Johore and A journey in the Menangkabaw states of the Malayan Peninsula,Pierre Étienne Lazare Favre,1,,1865,Printed at the Imperial Printing-office,Voyage,0,,
/books/OL15066645M,Sos the rope,,Piers Anthony | Erik Mona | Christopher Paul Carey | Robert E. Vardeman,4,9780571091010,1970,Faber,BD et romans graphiques,0,,
/books/OL47699829M,Masterworks of Government,,Plato | Leonard Dalton Abbott,2,,1947,"Doubleday & Company, Inc.",Politique,0,,
/books/OL12765472M,Acht Philosophen Der Italienischen Renaissance,,PO Kristeller,1,9783527175055,1986,Wiley-VCH,,0,,
/books/OL12810187M,Neural Preprocessing and Control of Reactive Walking Machines,Towards Versatile Artificial Perception-Action Systems (Cognitive Technologies),Poramate Manoonpong,1,9783540688020,2007,Springer,,0,,
/books/OL16639258M,Carving blocs,communal ideology in early twentieth-century Bengal,Pradip Kumar Datta,1,9780195643794,1999,Oxford Univerity Press,Histoire | Politique,0,,
/books/OL12845237M,Mind of Society,"From a Fruitful Analogy of Minsky to a Prodigious Idea of Teilhard de Chardin (The World Futures General Evolution Studies , Vol 12)",PROVENCAL,1,9789057005145,1998,Routledge,Philosophie | Sciences sociales,0,,
/books/OL13170221M,Romance of the Ghost Maiden,Ni Xiaoqian,Pu Songung,1,9789813068513,1997,Asiapac Books,,0,,
/books/OL20991580M,Jainism,precepts and practice,Puran Chand Nahar | Krishnachandra Ghosh,2,9788185066189,1988,Caxton Publications,,0,,
/books/OL13126444M,Iqbal and the Western Philosophers,,Qaiser Nazir,1,9789694163048,2001,Iqbal Academy,Philosophie,0,,
/books/OL12926874M,Qin Yufen,,Qin Yufen,1,9783803032027,2002,Wasmuth,,0,,
/books/OL12766941M,Umweltchemikalien Physikalisch-Chemische Daten,,R Koch,1,9783527300617,1995,Wiley-VCH,Sciences,0,,
/books/OL12852654M,Democratic Practices as Learning Opportunities,,R Van der Veen,1,9789087901295,2007,Sense Publishers,Philosophie | Éducation,0,,
/books/OL12664717M,Common to Body And Soul,Philosophical Approaches to Explaining Living Behaviour,R. A. H. King,1,9783110183337,2006,Walter de Gruyter,Histoire | Philosophie,0,,
/books/OL12776063M,Bioprocesses and Applied Enzymology (Advances in Biochemical Engineering/biotechnology),,R. Blaszczyk,1,9783540527930,1990,Springer,Technologie,0,,
/books/OL19742658M,Minoan crafts,tools and techniques : an introduction,R. D. G. Evely,1,9789170810091,1993,Paul Åström,Histoire,0,,
/books/OL12774542M,Halide Perovskite-type Layer Structures (Landolt-Bornstein),,R. Geick,1,9783540412250,2001,Springer,,0,,
/books/OL12850199M,Global Encounters in the World of Art,Collisions of Tradition and Modernity,R. Lavrijsen,1,9789068322811,1998,KIT Publishers,Arts,0,,
/books/OL12674193M,Angels & Orthodoxy,A Study in Their Development in Syria and Palestine from the Qumran Texts to Ephrem the Syrian (Studies and Texts in Antiquity and Christianity),R. M. M. Tuschling,1,9783161491795,2007,Mohr Siebeck,,0,,
/books/OL691867M,Why science?,,R. Stephen White,1,9781560725312,1998,Nova Science,Sciences,0,,
/books/OL12822384M,Libraries for All,A World of Books and Their Readers,R. Vosper,1,9783598203763,1982,K G Saur Verlag Gmbh & Co,,0,,
/books/OL13179212M,"Language and Mind, Vol. 1","A Western Perspective (Kant, Fodor, Searle, Kripke)","R.C. Pradhan | National Seminar on ""Language and Mind"" (2004 Hyderabad, India)",2,9788186921340,2006,Decent Books,Philosophie,0,,
/books/OL12800604M,Dewey and His Influence,Essays in Honour of George Ester Barton (Tulane Studies in Philosophy),R.C. Whittemore,1,9789024715657,1899,Springer,Philosophie,0,,
/books/OL12800630M,The Reach of Philosophy,Essays in Honour of J.K. Feibleman (Tulane Studies in Philosophy),R.C. Whittemore,1,9789024719471,1977,Springer,Philosophie,0,,
/books/OL12931651M,"Emotion in Speech, Language, and Voice","73rd Congress of the Deutsche Gesellschaft FõR Sprach- Und Stimmheilkunde E.V (Dgss), Basel, May 2003 (Folia Phoniatrica Et Logopaedica)",Rainer Schonweiler,1,9783805577274,2004,Not Avail,,0,,
/books/OL13134764M,Islam,,Rais Siddiqi,1,9788126122226,2005,Anmol Publications Pvt Ltd,,0,,
/books/OL1399260M,Real and imagined women,"gender, culture, and postcolonialism",Rajeswari Sunder Rajan,1,9780415085038,1993,Routledge,Histoire,0,,
/books/OL22646146M,After 1989,"morals, revolution, and civil society",Ralf Dahrendorf,1,9780312176136,1997,"St. Martin's Press in association with St. Antony's College, Oxford",Histoire | Politique | Sciences sociales,0,,
/books/OL12664395M,Niemand Hat Gott Je Gesehen,Traktat Uber Negative Theologie (Theologische Bibliothek Toepelmann),Ralf Stolina,1,9783110168532,2000,Walter De Gruyter Inc,Histoire,0,,
/books/OL18118727M,Breaking away from broken windows,"Baltimore neighborhoods and the nationwide fight against crime, grime, fear, and decline",Ralph B Taylor,1,9780813397580,2001,Westview Press,,0,,
/books/OL7573875M,Autumn of the Gun,,Ralph Compton,1,9780451190451,1996,Signet,Fiction,0,,
/books/OL3559754M,Death rides a chestnut mare,,Ralph Compton,1,9780786241828,2002,Thorndike Press,Fiction,0,,
/books/OL7574147M,Death Rides a Chestnut Mare (Signet Historical Fiction),,Ralph Compton,1,9780451197610,1999,Signet,Fiction,0,,
/books/OL7574429M,Ralph Compton Death Along the Cimarron (Ralph Compton Novels),,Ralph Compton,1,9780451207692,2003,Signet,Fiction,0,,
/books/OL7574002M,Sixguns and Double Eagles,,Ralph Compton,1,9780451193315,1998,Signet,Fiction,0,,
/books/OL7574148M,"Skeleton Lode (Sundown Riders, #6)",,Ralph Compton,1,9780451197627,1999,Signet,Fiction,0,,
/books/OL7573956M,The Border Empire,,Ralph Compton,1,9780451192097,1997,Signet,Fiction,0,,
/books/OL7573736M,The dawn of fury,,Ralph Compton,1,9780451186317,1995,Signet,Fiction,0,,
/books/OL141069M,The Deadwood trail,,Ralph Compton,1,9780312968168,1999,St. Martin's Paperbacks,,0,,
/books/OL1157754M,The Goodnight Trail,,Ralph Compton,1,9780312928155,1992,St. Martin's Paperbacks,,0,,
/books/OL7573792M,The Killing Season,,Ralph Compton,1,9780451187871,1996,Signet,Fiction | Histoire,0,,
/books/OL24261842M,The Palo Duro Trail,,Ralph Compton,1,9781101082973,2009,"Penguin USA, Inc.",Fiction,0,,
/books/OL7574003M,Whiskey River (The Sundown Riders),,Ralph Compton,1,9780451193322,1999,Signet,Fiction,0,,
/books/OL13135776M,"Social Reality and Tradition, India",,Ramashanker Misra | Bijoy H. Boruah,2,9788131600405,2006,Rawat,Philosophie | Sciences sociales,0,,
/books/OL12981267M,Raoul De Keyser,Oever,Raoul de Keyser,1,9783865600615,2007,Walther Konig,,0,,
/books/OL12798866M,"Racism and Human Rights (Nijhoff Law Specials, 58.)",,Raphael Walden,1,9789004136519,2004,Brill Academic Publishers,Politique,0,,
/books/OL10089049M,Wireless Communications,Principles & Practice (SPECIAL IEEE EDITION),Rappaport | Theodore S. Rappaport | Alfred Rappaport,3,9780134610887,1995,Prentice Hall,,0,,
/books/OL12740145M,Escape from Baghdad,,Raswan,1,9783487081588,1978,Georg Olms Publishers,,0,,
/books/OL8637177M,Ray Bradbury Chronicles Volume,Volume 7,Ray Bradbury,1,9781561631124,,"Nantier, Beall, Minoustchine Publishing",,0,,
/books/OL53722322M,Something Wicked This Way Comes,,Ray Bradbury,1,9780812402186,1998,Avon Books,Fantasy | Fiction | Science-fiction,0,,
/books/OL22940559M,All that glitters,,Ray Garton,1,9780671021160,1998,Pocket Books,Fiction,0,,
/books/OL141068M,"Lights, camera, action!",,Ray Garton,1,9780671021092,1998,Pocket Books,Fiction,0,,
/books/OL8242449M,Night Life,,Ray Garton,1,9780843956757,2007,Leisure,Fiction,0,,
/books/OL8007796M,Pieces of Hate,,Ray Garton,1,9780759243996,2002,eReads.com,Fiction,0,,
/books/OL18593231M,Ravenous,,Ray Garton,1,9780843958201,2008,Leisure Books,Fiction,0,,
/books/OL23244731M,Resurrecting Ravana,,Ray Garton,1,9780671026363,2000,Pocket Books,Fiction,0,,
/books/OL8801739M,Sex and Violence in Hollywood,,Ray Garton,1,9781931081443,2001,Subterranean Press,Fiction,0,,
/books/OL7825567M,Shackled,,Ray Garton,1,9780553298918,1997,Crimeline,Fiction | Policier et mystère,0,,
/books/OL12322593M,The Folks 2,,Ray Garton,1,9781587671432,2008,Cemetery Dance Pubns,Fiction,0,,
/books/OL8242428M,The Loveliest Dead,,Ray Garton,1,9780843956481,2006,Leisure Books,,0,,
/books/OL8825384M,The New Neighbor,,Ray Garton,1,9781587670442,2004,Cemetery Dance Publications,Fiction,0,,
/books/OL2070987M,Warlock,a novel,Ray Garton,1,9780380757121,1989,Avon,Fiction,0,,
/books/OL13595397M,Autobiography of Malcolm X,notes,Ray Shepard,1,9780822008026,1973,Cliffs Notes,,0,,
/books/OL13426130M,"Power, Knowledge and Domination (Advances in Organization Studies)",,Raymond Daniel Gordon,1,9788763001960,2007,Liber,,0,,
/books/OL16165071M,James Louis O'Donel in Newfoundland 1784-1807,the establishment of the Roman Catholic Church,Raymond J. Lahey,1,9780919095649,1984,Newfoundland Historical Society,Biographie | Histoire,0,,
/books/OL12648118M,The First Thousand Years,A Breif History of the Catholic Church in Canada,Raymond J. Lahey,1,9782895072355,2002,Twenty-Third Publications,Histoire,0,,
/books/OL23824973M,"War, domination, and the monarchy of France",Claude de Seyssel and the language of politics in the Renaissance,Rebecca Ard Boone,1,9789004162143,2007,Brill,Histoire | Politique,0,,
/books/OL18286602M,Visions of savage paradise,"Albert Eckhout, court painter in colonial Dutch Brazil",Rebecca Parker Brienen,1,9789053569474,2006,Amsterdam University Press,Voyage,0,,
/books/OL12664052M,Monument Und Nation,Das Bild Vom Nationalstaat Im Medium Denkmal-Zum Verhaeltnis Nation Und Staat Im Deutschen Kaiserreich 1871-1918 (Beitrhage Zur Kommunikationsgeschichte),Reinhard Alings,1,9783110149852,1996,Walter de Gruyter,Histoire,0,,
/books/OL12680955M,A War of Fools,"The Letters of Obscure Men - A Study of the Satire and the Satirized (New York University Ottendorfer Series Neue Folge Vol, 12)",Reinhard P. Becker,1,9783261047274,1981,Herbert Lang Et Co Ag,Histoire,0,,
/books/OL12777028M,Music and the Mind Machine,The Psychophysiology and Psychopathology of the Sense of Music,Reinhard Steinberg,1,9783540585282,1995,Springer,Musique,0,,
/books/OL14521145M,Spanish Islam,a history of the Moslems in Spain,Reinhart Dozy,1,,1913,Chatto & Windus,Histoire,0,,
/books/OL12660561M,"La Lucha Contra Los Extranjerismos En Alemania De 1871 a 1945 (European University Studies: Series 1, German Language and L)",,Reixa Irene Doval,1,9783039108923,2006,Peter Lang Publishing,Histoire,0,,
/books/OL12892832M,Demographic Yearbook/Annuaire demographique 2002 (Demographic Yearbook/Annuaire Demographique),,Renouf,1,9789210510967,2005,United Nations,,0,,
/books/OL22476145M,Art nouveau patterns and designs,,René Beauclair,1,9780517661192,1988,Crescent Books,,0,,
/books/OL12804382M,regulae Ad Directionem Ingenii.,,René Descartes,1,9789042001343,1998,Rodopi Bv Editions,Sciences,0,,
/books/OL12798777M,Poetry and Prophecy,"The Image of the Poet As a ""Prophet"", a Hero and an Artist in Modern Hebrew Poetry (Brill's Series in Jewish Studies)",Reuven Shoham,1,9789004127395,2003,Brill Academic Publishers,,0,,
/books/OL12798586M,The Book of Proverbs and Arabic Proverbial Works (Supplements to Vetus Testamentum),,Riad Aziz Kassis,1,9789004113053,1999,Brill Academic Publishers,,0,,
/books/OL12807063M,Reconstructing Foucault,"Essays in the Wake of the 80s (Postmodern Studies, No 10)",Ricardo Miguel-Alfonso,1,9789051837100,1994,Editions Rodopi,,0,,
/books/OL21257695M,Latin American postmodernisms,,Richard A YOUNG,1,9789042002593,1997,Rodopi,,0,,
/books/OL10390264M,Media and Culture 4e and and Media Career Guide 4e,An Introduction to Mass Communication,Richard Campbell | Bettina G. Fabos | James Seguin | Chris Martin,4,9780312418441,2003,Bedford/St. Martin's,Sciences sociales,0,,
/books/OL12658118M,The Fundamentals of Digital Art (Fundamentals),,Richard Colson,1,9782940373581,2007,AVA Publishing,,0,,
/books/OL7265991M,Integrating Language Arts and Social Studies for Intermediate and Middle School Students,,Richard D. Kellough,1,9780023625855,1995,Prentice Hall,Sciences sociales,0,,
/books/OL21215732M,"Primordiality, science, and value",,Richard Milton Martin,1,9780873954433,1980,State University of New York Press,Philosophie | Sciences,0,,
/books/OL24181557M,Persönlichkeit und weltanschauung,psychologische untersuchungen zu religion,Richard Müller-Freienfels,1,,1919,B.G. Teubner,Arts | Philosophie,0,,
/books/OL21489063M,Science deified & science defied,the historical significance of science in Western culture : from the Bronze Age to the beginnings of the modern era ca. 3500 B.C. to ca. A.D. 1640,Richard Olson,1,9780520046214,1982,University of California Press,Histoire | Sciences,0,,
/books/OL10071660M,Heart Development Slide Set,,Richard P. Harvey | Nadia Rosenthal,2,9780123288400,1998,Academic Press,Sciences,0,,
/books/OL20958832M,Behavioral statistics,the core,Richard P. Runyon,1,9780079114334,1994,McGraw-Hill,Sciences sociales,0,,
/books/OL18000931M,"Critical thinking handbook, K-3","a guide for remodelling lesson plans in language arts, social studies & science",Richard W. Paul | Daniel Weil | A. J. A. Binker,3,9780944583050,1990,"Foundation for Critical Thinking, Sonoma State University",Philosophie | Sciences | Sciences sociales,0,,
/books/OL12805086M,"Music and the Numinous. (Consciousness, Literature & the Arts)",,"Richard, Elfyn Jones",1,9789042022898,2007,Rodopi,Musique,0,,
/books/OL13509365M,Aristophanes and others,,"Richards, Herbert",1,,1909,Grant Richards,,0,,
/books/OL10475692M,Research Methods in Social Relations,,Rick H. Hoyle | Monica J. Harris | Charles M. Judd,3,9780534633899,2009,Wadsworth Publishing,Sciences sociales,0,,
/books/OL12850613M,The Calvinist Copernicans,"The Reception of the New Astronomy in the Dutch Republic, 1575-1750 (Edita - History of Science and Scholarship in the Netherlands)",Rienk Vermij,1,9789069843407,2003,Edita-the Publishing House of the Royal,Histoire | Philosophie,0,,
/books/OL2386810M,Entering fire,,Rikki Ducornet,1,9780872862074,1987,City Lights Books,,0,,
/books/OL8731740M,Gray Eagle,The Story of a Creek Indian Boy,Rita Kerr,1,9781571682000,1998,Marion Koogler McNay Art Museum,Fiction,0,,
/books/OL2394770M,Texas' first lady,"Margaret Lea Houston, wife of the president",Rita Kerr,1,9780890156407,1987,Eakin Press,Histoire | Jeunesse | Voyage,0,,
/books/OL12845914M,Natural Rhythms,Rob Plattel,Rob Plattel,1,9789058561923,2007,Stichting Kunstboek,,0,,
/books/OL21365138M,Democracyin the United States,promise and performance,Robert Alan Dahl,1,9780395307939,1981,Houghton Mifflin Co.,Histoire | Politique,0,,
/books/OL21241051M,Dilemmas of pluralist democracy.,,Robert Alan Dahl,1,9780300030761,1983,Yale University Press,,0,,
/books/OL5888597M,Modern social science,,Robert Bierstedt,1,,1964,McGraw-Hill,Sciences sociales,0,,
/books/OL10105878M,Twenty Questions,An Introduction to Philosophy,Robert C. Solomon | Meredith W. Michaels | G. Lee Bowie,3,9780155129450,1999,Harcourt,Philosophie,0,,
/books/OL12856018M,An Essay on Thomas Reid's Philosophy of Science (Stockholm Studies in Philosophy),,Robert Callergard,1,9789185445325,2006,Stockholm Universitet,Philosophie | Sciences,0,,
/books/OL10167035M,Addison Wesley Mathematics Grade K/Student,,Robert E. Eicholz,1,9780201445008,1993,Pearson Prentice Hall,Jeunesse,0,,
/books/OL10149365M,Addison-Wesley Mathematics,Building Thinking Skills Workbook/Grade 5,Robert E. Eicholz,1,9780201275193,1991,Addison Wesley Pub Co,,0,,
/books/OL12799176M,Scripturalist Islam,"The History and Doctrines of the Akhbari Shi'i School (Islamic Philosophy, Theology, and Science)",Robert M. Gleave,1,9789004157286,2007,BRILL,Histoire,0,,
/books/OL5944840M,Thanksgiving Day.,,Robert Merrill Bartlett,1,,1965,Crowell,Jeunesse,0,,
/books/OL12799085M,Promissory Notes on the Treasury of Merits (Brill's Companions to the Christian Tradition),,Robert N. Swanson,1,9789004152878,2006,BRILL,Histoire,0,,
/books/OL10523666M,Superheroes (Info Adventure),,Robert Nicholson undifferentiated | Claire Watts,2,9780716645030,1997,World Book,Jeunesse,0,,
/books/OL10085371M,QSB+ 2.1,,Robert S. Sullivan | Yih-Long Chang,2,9780132390620,1995,Prentice Hall,,0,,
/books/OL12808361M,Art in Reproduction,"Nineteenth-Century Prints after Lawrence Alma-Tadema, Jozef Israels and Ary Scheffer",Robert Verhoogt,1,9789053569139,2007,Amsterdam University Press,,0,,
/books/OL16680871M,Introduction to mass spectrometry and its applications,,Robert W. Kiser,1,,1965,Prentice-Hall,,0,,
/books/OL12808170M,Exemplum,Model-Book Drawings and the Practice of Artistic Transmission in the Middle Ages (ca. 900 - ca. 1450),Robert W. Scheller,1,9789053561300,2000,Amsterdam University Press,Histoire,0,,
/books/OL23690338M,Robin Rhode,who saw who.,Robin Rhode,1,9781853322716,2008,Hayward Pub.,,0,,
/books/OL10471366M,Castle in the Attic,,Roland D. Cott | Roland D. Lott,2,9780533134281,2001,Vantage Pr,Fiction,0,,
/books/OL12775488M,Informatics Education - The Bridge between Using and Understanding Computers,International Conference on Informatics in Secondary Schools - Evolution ... (Lecture Notes in Computer Science),Roland Mittermeir,1,9783540482185,2006,Springer,Technologie,0,,
/books/OL12678132M,Shifting Paradigms in Software Engineering,"Proceedings of the 7th Joint Conference of the Austrian Computer Society (OCG) and the John von Neumann Society ... (NJSZT) in Klagenfurt, Austria, 1992",Roland Mittermeir,1,9783211824085,1992,Springer,Technologie,0,,
/books/OL10561780M,Globalization and Social Theory (Theorizing Society),,Roland Robertson | David Inglis,2,9780335210138,2009,Open University Press,Sciences sociales,2,,
/books/OL10561781M,Globalization and Social Theory (Theorizing Society),,Roland Robertson | David Inglis,2,9780335210145,2009,Open University Press,Sciences sociales,2,,
/books/OL12809946M,Multiparameter Equations of State,An Accurate Source of Thermodynamic Property Data,Roland Span,1,9783540673118,2000,Springer,,0,,
/books/OL12774326M,Advances in Solid State Physics / Volume 46 (Advances in Solid State Physics),,Rolf Haug,1,9783540382348,2008,Springer,Sciences,0,,
/books/OL12807365M,"Science and Technology Management (NATO: Science and Technology Policy, 22) (Nato: Science and Technology Policy, 22)",,Romania) NATO Advanced Research Workshop on Science and Technology Management (1997 : Sinaia,1,9789051993721,1998,Ios Pr Inc,Sciences,0,,
/books/OL10283789M,Ulster-American Religion,Episodes in the History of a Cultural Connection (The Irish in America),Ronald A. Wells | David N. Livingstone,2,9780268043032,1999,University of Notre Dame Press,Histoire | Sciences sociales,0,,
/books/OL22297031M,The discovery of peace,,Ronald Sampson,1,9780394485072,1973,Pantheon,Religion,0,,
/books/OL10174149M,Spelling and Vocabulary: California Teachers Edition Level 1,Spiral,Rosa Maria Pena | Shane Templeton,2,9780395984475,1998,Houghton Mifflin School,,0,,
/books/OL30533798M,"Doing gender in media, art and culture",A comprehensive guide to gender studies,Rosemarie Buikema,1,9781138288263,2018,Routledge,Arts,0,,
/books/OL12684829M,Martin Luther Und Eisleben (Schriften Der Stiftung Luthergedenkstaetten in Sachsen-Anhal),,Rosemarie Knape,1,9783374024841,2007,Evangelische Verlagsanstalt,Histoire,0,,
/books/OL13030554M,"Self-Reported Juvenile Delinquency in England and Wales, the Netherlands and Spain",,Rosemary Barberet,1,9789525333190,2004,Criminal Justice Press,,0,,
/books/OL12804730M,SARTREAN DIALECTICS. A Method for Critical Discourse on Aesthetic Experience.,,Roxanne Claire Farrar,1,9789042012325,2000,Rodopi Bv Editions,,0,,
/books/OL2203817M,Bufo & Spallanzani,,Rubem Fonseca,1,9780525248729,1990,Dutton,,0,,
/books/OL8175403M,High Art,,Rubem Fonseca,1,9780881843439,1987,Carroll & Graf Pub,Fiction,0,,
/books/OL22305141M,The lost manuscript,,Rubem Fonseca,1,9780747530138,1998,Bloomsbury,Fiction,0,,
/books/OL23110182M,"The taker, and other stories",,Rubem Fonseca,1,9781934824023,2008,Open Letter,,0,,
/books/OL8132649M,Vast Emotions and Imperfect Thoughts,,Rubem Fonseca,1,9780880015837,1998,Ecco Pr,Fiction,0,,
/books/OL10084044M,Introduction to Human Geography:,The Cultural Landscape,Rubenstein,1,9780131920194,2004,Prentice Hall College Div,,0,,
/books/OL12808383M,Dynamic Entrepreneurship,,"Rusinovic, Katja",1,9789053569726,2007,Amsterdam University Press,,0,,
/books/OL12774903M,Fundamentals of Computation Theory,"13th International Symposium, FCT 2001, Riga, Latvia, August 22-24, 2001. Proceedings (Lecture Notes in Computer Science)",Rusins Freivalds,1,9783540424871,2001,Springer,Technologie,0,,
/books/OL7504102M,Atlanta Graves (Sunny Childs Mysteries),,Ruth Birmingham,1,9780425162675,1998,Berkley,Fiction,0,,
/books/OL3666191M,Blue plate special,,Ruth Birmingham,1,9780425181867,2001,Berkley Prime Crime,Fiction | Policier et mystère,0,,
/books/OL3384861M,Cold trail,,Ruth Birmingham,1,9780425182734,2002,Berkley Prime Crime,Fiction,0,,
/books/OL141081M,Fulton County blues,,Ruth Birmingham,1,9780425166970,1999,Berkley Prime Crime,Fiction,0,,
/books/OL3667308M,Sweet Georgia,,Ruth Birmingham,1,9780425176719,2000,Berkley Prime Crime,Fiction,0,,
/books/OL16638019M,The cosmic microwave background,,Ruth Durrer,1,9780521847049,2008,Cambridge University Press,Sciences,0,,
/books/OL3288307M,Rio de Janeiro,carnival under fire / Ruy Castro ; translated by John Gledson.,Ruy Castro,1,9781582341903,2004,Bloomsbury,Histoire | Voyage,0,,
/books/OL20927785M,Mister Once-upon-a-time,,Rémy Simard,1,9781550375398,1998,Annick Press,,0,,
/books/OL20081521M,The magic boot,,Rémy Simard,1,9781550374117,1995,Annick Press,Fiction,0,,
/books/OL12661136M,Paradoxa,,S Franck,1,9783050026084,1995,Wiley-VCH,Histoire,0,,
/books/OL12850178M,Daniel van der Meulin in Arabia Felix,,S Vink,1,9789068321937,2004,KIT Publishers,Voyage,0,,
/books/OL10517353M,Miwok Material Culture,,S. A.. Barrett | E. W. Gifford,2,9780548147542,2007,"Kessinger Publishing, LLC",Sciences sociales,0,,
/books/OL3722515M,The dismal state of the social sciences in Pakistan,,S. Akbar Zaidi,1,,2002,"Council of Social Sciences (COSS), Pakistan",Sciences sociales,0,,
/books/OL155111M,The new development paradigm,"papers on institutions, NGOs, gender and local government",S. Akbar Zaidi,1,9780195790412,1999,Oxford University Press,Économie et entreprise,0,,
/books/OL16474767M,Managing civil-military cooperation,a 24/7 joint effort for stability,S. J. H. Rietjens,1,9780754672814,2008,Ashgate Pub. Company,Politique,0,,
/books/OL12801714M,Dirichlet Series,Principles and Methods,S. Mandelbrojt,1,9789027702142,1899,Springer,Philosophie,0,,
/books/OL13137151M,The Science of Anthropology,,S.M. Channa,1,9788170207979,1998,"Cosmo (Publications,India)",Philosophie,0,,
/books/OL13133369M,A Modern Introduction to Indian Aesthetic Theory,The Development from Bharata to Jagannatha,S.S. Barlingay,1,9788124603789,2006,DK Printworld,,0,,
/books/OL10077074M,Human Geography,Places and Regions in Global Context,Sallie A. Marston | Paul L. Knox,2,9780130550835,2000,Prentice Hall College Div,,0,,
/books/OL12808143M,Exploring 'Unseen' Social Capital in Community Participation,Everyday Lives of Poor Mainland Chinese Migrants in Hong Kong (ICAS Publications Series),Sam Wong,1,9789053560341,2008,Amsterdam University Press,,0,,
/books/OL12799209M,The Modal System of Earlier Egyptian Complement Clauses (Probleme Der Agyptologie),,Sami Uljas,1,9789004158313,2007,BRILL,,0,,
/books/OL15152523M,The physical world of late antiquity,,Samuel Sambursky,1,9780710213051,1987,Routledge & Kegan Paul,Histoire,0,,
/books/OL21659736M,The physical world of the Greeks,,Samuel Sambursky,1,9780710213044,1987,Routledge & Kegan Paul,Histoire | Sciences,0,,
/books/OL22691170M,With dance shoes in Siberian snows,,Sandra Kalniete,1,9781564785459,2009,Dalkey Archive Press,Biographie | Histoire,0,,
/books/OL20947170M,Introduction to social research,,Sanford Labovitz,1,9780070357778,1981,McGraw-Hill,Sciences sociales,0,,
/books/OL360019M,Differences that matter,feminist theory and postmodernism,Sara Ahmed,1,9780521592253,1998,Cambridge University Press,,0,,
/books/OL7498119M,The Cultural Politics of Emotion,,Sara Ahmed,1,9780415972550,2004,Routledge,Sciences sociales,0,,
/books/OL145761M,Women in Mauritius,a profile of women in Mauritius,Satinder Ragobar | Oomandra Nath Varma | Bhagiawatty Gunganah,3,9780797417540,1997,Mauritius Alliance of Women,Sciences sociales | Économie et entreprise,0,,
/books/OL24172694M,"Shakespearean extracts from Edward Pudsey's booke, temp. Q. Elizabeth & K. James I.",which include some from an unknown play by William Shakespeare [or rather from G. Chapman's Blind beggar of Alexandria] Also a few unpublished records of the Shakespeares of Snitterfield and Wroxall,"Savage, Richard | Edward Pudsey | William Shakespeare",3,,1888,J. Smith,,0,,
/books/OL11182114M,Faradawn (The Fog Mound),,"Schade, Susan, Buller, Jon | Jon Buller | Susan Schade",3,9780689876875,2008,Aladdin,BD et romans graphiques | Fiction | Science-fiction,0,,
/books/OL22356184M,Information and library science source book.,,Schutze,1,9780810804661,1972,Scarecrow Press,,0,,
/books/OL12798575M,"Theodore Beza and the Quest for Peace in France, 1572-1598 (Studies in Medieval and Reformation Traditions)",,Scott M. Manetsch,1,9789004111011,2000,Brill Academic Publishers,Histoire,0,,
/books/OL13549447M,Ecclesiastical Japanese =,Kyōkai yōgo jiten,Seitarō Satō,1,,1959,Hara Shobo,,0,,
/books/OL22300258M,Modern riding techniques,harmony in horsemanship,Selma Brandl,1,9781853108150,1997,Swan Hill,,0,,
/books/OL12766149M,Functional Food: Safety Aspects,Symposium (Forschungsberichte (DFG)),Senate Commission on Food Safety SKLM,1,9783527277650,2004,Wiley-VCH,Sciences | Technologie,0,,
/books/OL1917446M,17 letters,,Seneca the Younger,1,9780856683541,1988,Aris & Phillips,,0,,
/books/OL5725664M,Letters from a Stoic.,Epistulae morales ad Lucilium,Seneca the Younger,1,9780140442106,1969,Penguin,Philosophie,0,,
/books/OL15402206M,"Lucius Annæus Seneca, the philosopher, his booke of the shortnesse of life",translated into an English poem,Seneca the Younger,1,,1636,"By Daniel Frere, at the red Bull in little Britaine",Philosophie | Poésie,0,,
/books/OL7240767M,"Minor dialogues, together with the dialogue On clemency.",Translated by Aubrey Stewart.,Seneca the Younger,1,,1889,G. Bell,Philosophie,0,,
/books/OL6284133M,Philosophische Schriften ...,,Seneca the Younger,1,,1923,F. Meiner,Biographie | Philosophie,0,,
/books/OL7239924M,Physical science in the time of Nero,being a translation of the Quaestiones naturales of Seneca,Seneca the Younger,1,,1910,Macmillan,Sciences,0,,
/books/OL23338171M,The satire of Seneca on the Apotheosis of Claudius commonly called the Apocolocyntosis,,Seneca the Younger,1,,1902,The Columbia University Press,Histoire | Philosophie,0,,
/books/OL19620371M,The stoic philosophy of Seneca,essays and letters of Seneca.,Seneca the Younger,1,9780393004595,1968,W.W. Norton and Co.,Philosophie,0,,
/books/OL23349236M,Tragedies.,With an English translation by Frank Justus Miller.,Seneca the Younger,1,,1917,Heinemann,Philosophie | Théâtre,2,,
/books/OL10581964M,From Lenin To Malenkov,The History Of World Communism,"Seton-Watson, Hugh.",1,9780548385593,2007,"Kessinger Publishing, LLC",Politique,0,,
/books/OL22610376M,Charles Olson and Alfred North Whitehead,an essay on poetry,Shahar Bram | Batya Stein,2,9780838755570,2004,Bucknell University Press,Histoire | Poésie,0,,
/books/OL13139153M,Future of Law and Justice,,Sharma Golukesh,1,9788170491637,2002,Manas Publications,Histoire | Philosophie,0,,
/books/OL2199861M,Bookpeople,a second album,Sharron L. McElmeel,1,9780872877214,1990,Teacher Ideas Press,Biographie | Jeunesse,0,,
/books/OL32115636M,The Last trek,a study of the Boer people in the Afrikaner Nation,Sheila Patterson,1,9781136532696,1957,Routledge & Kegan Paul,Histoire | Sciences sociales,0,,
/books/OL7829758M,Shadow's End,,Sheri S. Tepper,1,9780553573268,1995,Spectra,Fiction | Science-fiction,0,,
/books/OL30609M,Singer from the sea,,Sheri S. Tepper,1,9780380974801,1999,Avon Eos,Fiction,0,,
/books/OL12845736M,"MECHANICAL BEHAVIOUR ROCKS UNDER HIGH (Geomechanics Research Series, 2)",,Shimada,1,9789058093165,2000,SWETS,,0,,
/books/OL22724752M,Development of sociology in Japan,,Shingo Shimada (Hrsg.) Ilja Srubar,1,9783531145136,,VS Verlag f. Sozialwissenschaften (ehem.Westdeutscher Vlg.),,0,,
/books/OL7575426M,Bouquet,,Shirl Henke,1,9780451405166,1994,Onyx,Fiction,0,,
/books/OL11551307M,Broken Vows,,Shirl Henke,1,9780843944587,2003,Leisure Books,Romance,0,,
/books/OL3474995M,Finders keepers,,Shirl Henke,1,9780373513758,2005,Silhouette,Fiction,0,,
/books/OL10262067M,Golden Lady,,Shirl Henke,1,9780446301657,1986,Warner Books,,0,,
/books/OL11551198M,Love a Rebel...Love a Rogue (Leisure Historical Romance),,Shirl Henke,1,9780843936735,1994,Leisure Books,Fiction | Histoire | Romance,0,,
/books/OL10262259M,Love Unwilling,,Shirl Henke,1,9780446323062,1987,Warner Books,Romance,0,,
/books/OL8241628M,McCrory's Lady,,Shirl Henke,1,9780843937732,1995,Leisure Books,Fiction | Romance,0,,
/books/OL7535788M,Moon Flower,,Shirl Henke,1,9780446346443,1989,Warner Books,,0,,
/books/OL21441676M,N ight flower.,,Shirl Henke,1,9780446346467,1990,Warner books,,0,,
/books/OL11551077M,Night Wind's Woman,,Shirl Henke,1,9780843930962,1991,Leisure Books,Fiction,0,,
/books/OL8241879M,Return to Paradise,,Shirl Henke,1,9780843944310,1998,Leisure Books,Romance,0,,
/books/OL7417462M,Sneak and Rescue,Silhouette Bombshell - 81,Shirl Henke,1,9780373513956,2006,Silhouette,Fiction,0,,
/books/OL141075M,Sundancer,,Shirl Henke,1,9780312966911,1999,St. Martin's Paperbacks,Fiction | Romance,0,,
/books/OL8241767M,Terms of Love,,Shirl Henke,1,9780843942019,1997,Leisure Books,Romance,0,,
/books/OL8241514M,Terms of Surrender,,Shirl Henke,1,9780843934243,1993,Leisure Books,Fiction,0,,
/books/OL11551390M,The River Nymph,,Shirl Henke,1,9780843960112,2008,Leisure Books,Fiction | Romance,0,,
/books/OL3281561M,Wanton angel,,Shirl Henke,1,9780843949735,2002,Leisure Books,Romance,0,,
/books/OL3664294M,Wicked angel,,Shirl Henke,1,9780843948547,2001,Leisure Books,Romance,0,,
/books/OL3384889M,Yankee Earl,,Shirl Henke,1,9780843952414,2003,Leisure Books,Fiction,0,,
/books/OL10174145M,English: California Teachers Edition Level 3,Spiral,Shirley Haley-James | John Warren Stewig,2,9780395984314,1998,Houghton Mifflin School,,0,,
/books/OL13107637M,Rawshanan-i sipihr-i andishah,Falsafah va zibashinasi dar Iran-i bastan (Falsafah va ulum-i ijtimai),Shiva Kaviyani,1,9789649162058,2000,Kitab-i Khvurshid,,0,,
/books/OL8296080M,Reflections on Japanese Taste,The Structure of Iki,Shuzo Kuki,1,9780909952303,2007,Power Publications & French Film Guides,Arts | Philosophie,0,,
/books/OL20134881M,Ethics and the history of indian philosophy,,Shyam Ranganathan,1,9780612741713,2002,National Library of Canada,,0,,
/books/OL12736127M,Tanz (Heine-Studien),,Sibylle Dahms,1,9783476410382,2001,Barenreiter,Histoire,0,,
/books/OL18566722M,Klaus Born,Malerei,Sibylle Omlin | Klaus Born | Guido Magnaguagno,3,9783858811844,2006,Scheidegger & Spiess,Arts,0,,
/books/OL12831376M,Patientenautonomie Und Willensfreiheit Im Umfeld Der Geronotopsychiatrie,Uber Die Praktische Realisierbarkeit Philosophischer Denkansatze in Der Medi (Treffpunkt Philosophie),Sibylle Plunger,1,9783631558669,2007,Peter Lang Publishing,Philosophie,0,,
/books/OL13175182M,Vamanavikrama,,Siddharta Wakankar,1,9788180901089,2007,"Bharatiya Kala Prakashan,India",,0,,
/books/OL22450126M,The best laid plans,,Sidney Sheldon,1,9780446604086,1998,Warner Bros.,Fiction,0,,
/books/OL7791413M,Shakespeare on Love,,Simon Callow | William Shakespeare,2,9780711215351,2006,Frances Lincoln,,0,,
/books/OL141864M,Missões Guarani,impacto na sociedade contemporânea,"Simpósio ""O Espaço Jesuítico-Missioneiro: Aspectos da Colonização Ibero-Americana e seu Impacto na Sociedade Contemporânea"" (1997 Quito, Equador)",1,9788528301755,1999,Educ,Histoire,0,,
/books/OL12798744M,Josef Albo Um 1380-1444,"Judische Philosophie Und Christliche Kontroverstheologie in Der Fruhen Neuzeit (Studies in European Judaism, 3)",Sina Rauschenbach,1,9789004124851,2002,Brill Academic Publishers,,0,,
/books/OL16976921M,The old animals' forest band,,Sirish Rao,1,9788186211458,2008,Tara Pub.,,0,,
/books/OL12810176M,Developments on Experimental Economics,New Approaches to Solving Real-world Problems (Lecture Notes in Economics and Mathematical Systems),Sobei Hidenori Oda,1,9783540686590,2007,Springer,Sciences sociales | Économie et entreprise,0,,
/books/OL12897266M,World List of Social Science Periodicals,,Social Science Documentation Centre Unesco,1,9789230017897,1981,United Nations Educational,Sciences sociales,0,,
/books/OL12856032M,Art Goes Underground Art In the Stockhol,,Soderstrom,1,9789185500406,1988,Art Consulting Scandinavia,Arts,0,,
/books/OL13121463M,Basic Avanzado Para Ninos/Advanced Basic for Children,,Sofia Watt,1,9789684166301,1985,Hispanic Book Distributors Inc,,0,,
/books/OL17915285M,A pragmatic analysis of legal proofs of criminal intent,,Sol Azuelos-Atias,1,9789027227164,2007,J. Benjamins Pub. Co.,Philosophie,0,,
/books/OL23075012M,Loyalty,,Song Shouxiang,1,9789812290830,1999,Asiapac,,0,,
/books/OL23020765M,The door,a modern day parable,Sonolux Asia,1,9789711900540,1991,"Asian Socio-Pastoral Communications Center, Inc. (Sonolux Asia) and Cacho Publishing House, Inc.",Jeunesse,0,,
/books/OL12796582M,Kkot mun,Floral Doors of Korean Buddhist Temple (Visual Library of Korean Culture - Volume 2),Soon-hyong Ghang,1,9788986353075,1996,Misulmunhwa Publishing Co,,0,,
/books/OL24155635M,Sophocles,,Sophocles,1,,1879,Clarendon Press,Arts | Théâtre,0,,
/books/OL12805101M,"Restoration of Breath. Consciousness and Performance. (Consciousness, Literature & the Arts)",,Sreenath Nair,1,9789042023062,2007,Editions Rodopi BV.,Philosophie,0,,
/books/OL12664768M,Symeonis Magistri Et Logothetae Chronicon,Recensuit Staffan Wahlgren (Corpus Fontium Historiae Byzantinae / Consilio Societatis In) (Corpus Fontium Historiae Byzantinae),Staffen Wahlgren,1,9783110185577,2006,Walter de Gruyter,Histoire,0,,
/books/OL22644292M,Against criminology,,Stanley Cohen,1,9780887381539,1988,Transaction Books,Sciences sociales,0,,
/books/OL12850719M,Nl,Contemporary Art from the Netherlands,Stedeliijk Van Abbemuseum Eindhoven,1,9789070149697,1999,NAI Publishers,Arts | Biographie,0,,
/books/OL12831350M,"Wilhelm Waiblinger Und Die Bildende Kunst (Europaische Hochschulschriften: Reihe 18, Vergleichende Lite)",,Stefan Andressohn,1,9783631557457,2007,Peter Lang Publishing,Arts,0,,
/books/OL12660410M,(E)Pedagogy - Visual Knowledge Building,Rethinking Art And New Media in Education,Stefan Sonvilla-weiss,1,9783039106097,2005,Peter Lang Publishing,,0,,
/books/OL141064M,House party!,,Stefanie Scott,1,9780671025939,1999,Pocket Books,Fiction,0,,
/books/OL18179052M,Lovin' Leo,your Leonardo DiCaprio keepsake scrapbook,Stefanie Scott,1,9780590376907,1998,Scholastic,Biographie | Jeunesse,0,,
/books/OL3664313M,Trippin' out,,Stefanie Scott,1,9780671011499,1997,Pocket Books,Fiction,0,,
/books/OL12845946M,"Aristotle's Zoology & Its Renaissance Commentators (1521-1601 (Ancient & Medieval Philosophy, Series 1, 27)",,Stefano Perfetti,1,9789058670502,2000,Leuven Univ Pr,Histoire | Philosophie,0,,
/books/OL12798728M,Reform Before the Reformation,Vicenzo Querini and the Religious Renaissance in Italy (Studies in Medieval and Reformation Traditions),Stephen David Bowd,1,9789004123793,2002,Brill Academic Publishers,Histoire,0,,
/books/OL141087M,"Aw, here it goes!",,Steve Freeman,1,9780671024284,1998,Pocket Books,,0,,
/books/OL3664508M,Family and food and orange soda,,Steve Freeman,1,9780671024291,1998,Pocket Books,,0,,
/books/OL10562295M,Ethical Practice in Social Work,,Steven Curry | Wendy Bowles | Michael Collingridge | Bruce Valentine,4,9780335222049,2006,Open University Press,Éducation,0,,
/books/OL12643266M,Photo-Graphics,Real World Photo-Graphic Projects-From Brief to Finished Solution (Electronic Workshop),Steven Gilmore,1,9782880464226,2000,Rotovision,,0,,
/books/OL10080999M,Economics,Principles in Action,Steven M. Sheffrin | Arthur O'Sullivan,2,9780131283534,2004,Pearson Prentice Hall,,0,,
/books/OL18434581M,Frameworks of power,,Stewart Clegg,1,9780803981607,1989,Sage,,0,,
/books/OL19603650M,The proper study of mankind,,Stuart Chase,1,,1950,Phoenix House,Sciences sociales,0,,
/books/OL12770501M,Databases in Networked Information Systems,"Second International Workshop, DNIS 2002, Aizu, Japan, December 16-18, 2002, ProceedingsProceedings (Lecture Notes in Computer Science)",Subash Bhalla,1,9783540002642,2003,Springer,Technologie,0,,
/books/OL10105428M,Interactive Study Guide for Anthropology,,Sue Gilly | Larry L. Naylor,2,9780155040939,1996,Harcourt College Pub,Sciences sociales,0,,
/books/OL10085991M,MaterialTool 1.0,,Surya Vanka | Andrzej Jan Wroblewski,2,9780132719094,1997,Prentice Hall College Div,,0,,
/books/OL10073590M,Out of Many,A History of the American People,Susan H. Armitage | Daniel Czitrom | Mari Jo Buhle | John Mack Faragher,4,9780130104908,1999,Prentice Hall College Div,,3,,
/books/OL10077167M,Out of Many: A History of the American People,Brief/Combined Edition,Susan H. Armitage | Daniel Czitrom | Mari Jo Buhle | John Mack Faragher,4,9780130575289,2000,Prentice Hall College Div,Histoire,2,,
/books/OL10085819M,Out of Many: A History of the American People,Documents Set (Documents Out of Many),Susan H. Armitage | Daniel Czitrom | Mari Jo Buhle | John Mack Faragher,4,9780132578820,1999,Prentice Hall,Histoire,2,,
/books/OL10073592M,Out of Many,A History of the American People,Susan H. Armitage | Daniel Gzitrom | Mari Jo Buhle | John Mack Faragher,4,9780130104991,1999,Prentice Hall College Div,,3,,
/books/OL2047445M,The Written world,reading and writing in social contexts,Susan Miller,1,9780060445263,1989,Harper & Row,Sciences sociales,0,,
/books/OL10164579M,Vocabulary for Achievement,5th Course,Susan Weiler | Margaret Ann Richek,2,9780395675168,1994,Houghton Mifflin College Div,,0,,
/books/OL25450672M,A book of reference to remarkable passages in Shakespeare,,Susanna Beever | William Shakespeare,2,,1870,"Bull, Simmons & co.",,0,,
/books/OL2385977M,When summer ends,,Susi Gregg Fowler,1,9780688076054,1989,Greenwillow Books,Fiction,0,,
/books/OL10088257M,Middle Grades Math,,Suzanne H. Chapin | Theodore Gardella,2,9780134284835,1997,Pearson Prentice Hall,,2,,
/books/OL10088259M,Middle Grades Math,,Suzanne H. Chapin | Theodore Gardella,2,9780134285092,1997,Pearson Prentice Hall,,2,,
/books/OL1005500M,The hunger moon,,Suzanne Matson,1,9780393040999,1997,W.W. Norton,Fiction,0,,
/books/OL3408467M,The tree-sitter,a novel,Suzanne Matson,1,9780393060461,2006,Norton,Fiction,0,,
/books/OL13426405M,Mathematics of Meaning,,Svend Ostergaard,1,9788772885155,1997,Aarhus Univ Pr,Philosophie,0,,
/books/OL13165975M,Personal identity,A philosophical survey,Sylvanus Ifeanyi Nnoruka,1,9789782676269,1995,Modern Business Press,,0,,
/books/OL12646407M,Tu Reves Pitchounette?,,Sylvia Massicotte,1,9782890215818,2004,La Courte Echelle,,0,,
/books/OL3692322M,Rogue state,America at war with the world,T. D. Allman,1,9781560255628,2004,Nation Books,Philosophie,0,,
/books/OL12639410M,L'idée européenne en temps de guerre,,T. Grosbois,1,9782872092987,1994,Academia-Erasme,Histoire | Politique,0,,
/books/OL12777112M,Airborne Particulate Matter,,T. Kouimtzis,1,9783540589327,1995,Springer-Verlag Telos,Sciences,0,,
/books/OL12800192M,In Defence of Judaism,Abraham Ibn Daud (Studia Semitica Neerlandica),T.A.M. Fontaine,1,9789023224044,1990,Van Gorcum,,0,,
/books/OL143416M,Leda Catunda,,Tadeu Chiarelli,1,9788586374197,1998,Cosac & Naify Edições,,0,,
/books/OL12798931M,Al-mu'ayyad Al-shirazi And Fatimid Da'wa Poetry,A Case Of Commitment In Classical Arabic Literature (Islamic History and Civilization) (Islamic History and Civilization),Tahera Qutbuddin,1,9789004141032,2005,Brill Academic Publishers,,0,,
/books/OL12807849M,Japonisme,In Fin de Siecle Art in Belgium (Cahier (Pandora)),Takagi Yoko,1,9789053251447,2006,Pandora,,0,,
/books/OL13530884M,The space-frame experience in art.,,Tarmo Pasto,1,,1964,A.S. Barnes,Arts | Philosophie,0,,
/books/OL12774225M,Mathematics of Program Construction,"8th International Conference, MPC 2006, Kuressaare, Estonia, July 3-5, 2006, Proceedings (Lecture Notes in Computer Science)",Tarmo Uustalu,1,9783540356318,2006,Springer,Technologie,0,,
/books/OL7283590M,Essential Shakespeare,,Ted Hughes | William Shakespeare,2,9780060887957,2006,Ecco,,0,,
/books/OL10078596M,Biology,Life on Earth,Teresa Audesirk | Gerald Audesirk,2,9780130827159,1999,Prentice Hall College Div,Science-fiction,2,,
/books/OL12799205M,Prayer in Josephus (Ancient Judaism and Early Christianity),,"Tessel, M. JonquiFre",1,9789004158238,2007,BRILL,Histoire | Religion,0,,
/books/OL12803339M,Origins Unknown,,The Ekkart Committee,1,9789040083488,2008,Waanders Uitgevers,Arts | Histoire,0,,
/books/OL12808178M,Climate Strategy,Between Ambition and Realism,The Netherlands Scientific Council for Government Policy,1,9789053561683,2008,Amsterdam University Press,,0,,
/books/OL12808206M,Rediscovering Europe in the Netherlands,,The Netherlands Scientific Council for Government Policy,1,9789053562628,2008,Amsterdam University Press,,0,,
/books/OL13170060M,Beyond the Quantum,,Theo M. Nieuwenhuizen,1,9789812771179,2007,World Scientific Publishing Company,Philosophie | Sciences,0,,
/books/OL24178983M,A book about myself,,Theodore Dreiser,1,,1922,Boni and Liveright,Biographie,0,,
/books/OL6735832M,A gallery of women,,Theodore Dreiser,1,,1929,Horace Liveright,Fiction,0,,
/books/OL23768915M,A hoosier holiday,,Theodore Dreiser,1,,1916,J. Lane,Voyage,0,,
/books/OL37847175M,An American Tragedy,,Theodore Dreiser,1,,1928,Constable & Co Ltd,Fiction | Policier et mystère | Romance | Thriller,0,,
/books/OL10227618M,"Art, Music, and Literature, 1897-1902",,Theodore Dreiser,1,9780252026256,2001,University of Illinois Press,,0,,
/books/OL6197659M,Best short stories.,With an introd. by James T. Farrell.,Theodore Dreiser,1,,1956,World Pub. Co.,Fiction,0,,
/books/OL32060772M,Dreiser looks at Russia,,Theodore Dreiser,1,,1929,Horace Liverlight,Politique | Voyage | Économie et entreprise,0,,
/books/OL5704059M,"Free, and other stories.",,Theodore Dreiser,1,9780403009497,1971,Scholarly Press,Fiction,0,,
/books/OL32060640M,Jennie Gerhardt,,Theodore Dreiser,1,,2012,LibriVox,Fiction | Romance,0,,
/books/OL6665702M,"Life, art and America",,Theodore Dreiser,1,,1917,,,0,,
/books/OL7097763M,Plays of the natural and the supernatural.,,Theodore Dreiser,1,,1916,John Lane,Théâtre,0,,
/books/OL1084148M,Short stories,,Theodore Dreiser,1,9780486282152,1994,Dover Publications,Fiction,0,,
/books/OL58736393M,Sister Carrie,,Theodore Dreiser,1,,1917,The MOdern Library,Fiction,0,,
/books/OL16256401M,Sister Carrie ; Jennie Gerhardt ; Twelve men,,Theodore Dreiser,1,9780940450417,1987,Library of America,,0,,
/books/OL58614548M,The Bulwark,,Theodore Dreiser,1,,1946,Double & Company INC.,Fiction,0,,
/books/OL51733502M,The Financier,,Theodore Dreiser,1,,2024,Standard Ebooks,Fiction,0,,
/books/OL32060731M,The Genius,,Theodore Dreiser,1,,2015,LibriVox,Arts | Fiction | Philosophie,0,,
/books/OL6515095M,The stoic.,,Theodore Dreiser,1,,1947,Doubleday,Fiction,0,,
/books/OL32060649M,The Titan,,Theodore Dreiser,1,,1998,CIHM (John Lane Company),Fiction,0,,
/books/OL5300459M,Trilogy of desire,three novels.,Theodore Dreiser,1,9780529046826,1972,World Pub.,Fiction,0,,
/books/OL32060624M,Twelve Men,,Theodore Dreiser,1,,2005,Project Gutenberg,Biographie,0,,
/books/OL10522611M,Glimpses Of The Ages,"Or The Superior And Inferior Races, So Called, Discussed In The Light Of Science And History V2",Theophilus E. Samuel Scholes,1,9780548203989,2007,"Kessinger Publishing, LLC",Sciences sociales,0,,
/books/OL7681522M,Frank Lloyd Wright's Houses,,Thomas A. Heinz,1,9780517219683,2002,Gramercy,Histoire,0,,
/books/OL8822111M,Frank Lloyd Wright's Stained Glass &,,Thomas A. Heinz,1,9781586858438,2005,"Gibbs Smith, Publisher",,0,,
/books/OL8127433M,Frank Lloyd Wright's Stained Glass & Lightscreens,,Thomas A. Heinz,1,9780879056100,2000,Gibbs Smith Publishers,,0,,
/books/OL8103847M,The Vision of Frank Lloyd Wright,,Thomas A. Heinz,1,9780785821458,2006,Chartwell Books,Histoire,0,,
/books/OL13501943M,Chartism,,Thomas Carlyle,1,,1842,Chapman and Hall,,0,,
/books/OL10080988M,World Geography,Building a Global Perspective,Thomas J. Baerwald | Celeste Fraser,2,9780131283053,2004,Pearson Prentice Hall,,0,,
/books/OL13510801M,"Reason and revelation, hand in hand",,Thomas M. McWhinney,1,,1886,"Fords, Howard, & Hulbert",Philosophie | Religion,0,,
/books/OL12804588M,Values And Education.,,Thomas Magnell,1,9789042006331,1998,Rodopi Bv Editions,Philosophie | Éducation,0,,
/books/OL12807002M,"Protocols, Truth and Convention (Studien Zur Oesterreichischen Philosophie)",,Thomas Oberdan,1,9789051835380,1993,Editions Rodopi,,0,,
/books/OL10095535M,Politics in America,Texas,Thomas R. Dye | L. Tucker Gibson | Clay Robison,3,9780139589270,1999,Simon & Schuster,Politique,0,,
/books/OL12810342M,Creative Chemical Sensor Systems,,Thomas Schrader,1,9783540715467,2007,Springer,,0,,
/books/OL12848944M,The Skyward Trend Of,,THOMAS VAN LEEUWEN,1,9789067390026,1986,AHA Books,Histoire | Philosophie,0,,
/books/OL12660606M,"Du Texte-Hydre Au Texte-Sphinx: Les Inserts Dans Le Theatre de Heiner Muller (Contacts: Serie 1, Theatrica)",,Thomas Zenetti,1,9783039111510,2007,Peter Lang Publishing,,0,,
/books/OL23360640M,A winter in Russia.,,Théophile Gautier,1,,1874,H. Holt and company,Voyage,0,,
/books/OL47705163M,"Captain Fracasse, parts I, 2 & 3",,Théophile Gautier,1,,1906,Jenson Society,Fiction | Histoire,0,,
/books/OL21292208M,grotesques,,Théophile Gautier,1,,1853,Michel Levy Freres,,0,,
/books/OL14011579M,Histoire de l'art dramatique en France depuis vingt-cinq ans.,,Théophile Gautier,1,,1858,Edition Hetzel,,0,,
/books/OL23357708M,Voyage en Russie,,Théophile Gautier,1,,1867,Charpentier,Voyage,0,,
/books/OL12802039M,Toward a Science of Man,Essays in the History of Anthropology (World Anthropology),Timothy H. Thoresen,1,9789027976093,1975,Mouton De Gruyter,Histoire | Sciences sociales,0,,
/books/OL12855528M,Church Paintings Of Gottfried Hendtzschel In Norway - Past & Future Conservation,Part I & Ii,Tine Froysaker,1,9789173464550,2003,Goteborgs Universitet Acta Univ,,0,,
/books/OL12798735M,"Texts & Contexts of the Oldest Runic Inscriptions (Northern World, 4)",,Tineke Looijenga,1,9789004123960,2003,Brill Academic Publishers,Histoire,0,,
/books/OL13156684M,Bo Po Mo Fo Chinese-English Pictorial Dictionary,,Tinnakeh Wu,1,9789711000011,1983,Princeton Pr,Histoire | Jeunesse,0,,
/books/OL12638463M,The Study of Africa Volume 1,Disciplinary and Interdisciplinary Encounters,Tiyambe Zeleza,1,9782869781979,2006,Codesria,Politique | Économie et entreprise,0,,
/books/OL12638464M,The Study of Africa Volume 2,Global and Transnational Engagements,Tiyambe Zeleza,1,9782869781986,2007,Codesria,Politique | Économie et entreprise,0,,
/books/OL16217037M,Sociology and socialism,,Tom Bottomore,1,9780710802309,1984,Wheatsheaf,Sciences sociales,0,,
/books/OL9016306M,Roots and Branches,,Tom Shippey,1,9783905703054,2007,Walking Tree Publishers,,0,,
/books/OL12805122M,Cognition in Emotion,"An Investigation through Experiences with Art. (Consciousness, Literature & the Arts)",Tone Roald,1,9789042023338,2008,Rodopi,Arts,0,,
/books/OL13156732M,The Best of Pupung,,Tonton Young,1,9789711005269,1992,New Day Pub,,0,,
/books/OL15032641M,Sociology and development,,Tony Barnett,1,9780415078719,1991,Routledge,Politique | Économie et entreprise,0,,
/books/OL10561773M,An Introduction to Community,,Tony Jeffs | Anne Quinney | Keith Popple,3,9780335209774,2008,Open University Press,Sciences sociales,2,,
/books/OL10561774M,An Introduction to Community,,Tony Jeffs | Anne Quinney | Keith Popple,3,9780335209781,2008,Open University Press,Sciences sociales,2,,
/books/OL49243M,Electronic expectations,science journals on the Web,Tony Stankus,1,9780789008367,1999,Haworth Information Press,Sciences,0,,
/books/OL1703039M,Making sense of journals in the life sciences,from specialty origins to contemporary assortment,Tony Stankus,1,9781560241812,1992,Haworth Press,,0,,
/books/OL1703045M,Making sense of journals in the physical sciences,from specialty origins to contemporary assortment,Tony Stankus,1,9781560241805,1992,Haworth Press,,0,,
/books/OL24990587M,The Day of Awakening,A Book of Revelation and Self-discovery,Tony Titshall,1,9780981754727,2010,Revway Publications,Philosophie,0,,
/books/OL12664720M,Paulus und das antike Schulwesen: Band,Schule und Bildung des Paulus (Beihefte Zur Zeitschrift Fur Die Neutestamentliche Wissenschaft Und Die Kunde Der ... Und Die Kunde Der Alteren Kirche),Tor Vegge,1,9783110183450,2006,Walter de Gruyter,Éducation,0,,
/books/OL22759932M,The Zurich connection and Tudor political theology,,Torrance Kirby,1,9789004156180,2007,Brill,Histoire,0,,
/books/OL21556051M,Tunga.,,Tunga.,1,,1989,Whitechapel Art Gallery,,0,,
/books/OL10105594M,The Internet,Effective Online Communication (with CD-ROM),Tyrone L. Adams | Norman E. Clark,2,9780155062276,2000,Wadsworth Publishing,Technologie,0,,
/books/OL12767062M,Bionik,,U Kuppers,1,9783527304431,2004,Not Avail,,0,,
/books/OL12854749M,Forces by Which We Live,"Religion & Religious Experience from the Perspective of a Pragmatic Philosophical Anthropology (Studia Philosophiae Religionis, 21)",Ulf Zackariasson,1,9789162851699,2002,Almquiest & Wiksell Intl,Philosophie | Religion,0,,
/books/OL23191734M,Differential optical absorption spectroscopy,principles and applications,Ulrich Platt | Jochen Stutz,2,9783540211938,2008,Springer,Sciences,0,,
/books/OL12704188M,"Kipper Und Wipper ALS Publizistisches Ereignis (1620-1626): Eine Studie Zu Den Strukturen Offentlicher Kommunikation Im Zeitalter Des Dreissigjahrigen (Schriften Zum Offentlichen Recht,)",,Ulrich Rosseaux,1,9783428103621,2001,Duncker & Humblot,Histoire,0,,
/books/OL12663997M,Lanzelet,Eine Erzahlung,Ulrich von Zatzikhoven,1,9783110145892,1994,Walter De Gruyter Inc,,0,,
/books/OL23149830M,Migrant women transforming citizenship,life stories from Britain and Germany,Umut Erel,1,9780754674948,2009,Ashgate Pub.,,0,,
/books/OL12822288M,Encyclopedia of World Problems and Human Potential,Human Potential (Encyclopedia of World Problems & Human Potential),Union of International Associates,1,9783598112263,1995,K. G. Saur,Sciences sociales,0,,
/books/OL12760490M,United Kingdom Association for Legal & Social Philosophy Equality & Discrimination,Essays in Freedom & Justice,United Kingdom Assn for Legal & Social,1,9783515044295,1985,Coronet Books,Philosophie,0,,
/books/OL12894335M,Statistical Data Editing,Impact on Data Quality,United Nations Statistical Commission & Economic Commission for europe,1,9789211169522,2007,United Nations Publications,Sciences sociales | Économie et entreprise,0,,
/books/OL12674086M,Nonverbal Language of Prayer,A New Approach to Jewish Liturgy (Texts & Studies in Ancient Judaism),Uri Ehrlich,1,9783161481505,2004,Paul Mohr Verlag,Histoire,0,,
/books/OL23102401M,Conscience,the search for truth,Uspenskiĭ Petr Demʹi͡anovich,1,9781596750227,2008,Morning Light Press,Philosophie,0,,
/books/OL18406811M,In search of the miraculous,fragments of an unknown teaching,Uspenskiĭ Petr Demʹi͡anovich,1,9780156007467,2001,"Harcourt, Inc.",Philosophie,0,,
/books/OL13547499M,The fourth way,a record of talks and answers to questions based on the teaching of G. I. Gurdjieff,Uspenskiĭ Petr Demʹi͡anovich,1,,1971,Vintage Books,,0,,
/books/OL22513627M,A master of his own: the calligraphy of the Chan abbot Zhongfeng Mingben (1262 - 1323),,Uta Lauer,1,9783515079327,,Franz Steiner Verlag Wiesbaden GmbH,Histoire,0,,
/books/OL12831339M,"Benjamin Von Stuckrad-Barre: Literatur Und Medien in Der Popmoderne (Europaische Hochschulschriften: Reihe 1, Deutsche Sprache Un)",,Ute Paulokat,1,9783631557051,2006,Peter Lang Publishing,,0,,
/books/OL12805723M,Evidence of Greek Philosophical Concepts in the Writings of Ephrem the Syrian,,Ute Possekel,1,9789042907591,2000,Peeters Bvba,Histoire,0,,
/books/OL13144947M,Main Group Elements And Their Compounds,,V. G. Kumar Das,1,9788173190711,1996,Alpha Science Intl Ltd,,0,,
/books/OL12800553M,Mélanges offerts à Juraj Andrassy,Essays in International Law in Honour of Juraj Andrassy/Festschrift für Juraj Andrassy,V. Ibler,1,9789024702954,1981,Springer,,0,,
/books/OL13550464M,A history of Russian philosophy,,V. V. Zenʹkovskiĭ,1,,1953,Routledge & Kegan Paul,,0,,
/books/OL12852969M,"Early Christian, Viking and Romanesque Art (Early Christian, Viking & Romanesque Art)",,Vainin O'Meadhra,1,9789122002703,1979,Coronet Books,,0,,
/books/OL22751979M,"Russlands Seele: Ikonen, Gemalde und Zeichnungen aus der Tretjakow-Galerie Moskau",,Valentin Rodinow,1,9783777434858,2007,Hirmer,,0,,
/books/OL656396M,Biopiracy,the plunder of nature and knowledge,Vandana Shiva,1,9780896085565,1997,South End Press,,0,,
/books/OL10609053M,Scientific Perspectives,,Varadaraja V. Raman,1,9780738808239,2000,Xlibris Corporation,Sciences,0,,
/books/OL12805030M,"Aesthetics. (On the Boundary of Two Worlds: Identity, Freedom, & Moral Imagination in the Baltics)",,Vasily Sesemann,1,9789042022225,2007,Rodopi,,0,,
/books/OL12681430M,Jungfrau Express - With The Jungfrau Railway Up To The Glaciers,,"Verena; Translated by Heller, Paul L. Gurtner",1,9783280015438,1984,Orell Fussli,Voyage,0,,
/books/OL12808347M,The Immigrant Organising Process,,"Vermeulen, Floris",1,9789053568750,2007,Amsterdam University Press,,0,,
/books/OL141057M,A turn of the blade,,Veronica Geoghegan Sweeney,1,9780786005802,1998,Kensington Pub.,Fiction,0,,
/books/OL2531325M,The emancipist,an unforgettable epic of Australia,Veronica Geoghegan Sweeney,1,9780671602093,1985,Simon and Schuster,,0,,
/books/OL22420673M,An enquiry into the Social Science Research Council,,"Victor Rothschild, 3rd Baron Rothschild",1,9780101855402,1982,HMSO,,0,,
/books/OL12773413M,Data Analysis in Cosmology,,Vincent Martinez,1,9783540239727,2008,Springer,,0,,
/books/OL709655M,Digging up the past,,Vivian Sathre,1,9781570642753,1997,Big Red Chair Books,Fiction | Histoire,0,,
/books/OL49143M,Dog overboard!,,Vivian Sathre,1,9780836825909,2000,G. Stevens Pub.,Fiction,0,,
/books/OL24773295M,Stage invader,,Vivian Sathre,1,9781570645631,1999,Big Red Chair Books,Fiction,0,,
/books/OL18979059M,age of Lewis XIV.,,Voltaire,1,,1753,R. and J. Dodsley,Histoire,0,,
/books/OL23377915M,age of Louis XIV.,,Voltaire,1,,1779,Fielding and Walker,Histoire,0,,
/books/OL16954669M,Alzira,"A tragedy. As it is acted at the Theatre-Royal in Lincoln's-Inn Fields. Written originally in French, by Mr. de Voltaire.",Voltaire,1,,1736,"printed by S. Powell, for G. Risk, G. Ewing and W. Smith",Histoire | Théâtre,0,,
/books/OL11934402M,An Essay Upon The Civil Wars Of France,Extracted From Curious Manuscripts By Mr. De Voltaire,Voltaire,1,9781432558130,2007,"Kessinger Publishing, LLC",Histoire,0,,
/books/OL7070174M,Annals of the Empire from the reign of Charlemagne,,Voltaire,1,,1755,A. Millar,Histoire,0,,
/books/OL17304389M,Calas affair,a treatise on tolerance,Voltaire,1,,1994,Folio Society,Histoire,0,,
/books/OL39806707M,Candide,,Voltaire,1,,,Modern Library,Fiction | Histoire | Philosophie | Politique,0,,
/books/OL6548538M,Critical essays on dramatic poetry,,Voltaire,1,,1761,L. Davis and C. Reymers,Théâtre,0,,
/books/OL20800984M,history of the Russian empire under Peter the Great,,Voltaire,1,,1765,Printed by R. Taylor,Histoire,0,,
/books/OL22381338M,Les œuvres complètes de Voltaire.,,Voltaire,1,9780729409001,2007,Voltaire Foundation,,0,,
/books/OL14034215M,philosophical dictionary,,Voltaire,1,,1802,Printed for Wynne and Scholey,Philosophie,0,,
/books/OL1418636M,Political writings,,Voltaire,1,9780521431163,1994,Cambridge University Press,Philosophie | Politique,0,,
/books/OL11038343M,Siecle De Louis XIV,,Voltaire,1,9780785916604,1984,French & European Publications Inc,Histoire,0,,
/books/OL286396M,The general history and state of Europe.,,Voltaire,1,,1758,"Printed by Sands, Donaldson, Murray, & Cochran for A. Donaldson ...",Histoire,0,,
/books/OL7207144M,"The history of Charles the Twelfth, king of Sweden.",,Voltaire,1,,1851,Leavitt & company,Biographie | Histoire,0,,
/books/OL1246895M,The history of the war of seventeen hundred and forty one,,Voltaire,1,,1756,Printed for J. Nourse ...,Histoire,0,,
/books/OL6537018M,The philosophical dictionary for the pocket.,,Voltaire,1,,1765,T. Brown,Philosophie,0,,
/books/OL6988145M,The philosophy of history,"or A philosophical and historical dissertation, on the origin, manners, customs, and religion of the different nations, and people of antiquity; with a clear and concise exposition, of the usages, and opinions common amongst them; and, in particular, of their religious rites, ceremonies, and superstitions: interspersed with a great variety of other useful and highly interesting matter ...",Voltaire,1,,1829,T. North,Histoire | Philosophie,0,,
/books/OL7002378M,The sincere Huron,a true history,Voltaire,1,,1801,"Printed by E. Hodson, for J. Bone",Fiction | Politique,0,,
/books/OL14047788M,Voltaire in his letters,being a selection from his correspondence,Voltaire,1,,1919,G.P. Putnam's Sons,,0,,
/books/OL5074660M,Voltaire's Essay on epic poetry,a study and an edition,Voltaire,1,9780877530442,1970,Phaeton Press,,0,,
/books/OL11881466M,Voltaire\'s Philosophical Dictionary,,Voltaire,1,9781426493591,2007,BiblioBazaar,Philosophie,0,,
/books/OL23236048M,Spanish Marxism versus Soviet communism,a history of the P.O.U.M. in the Spanish Civil War,Víctor Alba,1,9781412807333,2009,Transaction Publishers,Histoire | Politique,0,,
/books/OL13212691M,Isaac Newton's Philosophiae Naturalis Principia Mathematica,Proceedings,W. A. Kaminski,1,9789971505332,1988,World Scientific Pub Co Inc,Histoire | Philosophie | Sciences,0,,
/books/OL12845242M,"Quest for a Unified Theory of Information (World-Futures General Evolution Studies, Vol 13)",,W. Hofkirchner,1,9789057005312,1999,Routledge,Philosophie,0,,
/books/OL47062119M,"Philanthropy in England, 1480-1660",a study of the changing pattern of English social aspirations,W. K. Jordan,1,,1959,Russell Sage Foundation,Histoire | Politique,0,,
/books/OL12929448M,Smiling Spleen,Paracelsianism in Storm and Stress,W. Pagel,1,9783805537070,1984,S. Karger AG (Switzerland),Histoire | Philosophie | Sciences,0,,
/books/OL12627011M,The British in Bengal 1756-1773,,W.G.J. Kuiters,1,9782846540049,2002,"Les Indes Savantes,France",Histoire,0,,
/books/OL14646153M,Hegel's political philosophy,,Walter Arnold Kaufmann,1,,1970,Atherton Press,Politique,0,,
/books/OL32232803M,Flowers from Shakespeare's garden,,Walter Crane | William Shakespeare,2,,1909,Cassell & Company,,0,,
/books/OL8289678M,Walter Moorcroft,Memories of Life and Living,Walter Moorcroft,1,9780903685719,2006,Richard Dennis Publications Dist,Biographie,0,,
/books/OL12791959M,The Traditional Education of Korea,,Wan Gee Choi,1,9788973006755,2006,Ewha Womans University Press,Histoire | Philosophie | Éducation,0,,
/books/OL13168457M,Personal Agency Beliefs in Self-Regulation,"The Exercise of Personal Responsibility, Choice and Control in Learning (Teaching and Learning\)",Wan Har Chong,1,9789812103215,2005,Marshall Cavendish Corporation,,0,,
/books/OL13093693M,Kua Fu Races with the Sun (CHINESE TALE SERIES),,Wang Yangguang,1,9787801385352,2005,Dolphin Books,Jeunesse,0,,
/books/OL13093694M,Houyi Shoots down the Suns (CHINESE TALE SERIES),,Wang Zhiwei,1,9787801385376,2006,Dolphin Books,Jeunesse,0,,
/books/OL10094958M,Fifty-Fifty,An Intermediate Course in Communicative English,Warren Wilson | Roger Barnard,2,9780139200755,1999,Prentice Hall College Div,,0,,
/books/OL10107357M,Test of Language Competence,Administration Manual,Wayne Secord | Elisabeth Wiig,2,9780158955599,1989,Psychological Corporation,,2,,
/books/OL10107358M,Test of Language Competence,Technical Manual,Wayne Secord | Elisabeth Wiig,2,9780158955605,1989,Harcourt,,2,,
/books/OL10072079M,Ultimate SOS CD Library Season 1,Morgan Kaufmann Systems on Silicon,Wayne Wolf,1,9780123742414,2007,Morgan Kaufmann,Technologie,0,,
/books/OL10072080M,Ultimate SOS CD Library Season 2,Morgan Kaufmann Systems on Silicon,Wayne Wolf,1,9780123742421,2007,Morgan Kaufmann,Technologie,0,,
/books/OL50999003M,Journey Into Light,The Story Of Louis Braille,Webb B. Garrison | Gary Webster,2,,1964,"New York, Hawthorn Books,",Jeunesse,0,,
/books/OL13010634M,Life in Xishuangbanna,,Wei Aijun,1,9787119023496,2000,Foreign Language Press,Voyage,0,,
/books/OL24172766M,Thomas lord Cromwell,,Wentworth Smith | W. S. | William Shakespeare,3,,1911,Issued for subscribers by the editor of the Tudor facsimile texts,Théâtre,0,,
/books/OL12808846M,Tracing Technique in Geohydrology,,Werner Käss,1,9789054104445,1998,Taylor & Francis,,0,,
/books/OL21529674M,"Aufbau, Absicht und Form der Pragmateiai Philodems.",,Werner Liebich,1,,1960,Berlin-Steglitz,,0,,
/books/OL37601M,The backward art of spending money,,Wesley Clair Mitchell,1,9780765806116,1999,Transaction Publishers,Sciences sociales | Économie et entreprise,0,,
/books/OL13515433M,The philosophy of Christianity,"or, The purpose and power of the gospel.",William D. Pirie,1,,1872,W. Blackwood,Philosophie | Religion,0,,
/books/OL23426152M,The Beauties of Shakespear: Regularly Selected from Each Play. With a ...,,William Dodd | William Shakespeare,2,,1780,printed for J. Macgowan,,0,,
/books/OL21557088M,Living with asthma,,William E. Berger,1,9780816064830,2008,Facts On File,Jeunesse,0,,
/books/OL10579874M,The Pro-Slavery Argument,As Maintained By The Most Distinguished Writers Of The Southern States,William Gilmore Simms | William Harper | James H. Hammond,3,9780548362594,2007,"Kessinger Publishing, LLC",Sciences sociales,0,,
/books/OL13568307M,Intentionalist interpretation,a philosophical explanation and defense,William Irwin,1,9780313311512,1999,Greenwood Press,Philosophie,0,,
/books/OL7242722M,A traveler at forty.,,William J. Glackens | Theodore Dreiser,2,,1913,The Century Co.,Histoire | Voyage,0,,
/books/OL10076029M,The American Journey,A History of the United States,William L. Barney | Jo Ann E. Argersinger | Carl Abbott | Virginia Dejohn Anderson | Robert M. Weir | David R. Goldfield | Peter H. Argersinger,7,9780130401496,1999,Prentice Hall College Div,,2,,
/books/OL10076030M,The American Journey,A History of the United States,William L. Barney | Jo Ann E. Argersinger | Carl Abbott | Virginia Dejohn Anderson | Robert M. Weir | David R. Goldfield | Peter H. Argersinger,7,9780130401519,1999,Prentice Hall College Div,,2,,
/books/OL10076028M,The American Journey: A History of the United States,Combined Edition,William L. Barney | Jo Ann E. Argersinger | Carl Abbott | Virginia Dejohn Anderson | Robert M. Weir | David R. Goldfield | Peter H. Argersinger,7,9780130401465,1999,Prentice Hall College Div,,0,,
/books/OL22601217M,Statistics for the social sciences.,,William L. Hays,1,9780030779459,1973,"Holt, Rinehart and Winston",Sciences sociales,0,,
/books/OL12798626M,Sennacherib's Campaign to Judah,New Studies (Studies in the History and Culture of the Ancient Near East),William R. Gallagher,1,9789004115378,1999,Brill Academic Publishers,Histoire,0,,
/books/OL7827475M,All the World's a Stage,An Anthology of Shakespearean Speeches,William Shakespeare,1,9780553455465,1995,Random House Audio,,0,,
/books/OL30539223M,Complete Works,,William Shakespeare,1,9780230200951,2015,Macmillan,Fiction | Jeunesse | Poésie | Théâtre,0,,
/books/OL22536453M,"HENRY IV, PART II",,William Shakespeare,1,9780571216284,,FABER AND FABER,,0,,
/books/OL43530392M,King Henry the Fourth Part I,,William Shakespeare,1,,1922,Ginn & Company,Fiction | Histoire | Théâtre,0,,
/books/OL14036602M,Romeo and Juliet,Parallel texts of the first two quartos,William Shakespeare,1,,1874,N. Trübner for the New Shakspere Society,,0,,
/books/OL23546098M,Select Plays of William Shakspeare in Six Volumes,Vol. VI,William Shakespeare,1,,1820,"Printed for the proprietors, by G.L . Austin",Fiction | Jeunesse | Théâtre,0,,
/books/OL13494429M,Shakespeares Venus and Adonis,"being a reproduction in facsimile of the first edition, 1593, from the unique copy in the Malone collection in the Bodleian library",William Shakespeare,1,,1905,Clarendon Press,,0,,
/books/OL32195049M,Shakspeare's Dramatic Works,In Eight Volumes: Volume VI,William Shakespeare,1,,1830,Printed and sold by J.F. Dove,,0,,
/books/OL7085281M,The book of Shakespeare gems,in a series of landscape illustrations of the most interesting localities of Shakespeare's dramas.,William Shakespeare,1,,1854,Henry G. Bohn,,0,,
/books/OL24994564M,The complete works of William Shakespeare,,William Shakespeare,1,,1910,H. Frowde,,0,,
/books/OL23534894M,The Complete Works of William Shakspeare in Two Volumes,Vol. II,William Shakespeare,1,,1838,Baudry's European Library,Fiction | Jeunesse | Théâtre,0,,
/books/OL32241701M,The Dramatic Works of Shakespeare,"from the text of Johnson, Steevens and Reed",William Shakespeare,1,,1855,Leavitt & Allen Bros.,Biographie | Fiction | Histoire | Jeunesse | Théâtre,0,,
/books/OL32183896M,The Plays of William Shakspeare,Volume the Seventh,William Shakespeare,1,,1778,"Printed for C. Bathurst, etc.",,0,,
/books/OL23544869M,The Stratford Shakspere,,William Shakespeare,1,,1867,C:Griffin & co.,,0,,
/books/OL25666335M,"The tempest, or, The enchanted island",a comedy as it is now acted at His Highness the Duke of York's Theatre,William Shakespeare,1,,1676,"Printed by J. Macock, for Henry Herringman at the signe of the Blew Anchor in the Lower Walk of the New Exchange",Théâtre,0,,
/books/OL3568688M,The tragedies,illustrated,William Shakespeare,1,9780517220573,2002,Gramercy Books,Fiction | Jeunesse | Théâtre,0,,
/books/OL25678404M,The Works of Mr. William Shakespear,"the seventh volume : containing Venus and Adonis, Tarquin and Lucrece, and Mr. Shakespear's miscellany poems : to which is prefix'd An essay on the art, rise, and progress of the stage in Greece, Rome, and England : and a glossary of the old words us'd in these works : the whole revis'd and corrected, with a preface",William Shakespeare,1,,1725,"Printed by J. Darby, for A. Bettesworth",,2,,
/books/OL32225364M,The Works of Mr. William Shakespear,Volume the Seventh,William Shakespeare,1,,1747,"Printed for J. and P. Knapton, S. Birt, T. Longma[n] and T. Shewell, H. Lintott, C. Hitch, J. Brindley, J. and R. Tonson and S. Draper, R. Wellington, E. New, and B. Dod",,2,,
/books/OL32239416M,The Works of Shakespeare,Volume the Eighth,William Shakespeare,1,,1740,"Printed for H. Lintott, C. Hitch, J. and R. Tonson, C. Corbet, R. and B. Wellington, J. Brindley, and E. New",Fiction | Jeunesse | Théâtre,0,,
/books/OL32235076M,The Works of William Shakespeare,In Eight Volumes: Vol. VIII,William Shakespeare,1,,1843,Whittaker & Co.,,0,,
/books/OL20469481M,Tragedies,Troilus and Cressida / Coriolanus / Titus Andronicus,William Shakespeare,1,,1861,"Little, Brown and company",,2,,
/books/OL12740236M,The Satiric Voice,"Program, Form & Meaning in Persius & Juvenal (Altertumswissenschaftliche Texte Und Studien)",William T. Wehrle,1,9783487096131,1992,Georg Olms Publishers,,0,,
/books/OL12852035M,The Big Show,,Wim Peeters,1,9789076884028,2002,Exhibitions International,Arts,0,,
/books/OL12798886M,Kleine Schriften Zur Hellenistisch-Romischen Philosophie (Philosophia Antiqua),,Woldemar Gorler,1,9789004137363,2004,Brill Academic Publishers,Philosophie,0,,
/books/OL5431365M,"Twentieth century philosophy, 1900-1950.",,Władysław Tatarkiewicz,1,9780534001414,1973,Wadsworth Pub. Co.,,0,,
/books/OL12804517M,BESCHREIBUNG DER WELT. Zur Poetik der Reise- und Länderberichte. Vorträge eines interdisziplinären Symposiums vom 8. bis 13. Juni 1998 an der Justus-Liebig-Universität Gießen. (Chloe 31),,Xenja Von Ertzdorff,1,9789042004801,2000,Rodopi Bv Editions,,0,,
/books/OL12775573M,Research Methods in Urban and Regional Planning (Tsinghua University Texts) (Tsinghua University Texts),,Xinhao Wang | Rainer vom Hofe,2,9783540496571,2007,Springer,Sciences sociales,0,,
/books/OL12664878M,Royal Autobiography in the Book of Qoheleth (Beihefte Zur Zeitschrift Fur die Alttestamentliche Wissenschaft 369) (Beiheft Zur Zeitschrift Fur Die Alttestamentliche Wissenschaft),,Y V Koh,1,9783110192285,2006,Walter de Gruyter,Histoire,0,,
/books/OL3995392M,Deep thinking,,"Yahya, Hârun.",1,9781842000090,2000,Ta-Ha Publishers,,0,,
/books/OL13168579M,Origins of Chinese Science and Technology,,Yang Liping,1,9789812293763,2004,Asiapac Books,Histoire | Sciences | Technologie,0,,
/books/OL12845317M,"Presence and Pre-Expressivity, Part I (Contemporary Theatre Review)",,YARROW,1,9789057021749,1998,Routledge,,0,,
/books/OL13170906M,Theology and Tafsir in the Major Works of Fakhr Al-Din Al-Razi,,Yasin Ceylan,1,9789839900255,1996,International Institute of Islamic thought & civil,,0,,
/books/OL12798360M,The Essentials of Medicine in Ancient China and Japan,,Yasuyori Tamba,1,9789004078055,1986,Brill,,2,,
/books/OL12798362M,The Essentials of Medicine in Ancient China and Japan,Yasuyori Tamba's Shimpo,Yasuyori Tamba,1,9789004078086,1997,Brill Academic Pub,,2,,
/books/OL23383502M,A winter in Italy,in a series of letters to a friend,"Yates, Ashton Mrs.",1,,1844,H. Colburn,Voyage,0,,
/books/OL13168330M,Curie,,YKids,1,9789810549466,2007,YoungJin Singapore Pte. Ltd.,Biographie,0,,
/books/OL13168328M,Einstein,,YKids,1,9789810549442,2007,YoungJin Singapore Pte. Ltd.,Biographie,2,,
/books/OL13168329M,Gandhi,,YKids,1,9789810549459,2007,YoungJin Singapore Pte. Ltd.,BD et romans graphiques | Biographie | Politique,0,,
/books/OL13168325M,Gulliver's Travels,,YKids,1,9789810549411,2007,YoungJin Singapore Pte. Ltd.,,0,,
/books/OL13168340M,Leonardo da Vinci,,YKids,1,9789810575557,2008,YoungJin Singapore Pte. Ltd.,Biographie,0,,
/books/OL13168327M,Little Women,,YKids,1,9789810549435,2007,YoungJin Singapore Pte. Ltd.,,0,,
/books/OL13168337M,Mother Teresa,,YKids,1,9789810575526,2008,YoungJin Singapore Pte. Ltd.,Biographie,0,,
/books/OL13168326M,Treasure Island,,YKids,1,9789810549428,2007,YoungJin Singapore Pte. Ltd.,,0,,
/books/OL12797100M,Modern Korean History and Nationalism,,Yong-ha Shin,1,9788988095201,2000,Jimoondang International,Histoire,0,,
/books/OL12797524M,"The Five Years' Crisis, 1866-1871",Korea in the Maelstrom of Western Imperialism,Yongkoo Kim,1,9788989443018,2001,University of Hawaii Press,Histoire,0,,
/books/OL2774704M,Yosl Bergner,"a retrospective exhibition : Banyule Gallery, 11 September-8 December, 1985",Yosl Bergner,1,9780724101115,1985,The Gallery,,0,,
/books/OL12917653M,MAHNMALE DES HOLOCAUST,,YOUNG JAMES E.,1,9783791313375,1995,Prestel Pub,Arts,0,,
/books/OL20964053M,Oughtopia,,Young Seek Choue,1,9780080245348,1981,Pergamon,Philosophie | Sciences sociales,0,,
/books/OL12791958M,Money,Traditional Korean Society,Yu Han Won,1,9788973006748,2006,Ewha Womans University Press,Histoire,0,,
/books/OL12674094M,Josephus Geographicus,The Classical Context Of Geography In Josephus (Texts & Studies in Ancient Judaism),Yuval Shahar,1,9783161482564,2004,Paul Mohr Verlag,,0,,
/books/OL12770507M,Public Key Cryptography - PKC 2003,"6th International Workshop on Theory and Practice in Public Key Cryptography, Miami, FL, USA, January 6-8, 2003, Proceedings (Lecture Notes in Computer Science)",Yvo Desmedt,1,9783540003243,2003,Springer,Technologie,0,,
/books/OL2055295M,Chantal,,Yvone Lenard,1,9780385297837,1989,Delacorte Press,Fiction,0,,
/books/OL49147M,The magic of Provence,pleasures of southern France,Yvone Lenard,1,9780871272126,2000,Elysian Editions,Voyage,0,,
/books/OL23273988M,Tutankhamun,the mystery of the boy king,Zahi A. Hawass,1,9780792283546,2005,National Geographic,Biographie | Histoire | Jeunesse,0,,
/books/OL12845748M,Clay Geosynthetic Barriers (W/cd),,Zanzinger,1,9789058093806,2002,SWETS,,0,,
