language,category,policy_author,tier,max_selected,max_total,work_key,work_title,work_authors,author_score,first_publish_year,edition_key,edition_title,edition_subtitle,edition_languages,edition_title_score,isbn,publisher,publish_date,page_count,cover_id,cover_state,cover_width,cover_height,cover_format,cover_local_path,collection_flag,suspicious_flag,pre_cover_score,final_score,classification,classification_reason,selection_state
NL,CONTEMPORARY,Adriaan van Dis,1,8,12,/works/OL45868702W,Alles voor de reis,Adriaan van Dis,1.0000,2026,/books/OL62415677M,Alles voor de reis,,dut,1.0000,9789025478612,Atlas Contact,2026,,15244233,VALID_COVER,303,500,JPEG,data/cache/nl-mass-editorial-engine/covers/NL-OL62415677M.jpeg,NO,NO,167.0000,201.0000,AUTO_ACCEPT,Strong author/title/language match and validated physical cover.,
NL,CONTEMPORARY,Adriaan van Dis,1,8,12,/works/OL2415113W,Dubbelliefde,Adriaan van Dis,1.0000,1999,/books/OL23028715M,Dubbelliefde,geschiedenis van een jongeman : roman,dut,1.0000,9029057521,Meulenhoff,1999,,13010303,VALID_COVER,342,500,JPEG,data/cache/nl-mass-editorial-engine/covers/NL-OL23028715M.jpeg,NO,NO,167.0000,201.0000,AUTO_ACCEPT,Strong author/title/language match and validated physical cover.,
NL,CONTEMPORARY,Adriaan van Dis,1,8,12,/works/OL27973632W,Een barbaar in China,Adriaan van Dis,1.0000,2007,/books/OL38244448M,Een barbaar in China,een reis door Centraal-Azië,dut,1.0000,9789045701066,Augustus,2007,,12789314,VALID_COVER,283,500,JPEG,data/cache/nl-mass-editorial-engine/covers/NL-OL38244448M.jpeg,NO,NO,167.0000,201.0000,AUTO_ACCEPT,Strong author/title/language match and validated physical cover.,
NL,CONTEMPORARY,Adriaan van Dis,1,8,12,/works/OL22752239W,Enge dingen,Adriaan van Dis | Mineke te Hennepe | Maartje de Haan,1.0000,2011,/books/OL30728760M,Enge dingen,het aangetaste lichaam,dut | eng,1.0000,9789089103024,WBOOKS,2011,,13527187,VALID_COVER,323,500,JPEG,data/cache/nl-mass-editorial-engine/covers/NL-OL30728760M.jpeg,NO,NO,167.0000,201.0000,AUTO_ACCEPT,Strong author/title/language match and validated physical cover.,
NL,CONTEMPORARY,Adriaan van Dis,1,8,12,/works/OL2415116W,Familieziek,Adriaan van Dis,1.0000,2002,/books/OL23007114M,Familieziek,een roman in taferelen,dut,1.0000,9045700417,Augustus,2002,,11430498,VALID_COVER,318,500,JPEG,data/cache/nl-mass-editorial-engine/covers/NL-OL23007114M.jpeg,NO,NO,167.0000,201.0000,AUTO_ACCEPT,Strong author/title/language match and validated physical cover.,
NL,CONTEMPORARY,Adriaan van Dis,1,8,12,/works/OL22917051W,Ik kom terug,Adriaan van Dis,1.0000,2014,/books/OL30825890M,Ik kom terug,roman,dut,1.0000,9789025444532,Uitgeverij Augustus,2014,,13527204,VALID_COVER,333,500,JPEG,data/cache/nl-mass-editorial-engine/covers/NL-OL30825890M.jpeg,NO,NO,167.0000,201.0000,AUTO_ACCEPT,Strong author/title/language match and validated physical cover.,
NL,CONTEMPORARY,Adriaan van Dis,1,8,12,/works/OL2415118W,In Afrika,Adriaan van Dis,1.0000,1991,/books/OL1648226M,In Afrika,,dut,1.0000,9029026642,Meulenhoff,1991,,9854640,VALID_COVER,315,500,JPEG,data/cache/nl-mass-editorial-engine/covers/NL-OL1648226M.jpeg,NO,NO,167.0000,201.0000,AUTO_ACCEPT,Strong author/title/language match and validated physical cover.,
NL,CONTEMPORARY,Adriaan van Dis,1,8,12,/works/OL27736668W,Indische duinen,Adriaan van Dis,1.0000,1996,/books/OL37864854M,Indische duinen,roman,dut,1.0000,9789029051675,Meulenhoff,1996,,12737476,VALID_COVER,311,500,JPEG,data/cache/nl-mass-editorial-engine/covers/NL-OL37864854M.jpeg,NO,NO,167.0000,201.0000,AUTO_ACCEPT,Strong author/title/language match and validated physical cover.,
NL,CONTEMPORARY,Adriaan van Dis,1,8,12,/works/OL2415129W,Nathan Sid,Adriaan van Dis,1.0000,1984,/books/OL2939589M,Nathan Sid,,dut,1.0000,9029019859,Meulenhoff,1984,,11684242,VALID_COVER,299,500,JPEG,data/cache/nl-mass-editorial-engine/covers/NL-OL2939589M.jpeg,NO,NO,167.0000,201.0000,AUTO_ACCEPT,Strong author/title/language match and validated physical cover.,
NL,CONTEMPORARY,Adriaan van Dis,1,8,12,/works/OL24422639W,Onder het zink,Adriaan van Dis,1.0000,2004,/books/OL32348790M,Onder het zink,un abécédaire de Paris,dut,1.0000,9789059650015,Stichting Collectieve Propaganda van het Nederlandse Boek,2004,,10977336,VALID_COVER,291,500,JPEG,data/cache/nl-mass-editorial-engine/covers/NL-OL32348790M.jpeg,NO,NO,167.0000,201.0000,AUTO_ACCEPT,Strong author/title/language match and validated physical cover.,
NL,CONTEMPORARY,Adriaan van Dis,1,8,12,/works/OL2415123W,Op oorlogspad in Japan,Adriaan van Dis,1.0000,2000,/books/OL3988012M,Op oorlogspad in Japan,,dut,1.0000,9029068027,Meulenhoff,2000,,4349748,VALID_COVER,128,209,JPEG,data/cache/nl-mass-editorial-engine/covers/NL-OL3988012M.jpeg,NO,NO,167.0000,201.0000,AUTO_ACCEPT,Strong author/title/language match and validated physical cover.,
NL,CONTEMPORARY,Adriaan van Dis,1,8,12,/works/OL2415125W,Palmwijn,Adriaan van Dis,1.0000,1996,/books/OL556977M,Palmwijn,,dut,1.0000,9074336256,Meulenhoff,1996,,13527259,VALID_COVER,136,225,JPEG,data/cache/nl-mass-editorial-engine/covers/NL-OL556977M.jpeg,NO,NO,167.0000,201.0000,AUTO_ACCEPT,Strong author/title/language match and validated physical cover.,
NL,CONTEMPORARY,Adriaan van Dis,1,8,12,/works/OL22368131W,Tikkop,Adriaan van Dis,1.0000,2010,/books/OL30452584M,Tikkop,roman,dut,1.0000,9789045702445,Augustus,2010,,12624006,VALID_COVER,330,500,JPEG,data/cache/nl-mass-editorial-engine/covers/NL-OL30452584M.jpeg,NO,NO,167.0000,201.0000,AUTO_ACCEPT,Strong author/title/language match and validated physical cover.,
NL,CONTEMPORARY,Adriaan van Dis,1,8,12,/works/OL2415126W,Tropen jaren,Adriaan van Dis,1.0000,1986,/books/OL2292705M,Tropen jaren,,dut,1.0000,9020424939,Veen,1986,,4107352,VALID_COVER,128,207,JPEG,data/cache/nl-mass-editorial-engine/covers/NL-OL2292705M.jpeg,NO,NO,167.0000,201.0000,AUTO_ACCEPT,Strong author/title/language match and validated physical cover.,
NL,CONTEMPORARY,Adriaan van Dis,1,8,12,/works/OL2415128W,"Zilver, of, Het verlies van de onschuld",Adriaan van Dis,1.0000,1988,/books/OL2236422M,"Zilver, of, Het verlies van de onschuld",,dut,1.0000,9029039396,Meulenhoff,1988,,12161369,VALID_COVER,300,500,JPEG,data/cache/nl-mass-editorial-engine/covers/NL-OL2236422M.jpeg,NO,NO,167.0000,201.0000,AUTO_ACCEPT,Strong author/title/language match and validated physical cover.,
NL,CONTEMPORARY,Anna Enquist,1,7,10,/works/OL34877484W,Contrapunt,Anna Enquist,1.0000,2008,/books/OL47233050M,Contrapunt,,dut,1.0000,9789029566759,Arbeiderspers,2008,,13674305,VALID_COVER,314,500,JPEG,data/cache/nl-mass-editorial-engine/covers/NL-OL47233050M.jpeg,NO,NO,167.0000,201.0000,AUTO_ACCEPT,Strong author/title/language match and validated physical cover.,
NL,CONTEMPORARY,Anna Enquist,1,7,10,/works/OL29993607W,Daer een seigneur zijn handen wast,Anna Enquist,1.0000,2017,/books/OL41233671M,Daer een seigneur zijn handen wast,,dut,1.0000,9789085164760,B for Books,2017,,13009207,VALID_COVER,329,500,JPEG,data/cache/nl-mass-editorial-engine/covers/NL-OL41233671M.jpeg,NO,NO,167.0000,201.0000,AUTO_ACCEPT,Strong author/title/language match and validated physical cover.,
NL,CONTEMPORARY,Anna Enquist,1,7,10,/works/OL817059W,De ijsdragers,Anna Enquist,1.0000,2002,/books/OL9112842M,De ijsdragers,,dut,1.0000,9789074336703,Stichting Collectieve Propaganda van het Nederlandse Boek,2002,,6460449,VALID_COVER,305,500,JPEG,data/cache/nl-mass-editorial-engine/covers/NL-OL9112842M.jpeg,NO,NO,167.0000,201.0000,AUTO_ACCEPT,Strong author/title/language match and validated physical cover.,
NL,CONTEMPORARY,Anna Enquist,1,7,10,/works/OL19699464W,De kwetsuur,Anna Enquist,1.0000,1999,/books/OL26913170M,De kwetsuur,tien verhalen,dut,1.0000,9029515031,Arbeiderspers,1999,,11396109,VALID_COVER,300,500,JPEG,data/cache/nl-mass-editorial-engine/covers/NL-OL26913170M.jpeg,NO,NO,167.0000,201.0000,AUTO_ACCEPT,Strong author/title/language match and validated physical cover.,
NL,CONTEMPORARY,Anna Enquist,1,7,10,/works/OL817046W,De sprong,Anna Enquist,1.0000,2003,/books/OL3767596M,De sprong,vijf monologen,dut,1.0000,9029515635,De Arbeiderspers,2003,,12152853,VALID_COVER,291,500,JPEG,data/cache/nl-mass-editorial-engine/covers/NL-OL3767596M.jpeg,NO,NO,167.0000,201.0000,AUTO_ACCEPT,Strong author/title/language match and validated physical cover.,
NL,CONTEMPORARY,Anna Enquist,1,7,10,/works/OL22630266W,De verdovers,Anna Enquist,1.0000,2011,/books/OL30654558M,De verdovers,roman,dut,1.0000,9789029578592,De Arbeiderspers,2011,,11322860,VALID_COVER,290,500,JPEG,data/cache/nl-mass-editorial-engine/covers/NL-OL30654558M.jpeg,NO,NO,167.0000,201.0000,AUTO_ACCEPT,Strong author/title/language match and validated physical cover.,
NL,CONTEMPORARY,Anna Enquist,1,7,10,/works/OL817061W,Het geheim,Anna Enquist,1.0000,1997,/books/OL768175M,Het geheim,roman,dut,1.0000,9029514973,Arbeiderspers,1997,,4896408,VALID_COVER,128,202,JPEG,data/cache/nl-mass-editorial-engine/covers/NL-OL768175M.jpeg,NO,NO,167.0000,201.0000,AUTO_ACCEPT,Strong author/title/language match and validated physical cover.,
NL,CONTEMPORARY,Anna Enquist,1,7,10,/works/OL817062W,Het meesterstuk,Anna Enquist,1.0000,1994,/books/OL828960M,Het meesterstuk,roman,dut,1.0000,9029515473,De Arbeiderspers,1994,,6463033,VALID_COVER,318,500,JPEG,data/cache/nl-mass-editorial-engine/covers/NL-OL828960M.jpeg,NO,NO,167.0000,201.0000,AUTO_ACCEPT,Strong author/title/language match and validated physical cover.,
NL,CONTEMPORARY,Anna Enquist,1,7,10,/works/OL23231079W,Kool!,Anna Enquist,1.0000,2012,/books/OL31067214M,Kool!,alles over voetbal,dut,1.0000,9789029586085,De Arbeiderspers,2012,,11484336,VALID_COVER,292,500,JPEG,data/cache/nl-mass-editorial-engine/covers/NL-OL31067214M.jpeg,NO,NO,167.0000,201.0000,AUTO_ACCEPT,Strong author/title/language match and validated physical cover.,
NL,CONTEMPORARY,Anna Enquist,1,7,10,/works/OL15575109W,Nieuws van nergens,Anna Enquist,1.0000,2010,/books/OL24527628M,Nieuws van nergens,gedichten,dut,1.0000,9789029572149,De Arbeiderspers,2010,,12141497,VALID_COVER,317,500,JPEG,data/cache/nl-mass-editorial-engine/covers/NL-OL24527628M.jpeg,NO,NO,167.0000,201.0000,AUTO_ACCEPT,Strong author/title/language match and validated physical cover.,
NL,CONTEMPORARY,Anna Enquist,1,7,10,/works/OL17589518W,Quatuor,Anna Enquist,1.0000,2016,/books/OL26192725M,Quatuor,,dut,1.0000,9782330057961,Actes Sud,2016,,7877597,VALID_COVER,264,500,JPEG,data/cache/nl-mass-editorial-engine/covers/NL-OL26192725M.jpeg,NO,NO,167.0000,201.0000,AUTO_ACCEPT,Strong author/title/language match and validated physical cover.,
NL,CONTEMPORARY,Anna Enquist,1,7,10,/works/OL30942350W,Sloop,Anna Enquist,1.0000,2021,/books/OL42508395M,Sloop,,dut,1.0000,9789029545136,Arbeiderspers,2021,,13012244,VALID_COVER,314,500,JPEG,data/cache/nl-mass-editorial-engine/covers/NL-OL42508395M.jpeg,NO,NO,167.0000,201.0000,AUTO_ACCEPT,Strong author/title/language match and validated physical cover.,
NL,CONTEMPORARY,Anna Enquist,1,7,10,/works/OL817053W,The fire was here,Anna Enquist,1.0000,2003,/books/OL3320848M,The fire was here,poems about mothers and children,eng | dut,1.0000,1902881818,Toby Press,2003,,2106742,VALID_COVER,286,475,JPEG,data/cache/nl-mass-editorial-engine/covers/NL-OL3320848M.jpeg,NO,NO,167.0000,201.0000,AUTO_ACCEPT,Strong author/title/language match and validated physical cover.,
NL,CONTEMPORARY,Arnon Grunberg,1,10,15,/works/OL23794632W,Amuse-gueule,Arnon Grunberg,1.0000,2001,/books/OL31525160M,Amuse-gueule,vroege verhalen,dut,1.0000,9038827369,Nijgh & Van Ditmar,2001,,10729226,VALID_COVER,285,500,JPEG,data/cache/nl-mass-editorial-engine/covers/NL-OL31525160M.jpeg,NO,NO,167.0000,201.0000,AUTO_ACCEPT,Strong author/title/language match and validated physical cover.,
NL,CONTEMPORARY,Arnon Grunberg,1,10,15,/works/OL850956W,De asielzoeker,Arnon Grunberg,1.0000,2003,/books/OL32092029M,De asielzoeker,,dut,1.0000,9789038894102,Nijgh & Van Ditmar,2010,,10746894,VALID_COVER,310,500,JPEG,data/cache/nl-mass-editorial-engine/covers/NL-OL32092029M.jpeg,NO,NO,167.0000,201.0000,AUTO_ACCEPT,Strong author/title/language match and validated physical cover.,
NL,CONTEMPORARY,Arnon Grunberg,1,10,15,/works/OL850959W,De heilige Antonio,Arnon Grunberg,1.0000,1998,/books/OL37064229M,De heilige Antonio,,dut,1.0000,9789038894751,Nijgh & Van Ditmar,2011,,12636148,VALID_COVER,293,500,JPEG,data/cache/nl-mass-editorial-engine/covers/NL-OL37064229M.jpeg,NO,NO,167.0000,201.0000,AUTO_ACCEPT,Strong author/title/language match and validated physical cover.,
NL,CONTEMPORARY,Arnon Grunberg,1,10,15,/works/OL19964025W,De man zonder ziekte,Arnon Grunberg,1.0000,2012,/books/OL27144244M,De man zonder ziekte,roman,dut,1.0000,9789038894836,Nijgh & Van Ditmar,2012,,11485300,VALID_COVER,277,500,JPEG,data/cache/nl-mass-editorial-engine/covers/NL-OL27144244M.jpeg,NO,NO,167.0000,201.0000,AUTO_ACCEPT,Strong author/title/language match and validated physical cover.,
NL,CONTEMPORARY,Arnon Grunberg,1,10,15,/works/OL28589234W,Fantoompijn,Arnon Grunberg,1.0000,2005,/books/OL39199162M,Fantoompijn,,dut,1.0000,9789041350503,Singel Pockets,2005,,12830396,VALID_COVER,279,500,JPEG,data/cache/nl-mass-editorial-engine/covers/NL-OL39199162M.jpeg,NO,NO,167.0000,201.0000,AUTO_ACCEPT,Strong author/title/language match and validated physical cover.,
NL,CONTEMPORARY,Arnon Grunberg,1,10,15,/works/OL27710377W,Grunbergbijbel,Arnon Grunberg,1.0000,2005,/books/OL37801486M,Grunbergbijbel,,dut,1.0000,9789025317546,Athenaeum-Polak & Van Gennep,2005,,12709041,VALID_COVER,321,500,JPEG,data/cache/nl-mass-editorial-engine/covers/NL-OL37801486M.jpeg,NO,NO,167.0000,201.0000,AUTO_ACCEPT,Strong author/title/language match and validated physical cover.,
NL,CONTEMPORARY,Arnon Grunberg,1,10,15,/works/OL24269374W,Het aapje dat geluk pakt,Arnon Grunberg,1.0000,2005,/books/OL32104880M,Het aapje dat geluk pakt,,dut,1.0000,9789038827162,Nijgh & Van Ditmar,2005,,10762151,VALID_COVER,282,500,JPEG,data/cache/nl-mass-editorial-engine/covers/NL-OL32104880M.jpeg,NO,NO,167.0000,201.0000,AUTO_ACCEPT,Strong author/title/language match and validated physical cover.,
NL,CONTEMPORARY,Arnon Grunberg,1,10,15,/works/OL22950663W,Het bestand,Arnon Grunberg,1.0000,2015,/books/OL30857914M,Het bestand,,dut,1.0000,9789038899886,Nijgh & Van Ditmar,2015,,10966167,VALID_COVER,282,500,JPEG,data/cache/nl-mass-editorial-engine/covers/NL-OL30857914M.jpeg,NO,NO,167.0000,201.0000,AUTO_ACCEPT,Strong author/title/language match and validated physical cover.,
NL,CONTEMPORARY,Arnon Grunberg,1,10,15,/works/OL24798074W,Het tweede bestand,Arnon Grunberg,1.0000,2017,/books/OL32945845M,Het tweede bestand,,dut,1.0000,9789038804125,Nijgh & Van Ditmar,2017,,11562246,VALID_COVER,316,500,JPEG,data/cache/nl-mass-editorial-engine/covers/NL-OL32945845M.jpeg,NO,NO,167.0000,201.0000,AUTO_ACCEPT,Strong author/title/language match and validated physical cover.,
NL,CONTEMPORARY,Arnon Grunberg,1,10,15,/works/OL16798143W,Karel heeft echt bestaan,Arnon Grunberg,1.0000,2008,/books/OL25419715M,Karel heeft echt bestaan,over het werk van Karel van het Reve,dut,1.0000,9789028240971,Van Oorschot,2008,,7244731,VALID_COVER,327,500,JPEG,data/cache/nl-mass-editorial-engine/covers/NL-OL25419715M.jpeg,NO,NO,167.0000,201.0000,AUTO_ACCEPT,Strong author/title/language match and validated physical cover.,
NL,CONTEMPORARY,Arnon Grunberg,1,10,15,/works/OL27961149W,Liefde is business,Arnon Grunberg,1.0000,2002,/books/OL38216098M,Liefde is business,gedichten,dut,1.0000,9789038827001,Nijgh & Van Ditmar,2002,,12765713,VALID_COVER,285,500,JPEG,data/cache/nl-mass-editorial-engine/covers/NL-OL38216098M.jpeg,NO,NO,167.0000,201.0000,AUTO_ACCEPT,Strong author/title/language match and validated physical cover.,
NL,CONTEMPORARY,Arnon Grunberg,1,10,15,/works/OL34825811W,Moedervlekken,Arnon Grunberg,1.0000,2016,/books/OL47179626M,Moedervlekken,,dut,1.0000,9789048819133,Lebowski Publishers,2016,,13596171,VALID_COVER,321,500,JPEG,data/cache/nl-mass-editorial-engine/covers/NL-OL47179626M.jpeg,NO,NO,167.0000,201.0000,AUTO_ACCEPT,Strong author/title/language match and validated physical cover.,
NL,CONTEMPORARY,Arnon Grunberg,1,10,15,/works/OL28151965W,Nee / Je weet hoe vossen zijn,Arnon Grunberg | Nationaal Comité 4 en 5 mei | Stichting voor de Collectieve Propaganda van het Nederlandse Boek,1.0000,2020,/books/OL38538519M,Nee / Je weet hoe vossen zijn,,dut,1.0000,9789059655263,Nationaal Comité 4 en 5 mei,2020,,12794883,VALID_COVER,305,500,JPEG,data/cache/nl-mass-editorial-engine/covers/NL-OL38538519M.jpeg,NO,NO,167.0000,201.0000,AUTO_ACCEPT,Strong author/title/language match and validated physical cover.,
NL,CONTEMPORARY,Arthur Japin,1,8,12,/works/OL23980894W,Alle verhalen,Arthur Japin,1.0000,2005,/books/OL31682494M,Alle verhalen,,dut,1.0000,9029562927,De Arbeiderspers,2005,,10728436,VALID_COVER,310,500,JPEG,data/cache/nl-mass-editorial-engine/covers/NL-OL31682494M.jpeg,NO,NO,167.0000,201.0000,AUTO_ACCEPT,Strong author/title/language match and validated physical cover.,
NL,CONTEMPORARY,Arthur Japin,1,8,12,/works/OL15313031W,De grote wereld,Arthur Japin,1.0000,2006,/books/OL24332406M,De grote wereld,,dut,1.0000,9059650271,Stichting Collectieve Propaganda van het Nederlandse Boek,2006,,6460322,VALID_COVER,305,500,JPEG,data/cache/nl-mass-editorial-engine/covers/NL-OL24332406M.jpeg,NO,NO,167.0000,201.0000,AUTO_ACCEPT,Strong author/title/language match and validated physical cover.,
NL,CONTEMPORARY,Arthur Japin,1,8,12,/works/OL9096464W,DE KLANK VAN SNEEUW,Arthur Japin,1.0000,2006,/books/OL9097588M,DE KLANK VAN SNEEUW.,,dut,1.0000,9029563362,Uitgeverij De Arbeiderspers,2006,,14287575,VALID_COVER,321,500,JPEG,data/cache/nl-mass-editorial-engine/covers/NL-OL9097588M.jpeg,NO,NO,167.0000,201.0000,AUTO_ACCEPT,Strong author/title/language match and validated physical cover.,
NL,CONTEMPORARY,Arthur Japin,1,8,12,/works/OL44739808W,"Geluk, een geheimtaal",Arthur Japin,1.0000,2019,/books/OL62360071M,"Geluk, een geheimtaal :",dagboeken 2008-2018,dut,1.0000,978 90 295 4051 3,De Arbeiderspers (singeluitgeverijen),2019 1126,,15240788,VALID_COVER,295,500,JPEG,data/cache/nl-mass-editorial-engine/covers/NL-OL62360071M.jpeg,NO,NO,167.0000,201.0000,AUTO_ACCEPT,Strong author/title/language match and validated physical cover.,
NL,CONTEMPORARY,Arthur Japin,1,8,12,/works/OL35981085W,Heksenmonument,Susan Smit | Bregje Hofstede | Arthur Japin | Joke J. Hermsen | Beatrijs Smulders | Manon Uphoff,1.0000,2023,/books/OL48571887M,Heksenmonument,Een pamflet over eerherstel voor onschuldige slachtoffers van de heksenvervolgingen,dut,1.0000,9789048869244,Lebowski,2023,,14358924,VALID_COVER,312,500,JPEG,data/cache/nl-mass-editorial-engine/covers/NL-OL48571887M.jpeg,NO,NO,167.0000,201.0000,AUTO_ACCEPT,Strong author/title/language match and validated physical cover.,
NL,CONTEMPORARY,Arthur Japin,1,8,12,/works/OL20194465W,Kolja,Arthur Japin,1.0000,2017,/books/OL27381127M,Kolja,roman,dut,1.0000,9789029509916,De Arbeiderspers,"Sep 07, 2017",,8844201,VALID_COVER,314,500,JPEG,data/cache/nl-mass-editorial-engine/covers/NL-OL27381127M.jpeg,NO,NO,167.0000,201.0000,AUTO_ACCEPT,Strong author/title/language match and validated physical cover.,
NL,CONTEMPORARY,Arthur Japin,1,8,12,/works/OL22368177W,Vaslav,Arthur Japin,1.0000,2010,/books/OL30452632M,Vaslav,roman,dut,1.0000,9789029572972,Arbeiderspers,2010,,13048648,VALID_COVER,295,500,JPEG,data/cache/nl-mass-editorial-engine/covers/NL-OL30452632M.jpeg,NO,NO,167.0000,201.0000,AUTO_ACCEPT,Strong author/title/language match and validated physical cover.,
NL,CONTEMPORARY,Bart Moeyaert,1,7,10,/works/OL891602W,Blote handen,Bart Moeyaert,1.0000,1996,/books/OL616301M,Blote handen,,dut,1.0000,9021475375,Querido,1996,,14347241,VALID_COVER,292,500,JPEG,data/cache/nl-mass-editorial-engine/covers/NL-OL616301M.jpeg,NO,NO,167.0000,201.0000,AUTO_ACCEPT,Strong author/title/language match and validated physical cover.,
NL,CONTEMPORARY,Bart Moeyaert,1,7,10,/works/OL24824223W,Echt weg is niet zo ver,Bart Moeyaert,1.0000,1993,/books/OL32989730M,Echt weg is niet zo ver,,dut,1.0000,9789027628732,Zwijsen,1993,,11624018,VALID_COVER,300,500,JPEG,data/cache/nl-mass-editorial-engine/covers/NL-OL32989730M.jpeg,NO,NO,167.0000,201.0000,AUTO_ACCEPT,Strong author/title/language match and validated physical cover.,
NL,CONTEMPORARY,Bart Moeyaert,1,7,10,/works/OL18747022W,Graz,Bart Moeyaert,1.0000,2009,/books/OL23997945M,Graz,,dut,1.0000,9789021435497,Querido,2009,,11958174,VALID_COVER,320,500,JPEG,data/cache/nl-mass-editorial-engine/covers/NL-OL23997945M.jpeg,NO,NO,167.0000,201.0000,AUTO_ACCEPT,Strong author/title/language match and validated physical cover.,
NL,CONTEMPORARY,Bart Moeyaert,1,7,10,/works/OL26180098W,Het beest heet Mona,Bart Moeyaert,1.0000,2001,/books/OL35329722M,Het beest heet Mona,,dut,1.0000,9027688931,Zwijsen,2001,,12147785,VALID_COVER,304,500,JPEG,data/cache/nl-mass-editorial-engine/covers/NL-OL35329722M.jpeg,NO,NO,167.0000,201.0000,AUTO_ACCEPT,Strong author/title/language match and validated physical cover.,
NL,CONTEMPORARY,Bart Moeyaert,1,7,10,/works/OL891605W,Het is de liefde die we niet begrijpen,Bart Moeyaert,1.0000,1999,/books/OL6809478M,Het is de liefde die we niet begrijpen,,dut,1.0000,9021475359,Querido,1999,,12660185,VALID_COVER,300,500,JPEG,data/cache/nl-mass-editorial-engine/covers/NL-OL6809478M.jpeg,NO,NO,167.0000,201.0000,AUTO_ACCEPT,Strong author/title/language match and validated physical cover.,
NL,CONTEMPORARY,Bart Moeyaert,1,7,10,/works/OL24830254W,Het paradijs,Bart Moeyaert,1.0000,2010,/books/OL32998724M,Het paradijs,,dut,1.0000,9789045111124,Querido,2010,,11643870,VALID_COVER,283,500,JPEG,data/cache/nl-mass-editorial-engine/covers/NL-OL32998724M.jpeg,NO,NO,167.0000,201.0000,AUTO_ACCEPT,Strong author/title/language match and validated physical cover.,
NL,CONTEMPORARY,Connie Palmen,1,7,10,/works/OL748332W,De erfenis,Connie Palmen,1.0000,1999,/books/OL90696M,De erfenis,,dut,1.0000,9074336469,Stichting Collectieve Propaganda van het Nederlandse Boek,1999,,6460737,VALID_COVER,302,500,JPEG,data/cache/nl-mass-editorial-engine/covers/NL-OL90696M.jpeg,NO,NO,167.0000,201.0000,AUTO_ACCEPT,Strong author/title/language match and validated physical cover.,
NL,CONTEMPORARY,Connie Palmen,1,7,10,/works/OL27963746W,De vriendschap,Connie Palmen,1.0000,2006,/books/OL38222872M,De vriendschap,,dut,1.0000,9789046423073,AKO/Muntinga,2006,,12770394,VALID_COVER,288,500,JPEG,data/cache/nl-mass-editorial-engine/covers/NL-OL38222872M.jpeg,NO,NO,167.0000,201.0000,AUTO_ACCEPT,Strong author/title/language match and validated physical cover.,
NL,CONTEMPORARY,Connie Palmen,1,7,10,/works/OL748333W,De wetten,Connie Palmen,1.0000,1991,/books/OL12807904M,De wetten,roman,dut,1.0000,9789053330289,Prometheus,1991,,8059152,VALID_COVER,310,500,JPEG,data/cache/nl-mass-editorial-engine/covers/NL-OL12807904M.jpeg,NO,NO,167.0000,201.0000,AUTO_ACCEPT,Strong author/title/language match and validated physical cover.,
NL,CONTEMPORARY,Connie Palmen,1,7,10,/works/OL748325W,Een kleine filosofie van de moord,Connie Palmen,1.0000,2004,/books/OL16296641M,Een kleine filosofie van de moord,,dut,1.0000,9044605097,Prometheus,2004,,13071508,VALID_COVER,293,500,JPEG,data/cache/nl-mass-editorial-engine/covers/NL-OL16296641M.jpeg,NO,NO,167.0000,201.0000,AUTO_ACCEPT,Strong author/title/language match and validated physical cover.,
NL,CONTEMPORARY,Connie Palmen,1,7,10,/works/OL748326W,Geheel de uwe,Connie Palmen,1.0000,2002,/books/OL3753397M,Geheel de uwe,,dut,1.0000,9044601660,Prometheus,2002,,7272976,VALID_COVER,296,500,JPEG,data/cache/nl-mass-editorial-engine/covers/NL-OL3753397M.jpeg,NO,NO,167.0000,201.0000,AUTO_ACCEPT,Strong author/title/language match and validated physical cover.,
NL,CONTEMPORARY,Connie Palmen,1,7,10,/works/OL748328W,I. M,Connie Palmen,1.0000,1998,/books/OL431178M,I. M.,,dut,1.0000,9053336796,Prometheus,1998,,13479974,VALID_COVER,345,500,JPEG,data/cache/nl-mass-editorial-engine/covers/NL-OL431178M.jpeg,NO,NO,167.0000,201.0000,AUTO_ACCEPT,Strong author/title/language match and validated physical cover.,
NL,CONTEMPORARY,Connie Palmen,1,7,10,/works/OL24423907W,Lucifer,Connie Palmen,1.0000,2007,/books/OL32350436M,Lucifer,roman,dut,1.0000,9789044609998,Prometheus,2007,,10981027,VALID_COVER,296,500,JPEG,data/cache/nl-mass-editorial-engine/covers/NL-OL32350436M.jpeg,NO,NO,167.0000,201.0000,AUTO_ACCEPT,Strong author/title/language match and validated physical cover.,
NL,CONTEMPORARY,David Van Reybrouck,1,6,9,/works/OL24894470W,Nu het nog kan,Marjan Minnesma | Jan Terlouw | Kate Raworth | David van Reybrouck | Tom Middendorp | Vandana Shiva | Eva Rovers | Tim Fransen | Extinction Rebellion,1.0000,2020,/books/OL33090361M,Nu het nog kan,,dut,1.0000,9789403100319,De Bezige Bij,2020,,11793273,VALID_COVER,324,500,JPEG,data/cache/nl-mass-editorial-engine/covers/NL-OL33090361M.jpeg,NO,NO,167.0000,201.0000,AUTO_ACCEPT,Strong author/title/language match and validated physical cover.,
NL,CONTEMPORARY,David Van Reybrouck,1,6,9,/works/OL24234444W,Revolusi,David Van Reybrouck,1.0000,2020,/books/OL32046626M,Revolusi,Indonesië en het ontstaan van de moderne wereld,dut,1.0000,9789403183404,De Bezige Bij,2020,,10712263,VALID_COVER,326,500,JPEG,data/cache/nl-mass-editorial-engine/covers/NL-OL32046626M.jpeg,NO,NO,167.0000,201.0000,AUTO_ACCEPT,Strong author/title/language match and validated physical cover.,
NL,CONTEMPORARY,Dimitri Verhulst,1,8,12,/works/OL15114233W,De helaasheid der dingen,Dimitri Verhulst,1.0000,2006,/books/OL30148625M,De helaasheid der dingen,,dut,1.0000,9789025414122,Contact,2008,,10442514,VALID_COVER,302,500,JPEG,data/cache/nl-mass-editorial-engine/covers/NL-OL30148625M.jpeg,NO,NO,167.0000,201.0000,AUTO_ACCEPT,Strong author/title/language match and validated physical cover.,
NL,CONTEMPORARY,Dimitri Verhulst,1,8,12,/works/OL866304W,De kamer hiernaast,Dimitri Verhulst,1.0000,1999,/books/OL112808M,De kamer hiernaast,verhalen,dut,1.0000,9025414079,Contact,1999,,9537430,VALID_COVER,310,500,JPEG,data/cache/nl-mass-editorial-engine/covers/NL-OL112808M.jpeg,NO,NO,167.0000,201.0000,AUTO_ACCEPT,Strong author/title/language match and validated physical cover.,
NL,CONTEMPORARY,Dimitri Verhulst,1,8,12,/works/OL16046312W,De laatste liefde van mijn moeder,Dimitri Verhulst,1.0000,2010,/books/OL24947036M,De laatste liefde van mijn moeder,,dut,1.0000,9789025438180,Uitgeverij Contact,2010,,6878732,VALID_COVER,312,500,JPEG,data/cache/nl-mass-editorial-engine/covers/NL-OL24947036M.jpeg,NO,NO,167.0000,201.0000,AUTO_ACCEPT,Strong author/title/language match and validated physical cover.,
NL,CONTEMPORARY,Dimitri Verhulst,1,8,12,/works/OL17092804W,De zomer hou je ook niet tegen,Dimitri Verhulst,1.0000,2015,/books/OL25663008M,De zomer hou je ook niet tegen,,dut,1.0000,9789059652743,Stichting Collectieve Propaganda van het Nederlandse Boek,[2015],,7334694,VALID_COVER,311,500,JPEG,data/cache/nl-mass-editorial-engine/covers/NL-OL25663008M.jpeg,NO,NO,167.0000,201.0000,AUTO_ACCEPT,Strong author/title/language match and validated physical cover.,
NL,CONTEMPORARY,Dimitri Verhulst,1,8,12,/works/OL866305W,Godverdomse dagen op een godverdomse bol,Dimitri Verhulst,1.0000,2008,/books/OL23176858M,Godverdomse dagen op een godverdomse bol,,dut,1.0000,9789025429539,Contact,2008,,6666232,VALID_COVER,312,500,JPEG,data/cache/nl-mass-editorial-engine/covers/NL-OL23176858M.jpeg,NO,NO,167.0000,201.0000,AUTO_ACCEPT,Strong author/title/language match and validated physical cover.,
NL,CONTEMPORARY,Dimitri Verhulst,1,8,12,/works/OL866306W,Mevrouw Verona daalt de heuvel af,Dimitri Verhulst,1.0000,2006,/books/OL16359252M,Mevrouw Verona daalt de heuvel af,,dut,1.0000,9025425380,Contact,2006,,6291216,VALID_COVER,310,500,JPEG,data/cache/nl-mass-editorial-engine/covers/NL-OL16359252M.jpeg,NO,NO,167.0000,201.0000,AUTO_ACCEPT,Strong author/title/language match and validated physical cover.,
NL,CONTEMPORARY,Erwin Mortier,1,7,10,/works/OL974416W,Alle dagen samen,Erwin Mortier,1.0000,2004,/books/OL23000011M,Alle dagen samen,,dut,1.0000,9023416333,De Bezige Bij,2004,,11958949,VALID_COVER,288,500,JPEG,data/cache/nl-mass-editorial-engine/covers/NL-OL23000011M.jpeg,NO,NO,167.0000,201.0000,AUTO_ACCEPT,Strong author/title/language match and validated physical cover.,
NL,CONTEMPORARY,Erwin Mortier,1,7,10,/works/OL974417W,André Verroken,Erwin Mortier,1.0000,2005,/books/OL16258057M,André Verroken,,dut,1.0000,9055445894,Ludion,2005,,14083675,VALID_COVER,496,500,JPEG,data/cache/nl-mass-editorial-engine/covers/NL-OL16258057M.jpeg,NO,NO,167.0000,201.0000,AUTO_ACCEPT,Strong author/title/language match and validated physical cover.,
NL,CONTEMPORARY,Erwin Mortier,1,7,10,/works/OL23340665W,De spiegelingen,Erwin Mortier,1.0000,2014,/books/OL31191544M,De spiegelingen,roman,dut,1.0000,9789023477914,De Bezige Bij,2014,,13089469,VALID_COVER,305,500,JPEG,data/cache/nl-mass-editorial-engine/covers/NL-OL31191544M.jpeg,NO,NO,167.0000,201.0000,AUTO_ACCEPT,Strong author/title/language match and validated physical cover.,
NL,CONTEMPORARY,Erwin Mortier,1,7,10,/works/OL974419W,Godenslaap,Erwin Mortier,1.0000,2008,/books/OL25447604M,Godenslaap,,dut,1.0000,9789023459729,De Bezige Bij,2011,,7282789,VALID_COVER,314,500,JPEG,data/cache/nl-mass-editorial-engine/covers/NL-OL25447604M.jpeg,NO,NO,167.0000,201.0000,AUTO_ACCEPT,Strong author/title/language match and validated physical cover.,
NL,CONTEMPORARY,Erwin Mortier,1,7,10,/works/OL974426W,Marcel,Erwin Mortier,1.0000,1999,/books/OL22431910M,Marcel,,eng | dut,1.0000,1860468748,Harvill Press,2001,,10222867,VALID_COVER,286,500,JPEG,data/cache/nl-mass-editorial-engine/covers/NL-OL22431910M.jpeg,NO,NO,167.0000,201.0000,AUTO_ACCEPT,Strong author/title/language match and validated physical cover.,
NL,CONTEMPORARY,Erwin Mortier,1,7,10,/works/OL974420W,Mijn tweede huid,Erwin Mortier,1.0000,2000,/books/OL4004842M,Mijn tweede huid,roman,dut,1.0000,9029067233,Meulenhoff,2000,,12153905,VALID_COVER,299,500,JPEG,data/cache/nl-mass-editorial-engine/covers/NL-OL4004842M.jpeg,NO,NO,167.0000,201.0000,AUTO_ACCEPT,Strong author/title/language match and validated physical cover.,
NL,CONTEMPORARY,Gerbrand Bakker,1,6,9,/works/OL26170817W,Perenbomen bloeien wit,Gerbrand Bakker,1.0000,1999,/books/OL35319783M,Perenbomen bloeien wit,,dut,1.0000,9789059362857,Cossee,1999,,12131049,VALID_COVER,305,500,JPEG,data/cache/nl-mass-editorial-engine/covers/NL-OL35319783M.jpeg,NO,NO,167.0000,201.0000,AUTO_ACCEPT,Strong author/title/language match and validated physical cover.,
NL,CONTEMPORARY,Gerbrand Bakker,1,6,9,/works/OL16608741W,Winterboek,Gerbrand Bakker,1.0000,2011,/books/OL25291730M,Winterboek,,dut,1.0000,9789059363380,Cossee,2011,,12143780,VALID_COVER,348,500,JPEG,data/cache/nl-mass-editorial-engine/covers/NL-OL25291730M.jpeg,NO,NO,167.0000,201.0000,AUTO_ACCEPT,Strong author/title/language match and validated physical cover.,
NL,CONTEMPORARY,Herman Koch,1,8,12,/works/OL34815828W,De greppel,Herman Koch,1.0000,2016,/books/OL47168988M,De greppel,,dut,1.0000,9789026332296,Ambo/ Anthos,2016,,13581188,VALID_COVER,318,500,JPEG,data/cache/nl-mass-editorial-engine/covers/NL-OL47168988M.jpeg,NO,NO,167.0000,201.0000,AUTO_ACCEPT,Strong author/title/language match and validated physical cover.,
NL,CONTEMPORARY,Herman Koch,1,8,12,/works/OL2486915W,Dingetje,Herman Koch,1.0000,2001,/books/OL3544946M,Dingetje,,dut,1.0000,9029070196,Meulenhoff,2001,,13238816,VALID_COVER,311,500,JPEG,data/cache/nl-mass-editorial-engine/covers/NL-OL3544946M.jpeg,NO,NO,167.0000,201.0000,AUTO_ACCEPT,Strong author/title/language match and validated physical cover.,
NL,CONTEMPORARY,Herman Koch,1,8,12,/works/OL23773186W,Eten met Emma,Herman Koch,1.0000,2000,/books/OL31509490M,Eten met Emma,roman,dut,1.0000,9029066334,Meulenhoff,2000,,13529195,VALID_COVER,282,450,JPEG,data/cache/nl-mass-editorial-engine/covers/NL-OL31509490M.jpeg,NO,NO,167.0000,201.0000,AUTO_ACCEPT,Strong author/title/language match and validated physical cover.,
NL,CONTEMPORARY,Herman Koch,1,8,12,/works/OL2486918W,Het evangelie volgens Jodocus,Herman Koch,1.0000,1999,/books/OL6839893M,Het evangelie volgens Jodocus,columns,dut,1.0000,9029066164,Meulenhoff,1999,,13453708,VALID_COVER,150,241,JPEG,data/cache/nl-mass-editorial-engine/covers/NL-OL6839893M.jpeg,NO,NO,167.0000,201.0000,AUTO_ACCEPT,Strong author/title/language match and validated physical cover.,
NL,CONTEMPORARY,Ilja Leonard Pfeijffer,1,8,12,/works/OL34802758W,De man van vele manieren,Ilja Leonard Pfeijffer,1.0000,2008,/books/OL47155201M,De man van vele manieren,verzamelde gedichten 1998-2008,dut,1.0000,9789029566360,De Arbeiderspers,"Dec 04, 2008",,13560507,VALID_COVER,414,500,JPEG,data/cache/nl-mass-editorial-engine/covers/NL-OL47155201M.jpeg,NO,NO,167.0000,201.0000,AUTO_ACCEPT,Strong author/title/language match and validated physical cover.,
NL,CONTEMPORARY,Ilja Leonard Pfeijffer,1,8,12,/works/OL24077790W,"Het ware leven, een roman",Ilja Leonard Pfeijffer,1.0000,2006,/books/OL16358686M,"Het ware leven, een roman",,dut,1.0000,9029564210,De Arbeiderspers,2006,,13851759,VALID_COVER,303,500,JPEG,data/cache/nl-mass-editorial-engine/covers/NL-OL16358686M.jpeg,NO,NO,167.0000,201.0000,AUTO_ACCEPT,Strong author/title/language match and validated physical cover.,
NL,CONTEMPORARY,Ilja Leonard Pfeijffer,1,8,12,/works/OL29998348W,Monterosso mon amour,Ilja Leonard Pfeijffer,1.0000,2022,/books/OL41239896M,Monterosso mon amour,een novelle,dut,1.0000,9789059658783,Stichting Collectieve Propaganda van het Nederlandse Boek,[2022],,13009237,VALID_COVER,300,500,JPEG,data/cache/nl-mass-editorial-engine/covers/NL-OL41239896M.jpeg,NO,NO,167.0000,201.0000,AUTO_ACCEPT,Strong author/title/language match and validated physical cover.,
NL,CONTEMPORARY,Ilja Leonard Pfeijffer,1,8,12,/works/OL20214285W,"Peachez, een romance",Ilja Leonard Pfeijffer,1.0000,2017,/books/OL27403436M,"Peachez, een romance",,dut,1.0000,9789029511643,De Arbeiderspers,2017,,8865775,VALID_COVER,302,500,JPEG,data/cache/nl-mass-editorial-engine/covers/NL-OL27403436M.jpeg,NO,NO,167.0000,201.0000,AUTO_ACCEPT,Strong author/title/language match and validated physical cover.,
NL,CONTEMPORARY,Kader Abdolah,1,8,12,/works/OL16793670W,De Koning,Kader Abdolah,1.0000,2011,/books/OL25413954M,De Koning,,dut,1.0000,9789044515428,De Geus,2011,,7236169,VALID_COVER,313,500,JPEG,data/cache/nl-mass-editorial-engine/covers/NL-OL25413954M.jpeg,NO,NO,167.0000,201.0000,AUTO_ACCEPT,Strong author/title/language match and validated physical cover.,
NL,CONTEMPORARY,Kader Abdolah,1,8,12,/works/OL25067920W,De Koran,Kader Abdolah,1.0000,2008,/books/OL33333109M,De Koran,een vertaling,dut,1.0000,9789044509137,De Geus,2008,,11954792,VALID_COVER,287,500,JPEG,data/cache/nl-mass-editorial-engine/covers/NL-OL33333109M.jpeg,NO,NO,167.0000,201.0000,AUTO_ACCEPT,Strong author/title/language match and validated physical cover.,
NL,CONTEMPORARY,Kader Abdolah,1,8,12,/works/OL15089108W,Dit mooie land,Kader Abdolah,1.0000,2009,/books/OL24009962M,Dit mooie land,Mirza-columns uit de Volkskrant,dut,1.0000,9789044514346,De Geus,2009,,11322680,VALID_COVER,294,500,JPEG,data/cache/nl-mass-editorial-engine/covers/NL-OL24009962M.jpeg,NO,NO,167.0000,201.0000,AUTO_ACCEPT,Strong author/title/language match and validated physical cover.,
NL,CONTEMPORARY,Kader Abdolah,1,8,12,/works/OL23824442W,Portretten en een oude droom,Kader Abdolah,1.0000,2003,/books/OL31548685M,Portretten en een oude droom,,dut,1.0000,9044502387,De Geus,2003,,11436568,VALID_COVER,296,500,JPEG,data/cache/nl-mass-editorial-engine/covers/NL-OL31548685M.jpeg,NO,NO,167.0000,201.0000,AUTO_ACCEPT,Strong author/title/language match and validated physical cover.,
NL,CONTEMPORARY,Kader Abdolah,1,8,12,/works/OL34818943W,Salam Europa!,Kader Abdolah,1.0000,2016,/books/OL47172261M,Salam Europa!,,dut,1.0000,9789044629064,Prometheus,"Oct 18, 2016",,13585172,VALID_COVER,323,500,JPEG,data/cache/nl-mass-editorial-engine/covers/NL-OL47172261M.jpeg,NO,NO,167.0000,201.0000,AUTO_ACCEPT,Strong author/title/language match and validated physical cover.,
NL,CONTEMPORARY,Kader Abdolah,1,8,12,/works/OL1656345W,Spijkerschrift,Kader Abdolah,1.0000,2000,/books/OL6867290M,Spijkerschrift,notities van Aga Akbar,dut,1.0000,9052267790,De Geus,2000,,11931347,VALID_COVER,289,500,JPEG,data/cache/nl-mass-editorial-engine/covers/NL-OL6867290M.jpeg,NO,NO,167.0000,201.0000,AUTO_ACCEPT,Strong author/title/language match and validated physical cover.,
NL,CONTEMPORARY,Kader Abdolah,1,8,12,/works/OL15728439W,Uit liefde in boeken,Kader Abdolah,1.0000,2007,/books/OL16848500M,Uit liefde in boeken,vijftien schrijvers op zoek naar een boekhandel,dut,1.0000,9789029565981,De Arbeiderspers,2007,,6746238,VALID_COVER,319,500,JPEG,data/cache/nl-mass-editorial-engine/covers/NL-OL16848500M.jpeg,NO,NO,167.0000,201.0000,AUTO_ACCEPT,Strong author/title/language match and validated physical cover.,
NL,CONTEMPORARY,Marieke Lucas Rijneveld,1,5,8,/works/OL24610442W,Fantoommerrie,Marieke Lucas Rijneveld,1.0000,2019,/books/OL32647943M,Fantoommerrie,,dut,1.0000,9789025453459,Atlas Contact,"Jan 21, 2019",,11277878,VALID_COVER,375,500,JPEG,data/cache/nl-mass-editorial-engine/covers/NL-OL32647943M.jpeg,NO,NO,167.0000,201.0000,AUTO_ACCEPT,Strong author/title/language match and validated physical cover.,
NL,CONTEMPORARY,Marieke Lucas Rijneveld,1,5,8,/works/OL24147196W,Mijn lieve gunsteling,Marieke Lucas Rijneveld,1.0000,2020,/books/OL31860712M,Mijn lieve gunsteling,,dut,1.0000,9789025470142,Uitgeverij Atlas Contact,2020,,10546197,VALID_COVER,321,500,JPEG,data/cache/nl-mass-editorial-engine/covers/NL-OL31860712M.jpeg,NO,NO,167.0000,201.0000,AUTO_ACCEPT,Strong author/title/language match and validated physical cover.,
NL,CONTEMPORARY,Peter Buwalda,1,5,8,/works/OL16803631W,Bonita Avenue,Peter Buwalda,1.0000,2010,/books/OL25426615M,Bonita Avenue,roman,dut,1.0000,9789023457299,De Bezige Bij,2010,,7256414,VALID_COVER,318,500,JPEG,data/cache/nl-mass-editorial-engine/covers/NL-OL25426615M.jpeg,NO,NO,167.0000,201.0000,AUTO_ACCEPT,Strong author/title/language match and validated physical cover.,
NL,CONTEMPORARY,Stefan Hertmans,1,7,10,/works/OL974308W,De grenzen van woestijnen,Stefan Hertmans,1.0000,1989,/books/OL1783054M,De grenzen van woestijnen,Verhalen,dut,1.0000,9789029035699,Meulenhoff,1989,,6832156,VALID_COVER,308,500,JPEG,data/cache/nl-mass-editorial-engine/covers/NL-OL1783054M.jpeg,NO,NO,167.0000,201.0000,AUTO_ACCEPT,Strong author/title/language match and validated physical cover.,
NL,CONTEMPORARY,Stefan Hertmans,1,7,10,/works/OL43723292W,De opgang,Stefan Hertmans,1.0000,2020,/books/OL59603462M,De opgang,roman,dut,1.0000,9789403101316,De Bezige Bij,2020,,15128852,VALID_COVER,318,500,JPEG,data/cache/nl-mass-editorial-engine/covers/NL-OL59603462M.jpeg,NO,NO,167.0000,201.0000,AUTO_ACCEPT,Strong author/title/language match and validated physical cover.,
NL,CONTEMPORARY,Stefan Hertmans,1,7,10,/works/OL23846786W,Engel van de metamorfose,Stefan Hertmans,1.0000,2002,/books/OL31567090M,Engel van de metamorfose,over het werk van Jan Fabre,dut,1.0000,9029072652,Meulenhoff,2002,,12167492,VALID_COVER,301,500,JPEG,data/cache/nl-mass-editorial-engine/covers/NL-OL31567090M.jpeg,NO,NO,167.0000,201.0000,AUTO_ACCEPT,Strong author/title/language match and validated physical cover.,
NL,CONTEMPORARY,Stefan Hertmans,1,7,10,/works/OL974309W,Francesco's paradox,Stefan Hertmans,1.0000,1996,/books/OL556984M,Francesco's paradox,gedichten,dut,1.0000,9029050691,Meulenfhoff,1996,,13885975,VALID_COVER,350,500,JPEG,data/cache/nl-mass-editorial-engine/covers/NL-OL556984M.jpeg,NO,NO,167.0000,201.0000,AUTO_ACCEPT,Strong author/title/language match and validated physical cover.,
NL,CONTEMPORARY,Stefan Hertmans,1,7,10,/works/OL974311W,Gestolde wolken,Stefan Hertmans,1.0000,1987,/books/OL2437068M,Gestolde wolken,Verhalen,dut,1.0000,9789029024778,Meulenhoff,1987,,6832142,VALID_COVER,310,500,JPEG,data/cache/nl-mass-editorial-engine/covers/NL-OL2437068M.jpeg,NO,NO,167.0000,201.0000,AUTO_ACCEPT,Strong author/title/language match and validated physical cover.,
NL,CONTEMPORARY,Stefan Hertmans,1,7,10,/works/OL974313W,Het bedenkelijke,Stefan Hertmans,1.0000,1999,/books/OL134849M,Het bedenkelijke,over het obscene in de cultuur,dut,1.0000,9053525009,Boom,1999,,3714185,VALID_COVER,128,222,JPEG,data/cache/nl-mass-editorial-engine/covers/NL-OL134849M.jpeg,NO,NO,167.0000,201.0000,AUTO_ACCEPT,Strong author/title/language match and validated physical cover.,
NL,CONTEMPORARY,Stefan Hertmans,1,7,10,/works/OL24451909W,Je portret,Stefan Hertmans,1.0000,2010,/books/OL32386976M,Je portret,,dut,1.0000,9789078068587,Voetnoot,2010,,11050707,VALID_COVER,318,500,JPEG,data/cache/nl-mass-editorial-engine/covers/NL-OL32386976M.jpeg,NO,NO,167.0000,201.0000,AUTO_ACCEPT,Strong author/title/language match and validated physical cover.,
NL,CONTEMPORARY,Stefan Hertmans,1,7,10,/works/OL15866461W,Melksteen,Stefan Hertmans,1.0000,1986,/books/OL24775096M,Melksteen,,dut,1.0000,9789070968137,Poëziecentrum,1986,,6829029,VALID_COVER,320,500,JPEG,data/cache/nl-mass-editorial-engine/covers/NL-OL24775096M.jpeg,NO,NO,167.0000,201.0000,AUTO_ACCEPT,Strong author/title/language match and validated physical cover.,
NL,CONTEMPORARY,Stefan Hertmans,1,7,10,/works/OL974321W,Oorverdovende steen,Stefan Hertmans,1.0000,1988,/books/OL2236435M,Oorverdovende steen,essays over literatuur,dut,1.0000,9022311317,Manteau,1988,,4099775,VALID_COVER,128,200,JPEG,data/cache/nl-mass-editorial-engine/covers/NL-OL2236435M.jpeg,NO,NO,167.0000,201.0000,AUTO_ACCEPT,Strong author/title/language match and validated physical cover.,
NL,CONTEMPORARY,Stefan Hertmans,1,7,10,/works/OL974322W,Ruimte,Stefan Hertmans,1.0000,1981,/books/OL3083714M,Ruimte,,dut,1.0000,9789064875236,E. van Hyfte,1981,,6828726,VALID_COVER,311,500,JPEG,data/cache/nl-mass-editorial-engine/covers/NL-OL3083714M.jpeg,NO,NO,167.0000,201.0000,AUTO_ACCEPT,Strong author/title/language match and validated physical cover.,
NL,CONTEMPORARY,Stefan Hertmans,1,7,10,/works/OL974323W,Sneeuwdoosjes,Stefan Hertmans,1.0000,1989,/books/OL1805384M,Sneeuwdoosjes,Essays over literatuur,dut,1.0000,9789029036726,Meulenhoff,1989,,6832153,VALID_COVER,312,500,JPEG,data/cache/nl-mass-editorial-engine/covers/NL-OL1805384M.jpeg,NO,NO,167.0000,201.0000,AUTO_ACCEPT,Strong author/title/language match and validated physical cover.,
NL,CONTEMPORARY,Stefan Hertmans,1,7,10,/works/OL15869570W,Zoutsneeuw,Stefan Hertmans,1.0000,1987,/books/OL24778124M,Zoutsneeuw,Elegieën,dut,1.0000,9789029022194,Meulenhoff,1987,,6832139,VALID_COVER,310,500,JPEG,data/cache/nl-mass-editorial-engine/covers/NL-OL24778124M.jpeg,NO,NO,167.0000,201.0000,AUTO_ACCEPT,Strong author/title/language match and validated physical cover.,
NL,CONTEMPORARY,Thomas Rosenboom,1,7,10,/works/OL3642603W,De mensen thuis,Thomas Rosenboom,1.0000,1983,/books/OL25735273M,De mensen thuis,,dut,1.0000,9041300325,Singel Pockets,2001,,7356736,VALID_COVER,313,500,JPEG,data/cache/nl-mass-editorial-engine/covers/NL-OL25735273M.jpeg,NO,NO,167.0000,201.0000,AUTO_ACCEPT,Strong author/title/language match and validated physical cover.,
NL,CONTEMPORARY,Thomas Rosenboom,1,7,10,/works/OL3642604W,De nieuwe man,Thomas Rosenboom,1.0000,2003,/books/OL23091343M,De nieuwe man,,dut,1.0000,9021479974,Querido,2003,,9862895,VALID_COVER,333,500,JPEG,data/cache/nl-mass-editorial-engine/covers/NL-OL23091343M.jpeg,NO,NO,167.0000,201.0000,AUTO_ACCEPT,Strong author/title/language match and validated physical cover.,
NL,CONTEMPORARY,Thomas Rosenboom,1,7,10,/works/OL15167523W,Denkend aan Holland,Thomas Rosenboom,1.0000,2005,/books/OL24244344M,Denkend aan Holland,,dut,1.0000,902147624X,Querido,2005,,6391961,VALID_COVER,325,500,JPEG,data/cache/nl-mass-editorial-engine/covers/NL-OL24244344M.jpeg,NO,NO,167.0000,201.0000,AUTO_ACCEPT,Strong author/title/language match and validated physical cover.,
NL,CONTEMPORARY,Thomas Rosenboom,1,7,10,/works/OL3642605W,Gewassen vlees,Thomas Rosenboom,1.0000,1994,/books/OL1192986M,Gewassen vlees,,dut,1.0000,9021479737,Querido,1994,,10177505,VALID_COVER,325,500,JPEG,data/cache/nl-mass-editorial-engine/covers/NL-OL1192986M.jpeg,NO,NO,167.0000,201.0000,AUTO_ACCEPT,Strong author/title/language match and validated physical cover.,
NL,CONTEMPORARY,Thomas Rosenboom,1,7,10,/works/OL3642610W,Publieke werken,Thomas Rosenboom,1.0000,1999,/books/OL6809464M,Publieke werken,,dut,1.0000,902147977X,Querido,1999,,10216961,VALID_COVER,311,500,JPEG,data/cache/nl-mass-editorial-engine/covers/NL-OL6809464M.jpeg,NO,NO,167.0000,201.0000,AUTO_ACCEPT,Strong author/title/language match and validated physical cover.,
NL,CONTEMPORARY,Thomas Rosenboom,1,7,10,/works/OL3642608W,Spitzen,Thomas Rosenboom,1.0000,2004,/books/OL28306271M,Spitzen,,dut,1.0000,9789021476230,Querido,2005,,10234054,VALID_COVER,304,500,JPEG,data/cache/nl-mass-editorial-engine/covers/NL-OL28306271M.jpeg,NO,NO,167.0000,201.0000,AUTO_ACCEPT,Strong author/title/language match and validated physical cover.,
NL,CONTEMPORARY,Thomas Rosenboom,1,7,10,/works/OL3642609W,Vriend van verdienste,Thomas Rosenboom,1.0000,1985,/books/OL33334542M,Vriend van verdienste,,dut,1.0000,9789041300355,Singel Pockets,2002,,11956883,VALID_COVER,303,500,JPEG,data/cache/nl-mass-editorial-engine/covers/NL-OL33334542M.jpeg,NO,NO,167.0000,201.0000,AUTO_ACCEPT,Strong author/title/language match and validated physical cover.,
NL,CONTEMPORARY,Tom Lanoye,1,9,13,/works/OL2079546W,Boze tongen,Tom Lanoye,1.0000,2002,/books/OL3753395M,Boze tongen,,dut,1.0000,9044601598,Prometheus,2002,,12154563,VALID_COVER,327,500,JPEG,data/cache/nl-mass-editorial-engine/covers/NL-OL3753395M.jpeg,NO,NO,167.0000,201.0000,AUTO_ACCEPT,Strong author/title/language match and validated physical cover.,
NL,CONTEMPORARY,Tom Lanoye,1,9,13,/works/OL2079548W,Doén!,Tom Lanoye,1.0000,1992,/books/OL1450994M,Doén!,,dut,1.0000,9053331220,Prometheus,1992,,10185380,VALID_COVER,148,239,JPEG,data/cache/nl-mass-editorial-engine/covers/NL-OL1450994M.jpeg,NO,NO,167.0000,201.0000,AUTO_ACCEPT,Strong author/title/language match and validated physical cover.,
NL,CONTEMPORARY,Tom Lanoye,1,9,13,/works/OL2079560W,Een slagerszoon met een brilletje,Tom Lanoye,1.0000,1985,/books/OL2763385M,Een slagerszoon met een brilletje,,dut,1.0000,9035102355,B. Bakker,1985,,13313244,VALID_COVER,321,500,JPEG,data/cache/nl-mass-editorial-engine/covers/NL-OL2763385M.jpeg,NO,NO,167.0000,201.0000,AUTO_ACCEPT,Strong author/title/language match and validated physical cover.,
NL,CONTEMPORARY,Tom Lanoye,1,9,13,/works/OL33392834W,Lanoye 60,Tom Lanoye,1.0000,2018,/books/OL45300706M,Lanoye 60,Groepsportret met brilletje,dut,1.0000,9789044638035,Prometheus,"Sep 20, 2018",,13126112,VALID_COVER,386,500,JPEG,data/cache/nl-mass-editorial-engine/covers/NL-OL45300706M.jpeg,NO,NO,167.0000,201.0000,AUTO_ACCEPT,Strong author/title/language match and validated physical cover.,
NL,CONTEMPORARY,Tom Lanoye,1,9,13,/works/OL27293601W,Spek en bonen,Tom Lanoye,1.0000,2004,/books/OL37047303M,Spek en bonen,,dut,1.0000,9789044603880,Prometheus,2004,,12625065,VALID_COVER,331,500,JPEG,data/cache/nl-mass-editorial-engine/covers/NL-OL37047303M.jpeg,NO,NO,167.0000,201.0000,AUTO_ACCEPT,Strong author/title/language match and validated physical cover.,
NL,CONTEMPORARY,Tom Lanoye,1,9,13,/works/OL24325988W,Zuivering,Tom Lanoye,1.0000,2017,/books/OL32194443M,Zuivering,roman,dut,1.0000,9789044633245,Prometheus,"Sep 27, 2017",,10845987,VALID_COVER,326,500,JPEG,data/cache/nl-mass-editorial-engine/covers/NL-OL32194443M.jpeg,NO,NO,167.0000,201.0000,AUTO_ACCEPT,Strong author/title/language match and validated physical cover.,
NL,CONTEMPORARY,Tommy Wieringa,1,8,12,/works/OL1651190W,Amok,Tommy Wieringa,1.0000,1997,/books/OL286114M,Amok,,dut,1.0000,9062654428,In de Knipscheer,1997,,14104984,VALID_COVER,311,500,JPEG,data/cache/nl-mass-editorial-engine/covers/NL-OL286114M.jpeg,NO,NO,167.0000,201.0000,AUTO_ACCEPT,Strong author/title/language match and validated physical cover.,
NL,CONTEMPORARY,Tommy Wieringa,1,8,12,/works/OL20393395W,Dit zijn de namen,Tommy Wieringa,1.0000,2014,/books/OL36619482M,Dit zijn de namen,roman,dut,1.0000,9789023489917,De Bezige Bij,2014,,12511896,VALID_COVER,308,500,JPEG,data/cache/nl-mass-editorial-engine/covers/NL-OL36619482M.jpeg,NO,NO,167.0000,201.0000,AUTO_ACCEPT,Strong author/title/language match and validated physical cover.,
NL,CONTEMPORARY,Tommy Wieringa,1,8,12,/works/OL1651191W,Dormantique's manco,Tommy Wieringa,1.0000,1995,/books/OL910946M,Dormantique's manco,roman,dut,1.0000,906265410X,In de Knipscheer,1995,,14105005,VALID_COVER,314,500,JPEG,data/cache/nl-mass-editorial-engine/covers/NL-OL910946M.jpeg,NO,NO,167.0000,201.0000,AUTO_ACCEPT,Strong author/title/language match and validated physical cover.,
NL,CONTEMPORARY,Tommy Wieringa,1,8,12,/works/OL23298289W,Een mooie jonge vrouw,Tommy Wieringa,1.0000,2014,/books/OL31144619M,Een mooie jonge vrouw,,dut,1.0000,9789059652347,Stichting Collectieve Propaganda van het Nederlandse Boek,2014,,11624760,VALID_COVER,296,500,JPEG,data/cache/nl-mass-editorial-engine/covers/NL-OL31144619M.jpeg,NO,NO,167.0000,201.0000,AUTO_ACCEPT,Strong author/title/language match and validated physical cover.,
NL,CONTEMPORARY,Tommy Wieringa,1,8,12,/works/OL41942212W,Nirwana,Tommy Wieringa,1.0000,2023,/books/OL59690511M,Nirwana,,dut,1.0000,9789403128658,De Bezige Bij,2023,,15118218,VALID_COVER,324,500,JPEG,data/cache/nl-mass-editorial-engine/covers/NL-OL59690511M.jpeg,NO,NO,167.0000,201.0000,AUTO_ACCEPT,Strong author/title/language match and validated physical cover.,
NL,CONTEMPORARY,Tommy Wieringa,1,8,12,/works/OL22382000W,"Omdat hij het was, omdat ik het was",Tommy Wieringa,1.0000,2010,/books/OL30467903M,"Omdat hij het was, omdat ik het was",verhalen over vriendschap,dut,1.0000,9789044613315,Prometheus,2010,,12789849,VALID_COVER,281,500,JPEG,data/cache/nl-mass-editorial-engine/covers/NL-OL30467903M.jpeg,NO,NO,167.0000,201.0000,AUTO_ACCEPT,Strong author/title/language match and validated physical cover.,
NL,CONTEMPORARY,Anna Enquist,1,7,10,/works/OL16798564W,Grieks voetbal,Anna Enquist,1.0000,,/books/OL25420220M,Grieks voetbal,,dut,1.0000,9789085161936,B for Books,,,7245778,VALID_COVER,346,500,JPEG,data/cache/nl-mass-editorial-engine/covers/NL-OL25420220M.jpeg,NO,NO,163.0000,197.0000,AUTO_ACCEPT,Strong author/title/language match and validated physical cover.,
NL,CONTEMPORARY,Herman Koch,1,8,12,/works/OL16807734W,Over de lengte van een gang,Herman Koch,1.0000,,/books/OL25432000M,Over de lengte van een gang,,dut,1.0000,9789085161615,B for Books,,,7263293,VALID_COVER,342,500,JPEG,data/cache/nl-mass-editorial-engine/covers/NL-OL25432000M.jpeg,NO,NO,163.0000,197.0000,AUTO_ACCEPT,Strong author/title/language match and validated physical cover.,
NL,CONTEMPORARY,Arnon Grunberg,1,10,15,/works/OL15169001W,"De advocaat, de leerlooier en de forellen",Arnon Grunberg,1.0000,1994,/books/OL24300732M,"De advocaat, de leerlooier en de forellen",,dut,1.0000,,Boekhandel Lankamp & Brinkman,1994,,6426468,VALID_COVER,283,500,JPEG,data/cache/nl-mass-editorial-engine/covers/NL-OL24300732M.jpeg,NO,NO,161.0000,190.0000,AUTO_ACCEPT,Strong author/title/language match and validated physical cover.,
NL,CONTEMPORARY,Herman Koch,1,8,12,/works/OL2486920W,"Red ons, Maria Montanelli",Herman Koch,1.0000,1989,/books/OL25938087M,"Red ons, Maria Montanelli",,dut,1.0000,,De Volkskrant,2011,,7438055,VALID_COVER,336,500,JPEG,data/cache/nl-mass-editorial-engine/covers/NL-OL25938087M.jpeg,NO,NO,161.0000,190.0000,AUTO_ACCEPT,Strong author/title/language match and validated physical cover.,
NL,CONTEMPORARY,Stefan Hertmans,1,7,10,/works/OL15866781W,Ademzuil,Stefan Hertmans,1.0000,1984,/books/OL24775414M,Ademzuil,,dut,1.0000,,Grijm,1984,,6829352,VALID_COVER,333,500,JPEG,data/cache/nl-mass-editorial-engine/covers/NL-OL24775414M.jpeg,NO,NO,161.0000,190.0000,AUTO_ACCEPT,Strong author/title/language match and validated physical cover.,
NL,CONTEMPORARY,Kader Abdolah,1,8,12,/works/OL17107494W,De man,Kader Abdolah,1.0000,,/books/OL25677889M,De man,,dut,1.0000,,Wolters-Noordhoff,,,7347809,VALID_COVER,282,500,JPEG,data/cache/nl-mass-editorial-engine/covers/NL-OL25677889M.jpeg,NO,NO,157.0000,186.0000,AUTO_ACCEPT,Strong author/title/language match and validated physical cover.,
NL,CONTEMPORARY,Arthur Japin,1,8,12,/works/OL660523W,De overgave,Arthur Japin,1.0000,2007,/books/OL17057532M,De overgave,roman,dut,1.0000,9789029565295,De Arbeiderspers,2007,,6279629,IMAGE_TOO_SMALL,118,193,JPEG,,NO,NO,167.0000,176.0000,REJECT,Physical cover validation failed: IMAGE_TOO_SMALL,
NL,CONTEMPORARY,Adriaan van Dis,1,8,12,/works/OL2415112W,Casablanca,Adriaan van Dis,1.0000,1986,/books/OL2322163M,Casablanca,schetsen en verhalen,dut,1.0000,9029022647,Meulenhoff,1986,,,NOT_PROBED,,,,,NO,NO,155.0000,164.0000,REJECT,No cover candidate.,
NL,CONTEMPORARY,Adriaan van Dis,1,8,12,/works/OL43819007W,De verliefde dichter. A.C.W. Staring 1767-2017,Peter van Zonneveld | Adriaan van Dis,1.0000,2017,/books/OL59734603M,De verliefde dichter. A.C.W. Staring 1767-2017,,dut,1.0000,9789492348050,Het Huis Met De Drie Gedichten,2017,,,NOT_PROBED,,,,,NO,NO,155.0000,164.0000,REJECT,No cover candidate.,
NL,CONTEMPORARY,Adriaan van Dis,1,8,12,/works/OL43954301W,De Zuid-Afrika boeken,Adriaan van Dis,1.0000,2017,/books/OL59944621M,De Zuid-Afrika boeken,,dut,1.0000,9789025449292,Uitgeverij Augustus Atlas Contact,2017,,,NOT_PROBED,,,,,NO,NO,155.0000,164.0000,REJECT,No cover candidate.,
NL,CONTEMPORARY,Adriaan van Dis,1,8,12,/works/OL2415117W,Het beloofde land,Adriaan van Dis,1.0000,1990,/books/OL1610867M,Het beloofde land,een reis door de Karoo,dut,1.0000,9029025069,Meulenhoff,1990,,,NOT_PROBED,,,,,NO,NO,155.0000,164.0000,REJECT,No cover candidate.,
NL,CONTEMPORARY,Adriaan van Dis,1,8,12,/works/OL18986772W,Het Land der letteren,Adriaan van Dis,1.0000,1982,/books/OL3199262M,Het Land der letteren,Nederland,dut,1.0000,9029013982,Meulenhoff,1982,,,NOT_PROBED,,,,,NO,NO,155.0000,164.0000,REJECT,No cover candidate.,
NL,CONTEMPORARY,Adriaan van Dis,1,8,12,/works/OL42868728W,In het buitengebied,Adriaan van Dis,1.0000,2017,/books/OL58404396M,In het buitengebied,roman in verhalen,dut,1.0000,9789025449278,"Uitgeverij Augustus, Atlas Contact",2017,,,NOT_PROBED,,,,,NO,NO,155.0000,164.0000,REJECT,No cover candidate.,
NL,CONTEMPORARY,Adriaan van Dis,1,8,12,/works/OL43861237W,KliFi,Adriaan van Dis,1.0000,2021,/books/OL59794499M,KliFi,woede in de republiek Nederland : roman,dut,1.0000,9789025470869,Uitgeverij Augustus,2021,,,NOT_PROBED,,,,,NO,NO,155.0000,164.0000,REJECT,No cover candidate.,
NL,CONTEMPORARY,Adriaan van Dis,1,8,12,/works/OL2415121W,Leeftocht,Adriaan van Dis,1.0000,2007,/books/OL16979882M,Leeftocht,veertig jaar onderweg,dut,1.0000,9789045700670,Augustus,2007,,,NOT_PROBED,,,,,NO,NO,155.0000,164.0000,REJECT,No cover candidate.,
NL,CONTEMPORARY,Adriaan van Dis,1,8,12,/works/OL9960463W,Palmwyn,Adriaan Van Dis,1.0000,1900,/books/OL11202536M,Palmwyn,,afr | dut,1.0000,9780798141598,Human & Rousseau (Pty) Ltd,"January 1, 1900",,,NOT_PROBED,,,,,NO,NO,155.0000,164.0000,REJECT,No cover candidate.,
NL,CONTEMPORARY,Adriaan van Dis,1,8,12,/works/OL44333860W,"Rode wijn, witte wijn of water?",Adriaan van Dis,1.0000,2014,/books/OL60582178M,"Rode wijn, witte wijn of water?",het beste uit 'Hier is... Adriaan van Dis',dut,1.0000,9789047615972,Rubinstein BV,2014,,,NOT_PROBED,,,,,NO,NO,155.0000,164.0000,REJECT,No cover candidate.,
NL,CONTEMPORARY,Adriaan van Dis,1,8,12,/works/OL23260336W,Stadsliefde,Adriaan van Dis,1.0000,2012,/books/OL31099903M,Stadsliefde,scènes in Parijs,dut,1.0000,9789045705163,Uitgeverij Augustus,2012,,,NOT_PROBED,,,,,NO,NO,155.0000,164.0000,REJECT,No cover candidate.,
NL,CONTEMPORARY,Adriaan van Dis,1,8,12,/works/OL22406980W,Verre werelden,Adriaan van Dis,1.0000,2009,/books/OL30494699M,Verre werelden,de verzameling van Hans Warren,dut,1.0000,9789074038201,Zeeuws Museum,2009,,,NOT_PROBED,,,,,NO,NO,155.0000,164.0000,REJECT,No cover candidate.,
NL,CONTEMPORARY,Adriaan van Dis,1,8,12,/works/OL43490760W,Vijf vrolijke verhalen,Adriaan van Dis,1.0000,2021,/books/OL59274259M,Vijf vrolijke verhalen,,dut,1.0000,9789025472368,Atlas Contact,2021,,,NOT_PROBED,,,,,NO,NO,155.0000,164.0000,REJECT,No cover candidate.,
NL,CONTEMPORARY,Adriaan van Dis,1,8,12,/works/OL2415127W,Waar twee olifanten vechten,Adriaan van Dis,1.0000,1992,/books/OL1312126M,Waar twee olifanten vechten,Mozambique in oorlog,dut,1.0000,9029026243,Meulenhoff,1992,,,NOT_PROBED,,,,,NO,NO,155.0000,164.0000,REJECT,No cover candidate.,
NL,CONTEMPORARY,Adriaan van Dis,1,8,12,/works/OL41049721W,Wonder,Wieke Leenstra | Peter H. Toxopeus | H. C. ten Berge | Adriaan van Dis | Franck Gribling | Youp van 't Hek | Sandra Jongenelen | Pamela Koevoets | Johan Kramer | Jhim Lamoree | Lucas Ligtenberg | Ger Nijman | Colette Noël | Cyrille Offermans | Bob Polak | Thomas Swinkels | Kees Wieringa | Frits David Zeiler | Joost Zwagerman,1.0000,2013,/books/OL55772166M,Wonder,"de magie van kunstenaarsdorp Bergen : met Adriaan van Dis, Youp van 't Hek, Joost Zwagerman over Simeon ten Holt, Lucebert, Constant",dut,1.0000,9789491196621,Uitgeverij de Kunst,2013,,,NOT_PROBED,,,,,NO,NO,155.0000,164.0000,REJECT,No cover candidate.,
NL,CONTEMPORARY,Adriaan van Dis,1,8,12,/works/OL33395184W,Zuid-Afrika,Adriaan van Dis,1.0000,2010,/books/OL45303261M,Zuid-Afrika,reisverhalen,dut,1.0000,9789046702796,Pandora,2010,,,NOT_PROBED,,,,,NO,NO,155.0000,164.0000,REJECT,No cover candidate.,
NL,CONTEMPORARY,Anna Enquist,1,7,10,/works/OL24018821W,Alle gedichten,Anna Enquist,1.0000,2005,/books/OL31716703M,Alle gedichten,,dut,1.0000,9029563095,De Arbeiderspers,2005,,,NOT_PROBED,,,,,NO,NO,155.0000,164.0000,REJECT,No cover candidate.,
NL,CONTEMPORARY,Anna Enquist,1,7,10,/works/OL43584041W,Berichten van het front,Anna Enquist,1.0000,2020,/books/OL59410846M,Berichten van het front,gedichten,dut,1.0000,9789029542227,Uitgeverij De Arbeiderspers,2020,,,NOT_PROBED,,,,,NO,NO,155.0000,164.0000,REJECT,No cover candidate.,
NL,CONTEMPORARY,Anna Enquist,1,7,10,/works/OL16457520W,De gedichten,Anna Enquist,1.0000,2000,/books/OL6839887M,De gedichten,1991-2000,dut,1.0000,9029515066,Arbeiderspers,2000,,,NOT_PROBED,,,,,NO,NO,155.0000,164.0000,REJECT,No cover candidate.,
NL,CONTEMPORARY,Anna Enquist,1,7,10,/works/OL23956656W,De tussentijd,Anna Enquist,1.0000,2004,/books/OL31658135M,De tussentijd,gedichten,dut,1.0000,9029522585,De Arbeiderspers,2004,,,NOT_PROBED,,,,,NO,NO,155.0000,164.0000,REJECT,No cover candidate.,
NL,CONTEMPORARY,Anna Enquist,1,7,10,/works/OL817047W,De tweede helft,Anna Enquist,1.0000,2000,/books/OL3991947M,De tweede helft,gedichten,dut,1.0000,9029515120,Arbeiderspers,2000,,,NOT_PROBED,,,,,NO,NO,155.0000,164.0000,REJECT,No cover candidate.,
NL,CONTEMPORARY,Anna Enquist,1,7,10,/works/OL817051W,Een nieuw afscheid,Anna Enquist,1.0000,1994,/books/OL1209069M,Een nieuw afscheid,gedichten,dut,1.0000,9029515341,Arbeiderspers,1994,,,NOT_PROBED,,,,,NO,NO,155.0000,164.0000,REJECT,No cover candidate.,
NL,CONTEMPORARY,Anna Enquist,1,7,10,/works/OL39407458W,Gedichten 1991-2012,Anna Enquist,1.0000,2013,/books/OL53628914M,Gedichten 1991-2012,,dut,1.0000,9789029587709,Uitgeverij De Arbeiderspers,2013,,,NOT_PROBED,,,,,NO,NO,155.0000,164.0000,REJECT,No cover candidate.,
NL,CONTEMPORARY,Anna Enquist,1,7,10,/works/OL44750198W,Hoor de stad,Anna Enquist,1.0000,2015,/books/OL61103777M,Hoor de stad,gedichten,dut,1.0000,9789029505093,Uitgeverij De Arbeiderspers,2015,,,NOT_PROBED,,,,,NO,NO,155.0000,164.0000,REJECT,No cover candidate.,
NL,CONTEMPORARY,Anna Enquist,1,7,10,/works/OL817056W,Jachtscènes,Anna Enquist,1.0000,1992,/books/OL1456749M,Jachtscènes,gedichten,dut,1.0000,902951535X,Arbeiderspers,1992,,,NOT_PROBED,,,,,NO,NO,155.0000,164.0000,REJECT,No cover candidate.,
NL,CONTEMPORARY,Anna Enquist,1,7,10,/works/OL817057W,Klaarlichte dag,Anna Enquist,1.0000,1996,/books/OL571974M,Klaarlichte dag,,dut,1.0000,902951549X,Arbeiderspers,1996,,,NOT_PROBED,,,,,NO,NO,155.0000,164.0000,REJECT,No cover candidate.,
NL,CONTEMPORARY,Anna Enquist,1,7,10,/works/OL817058W,Soldatenliederen,Anna Enquist,1.0000,1991,/books/OL1305176M,Soldatenliederen,gedichten,dut,1.0000,9029515392,Arbeiderspers,1991,,,NOT_PROBED,,,,,NO,NO,155.0000,164.0000,REJECT,No cover candidate.,
NL,CONTEMPORARY,Anna Enquist,1,7,10,/works/OL33283943W,Struisvogels op de Coolsingel,Anna Enquist,1.0000,2009,/books/OL45180247M,Struisvogels op de Coolsingel,7 monologen,dut,1.0000,9789072247209,Uitgeverij Douane,2009,,,NOT_PROBED,,,,,NO,NO,155.0000,164.0000,REJECT,No cover candidate.,
NL,CONTEMPORARY,Anna Enquist,1,7,10,/works/OL43311528W,Tegenwind,Anna Enquist,1.0000,2020,/books/OL58994287M,Tegenwind,Essays en beschouwingen,dut,1.0000,9789029542241,Arbeiderspers,2020,,,NOT_PROBED,,,,,NO,NO,155.0000,164.0000,REJECT,No cover candidate.,
NL,CONTEMPORARY,Anna Enquist,1,7,10,/works/OL16021827W,Twaalf keer tucht,Anna Enquist,1.0000,2011,/books/OL24925470M,Twaalf keer tucht,monologen en portretten,dut,1.0000,9789029575126,Arbeiderspers,2011,,,NOT_PROBED,,,,,NO,NO,155.0000,164.0000,REJECT,No cover candidate.,
NL,CONTEMPORARY,Anna Enquist,1,7,10,/works/OL23983570W,Want de avond,Anna Enquist,1.0000,2018,/books/OL31685008M,Want de avond,,dut,1.0000,9789029525695,De Arbeidspers,2018,,,NOT_PROBED,,,,,NO,NO,155.0000,164.0000,REJECT,No cover candidate.,
NL,CONTEMPORARY,Arnon Grunberg,1,10,15,/works/OL43424500W,Aan nederlagen geen gebrek,Arnon Grunberg | Vic van de Reijt,1.0000,2016,/books/OL59150661M,Aan nederlagen geen gebrek,brieven en documenten 1988-1994,dut,1.0000,9789029505796,Uitgeverij De Arbeiderspers,2016,,,NOT_PROBED,,,,,NO,NO,155.0000,164.0000,REJECT,No cover candidate.,
NL,CONTEMPORARY,Arnon Grunberg,1,10,15,/works/OL45352602W,Alle Voetnoten,Arnon Grunberg,1.0000,2018,/books/OL61810934M,Alle Voetnoten,,dut,1.0000,9789038806198,Nijgh & Van Ditmar,2018,,,NOT_PROBED,,,,,NO,NO,155.0000,164.0000,REJECT,No cover candidate.,
NL,CONTEMPORARY,Arnon Grunberg,1,10,15,/works/OL44776063W,Angst voor het naakt,Arnon Grunberg,1.0000,2018,/books/OL61133744M,Angst voor het naakt,,dut,1.0000,9789078653752,Hermitage Literair,2018,,,NOT_PROBED,,,,,NO,NO,155.0000,164.0000,REJECT,No cover candidate.,
NL,CONTEMPORARY,Arnon Grunberg,1,10,15,/works/OL23301597W,Apocalyps,Arnon Grunberg,1.0000,2013,/books/OL31148378M,Apocalyps,,dut,1.0000,9789038898162,Nijgh & Van Ditmar,2013,,,NOT_PROBED,,,,,NO,NO,155.0000,164.0000,REJECT,No cover candidate.,
NL,CONTEMPORARY,Arnon Grunberg,1,10,15,/works/OL43636870W,Bezette gebieden,Arnon Grunberg,1.0000,2020,/books/OL59484432M,Bezette gebieden,roman,dut,1.0000,9789048837014,Lebowski Publishers,2020,,,NOT_PROBED,,,,,NO,NO,155.0000,164.0000,REJECT,No cover candidate.,
NL,CONTEMPORARY,Arnon Grunberg,1,10,15,/works/OL43387564W,Blinde gehoorzaamheid,Arnon Grunberg,1.0000,2020,/books/OL59093877M,Blinde gehoorzaamheid,,dut,1.0000,9789086598076,VU University Press,2020,,,NOT_PROBED,,,,,NO,NO,155.0000,164.0000,REJECT,No cover candidate.,
NL,CONTEMPORARY,Arnon Grunberg,1,10,15,/works/OL39094589W,Brieven aan Esther,Arnon Grunberg,1.0000,2011,/books/OL53211609M,Brieven aan Esther,,dut,1.0000,9789081531450,Alauda Publications,2011,,,NOT_PROBED,,,,,NO,NO,155.0000,164.0000,REJECT,No cover candidate.,
NL,CONTEMPORARY,Arnon Grunberg,1,10,15,/works/OL44332987W,Buiten is niet bij te houden,Arnon Grunberg,1.0000,2020,/books/OL60581168M,Buiten is niet bij te houden,50 Stories for tomorrow,dut,1.0000,9789491869228,Het Literatuurhuis,2020,,,NOT_PROBED,,,,,NO,NO,155.0000,164.0000,REJECT,No cover candidate.,
NL,CONTEMPORARY,Arnon Grunberg,1,10,15,/works/OL23127051W,Buster Keaton lacht nooit,Arnon Grunberg,1.0000,2013,/books/OL30967817M,Buster Keaton lacht nooit,Arnon Grunberg over film,dut,1.0000,9789038896236,Nijgh & Van Ditmar,2013,,,NOT_PROBED,,,,,NO,NO,155.0000,164.0000,REJECT,No cover candidate.,
NL,CONTEMPORARY,Arnon Grunberg,1,10,15,/works/OL40262041W,De christelijke nacht en de mechanische rede,Arnon Grunberg,1.0000,2013,/books/OL54773481M,De christelijke nacht en de mechanische rede,,dut,1.0000,9789038898445,Nijgh & Van Ditmar,2013,,,NOT_PROBED,,,,,NO,NO,155.0000,164.0000,REJECT,No cover candidate.,
NL,CONTEMPORARY,Arnon Grunberg,1,10,15,/works/OL35428182W,De dagen van Leopold Mangelmann,Arnon Grunberg,1.0000,2017,/books/OL47852282M,De dagen van Leopold Mangelmann,Het vroege werk,dut,1.0000,9789038800653,Nijgh & Van Ditmar,2017-11-07,,,NOT_PROBED,,,,,NO,NO,155.0000,164.0000,REJECT,No cover candidate.,
NL,CONTEMPORARY,Arnon Grunberg,1,10,15,/works/OL850958W,De dagen van Leopold Mangelmann ; Brief aan M ; Schoonheid en bier,Arnon Grunberg,1.0000,1993,/books/OL1490801M,De dagen van Leopold Mangelmann ; Brief aan M ; Schoonheid en bier,,dut,1.0000,9053710159,Rothschild & Bach,1993,,,NOT_PROBED,,,,,NO,NO,155.0000,164.0000,REJECT,No cover candidate.,
NL,CONTEMPORARY,Arnon Grunberg,1,10,15,/works/OL45933629W,De dood in Taormina,Arnon Grunberg,1.0000,2021,/books/OL62493155M,De dood in Taormina,,dut,1.0000,9789038810195,Nijgh & van Ditmar,2021,,,NOT_PROBED,,,,,NO,NO,155.0000,164.0000,REJECT,No cover candidate.,
NL,CONTEMPORARY,Arnon Grunberg,1,10,15,/works/OL22748845W,De grote drie,Arnon Grunberg | Friso Keuris,1.0000,2011,/books/OL30726399M,De grote drie,"Willem Frederik Hermans, Harry Mulisch, Gerard Reve",dut,1.0000,9789089102607,d'jonge Hond,2011,,,NOT_PROBED,,,,,NO,NO,155.0000,164.0000,REJECT,No cover candidate.,
NL,CONTEMPORARY,Arnon Grunberg,1,10,15,/works/OL23202602W,De mensendokter,Arnon Grunberg,1.0000,2011,/books/OL31036842M,De mensendokter,,dut,1.0000,9789038894393,Nijgh & Van Ditmar,2011,,,NOT_PROBED,,,,,NO,NO,155.0000,164.0000,REJECT,No cover candidate.,
NL,CONTEMPORARY,Arnon Grunberg,1,10,15,/works/OL850962W,De troost van de slapstick,Arnon Grunberg,1.0000,1998,/books/OL442388M,De troost van de slapstick,essays,dut,1.0000,9038826834,Nijgh & Van Ditmar,1998,,,NOT_PROBED,,,,,NO,NO,155.0000,164.0000,REJECT,No cover candidate.,
NL,CONTEMPORARY,Arnon Grunberg,1,10,15,/works/OL45811704W,Goede mannen,Arnon Grunberg,1.0000,2018,/books/OL62349550M,Goede mannen,,dut,1.0000,9789038805351,Nijgh & Van Ditmar,2018,,,NOT_PROBED,,,,,NO,NO,155.0000,164.0000,REJECT,No cover candidate.,
NL,CONTEMPORARY,Arnon Grunberg,1,10,15,/works/OL850967W,Het 14e kippetje,Arnon Grunberg,1.0000,1998,/books/OL498528M,Het 14e kippetje,,dut,1.0000,9038826850,Nijgh & Ditmar,1998,,,NOT_PROBED,,,,,NO,NO,155.0000,164.0000,REJECT,No cover candidate.,
NL,CONTEMPORARY,Arnon Grunberg,1,10,15,/works/OL35569395W,Het nieuwe lijden,Arnon Grunberg,1.0000,2007,/books/OL48005036M,Het nieuwe lijden,de studenten van Arnon Grunberg,dut,1.0000,9789038890128,Nijgh & Van Ditmar,2007,,,NOT_PROBED,,,,,NO,NO,155.0000,164.0000,REJECT,No cover candidate.,
NL,CONTEMPORARY,Arnon Grunberg,1,10,15,/works/OL23408151W,Het verraad van de tekst,Arnon Grunberg,1.0000,2009,/books/OL31264823M,Het verraad van de tekst,,dut,1.0000,9789038892979,Nijgh & Van Ditmar,2009,,,NOT_PROBED,,,,,NO,NO,155.0000,164.0000,REJECT,No cover candidate.,
NL,CONTEMPORARY,Arnon Grunberg,1,10,15,/works/OL15944823W,Huid en haar,Arnon Grunberg,1.0000,2010,/books/OL24850889M,Huid en haar,,dut,1.0000,9789038893822,Nijgh & Van Ditmar,2010,,,NOT_PROBED,,,,,NO,NO,155.0000,164.0000,REJECT,No cover candidate.,
NL,CONTEMPORARY,Arnon Grunberg,1,10,15,/works/OL38961281W,"Ich will doch nur, dass ihr mich liebt",Arnon Grunberg,1.0000,2014,/books/OL53052944M,"Ich will doch nur, dass ihr mich liebt",25 jaar schrijverschap,dut,1.0000,9789038899220,Nijgh & Van Ditmar,2014,,,NOT_PROBED,,,,,NO,NO,155.0000,164.0000,REJECT,No cover candidate.,
NL,CONTEMPORARY,Arnon Grunberg,1,10,15,/works/OL15447153W,Kamermeisjes en soldaten,Arnon Grunberg,1.0000,2009,/books/OL24414709M,Kamermeisjes en soldaten,Arnon Grunberg onder de mensen,dut,1.0000,9789038890883,Nijgh & Van Ditmar,2009,,,NOT_PROBED,,,,,NO,NO,155.0000,164.0000,REJECT,No cover candidate.,
NL,CONTEMPORARY,Arnon Grunberg,1,10,15,/works/OL32225568W,Les vacances de monsieur Grunberg,Arnon Grunberg,1.0000,2012,/books/OL43969385M,Les vacances de monsieur Grunberg,,dut,1.0000,9789491301193,Lido,2012,,,NOT_PROBED,,,,,NO,NO,155.0000,164.0000,REJECT,No cover candidate.,
NL,CONTEMPORARY,Arnon Grunberg,1,10,15,/works/OL11979075W,Omdat ik u begeer,Arnon Grunberg,1.0000,2007,/books/OL16931629M,Omdat ik u begeer,brieven 2001-2007,dut,1.0000,9789038890418,Nijgh & Van Ditmar,2007,,,NOT_PROBED,,,,,NO,NO,155.0000,164.0000,REJECT,No cover candidate.,
NL,CONTEMPORARY,Arnon Grunberg,1,10,15,/works/OL39351219W,Slachters en psychiaters,Arnon Grunberg,1.0000,2021,/books/OL53555277M,Slachters en psychiaters,,dut,1.0000,9789038809342,Nijgh & Van Ditmar,2021,,,NOT_PROBED,,,,,NO,NO,155.0000,164.0000,REJECT,No cover candidate.,
NL,CONTEMPORARY,Arnon Grunberg,1,10,15,/works/OL43406749W,Strepen aan de hemel,G. L. Durlacher | Arnon Grunberg,1.0000,2021,/books/OL59124139M,Strepen aan de hemel,en andere oorlogsherinneringen,dut,1.0000,9789021429489,Em. Querido's Uitgeverij BV,2021,,,NOT_PROBED,,,,,NO,NO,155.0000,164.0000,REJECT,No cover candidate.,
NL,CONTEMPORARY,Arnon Grunberg,1,10,15,/works/OL33328196W,Task Force Uruzgan,Arnon Grunberg,1.0000,2009,/books/OL45230673M,Task Force Uruzgan,,dut,1.0000,9789029085472,De Volkskrant,2009,,,NOT_PROBED,,,,,NO,NO,155.0000,164.0000,REJECT,No cover candidate.,
NL,CONTEMPORARY,Arnon Grunberg,1,10,15,/works/OL43325143W,Thuis ben je,Arnon Grunberg,1.0000,2017,/books/OL59011443M,Thuis ben je,berichten van een hotelmens,dut,1.0000,9789082520361,De Correspondent,2017,,,NOT_PROBED,,,,,NO,NO,155.0000,164.0000,REJECT,No cover candidate.,
NL,CONTEMPORARY,Arnon Grunberg,1,10,15,/works/OL44270445W,Van achterdocht tot zelfgenoegzaamheid,Arnon Grunberg,1.0000,2019,/books/OL60509387M,Van achterdocht tot zelfgenoegzaamheid,korte verhandelingen voor de moderne mens,dut,1.0000,9789038806556,Nijgh & Van Ditmar,2019,,,NOT_PROBED,,,,,NO,NO,155.0000,164.0000,REJECT,No cover candidate.,
NL,CONTEMPORARY,Arnon Grunberg,1,10,15,/works/OL22352789W,Voetnoot,Arnon Grunberg,1.0000,2012,/books/OL30435139M,Voetnoot,eerste verzameling : met 31 vragen van Bob Polak en 29 antwoorden van Arnon Grunberg,dut,1.0000,9789038894843,Nijgh & Van Ditmar,2012,,,NOT_PROBED,,,,,NO,NO,155.0000,164.0000,REJECT,No cover candidate.,
NL,CONTEMPORARY,Arnon Grunberg,1,10,15,/works/OL41930972W,Voetnoot 2,Arnon Grunberg,1.0000,2014,/books/OL56937955M,Voetnoot 2,tweede verzameling,dut,1.0000,9789038898650,Nijgh & Van Ditmar,2014,,,NOT_PROBED,,,,,NO,NO,155.0000,164.0000,REJECT,No cover candidate.,
NL,CONTEMPORARY,Arnon Grunberg,1,10,15,/works/OL30952542W,Vriend & vijand,Arnon Grunberg,1.0000,2019,/books/OL42520685M,Vriend & vijand,,dut,1.0000,9789044639889,Prometheus,"Jan 23, 2019",,,NOT_PROBED,,,,,NO,NO,155.0000,164.0000,REJECT,No cover candidate.,
NL,CONTEMPORARY,Arnon Grunberg,1,10,15,/works/OL44012928W,Zuiderlicht,Arnon Grunberg | Dennis Tyfus,1.0000,2021,/books/OL60055322M,Zuiderlicht,Het balanseer,dut,1.0000,9789079202812,Het Balanseer,2021,,,NOT_PROBED,,,,,NO,NO,155.0000,164.0000,REJECT,No cover candidate.,
NL,CONTEMPORARY,Arthur Japin,1,8,12,/works/OL660522W,De droom van de leeuw,Arthur Japin,1.0000,2002,/books/OL3633343M,De droom van de leeuw,roman,dut,1.0000,9029523344,Arbeiderspers,2002,,,NOT_PROBED,,,,,NO,NO,155.0000,164.0000,REJECT,No cover candidate.,
NL,CONTEMPORARY,Arthur Japin,1,8,12,/works/OL23127151W,De man van je leven,Arthur Japin,1.0000,2013,/books/OL30967909M,De man van je leven,roman,dut,1.0000,9789029588454,De Arbeiderspers,2013,,,NOT_PROBED,,,,,NO,NO,155.0000,164.0000,REJECT,No cover candidate.,
NL,CONTEMPORARY,Arthur Japin,1,8,12,/works/OL660525W,De vierde wand,Arthur Japin,1.0000,1998,/books/OL76610M,De vierde wand,verhalen over reizen en vertrekken,dut,1.0000,9029522844,Arbeiderspers,1998,,,NOT_PROBED,,,,,NO,NO,155.0000,164.0000,REJECT,No cover candidate.,
NL,CONTEMPORARY,Arthur Japin,1,8,12,/works/OL16600844W,Kussenboek,Arthur Japin,1.0000,2011,/books/OL25284218M,Kussenboek,,dut,1.0000,9789029575980,De Arbeiderspers,2011,,,NOT_PROBED,,,,,NO,NO,155.0000,164.0000,REJECT,No cover candidate.,
NL,CONTEMPORARY,Arthur Japin,1,8,12,/works/OL23231001W,Maar buiten is het feest,Arthur Japin,1.0000,2012,/books/OL31067124M,Maar buiten is het feest,een roman,dut,1.0000,9789029584920,Uitgeverij De Arbeiderspers,2012,,,NOT_PROBED,,,,,NO,NO,155.0000,164.0000,REJECT,No cover candidate.,
NL,CONTEMPORARY,Arthur Japin,1,8,12,/works/OL660530W,Magonische verhalen,Arthur Japin,1.0000,1996,/books/OL573061M,Magonische verhalen,,dut,1.0000,9029523433,Arbeiderspers,1996,,,NOT_PROBED,,,,,NO,NO,155.0000,164.0000,REJECT,No cover candidate.,
NL,CONTEMPORARY,Arthur Japin,1,8,12,/works/OL30552020W,Mrs. Degas,Arthur Japin,1.0000,2020,/books/OL42006315M,Mrs. Degas,roman,dut,1.0000,9789029542326,De Arbeiderspers,"Sep 21, 2020",,,NOT_PROBED,,,,,NO,NO,155.0000,164.0000,REJECT,No cover candidate.,
NL,CONTEMPORARY,Arthur Japin,1,8,12,/works/OL45875843W,Nachtkaravaan,Arthur Japin,1.0000,2018,/books/OL62423709M,Nachtkaravaan,liedjes en een paar gedichten,dut,1.0000,9789492241214,Magonia,2018,,,NOT_PROBED,,,,,NO,NO,155.0000,164.0000,REJECT,No cover candidate.,
NL,CONTEMPORARY,Arthur Japin,1,8,12,/works/OL43372138W,Wat stilte wil,Arthur Japin,1.0000,2022,/books/OL59073314M,Wat stilte wil,,dut,1.0000,9789029542869,de Arbeiderspers,2022,,,NOT_PROBED,,,,,NO,NO,155.0000,164.0000,REJECT,No cover candidate.,
NL,CONTEMPORARY,Arthur Japin,1,8,12,/works/OL660531W,Zoals dat gaat met wonderen,Arthur Japin,1.0000,2008,/books/OL23636096M,Zoals dat gaat met wonderen,dagboeken 2000-2007,dut,1.0000,9789029566766,Arbeiderspers,2008,,,NOT_PROBED,,,,,NO,NO,155.0000,164.0000,REJECT,No cover candidate.,
NL,CONTEMPORARY,Bart Moeyaert,1,7,10,/works/OL23780646W,Broere,Bart Moeyaert,1.0000,2001,/books/OL31515931M,Broere,"de oudste, de stilste, de echtste, de verste, de liefste, de snelste en ik",dut,1.0000,9021475332,Querido,2001,,,NOT_PROBED,,,,,NO,NO,155.0000,164.0000,REJECT,No cover candidate.,
NL,CONTEMPORARY,Bart Moeyaert,1,7,10,/works/OL891604W,Gedichten voor gelukkige mensen,Bart Moeyaert,1.0000,2008,/books/OL16964240M,Gedichten voor gelukkige mensen,,dut,1.0000,9789021433509,Querido,2008,,,NOT_PROBED,,,,,NO,NO,155.0000,164.0000,REJECT,No cover candidate.,
NL,CONTEMPORARY,Bart Moeyaert,1,7,10,/works/OL44250051W,Helium,Bart Moeyaert,1.0000,2019,/books/OL60486022M,Helium,,dut,1.0000,9789021419633,Querido,2019,,,NOT_PROBED,,,,,NO,NO,155.0000,164.0000,REJECT,No cover candidate.,
NL,CONTEMPORARY,Bart Moeyaert,1,7,10,/works/OL43311530W,Het hele leven,Bart Moeyaert | Peter van den Ende,1.0000,2020,/books/OL58994289M,Het hele leven,,dut,1.0000,9789021422190,Em. Querido's Uitgeverij BV,2020,,,NOT_PROBED,,,,,NO,NO,155.0000,164.0000,REJECT,No cover candidate.,
NL,CONTEMPORARY,Bart Moeyaert,1,7,10,/works/OL23118105W,Iemands lief,Bart Moeyaert,1.0000,2013,/books/OL30959833M,Iemands lief,,dut,1.0000,9789021446899,Em. Querido's Uitgeverij,2013,,,NOT_PROBED,,,,,NO,NO,155.0000,164.0000,REJECT,No cover candidate.,
NL,CONTEMPORARY,Bart Moeyaert,1,7,10,/works/OL23127207W,Jij en ik en alle andere kinderen,Bart Moeyaert,1.0000,2013,/books/OL30967963M,Jij en ik en alle andere kinderen,de verzamelde verhalen en kindergedichten,dut,1.0000,9789045116051,Querido,2013,,,NOT_PROBED,,,,,NO,NO,155.0000,164.0000,REJECT,No cover candidate.,
NL,CONTEMPORARY,Bart Moeyaert,1,7,10,/works/OL23780644W,Luna van de boom,Bart Moeyaert,1.0000,2001,/books/OL31515929M,Luna van de boom,"Berona, Slovaaks sprookje",dut,1.0000,9080541710,Pantalone,2001,,,NOT_PROBED,,,,,NO,NO,155.0000,164.0000,REJECT,No cover candidate.,
NL,CONTEMPORARY,Bart Moeyaert,1,7,10,/works/OL891615W,Ongelikt,Bart Moeyaert,1.0000,2001,/books/OL9086633M,Ongelikt,Gebaseerd op King Lear van William Shakespeare,dut,1.0000,9789021474779,Querido,2001,,,NOT_PROBED,,,,,NO,NO,155.0000,164.0000,REJECT,No cover candidate.,
NL,CONTEMPORARY,Bart Moeyaert,1,7,10,/works/OL891611W,"Rover, dronkeman",Bart Moeyaert,1.0000,2000,/books/OL6880193M,"Rover, dronkeman",toneel,dut,1.0000,9021475340,Querido,2000,,,NOT_PROBED,,,,,NO,NO,155.0000,164.0000,REJECT,No cover candidate.,
NL,CONTEMPORARY,Bart Moeyaert,1,7,10,/works/OL42257998W,Verzamel de liefde,Bart Moeyaert,1.0000,2003,/books/OL57318452M,Verzamel de liefde,,dut,1.0000,9045100460,Querido,2003,,,NOT_PROBED,,,,,NO,NO,155.0000,164.0000,REJECT,No cover candidate.,
NL,CONTEMPORARY,Bart Moeyaert,1,7,10,/works/OL43757664W,Voor we met z'n allen uit elkaar vallen,Bart Moeyaert,1.0000,2015,/books/OL59647821M,Voor we met z'n allen uit elkaar vallen,,dut,1.0000,9789460581588,Het Zoekend Hert,2015,,,NOT_PROBED,,,,,NO,NO,155.0000,164.0000,REJECT,No cover candidate.,
NL,CONTEMPORARY,Bart Moeyaert,1,7,10,/works/OL32448309W,We waren klaar,Bart Moeyaert,1.0000,2018,/books/OL44226371M,We waren klaar,verzameld theater,dut,1.0000,9789075175721,Bebuquin,2018,,,NOT_PROBED,,,,,NO,NO,155.0000,164.0000,REJECT,No cover candidate.,
NL,CONTEMPORARY,Connie Palmen,1,7,10,/works/OL44061862W,De zonde van de vrouw,Connie Palmen,1.0000,2017,/books/OL60188581M,De zonde van de vrouw,,dut,1.0000,9789059654129,Stichting Collectieve Propaganda van het Nederlandse Boek,2017,,,NOT_PROBED,,,,,NO,NO,155.0000,164.0000,REJECT,No cover candidate.,
NL,CONTEMPORARY,Connie Palmen,1,7,10,/works/OL748324W,Echt contact is niet de bedoeling,Connie Palmen,1.0000,2000,/books/OL6875094M,Echt contact is niet de bedoeling,lezingen en beschouwingen,dut,1.0000,9053338519,Prometheus,2000,,,NOT_PROBED,,,,,NO,NO,155.0000,164.0000,REJECT,No cover candidate.,
NL,CONTEMPORARY,Connie Palmen,1,7,10,/works/OL23408138W,Het geluk van de eenzaamheid,Connie Palmen,1.0000,2009,/books/OL31264808M,Het geluk van de eenzaamheid,,dut,1.0000,9789025367213,Athenaeum-Polak & Van Gennep,2009,,,NOT_PROBED,,,,,NO,NO,155.0000,164.0000,REJECT,No cover candidate.,
NL,CONTEMPORARY,Connie Palmen,1,7,10,/works/OL748327W,Het weerzinwekkende lot van de oude filosoof Socrates,Connie Palmen,1.0000,1992,/books/OL1306576M,Het weerzinwekkende lot van de oude filosoof Socrates,,dut,1.0000,9053330569,Prometheus,1992,,,NOT_PROBED,,,,,NO,NO,155.0000,164.0000,REJECT,No cover candidate.,
NL,CONTEMPORARY,Connie Palmen,1,7,10,/works/OL35600212W,Jij bent de absolute harmonie,Connie Palmen,1.0000,2007,/books/OL48037801M,Jij bent de absolute harmonie,laudatie bij de tachtigste verjaardag van Harry Mulisch,dut,1.0000,9789023428541,De Bezige Bij,2007,,,NOT_PROBED,,,,,NO,NO,155.0000,164.0000,REJECT,No cover candidate.,
NL,CONTEMPORARY,Connie Palmen,1,7,10,/works/OL22742190W,Logboek van een onbarmhartig jaar,Connie Palmen,1.0000,2011,/books/OL30721813M,Logboek van een onbarmhartig jaar,,dut,1.0000,9789044617672,Prometheus,2011,,,NOT_PROBED,,,,,NO,NO,155.0000,164.0000,REJECT,No cover candidate.,
NL,CONTEMPORARY,Connie Palmen,1,7,10,/works/OL45151627W,Voornamelijk Vrouwen,Connie Palmen,1.0000,2023,/books/OL61571227M,Voornamelijk Vrouwen,,dut,1.0000,9789044653977,"The Globe Pequot Publishing Group, Inc.",2023,,,NOT_PROBED,,,,,NO,NO,155.0000,164.0000,REJECT,No cover candidate.,
NL,CONTEMPORARY,David Van Reybrouck,1,6,9,/works/OL38970543W,Album 14-18,David Van Reybrouck,1.0000,2014,/books/OL53065110M,Album 14-18,,dut,1.0000,9789492081063,Kannibaal bvba / Hannibal,2014,,,NOT_PROBED,,,,,NO,NO,155.0000,164.0000,REJECT,No cover candidate.,
NL,CONTEMPORARY,David Van Reybrouck,1,6,9,/works/OL16082472W,Congo in België,Vincent Viaene | David van Reybrouck | Bambi Ceuppens,1.0000,2009,/books/OL24978997M,Congo in België,koloniale cultuur in de metropool,dut,1.0000,9789058677716,Universitaire Pers Leuven,2009,,,NOT_PROBED,,,,,NO,NO,155.0000,164.0000,REJECT,No cover candidate.,
NL,CONTEMPORARY,David Van Reybrouck,1,6,9,/works/OL37237355W,De Europese Grondwet in verzen,David van Reybrouck | Peter Vermeersch,1.0000,2009,/books/OL50199285M,De Europese Grondwet in verzen,,dut,1.0000,9789460010279,Uitgeverij Vrijdag,2009,,,NOT_PROBED,,,,,NO,NO,155.0000,164.0000,REJECT,No cover candidate.,
NL,CONTEMPORARY,David Van Reybrouck,1,6,9,/works/OL43759838W,De grote regressie,David Van Reybrouck | Eva Illouz | Ivan Krastev | Bruno Latour | Donatella della Porta | Heinrich Geiselberger | Jos den Bekker | Margot de Sera | Monica Soeting | Albert Witteveen,1.0000,2017,/books/OL59651006M,De grote regressie,vijftien grote denkers over de geest van de tijd,dut,1.0000,9789045034324,Uitgeverij Atlas Contact,2017,,,NOT_PROBED,,,,,NO,NO,155.0000,164.0000,REJECT,No cover candidate.,
NL,CONTEMPORARY,David Van Reybrouck,1,6,9,/works/OL42907854W,De kolonisatie van de toekomst. Leven aan de vooravond van de klimaatcatastrofe,David Van Reybrouck,1.0000,2021,/books/OL58461382M,De kolonisatie van de toekomst. Leven aan de vooravond van de klimaatcatastrofe,Huizinga-lezing 2021,dut,1.0000,9789463480987,Uitgeverij EW,2021,,,NOT_PROBED,,,,,NO,NO,155.0000,164.0000,REJECT,No cover candidate.,
NL,CONTEMPORARY,David Van Reybrouck,1,6,9,/works/OL23837059W,De plaag,David van Reybrouck,1.0000,2002,/books/OL31559472M,De plaag,"het stille knagen van schrijvers, termieten en Zuid-Afrika",dut,1.0000,9029070609,Meulenhoff,2002,,,NOT_PROBED,,,,,NO,NO,155.0000,164.0000,REJECT,No cover candidate.,
NL,CONTEMPORARY,David Van Reybrouck,1,6,9,/works/OL45524188W,Jihad van liefde,Mohamed El Bachiri | David Van Reybrouck,1.0000,2017,/books/OL62012279M,Jihad van liefde,,dut,1.0000,9789023471622,De Bezige Bij,2017,,,NOT_PROBED,,,,,NO,NO,155.0000,164.0000,REJECT,No cover candidate.,
NL,CONTEMPORARY,David Van Reybrouck,1,6,9,/works/OL32120588W,Neem bijvoorbeeld graniet,David van Reybrouck,1.0000,2011,/books/OL43854655M,Neem bijvoorbeeld graniet,De Europese grondwet in verzen,mul | dut,1.0000,9789023469841,De Bezige Bij,2011,,,NOT_PROBED,,,,,NO,NO,155.0000,164.0000,REJECT,No cover candidate.,
NL,CONTEMPORARY,David Van Reybrouck,1,6,9,/works/OL43816892W,Para,David Van Reybrouck,1.0000,2016,/books/OL59731498M,Para,theatermonoloog,dut,1.0000,9789023450443,De Bezige Bij,2016,,,NOT_PROBED,,,,,NO,NO,155.0000,164.0000,REJECT,No cover candidate.,
NL,CONTEMPORARY,David Van Reybrouck,1,6,9,/works/OL37022120W,Pleidooi voor populisme,David van Reybrouck,1.0000,2008,/books/OL49976625M,Pleidooi voor populisme,,dut,1.0000,9789021434681,Querido,2008,,,NOT_PROBED,,,,,NO,NO,155.0000,164.0000,REJECT,No cover candidate.,
NL,CONTEMPORARY,David Van Reybrouck,1,6,9,/works/OL6245310W,Slagschaduw,David van Reybrouck,1.0000,2007,/books/OL16492077M,Slagschaduw,roman,dut,1.0000,9085420857,Meulenhoff,2007,,,NOT_PROBED,,,,,NO,NO,155.0000,164.0000,REJECT,No cover candidate.,
NL,CONTEMPORARY,David Van Reybrouck,1,6,9,/works/OL22350260W,Twee monologen,David Van Reybrouck,1.0000,2011,/books/OL30432407M,Twee monologen,die Sel van die Mier Missie,dut,1.0000,902346429X,De Bezige Bij,2011,,,NOT_PROBED,,,,,NO,NO,155.0000,164.0000,REJECT,No cover candidate.,
NL,CONTEMPORARY,David Van Reybrouck,1,6,9,/works/OL24098486W,Waar België voor staat,Geert Buelens | David van Reybrouck,1.0000,2007,/books/OL17098186M,Waar België voor staat,een toekomstvisie,dut,1.0000,9085420997,Meulenhoff/Manteau,2007,,,NOT_PROBED,,,,,NO,NO,155.0000,164.0000,REJECT,No cover candidate.,
NL,CONTEMPORARY,David Van Reybrouck,1,6,9,/works/OL33711545W,Zink,David van Reybrouck,1.0000,2015,/books/OL45676815M,Zink,,dut,1.0000,9789059653580,CPNB Collectieve Propaganda van het Nede,2015-03-22,,,NOT_PROBED,,,,,NO,NO,155.0000,164.0000,REJECT,No cover candidate.,
NL,CONTEMPORARY,Dimitri Verhulst,1,8,12,/works/OL23217325W,De intrede van Christus in Brussel,Dimitri Verhulst,1.0000,2011,/books/OL31052327M,De intrede van Christus in Brussel,(in het jaar 2000 en oneffen ongeveer),dut,1.0000,9789025437534,Contact,2011,,,NOT_PROBED,,,,,NO,NO,155.0000,164.0000,REJECT,No cover candidate.,
NL,CONTEMPORARY,Dimitri Verhulst,1,8,12,/works/OL23846739W,De verveling van de keeper,Dimitri Verhulst,1.0000,2002,/books/OL31567044M,De verveling van de keeper,,dut,1.0000,902540250X,Contact,2002,,,NOT_PROBED,,,,,NO,NO,155.0000,164.0000,REJECT,No cover candidate.,
NL,CONTEMPORARY,Dimitri Verhulst,1,8,12,/works/OL16639814W,De zeven laatste zinnen,Dimitri Verhulst,1.0000,2010,/books/OL25319240M,De zeven laatste zinnen,,dut,1.0000,9789025435400,Contact,2010,,,NOT_PROBED,,,,,NO,NO,155.0000,164.0000,REJECT,No cover candidate.,
NL,CONTEMPORARY,Dimitri Verhulst,1,8,12,/works/OL32831682W,Harry Gruyaert,Dimitri Verhulst,1.0000,2012,/books/OL44660276M,Harry Gruyaert,roots : België = Belgique 1970-1980,dut | fre,1.0000,9789491376269,Uitgeverij Hannibal,2012,,,NOT_PROBED,,,,,NO,NO,155.0000,164.0000,REJECT,No cover candidate.,
NL,CONTEMPORARY,Dimitri Verhulst,1,8,12,/works/OL43003180W,Het leven gezien van beneden,Dimitri Verhulst,1.0000,2016,/books/OL58585710M,Het leven gezien van beneden,,dut,1.0000,9789025449148,Uitgeverij Atlas Contact,2016,,,NOT_PROBED,,,,,NO,NO,155.0000,164.0000,REJECT,No cover candidate.,
NL,CONTEMPORARY,Dimitri Verhulst,1,8,12,/works/OL44320396W,In weerwil van de woorden,Dimitri Verhulst,1.0000,2021,/books/OL60566626M,In weerwil van de woorden,,dut,1.0000,9789083108247,Uitgeverij Pluim,2021,,,NOT_PROBED,,,,,NO,NO,155.0000,164.0000,REJECT,No cover candidate.,
NL,CONTEMPORARY,Dimitri Verhulst,1,8,12,/works/OL22900843W,Kaddisj voor een kut,Dimitri Verhulst,1.0000,2014,/books/OL30813328M,Kaddisj voor een kut,,dut,1.0000,9789025443788,Uitgeverij Atlas Contact,2014,,,NOT_PROBED,,,,,NO,NO,155.0000,164.0000,REJECT,No cover candidate.,
NL,CONTEMPORARY,Dimitri Verhulst,1,8,12,/works/OL39287775W,"Liefde, tenzij anders vermeld",Dimitri Verhulst,1.0000,2001,/books/OL53480088M,"Liefde, tenzij anders vermeld",gedichten,dut,1.0000,9025415784,Contact,2001,,,NOT_PROBED,,,,,NO,NO,155.0000,164.0000,REJECT,No cover candidate.,
NL,CONTEMPORARY,Dimitri Verhulst,1,8,12,/works/OL866307W,"Niets, Niemand En Redelijk Stil",Dimitri Verhulst,1.0000,2001,/books/OL12800810M,"Niets, Niemand En Redelijk Stil",,dut,1.0000,9789025412388,Contact,January 2001,,,NOT_PROBED,,,,,NO,NO,155.0000,164.0000,REJECT,No cover candidate.,
NL,CONTEMPORARY,Dimitri Verhulst,1,8,12,/works/OL45751084W,Onze verslaggever in de leegte,Dimitri Verhulst,1.0000,2020,/books/OL62278657M,Onze verslaggever in de leegte,ongedateerde dagboeken,dut,1.0000,9789083045917,Uitgeverij Pluim,2020,,,NOT_PROBED,,,,,NO,NO,155.0000,164.0000,REJECT,No cover candidate.,
NL,CONTEMPORARY,Dimitri Verhulst,1,8,12,/works/OL45350605W,Spoo pee doo,Dimitri Verhulst,1.0000,2016,/books/OL61808575M,Spoo pee doo,,dut,1.0000,9789025450212,Uitgeverij Atlas Contact,2016,,,NOT_PROBED,,,,,NO,NO,155.0000,164.0000,REJECT,No cover candidate.,
NL,CONTEMPORARY,Dimitri Verhulst,1,8,12,/works/OL43737225W,Stoppen met roken in 87 gedichten,Dimitri Verhulst,1.0000,2017,/books/OL59621622M,Stoppen met roken in 87 gedichten,,dut,1.0000,9789025451684,Uitgeverij Atlas Contact,2017,,,NOT_PROBED,,,,,NO,NO,155.0000,164.0000,REJECT,No cover candidate.,
NL,CONTEMPORARY,Erwin Mortier,1,7,10,/works/OL16635236W,Afscheid van Congo,Erwin Mortier,1.0000,2010,/books/OL25314684M,Afscheid van Congo,met Jef Geeraerts terug naar de evenaar,dut,1.0000,9789023457794,Bezige Bij,2010,,,NOT_PROBED,,,,,NO,NO,155.0000,164.0000,REJECT,No cover candidate.,
NL,CONTEMPORARY,Erwin Mortier,1,7,10,/works/OL974418W,Avonden op het landgoed,Erwin Mortier,1.0000,2007,/books/OL16475819M,Avonden op het landgoed,"op reis met Gerard Reve, 18-26 augustus 1997",dut,1.0000,9789023425212,De Bezige Bij,2007,,,NOT_PROBED,,,,,NO,NO,155.0000,164.0000,REJECT,No cover candidate.,
NL,CONTEMPORARY,Erwin Mortier,1,7,10,/works/OL45050274W,Boeken van de troost,Erwin Mortier,1.0000,2018,/books/OL61452281M,Boeken van de troost,,dut,1.0000,9789403137407,De Bezige Bij,2018,,,NOT_PROBED,,,,,NO,NO,155.0000,164.0000,REJECT,No cover candidate.,
NL,CONTEMPORARY,Erwin Mortier,1,7,10,/works/OL33407850W,Een ontsnappingskunstenaar,Erwin Mortier,1.0000,2010,/books/OL45317148M,Een ontsnappingskunstenaar,essay over Franz Hellens,dut,1.0000,9789078068679,Voetnoot,2010,,,NOT_PROBED,,,,,NO,NO,155.0000,164.0000,REJECT,No cover candidate.,
NL,CONTEMPORARY,Erwin Mortier,1,7,10,/works/OL16545784W,Gestameld liedboek,Erwin Mortier,1.0000,2011,/books/OL25236178M,Gestameld liedboek,moedergetijden,dut,1.0000,9789023464099,De Bezige Bij,2011,,,NOT_PROBED,,,,,NO,NO,155.0000,164.0000,REJECT,No cover candidate.,
NL,CONTEMPORARY,Erwin Mortier,1,7,10,/works/OL16186364W,Niemand weet dat ik een mens ben,Erwin Mortier,1.0000,2010,/books/OL25063202M,Niemand weet dat ik een mens ben,minderjarige vluchtelingen en hun verhaal,dut,1.0000,9789023459613,De Bezige Bij,2010,,,NOT_PROBED,,,,,NO,NO,155.0000,164.0000,REJECT,No cover candidate.,
NL,CONTEMPORARY,Erwin Mortier,1,7,10,/works/OL44335759W,Omtrent liefde en dood,Erwin Mortier,1.0000,2017,/books/OL60584387M,Omtrent liefde en dood,een afscheid,dut,1.0000,9789023499435,De Bezige Bij,2017,,,NOT_PROBED,,,,,NO,NO,155.0000,164.0000,REJECT,No cover candidate.,
NL,CONTEMPORARY,Erwin Mortier,1,7,10,/works/OL22958844W,Passions humaines,Erwin Mortier,1.0000,2015,/books/OL30865370M,Passions humaines,De menselijke driften,mul | dut,1.0000,9789023490395,De Bezige Bij,2015,,,NOT_PROBED,,,,,NO,NO,155.0000,164.0000,REJECT,No cover candidate.,
NL,CONTEMPORARY,Erwin Mortier,1,7,10,/works/OL23886154W,Pleidooi voor de zonde,Erwin Mortier,1.0000,2003,/books/OL31596674M,Pleidooi voor de zonde,,dut,1.0000,9059360206,Cossee,2003,,,NOT_PROBED,,,,,NO,NO,155.0000,164.0000,REJECT,No cover candidate.,
NL,CONTEMPORARY,Erwin Mortier,1,7,10,/works/OL44846991W,Precieuze mechanieken,Erwin Mortier,1.0000,2020,/books/OL61215999M,Precieuze mechanieken,nieuwe gedichten,dut,1.0000,9789403103518,De Bezige Bij,2020,,,NOT_PROBED,,,,,NO,NO,155.0000,164.0000,REJECT,No cover candidate.,
NL,CONTEMPORARY,Erwin Mortier,1,7,10,/works/OL974423W,Sluitertijd,Erwin Mortier,1.0000,2002,/books/OL22983201M,Sluitertijd,,dut,1.0000,9059360060,Cossee,2002,,,NOT_PROBED,,,,,NO,NO,155.0000,164.0000,REJECT,No cover candidate.,
NL,CONTEMPORARY,Erwin Mortier,1,7,10,/works/OL24021885W,Uit één vinger valt men niet,Erwin Mortier,1.0000,2005,/books/OL31719612M,Uit één vinger valt men niet,gedichten,dut,1.0000,9023418530,De Bezige Bij,2005,,,NOT_PROBED,,,,,NO,NO,155.0000,164.0000,REJECT,No cover candidate.,
NL,CONTEMPORARY,Erwin Mortier,1,7,10,/works/OL22958847W,Verboden gebied,Erwin Mortier,1.0000,2015,/books/OL30865372M,Verboden gebied,vrouw in niemandsland,mul | dut | eng,1.0000,9789023496229,De Bezige Bij,2015,,,NOT_PROBED,,,,,NO,NO,155.0000,164.0000,REJECT,No cover candidate.,
NL,CONTEMPORARY,Erwin Mortier,1,7,10,/works/OL974424W,Voor de stad en de wereld,Erwin Mortier,1.0000,2009,/books/OL23237623M,Voor de stad en de wereld,de gedichten tot dusver,dut,1.0000,9789023432791,De Bezige Bij,2009,,,NOT_PROBED,,,,,NO,NO,155.0000,164.0000,REJECT,No cover candidate.,
NL,CONTEMPORARY,Erwin Mortier,1,7,10,/works/OL15449323W,Wat voorbij is begint pas,Erwin Mortier,1.0000,2010,/books/OL24416888M,Wat voorbij is begint pas,lichtzinnige meditaties over het schrijven,dut,1.0000,9789023455448,De Bezige Bij,2010,,,NOT_PROBED,,,,,NO,NO,155.0000,164.0000,REJECT,No cover candidate.,
NL,CONTEMPORARY,Gerbrand Bakker,1,6,9,/works/OL45220769W,De 3 bestaat niet,Gerbrand Bakker,1.0000,2020,/books/OL61654522M,De 3 bestaat niet,een wandeling,dut,1.0000,9789028220058,Uitgeverij Van Oorschot,2020,,,NOT_PROBED,,,,,NO,NO,155.0000,164.0000,REJECT,No cover candidate.,
NL,CONTEMPORARY,Gerbrand Bakker,1,6,9,/works/OL22625196W,De omweg,Gerbrand Bakker,1.0000,2010,/books/OL30649927M,De omweg,roman,dut,1.0000,9789059362949,Cossee,2010,,,NOT_PROBED,,,,,NO,NO,155.0000,164.0000,REJECT,No cover candidate.,
NL,CONTEMPORARY,Gerbrand Bakker,1,6,9,/works/OL44659483W,Etymologisch woordenboek voor beginners,Gerbrand Bakker,1.0000,1997,/books/OL60998758M,Etymologisch woordenboek voor beginners,of Hoe het mannetje mannequin werd--,dut,1.0000,9024524806,Piramide,1997,,,NOT_PROBED,,,,,NO,NO,155.0000,164.0000,REJECT,No cover candidate.,
NL,CONTEMPORARY,Gerbrand Bakker,1,6,9,/works/OL814229W,"Ezel, schaap en tureluur",Gerbrand Bakker,1.0000,2009,/books/OL23578315M,"Ezel, schaap en tureluur",dierendagboek,dut,1.0000,9789059362345,Cossee,2009,,,NOT_PROBED,,,,,NO,NO,155.0000,164.0000,REJECT,No cover candidate.,
NL,CONTEMPORARY,Gerbrand Bakker,1,6,9,/works/OL42215313W,"Gaat u vooral met een goed boek naar bed, of in ieder geval met iemand die er een gelezen heeft",Gerbrand Bakker,1.0000,2007,/books/OL57267841M,"Gaat u vooral met een goed boek naar bed, of in ieder geval met iemand die er een gelezen heeft",acht verhalen over geluk en ongeluk,dut,1.0000,9789059361744,Cossee,2007,,,NOT_PROBED,,,,,NO,NO,155.0000,164.0000,REJECT,No cover candidate.,
NL,CONTEMPORARY,Gerbrand Bakker,1,6,9,/works/OL33296345W,Groeten van Rottumerplaat,Gerbrand Bakker | Joost Zwagerman,1.0000,2009,/books/OL45193826M,Groeten van Rottumerplaat,het beslissende album volgens 100 en enige schrijvers,dut,1.0000,9789046806241,Nieuw Amsterdam,2009,,,NOT_PROBED,,,,,NO,NO,155.0000,164.0000,REJECT,No cover candidate.,
NL,CONTEMPORARY,Gerbrand Bakker,1,6,9,/works/OL814230W,"Het tweede etymologisch woordenboek voor beginners, of, Hoe het karretje carrière maakte--",Gerbrand Bakker,1.0000,1998,/books/OL102086M,"Het tweede etymologisch woordenboek voor beginners, of, Hoe het karretje carrière maakte--",,dut,1.0000,9024521696,Piramide,1998,,,NOT_PROBED,,,,,NO,NO,155.0000,164.0000,REJECT,No cover candidate.,
NL,CONTEMPORARY,Gerbrand Bakker,1,6,9,/works/OL37896618W,Jasper en zijn knecht,Gerbrand Bakker,1.0000,2016,/books/OL51157330M,Jasper en zijn knecht,,dut,1.0000,9789029505123,Uitgeverij De Arbeiderspers,2016,,,NOT_PROBED,,,,,NO,NO,155.0000,164.0000,REJECT,No cover candidate.,
NL,CONTEMPORARY,Gerbrand Bakker,1,6,9,/works/OL33279688W,Juni,Gerbrand Bakker,1.0000,2009,/books/OL45175584M,Juni,roman,dut,1.0000,9789059362567,Cossee,2009,,,NOT_PROBED,,,,,NO,NO,155.0000,164.0000,REJECT,No cover candidate.,
NL,CONTEMPORARY,Gerbrand Bakker,1,6,9,/works/OL45504209W,"Knecht, alleen",Gerbrand Bakker,1.0000,2020,/books/OL61989504M,"Knecht, alleen",,dut,1.0000,9789029542081,Uitgeverij De Arbeiderspers,2020,,,NOT_PROBED,,,,,NO,NO,155.0000,164.0000,REJECT,No cover candidate.,
NL,CONTEMPORARY,Herman Koch,1,8,12,/works/OL15930547W,De ideale schoonzoon,Herman Koch,1.0000,2010,/books/OL24836658M,De ideale schoonzoon,,dut,1.0000,9789041416483,Anthos,2010,,,NOT_PROBED,,,,,NO,NO,155.0000,164.0000,REJECT,No cover candidate.,
NL,CONTEMPORARY,Herman Koch,1,8,12,/works/OL24006276W,Denken aan Bruce Kennedy,Herman Koch,1.0000,2005,/books/OL31704753M,Denken aan Bruce Kennedy,roman,dut,1.0000,9045700042,Augustus,2005,,,NOT_PROBED,,,,,NO,NO,155.0000,164.0000,REJECT,No cover candidate.,
NL,CONTEMPORARY,Herman Koch,1,8,12,/works/OL30372728W,Een film met Sophia,Herman Koch,1.0000,2021,/books/OL41753469M,Een film met Sophia,,dut,1.0000,9789026353048,Ambo Anthos,2021,,,NOT_PROBED,,,,,NO,NO,155.0000,164.0000,REJECT,No cover candidate.,
NL,CONTEMPORARY,Herman Koch,1,8,12,/works/OL2486916W,Eindelijk oorlog,Herman Koch,1.0000,1996,/books/OL587215M,Eindelijk oorlog,roman,dut,1.0000,9029051787,Meulenhoff,1996,,,NOT_PROBED,,,,,NO,NO,155.0000,164.0000,REJECT,No cover candidate.,
NL,CONTEMPORARY,Herman Koch,1,8,12,/works/OL43527948W,Finse dagen,Herman Koch,1.0000,2020,/books/OL59331868M,Finse dagen,,dut,1.0000,9789026341069,Ambo-Anthos,2020,,,NOT_PROBED,,,,,NO,NO,155.0000,164.0000,REJECT,No cover candidate.,
NL,CONTEMPORARY,Herman Koch,1,8,12,/works/OL22742174W,Korte geschiedenis van het bedrog,Herman Koch,1.0000,2012,/books/OL30721803M,Korte geschiedenis van het bedrog,De verhalen,dut,1.0000,9789041420503,Ambo/Anthos,2012,,,NOT_PROBED,,,,,NO,NO,155.0000,164.0000,REJECT,No cover candidate.,
NL,CONTEMPORARY,Herman Koch,1,8,12,/works/OL33381296W,Stervensuur,Herman Koch | Bas Heijne,1.0000,2010,/books/OL45288217M,Stervensuur,acht literaire thrillerverhalen,dut,1.0000,9789041415875,Anthos,2010,,,NOT_PROBED,,,,,NO,NO,155.0000,164.0000,REJECT,No cover candidate.,
NL,CONTEMPORARY,Ilja Leonard Pfeijffer,1,8,12,/works/OL45469737W,Brieven uit Genua,Ilja Leonard Pfeijffer,1.0000,2016,/books/OL61949999M,Brieven uit Genua,,dut,1.0000,9789029506618,Uitgeverij De Arbeiderspers,2016,,,NOT_PROBED,,,,,NO,NO,155.0000,164.0000,REJECT,No cover candidate.,
NL,CONTEMPORARY,Ilja Leonard Pfeijffer,1,8,12,/works/OL47064W,De antieken,Ilja Leonard Pfeijffer,1.0000,2000,/books/OL6838503M,De antieken,een korte literatuurgeschiedenis,dut,1.0000,9029535466,Arbeiderspers,2000,,,NOT_PROBED,,,,,NO,NO,155.0000,164.0000,REJECT,No cover candidate.,
NL,CONTEMPORARY,Ilja Leonard Pfeijffer,1,8,12,/works/OL19370808W,De eeuw van mijn dochter,Ilja Leonard Pfeijffer,1.0000,2007,/books/OL16492432M,De eeuw van mijn dochter,een treurspel in vijf bedrijven,dut,1.0000,9029565020,De Arbeiderspers,2007,,,NOT_PROBED,,,,,NO,NO,155.0000,164.0000,REJECT,No cover candidate.,
NL,CONTEMPORARY,Ilja Leonard Pfeijffer,1,8,12,/works/OL18592055W,De filosofie van de heuvel,Ilja Leonard Pfeijffer,1.0000,2009,/books/OL24038975M,De filosofie van de heuvel,op de fiets naar Rome,dut,1.0000,9789029567688,De Arbeiderspers,2009,,,NOT_PROBED,,,,,NO,NO,155.0000,164.0000,REJECT,No cover candidate.,
NL,CONTEMPORARY,Ilja Leonard Pfeijffer,1,8,12,/works/OL33409552W,De Griekse mythen,Ilja Leonard Pfeijffer,1.0000,2010,/books/OL45318984M,De Griekse mythen,,dut,1.0000,9789044615562,Prometheus,2010,,,NOT_PROBED,,,,,NO,NO,155.0000,164.0000,REJECT,No cover candidate.,
NL,CONTEMPORARY,Ilja Leonard Pfeijffer,1,8,12,/works/OL22395972W,De maan heeft geen liefde nodig,Ilja Leonard Pfeijffer,1.0000,2010,/books/OL30482898M,De maan heeft geen liefde nodig,,dut,1.0000,9789041740694,Muntinga Pockets,2010,,,NOT_PROBED,,,,,NO,NO,155.0000,164.0000,REJECT,No cover candidate.,
NL,CONTEMPORARY,Ilja Leonard Pfeijffer,1,8,12,/works/OL45680497W,De Nederlandse poëzie van de twintigste en de eenentwintigste eeuw in 1000 en enige gedichten,Ilja Leonard Pfeijffer,1.0000,2016,/books/OL62196805M,De Nederlandse poëzie van de twintigste en de eenentwintigste eeuw in 1000 en enige gedichten,,dut,1.0000,9789044631975,Prometheus,2016,,,NOT_PROBED,,,,,NO,NO,155.0000,164.0000,REJECT,No cover candidate.,
NL,CONTEMPORARY,Ilja Leonard Pfeijffer,1,8,12,/works/OL45767990W,De veelstemmige man,Ilja Leonard Pfeijffer,1.0000,2018,/books/OL62298097M,De veelstemmige man,verzameld toneelwerk 2007-2018,dut,1.0000,9789029523608,Arbeiderspers,2018,,,NOT_PROBED,,,,,NO,NO,155.0000,164.0000,REJECT,No cover candidate.,
NL,CONTEMPORARY,Ilja Leonard Pfeijffer,1,8,12,/works/OL39312195W,Dolores,Ilja Leonard Pfeijffer,1.0000,2002,/books/OL53508941M,Dolores,elegieën,dut,1.0000,902953642X,Arbeiderspers,2002,,,NOT_PROBED,,,,,NO,NO,155.0000,164.0000,REJECT,No cover candidate.,
NL,CONTEMPORARY,Ilja Leonard Pfeijffer,1,8,12,/works/OL45408567W,Duetten,Erik Jan Harmens | Ilja Leonard Pfeijffer,1.0000,2016,/books/OL61876837M,Duetten,gedichten,dut,1.0000,9789048832200,Lebowski Publishers,2016,,,NOT_PROBED,,,,,NO,NO,155.0000,164.0000,REJECT,No cover candidate.,
NL,CONTEMPORARY,Ilja Leonard Pfeijffer,1,8,12,/works/OL44633809W,Gelukszoekers,Ilja Leonard Pfeijffer,1.0000,2015,/books/OL60969138M,Gelukszoekers,,dut,1.0000,9789029506786,Uitgeverij De Arbeiderspers,2015,,,NOT_PROBED,,,,,NO,NO,155.0000,164.0000,REJECT,No cover candidate.,
NL,CONTEMPORARY,Ilja Leonard Pfeijffer,1,8,12,/works/OL43479793W,Giro giro tondo,Ilja Leonard Pfeijffer,1.0000,2015,/books/OL59258148M,Giro giro tondo,een obsessie,dut,1.0000,9789059652590,Stichting Collectieve Propaganda van het Nederlandse Boek,2015,,,NOT_PROBED,,,,,NO,NO,155.0000,164.0000,REJECT,No cover candidate.,
NL,CONTEMPORARY,Ilja Leonard Pfeijffer,1,8,12,/works/OL15594206W,Harde feiten,Ilja Leonard Pfeijffer,1.0000,2010,/books/OL24545034M,Harde feiten,100 romans,dut,1.0000,9789029571456,De Arbeiderspers,2010,,,NOT_PROBED,,,,,NO,NO,155.0000,164.0000,REJECT,No cover candidate.,
NL,CONTEMPORARY,Ilja Leonard Pfeijffer,1,8,12,/works/OL23869783W,Het geheim van het vermoorde geneuzel,Ilja Leonard Pfeijffer,1.0000,2003,/books/OL31586291M,Het geheim van het vermoorde geneuzel,een poëtica,dut,1.0000,9029536519,De Arbeiderspers,2003,,,NOT_PROBED,,,,,NO,NO,155.0000,164.0000,REJECT,No cover candidate.,
NL,CONTEMPORARY,Ilja Leonard Pfeijffer,1,8,12,/works/OL23773401W,Het glimpen van de welkwiek,Ilja Leonard Pfeijffer,1.0000,2001,/books/OL31509655M,Het glimpen van de welkwiek,gedichten,dut,1.0000,9029535814,Arbeiderspers,2001,,,NOT_PROBED,,,,,NO,NO,155.0000,164.0000,REJECT,No cover candidate.,
NL,CONTEMPORARY,Ilja Leonard Pfeijffer,1,8,12,/works/OL18217230W,Het grote baggerboek,Ilja Leonard Pfeijffer,1.0000,2005,/books/OL23075616M,Het grote baggerboek,Roman,dut,1.0000,902953673X,Uitgeverij De Arbeiderspers,2005,,,NOT_PROBED,,,,,NO,NO,155.0000,164.0000,REJECT,No cover candidate.,
NL,CONTEMPORARY,Ilja Leonard Pfeijffer,1,8,12,/works/OL16609320W,Het ministerie van Specifieke Zaken,Ilja Leonard Pfeijffer,1.0000,2011,/books/OL25292301M,Het ministerie van Specifieke Zaken,over Haags gekonkel en de mentale staat van het land,dut,1.0000,9789029576161,Arbeiderspers,2011,,,NOT_PROBED,,,,,NO,NO,155.0000,164.0000,REJECT,No cover candidate.,
NL,CONTEMPORARY,Ilja Leonard Pfeijffer,1,8,12,/works/OL16683912W,Hoe word ik een beroemd schrijver?,Ilja Leonard Pfeijffer,1.0000,2012,/books/OL25357963M,Hoe word ik een beroemd schrijver?,een literair zelfhulpboek,dut,1.0000,9789029579223,De Arbeiderspers,2012,,,NOT_PROBED,,,,,NO,NO,155.0000,164.0000,REJECT,No cover candidate.,
NL,CONTEMPORARY,Ilja Leonard Pfeijffer,1,8,12,/works/OL22934816W,Idyllen,Ilja Leonard Pfeijffer,1.0000,2015,/books/OL30841969M,Idyllen,nieuwe poëzie,dut,1.0000,9789029589734,Uitgeverij De Arbeiderspers,2015,,,NOT_PROBED,,,,,NO,NO,155.0000,164.0000,REJECT,No cover candidate.,
NL,CONTEMPORARY,Ilja Leonard Pfeijffer,1,8,12,/works/OL23963586W,In de naam van de hond,Ilja Leonard Pfeijffer,1.0000,2005,/books/OL31666091M,In de naam van de hond,de grote gedichten,dut,1.0000,9029562285,De Arbeiderspers,2005,,,NOT_PROBED,,,,,NO,NO,155.0000,164.0000,REJECT,No cover candidate.,
NL,CONTEMPORARY,Ilja Leonard Pfeijffer,1,8,12,/works/OL23128598W,La Superba,Ilja Leonard Pfeijffer,1.0000,2013,/books/OL30969129M,La Superba,een roman,dut,1.0000,9789029587273,De Arbeiderspers,2013,,,NOT_PROBED,,,,,NO,NO,155.0000,164.0000,REJECT,No cover candidate.,
NL,CONTEMPORARY,Ilja Leonard Pfeijffer,1,8,12,/works/OL45825694W,Ondraaglijke lichtheid,Ilja Leonard Pfeijffer,1.0000,2019,/books/OL62365930M,Ondraaglijke lichtheid,over het nut en nadeel van de ironie voor het leven,dut,1.0000,9789044640403,Prometheus,2019,,,NOT_PROBED,,,,,NO,NO,155.0000,164.0000,REJECT,No cover candidate.,
NL,CONTEMPORARY,Ilja Leonard Pfeijffer,1,8,12,/works/OL47065W,Rupert,Ilja Leonard Pfeijffer,1.0000,2002,/books/OL3654775M,Rupert,een bekentenis,dut,1.0000,9029536365,Arbeiderspers,2002,,,NOT_PROBED,,,,,NO,NO,155.0000,164.0000,REJECT,No cover candidate.,
NL,CONTEMPORARY,Ilja Leonard Pfeijffer,1,8,12,/works/OL24097049W,Second life,Ilja Leonard Pfeijffer,1.0000,2007,/books/OL31793302M,Second life,verhalen en reportages uit een tweede leven,dut,1.0000,9029565454,De Arbeiderspers,2007,,,NOT_PROBED,,,,,NO,NO,155.0000,164.0000,REJECT,No cover candidate.,
NL,CONTEMPORARY,Ilja Leonard Pfeijffer,1,8,12,/works/OL19036218W,Van de vierkante man,Ilja Leonard Pfeijffer,1.0000,1998,/books/OL472125M,Van de vierkante man,gedichten,dut,1.0000,9029535008,Arbeiderspers,1998,,,NOT_PROBED,,,,,NO,NO,155.0000,164.0000,REJECT,No cover candidate.,
NL,CONTEMPORARY,Ilja Leonard Pfeijffer,1,8,12,/works/OL43003296W,Vier variaties voor cello,Jan Brokken | Marente de Moor | Ilja Leonard Pfeijffer | Annelies Verbeke,1.0000,2016,/books/OL58585832M,Vier variaties voor cello,,dut,1.0000,9789057598142,Uitgeverij Podium,2016,,,NOT_PROBED,,,,,NO,NO,155.0000,164.0000,REJECT,No cover candidate.,
NL,CONTEMPORARY,Kader Abdolah,1,8,12,/works/OL19232809W,Buitenspiegels,Kader Abdolah,1.0000,1998,/books/OL9106120M,Buitenspiegels,Verhalen over Nederland,dut,1.0000,9789055155125,Novib,1998,,,NOT_PROBED,,,,,NO,NO,155.0000,164.0000,REJECT,No cover candidate.,
NL,CONTEMPORARY,Kader Abdolah,1,8,12,/works/OL1656337W,De adelaars,Kader Abdolah,1.0000,2000,/books/OL19909548M,De adelaars,verhalen,dut,1.0000,9052268630,De Geus,2000,,,NOT_PROBED,,,,,NO,NO,155.0000,164.0000,REJECT,No cover candidate.,
NL,CONTEMPORARY,Kader Abdolah,1,8,12,/works/OL1656338W,De meisjes en de partizanen : verhalen,Kader Abdolah,1.0000,1995,/books/OL928876M,De meisjes en de partizanen : verhalen,,dut,1.0000,9052262608,De Geus,1995,,,NOT_PROBED,,,,,NO,NO,155.0000,164.0000,REJECT,No cover candidate.,
NL,CONTEMPORARY,Kader Abdolah,1,8,12,/works/OL1656339W,De reis van de lege flessen,Kader Abdolah,1.0000,1997,/books/OL287479M,De reis van de lege flessen,roman,dut,1.0000,9052263795,De Geus,1997,,,NOT_PROBED,,,,,NO,NO,155.0000,164.0000,REJECT,No cover candidate.,
NL,CONTEMPORARY,Kader Abdolah,1,8,12,/works/OL23781154W,Een tuin in de zee,Kader Abdolah,1.0000,2001,/books/OL31516372M,Een tuin in de zee,Mirza,dut,1.0000,9044500090,De Geus,2001,,,NOT_PROBED,,,,,NO,NO,155.0000,164.0000,REJECT,No cover candidate.,
NL,CONTEMPORARY,Kader Abdolah,1,8,12,/works/OL16629411W,In de polder,Kader Abdolah,1.0000,2011,/books/OL25309814M,In de polder,15 jaar Mirza,dut,1.0000,9789044520255,Geus,2011,,,NOT_PROBED,,,,,NO,NO,155.0000,164.0000,REJECT,No cover candidate.,
NL,CONTEMPORARY,Kader Abdolah,1,8,12,/works/OL42269942W,Karavaan,Kader Abdolah,1.0000,2003,/books/OL57332593M,Karavaan,,dut,1.0000,904450097X,De Geus,2003,,,NOT_PROBED,,,,,NO,NO,155.0000,164.0000,REJECT,No cover candidate.,
NL,CONTEMPORARY,Kader Abdolah,1,8,12,/works/OL1656341W,Kélilé en Demné,Kader Abdolah,1.0000,2002,/books/OL3639359M,Kélilé en Demné,,dut,1.0000,9035123662,B. Bakker,2002,,,NOT_PROBED,,,,,NO,NO,155.0000,164.0000,REJECT,No cover candidate.,
NL,CONTEMPORARY,Kader Abdolah,1,8,12,/works/OL1656344W,Mirza,Kader Abdolah,1.0000,1998,/books/OL451301M,Mirza,,dut,1.0000,9052269718,De Geus,1998,,,NOT_PROBED,,,,,NO,NO,155.0000,164.0000,REJECT,No cover candidate.,
NL,CONTEMPORARY,Kader Abdolah,1,8,12,/works/OL22916963W,Papegaai vloog over de IJssel,Kader Abdolah,1.0000,2014,/books/OL30825840M,Papegaai vloog over de IJssel,,dut,1.0000,9789044625820,Prometheus,2014,,,NOT_PROBED,,,,,NO,NO,155.0000,164.0000,REJECT,No cover candidate.,
NL,CONTEMPORARY,Kader Abdolah,1,8,12,/works/OL23233094W,Zeesla en de lepels van Alice,Kader Abdolah,1.0000,2012,/books/OL31069265M,Zeesla en de lepels van Alice,een reis door de geest van Nederlandse ondernemers en uitvinders,dut,1.0000,9789044520309,De Geus,2012,,,NOT_PROBED,,,,,NO,NO,155.0000,164.0000,REJECT,No cover candidate.,
NL,CONTEMPORARY,Marieke Lucas Rijneveld,1,5,8,/works/OL44343688W,Komijnsplitsers,Marieke Lucas Rijneveld,1.0000,2022,/books/OL60593431M,Komijnsplitsers,,dut,1.0000,9789025471200,Atlas Contact,2022,,,NOT_PROBED,,,,,NO,NO,155.0000,164.0000,REJECT,No cover candidate.,
NL,CONTEMPORARY,P.F. Thomése,1,7,10,/works/OL39037529W,De werkelijkheidsverbeteraar,P.F.. Thomése,1.0000,2014,/books/OL53147140M,De werkelijkheidsverbeteraar,,dut,1.0000,9789086596676,VU Uitgeverij,2014,,,NOT_PROBED,,,,,NO,NO,155.0000,164.0000,REJECT,No cover candidate.,
NL,CONTEMPORARY,Peter Buwalda,1,5,8,/works/OL45440375W,De kleine voeten van Lowell George,Peter Buwalda,1.0000,2017,/books/OL61914978M,De kleine voeten van Lowell George,,dut,1.0000,9789023444008,De Bezige Bij,2017,,,NOT_PROBED,,,,,NO,NO,155.0000,164.0000,REJECT,No cover candidate.,
NL,CONTEMPORARY,Peter Buwalda,1,5,8,/works/OL31276000W,Otmars zonen,Peter Buwalda,1.0000,2019,/books/OL42930314M,Otmars zonen,,dut,1.0000,9789403123004,"Bezige Bij b.v., Uitgeverij De","Mar 06, 2019",,,NOT_PROBED,,,,,NO,NO,155.0000,164.0000,REJECT,No cover candidate.,
NL,CONTEMPORARY,Peter Buwalda,1,5,8,/works/OL38961290W,Suzy vindt van niet,Peter Buwalda,1.0000,2014,/books/OL53052957M,Suzy vindt van niet,,dut,1.0000,9789023490937,De Bezige Bij,2014,,,NOT_PROBED,,,,,NO,NO,155.0000,164.0000,REJECT,No cover candidate.,
NL,CONTEMPORARY,Peter Buwalda,1,5,8,/works/OL43758751W,Verse probz,Peter Buwalda,1.0000,2016,/books/OL59649351M,Verse probz,,dut,1.0000,9789023447580,De Bezige Bij,2016,,,NOT_PROBED,,,,,NO,NO,155.0000,164.0000,REJECT,No cover candidate.,
NL,CONTEMPORARY,Stefan Hertmans,1,7,10,/works/OL45690857W,4 brieven aan Jenny,Gita Deneckere | Stefan Hertmans | John Vandaele | Pascal Verbeken,1.0000,2019,/books/OL62209111M,4 brieven aan Jenny,,dut,1.0000,9789082934137,Boekhandel Walry,2019,,,NOT_PROBED,,,,,NO,NO,155.0000,164.0000,REJECT,No cover candidate.,
NL,CONTEMPORARY,Stefan Hertmans,1,7,10,/works/OL44456441W,Als in een troebel spiegel,Stefan Hertmans | Gilles Pellerin | Luc Devoldere | Katelijne de Vuyst,1.0000,2007,/books/OL60723425M,Als in een troebel spiegel,brieven,dut,1.0000,9789077757581,P,2007,,,NOT_PROBED,,,,,NO,NO,155.0000,164.0000,REJECT,No cover candidate.,
NL,CONTEMPORARY,Stefan Hertmans,1,7,10,/works/OL974305W,Als op de eerste dag,Stefan Hertmans,1.0000,2001,/books/OL23033210M,Als op de eerste dag,roman in verhalen,dut,1.0000,9029071036,Meulenhoff,2001,,,NOT_PROBED,,,,,NO,NO,155.0000,164.0000,REJECT,No cover candidate.,
NL,CONTEMPORARY,Stefan Hertmans,1,7,10,/works/OL974306W,Annunciaties,Stefan Hertmans,1.0000,1997,/books/OL307496M,Annunciaties,gedichten,dut,1.0000,9029055235,Meulenhoff,1997,,,NOT_PROBED,,,,,NO,NO,155.0000,164.0000,REJECT,No cover candidate.,
NL,CONTEMPORARY,Stefan Hertmans,1,7,10,/works/OL45862739W,Antigone in Molenbeek,Stefan Hertmans,1.0000,2017,/books/OL62408790M,Antigone in Molenbeek,,dut,1.0000,9789023463481,De Bezige Bij,2017,,,NOT_PROBED,,,,,NO,NO,155.0000,164.0000,REJECT,No cover candidate.,
NL,CONTEMPORARY,Stefan Hertmans,1,7,10,/works/OL974307W,Bezoekingen,Stefan Hertmans,1.0000,1988,/books/OL2123480M,Bezoekingen,gedichten,dut,1.0000,9029039841,Meulenhoff,1988,,,NOT_PROBED,,,,,NO,NO,155.0000,164.0000,REJECT,No cover candidate.,
NL,CONTEMPORARY,Stefan Hertmans,1,7,10,/works/OL32156948W,De mens ... maat van alle dingen,Sofie Vandamme | Stefan Hertmans,1.0000,2011,/books/OL43894796M,De mens ... maat van alle dingen,,dut,1.0000,9789038218274,Academia Press,2011,,,NOT_PROBED,,,,,NO,NO,155.0000,164.0000,REJECT,No cover candidate.,
NL,CONTEMPORARY,Stefan Hertmans,1,7,10,/works/OL16593777W,De mobilisatie van Arcadia,Stefan Hertmans,1.0000,2011,/books/OL25278008M,De mobilisatie van Arcadia,essays,dut,1.0000,9023467248,De Bezige Bij,2011,,,NOT_PROBED,,,,,NO,NO,155.0000,164.0000,REJECT,No cover candidate.,
NL,CONTEMPORARY,Stefan Hertmans,1,7,10,/works/OL23804867W,De stad & de pedagogie,Stefan Hertmans,1.0000,1999,/books/OL31532199M,De stad & de pedagogie,,dut,1.0000,9080314714,Droom en daad,1999,,,NOT_PROBED,,,,,NO,NO,155.0000,164.0000,REJECT,No cover candidate.,
NL,CONTEMPORARY,Stefan Hertmans,1,7,10,/works/OL15984094W,De val van vrije dagen,Stefan Hertmans,1.0000,2010,/books/OL24889179M,De val van vrije dagen,gedichten,dut,1.0000,9789023463191,De Bezige Bij,2010,,,NOT_PROBED,,,,,NO,NO,155.0000,164.0000,REJECT,No cover candidate.,
NL,CONTEMPORARY,Stefan Hertmans,1,7,10,/works/OL45244619W,Een beeld van jou,Stefan Hertmans,1.0000,2016,/books/OL61683851M,Een beeld van jou,gedichten over de liefde,dut,1.0000,9789023497370,De Bezige Bij,2016,,,NOT_PROBED,,,,,NO,NO,155.0000,164.0000,REJECT,No cover candidate.,
NL,CONTEMPORARY,Stefan Hertmans,1,7,10,/works/OL974310W,Fuga's en pimpelmezen,Stefan Hertmans,1.0000,1995,/books/OL911647M,Fuga's en pimpelmezen,"over actualiteit, kunst en kritiek",dut,1.0000,9029045337,Meulenhoff,1995,,,NOT_PROBED,,,,,NO,NO,155.0000,164.0000,REJECT,No cover candidate.,
NL,CONTEMPORARY,Stefan Hertmans,1,7,10,/works/OL974312W,Goya als hond,Stefan Hertmans,1.0000,2000,/books/OL6838476M,Goya als hond,gedichten,dut,1.0000,9029065273,Meulenhoff,2000,,,NOT_PROBED,,,,,NO,NO,155.0000,164.0000,REJECT,No cover candidate.,
NL,CONTEMPORARY,Stefan Hertmans,1,7,10,/works/OL33355296W,Grenzen aan de ethiek?,Stefan Hertmans,1.0000,2009,/books/OL45259678M,Grenzen aan de ethiek?,studium generale 2008-2009,dut | eng,1.0000,9789038214870,Academia Press,2009,,,NOT_PROBED,,,,,NO,NO,155.0000,164.0000,REJECT,No cover candidate.,
NL,CONTEMPORARY,Stefan Hertmans,1,7,10,/works/OL23958988W,Harder dan sneeuw,Stefan Hertmans,1.0000,2004,/books/OL31660411M,Harder dan sneeuw,roman,dut,1.0000,9029075473,J.M. Meulenhoff,2004,,,NOT_PROBED,,,,,NO,NO,155.0000,164.0000,REJECT,No cover candidate.,
NL,CONTEMPORARY,Stefan Hertmans,1,7,10,/works/OL39022962W,"Heaven of delight, Jan Fabre",Stefan Hertmans,1.0000,2002,/books/OL53130482M,"Heaven of delight, Jan Fabre",Koninklijk paleis Brussel = Palais Royal Bruxelles,dut,1.0000,9061535212,Mercatorfonds,2002,,,NOT_PROBED,,,,,NO,NO,155.0000,164.0000,REJECT,No cover candidate.,
NL,CONTEMPORARY,Stefan Hertmans,1,7,10,/works/OL974314W,Het narrenschip,Stefan Hertmans,1.0000,1990,/books/OL1521220M,Het narrenschip,,dut,1.0000,9070968517,Poëziecentrum,1990,,,NOT_PROBED,,,,,NO,NO,155.0000,164.0000,REJECT,No cover candidate.,
NL,CONTEMPORARY,Stefan Hertmans,1,7,10,/works/OL23852910W,Het putje van Milete,Stefan Hertmans,1.0000,2002,/books/OL31572491M,Het putje van Milete,essays,dut,1.0000,9029071346,Meulenhoff,2002,,,NOT_PROBED,,,,,NO,NO,155.0000,164.0000,REJECT,No cover candidate.,
NL,CONTEMPORARY,Stefan Hertmans,1,7,10,/works/OL974315W,Het verborgen weefsel,Stefan Hertmans,1.0000,2008,/books/OL23171817M,Het verborgen weefsel,roman,dut,1.0000,9789023427803,De Bezige Bij,2008,,,NOT_PROBED,,,,,NO,NO,155.0000,164.0000,REJECT,No cover candidate.,
NL,CONTEMPORARY,Stefan Hertmans,1,7,10,/works/OL974316W,Het zwijgen van de tragedie,Stefan Hertmans,1.0000,2007,/books/OL16979660M,Het zwijgen van de tragedie,essays,dut,1.0000,9789023425335,De Bezige Bij,2007,,,NOT_PROBED,,,,,NO,NO,155.0000,164.0000,REJECT,No cover candidate.,
NL,CONTEMPORARY,Stefan Hertmans,1,7,10,/works/OL24007618W,Kaneelvingers,Stefan Hertmans,1.0000,2005,/books/OL31705990M,Kaneelvingers,gedichten,dut,1.0000,9023418050,De Bezige Bij,2005,,,NOT_PROBED,,,,,NO,NO,155.0000,164.0000,REJECT,No cover candidate.,
NL,CONTEMPORARY,Stefan Hertmans,1,7,10,/works/OL44911751W,Koor,Peter Verhelst | Stefan Hertmans,1.0000,2017,/books/OL61291092M,Koor,een keuze uit de poëzie (1987-2017),dut,1.0000,9789023454670,De Bezige Bij,2017,,,NOT_PROBED,,,,,NO,NO,155.0000,164.0000,REJECT,No cover candidate.,
NL,CONTEMPORARY,Stefan Hertmans,1,7,10,/works/OL974325W,Kopnaad,Stefan Hertmans,1.0000,1992,/books/OL1311890M,Kopnaad,een tekst voor vier stemmen,dut,1.0000,9029025921,Meulenhoff,1992,,,NOT_PROBED,,,,,NO,NO,155.0000,164.0000,REJECT,No cover candidate.,
NL,CONTEMPORARY,Stefan Hertmans,1,7,10,/works/OL23768357W,Mind the gap,Stefan Hertmans,1.0000,2000,/books/OL31505190M,Mind the gap,,dut,1.0000,9029068396,Meulenhoff,2000,,,NOT_PROBED,,,,,NO,NO,155.0000,164.0000,REJECT,No cover candidate.,
NL,CONTEMPORARY,Stefan Hertmans,1,7,10,/works/OL974319W,Muziek voor de overtocht,Stefan Hertmans,1.0000,1994,/books/OL828964M,Muziek voor de overtocht,gedichten,dut,1.0000,9029048743,Meulenhoff,1994,,,NOT_PROBED,,,,,NO,NO,155.0000,164.0000,REJECT,No cover candidate.,
NL,CONTEMPORARY,Stefan Hertmans,1,7,10,/works/OL974320W,Naar Merelbeke,Stefan Hertmans,1.0000,1994,/books/OL1210858M,Naar Merelbeke,roman,dut,1.0000,9029049286,Meulenhoff,1994,,,NOT_PROBED,,,,,NO,NO,155.0000,164.0000,REJECT,No cover candidate.,
NL,CONTEMPORARY,Stefan Hertmans,1,7,10,/works/OL45951159W,Onder een koperen hemel,Stefan Hertmans,1.0000,2018,/books/OL62513464M,Onder een koperen hemel,gedichten,dut,1.0000,9789403123103,De Bezige Bij,2018,,,NOT_PROBED,,,,,NO,NO,155.0000,164.0000,REJECT,No cover candidate.,
NL,CONTEMPORARY,Stefan Hertmans,1,7,10,/works/OL23296728W,Oorlog en terpentijn,Stefan Hertmans,1.0000,2013,/books/OL31142918M,Oorlog en terpentijn,roman,dut,1.0000,9789023476719,De Bezige Bij,2013,,,NOT_PROBED,,,,,NO,NO,155.0000,164.0000,REJECT,No cover candidate.,
NL,CONTEMPORARY,Stefan Hertmans,1,7,10,/works/OL974326W,Steden,Stefan Hertmans,1.0000,1998,/books/OL473142M,Steden,verhalen onderweg,dut,1.0000,9029056711,Meulenhoff,1998,,,NOT_PROBED,,,,,NO,NO,155.0000,164.0000,REJECT,No cover candidate.,
NL,CONTEMPORARY,Stefan Hertmans,1,7,10,/works/OL38878723W,Verwesingen,Stefan Hertmans,1.0000,1991,/books/OL52937775M,Verwesingen,Gedichten,dut,1.0000,9789029029056,Meulenhoff,1991,,,NOT_PROBED,,,,,NO,NO,155.0000,164.0000,REJECT,No cover candidate.,
NL,CONTEMPORARY,Stefan Hertmans,1,7,10,/works/OL974324W,Vuurwerk zei ze,Stefan Hertmans,1.0000,2003,/books/OL3349679M,Vuurwerk zei ze,gedichten,dut,1.0000,9029074574,Meulenhoff,2003,,,NOT_PROBED,,,,,NO,NO,155.0000,164.0000,REJECT,No cover candidate.,
NL,CONTEMPORARY,Stefan Hertmans,1,7,10,/works/OL23869495W,Waarover men niet spreken kan,Stefan Hertmans,1.0000,2002,/books/OL45359510M,Waarover men niet spreken kan,elementen voor een agogiek van de kunst,dut,1.0000,9789038216263,Academia Press,2010,,,NOT_PROBED,,,,,NO,NO,155.0000,164.0000,REJECT,No cover candidate.,
NL,CONTEMPORARY,Thomas Rosenboom,1,7,10,/works/OL23837081W,Aanvallend spel,Thomas Rosenboom,1.0000,2002,/books/OL31559493M,Aanvallend spel,vier lezingen over schrijven,dut,1.0000,902147980X,Querido,2002,,,NOT_PROBED,,,,,NO,NO,155.0000,164.0000,REJECT,No cover candidate.,
NL,CONTEMPORARY,Thomas Rosenboom,1,7,10,/works/OL23129261W,De rode loper,Thomas Rosenboom,1.0000,2012,/books/OL30969746M,De rode loper,roman,dut,1.0000,9789021445922,Em. Querido's Uitgeverij,2012,,,NOT_PROBED,,,,,NO,NO,155.0000,164.0000,REJECT,No cover candidate.,
NL,CONTEMPORARY,Thomas Rosenboom,1,7,10,/works/OL3642606W,Het Journaal van Bontekoe (Salamander Klassick),Thomas Rosenboom,1.0000,2001,/books/OL12800796M,Het Journaal van Bontekoe (Salamander Klassick),,dut,1.0000,9025303161,Athenaeum,2001,,,NOT_PROBED,,,,,NO,NO,155.0000,164.0000,REJECT,No cover candidate.,
NL,CONTEMPORARY,Thomas Rosenboom,1,7,10,/works/OL3642607W,Hoog aan de wind,Thomas Rosenboom,1.0000,2006,/books/OL16240209M,Hoog aan de wind,,dut,1.0000,9021476398,Querido,2006,,,NOT_PROBED,,,,,NO,NO,155.0000,164.0000,REJECT,No cover candidate.,
NL,CONTEMPORARY,Thomas Rosenboom,1,7,10,/works/OL33292809W,Zoete mond,Thomas Rosenboom,1.0000,2009,/books/OL45190007M,Zoete mond,,dut,1.0000,9789021437163,Querido,2009,,,NOT_PROBED,,,,,NO,NO,155.0000,164.0000,REJECT,No cover candidate.,
NL,CONTEMPORARY,Tom Lanoye,1,9,13,/works/OL2079545W,Alles moet weg,Tom Lanoye,1.0000,1988,/books/OL52839402M,Alles moet weg,,dut,1.0000,9789035109940,B. Bakker,1990,,,NOT_PROBED,,,,,NO,NO,155.0000,164.0000,REJECT,No cover candidate.,
NL,CONTEMPORARY,Tom Lanoye,1,9,13,/works/OL32163553W,Bloed & rozen,Tom Lanoye,1.0000,2011,/books/OL43901814M,Bloed & rozen,het lied van Jeanne en Gilles,dut,1.0000,9789076734309,Het Toneelhuis,2011,,,NOT_PROBED,,,,,NO,NO,155.0000,164.0000,REJECT,No cover candidate.,
NL,CONTEMPORARY,Tom Lanoye,1,9,13,/works/OL43445080W,"De felomstreden kroon en deerniswekkende dood van koning Edward II & zijn favoriet, jonkheer Gaveston, onder wiens betovering hij zich afkeerde van zijn koningin en kroonprins, tot steeds grotere woede van de verzamelde adel en het voor de rest onwetende gewone volk",Tom Lanoye,1.0000,2017,/books/OL59204859M,"De felomstreden kroon en deerniswekkende dood van koning Edward II & zijn favoriet, jonkheer Gaveston, onder wiens betovering hij zich afkeerde van zijn koningin en kroonprins, tot steeds grotere woede van de verzamelde adel en het voor de rest onwetende gewone volk",,dut,1.0000,9789044635522,Prometheus,2017,,,NOT_PROBED,,,,,NO,NO,155.0000,164.0000,REJECT,No cover candidate.,
NL,CONTEMPORARY,Tom Lanoye,1,9,13,/works/OL24013527W,De meeste gedichten,Tom Lanoye,1.0000,2005,/books/OL31711635M,De meeste gedichten,,dut,1.0000,9044606581,Prometheus,2005,,,NOT_PROBED,,,,,NO,NO,155.0000,164.0000,REJECT,No cover candidate.,
NL,CONTEMPORARY,Tom Lanoye,1,9,13,/works/OL23217314W,De Russen!,Tom Lanoye,1.0000,2011,/books/OL31052316M,De Russen!,,dut,1.0000,9789044618051,Prometheus,2011,,,NOT_PROBED,,,,,NO,NO,155.0000,164.0000,REJECT,No cover candidate.,
NL,CONTEMPORARY,Tom Lanoye,1,9,13,/works/OL2079547W,De schoonheid van een total loss,Tom Lanoye,1.0000,1993,/books/OL1045725M,De schoonheid van een total loss,"Blankenberge, Bij Jules en Alice, Celibaat",dut,1.0000,9053331964,Prometheus,1993,,,NOT_PROBED,,,,,NO,NO,155.0000,164.0000,REJECT,No cover candidate.,
NL,CONTEMPORARY,Tom Lanoye,1,9,13,/works/OL42349004W,Diplodocus Deks,Tom Lanoye,1.0000,2004,/books/OL57451747M,Diplodocus Deks,triomf der archelogie ; & De Jossen : val en revival der saamhorigheid,dut,1.0000,9789044604436,Prometheus,2004,,,NOT_PROBED,,,,,NO,NO,155.0000,164.0000,REJECT,No cover candidate.,
NL,CONTEMPORARY,Tom Lanoye,1,9,13,/works/OL24006277W,Fort Europa,Tom Lanoye,1.0000,2005,/books/OL31704754M,Fort Europa,hooglied van versplintering,dut,1.0000,9044607405,Prometheus,2005,,,NOT_PROBED,,,,,NO,NO,155.0000,164.0000,REJECT,No cover candidate.,
NL,CONTEMPORARY,Tom Lanoye,1,9,13,/works/OL44877971W,GAZ,Tom Lanoye,1.0000,2015,/books/OL61251737M,GAZ,novelle,dut,1.0000,9789044629163,Prometheus,2015,,,NOT_PROBED,,,,,NO,NO,155.0000,164.0000,REJECT,No cover candidate.,
NL,CONTEMPORARY,Tom Lanoye,1,9,13,/works/OL23127203W,Gelukkige slaven,Tom Lanoye,1.0000,2013,/books/OL30967959M,Gelukkige slaven,roman,dut,1.0000,9789044622201,Prometheus,2013,,,NOT_PROBED,,,,,NO,NO,155.0000,164.0000,REJECT,No cover candidate.,
NL,CONTEMPORARY,Tom Lanoye,1,9,13,/works/OL41822009W,Hamlet versus Hamlet,Tom Lanoye,1.0000,2014,/books/OL56789686M,Hamlet versus Hamlet,naar Shakespeare,dut,1.0000,9789044624786,Prometheus,2014,,,NOT_PROBED,,,,,NO,NO,155.0000,164.0000,REJECT,No cover candidate.,
NL,CONTEMPORARY,Tom Lanoye,1,9,13,/works/OL2079549W,Hanestaart,Tom Lanoye,1.0000,1990,/books/OL1930432M,Hanestaart,,dut,1.0000,9035109228,Bakker,1990,,,NOT_PROBED,,,,,NO,NO,155.0000,164.0000,REJECT,No cover candidate.,
NL,CONTEMPORARY,Tom Lanoye,1,9,13,/works/OL22930840W,Heldere hemel,Tom Lanoye,1.0000,2012,/books/OL43922039M,Heldere hemel,novelle,dut,1.0000,9789059651494,Stichting Collectieve Propaganda van het Nederlandse Boek,2012,,,NOT_PROBED,,,,,NO,NO,155.0000,164.0000,REJECT,No cover candidate.,
NL,CONTEMPORARY,Tom Lanoye,1,9,13,/works/OL34744192W,Het circus van de slechte smaak,Tom Lanoye,1.0000,1986,/books/OL47093144M,Het circus van de slechte smaak,,dut,1.0000,9789070924133,Dedalus,"Mar 15, 1986",,,NOT_PROBED,,,,,NO,NO,155.0000,164.0000,REJECT,No cover candidate.,
NL,CONTEMPORARY,Tom Lanoye,1,9,13,/works/OL2079550W,Het derde huwelijk,Tom Lanoye,1.0000,2006,/books/OL16321913M,Het derde huwelijk,roman,dut,1.0000,9044608134,Prometheus,2006,,,NOT_PROBED,,,,,NO,NO,155.0000,164.0000,REJECT,No cover candidate.,
NL,CONTEMPORARY,Tom Lanoye,1,9,13,/works/OL2079561W,Het goddelijke monster,Tom Lanoye,1.0000,1997,/books/OL22947120M,Het goddelijke monster,,dut,1.0000,9053335714,Prometheus,1998,,,NOT_PROBED,,,,,NO,NO,155.0000,164.0000,REJECT,No cover candidate.,
NL,CONTEMPORARY,Tom Lanoye,1,9,13,/works/OL23956621W,Het vroegste vitriool,Tom Lanoye,1.0000,2004,/books/OL31658101M,Het vroegste vitriool,1983-1993,dut,1.0000,9044605577,Prometheus,2004,,,NOT_PROBED,,,,,NO,NO,155.0000,164.0000,REJECT,No cover candidate.,
NL,CONTEMPORARY,Tom Lanoye,1,9,13,/works/OL2079551W,In de piste,Tom Lanoye,1.0000,1984,/books/OL2945447M,In de piste,gedichten,dut,1.0000,9035101057,B. Bakker,1984,,,NOT_PROBED,,,,,NO,NO,155.0000,164.0000,REJECT,No cover candidate.,
NL,CONTEMPORARY,Tom Lanoye,1,9,13,/works/OL2079552W,Kartonnen dozen,Tom Lanoye,1.0000,1991,/books/OL1302855M,Kartonnen dozen,,dut,1.0000,9053330224,Prometheus,1991,,,NOT_PROBED,,,,,NO,NO,155.0000,164.0000,REJECT,No cover candidate.,
NL,CONTEMPORARY,Tom Lanoye,1,9,13,/works/OL2079553W,Mefisto for ever,Tom Lanoye,1.0000,2006,/books/OL16358684M,Mefisto for ever,vrij naar Klaus Mann,dut,1.0000,9044608959,Prometheus,2006,,,NOT_PROBED,,,,,NO,NO,155.0000,164.0000,REJECT,No cover candidate.,
NL,CONTEMPORARY,Tom Lanoye,1,9,13,/works/OL23978623W,Overkant,Tom Lanoye,1.0000,2004,/books/OL31680279M,Overkant,moderne verzen uit de Groote Oorlog,dut,1.0000,904460550X,Prometheus,2004,,,NOT_PROBED,,,,,NO,NO,155.0000,164.0000,REJECT,No cover candidate.,
NL,CONTEMPORARY,Tom Lanoye,1,9,13,/works/OL45258418W,Revue Lanoye,Tom Lanoye,1.0000,2016,/books/OL61701123M,Revue Lanoye,filippica (polemische replieken),dut,1.0000,9789044629095,Prometheus,2016,,,NOT_PROBED,,,,,NO,NO,155.0000,164.0000,REJECT,No cover candidate.,
NL,CONTEMPORARY,Tom Lanoye,1,9,13,/works/OL2079555W,Rozegeur en maneschijn,Tom Lanoye,1.0000,1983,/books/OL2911224M,Rozegeur en maneschijn,helse kritieken,dut,1.0000,9063031084,Kritak,1983,,,NOT_PROBED,,,,,NO,NO,155.0000,164.0000,REJECT,No cover candidate.,
NL,CONTEMPORARY,Tom Lanoye,1,9,13,/works/OL37225917W,Schermutseling,Tom Lanoye,1.0000,2007,/books/OL50187013M,Schermutseling,,dut,1.0000,9789044610420,Prometheus,2007,,,NOT_PROBED,,,,,NO,NO,155.0000,164.0000,REJECT,No cover candidate.,
NL,CONTEMPORARY,Tom Lanoye,1,9,13,/works/OL18707642W,Sprakeloos,Tom Lanoye,1.0000,2009,/books/OL24049092M,Sprakeloos,,dut,1.0000,9789044615494,Prometheus,2009,,,NOT_PROBED,,,,,NO,NO,155.0000,164.0000,REJECT,No cover candidate.,
NL,CONTEMPORARY,Tom Lanoye,1,9,13,/works/OL24015962W,Stadsgedichten,Tom Lanoye,1.0000,2005,/books/OL31713947M,Stadsgedichten,,dut,1.0000,9022318680,Manteau,2005,,,NOT_PROBED,,,,,NO,NO,155.0000,164.0000,REJECT,No cover candidate.,
NL,CONTEMPORARY,Tom Lanoye,1,9,13,/works/OL2079557W,Tekst en uitleg,Tom Lanoye,1.0000,2001,/books/OL23071846M,Tekst en uitleg,columns ; Woorden met vieugels : toespraken,dut,1.0000,9044600346,Prometheus,2001,,,NOT_PROBED,,,,,NO,NO,155.0000,164.0000,REJECT,No cover candidate.,
NL,CONTEMPORARY,Tom Lanoye,1,9,13,/works/OL45411321W,Ten oorlog,Tom Lanoye,1.0000,1998,/books/OL61880128M,Ten oorlog,Lanoye & Perceval naar The wars of the roses van Shakespeare,dut,1.0000,9053336222,Prometheus,1998,,,NOT_PROBED,,,,,NO,NO,155.0000,164.0000,REJECT,No cover candidate.,
NL,CONTEMPORARY,Tom Lanoye,1,9,13,/works/OL23961676W,Vitriool voor gevorderden,Tom Lanoye,1.0000,2004,/books/OL31662836M,Vitriool voor gevorderden,1994-2003,dut,1.0000,9044605585,Prometheus,2004,,,NOT_PROBED,,,,,NO,NO,155.0000,164.0000,REJECT,No cover candidate.,
NL,CONTEMPORARY,Tom Lanoye,1,9,13,/works/OL32376034W,Vrij - wij?,Tom Lanoye,1.0000,2019,/books/OL44131649M,Vrij - wij?,nieuwe gedichten,dut,1.0000,9789059654723,Stichting CPNB,2019,,,NOT_PROBED,,,,,NO,NO,155.0000,164.0000,REJECT,No cover candidate.,
NL,CONTEMPORARY,Tom Lanoye,1,9,13,/works/OL2079558W,Vroeger was ik beter,Tom Lanoye,1.0000,1989,/books/OL1782990M,Vroeger was ik beter,,dut,1.0000,9035107268,B. Bakker,1989,,,NOT_PROBED,,,,,NO,NO,155.0000,164.0000,REJECT,No cover candidate.,
NL,CONTEMPORARY,Tom Lanoye,1,9,13,/works/OL2079559W,Zwarte tranen,Tom Lanoye,1.0000,1999,/books/OL6826438M,Zwarte tranen,,dut,1.0000,9053336834,Prometheus,1999,,,NOT_PROBED,,,,,NO,NO,155.0000,164.0000,REJECT,No cover candidate.,
NL,CONTEMPORARY,Tommy Wieringa,1,8,12,/works/OL1651189W,Alles over Tristan,Tommy Wieringa,1.0000,2002,/books/OL3759834M,Alles over Tristan,,dut,1.0000,9023400275,De Bezige Bij,2002,,,NOT_PROBED,,,,,NO,NO,155.0000,164.0000,REJECT,No cover candidate.,
NL,CONTEMPORARY,Tommy Wieringa,1,8,12,/works/OL44778551W,De dood van Murat Idrissi,Tommy Wieringa,1.0000,2017,/books/OL61136657M,De dood van Murat Idrissi,,dut,1.0000,9789048836864,Hollands Diep,2017,,,NOT_PROBED,,,,,NO,NO,155.0000,164.0000,REJECT,No cover candidate.,
NL,CONTEMPORARY,Tommy Wieringa,1,8,12,/works/OL35572198W,De dynamica van begeerte,Tommy Wieringa,1.0000,2007,/books/OL48007999M,De dynamica van begeerte,,dut,1.0000,9789023425977,De Bezige Bij,2007,,,NOT_PROBED,,,,,NO,NO,155.0000,164.0000,REJECT,No cover candidate.,
NL,CONTEMPORARY,Tommy Wieringa,1,8,12,/works/OL19740455W,De heilige Rita,Tommy Wieringa,1.0000,2017,/books/OL26953529M,De heilige Rita,roman,dut,1.0000,9789023458753,De Bezige Bij,2017,,,NOT_PROBED,,,,,NO,NO,155.0000,164.0000,REJECT,No cover candidate.,
NL,CONTEMPORARY,Tommy Wieringa,1,8,12,/works/OL33408788W,Ga niet naar zee,Tommy Wieringa,1.0000,2010,/books/OL45318166M,Ga niet naar zee,,dut,1.0000,9789023458029,De Bezige Bij,2010,,,NOT_PROBED,,,,,NO,NO,155.0000,164.0000,REJECT,No cover candidate.,
NL,CONTEMPORARY,Tommy Wieringa,1,8,12,/works/OL45649386W,Honorair Kozak,Tommy Wieringa | De Bezige Bij,1.0000,2015,/books/OL62158759M,Honorair Kozak,,dut,1.0000,9789023486251,De Bezige Bij,2015,,,NOT_PROBED,,,,,NO,NO,155.0000,164.0000,REJECT,No cover candidate.,
NL,CONTEMPORARY,Tommy Wieringa,1,8,12,/works/OL1651192W,Ik was nooit in Isfahaan,Tommy Wieringa,1.0000,2006,/books/OL23119396M,Ik was nooit in Isfahaan,reisverhalen,dut,1.0000,9789023418689,De Bezige Bij,2006,,,NOT_PROBED,,,,,NO,NO,155.0000,164.0000,REJECT,No cover candidate.,
NL,CONTEMPORARY,Tommy Wieringa,1,8,12,/works/OL18704857W,Met liefde behandelen,Tommy Wieringa,1.0000,2008,/books/OL16950834M,Met liefde behandelen,hommage aan Boeli van Leeuwen,dut,1.0000,9789062655960,In de Knipscheer,2008,,,NOT_PROBED,,,,,NO,NO,155.0000,164.0000,REJECT,No cover candidate.,
NL,CONTEMPORARY,Tommy Wieringa,1,8,12,/works/OL43968256W,The fish pond song,Tommy Wieringa | Jeroen Kooijmans,1.0000,2016,/books/OL59966594M,The fish pond song,,eng | dut,1.0000,9789023496564,De Bezige Bij,2016,,,NOT_PROBED,,,,,NO,NO,155.0000,164.0000,REJECT,No cover candidate.,
NL,CONTEMPORARY,Tommy Wieringa,1,8,12,/works/OL42948546W,Totdat het voorbij is,Tommy Wieringa,1.0000,2019,/books/OL58516771M,Totdat het voorbij is,,dut,1.0000,9789403132907,De Bezige Bij,2019,,,NOT_PROBED,,,,,NO,NO,155.0000,164.0000,REJECT,No cover candidate.,
NL,CONTEMPORARY,Tommy Wieringa,1,8,12,/works/OL43816893W,Vrouwen van de wereld,Tommy Wieringa,1.0000,2016,/books/OL59731499M,Vrouwen van de wereld,,dut,1.0000,9789023448365,De Bezige Bij,2016,,,NOT_PROBED,,,,,NO,NO,155.0000,164.0000,REJECT,No cover candidate.,
NL,CONTEMPORARY,Gerbrand Bakker,1,6,9,/works/OL19740470W,Rotgrond bestaat niet,Gerbrand Bakker,1.0000,2018,/books/OL26953544M,Rotgrond bestaat niet,over cultuurlandschap en natuur,dut,1.0000,9789059367999,,2018,,,NOT_PROBED,,,,,NO,NO,150.0000,155.0000,REJECT,No cover candidate.,
NL,CONTEMPORARY,Arnon Grunberg,1,10,15,/works/OL43868344W,De Jood van Borculo,Arnon Grunberg | Ted Struwer,1.0000,2020,/books/OL59807140M,De Jood van Borculo,,dut,1.0000,,Stichting Hof van Jan,2020,,,NOT_PROBED,,,,,NO,NO,149.0000,153.0000,REJECT,No cover candidate.,
NL,CONTEMPORARY,Arnon Grunberg,1,10,15,/works/OL37238616W,Willem Frederik Hermans,Fokas Holthuis | Arnon Grunberg,1.0000,2008,/books/OL50200612M,Willem Frederik Hermans,de fantastische collectie van Arie Oexman,dut,1.0000,,Antiquariaat Fokas Holthuis,2008,,,NOT_PROBED,,,,,NO,NO,149.0000,153.0000,REJECT,No cover candidate.,
NL,CONTEMPORARY,Gerbrand Bakker,1,6,9,/works/OL41939243W,"Natuur-en geschiedkundig Onderzoek, aangaande den oorspronkelijken Stam van het menschelijk Geslacht",Gerbrand Bakker,1.0000,1810,/books/OL56947599M,"Natuur-en geschiedkundig Onderzoek, aangaande den oorspronkelijken Stam van het menschelijk Geslacht",,dut,1.0000,,François Bohn,1810,,,NOT_PROBED,,,,,NO,NO,149.0000,153.0000,REJECT,No cover candidate.,
NL,CONTEMPORARY,Annelies Verbeke,2,6,9,/works/OL23244072W,Veronderstellingen,Annelies Verbeke,1.0000,2012,/books/OL31080798M,Veronderstellingen,,dut,1.0000,9789044523744,De Geus,2012,,14006300,VALID_COVER,311,500,JPEG,data/cache/nl-mass-editorial-engine/covers/NL-OL31080798M.jpeg,NO,NO,147.0000,181.0000,AUTO_ACCEPT,Strong author/title/language match and validated physical cover.,
NL,CONTEMPORARY,Esther Gerritsen,2,6,9,/works/OL23424339W,Dorst,Esther Gerritsen,1.0000,2012,/books/OL31281646M,Dorst,,dut,1.0000,9789044525182,De Geus,2012,,12925137,VALID_COVER,289,500,JPEG,data/cache/nl-mass-editorial-engine/covers/NL-OL31281646M.jpeg,NO,NO,147.0000,181.0000,AUTO_ACCEPT,Strong author/title/language match and validated physical cover.,
NL,CONTEMPORARY,Esther Gerritsen,2,6,9,/works/OL37982932W,Gebied 19,Esther Gerritsen,1.0000,2023,/books/OL51439181M,Gebied 19,,dut,1.0000,9789044547917,de Geus,2023,,14598197,VALID_COVER,312,500,JPEG,data/cache/nl-mass-editorial-engine/covers/NL-OL51439181M.jpeg,NO,NO,147.0000,181.0000,AUTO_ACCEPT,Strong author/title/language match and validated physical cover.,
NL,CONTEMPORARY,Esther Gerritsen,2,6,9,/works/OL27975419W,Jij hebt iets leuks over je,Esther Gerritsen,1.0000,2011,/books/OL38246503M,Jij hebt iets leuks over je,,dut,1.0000,9789044518788,De Geus,2011,,12792753,VALID_COVER,288,500,JPEG,data/cache/nl-mass-editorial-engine/covers/NL-OL38246503M.jpeg,NO,NO,147.0000,181.0000,AUTO_ACCEPT,Strong author/title/language match and validated physical cover.,
NL,CONTEMPORARY,Esther Gerritsen,2,6,9,/works/OL24712513W,Toneel,Esther Gerritsen,1.0000,2004,/books/OL32804131M,Toneel,1999-2003,dut,1.0000,9789044504231,De Geus,2004,,11436322,VALID_COVER,304,500,JPEG,data/cache/nl-mass-editorial-engine/covers/NL-OL32804131M.jpeg,NO,NO,147.0000,181.0000,AUTO_ACCEPT,Strong author/title/language match and validated physical cover.,
NL,CONTEMPORARY,Griet Op de Beeck,2,6,9,/works/OL24440493W,Het beste wat we hebben,Griet Op de Beeck,1.0000,2017,/books/OL32371211M,Het beste wat we hebben,,dut,1.0000,9789044629378,Prometheus,"Sep 22, 2017",,11025814,VALID_COVER,322,500,JPEG,data/cache/nl-mass-editorial-engine/covers/NL-OL32371211M.jpeg,NO,NO,147.0000,181.0000,AUTO_ACCEPT,Strong author/title/language match and validated physical cover.,
NL,CONTEMPORARY,Griet Op de Beeck,2,6,9,/works/OL24318637W,Kom hier dat ik u kus,Griet Op de Beeck,1.0000,2014,/books/OL32180693M,Kom hier dat ik u kus,,dut,1.0000,9789044623109,Prometheus,"Sep 26, 2014",,10836746,VALID_COVER,312,500,JPEG,data/cache/nl-mass-editorial-engine/covers/NL-OL32180693M.jpeg,NO,NO,147.0000,181.0000,AUTO_ACCEPT,Strong author/title/language match and validated physical cover.,
NL,CONTEMPORARY,Lize Spit,2,5,8,/works/OL34323377W,Het smelt,Lize Spit,1.0000,2015,/books/OL46543686M,Het smelt,,dut,1.0000,9789082410617,Das Mag Uitgeverij B.V.,"Nov 20, 2015",,13303384,VALID_COVER,312,500,JPEG,data/cache/nl-mass-editorial-engine/covers/NL-OL46543686M.jpeg,NO,NO,147.0000,181.0000,AUTO_ACCEPT,Strong author/title/language match and validated physical cover.,
NL,CONTEMPORARY,Lize Spit,2,5,8,/works/OL24326452W,Ik ben er niet,Lize Spit,1.0000,2020,/books/OL32195464M,Ik ben er niet,,dut,1.0000,9789493168718,Das Mag Uitgeverij B.V.,"Dec 10, 2020",,10846568,VALID_COVER,313,500,JPEG,data/cache/nl-mass-editorial-engine/covers/NL-OL32195464M.jpeg,NO,NO,147.0000,181.0000,AUTO_ACCEPT,Strong author/title/language match and validated physical cover.,
NL,CONTEMPORARY,Manon Uphoff,2,6,9,/works/OL23920980W,De bastaard,Manon Uphoff,1.0000,2004,/books/OL31626978M,De bastaard,novelle,dut,1.0000,9057593947,Podium,2004,,12172626,VALID_COVER,321,500,JPEG,data/cache/nl-mass-editorial-engine/covers/NL-OL31626978M.jpeg,NO,NO,147.0000,181.0000,AUTO_ACCEPT,Strong author/title/language match and validated physical cover.,
NL,CONTEMPORARY,Manon Uphoff,2,6,9,/works/OL23217759W,De ochtend valt,Manon Uphoff,1.0000,2012,/books/OL31052779M,De ochtend valt,novelle,dut,1.0000,9789023463115,De Bezige Bij,2012,,12624638,VALID_COVER,300,500,JPEG,data/cache/nl-mass-editorial-engine/covers/NL-OL31052779M.jpeg,NO,NO,147.0000,181.0000,AUTO_ACCEPT,Strong author/title/language match and validated physical cover.,
NL,CONTEMPORARY,Manon Uphoff,2,6,9,/works/OL26413031W,De zoetheid van geweld,Manon Uphoff,1.0000,2013,/books/OL35658102M,De zoetheid van geweld,,dut,1.0000,9789023473688,De Bezige Bij,2013,,12364728,VALID_COVER,291,500,JPEG,data/cache/nl-mass-editorial-engine/covers/NL-OL35658102M.jpeg,NO,NO,147.0000,181.0000,AUTO_ACCEPT,Strong author/title/language match and validated physical cover.,
NL,CONTEMPORARY,Manon Uphoff,2,6,9,/works/OL24013668W,Koudvuur,Manon Uphoff,1.0000,2005,/books/OL36695804M,Koudvuur,roman,dut,1.0000,9789023422167,De Bezige Bij,2006,,12583502,VALID_COVER,290,500,JPEG,data/cache/nl-mass-editorial-engine/covers/NL-OL36695804M.jpeg,NO,NO,147.0000,181.0000,AUTO_ACCEPT,Strong author/title/language match and validated physical cover.,
NL,CONTEMPORARY,Manon Uphoff,2,6,9,/works/OL24317781W,Vallen is als vliegen,Manon Uphoff,1.0000,2018,/books/OL32178843M,Vallen is als vliegen,,dut,1.0000,9789021408026,Querido,"Jan 30, 2018",,10835800,VALID_COVER,314,500,JPEG,data/cache/nl-mass-editorial-engine/covers/NL-OL32178843M.jpeg,NO,NO,147.0000,181.0000,AUTO_ACCEPT,Strong author/title/language match and validated physical cover.,
NL,CONTEMPORARY,Marente de Moor,2,6,9,/works/OL22368164W,De Nederlandse maagd,Marente de Moor,1.0000,2010,/books/OL32092459M,De Nederlandse maagd,,dut,1.0000,9789021440293,Querido,2011,,10747427,VALID_COVER,303,500,JPEG,data/cache/nl-mass-editorial-engine/covers/NL-OL32092459M.jpeg,NO,NO,147.0000,181.0000,AUTO_ACCEPT,Strong author/title/language match and validated physical cover.,
NL,CONTEMPORARY,Marente de Moor,2,6,9,/works/OL941330W,De overtreder,Marente de Moor,1.0000,2007,/books/OL16825588M,De overtreder,roman,dut,1.0000,9789021433530,Querido,2007,,11617239,VALID_COVER,288,500,JPEG,data/cache/nl-mass-editorial-engine/covers/NL-OL16825588M.jpeg,NO,NO,147.0000,181.0000,AUTO_ACCEPT,Strong author/title/language match and validated physical cover.,
NL,CONTEMPORARY,Marente de Moor,2,6,9,/works/OL941331W,Petersburgse vertellingen,Marente de Moor,1.0000,1999,/books/OL125074M,Petersburgse vertellingen,fragmenten van de Russische werkelijkheid,dut,1.0000,9025497624,Contact,1999,,6327877,VALID_COVER,344,500,JPEG,data/cache/nl-mass-editorial-engine/covers/NL-OL125074M.jpeg,NO,NO,147.0000,181.0000,AUTO_ACCEPT,Strong author/title/language match and validated physical cover.,
NL,CONTEMPORARY,Peter Terrin,2,6,9,/works/OL17362801W,Post Mortem,Peter Terrin,1.0000,2012,/books/OL31052273M,Post mortem,roman,dut,1.0000,9789029583442,De Arbeiderspers,2012,,13104772,VALID_COVER,307,500,JPEG,data/cache/nl-mass-editorial-engine/covers/NL-OL31052273M.jpeg,NO,NO,147.0000,181.0000,AUTO_ACCEPT,Strong author/title/language match and validated physical cover.,
NL,CONTEMPORARY,Saskia Noort,2,7,10,/works/OL26184134W,Aan de goede kant van 30,Saskia Noort,1.0000,2005,/books/OL35334036M,Aan de goede kant van 30,,dut,1.0000,9789041409843,Anthos,2005,,12154752,VALID_COVER,292,500,JPEG,data/cache/nl-mass-editorial-engine/covers/NL-OL35334036M.jpeg,NO,NO,147.0000,181.0000,AUTO_ACCEPT,Strong author/title/language match and validated physical cover.,
NL,CONTEMPORARY,Saskia Noort,2,7,10,/works/OL45586866W,Adem,Saskia Noort,1.0000,2025,/books/OL62083371M,Adem,thriller,dut,1.0000,9789044369267,The House of Books,24 September 2025,,15225998,VALID_COVER,320,500,JPEG,data/cache/nl-mass-editorial-engine/covers/NL-OL62083371M.jpeg,NO,NO,147.0000,181.0000,AUTO_ACCEPT,Strong author/title/language match and validated physical cover.,
NL,CONTEMPORARY,Saskia Noort,2,7,10,/works/OL17203627W,Afgunst,Saskia Noort,1.0000,2007,/books/OL25775413M,Afgunst,,dut,1.0000,9789059650497,Stichting Collectieve Propaganda van het Nederlandse Boek,2007,,7371263,VALID_COVER,331,500,JPEG,data/cache/nl-mass-editorial-engine/covers/NL-OL25775413M.jpeg,NO,NO,147.0000,181.0000,AUTO_ACCEPT,Strong author/title/language match and validated physical cover.,
NL,CONTEMPORARY,Saskia Noort,2,7,10,/works/OL20906472W,De eetclub,Saskia Noort,1.0000,2006,/books/OL32867868M,De eetclub,,dut,1.0000,9789041409218,Anthos,2007,,11500939,VALID_COVER,323,500,JPEG,data/cache/nl-mass-editorial-engine/covers/NL-OL32867868M.jpeg,NO,NO,147.0000,181.0000,AUTO_ACCEPT,Strong author/title/language match and validated physical cover.,
NL,CONTEMPORARY,Saskia Noort,2,7,10,/works/OL17366771W,De verbouwing,Saskia Noort,1.0000,2009,/books/OL25945566M,De verbouwing,,dut,1.0000,9789041409713,Anthos,[2009],,7444999,VALID_COVER,313,500,JPEG,data/cache/nl-mass-editorial-engine/covers/NL-OL25945566M.jpeg,NO,NO,147.0000,181.0000,AUTO_ACCEPT,Strong author/title/language match and validated physical cover.,
NL,CONTEMPORARY,Saskia Noort,2,7,10,/works/OL24173760W,Debet,Saskia Noort,1.0000,2014,/books/OL31911578M,Debet,,dut,1.0000,9789026328824,Ambo|Anthos,2014,,10591842,VALID_COVER,321,500,JPEG,data/cache/nl-mass-editorial-engine/covers/NL-OL31911578M.jpeg,NO,NO,147.0000,181.0000,AUTO_ACCEPT,Strong author/title/language match and validated physical cover.,
NL,CONTEMPORARY,Saskia Noort,2,7,10,/works/OL44255136W,Huidpijn,Saskia Noort,1.0000,2016,/books/OL60491860M,Huidpijn,,dut,1.0000,9789026331398,Ambo|Anthos,"July 5, 2016",,15133370,VALID_COVER,326,500,JPEG,data/cache/nl-mass-editorial-engine/covers/NL-OL60491860M.jpeg,NO,NO,147.0000,181.0000,AUTO_ACCEPT,Strong author/title/language match and validated physical cover.,
NL,CONTEMPORARY,Saskia Noort,2,7,10,/works/OL19964029W,Koorts,Saskia Noort,1.0000,2011,/books/OL27144248M,Koorts,,dut,1.0000,9789041417664,Anthos,11-11-2011,,14841240,VALID_COVER,316,500,JPEG,data/cache/nl-mass-editorial-engine/covers/NL-OL27144248M.jpeg,NO,NO,147.0000,181.0000,AUTO_ACCEPT,Strong author/title/language match and validated physical cover.,
NL,CONTEMPORARY,Saskia Noort,2,7,10,/works/OL8937618W,Nieuwe buren,Saskia Noort,1.0000,2006,/books/OL9099501M,Nieuwe buren,,dut,1.0000,9041409696,Anthos,2006,,7358749,VALID_COVER,315,500,JPEG,data/cache/nl-mass-editorial-engine/covers/NL-OL9099501M.jpeg,NO,NO,147.0000,181.0000,AUTO_ACCEPT,Strong author/title/language match and validated physical cover.,
NL,CONTEMPORARY,Saskia Noort,2,7,10,/works/OL24302287W,Terug naar de kust,Saskia Noort,1.0000,2004,/books/OL35638728M,Terug naar de kust,,dut,1.0000,9789041413475,Anthos,2008,,12345761,VALID_COVER,304,500,JPEG,data/cache/nl-mass-editorial-engine/covers/NL-OL35638728M.jpeg,NO,NO,147.0000,181.0000,AUTO_ACCEPT,Strong author/title/language match and validated physical cover.,
NL,CONTEMPORARY,Simone van der Vlugt,2,8,12,/works/OL16800672W,Aan niemand vertellen,Simone van der Vlugt,1.0000,2012,/books/OL25422848M,Aan niemand vertellen,,dut,1.0000,9789041423474,Anthos,2012,,7251150,VALID_COVER,250,395,JPEG,data/cache/nl-mass-editorial-engine/covers/NL-OL25422848M.jpeg,NO,NO,147.0000,181.0000,AUTO_ACCEPT,Strong author/title/language match and validated physical cover.,
NL,CONTEMPORARY,Simone van der Vlugt,2,8,12,/works/OL20936876W,De reünie,Simone van der Vlugt,1.0000,2004,/books/OL28366163M,De reünie,,dut,1.0000,9789041418531,Anthos,2011,,10305306,VALID_COVER,324,500,JPEG,data/cache/nl-mass-editorial-engine/covers/NL-OL28366163M.jpeg,NO,NO,147.0000,181.0000,AUTO_ACCEPT,Strong author/title/language match and validated physical cover.,
NL,CONTEMPORARY,Simone van der Vlugt,2,8,12,/works/OL24269313W,Herfstlied,Simone van der Vlugt,1.0000,2010,/books/OL32104800M,Herfstlied,,dut,1.0000,9789041415929,Anthos,2010,,10762042,VALID_COVER,321,500,JPEG,data/cache/nl-mass-editorial-engine/covers/NL-OL32104800M.jpeg,NO,NO,147.0000,181.0000,AUTO_ACCEPT,Strong author/title/language match and validated physical cover.,
NL,CONTEMPORARY,Simone van der Vlugt,2,8,12,/works/OL24442457W,Hester de witte heks,Simone van der Vlugt,1.0000,2001,/books/OL32373864M,Hester de witte heks,,dut,1.0000,9789027681805,Zwijsen,2001,,11030300,VALID_COVER,305,500,JPEG,data/cache/nl-mass-editorial-engine/covers/NL-OL32373864M.jpeg,NO,NO,147.0000,181.0000,AUTO_ACCEPT,Strong author/title/language match and validated physical cover.,
NL,CONTEMPORARY,Simone van der Vlugt,2,8,12,/works/OL24269387W,Het laatste offer,Simone van der Vlugt,1.0000,2008,/books/OL32104895M,Het laatste offer,,dut,1.0000,9789041412973,Anthos,2008,,10762169,VALID_COVER,307,500,JPEG,data/cache/nl-mass-editorial-engine/covers/NL-OL32104895M.jpeg,NO,NO,147.0000,181.0000,AUTO_ACCEPT,Strong author/title/language match and validated physical cover.,
NL,CONTEMPORARY,Simone van der Vlugt,2,8,12,/works/OL33327566W,"Jacoba, dochter van Holland",Simone van der Vlugt,1.0000,2009,/books/OL45229982M,"Jacoba, dochter van Holland",,dut,1.0000,9789041415318,Anthos,2009,,15142343,VALID_COVER,319,500,JPEG,data/cache/nl-mass-editorial-engine/covers/NL-OL45229982M.jpeg,NO,NO,147.0000,181.0000,AUTO_ACCEPT,Strong author/title/language match and validated physical cover.,
NL,CONTEMPORARY,Simone van der Vlugt,2,8,12,/works/OL15515870W,Jehanne,Simone van der Vlugt,1.0000,2001,/books/OL24475343M,Jehanne,,dut,1.0000,9056373439,Lemniscaat,2001,,13636949,VALID_COVER,336,500,JPEG,data/cache/nl-mass-editorial-engine/covers/NL-OL24475343M.jpeg,NO,NO,147.0000,181.0000,AUTO_ACCEPT,Strong author/title/language match and validated physical cover.,
NL,CONTEMPORARY,Simone van der Vlugt,2,8,12,/works/OL26171618W,Mijn zusje wordt vermist,Simone van der Vlugt,1.0000,1999,/books/OL35320619M,Mijn zusje wordt vermist,,dut,1.0000,9789027643193,Zwijsen,1999,,12131856,VALID_COVER,296,500,JPEG,data/cache/nl-mass-editorial-engine/covers/NL-OL35320619M.jpeg,NO,NO,147.0000,181.0000,AUTO_ACCEPT,Strong author/title/language match and validated physical cover.,
NL,CONTEMPORARY,Simone van der Vlugt,2,8,12,/works/OL24290121W,Op klaarlichte dag,Simone van der Vlugt,1.0000,2011,/books/OL32130973M,Op klaarlichte dag,,dut,1.0000,9789041418159,Anthos,2011,,10793435,VALID_COVER,313,500,JPEG,data/cache/nl-mass-editorial-engine/covers/NL-OL32130973M.jpeg,NO,NO,147.0000,181.0000,AUTO_ACCEPT,Strong author/title/language match and validated physical cover.,
NL,CONTEMPORARY,Simone van der Vlugt,2,8,12,/works/OL17352652W,Schaduwzuster,Simone van der Vlugt,1.0000,2011,/books/OL25930318M,Schaduwzuster,,dut,1.0000,9789041420343,Anthos,2011,,7430565,VALID_COVER,328,500,JPEG,data/cache/nl-mass-editorial-engine/covers/NL-OL25930318M.jpeg,NO,NO,147.0000,181.0000,AUTO_ACCEPT,Strong author/title/language match and validated physical cover.,
NL,CONTEMPORARY,Simone van der Vlugt,2,8,12,/works/OL27973892W,Vraag niet waarom,Simone van der Vlugt,1.0000,2014,/books/OL38244714M,Vraag niet waarom,,dut,1.0000,9789041425782,Ambo/Anthos,2014,,12789847,VALID_COVER,287,500,JPEG,data/cache/nl-mass-editorial-engine/covers/NL-OL38244714M.jpeg,NO,NO,147.0000,181.0000,AUTO_ACCEPT,Strong author/title/language match and validated physical cover.,
NL,CONTEMPORARY,Simone van der Vlugt,2,8,12,/works/OL20904452W,Wij zijn de Bickers,Simone van der Vlugt,1.0000,2019,/books/OL28315453M,Wij zijn de Bickers,,dut,1.0000,9789044637598,Prometheus,2019,,10244971,VALID_COVER,331,500,JPEG,data/cache/nl-mass-editorial-engine/covers/NL-OL28315453M.jpeg,NO,NO,147.0000,181.0000,AUTO_ACCEPT,Strong author/title/language match and validated physical cover.,
NL,CONTEMPORARY,Annelies Verbeke,2,6,9,/works/OL22947513W,Dertig dagen,Annelies Verbeke,1.0000,2015,/books/OL30854981M,Dertig dagen,,dut,1.0000,9789044533545,De Geus,2015,,,NOT_PROBED,,,,,NO,NO,135.0000,144.0000,REJECT,No cover candidate.,
NL,CONTEMPORARY,Annelies Verbeke,2,6,9,/works/OL43720119W,Halleluja,Annelies Verbeke,1.0000,2017,/books/OL59599146M,Halleluja,verhalen,dut,1.0000,9789044538052,De Geus,2017,,,NOT_PROBED,,,,,NO,NO,135.0000,144.0000,REJECT,No cover candidate.,
NL,CONTEMPORARY,Annelies Verbeke,2,6,9,/works/OL24021537W,Reus,Annelies Verbeke,1.0000,2006,/books/OL31719303M,Reus,,dut,1.0000,9044506544,De Geus,2006,,,NOT_PROBED,,,,,NO,NO,135.0000,144.0000,REJECT,No cover candidate.,
NL,CONTEMPORARY,Annelies Verbeke,2,6,9,/works/OL23202442W,"Sabena, de pioniers jaren",Annelies Verbeke,1.0000,2011,/books/OL31036672M,"Sabena, de pioniers jaren",,dut | fre,1.0000,9789055448692,Lido,2011,,,NOT_PROBED,,,,,NO,NO,135.0000,144.0000,REJECT,No cover candidate.,
NL,CONTEMPORARY,Annelies Verbeke,2,6,9,/works/OL9120965W,Slaap!,Annelies Verbeke,1.0000,2003,/books/OL23000013M,Slaap!,,dut,1.0000,9044504320,De Geus,2003,,,NOT_PROBED,,,,,NO,NO,135.0000,144.0000,REJECT,No cover candidate.,
NL,CONTEMPORARY,Annelies Verbeke,2,6,9,/works/OL45262204W,Theaterteksten,Annelies Verbeke,1.0000,2019,/books/OL61705008M,Theaterteksten,,dut,1.0000,9789044542363,De Geus,2019,,,NOT_PROBED,,,,,NO,NO,135.0000,144.0000,REJECT,No cover candidate.,
NL,CONTEMPORARY,Annelies Verbeke,2,6,9,/works/OL39539068W,Tirol inferno,Annelies Verbeke,1.0000,2013,/books/OL53795270M,Tirol inferno,,dut,1.0000,9789085422990,De Bezige Bij,2013,,,NOT_PROBED,,,,,NO,NO,135.0000,144.0000,REJECT,No cover candidate.,
NL,CONTEMPORARY,Annelies Verbeke,2,6,9,/works/OL44320386W,Treinen en kamers,Annelies Verbeke,1.0000,2021,/books/OL60566616M,Treinen en kamers,verhalen,dut,1.0000,9789044544138,De Geus,2021,,,NOT_PROBED,,,,,NO,NO,135.0000,144.0000,REJECT,No cover candidate.,
NL,CONTEMPORARY,Annelies Verbeke,2,6,9,/works/OL18813882W,Vissen redden,Annelies Verbeke,1.0000,2009,/books/OL24049063M,Vissen redden,,dut,1.0000,9789044512021,De Geus,2009,,,NOT_PROBED,,,,,NO,NO,135.0000,144.0000,REJECT,No cover candidate.,
NL,CONTEMPORARY,Annelies Verbeke,2,6,9,/works/OL33443704W,Wakker!,Annelies Verbeke,1.0000,2011,/books/OL45356145M,Wakker!,Nachtportretten,dut,1.0000,9789044518054,De Geus,2011,,,NOT_PROBED,,,,,NO,NO,135.0000,144.0000,REJECT,No cover candidate.,
NL,CONTEMPORARY,Esther Gerritsen,2,6,9,/works/OL7823275W,Bevoorrecht bewustzijn,Esther Gerritsen,1.0000,2000,/books/OL6867295M,Bevoorrecht bewustzijn,verhalen,dut,1.0000,9052268444,De Geus,2000,,,NOT_PROBED,,,,,NO,NO,135.0000,144.0000,REJECT,No cover candidate.,
NL,CONTEMPORARY,Esther Gerritsen,2,6,9,/works/OL37140641W,De kleine miezerige god,Esther Gerritsen,1.0000,2008,/books/OL50097730M,De kleine miezerige god,,dut,1.0000,9789044512885,De Geus,2008,,,NOT_PROBED,,,,,NO,NO,135.0000,144.0000,REJECT,No cover candidate.,
NL,CONTEMPORARY,Esther Gerritsen,2,6,9,/works/OL22960443W,De kopvoeter en andere toneelteksten,Esther Gerritsen,1.0000,2015,/books/OL30866795M,De kopvoeter en andere toneelteksten,,dut,1.0000,9789064038068,Uitgeverij International Theatre & Film Books,2015,,,NOT_PROBED,,,,,NO,NO,135.0000,144.0000,REJECT,No cover candidate.,
NL,CONTEMPORARY,Esther Gerritsen,2,6,9,/works/OL44846935W,De terugkeer,Esther Gerritsen,1.0000,2020,/books/OL61215935M,De terugkeer,,dut,1.0000,9789044542523,De Geus,2020,,,NOT_PROBED,,,,,NO,NO,135.0000,144.0000,REJECT,No cover candidate.,
NL,CONTEMPORARY,Esther Gerritsen,2,6,9,/works/OL39536342W,Ik ben vaak heel kort dom,Esther Gerritsen,1.0000,2013,/books/OL53791680M,Ik ben vaak heel kort dom,de VPRO-columns 2010-2012,dut,1.0000,9789044526387,De Geus,2013,,,NOT_PROBED,,,,,NO,NO,135.0000,144.0000,REJECT,No cover candidate.,
NL,CONTEMPORARY,Esther Gerritsen,2,6,9,/works/OL23980890W,Normale dagen,Esther Gerritsen,1.0000,2005,/books/OL31682490M,Normale dagen,,dut,1.0000,9044506536,De Geus,2005,,,NOT_PROBED,,,,,NO,NO,135.0000,144.0000,REJECT,No cover candidate.,
NL,CONTEMPORARY,Esther Gerritsen,2,6,9,/works/OL22917032W,Roxy,Esther Gerritsen,1.0000,2014,/books/OL30825878M,Roxy,,dut,1.0000,9789044533392,De Geus,2014,,,NOT_PROBED,,,,,NO,NO,135.0000,144.0000,REJECT,No cover candidate.,
NL,CONTEMPORARY,Esther Gerritsen,2,6,9,/works/OL22368143W,Superduif,Esther Gerritsen,1.0000,2010,/books/OL30452597M,Superduif,,dut,1.0000,9789044516432,De Geus,2010,,,NOT_PROBED,,,,,NO,NO,135.0000,144.0000,REJECT,No cover candidate.,
NL,CONTEMPORARY,Esther Gerritsen,2,6,9,/works/OL7823276W,Tussen een persoon,Esther Gerritsen,1.0000,2002,/books/OL23024228M,Tussen een persoon,,dut,1.0000,9044501577,De Geus,2002,,,NOT_PROBED,,,,,NO,NO,135.0000,144.0000,REJECT,No cover candidate.,
NL,CONTEMPORARY,Griet Op de Beeck,2,6,9,/works/OL32457064W,Gezien de feiten,Griet Op de Beeck,1.0000,2018,/books/OL44236478M,Gezien de feiten,,dut,1.0000,9789059654334,Stichting Collectieve Propaganda van het Nederlandse Boek,2018,,,NOT_PROBED,,,,,NO,NO,135.0000,144.0000,REJECT,No cover candidate.,
NL,CONTEMPORARY,Griet Op de Beeck,2,6,9,/works/OL45807093W,Play it fuckin' loud,Griet Op de Beeck,1.0000,2018,/books/OL62344235M,Play it fuckin' loud,,dut,1.0000,9789460043833,Uitgeverij Vantilt,2018,,,NOT_PROBED,,,,,NO,NO,135.0000,144.0000,REJECT,No cover candidate.,
NL,CONTEMPORARY,Manon Uphoff,2,6,9,/works/OL19390632W,Alle verhalen,Manon Uphoff,1.0000,2003,/books/OL3758633M,Alle verhalen,,dut,1.0000,9057592053,Podium,2003,,,NOT_PROBED,,,,,NO,NO,135.0000,144.0000,REJECT,No cover candidate.,
NL,CONTEMPORARY,Manon Uphoff,2,6,9,/works/OL2087696W,Begeerte,Manon Uphoff,1.0000,1995,/books/OL22947126M,Begeerte,,dut,1.0000,9041700986,Maarten Muntinga,1998,,,NOT_PROBED,,,,,NO,NO,135.0000,144.0000,REJECT,No cover candidate.,
NL,CONTEMPORARY,Manon Uphoff,2,6,9,/works/OL38961232W,De blauwe muze,Manon Uphoff,1.0000,2014,/books/OL53052880M,De blauwe muze,Waarom de beste literatuur op tv te zien is,dut,1.0000,9789023490012,De Bezige Bij,2014,,,NOT_PROBED,,,,,NO,NO,135.0000,144.0000,REJECT,No cover candidate.,
NL,CONTEMPORARY,Manon Uphoff,2,6,9,/works/OL15460887W,De spelers,Manon Uphoff,1.0000,2009,/books/OL24427263M,De spelers,roman,dut,1.0000,9789023422242,De Bezige Bij,2009,,,NOT_PROBED,,,,,NO,NO,135.0000,144.0000,REJECT,No cover candidate.,
NL,CONTEMPORARY,Manon Uphoff,2,6,9,/works/OL2087697W,De vanger,Manon Uphoff,1.0000,2002,/books/OL3647805M,De vanger,novelle,dut,1.0000,905759384X,Podium,2002,,,NOT_PROBED,,,,,NO,NO,135.0000,144.0000,REJECT,No cover candidate.,
NL,CONTEMPORARY,Manon Uphoff,2,6,9,/works/OL33278961W,Dit zijn mijn woorden niet,Manon Uphoff,1.0000,2008,/books/OL45174807M,Dit zijn mijn woorden niet,"een libretto voor Sweelinck, een monoloog in muziek",dut,1.0000,9789086801336,Adr. Heinen,2008,,,NOT_PROBED,,,,,NO,NO,135.0000,144.0000,REJECT,No cover candidate.,
NL,CONTEMPORARY,Manon Uphoff,2,6,9,/works/OL32239072W,Fraaie zaken,Kees van Beijnum | Jessica Durlacher | Robert Vuijsje | Manon Uphoff | Sanneke van Hassel | Léon de Winter,1.0000,2012,/books/OL43983869M,Fraaie zaken,zes verhalen over misdaad en straf,dut,1.0000,9789023474289,De Bezige Bij,2012,,,NOT_PROBED,,,,,NO,NO,135.0000,144.0000,REJECT,No cover candidate.,
NL,CONTEMPORARY,Manon Uphoff,2,6,9,/works/OL2087693W,Gemis,Manon Uphoff,1.0000,1997,/books/OL415283M,Gemis,,dut,1.0000,905759031X,Podium,1997,,,NOT_PROBED,,,,,NO,NO,135.0000,144.0000,REJECT,No cover candidate.,
NL,CONTEMPORARY,Manon Uphoff,2,6,9,/works/OL33328391W,"Het moet eten, ademhalen, slapen",Manon Uphoff,1.0000,2009,/books/OL45230881M,"Het moet eten, ademhalen, slapen",het menselijk lichaam volgens,dut,1.0000,9789025432607,Contact,2009,,,NOT_PROBED,,,,,NO,NO,135.0000,144.0000,REJECT,No cover candidate.,
NL,CONTEMPORARY,Manon Uphoff,2,6,9,/works/OL2087694W,Hij zegt dat ik niet dansen kan,Manon Uphoff,1.0000,2000,/books/OL4000218M,Hij zegt dat ik niet dansen kan,,dut,1.0000,9057593432,Podium,2000,,,NOT_PROBED,,,,,NO,NO,135.0000,144.0000,REJECT,No cover candidate.,
NL,CONTEMPORARY,Manon Uphoff,2,6,9,/works/OL35382006W,Schaduwvlammen,Manon Uphoff,1.0000,2007,/books/OL47801472M,Schaduwvlammen,alle verhalen tot vandaag,dut,1.0000,9789023425304,De Bezige Bij,2007-02-27,,,NOT_PROBED,,,,,NO,NO,135.0000,144.0000,REJECT,No cover candidate.,
NL,CONTEMPORARY,Marente de Moor,2,6,9,/works/OL43557308W,Foon,Marente de Moor,1.0000,2018,/books/OL59370314M,Foon,,dut,1.0000,9789021412009,Em. Querido's Uitgeverij BV,2018,,,NOT_PROBED,,,,,NO,NO,135.0000,144.0000,REJECT,No cover candidate.,
NL,CONTEMPORARY,Marente de Moor,2,6,9,/works/OL23303562W,"Roundhay, tuinscène",Marente de Moor,1.0000,2013,/books/OL31150597M,"Roundhay, tuinscène",,dut,1.0000,9789021449968,Em. Querido's Uitgeverij BV,2013,,,NOT_PROBED,,,,,NO,NO,135.0000,144.0000,REJECT,No cover candidate.,
NL,CONTEMPORARY,Niña Weijers,2,5,8,/works/OL31482816W,De consequenties,Niña Weijers,1.0000,2014,/books/OL43143744M,De consequenties,roman,dut,1.0000,9789025442927,Atlas,2014,,,NOT_PROBED,,,,,NO,NO,135.0000,144.0000,REJECT,No cover candidate.,
NL,CONTEMPORARY,Niña Weijers,2,5,8,/works/OL43535394W,Kamers antikamers,Niña Weijers,1.0000,2019,/books/OL59341955M,Kamers antikamers,roman,dut,1.0000,9789025445614,Uitgeverij Atlas Contact,2019,,,NOT_PROBED,,,,,NO,NO,135.0000,144.0000,REJECT,No cover candidate.,
NL,CONTEMPORARY,Peter Terrin,2,6,9,/works/OL2130182W,Blanco,Peter Terrin,1.0000,2003,/books/OL3770361M,Blanco,roman,dut,1.0000,9029549025,De Arbeiderspers,2003,,,NOT_PROBED,,,,,NO,NO,135.0000,144.0000,REJECT,No cover candidate.,
NL,CONTEMPORARY,Peter Terrin,2,6,9,/works/OL18612751W,De bewaker,Peter Terrin,1.0000,2009,/books/OL24009968M,De bewaker,roman,dut,1.0000,9789029571494,De Arbeiderspers,2009,,,NOT_PROBED,,,,,NO,NO,135.0000,144.0000,REJECT,No cover candidate.,
NL,CONTEMPORARY,Peter Terrin,2,6,9,/works/OL24036723W,De bijeneters,Peter Terrin,1.0000,2006,/books/OL31734825M,De bijeneters,zeven variaties,dut,1.0000,9029563907,De Arbeiderspers,2006,,,NOT_PROBED,,,,,NO,NO,135.0000,144.0000,REJECT,No cover candidate.,
NL,CONTEMPORARY,Peter Terrin,2,6,9,/works/OL2130183W,De code,Peter Terrin,1.0000,1998,/books/OL431555M,De code,verhalen,dut,1.0000,9025420575,L.J. Veen,1998,,,NOT_PROBED,,,,,NO,NO,135.0000,144.0000,REJECT,No cover candidate.,
NL,CONTEMPORARY,Peter Terrin,2,6,9,/works/OL23797257W,Kras,Peter Terrin,1.0000,2001,/books/OL31528023M,Kras,,dut,1.0000,9020420976,Veen,2001,,,NOT_PROBED,,,,,NO,NO,135.0000,144.0000,REJECT,No cover candidate.,
NL,CONTEMPORARY,Peter Terrin,2,6,9,/works/OL23433268W,Monte Carlo,Peter Terrin,1.0000,2014,/books/OL31291711M,Monte Carlo,roman,dut,1.0000,9789023485193,De Bezige Bij,2014,,,NOT_PROBED,,,,,NO,NO,135.0000,144.0000,REJECT,No cover candidate.,
NL,CONTEMPORARY,Peter Terrin,2,6,9,/works/OL32551519W,Photo friction,Koen Leemans | Peter Terrin | Katarina D'hooge,1.0000,2018,/books/OL44357358M,Photo friction,,dut,1.0000,9789089318282,Borgerhoff & Lamberigts,2018,,,NOT_PROBED,,,,,NO,NO,135.0000,144.0000,REJECT,No cover candidate.,
NL,CONTEMPORARY,Peter Terrin,2,6,9,/works/OL23958979W,Vrouwen en kinderen eerst,Peter Terrin,1.0000,2004,/books/OL31660402M,Vrouwen en kinderen eerst,de ontmanteling van AT-289 : roman,dut,1.0000,9029549106,De Arbeiderspers,2004,,,NOT_PROBED,,,,,NO,NO,135.0000,144.0000,REJECT,No cover candidate.,
NL,CONTEMPORARY,Peter Terrin,2,6,9,/works/OL43003278W,Yucca,Peter Terrin,1.0000,2016,/books/OL58585814M,Yucca,,dut,1.0000,9789023499282,De Bezige Bij,2016,,,NOT_PROBED,,,,,NO,NO,135.0000,144.0000,REJECT,No cover candidate.,
NL,CONTEMPORARY,Simone van der Vlugt,2,8,12,/works/OL29210773W,De Ooggetuige,Simone van der Vlugt,1.0000,2012,/books/OL40178055M,De Ooggetuige,Literaire thriller,dut,1.0000,9789059651630,CPNB,"June 1, 2012",,,NOT_PROBED,,,,,NO,NO,135.0000,144.0000,REJECT,No cover candidate.,
NL,CONTEMPORARY,Simone van der Vlugt,2,8,12,/works/OL41708840W,Friet & folklore,Simone van der Vlugt,1.0000,2014,/books/OL56633876M,Friet & folklore,reizen door feestelijk Vlaanderen,dut,1.0000,9789041425348,Anthos,2014,,,NOT_PROBED,,,,,NO,NO,135.0000,144.0000,REJECT,No cover candidate.,
NL,CONTEMPORARY,Simone van der Vlugt,2,8,12,/works/OL19964028W,Rode sneeuw in december,Simone van der Vlugt,1.0000,2012,/books/OL27144247M,Rode sneeuw in december,,dut,1.0000,9789041422668,Anthos,2012,,,NOT_PROBED,,,,,NO,NO,135.0000,144.0000,REJECT,No cover candidate.,
NL,DUTCH_FLEMISH_CANON,Carry van Bruggen,1,6,9,/works/OL4680071W,Een Indisch huwelijk,Carry van Bruggen,1.0000,1987,/books/OL2096377M,Een Indisch huwelijk,novelle,dut,1.0000,9071380149,Conserve,1987,,4073378,VALID_COVER,128,209,JPEG,data/cache/nl-mass-editorial-engine/covers/NL-OL2096377M.jpeg,NO,NO,167.0000,201.0000,AUTO_ACCEPT,Strong author/title/language match and validated physical cover.,
NL,DUTCH_FLEMISH_CANON,Carry van Bruggen,1,6,9,/works/OL4680072W,Goenong-Djatti,Carry van Bruggen,1.0000,1987,/books/OL2087671M,Goenong-Djatti,roman,dut,1.0000,9071380130,Conserve,1987,,13822947,VALID_COVER,314,500,JPEG,data/cache/nl-mass-editorial-engine/covers/NL-OL2087671M.jpeg,NO,NO,167.0000,201.0000,AUTO_ACCEPT,Strong author/title/language match and validated physical cover.,
NL,DUTCH_FLEMISH_CANON,Carry van Bruggen,1,6,9,/works/OL34734522W,n Badreisje in de tropen,Carry van Bruggen,1.0000,1988,/books/OL47083005M,n Badreisje in de tropen,Verhalen,dut | ind,1.0000,9789071380150,Conserve,"Mar 15, 1988",,13446501,VALID_COVER,313,500,JPEG,data/cache/nl-mass-editorial-engine/covers/NL-OL47083005M.jpeg,NO,NO,167.0000,201.0000,AUTO_ACCEPT,Strong author/title/language match and validated physical cover.,
NL,DUTCH_FLEMISH_CANON,Frederik van Eeden,1,6,9,/works/OL1447296W,De kleine Johannes,Frederik van Eeden,1.0000,1892,/books/OL22046080M,De kleine Johannes,1-2-3,dut,1.0000,9010020991,Elsevier,1979,,7069647,VALID_COVER,329,500,JPEG,data/cache/nl-mass-editorial-engine/covers/NL-OL22046080M.jpeg,NO,NO,167.0000,201.0000,AUTO_ACCEPT,Strong author/title/language match and validated physical cover.,
NL,DUTCH_FLEMISH_CANON,Frederik van Eeden,1,6,9,/works/OL17706172W,De nachtbruid,Frederik van Eeden,1.0000,1909,/books/OL26307734M,De nachtbruid,de gedenkschriften van Vico Mauralto,dut,1.0000,9789021495712,Querido,1984,,7980603,VALID_COVER,290,500,JPEG,data/cache/nl-mass-editorial-engine/covers/NL-OL26307734M.jpeg,NO,NO,167.0000,201.0000,AUTO_ACCEPT,Strong author/title/language match and validated physical cover.,
NL,DUTCH_FLEMISH_CANON,Frederik van Eeden,1,6,9,/works/OL15731737W,"Dialoog tusschen L. van Deyssel, A. Roodhuyzen en een fatsoenlÿk mensch over Zola en diens richting",Frederik van Eeden,1.0000,1982,/books/OL24646570M,"Dialoog tusschen L. van Deyssel, A. Roodhuyzen en een fatsoenlÿk mensch over Zola en diens richting",,dut,1.0000,906366057X,Bosbespers,1982,,6749369,VALID_COVER,325,500,JPEG,data/cache/nl-mass-editorial-engine/covers/NL-OL24646570M.jpeg,NO,NO,167.0000,201.0000,AUTO_ACCEPT,Strong author/title/language match and validated physical cover.,
NL,DUTCH_FLEMISH_CANON,Frederik van Eeden,1,6,9,/works/OL15705914W,Dromenboek,Frederik van Eeden,1.0000,1979,/books/OL24629524M,Dromenboek,,dut,1.0000,9060195310,Bert Bakker,1979,,6718060,VALID_COVER,328,500,JPEG,data/cache/nl-mass-editorial-engine/covers/NL-OL24629524M.jpeg,NO,NO,167.0000,201.0000,AUTO_ACCEPT,Strong author/title/language match and validated physical cover.,
NL,DUTCH_FLEMISH_CANON,Frederik van Eeden,1,6,9,/works/OL1447283W,Johannes Viator,Frederik van Eeden,1.0000,1979,/books/OL19563185M,Johannes Viator,,dut,1.0000,906325055X,Servire,1979,,7241335,VALID_COVER,360,500,JPEG,data/cache/nl-mass-editorial-engine/covers/NL-OL19563185M.jpeg,NO,NO,167.0000,201.0000,AUTO_ACCEPT,Strong author/title/language match and validated physical cover.,
NL,DUTCH_FLEMISH_CANON,Frederik van Eeden,1,6,9,/works/OL15702528W,Sirius en Siderius,Frederik van Eeden,1.0000,1980,/books/OL24627095M,Sirius en Siderius,,dut,1.0000,9063251378,Servire,1980,,6717101,VALID_COVER,355,500,JPEG,data/cache/nl-mass-editorial-engine/covers/NL-OL24627095M.jpeg,NO,NO,167.0000,201.0000,AUTO_ACCEPT,Strong author/title/language match and validated physical cover.,
NL,DUTCH_FLEMISH_CANON,Frederik van Eeden,1,6,9,/works/OL11928478W,The deeps of deliverance,Frederik van Eeden,1.0000,1974,/books/OL22236863M,The deeps of deliverance,,eng | dut,1.0000,0805734198,Twayne Publishers,1974,,4467858,VALID_COVER,128,190,JPEG,data/cache/nl-mass-editorial-engine/covers/NL-OL22236863M.jpeg,NO,NO,167.0000,201.0000,AUTO_ACCEPT,Strong author/title/language match and validated physical cover.,
NL,DUTCH_FLEMISH_CANON,Herman Teirlinck,1,7,10,/works/OL34535331W,Literair werk,Herman Teirlinck,1.0000,1988,/books/OL46848152M,Literair werk,,dut,1.0000,9789061525110,Davidsfonds,"Feb 24, 1988",,13340456,VALID_COVER,315,500,JPEG,data/cache/nl-mass-editorial-engine/covers/NL-OL46848152M.jpeg,NO,NO,167.0000,201.0000,AUTO_ACCEPT,Strong author/title/language match and validated physical cover.,
NL,DUTCH_FLEMISH_CANON,Herman Teirlinck,1,7,10,/works/OL1458696W,Rolande met de bles,Herman Teirlinck,1.0000,1947,/books/OL5496177M,Rolande met de bles,de XXXX brieven aan Rolande van Renier Joskin de Lamarache. Nederlandse tekst met liminaire nota,dut,1.0000,9022303055,Paris-Manteau,1971,,12676906,VALID_COVER,301,500,JPEG,data/cache/nl-mass-editorial-engine/covers/NL-OL5496177M.jpeg,NO,NO,167.0000,201.0000,AUTO_ACCEPT,Strong author/title/language match and validated physical cover.,
NL,DUTCH_FLEMISH_CANON,Herman Teirlinck,1,7,10,/works/OL31067617W,'t Bedrijf Van Den Kwade,Herman Teirlinck,1.0000,2021,/books/OL57450025M,'t Bedrijf Van Den Kwade,,dut,1.0000,1230005202287,Rastro Books,09/10/2021,,14833919,VALID_COVER,321,500,JPEG,data/cache/nl-mass-editorial-engine/covers/NL-OL57450025M.jpeg,NO,NO,167.0000,201.0000,AUTO_ACCEPT,Strong author/title/language match and validated physical cover.,
NL,DUTCH_FLEMISH_CANON,Joost van den Vondel,1,8,12,/works/OL15229799W,Gysbreght van Aemstel,Joost van den Vondel,1.0000,1650,/books/OL857444M,Gysbreght van Aemstel,,dut,1.0000,9053560556,Amsterdam University Press,1994,,3828484,VALID_COVER,128,188,JPEG,data/cache/nl-mass-editorial-engine/covers/NL-OL857444M.jpeg,NO,NO,167.0000,201.0000,AUTO_ACCEPT,Strong author/title/language match and validated physical cover.,
NL,DUTCH_FLEMISH_CANON,Joost van den Vondel,1,8,12,/works/OL1457308W,Lust tot poëzie,Joost van den Vondel,1.0000,1989,/books/OL1911511M,Lust tot poëzie,gedichten van Vondel,dut,1.0000,9021405660,Querido,1989,,4041188,VALID_COVER,128,218,JPEG,data/cache/nl-mass-editorial-engine/covers/NL-OL1911511M.jpeg,NO,NO,167.0000,201.0000,AUTO_ACCEPT,Strong author/title/language match and validated physical cover.,
NL,DUTCH_FLEMISH_CANON,Louis Couperus,1,10,15,/works/OL1456909W,De stille kracht,Louis Couperus,1.0000,1971,/books/OL22000169M,De stille kracht,,dut,1.0000,9021496003,Em. Querido's Uitgeverij,1984,,13033171,VALID_COVER,302,500,JPEG,data/cache/nl-mass-editorial-engine/covers/NL-OL22000169M.jpeg,NO,NO,167.0000,201.0000,AUTO_ACCEPT,Strong author/title/language match and validated physical cover.,
NL,DUTCH_FLEMISH_CANON,Louis Couperus,1,10,15,/works/OL1456873W,Dionyzos,Louis Couperus,1.0000,1904,/books/OL24632681M,Dionyzos,,dut,1.0000,9020426001,Veen,1988,,6723415,VALID_COVER,316,500,JPEG,data/cache/nl-mass-editorial-engine/covers/NL-OL24632681M.jpeg,NO,NO,167.0000,201.0000,AUTO_ACCEPT,Strong author/title/language match and validated physical cover.,
NL,DUTCH_FLEMISH_CANON,Louis Couperus,1,10,15,/works/OL11784826W,Eline Vere,Louis Couperus,1.0000,1960,/books/OL37051830M,Eline Vere,roman,dut,1.0000,9789020404128,Veen,1974,,12628078,VALID_COVER,312,500,JPEG,data/cache/nl-mass-editorial-engine/covers/NL-OL37051830M.jpeg,NO,NO,167.0000,201.0000,AUTO_ACCEPT,Strong author/title/language match and validated physical cover.,
NL,DUTCH_FLEMISH_CANON,Louis Couperus,1,10,15,/works/OL11784822W,Het zwevende schaakbord,Louis Couperus,1.0000,1998,/books/OL17577430M,Het zwevende schaakbord.,,dut,1.0000,9025499074,Pandora,1998,,14978273,VALID_COVER,310,500,JPEG,data/cache/nl-mass-editorial-engine/covers/NL-OL17577430M.jpeg,NO,NO,167.0000,201.0000,AUTO_ACCEPT,Strong author/title/language match and validated physical cover.,
NL,DUTCH_FLEMISH_CANON,Louis Couperus,1,10,15,/works/OL1456879W,Langs lijnen van geleidelijkheid,Louis Couperus,1.0000,1900,/books/OL24645261M,Langs lijnen van geleidelijkheid,,dut,1.0000,9020426117,Veen,1989,,6747074,VALID_COVER,316,500,JPEG,data/cache/nl-mass-editorial-engine/covers/NL-OL24645261M.jpeg,NO,NO,167.0000,201.0000,AUTO_ACCEPT,Strong author/title/language match and validated physical cover.,
NL,DUTCH_FLEMISH_CANON,Louis Couperus,1,10,15,/works/OL1456902W,Legenden van de blauwe kust,Louis Couperus,1.0000,1951,/books/OL3260595M,Legenden van de blauwe kust,,dut,1.0000,9020401823,Veen,1983,,6759871,VALID_COVER,313,500,JPEG,data/cache/nl-mass-editorial-engine/covers/NL-OL3260595M.jpeg,NO,NO,167.0000,201.0000,AUTO_ACCEPT,Strong author/title/language match and validated physical cover.,
NL,DUTCH_FLEMISH_CANON,Louis Couperus,1,10,15,/works/OL1456917W,Van oude mensen de dingen die voorbijgaan,Louis Couperus,1.0000,1968,/books/OL3869098M,"Van oude mensen, de dingen die voorbijgaan",,dut | afr,1.0000,9010021009,Elsevier,1979,,6759625,VALID_COVER,327,500,JPEG,data/cache/nl-mass-editorial-engine/covers/NL-OL3869098M.jpeg,NO,NO,167.0000,201.0000,AUTO_ACCEPT,Strong author/title/language match and validated physical cover.,
NL,DUTCH_FLEMISH_CANON,Louis Couperus,1,10,15,/works/OL1456905W,Volledige werken,Louis Couperus,1.0000,1900,/books/OL1286355M,Volledige werken,,dut,1.0000,9020426214,Veen,1900,,13674151,VALID_COVER,159,247,JPEG,data/cache/nl-mass-editorial-engine/covers/NL-OL1286355M.jpeg,NO,NO,167.0000,201.0000,AUTO_ACCEPT,Strong author/title/language match and validated physical cover.,
NL,DUTCH_FLEMISH_CANON,Marcellus Emants,1,5,8,/works/OL15347875W,Drie novellen,Marcellus Emants,1.0000,1981,/books/OL24334744M,Drie novellen,,dut,1.0000,9027410860,Het Spectrum,1981,,6461206,VALID_COVER,298,500,JPEG,data/cache/nl-mass-editorial-engine/covers/NL-OL24334744M.jpeg,NO,NO,167.0000,201.0000,AUTO_ACCEPT,Strong author/title/language match and validated physical cover.,
NL,DUTCH_FLEMISH_CANON,Marcellus Emants,1,5,8,/works/OL2349753W,Een nagelaten bekentenis,Marcellus Emants,1.0000,1960,/books/OL24334742M,Een nagelaten bekentenis,,dut,1.0000,9021495902,Querido,1984,,6461204,VALID_COVER,312,500,JPEG,data/cache/nl-mass-editorial-engine/covers/NL-OL24334742M.jpeg,NO,NO,167.0000,201.0000,AUTO_ACCEPT,Strong author/title/language match and validated physical cover.,
NL,DUTCH_FLEMISH_CANON,Marcellus Emants,1,5,8,/works/OL2349735W,Een wereldreis in 1893,Marcellus Emants,1.0000,1988,/books/OL2243486M,Een wereldreis in 1893,,dut,1.0000,9020423487,Veen,1988,,7072667,VALID_COVER,332,500,JPEG,data/cache/nl-mass-editorial-engine/covers/NL-OL2243486M.jpeg,NO,NO,167.0000,201.0000,AUTO_ACCEPT,Strong author/title/language match and validated physical cover.,
NL,DUTCH_FLEMISH_CANON,Marcellus Emants,1,5,8,/works/OL15347199W,Een zitting met Eusapia Paladino,Marcellus Emants,1.0000,1977,/books/OL24334611M,Een zitting met Eusapia Paladino,,dut,1.0000,9022305856,Manteau,1977,,6461052,VALID_COVER,227,500,JPEG,data/cache/nl-mass-editorial-engine/covers/NL-OL24334611M.jpeg,NO,NO,167.0000,201.0000,AUTO_ACCEPT,Strong author/title/language match and validated physical cover.,
NL,DUTCH_FLEMISH_CANON,Marcellus Emants,1,5,8,/works/OL15347868W,Goudakkers illusiën,Marcellus Emants,1.0000,1982,/books/OL24334735M,Goudakkers illusiën,een verhaal,dut,1.0000,9021495325,Querido,1982,,6461197,VALID_COVER,313,500,JPEG,data/cache/nl-mass-editorial-engine/covers/NL-OL24334735M.jpeg,NO,NO,167.0000,201.0000,AUTO_ACCEPT,Strong author/title/language match and validated physical cover.,
NL,DUTCH_FLEMISH_CANON,Marcellus Emants,1,5,8,/works/OL2349737W,Huwelijksgeluk en andere verhalen,Marcellus Emants,1.0000,1989,/books/OL1797887M,Huwelijksgeluk en andere verhalen,,dut,1.0000,9051320124,Cadans,1989,,4017760,VALID_COVER,128,222,JPEG,data/cache/nl-mass-editorial-engine/covers/NL-OL1797887M.jpeg,NO,NO,167.0000,201.0000,AUTO_ACCEPT,Strong author/title/language match and validated physical cover.,
NL,DUTCH_FLEMISH_CANON,Marcellus Emants,1,5,8,/works/OL2349739W,Inwijding,Marcellus Emants,1.0000,1910,/books/OL4335864M,Inwijding,,dut,1.0000,9010020983,Elsevier,1978,,6461212,VALID_COVER,323,500,JPEG,data/cache/nl-mass-editorial-engine/covers/NL-OL4335864M.jpeg,NO,NO,167.0000,201.0000,AUTO_ACCEPT,Strong author/title/language match and validated physical cover.,
NL,DUTCH_FLEMISH_CANON,Marcellus Emants,1,5,8,/works/OL15347871W,Jong Holland,Marcellus Emants,1.0000,1983,/books/OL24334739M,Jong Holland,oorspronkelijke roman,dut,1.0000,9021495775,Querido,1983,,6461203,VALID_COVER,313,500,JPEG,data/cache/nl-mass-editorial-engine/covers/NL-OL24334739M.jpeg,NO,NO,167.0000,201.0000,AUTO_ACCEPT,Strong author/title/language match and validated physical cover.,
NL,DUTCH_FLEMISH_CANON,Marcellus Emants,1,5,8,/works/OL15347200W,Langs de Nijl,Marcellus Emants,1.0000,1983,/books/OL24334612M,Langs de Nijl,aantekeningen van een toerist,dut,1.0000,9020402412,Veen,1983,,6461053,VALID_COVER,331,500,JPEG,data/cache/nl-mass-editorial-engine/covers/NL-OL24334612M.jpeg,NO,NO,167.0000,201.0000,AUTO_ACCEPT,Strong author/title/language match and validated physical cover.,
NL,DUTCH_FLEMISH_CANON,Marcellus Emants,1,5,8,/works/OL2349742W,Letterkundig intermezzo,Marcellus Emants,1.0000,1985,/books/OL2760660M,Letterkundig intermezzo,,dut,1.0000,9070551195,Vriendenlust,1985,,4179665,VALID_COVER,128,182,JPEG,data/cache/nl-mass-editorial-engine/covers/NL-OL2760660M.jpeg,NO,NO,167.0000,201.0000,AUTO_ACCEPT,Strong author/title/language match and validated physical cover.,
NL,DUTCH_FLEMISH_CANON,Marcellus Emants,1,5,8,/works/OL12662569W,Liefdeleven,Marcellus Emants,1.0000,1998,/books/OL19163916M,Liefdeleven,,dut,1.0000,9025499082,Pandora,1998,,6461047,VALID_COVER,322,500,JPEG,data/cache/nl-mass-editorial-engine/covers/NL-OL19163916M.jpeg,NO,NO,167.0000,201.0000,AUTO_ACCEPT,Strong author/title/language match and validated physical cover.,
NL,DUTCH_FLEMISH_CANON,Marcellus Emants,1,5,8,/works/OL2349745W,Mensen,Marcellus Emants,1.0000,1900,/books/OL24334734M,Mensen,,dut,1.0000,9021495236,Querido,1981,,6461195,VALID_COVER,314,500,JPEG,data/cache/nl-mass-editorial-engine/covers/NL-OL24334734M.jpeg,NO,NO,167.0000,201.0000,AUTO_ACCEPT,Strong author/title/language match and validated physical cover.,
NL,DUTCH_FLEMISH_CANON,Marcellus Emants,1,5,8,/works/OL2349746W,Monaco,Marcellus Emants,1.0000,1886,/books/OL25432381M,Monaco,drie typen,dut,1.0000,9020414627,Veen,[1999],,7263915,VALID_COVER,317,500,JPEG,data/cache/nl-mass-editorial-engine/covers/NL-OL25432381M.jpeg,NO,NO,167.0000,201.0000,AUTO_ACCEPT,Strong author/title/language match and validated physical cover.,
NL,DUTCH_FLEMISH_CANON,Marcellus Emants,1,5,8,/works/OL15347877W,Op reis door Zweden,Marcellus Emants,1.0000,1983,/books/OL24334746M,Op reis door Zweden,,dut,1.0000,9029513128,De Arbeiderpers,1983,,6461210,VALID_COVER,297,500,JPEG,data/cache/nl-mass-editorial-engine/covers/NL-OL24334746M.jpeg,NO,NO,167.0000,201.0000,AUTO_ACCEPT,Strong author/title/language match and validated physical cover.,
NL,DUTCH_FLEMISH_CANON,Marcellus Emants,1,5,8,/works/OL15347093W,Op zee,Marcellus Emants,1.0000,1983,/books/OL24334589M,Op zee,,dut,1.0000,9020453599,Veen,1983,,6461040,VALID_COVER,314,500,JPEG,data/cache/nl-mass-editorial-engine/covers/NL-OL24334589M.jpeg,NO,NO,167.0000,201.0000,AUTO_ACCEPT,Strong author/title/language match and validated physical cover.,
NL,DUTCH_FLEMISH_CANON,Marcellus Emants,1,5,8,/works/OL2349752W,Waan,Marcellus Emants,1.0000,1968,/books/OL24334594M,Waan,,dut,1.0000,9028201297,Van Oorschot,1977,,6461042,VALID_COVER,314,500,JPEG,data/cache/nl-mass-editorial-engine/covers/NL-OL24334594M.jpeg,NO,NO,167.0000,201.0000,AUTO_ACCEPT,Strong author/title/language match and validated physical cover.,
NL,DUTCH_FLEMISH_CANON,Maurice Gilliams,1,5,8,/works/OL1456409W,The Bottle at Sea,Maurice Gilliams,1.0000,2007,/books/OL8813936M,The Bottle at Sea,The Complete Poems (Green Integer),eng | dut,1.0000,9781933382821,Green Integer,April 2007,,2129621,VALID_COVER,361,500,JPEG,data/cache/nl-mass-editorial-engine/covers/NL-OL8813936M.jpeg,NO,NO,167.0000,201.0000,AUTO_ACCEPT,Strong author/title/language match and validated physical cover.,
NL,DUTCH_FLEMISH_CANON,Maurice Gilliams,1,5,8,/works/OL1456411W,Vita Brevis,Maurice Gilliams,1.0000,1955,/books/OL2566536M,Vita Brevis,Verzameld Werk,dut,1.0000,9789029016841,Meulenhoff,1984,,6781461,VALID_COVER,327,500,JPEG,data/cache/nl-mass-editorial-engine/covers/NL-OL2566536M.jpeg,NO,NO,167.0000,201.0000,AUTO_ACCEPT,Strong author/title/language match and validated physical cover.,
NL,DUTCH_FLEMISH_CANON,Menno ter Braak,1,5,8,/works/OL42347902W,Afscheid van domineesland,Menno ter Braak,1.0000,1931,/books/OL57450043M,Afscheid van domineesland,,dut,1.0000,1230003750322,Rastro Books,10/03/2020,,14833925,VALID_COVER,325,500,JPEG,data/cache/nl-mass-editorial-engine/covers/NL-OL57450043M.jpeg,NO,NO,167.0000,201.0000,AUTO_ACCEPT,Strong author/title/language match and validated physical cover.,
NL,DUTCH_FLEMISH_CANON,Menno ter Braak,1,5,8,/works/OL1320435W,Cinema Militans,Menno ter Braak,1.0000,1980,/books/OL14604276M,Cinema Militans.,,dut,1.0000,9063220510,Reflex,1980,,5292728,VALID_COVER,128,178,JPEG,data/cache/nl-mass-editorial-engine/covers/NL-OL14604276M.jpeg,NO,NO,167.0000,201.0000,AUTO_ACCEPT,Strong author/title/language match and validated physical cover.,
NL,DUTCH_FLEMISH_CANON,Menno ter Braak,1,5,8,/works/OL1320438W,De draagbare Ter Braak,Menno ter Braak,1.0000,1992,/books/OL1331306M,De draagbare Ter Braak,,dut,1.0000,9053330984,Prometheus,1992,,3922554,VALID_COVER,128,218,JPEG,data/cache/nl-mass-editorial-engine/covers/NL-OL1331306M.jpeg,NO,NO,167.0000,201.0000,AUTO_ACCEPT,Strong author/title/language match and validated physical cover.,
NL,DUTCH_FLEMISH_CANON,Menno ter Braak,1,5,8,/works/OL15719298W,Hampton Court,Menno ter Braak,1.0000,1964,/books/OL24639217M,Hampton Court,,dut,1.0000,9028204598,Van Oorschot,1964 [i.e. 1978],,6737137,VALID_COVER,321,500,JPEG,data/cache/nl-mass-editorial-engine/covers/NL-OL24639217M.jpeg,NO,NO,167.0000,201.0000,AUTO_ACCEPT,Strong author/title/language match and validated physical cover.,
NL,DUTCH_FLEMISH_CANON,Multatuli,1,8,12,/works/OL658274W,Liefdesbrieven,Multatuli,1.0000,1979,/books/OL4521331M,Liefdesbrieven,,dut,1.0000,902953205X,De Arbeiderspers,1979,,6733678,VALID_COVER,296,500,JPEG,data/cache/nl-mass-editorial-engine/covers/NL-OL4521331M.jpeg,NO,NO,167.0000,201.0000,AUTO_ACCEPT,Strong author/title/language match and validated physical cover.,
NL,DUTCH_FLEMISH_CANON,Nescio,1,5,7,/works/OL15705890W,Heimwee en andere fragmenten,Nescio,1.0000,1978,/books/OL24629498M,Heimwee en andere fragmenten,,dut,1.0000,9028201165,Van Oorschot,1978,,6718047,VALID_COVER,310,500,JPEG,data/cache/nl-mass-editorial-engine/covers/NL-OL24629498M.jpeg,NO,NO,167.0000,201.0000,AUTO_ACCEPT,Strong author/title/language match and validated physical cover.,
NL,DUTCH_FLEMISH_CANON,Nescio,1,5,7,/works/OL2795318W,Titaantjes,Nescio,1.0000,1987,/books/OL22940108M,Titaantjes,vroege versie,dut,1.0000,9023656288,Nijgh & Van Ditmar,1987,,7020370,VALID_COVER,310,500,JPEG,data/cache/nl-mass-editorial-engine/covers/NL-OL22940108M.jpeg,NO,NO,167.0000,201.0000,AUTO_ACCEPT,Strong author/title/language match and validated physical cover.,
NL,DUTCH_FLEMISH_CANON,Simon Vestdijk,1,10,15,/works/OL812132W,Albert Verwey en de idee,Simon Vestdijk,1.0000,1965,/books/OL24326152M,Albert Verwey en de idee,,dut,1.0000,9025380255,Polak & Van Gennep,1965,,6451530,VALID_COVER,332,500,JPEG,data/cache/nl-mass-editorial-engine/covers/NL-OL24326152M.jpeg,NO,NO,167.0000,201.0000,AUTO_ACCEPT,Strong author/title/language match and validated physical cover.,
NL,DUTCH_FLEMISH_CANON,Simon Vestdijk,1,10,15,/works/OL812136W,De  aeolusharp,Simon Vestdijk,1.0000,1989,/books/OL1928220M,De  aeolusharp,nagelaten romanfragment,dut,1.0000,9023461134,Bezige Bij,1989,,6451409,VALID_COVER,313,500,JPEG,data/cache/nl-mass-editorial-engine/covers/NL-OL1928220M.jpeg,NO,NO,167.0000,201.0000,AUTO_ACCEPT,Strong author/title/language match and validated physical cover.,
NL,DUTCH_FLEMISH_CANON,Simon Vestdijk,1,10,15,/works/OL812191W,De bruine vriend,Simon Vestdijk,1.0000,1968,/books/OL1637571M,De bruine vriend,novellen,dut,1.0000,9023431987,Bezige Bij,1991,,3985950,VALID_COVER,128,189,JPEG,data/cache/nl-mass-editorial-engine/covers/NL-OL1637571M.jpeg,NO,NO,167.0000,201.0000,AUTO_ACCEPT,Strong author/title/language match and validated physical cover.,
NL,DUTCH_FLEMISH_CANON,Simon Vestdijk,1,10,15,/works/OL812139W,De dood betrapt,Simon Vestdijk,1.0000,1984,/books/OL21015767M,De dood betrapt,,dut,1.0000,902149583X,Querido,1984,,12493488,VALID_COVER,293,500,JPEG,data/cache/nl-mass-editorial-engine/covers/NL-OL21015767M.jpeg,NO,NO,167.0000,201.0000,AUTO_ACCEPT,Strong author/title/language match and validated physical cover.,
NL,DUTCH_FLEMISH_CANON,Simon Vestdijk,1,10,15,/works/OL812141W,De grenslijnen uitgewist,Simon Vestdijk,1.0000,1984,/books/OL2989123M,De grenslijnen uitgewist,nagelaten verhalen,dut,1.0000,9023460847,De Bezige Bij,1984,,6451416,VALID_COVER,322,500,JPEG,data/cache/nl-mass-editorial-engine/covers/NL-OL2989123M.jpeg,NO,NO,167.0000,201.0000,AUTO_ACCEPT,Strong author/title/language match and validated physical cover.,
NL,DUTCH_FLEMISH_CANON,Simon Vestdijk,1,10,15,/works/OL812195W,De leeuw en zijn huid,Simon Vestdijk,1.0000,1967,/books/OL3809610M,De leeuw en zijn huid,een Venetiaanse kroniek,dut,1.0000,9023666739,Nijgh & Van Ditmar,1981,,13852895,VALID_COVER,316,500,JPEG,data/cache/nl-mass-editorial-engine/covers/NL-OL3809610M.jpeg,NO,NO,167.0000,201.0000,AUTO_ACCEPT,Strong author/title/language match and validated physical cover.,
NL,DUTCH_FLEMISH_CANON,Simon Vestdijk,1,10,15,/works/OL812146W,De persconferentie,Simon Vestdijk,1.0000,1975,/books/OL21036357M,De persconferentie,,dut,1.0000,9023460359,De Bezige Bij,1975,,6451420,VALID_COVER,306,500,JPEG,data/cache/nl-mass-editorial-engine/covers/NL-OL21036357M.jpeg,NO,NO,167.0000,201.0000,AUTO_ACCEPT,Strong author/title/language match and validated physical cover.,
NL,DUTCH_FLEMISH_CANON,Simon Vestdijk,1,10,15,/works/OL812205W,Het schandaal der Blauwbaarden,Simon Vestdijk,1.0000,1968,/books/OL4198739M,Het schandaal der Blauwbaarden,,dut,1.0000,902366664X,Njgh & Van Ditmar,1979,,13226616,VALID_COVER,331,500,JPEG,data/cache/nl-mass-editorial-engine/covers/NL-OL4198739M.jpeg,NO,NO,167.0000,201.0000,AUTO_ACCEPT,Strong author/title/language match and validated physical cover.,
NL,DUTCH_FLEMISH_CANON,Simon Vestdijk,1,10,15,/works/OL812216W,Het spook en de schaduw,Simon Vestdijk,1.0000,1966,/books/OL4172028M,Het spook en de schaduw,roman,dut,1.0000,9023666747,Nijgh & Van Ditmar,1980,,13205149,VALID_COVER,333,500,JPEG,data/cache/nl-mass-editorial-engine/covers/NL-OL4172028M.jpeg,NO,NO,167.0000,201.0000,AUTO_ACCEPT,Strong author/title/language match and validated physical cover.,
NL,DUTCH_FLEMISH_CANON,Simon Vestdijk,1,10,15,/works/OL812166W,Het wezen van de angst,Simon Vestdijk,1.0000,1968,/books/OL24326120M,Het wezen van de angst,,dut,1.0000,9023412302,De Bezige Bij,1979,,6451487,VALID_COVER,335,500,JPEG,data/cache/nl-mass-editorial-engine/covers/NL-OL24326120M.jpeg,NO,NO,167.0000,201.0000,AUTO_ACCEPT,Strong author/title/language match and validated physical cover.,
NL,DUTCH_FLEMISH_CANON,Simon Vestdijk,1,10,15,/works/OL812169W,Kind tussen vier vrouwen,Simon Vestdijk,1.0000,1972,/books/OL5378346M,Kind tussen vier vrouwen,de kroniek van een jongensleven,dut,1.0000,9023460251,De Bezige Bij,1972,,6451421,VALID_COVER,319,500,JPEG,data/cache/nl-mass-editorial-engine/covers/NL-OL5378346M.jpeg,NO,NO,167.0000,201.0000,AUTO_ACCEPT,Strong author/title/language match and validated physical cover.,
NL,DUTCH_FLEMISH_CANON,Simon Vestdijk,1,10,15,/works/OL812220W,Rumeiland,Simon Vestdijk,1.0000,1940,/books/OL3884369M,Rumeiland,"uit de papieren van Richard Beckford, behelzende het relaas van zijn lotgevallen op Jamaica, 1737-1738",dut,1.0000,902366681X,Nijgh & Van Ditmar,1981,,10225227,VALID_COVER,294,500,JPEG,data/cache/nl-mass-editorial-engine/covers/NL-OL3884369M.jpeg,NO,NO,167.0000,201.0000,AUTO_ACCEPT,Strong author/title/language match and validated physical cover.,
NL,DUTCH_FLEMISH_CANON,Simon Vestdijk,1,10,15,/works/OL812211W,Surrogaten voor Murk Tuinstra,Simon Vestdijk,1.0000,1948,/books/OL4516208M,Surrogaten voor Murk Tuinstra,de geschiedenis van een vriendschap,dut,1.0000,9023666577,Nijgh & Van Ditmar,1978,,4411191,VALID_COVER,128,204,JPEG,data/cache/nl-mass-editorial-engine/covers/NL-OL4516208M.jpeg,NO,NO,167.0000,201.0000,AUTO_ACCEPT,Strong author/title/language match and validated physical cover.,
NL,DUTCH_FLEMISH_CANON,Simon Vestdijk,1,10,15,/works/OL812225W,Terug tot Ina Damman,Simon Vestdijk,1.0000,1949,/books/OL24650500M,Terug tot Ina Damman,de geschiedenis van een jeugdliefde,dut,1.0000,9001547923,Wolters-Noordhoff,1993,,6757671,VALID_COVER,300,500,JPEG,data/cache/nl-mass-editorial-engine/covers/NL-OL24650500M.jpeg,NO,NO,167.0000,201.0000,AUTO_ACCEPT,Strong author/title/language match and validated physical cover.,
NL,DUTCH_FLEMISH_CANON,Simon Vestdijk,1,10,15,/works/OL812212W,Verzamelde verhalen,Simon Vestdijk,1.0000,1974,/books/OL4825670M,Verzamelde verhalen,,dut,1.0000,9023460294,De Bezige Bij,1974,,6451419,VALID_COVER,313,500,JPEG,data/cache/nl-mass-editorial-engine/covers/NL-OL4825670M.jpeg,NO,NO,167.0000,201.0000,AUTO_ACCEPT,Strong author/title/language match and validated physical cover.,
NL,DUTCH_FLEMISH_CANON,Stijn Streuvels,1,8,12,/works/OL19450769W,Album Stijn Streuvels,Stijn Streuvels | Hedwig Speliers,1.0000,1984,/books/OL2570174M,Album Stijn Streuvels,,dut,1.0000,9022309592,Manteau,1984,,13793881,VALID_COVER,257,341,JPEG,data/cache/nl-mass-editorial-engine/covers/NL-OL2570174M.jpeg,NO,NO,167.0000,201.0000,AUTO_ACCEPT,Strong author/title/language match and validated physical cover.,
NL,DUTCH_FLEMISH_CANON,Stijn Streuvels,1,8,12,/works/OL27975168W,Tien van Streuvels,Stijn Streuvels,1.0000,1973,/books/OL38246251M,Tien van Streuvels,,dut,1.0000,9789061520047,Davidsfonds,1973,,12792193,VALID_COVER,294,500,JPEG,data/cache/nl-mass-editorial-engine/covers/NL-OL38246251M.jpeg,NO,NO,167.0000,201.0000,AUTO_ACCEPT,Strong author/title/language match and validated physical cover.,
NL,DUTCH_FLEMISH_CANON,Stijn Streuvels,1,8,12,/works/OL962774W,Uit lust-met-de-penne --,Stijn Streuvels,1.0000,1982,/books/OL3200440M,Uit lust-met-de-penne --,"niet gebundelde opstellen, open brieven, boekbesprekingen, huldegroeten, enz.",dut,1.0000,9026410344,Orbis en Orion,1982,,4235770,VALID_COVER,128,193,JPEG,data/cache/nl-mass-editorial-engine/covers/NL-OL3200440M.jpeg,NO,NO,167.0000,201.0000,AUTO_ACCEPT,Strong author/title/language match and validated physical cover.,
NL,DUTCH_FLEMISH_CANON,Stijn Streuvels,1,8,12,/works/OL11105894W,Volledig werk,Stijn Streuvels,1.0000,1971,/books/OL17209973M,Volledig werk,,dut,1.0000,902641028X,Orion,1973,,5371495,VALID_COVER,128,203,JPEG,data/cache/nl-mass-editorial-engine/covers/NL-OL17209973M.jpeg,NO,NO,167.0000,201.0000,AUTO_ACCEPT,Strong author/title/language match and validated physical cover.,
NL,DUTCH_FLEMISH_CANON,Willem Elsschot,1,8,12,/works/OL1232212W,Brieven,Willem Elsschot,1.0000,1993,/books/OL1490947M,Brieven,,dut,1.0000,9021461501,Querido,1993,,13868110,VALID_COVER,289,450,JPEG,data/cache/nl-mass-editorial-engine/covers/NL-OL1490947M.jpeg,NO,NO,167.0000,201.0000,AUTO_ACCEPT,Strong author/title/language match and validated physical cover.,
NL,DUTCH_FLEMISH_CANON,Willem Elsschot,1,8,12,/works/OL11819846W,Lijmen,Willem Elsschot,1.0000,1969,/books/OL21015742M,Lijmen,Het been.,dut,1.0000,9021490471,Querido,1992,,11671395,VALID_COVER,315,500,JPEG,data/cache/nl-mass-editorial-engine/covers/NL-OL21015742M.jpeg,NO,NO,167.0000,201.0000,AUTO_ACCEPT,Strong author/title/language match and validated physical cover.,
NL,DUTCH_FLEMISH_CANON,Willem Elsschot,1,8,12,/works/OL1232226W,Zwijgen kan niet verbeterd worden,Willem Elsschot,1.0000,1979,/books/OL2502698M,Zwijgen kan niet verbeterd worden,ongebundelde teksten,dut,1.0000,9062130828,Loeb & Van der Velden,1979,,6717699,VALID_COVER,308,500,JPEG,data/cache/nl-mass-editorial-engine/covers/NL-OL2502698M.jpeg,NO,NO,167.0000,201.0000,AUTO_ACCEPT,Strong author/title/language match and validated physical cover.,
NL,DUTCH_FLEMISH_CANON,Nescio,1,5,7,/works/OL2795317W,Dichtertje ; De Uitvreter ; Titaantjes,Nescio,1.0000,1982,/books/OL25448371M,Dichtertje,,dut,0.9600,9038854951,Nijgh & Van Ditmar,1997,,7283574,VALID_COVER,405,500,JPEG,data/cache/nl-mass-editorial-engine/covers/NL-OL25448371M.jpeg,NO,NO,166.2000,200.2000,AUTO_ACCEPT,Strong author/title/language match and validated physical cover.,
NL,DUTCH_FLEMISH_CANON,Carry van Bruggen,1,6,9,/works/OL15719384W,Eva,Carry van Bruggen,1.0000,1927,/books/OL24639303M,Eva,,dut,1.0000,,Querido,1927,,6737283,VALID_COVER,349,500,JPEG,data/cache/nl-mass-editorial-engine/covers/NL-OL24639303M.jpeg,NO,NO,161.0000,190.0000,AUTO_ACCEPT,Strong author/title/language match and validated physical cover.,
NL,DUTCH_FLEMISH_CANON,Carry van Bruggen,1,6,9,/works/OL16503013W,Hedendaagsch fetischisme,Carry van Bruggen,1.0000,1948,/books/OL25200169M,Hedendaagsch fetischisme,,dut,1.0000,,Querido,1948,,7031989,VALID_COVER,323,500,JPEG,data/cache/nl-mass-editorial-engine/covers/NL-OL25200169M.jpeg,NO,NO,161.0000,190.0000,AUTO_ACCEPT,Strong author/title/language match and validated physical cover.,
NL,DUTCH_FLEMISH_CANON,Cyriel Buysse,1,8,12,/works/OL17080014W,Uit Vlaanderen,Cyriel Buysse,1.0000,1899,/books/OL25650008M,Uit Vlaanderen,,dut,1.0000,,H. J. W. BECHT,1899,,9651920,VALID_COVER,500,388,JPEG,data/cache/nl-mass-editorial-engine/covers/NL-OL25650008M.jpeg,NO,NO,161.0000,190.0000,AUTO_ACCEPT,Strong author/title/language match and validated physical cover.,
NL,DUTCH_FLEMISH_CANON,Felix Timmermans,1,8,12,/works/OL16821116W,Ik zag Cecilia komen,Felix Timmermans,1.0000,1938,/books/OL25448178M,Ik zag Cecilia komen,,dut,1.0000,,Van Kampen,[1938],,7283362,VALID_COVER,346,500,JPEG,data/cache/nl-mass-editorial-engine/covers/NL-OL25448178M.jpeg,NO,NO,161.0000,190.0000,AUTO_ACCEPT,Strong author/title/language match and validated physical cover.,
NL,DUTCH_FLEMISH_CANON,Felix Timmermans,1,8,12,/works/OL17930433W,Pallieter,Felix Timmermans,1.0000,1930,/books/OL26503791M,Pallieter,,dut,1.0000,,Project Gutenberg,2004 February 28,,12194820,VALID_COVER,333,500,JPEG,data/cache/nl-mass-editorial-engine/covers/NL-OL26503791M.jpeg,NO,NO,161.0000,190.0000,AUTO_ACCEPT,Strong author/title/language match and validated physical cover.,
NL,DUTCH_FLEMISH_CANON,Felix Timmermans,1,8,12,/works/OL16500109W,Pieter Bruegel,Felix Timmermans,1.0000,1941,/books/OL25198872M,Pieter Bruegel,Zoo heb ik u uit uw werken geroken,dut,1.0000,,P.N. van Kampen,1941,,7026595,VALID_COVER,325,500,JPEG,data/cache/nl-mass-editorial-engine/covers/NL-OL25198872M.jpeg,NO,NO,161.0000,190.0000,AUTO_ACCEPT,Strong author/title/language match and validated physical cover.,
NL,DUTCH_FLEMISH_CANON,Frederik van Eeden,1,6,9,/works/OL15369184W,De broeders,Frederik van Eeden,1.0000,1894,/books/OL24355616M,De broeders,tragedie van het recht,dut,1.0000,,W. Versluys,1894,,6580749,VALID_COVER,344,500,JPEG,data/cache/nl-mass-editorial-engine/covers/NL-OL24355616M.jpeg,NO,NO,161.0000,190.0000,AUTO_ACCEPT,Strong author/title/language match and validated physical cover.,
NL,DUTCH_FLEMISH_CANON,Frederik van Eeden,1,6,9,/works/OL1447291W,Ellen,Frederik van Eeden,1.0000,1900,/books/OL23358640M,Ellen,een lied van de samrt.,dut,1.0000,,W. Versluys,1900,,6112040,VALID_COVER,316,500,JPEG,data/cache/nl-mass-editorial-engine/covers/NL-OL23358640M.jpeg,NO,NO,161.0000,190.0000,AUTO_ACCEPT,Strong author/title/language match and validated physical cover.,
NL,DUTCH_FLEMISH_CANON,Frederik van Eeden,1,6,9,/works/OL1447279W,Enkele verzen,Frederik van Eeden,1.0000,1898,/books/OL23435722M,Enkele verzen,,dut,1.0000,,W. Versluys,1898,,6154107,VALID_COVER,386,500,JPEG,data/cache/nl-mass-editorial-engine/covers/NL-OL23435722M.jpeg,NO,NO,161.0000,190.0000,AUTO_ACCEPT,Strong author/title/language match and validated physical cover.,
NL,DUTCH_FLEMISH_CANON,Frederik van Eeden,1,6,9,/works/OL1447281W,Het lied van schijn en wezen,Frederik van Eeden,1.0000,1901,/books/OL22881813M,Het Lied van Schijn en wezen,eerste boek.,dut | eng,1.0000,,Versluys,1901,,7041941,VALID_COVER,350,500,JPEG,data/cache/nl-mass-editorial-engine/covers/NL-OL22881813M.jpeg,NO,NO,161.0000,190.0000,AUTO_ACCEPT,Strong author/title/language match and validated physical cover.,
NL,DUTCH_FLEMISH_CANON,Frederik van Eeden,1,6,9,/works/OL1447282W,"Het poortje: of, De duivel in Kruimelburg. Blijspel in vijf bedrijven en een voorspel",Frederik van Eeden,1.0000,1884,/books/OL23440503M,"Het poortje: of, De duivel in Kruimelburg. Blijspel in vijf bedrijven en een voorspel",,dut,1.0000,,A. Rossing,1884,,6158431,VALID_COVER,312,500,JPEG,data/cache/nl-mass-editorial-engine/covers/NL-OL23440503M.jpeg,NO,NO,161.0000,190.0000,AUTO_ACCEPT,Strong author/title/language match and validated physical cover.,
NL,DUTCH_FLEMISH_CANON,Frederik van Eeden,1,6,9,/works/OL15742255W,IJsbrand,Frederik van Eeden,1.0000,1908,/books/OL24653174M,IJsbrand,eene tragi-comedie,dut,1.0000,,Versluys,1908,,6763405,VALID_COVER,343,500,JPEG,data/cache/nl-mass-editorial-engine/covers/NL-OL24653174M.jpeg,NO,NO,161.0000,190.0000,AUTO_ACCEPT,Strong author/title/language match and validated physical cover.,
NL,DUTCH_FLEMISH_CANON,Frederik van Eeden,1,6,9,/works/OL1447284W,Johannes Viator: het boek van de liefde,Frederik van Eeden,1.0000,1895,/books/OL23441431M,Johannes Viator: het boek van de liefde,,dut,1.0000,,W. Versluys,1895,,6159229,VALID_COVER,353,500,JPEG,data/cache/nl-mass-editorial-engine/covers/NL-OL23441431M.jpeg,NO,NO,161.0000,190.0000,AUTO_ACCEPT,Strong author/title/language match and validated physical cover.,
NL,DUTCH_FLEMISH_CANON,Frederik van Eeden,1,6,9,/works/OL11928480W,Van de koele meren des doods,Frederik van Eeden,1.0000,1935,/books/OL25182238M,Van de koele meren des doods,,dut,1.0000,,Wereldbibliotheek,1935,,7018754,VALID_COVER,335,500,JPEG,data/cache/nl-mass-editorial-engine/covers/NL-OL25182238M.jpeg,NO,NO,161.0000,190.0000,AUTO_ACCEPT,Strong author/title/language match and validated physical cover.,
NL,DUTCH_FLEMISH_CANON,Frederik van Eeden,1,6,9,/works/OL15728261W,Van de passielooze leelie,Frederik van Eeden,1.0000,1920,/books/OL24644517M,Van de passielooze leelie,verzen,dut,1.0000,,W. Versluys,1920,,6745948,VALID_COVER,325,500,JPEG,data/cache/nl-mass-editorial-engine/covers/NL-OL24644517M.jpeg,NO,NO,161.0000,190.0000,AUTO_ACCEPT,Strong author/title/language match and validated physical cover.,
NL,DUTCH_FLEMISH_CANON,Herman Teirlinck,1,7,10,/works/OL15684585W,De vertraagde film,Herman Teirlinck,1.0000,1922,/books/OL24612924M,De vertraagde film,"een gedanst, gezongen en gesproken drama in drie bedrijven",dut,1.0000,,Maatschappij voor Goede & Goedkoope Lectuur,1922,,6710440,VALID_COVER,336,500,JPEG,data/cache/nl-mass-editorial-engine/covers/NL-OL24612924M.jpeg,NO,NO,161.0000,190.0000,AUTO_ACCEPT,Strong author/title/language match and validated physical cover.,
NL,DUTCH_FLEMISH_CANON,Joost van den Vondel,1,8,12,/works/OL1457319W,Alle de Werken,Joost van den Vondel,1.0000,1900,/books/OL23271148M,Alle de Werken,,dut,1.0000,,Leeuw,1900,,6465772,VALID_COVER,273,500,JPEG,data/cache/nl-mass-editorial-engine/covers/NL-OL23271148M.jpeg,NO,NO,161.0000,190.0000,AUTO_ACCEPT,Strong author/title/language match and validated physical cover.,
NL,DUTCH_FLEMISH_CANON,Joost van den Vondel,1,8,12,/works/OL1457321W,De werken van J. van den Vondel,Joost van den Vondel,1.0000,1888,/books/OL23357110M,De werken van J. van den Vondel,,dut,1.0000,,A.W. Sijthoff,1888,,6111069,VALID_COVER,294,500,JPEG,data/cache/nl-mass-editorial-engine/covers/NL-OL23357110M.jpeg,NO,NO,161.0000,190.0000,AUTO_ACCEPT,Strong author/title/language match and validated physical cover.,
NL,DUTCH_FLEMISH_CANON,Joost van den Vondel,1,8,12,/works/OL24972810W,"Op het onset van Piet Heyns buyt, het VVest-Injes-Huys spreeckt",Joost van den Vondel,1.0000,1629,/books/OL33197417M,"Op het onset van Piet Heyns buyt, het VVest-Injes-Huys spreeckt",,dut,1.0000,,W.J. Blaeu?,1629,,11906177,VALID_COVER,352,500,JPEG,data/cache/nl-mass-editorial-engine/covers/NL-OL33197417M.jpeg,NO,NO,161.0000,190.0000,AUTO_ACCEPT,Strong author/title/language match and validated physical cover.,
NL,DUTCH_FLEMISH_CANON,Joost van den Vondel,1,8,12,/works/OL1457312W,Toneelspelen,Joost van den Vondel,1.0000,1949,/books/OL16390644M,Toneelspelen,,dut,1.0000,,Elsevier,1949,,7069658,VALID_COVER,322,500,JPEG,data/cache/nl-mass-editorial-engine/covers/NL-OL16390644M.jpeg,NO,NO,161.0000,190.0000,AUTO_ACCEPT,Strong author/title/language match and validated physical cover.,
NL,DUTCH_FLEMISH_CANON,Joost van den Vondel,1,8,12,/works/OL15229797W,Toonneel des menschelikken levens,Joost van den Vondel,1.0000,1661,/books/OL24144089M,Toonneel des menschelikken levens,"Of de vernieuwde gulden winkel ; waer in door poëtische, historische, morale, en schriftuurlikke leeringen, den mensche vertoont werdt, hoedanigh hy zijn leven, handel, en wandel, zediglik, eerbaarlik en vermakelik fal overbrengen",dut,1.0000,,"By Jacobus vanden Bergh, Boeckverkooper in de Gast-huys Molen-steegh, naest de Heere-gracht, in de Amsterdamse Biblioteeck",1661,,6322931,VALID_COVER,349,500,JPEG,data/cache/nl-mass-editorial-engine/covers/NL-OL24144089M.jpeg,NO,NO,161.0000,190.0000,AUTO_ACCEPT,Strong author/title/language match and validated physical cover.,
NL,DUTCH_FLEMISH_CANON,Joost van den Vondel,1,8,12,/works/OL18130201W,"Toonneel des menschelyken levens, of, De vernieuwde gulden winkel",Joost van den Vondel,1.0000,1718,/books/OL23348849M,"Toonneel des menschelyken levens, of, De vernieuwde gulden winkel","waar in door poëtische, historische, morale, en schriftuurlijke leeringen, den mensche vertoont werd, hoedanig hy zijn leven, handel, en wandel, zediglijk, eerbaarlijk en vermakelijk zal overbrengen",dut,1.0000,,By Jan Graal ...,1718,,6075327,VALID_COVER,357,500,JPEG,data/cache/nl-mass-editorial-engine/covers/NL-OL23348849M.jpeg,NO,NO,161.0000,190.0000,AUTO_ACCEPT,Strong author/title/language match and validated physical cover.,
NL,DUTCH_FLEMISH_CANON,Joost van den Vondel,1,8,12,/works/OL24994483W,Vorstelijcke warande der dieren,Joost van den Vondel,1.0000,1682,/books/OL33224940M,Vorstelijcke warande der dieren,"waer in de zeden-rijcke philosophie, poëtisch, morael, en historiael, vermakelijck en treffelijck wort voorgestelt : mit exempelen uyt de oude historien, in prose",dut,1.0000,,"Sander Wybrantsz, Jan Blom, Andries Vinck, en Aert Dircksz. Oossaen",1682,,11937595,VALID_COVER,381,500,JPEG,data/cache/nl-mass-editorial-engine/covers/NL-OL33224940M.jpeg,NO,NO,161.0000,190.0000,AUTO_ACCEPT,Strong author/title/language match and validated physical cover.,
NL,DUTCH_FLEMISH_CANON,Louis Couperus,1,10,15,/works/OL1456867W,De boeken der kleine zielen,Louis Couperus,1.0000,1940,/books/OL24651395M,De boeken der kleine zielen,,dut,1.0000,,Van Kampen,1969,,6759582,VALID_COVER,347,500,JPEG,data/cache/nl-mass-editorial-engine/covers/NL-OL24651395M.jpeg,NO,NO,161.0000,190.0000,AUTO_ACCEPT,Strong author/title/language match and validated physical cover.,
NL,DUTCH_FLEMISH_CANON,Louis Couperus,1,10,15,/works/OL15702525W,Reis-impressies,Louis Couperus,1.0000,1894,/books/OL24627092M,Reis-impressies,,dut,1.0000,,Veen,[1894],,6717098,VALID_COVER,387,500,JPEG,data/cache/nl-mass-editorial-engine/covers/NL-OL24627092M.jpeg,NO,NO,161.0000,190.0000,AUTO_ACCEPT,Strong author/title/language match and validated physical cover.,
NL,DUTCH_FLEMISH_CANON,Louis Couperus,1,10,15,/works/OL1456918W,The hidden force,Louis Couperus,1.0000,1921,/books/OL7199257M,The hidden force,a story of modern Java,eng | dut,1.0000,,Cape,1922,,5674862,VALID_COVER,304,500,JPEG,data/cache/nl-mass-editorial-engine/covers/NL-OL7199257M.jpeg,NO,NO,161.0000,190.0000,AUTO_ACCEPT,Strong author/title/language match and validated physical cover.,
NL,DUTCH_FLEMISH_CANON,Louis Couperus,1,10,15,/works/OL1456915W,The twilight of the souls,Louis Couperus,1.0000,1917,/books/OL7219522M,The twilight of the souls,,eng | dut,1.0000,,Dodd,1920,,5690406,VALID_COVER,322,500,JPEG,data/cache/nl-mass-editorial-engine/covers/NL-OL7219522M.jpeg,NO,NO,161.0000,190.0000,AUTO_ACCEPT,Strong author/title/language match and validated physical cover.,
NL,DUTCH_FLEMISH_CANON,Louis Couperus,1,10,15,/works/OL1456896W,Wereldvrede ..,Louis Couperus,1.0000,1895,/books/OL24626849M,Wereldvrede,,dut,1.0000,,Veen,1924,,6716969,VALID_COVER,391,500,JPEG,data/cache/nl-mass-editorial-engine/covers/NL-OL24626849M.jpeg,NO,NO,161.0000,190.0000,AUTO_ACCEPT,Strong author/title/language match and validated physical cover.,
NL,DUTCH_FLEMISH_CANON,Louis Couperus,1,10,15,/works/OL15728542W,Williswinde,Louis Couperus,1.0000,1895,/books/OL24651296M,Williswinde,,dut,1.0000,,Veen,[1895],,6759407,VALID_COVER,390,500,JPEG,data/cache/nl-mass-editorial-engine/covers/NL-OL24651296M.jpeg,NO,NO,161.0000,190.0000,AUTO_ACCEPT,Strong author/title/language match and validated physical cover.,
NL,DUTCH_FLEMISH_CANON,Marcellus Emants,1,5,8,/works/OL15361232W,De krankzinnigheid die leven heet,Marcellus Emants | Abraham Elias d'Oliveira,1.0000,1982,/books/OL24347682M,De krankzinnigheid die leven heet,Marcellus Emants in gesprek met E. d'Oliveira,dut,1.0000,,De Hak,1982,,6463859,VALID_COVER,353,500,JPEG,data/cache/nl-mass-editorial-engine/covers/NL-OL24347682M.jpeg,NO,NO,161.0000,190.0000,AUTO_ACCEPT,Strong author/title/language match and validated physical cover.,
NL,DUTCH_FLEMISH_CANON,Marcellus Emants,1,5,8,/works/OL15166823W,Godenschemering,Marcellus Emants,1.0000,1885,/books/OL24331006M,Godenschemering,een gedicht,dut,1.0000,,Tjeenk Willink,1921,,6458120,VALID_COVER,325,500,JPEG,data/cache/nl-mass-editorial-engine/covers/NL-OL24331006M.jpeg,NO,NO,161.0000,190.0000,AUTO_ACCEPT,Strong author/title/language match and validated physical cover.,
NL,DUTCH_FLEMISH_CANON,Marcellus Emants,1,5,8,/works/OL2349744W,Lilith,Marcellus Emants,1.0000,1885,/books/OL24235778M,Lilith,gedicht in drie zangen,dut,1.0000,,Tjeenk Willink & Zoon,[1885],,6457990,VALID_COVER,326,500,JPEG,data/cache/nl-mass-editorial-engine/covers/NL-OL24235778M.jpeg,NO,NO,161.0000,190.0000,AUTO_ACCEPT,Strong author/title/language match and validated physical cover.,
NL,DUTCH_FLEMISH_CANON,Marcellus Emants,1,5,8,/works/OL15347153W,Onze onzalige erfenis,Marcellus Emants | Robert Nieuwenhuys,1.0000,1964,/books/OL24334599M,Onze onzalige erfenis,,dut,1.0000,,Van Oorschot,1964,,6461045,VALID_COVER,323,500,JPEG,data/cache/nl-mass-editorial-engine/covers/NL-OL24334599M.jpeg,NO,NO,161.0000,190.0000,AUTO_ACCEPT,Strong author/title/language match and validated physical cover.,
NL,DUTCH_FLEMISH_CANON,Marcellus Emants,1,5,8,/works/OL2349749W,Pro domo,Marcellus Emants,1.0000,1967,/books/OL5661251M,Pro domo,essays,dut,1.0000,,Van Oorschot,[1967],,6461193,VALID_COVER,297,500,JPEG,data/cache/nl-mass-editorial-engine/covers/NL-OL5661251M.jpeg,NO,NO,161.0000,190.0000,AUTO_ACCEPT,Strong author/title/language match and validated physical cover.,
NL,DUTCH_FLEMISH_CANON,Maurice Gilliams,1,5,8,/works/OL1456402W,De Man voor het Venster,Maurice Gilliams,1.0000,1943,/books/OL232425M,De Man voor het Venster,Aanteekeningen,dut,1.0000,,De Nederlandsche Boekhandel,1943,,6781470,VALID_COVER,317,500,JPEG,data/cache/nl-mass-editorial-engine/covers/NL-OL232425M.jpeg,NO,NO,161.0000,190.0000,AUTO_ACCEPT,Strong author/title/language match and validated physical cover.,
NL,DUTCH_FLEMISH_CANON,Maurice Gilliams,1,5,8,/works/OL1456410W,ELIAS,Maurice Gilliams,1.0000,1947,/books/OL22905454M,ELIAS,Of het Gevecht met de Nachtegalen,dut,1.0000,,J.M. Meulenhoff,1947,,6781453,VALID_COVER,325,500,JPEG,data/cache/nl-mass-editorial-engine/covers/NL-OL22905454M.jpeg,NO,NO,161.0000,190.0000,AUTO_ACCEPT,Strong author/title/language match and validated physical cover.,
NL,DUTCH_FLEMISH_CANON,Menno ter Braak,1,5,8,/works/OL15232465W,De nieuwe elite,Menno ter Braak,1.0000,1945,/books/OL24327682M,De nieuwe elite,,dut,1.0000,,Stols,1945,,6452560,VALID_COVER,332,500,JPEG,data/cache/nl-mass-editorial-engine/covers/NL-OL24327682M.jpeg,NO,NO,161.0000,190.0000,AUTO_ACCEPT,Strong author/title/language match and validated physical cover.,
NL,DUTCH_FLEMISH_CANON,Menno ter Braak,1,5,8,/works/OL15824302W,Het Verraad der Vlaggen,Menno ter Braak,1.0000,1967,/books/OL24735196M,Het Verraad der Vlaggen,,dut,1.0000,,Querido,1967,,6788717,VALID_COVER,317,500,JPEG,data/cache/nl-mass-editorial-engine/covers/NL-OL24735196M.jpeg,NO,NO,161.0000,190.0000,AUTO_ACCEPT,Strong author/title/language match and validated physical cover.,
NL,DUTCH_FLEMISH_CANON,Menno ter Braak,1,5,8,/works/OL16481527W,Journaal 1939,Menno ter Braak,1.0000,1945,/books/OL25182235M,Journaal 1939,,dut,1.0000,,De Bezige Bij,1945,,7018749,VALID_COVER,315,500,JPEG,data/cache/nl-mass-editorial-engine/covers/NL-OL25182235M.jpeg,NO,NO,161.0000,190.0000,AUTO_ACCEPT,Strong author/title/language match and validated physical cover.,
NL,DUTCH_FLEMISH_CANON,Multatuli,1,8,12,/works/OL16901037W,Minnebrieven,Multatuli,1.0000,1865,/books/OL25521150M,Minnebrieven,,dut,1.0000,,R.C. Meijer,1865,,9658736,VALID_COVER,332,500,JPEG,data/cache/nl-mass-editorial-engine/covers/NL-OL25521150M.jpeg,NO,NO,161.0000,190.0000,AUTO_ACCEPT,Strong author/title/language match and validated physical cover.,
NL,DUTCH_FLEMISH_CANON,Simon Vestdijk,1,10,15,/works/OL812189W,Bevrijdingsfeest,Simon Vestdijk,1.0000,1949,/books/OL24327863M,Bevrijdingsfeest,roman,dut,1.0000,,Salm,1949,,6452898,VALID_COVER,322,500,JPEG,data/cache/nl-mass-editorial-engine/covers/NL-OL24327863M.jpeg,NO,NO,161.0000,190.0000,AUTO_ACCEPT,Strong author/title/language match and validated physical cover.,
NL,DUTCH_FLEMISH_CANON,Simon Vestdijk,1,10,15,/works/OL812222W,De dokter en het lichte meisje,Simon Vestdijk,1.0000,1951,/books/OL22918381M,De dokter en het lichte meisje,roman,dut,1.0000,,De Bezige Bij,1951,,6717083,VALID_COVER,315,500,JPEG,data/cache/nl-mass-editorial-engine/covers/NL-OL22918381M.jpeg,NO,NO,161.0000,190.0000,AUTO_ACCEPT,Strong author/title/language match and validated physical cover.,
NL,DUTCH_FLEMISH_CANON,Simon Vestdijk,1,10,15,/works/OL812224W,De kellner en de levenden,Simon Vestdijk,1.0000,1949,/books/OL24326235M,De kellner en de levenden,roman,dut,1.0000,,De Bezige Bij,1950,,6718252,VALID_COVER,335,500,JPEG,data/cache/nl-mass-editorial-engine/covers/NL-OL24326235M.jpeg,NO,NO,161.0000,190.0000,AUTO_ACCEPT,Strong author/title/language match and validated physical cover.,
NL,DUTCH_FLEMISH_CANON,Simon Vestdijk,1,10,15,/works/OL812194W,De koperen tuin,Simon Vestdijk,1.0000,1950,/books/OL22918384M,De koperen tuin,roman,dut,1.0000,,Nijgh & Van Ditmar,1950,,6718254,VALID_COVER,309,500,JPEG,data/cache/nl-mass-editorial-engine/covers/NL-OL22918384M.jpeg,NO,NO,161.0000,190.0000,AUTO_ACCEPT,Strong author/title/language match and validated physical cover.,
NL,DUTCH_FLEMISH_CANON,Simon Vestdijk,1,10,15,/works/OL812144W,De nadagen van Pilatus,Simon Vestdijk,1.0000,1959,/books/OL25483817M,De nadagen van Pilatus,,dut,1.0000,,De Arbeiderspers,1959,,7284661,VALID_COVER,307,500,JPEG,data/cache/nl-mass-editorial-engine/covers/NL-OL25483817M.jpeg,NO,NO,161.0000,190.0000,AUTO_ACCEPT,Strong author/title/language match and validated physical cover.,
NL,DUTCH_FLEMISH_CANON,Simon Vestdijk,1,10,15,/works/OL812152W,De toekomst der religie,Simon Vestdijk,1.0000,1965,/books/OL24326138M,De toekomst der religie,,dut,1.0000,,Van Loghum Slaterus,1965,,6451512,VALID_COVER,335,500,JPEG,data/cache/nl-mass-editorial-engine/covers/NL-OL24326138M.jpeg,NO,NO,161.0000,190.0000,AUTO_ACCEPT,Strong author/title/language match and validated physical cover.,
NL,DUTCH_FLEMISH_CANON,Simon Vestdijk,1,10,15,/works/OL15193551W,Fabels met kleurkrijt,Simon Vestdijk,1.0000,1956,/books/OL24326156M,Fabels met kleurkrijt,,dut,1.0000,,Athenaeum-Polak & Van Gennep,1980,,6451532,VALID_COVER,329,500,JPEG,data/cache/nl-mass-editorial-engine/covers/NL-OL24326156M.jpeg,NO,NO,161.0000,190.0000,AUTO_ACCEPT,Strong author/title/language match and validated physical cover.,
NL,DUTCH_FLEMISH_CANON,Simon Vestdijk,1,10,15,/works/OL812158W,Gallische facetten,Simon Vestdijk,1.0000,1968,/books/OL5667943M,Gallische facetten,"opstellen over: Constant, Proust, Giono, Radiguet, Simenon, Dupré, Jünger",dut,1.0000,,Bert Bakker/Daamen,1968,,6451426,VALID_COVER,327,500,JPEG,data/cache/nl-mass-editorial-engine/covers/NL-OL5667943M.jpeg,NO,NO,161.0000,190.0000,AUTO_ACCEPT,Strong author/title/language match and validated physical cover.,
NL,DUTCH_FLEMISH_CANON,Simon Vestdijk,1,10,15,/works/OL812159W,Gestalten tegenover mij,Simon Vestdijk,1.0000,1961,/books/OL4358717M,Gestalten tegenover mij,persoonlijke herinneringen,dut,1.0000,,Bert Bakker/Daamen,1961,,6751945,VALID_COVER,354,500,JPEG,data/cache/nl-mass-editorial-engine/covers/NL-OL4358717M.jpeg,NO,NO,161.0000,190.0000,AUTO_ACCEPT,Strong author/title/language match and validated physical cover.,
NL,DUTCH_FLEMISH_CANON,Simon Vestdijk,1,10,15,/works/OL812163W,Het schuldprobleem bij Dostojewski,Simon Vestdijk,1.0000,1945,/books/OL191972M,Het schuldprobleem bij Dostojewski,,dut,1.0000,,Bayard pers/Kroonder,1945,,6452895,VALID_COVER,326,500,JPEG,data/cache/nl-mass-editorial-engine/covers/NL-OL191972M.jpeg,NO,NO,161.0000,190.0000,AUTO_ACCEPT,Strong author/title/language match and validated physical cover.,
NL,DUTCH_FLEMISH_CANON,Simon Vestdijk,1,10,15,/works/OL812168W,Iersche nachten,Simon Vestdijk,1.0000,1946,/books/OL24650665M,Iersche nachten,roman,dut,1.0000,,Nijgh & Van Ditmar,1946,,6757924,VALID_COVER,299,500,JPEG,data/cache/nl-mass-editorial-engine/covers/NL-OL24650665M.jpeg,NO,NO,161.0000,190.0000,AUTO_ACCEPT,Strong author/title/language match and validated physical cover.,
NL,DUTCH_FLEMISH_CANON,Simon Vestdijk,1,10,15,/works/OL812207W,Ivoren wachters,Simon Vestdijk,1.0000,1951,/books/OL22918388M,Ivoren wachters,roman,dut,1.0000,,De Bezige Bij,[1951],,6751197,VALID_COVER,346,500,JPEG,data/cache/nl-mass-editorial-engine/covers/NL-OL22918388M.jpeg,NO,NO,161.0000,190.0000,AUTO_ACCEPT,Strong author/title/language match and validated physical cover.,
NL,DUTCH_FLEMISH_CANON,Simon Vestdijk,1,10,15,/works/OL812172W,Merlijn,Simon Vestdijk,1.0000,1957,/books/OL24326155M,Merlijn,een drama in verzen,dut,1.0000,,Bert Bakker/Daamen,1957,,6451531,VALID_COVER,294,500,JPEG,data/cache/nl-mass-editorial-engine/covers/NL-OL24326155M.jpeg,NO,NO,161.0000,190.0000,AUTO_ACCEPT,Strong author/title/language match and validated physical cover.,
NL,DUTCH_FLEMISH_CANON,Simon Vestdijk,1,10,15,/works/OL812174W,Mnemosyne in de bergen,Simon Vestdijk,1.0000,1946,/books/OL230026M,Mnemosyne in de bergen,een episch gedicht in negen zangen,dut,1.0000,,De Bezige Bij,1946,,6717253,VALID_COVER,333,500,JPEG,data/cache/nl-mass-editorial-engine/covers/NL-OL230026M.jpeg,NO,NO,161.0000,190.0000,AUTO_ACCEPT,Strong author/title/language match and validated physical cover.,
NL,DUTCH_FLEMISH_CANON,Simon Vestdijk,1,10,15,/works/OL812210W,Stomme getuigen,Simon Vestdijk,1.0000,1946,/books/OL6520116M,Stomme getuigen,verhalen,dut,1.0000,,Uitgeverij Contact,1946,,6451424,VALID_COVER,312,500,JPEG,data/cache/nl-mass-editorial-engine/covers/NL-OL6520116M.jpeg,NO,NO,161.0000,190.0000,AUTO_ACCEPT,Strong author/title/language match and validated physical cover.,
NL,DUTCH_FLEMISH_CANON,Stijn Streuvels,1,8,12,/works/OL15732513W,De oogst,Stijn Streuvels,1.0000,1910,/books/OL24647333M,De oogst,,dut,1.0000,,L.J. Veen,1910,,6750677,VALID_COVER,325,500,JPEG,data/cache/nl-mass-editorial-engine/covers/NL-OL24647333M.jpeg,NO,NO,161.0000,190.0000,AUTO_ACCEPT,Strong author/title/language match and validated physical cover.,
NL,DUTCH_FLEMISH_CANON,Stijn Streuvels,1,8,12,/works/OL962779W,The Path of Life,Stijn Streuvels,1.0000,1915,/books/OL6582606M,The path of life,,eng | dut,1.0000,,"Dodd, Mead and Company",1915,,5745116,VALID_COVER,311,500,JPEG,data/cache/nl-mass-editorial-engine/covers/NL-OL6582606M.jpeg,NO,NO,161.0000,190.0000,AUTO_ACCEPT,Strong author/title/language match and validated physical cover.,
NL,DUTCH_FLEMISH_CANON,Willem Elsschot,1,8,12,/works/OL35348053W,Three novels,Willem Elsschot,1.0000,1965,/books/OL47763120M,Three novels,Soft soap; The leg; Will-o'-the-wisp,eng | dut,1.0000,,Sijthoff,1965,,14310151,VALID_COVER,287,500,JPEG,data/cache/nl-mass-editorial-engine/covers/NL-OL47763120M.jpeg,NO,NO,161.0000,190.0000,AUTO_ACCEPT,Strong author/title/language match and validated physical cover.,
NL,DUTCH_FLEMISH_CANON,Felix Timmermans,1,8,12,/works/OL1271066W,Het kindeken Jezus in Vlaanderen,Felix Timmermans,1.0000,1900,/books/OL23303338M,kindeken Jezus in Vlaanderen,,dut,0.9600,,P.N. van Kampen,1900,,6511298,VALID_COVER,318,500,JPEG,data/cache/nl-mass-editorial-engine/covers/NL-OL23303338M.jpeg,NO,NO,160.2000,189.2000,AUTO_ACCEPT,Strong author/title/language match and validated physical cover.,
NL,DUTCH_FLEMISH_CANON,Herman Teirlinck,1,7,10,/works/OL1458689W,Mijnheer J.B. Serjanszoon ; Johan Doxa,Herman Teirlinck,1.0000,1951,/books/OL16395275M,Mijnheer J.B. Serjanszoon,,dut,0.9600,,Elsevier,1951,,6751083,VALID_COVER,500,419,JPEG,data/cache/nl-mass-editorial-engine/covers/NL-OL16395275M.jpeg,NO,NO,160.2000,189.2000,AUTO_ACCEPT,Strong author/title/language match and validated physical cover.,
NL,DUTCH_FLEMISH_CANON,Joost van den Vondel,1,8,12,/works/OL1457320W,De vernieuwde gulden winckel der kunstliebende Nederlanders *,Joost van den Vondel,1.0000,1622,/books/OL23294275M,vernieuwde gulden winckel der kunstliebende Nederlanders,"waer in den mensche door poëtische, historische en morale leeringen, vertoont wort, hoedanigh hy zijn leven, handel ende wandel, zedighlijck, eerbaerlijck en vermakelijck sal overbrengen : hier is by ghevoeght het tweede deel, waer in 't vvelvaren der vereenighde Nederlanden, en de droeve vvtvaert van Henricus de Grote, coningh van Vranckrijck en Navarre, &c. : nessens andere stichtelijcke dinghen, den konst-beminders worden voor oogen ghestelt",dut,0.9600,,Door Dirck Pietersz. ...,1622,,6075335,VALID_COVER,369,500,JPEG,data/cache/nl-mass-editorial-engine/covers/NL-OL23294275M.jpeg,NO,NO,160.2000,189.2000,AUTO_ACCEPT,Strong author/title/language match and validated physical cover.,
NL,DUTCH_FLEMISH_CANON,Marcellus Emants,1,5,8,/works/OL2349740W,Juffrouw Lina,Marcellus Emants,1.0000,1888,/books/OL23443692M,Juffrouw Lina: een portret,,dut,0.9600,,W. Cremer,1888,,6160955,VALID_COVER,310,500,JPEG,data/cache/nl-mass-editorial-engine/covers/NL-OL23443692M.jpeg,NO,NO,160.2000,189.2000,AUTO_ACCEPT,Strong author/title/language match and validated physical cover.,
NL,DUTCH_FLEMISH_CANON,Simon Vestdijk,1,10,15,/works/OL812143W,De  leugen is onze moeder en andere essays over,Simon Vestdijk,1.0000,1965,/books/OL5345531M,"De  leugen is onze moeder en andere essays over: filosofie, psychologie, beeldende kunst, literatuur",,dut,0.9600,,Bert Bakker/Daamen,1965,,6451427,VALID_COVER,327,500,JPEG,data/cache/nl-mass-editorial-engine/covers/NL-OL5345531M.jpeg,NO,NO,160.2000,189.2000,AUTO_ACCEPT,Strong author/title/language match and validated physical cover.,
NL,DUTCH_FLEMISH_CANON,Marcellus Emants,1,5,8,/works/OL2349733W,Argwaan,Marcellus Emants,1.0000,1988,/books/OL2236056M,Argwaan,,dut,1.0000,9065510060,Goossens,1988,,6275491,IMAGE_TOO_SMALL,100,158,JPEG,,NO,NO,167.0000,176.0000,REJECT,Physical cover validation failed: IMAGE_TOO_SMALL,
NL,DUTCH_FLEMISH_CANON,Carry van Bruggen,1,6,9,/works/OL4680070W,Carry van Bruggen,Carry van Bruggen,1.0000,1985,/books/OL2630496M,Carry van Bruggen,een documentatie,dut,1.0000,9023656164,Nijgh & Van Ditmar,1985,,,NOT_PROBED,,,,,NO,NO,155.0000,164.0000,REJECT,No cover candidate.,
NL,DUTCH_FLEMISH_CANON,Carry van Bruggen,1,6,9,/works/OL28631050W,Hedendaags Fetisjisme,Carry van Bruggen,1.0000,2006,/books/OL39283551M,Hedendaags Fetisjisme,,dut,1.0000,9789048504299,Amsterdam University Press,2006,,,NOT_PROBED,,,,,NO,NO,155.0000,164.0000,REJECT,No cover candidate.,
NL,DUTCH_FLEMISH_CANON,Carry van Bruggen,1,6,9,/works/OL30819424W,Het Joodje,Carry van Bruggen,1.0000,2020,/books/OL42344969M,Het Joodje,,dut,1.0000,9798682718085,Independently Published,2020,,,NOT_PROBED,,,,,NO,NO,155.0000,164.0000,REJECT,No cover candidate.,
NL,DUTCH_FLEMISH_CANON,Carry van Bruggen,1,6,9,/works/OL4680074W,Plattelandjes,Carry van Bruggen,1.0000,1988,/books/OL2254339M,Plattelandjes,Larense columns,dut,1.0000,907138036X,Conserve,1988,,,NOT_PROBED,,,,,NO,NO,155.0000,164.0000,REJECT,No cover candidate.,
NL,DUTCH_FLEMISH_CANON,Carry van Bruggen,1,6,9,/works/OL4680075W,Tegen de dwang,Carry van Bruggen,1.0000,1981,/books/OL3879846M,Tegen de dwang,een keuze uit de verhalen,dut,1.0000,902145453X,Querido,1981,,,NOT_PROBED,,,,,NO,NO,155.0000,164.0000,REJECT,No cover candidate.,
NL,DUTCH_FLEMISH_CANON,Carry van Bruggen,1,6,9,/works/OL42705521W,Tirol,Carry van Bruggen | Ruth Wolf,1.0000,1989,/books/OL58088499M,Tirol,reisimpressies,dut,1.0000,9071380610,Conserve,1989,,,NOT_PROBED,,,,,NO,NO,155.0000,164.0000,REJECT,No cover candidate.,
NL,DUTCH_FLEMISH_CANON,Carry van Bruggen,1,6,9,/works/OL4680076W,Uit het leven van een denkende vrouw,Carry van Bruggen,1.0000,1985,/books/OL22011307M,Uit het leven van een denkende vrouw,,dut,1.0000,9023656504,Nijgh & Van Ditmar,1985,,,NOT_PROBED,,,,,NO,NO,155.0000,164.0000,REJECT,No cover candidate.,
NL,DUTCH_FLEMISH_CANON,Carry van Bruggen,1,6,9,/works/OL35559417W,Verhalend proza,Carry van Bruggen,1.0000,2007,/books/OL47993887M,Verhalend proza,,dut,1.0000,9789028241213,van Oorschot,2007,,,NOT_PROBED,,,,,NO,NO,155.0000,164.0000,REJECT,No cover candidate.,
NL,DUTCH_FLEMISH_CANON,Carry van Bruggen,1,6,9,/works/OL4680079W,Vijf romans,Carry van Bruggen,1.0000,1979,/books/OL21108494M,Vijf romans,,dut,1.0000,9021454513,Querido,1979,,,NOT_PROBED,,,,,NO,NO,155.0000,164.0000,REJECT,No cover candidate.,
NL,DUTCH_FLEMISH_CANON,Cyriel Buysse,1,8,12,/works/OL17080409W,Boeketje Buysse,Cyriel Buysse,1.0000,1974,/books/OL5269515M,Boeketje Buysse,"een levensschets en een bibliografisch overzicht, gevolgd door getuigenissen en verlucht met vele illustraties",dut,1.0000,9022304442,Manteau,1974,,,NOT_PROBED,,,,,NO,NO,155.0000,164.0000,REJECT,No cover candidate.,
NL,DUTCH_FLEMISH_CANON,Cyriel Buysse,1,8,12,/works/OL1441371W,Cyriel Buysse,Cyriel Buysse,1.0000,1996,/books/OL745353M,Cyriel Buysse,,dut,1.0000,9029060034,Meulenhoff,1996,,,NOT_PROBED,,,,,NO,NO,155.0000,164.0000,REJECT,No cover candidate.,
NL,DUTCH_FLEMISH_CANON,Cyriel Buysse,1,8,12,/works/OL30892938W,Het Recht Van de Sterkste,Cyriel Buysse,1.0000,2020,/books/OL42442439M,Het Recht Van de Sterkste,,dut,1.0000,9798682783588,Independently Published,2020,,,NOT_PROBED,,,,,NO,NO,155.0000,164.0000,REJECT,No cover candidate.,
NL,DUTCH_FLEMISH_CANON,Cyriel Buysse,1,8,12,/works/OL43629738W,In betere kringen. Satirische verhalen van Cyriel Buysse,Cyriel Buysse | Joris van Parys,1.0000,2020,/books/OL59475447M,In betere kringen. Satirische verhalen van Cyriel Buysse,,dut,1.0000,9789089248220,Houtekiet,2020,,,NOT_PROBED,,,,,NO,NO,155.0000,164.0000,REJECT,No cover candidate.,
NL,DUTCH_FLEMISH_CANON,Cyriel Buysse,1,8,12,/works/OL22950784W,Oorlogsverhalen,Cyriel Buysse,1.0000,2015,/books/OL30858025M,Oorlogsverhalen,,dut,1.0000,9789401421393,Lannoo Campus,2015,,,NOT_PROBED,,,,,NO,NO,155.0000,164.0000,REJECT,No cover candidate.,
NL,DUTCH_FLEMISH_CANON,Cyriel Buysse,1,8,12,/works/OL1441375W,Romans en verhalen,Cyriel Buysse,1.0000,1986,/books/OL2439344M,Romans en verhalen,,dut,1.0000,9061521963,Davidsfonds,1986,,,NOT_PROBED,,,,,NO,NO,155.0000,164.0000,REJECT,No cover candidate.,
NL,DUTCH_FLEMISH_CANON,Cyriel Buysse,1,8,12,/works/OL30897314W,Tantes,Cyriel Buysse,1.0000,2020,/books/OL42448730M,Tantes,,dut,1.0000,9798682554447,Independently Published,2020,,,NOT_PROBED,,,,,NO,NO,155.0000,164.0000,REJECT,No cover candidate.,
NL,DUTCH_FLEMISH_CANON,E. du Perron,1,5,8,/works/OL42906483W,318 arresten over burgerlijk recht en handelsrecht,H. J. N. Boskamp | J. L. P. Cahen | E. du Perron | A. F. Salomons,1.0000,1991,/books/OL58459498M,318 arresten over burgerlijk recht en handelsrecht,,dut,1.0000,9060008324,Gouda Quint,1991,,,NOT_PROBED,,,,,NO,NO,155.0000,164.0000,REJECT,No cover candidate.,
NL,DUTCH_FLEMISH_CANON,Eduard Douwes Dekker,1,6,9,/works/OL37733271W,Max Havelaar of de Koffij-Veilingen der Nederlandsche Handel-maatschappy...,Eduard Douwes Dekker,1.0000,2023,/books/OL50902075M,Max Havelaar of de Koffij-Veilingen der Nederlandsche Handel-maatschappy...,,dut,1.0000,9781020558658,"Creative Media Partners, LLC",2023,,,NOT_PROBED,,,,,NO,NO,155.0000,164.0000,REJECT,No cover candidate.,
NL,DUTCH_FLEMISH_CANON,Eduard Douwes Dekker,1,6,9,/works/OL41174080W,"Multatuli, Collectie I",Eduard Douwes Dekker,1.0000,2014,/books/OL55936107M,"Multatuli, Collectie I",,dut,1.0000,9781499604450,CreateSpace Independent Publishing Platform,2014,,,NOT_PROBED,,,,,NO,NO,155.0000,164.0000,REJECT,No cover candidate.,
NL,DUTCH_FLEMISH_CANON,Eduard Douwes Dekker,1,6,9,/works/OL40772104W,"Multatuli, Collectie II (Dutch Edition)",Eduard Douwes Dekker,1.0000,2014,/books/OL55417293M,"Multatuli, Collectie II (Dutch Edition)",,dut,1.0000,9781499604641,CreateSpace Independent Publishing Platform,2014,,,NOT_PROBED,,,,,NO,NO,155.0000,164.0000,REJECT,No cover candidate.,
NL,DUTCH_FLEMISH_CANON,Felix Timmermans,1,8,12,/works/OL1271062W,Adagio,Felix Timmermans,1.0000,1986,/books/OL2077513M,Adagio,,dut,1.0000,9050350011,Gulden Engel,1986,,,NOT_PROBED,,,,,NO,NO,155.0000,164.0000,REJECT,No cover candidate.,
NL,DUTCH_FLEMISH_CANON,Felix Timmermans,1,8,12,/works/OL1271035W,Al mijn dagen,Felix Timmermans,1.0000,1986,/books/OL2429074M,Al mijn dagen,dagboeken en archief Felix Timmermans,dut,1.0000,9050350135,Gulden Engel,1986,,,NOT_PROBED,,,,,NO,NO,155.0000,164.0000,REJECT,No cover candidate.,
NL,DUTCH_FLEMISH_CANON,Felix Timmermans,1,8,12,/works/OL1271039W,BOERENPSLAM,Felix Timmermans,1.0000,1979,/books/OL21990066M,BOERENPSLAM.,,dut,1.0000,9002140703,STANDAARD,1979,,,NOT_PROBED,,,,,NO,NO,155.0000,164.0000,REJECT,No cover candidate.,
NL,DUTCH_FLEMISH_CANON,Felix Timmermans,1,8,12,/works/OL8642859W,En Waar de ster bleef stille staan..,Felix Timmermans,1.0000,1978,/books/OL21376971M,En Waar de ster bleef stille staan...,,dut,1.0000,9060911512,P.N. Van Kampen & Zoon,1978,,,NOT_PROBED,,,,,NO,NO,155.0000,164.0000,REJECT,No cover candidate.,
NL,DUTCH_FLEMISH_CANON,Felix Timmermans,1,8,12,/works/OL23758816W,God en de koe en andere vertelsels,Felix Timmermans,1.0000,2000,/books/OL31497567M,God en de koe en andere vertelsels,,dut,1.0000,9063064276,Davidsfonds,2000,,,NOT_PROBED,,,,,NO,NO,155.0000,164.0000,REJECT,No cover candidate.,
NL,DUTCH_FLEMISH_CANON,Felix Timmermans,1,8,12,/works/OL34844115W,Minneke Poes,Felix Timmermans,1.0000,1986,/books/OL47198615M,Minneke Poes,En ander proza,dut,1.0000,9789022310335,Manteau,"Mar 18, 1986",,,NOT_PROBED,,,,,NO,NO,155.0000,164.0000,REJECT,No cover candidate.,
NL,DUTCH_FLEMISH_CANON,Felix Timmermans,1,8,12,/works/OL23554251W,Ongebundelde verhalen,Felix Timmermans,1.0000,1994,/books/OL1225877M,Ongebundelde verhalen,,dut,1.0000,9061528445,Davidsfonds,1994,,,NOT_PROBED,,,,,NO,NO,155.0000,164.0000,REJECT,No cover candidate.,
NL,DUTCH_FLEMISH_CANON,Felix Timmermans,1,8,12,/works/OL1271057W,SCHOON LIER,Felix Timmermans,1.0000,1980,/books/OL21995210M,SCHOON LIER.,,dut,1.0000,9002143893,STANDAARD,1980,,,NOT_PROBED,,,,,NO,NO,155.0000,164.0000,REJECT,No cover candidate.,
NL,DUTCH_FLEMISH_CANON,Felix Timmermans,1,8,12,/works/OL1271061W,Vertelsels,Felix Timmermans,1.0000,1994,/books/OL876180M,Vertelsels,,dut,1.0000,906152797X,Davidsfonds,1994,,,NOT_PROBED,,,,,NO,NO,155.0000,164.0000,REJECT,No cover candidate.,
NL,DUTCH_FLEMISH_CANON,Frederik van Eeden,1,6,9,/works/OL27257279W,Dante en Beatrice,Frederik van Eeden,1.0000,2016,/books/OL55319794M,Dante en Beatrice,,dut,1.0000,9781534950153,CreateSpace Independent Publishing Platform,2016,,,NOT_PROBED,,,,,NO,NO,155.0000,164.0000,REJECT,No cover candidate.,
NL,DUTCH_FLEMISH_CANON,Frederik van Eeden,1,6,9,/works/OL37331678W,"DE KLEINE JOHANNES, 1-2-3",Frederik van Eeden,1.0000,1983,/books/OL50313104M,"DE KLEINE JOHANNES, 1-2-3",,dut,1.0000,9022308855,MANTEAU,1983,,,NOT_PROBED,,,,,NO,NO,155.0000,164.0000,REJECT,No cover candidate.,
NL,DUTCH_FLEMISH_CANON,Frederik van Eeden,1,6,9,/works/OL39337964W,"Frederik van Eeden, (1860-1932)",Frederik van Eeden,1.0000,2010,/books/OL53539613M,"Frederik van Eeden, (1860-1932)",vergeten psychiater en pionier in de psychotherapie,dut,1.0000,9789075483482,Candide,2010,,,NOT_PROBED,,,,,NO,NO,155.0000,164.0000,REJECT,No cover candidate.,
NL,DUTCH_FLEMISH_CANON,Herman Teirlinck,1,7,10,/works/OL37364579W,Brussel 1900,Herman Teirlinck,1.0000,1981,/books/OL50357639M,Brussel 1900,,dut,1.0000,9022307883,Elsevier Manteau,1981,,,NOT_PROBED,,,,,NO,NO,155.0000,164.0000,REJECT,No cover candidate.,
NL,DUTCH_FLEMISH_CANON,Joost van den Vondel,1,8,12,/works/OL37357347W,Den Bosch bedwongen,Joost van den Vondel,1.0000,1979,/books/OL50347448M,Den Bosch bedwongen,zegesang ter eere van Frederick Henrick,dut,1.0000,9070214075,Distel,1979,,,NOT_PROBED,,,,,NO,NO,155.0000,164.0000,REJECT,No cover candidate.,
NL,DUTCH_FLEMISH_CANON,Joost van den Vondel,1,8,12,/works/OL1457322W,Gebroeders,Joost van den Vondel,1.0000,1979,/books/OL2686765M,Gebroeders,treurspel,dut,1.0000,9033407140,Acco,1983,,,NOT_PROBED,,,,,NO,NO,155.0000,164.0000,REJECT,No cover candidate.,
NL,DUTCH_FLEMISH_CANON,Joost van den Vondel,1,8,12,/works/OL42256692W,Gijsbrecht van Amstel,Joost van den Vondel,1.0000,2002,/books/OL57316963M,Gijsbrecht van Amstel,tekst en vertaling,dut,1.0000,9066202017,Uitgeverij Taal & Teken,2002,,,NOT_PROBED,,,,,NO,NO,155.0000,164.0000,REJECT,No cover candidate.,
NL,DUTCH_FLEMISH_CANON,Joost van den Vondel,1,8,12,/works/OL45240455W,Gysbrecht van Aemstel,Joost van den Vondel,1.0000,1971,/books/OL61833315M,Gysbrecht van Aemstel,,dut,1.0000,9020856812,L.C.G. Malmberg,1971,,,NOT_PROBED,,,,,NO,NO,155.0000,164.0000,REJECT,No cover candidate.,
NL,DUTCH_FLEMISH_CANON,Joost van den Vondel,1,8,12,/works/OL37678913W,J. V. Vondels Gysbrecht Van Aemstel,Joost Van Den Vondel,1.0000,2023,/books/OL50809633M,J. V. Vondels Gysbrecht Van Aemstel,Treurspel,dut,1.0000,9781021781048,"Creative Media Partners, LLC",2023,,,NOT_PROBED,,,,,NO,NO,155.0000,164.0000,REJECT,No cover candidate.,
NL,DUTCH_FLEMISH_CANON,Joost van den Vondel,1,8,12,/works/OL23978628W,Lucifer,Joost van den Vondel,1.0000,2004,/books/OL31680284M,Lucifer,"Adam in ballingschap, of Aller treurspelen treurspel ; Noah, of Ondergang der eerste wereld",dut,1.0000,9035127382,B. Bakker,2004,,,NOT_PROBED,,,,,NO,NO,155.0000,164.0000,REJECT,No cover candidate.,
NL,DUTCH_FLEMISH_CANON,Joost van den Vondel,1,8,12,/works/OL38758164W,Twee zeevaart-gedichten,Joost van den Vondel,1.0000,1987,/books/OL52767450M,Twee zeevaart-gedichten,"Hymnus, ofte Lof-Gesangh, over de wijd-beroemde scheeps-vaert der Vereenighde Nederlanden (1613), Het Lof der Zee-vaert (1623)",dut,1.0000,0444856269,Noord-Hollandsche Uitgevers Maatschappij,1987,,,NOT_PROBED,,,,,NO,NO,155.0000,164.0000,REJECT,No cover candidate.,
NL,DUTCH_FLEMISH_CANON,Joost van den Vondel,1,8,12,/works/OL18825989W,Vondel en Amsterdam,Joost van den Vondel,1.0000,1979,/books/OL4049238M,Vondel en Amsterdam,"[Vondels gedicht ""De inwydinge van 't Stadhuis t'Amsterdam"" in beeld gebracht].",dut,1.0000,9060124170,Espee,1979,,,NOT_PROBED,,,,,NO,NO,155.0000,164.0000,REJECT,No cover candidate.,
NL,DUTCH_FLEMISH_CANON,Louis Couperus,1,10,15,/works/OL30828282W,De Komedianten,Louis Couperus,1.0000,2021,/books/OL42356634M,De Komedianten,,dut,1.0000,9798712170159,Independently Published,2021,,,NOT_PROBED,,,,,NO,NO,155.0000,164.0000,REJECT,No cover candidate.,
NL,DUTCH_FLEMISH_CANON,Louis Couperus,1,10,15,/works/OL26676030W,De Verliefde Ezel,Louis Couperus,1.0000,2021,/books/OL36118144M,De Verliefde Ezel,,dut,1.0000,9798468913321,Independently Published,2021,,,NOT_PROBED,,,,,NO,NO,155.0000,164.0000,REJECT,No cover candidate.,
NL,DUTCH_FLEMISH_CANON,Louis Couperus,1,10,15,/works/OL1456906W,Iskander,Louis Couperus,1.0000,1900,/books/OL909399M,Iskander,de roman van Alexander den Groote,dut,1.0000,9025414036,Veen,1995,,,NOT_PROBED,,,,,NO,NO,155.0000,164.0000,REJECT,No cover candidate.,
NL,DUTCH_FLEMISH_CANON,Louis Couperus,1,10,15,/works/OL1456907W,Korte arabesken,Louis Couperus,1.0000,1955,/books/OL1960901M,Korte arabesken,,dut,1.0000,9020426214,Veen,1990,,,NOT_PROBED,,,,,NO,NO,155.0000,164.0000,REJECT,No cover candidate.,
NL,DUTCH_FLEMISH_CANON,Louis Couperus,1,10,15,/works/OL1456881W,"Legende, mythe en fantazie",Louis Couperus,1.0000,1994,/books/OL890966M,"Legende, mythe en fantazie",,dut,1.0000,9025408826,Veen,1994,,,NOT_PROBED,,,,,NO,NO,155.0000,164.0000,REJECT,No cover candidate.,
NL,DUTCH_FLEMISH_CANON,Louis Couperus,1,10,15,/works/OL26688479W,Noodlot,Louis Couperus,1.0000,2020,/books/OL42093703M,Noodlot,,dut,1.0000,9798623460882,Independently Published,2020,,,NOT_PROBED,,,,,NO,NO,155.0000,164.0000,REJECT,No cover candidate.,
NL,DUTCH_FLEMISH_CANON,Louis Couperus,1,10,15,/works/OL34927943W,"Van Oude Menschen, De Dingen, Die Voorbij Gaan..",Louis Couperus,1.0000,1988,/books/OL47286677M,"Van Oude Menschen, De Dingen, Die Voorbij Gaan..",,dut,1.0000,9789020425925,Veen,"Mar 21, 1988",,,NOT_PROBED,,,,,NO,NO,155.0000,164.0000,REJECT,No cover candidate.,
NL,DUTCH_FLEMISH_CANON,Marcellus Emants,1,5,8,/works/OL40243260W,Fanny,Marcellus Emants,1.0000,2016,/books/OL54749854M,Fanny,,dut,1.0000,9781540360748,CreateSpace Independent Publishing Platform,2016,,,NOT_PROBED,,,,,NO,NO,155.0000,164.0000,REJECT,No cover candidate.,
NL,DUTCH_FLEMISH_CANON,Marcellus Emants,1,5,8,/works/OL2349736W,Frisse lucht,Marcellus Emants,1.0000,1993,/books/OL1520309M,Frisse lucht,reizen rond de Middellandse Zee,dut,1.0000,9051320191,Cadans,1993,,,NOT_PROBED,,,,,NO,NO,155.0000,164.0000,REJECT,No cover candidate.,
NL,DUTCH_FLEMISH_CANON,Marcellus Emants,1,5,8,/works/OL2349738W,In Bosnië en Herzegovina,Marcellus Emants,1.0000,1984,/books/OL2568588M,In Bosnië en Herzegovina,,dut,1.0000,9070551160,Vriendenlust,1984,,,NOT_PROBED,,,,,NO,NO,155.0000,164.0000,REJECT,No cover candidate.,
NL,DUTCH_FLEMISH_CANON,Marcellus Emants,1,5,8,/works/OL2349741W,Letterkundige tijdsidealen,Marcellus Emants,1.0000,1984,/books/OL2947441M,Letterkundige tijdsidealen,,dut,1.0000,9070551144,Vriendenlust,1984,,,NOT_PROBED,,,,,NO,NO,155.0000,164.0000,REJECT,No cover candidate.,
NL,DUTCH_FLEMISH_CANON,Marcellus Emants,1,5,8,/works/OL2349743W,Lichte kost,Marcellus Emants,1.0000,1983,/books/OL2930185M,Lichte kost,novellen,dut,1.0000,9023650522,Nijgh & Van Ditmar,1983,,,NOT_PROBED,,,,,NO,NO,155.0000,164.0000,REJECT,No cover candidate.,
NL,DUTCH_FLEMISH_CANON,Marcellus Emants,1,5,8,/works/OL37423045W,Reisplezier,Marcellus Emants,1.0000,1987,/books/OL50430110M,Reisplezier,,dut,1.0000,9070551314,Uitgeverij Vriendenlust,1987,,,NOT_PROBED,,,,,NO,NO,155.0000,164.0000,REJECT,No cover candidate.,
NL,DUTCH_FLEMISH_CANON,Marcellus Emants,1,5,8,/works/OL23926322W,Schetsen uit Spanje,Marcellus Emants,1.0000,2004,/books/OL31631881M,Schetsen uit Spanje,,dut,1.0000,9074622453,Menken Kasander & Wigman,2004,,,NOT_PROBED,,,,,NO,NO,155.0000,164.0000,REJECT,No cover candidate.,
NL,DUTCH_FLEMISH_CANON,Marcellus Emants,1,5,8,/works/OL2349750W,Voor mij blijft het leven een krankzinnigheid,Marcellus Emants,1.0000,1995,/books/OL531058M,Voor mij blijft het leven een krankzinnigheid,een portret in brieven,dut,1.0000,9025412742,Veen,1995,,,NOT_PROBED,,,,,NO,NO,155.0000,164.0000,REJECT,No cover candidate.,
NL,DUTCH_FLEMISH_CANON,Maurice Gilliams,1,5,8,/works/OL42215364W,Bronnen der slapeloosheid 1954-1958,Maurice Gilliams,1.0000,2003,/books/OL57267911M,Bronnen der slapeloosheid 1954-1958,,dut,1.0000,9029073233,Meulenhoff,2003,,,NOT_PROBED,,,,,NO,NO,155.0000,164.0000,REJECT,No cover candidate.,
NL,DUTCH_FLEMISH_CANON,Maurice Gilliams,1,5,8,/works/OL45017455W,"De man voor het venster, 1932-1940",Maurice Gilliams,1.0000,2000,/books/OL61414162M,"De man voor het venster, 1932-1940",,dut,1.0000,905240559X,Houtekiet,2000,,,NOT_PROBED,,,,,NO,NO,155.0000,164.0000,REJECT,No cover candidate.,
NL,DUTCH_FLEMISH_CANON,Maurice Gilliams,1,5,8,/works/OL1456403W,De rest is nog veel erger,Maurice Gilliams,1.0000,2006,/books/OL21895957M,De rest is nog veel erger,de briefwisseling tussen Maurice Gilliams en Emmanuel De Bom,dut,1.0000,9028944168,Pelckmans,2006,,,NOT_PROBED,,,,,NO,NO,155.0000,164.0000,REJECT,No cover candidate.,
NL,DUTCH_FLEMISH_CANON,Maurice Gilliams,1,5,8,/works/OL1456404W,Een portret-album van Maurice Gilliams,Maurice Gilliams,1.0000,1981,/books/OL3523583M,Een portret-album van Maurice Gilliams.,,dut,1.0000,9026435487,Orion,1981,,,NOT_PROBED,,,,,NO,NO,155.0000,164.0000,REJECT,No cover candidate.,
NL,DUTCH_FLEMISH_CANON,Maurice Gilliams,1,5,8,/works/OL1456407W,Maurice Gilliams,Maurice Gilliams,1.0000,1997,/books/OL490625M,Maurice Gilliams,journaal van de dichter,dut,1.0000,9022314219,Manteau,1997,,,NOT_PROBED,,,,,NO,NO,155.0000,164.0000,REJECT,No cover candidate.,
NL,DUTCH_FLEMISH_CANON,Maurice Gilliams,1,5,8,/works/OL19221293W,Verzamelde gedichten,Maurice Gilliams,1.0000,1992,/books/OL1517441M,Verzamelde gedichten,,dut,1.0000,9029044233,Meulenhoff,1992,,,NOT_PROBED,,,,,NO,NO,155.0000,164.0000,REJECT,No cover candidate.,
NL,DUTCH_FLEMISH_CANON,Menno ter Braak,1,5,8,/works/OL1320437W,De artikelen over emigrantenliterautuur 1933-1940,Menno ter Braak,1.0000,1980,/books/OL21172396M,De artikelen over emigrantenliterautuur 1933-1940,,dut,1.0000,9062910491,BZZTôH,1980,,,NOT_PROBED,,,,,NO,NO,155.0000,164.0000,REJECT,No cover candidate.,
NL,DUTCH_FLEMISH_CANON,Menno ter Braak,1,5,8,/works/OL23952449W,De canon,Menno ter Braak,1.0000,2004,/books/OL31654146M,De canon,Nederlandse cultuur in veertig portretten,dut,1.0000,9029074140,J.M. Meulenhoff,2004,,,NOT_PROBED,,,,,NO,NO,155.0000,164.0000,REJECT,No cover candidate.,
NL,DUTCH_FLEMISH_CANON,Menno ter Braak,1,5,8,/works/OL1320439W,De Propria Curesartikelen 1923-1925,Menno ter Braak,1.0000,1978,/books/OL4337949M,De Propria Curesartikelen 1923-1925,,dut,1.0000,9062910130,BZZTôH,1978,,,NOT_PROBED,,,,,NO,NO,155.0000,164.0000,REJECT,No cover candidate.,
NL,DUTCH_FLEMISH_CANON,Multatuli,1,8,12,/works/OL37363991W,Ideeën,Multatuli,1.0000,1981,/books/OL50356766M,Ideeën,,dut,1.0000,9789029532037,Uitgeverij De Arbeiderspers,1981,,,NOT_PROBED,,,,,NO,NO,155.0000,164.0000,REJECT,No cover candidate.,
NL,DUTCH_FLEMISH_CANON,Multatuli,1,8,12,/works/OL658267W,Ik ben zwanger van denkbeelden,Multatuli,1.0000,1996,/books/OL747049M,Ik ben zwanger van denkbeelden,,dut,1.0000,9021405881,Querido,1996,,,NOT_PROBED,,,,,NO,NO,155.0000,164.0000,REJECT,No cover candidate.,
NL,DUTCH_FLEMISH_CANON,Multatuli,1,8,12,/works/OL38779726W,Literair werk,Multatuli,1.0000,1987,/books/OL52797850M,Literair werk,,dut,1.0000,9789061524366,Davidsfonds,1987,,,NOT_PROBED,,,,,NO,NO,155.0000,164.0000,REJECT,No cover candidate.,
NL,DUTCH_FLEMISH_CANON,Multatuli,1,8,12,/works/OL658275W,Mainzer Beobachter,Multatuli,1.0000,1987,/books/OL2438735M,Mainzer Beobachter,,dut,1.0000,9070024438,Joh. Enschedé,1987,,,NOT_PROBED,,,,,NO,NO,155.0000,164.0000,REJECT,No cover candidate.,
NL,DUTCH_FLEMISH_CANON,Multatuli,1,8,12,/works/OL37408218W,"Max Havelaar, of De Koffieveilingen der Nederlandsche Handel-Maatschappij",Multatuli,1.0000,1986,/books/OL50412446M,"Max Havelaar, of De Koffieveilingen der Nederlandsche Handel-Maatschappij",,dut,1.0000,902250624X,De Boekerij,1986,,,NOT_PROBED,,,,,NO,NO,155.0000,164.0000,REJECT,No cover candidate.,
NL,DUTCH_FLEMISH_CANON,Multatuli,1,8,12,/works/OL23773191W,"Men moet van myn gestreken lans, een vlaggestok maken",Multatuli,1.0000,2001,/books/OL31509495M,"Men moet van myn gestreken lans, een vlaggestok maken",brieven van Multatuli en Tine Douwes Dekker aan de redersfamilie Smit,dut,1.0000,9076314705,Lubberhuizen,2001,,,NOT_PROBED,,,,,NO,NO,155.0000,164.0000,REJECT,No cover candidate.,
NL,DUTCH_FLEMISH_CANON,Multatuli,1,8,12,/works/OL22416083W,"Multatuli, een zelfportret",Multatuli,1.0000,2010,/books/OL30504621M,"Multatuli, een zelfportret","het leven van Eduard Douwes Dekker, door Multatuli verteld",dut,1.0000,9789035134362,Bert Bakker,2010,,,NOT_PROBED,,,,,NO,NO,155.0000,164.0000,REJECT,No cover candidate.,
NL,DUTCH_FLEMISH_CANON,Multatuli,1,8,12,/works/OL33408293W,Multatuli's Woutertje Pieterse,Multatuli,1.0000,2007,/books/OL45317636M,Multatuli's Woutertje Pieterse,,dut,1.0000,9789023422792,De Bezige Bij,2007,,,NOT_PROBED,,,,,NO,NO,155.0000,164.0000,REJECT,No cover candidate.,
NL,DUTCH_FLEMISH_CANON,Multatuli,1,8,12,/works/OL658289W,"O God, er is geen God!",Multatuli,1.0000,2008,/books/OL23681326M,"O God, er is geen God!",Multatuli over geloof en godsdienst,dut,1.0000,9789055157594,Van Gennep,2008,,,NOT_PROBED,,,,,NO,NO,155.0000,164.0000,REJECT,No cover candidate.,
NL,DUTCH_FLEMISH_CANON,Multatuli,1,8,12,/works/OL37747129W,Over Vrijen-Arbeid in Nederlandsch Indie...,Multatuli ],1.0000,2023,/books/OL50928622M,Over Vrijen-Arbeid in Nederlandsch Indie...,,dut,1.0000,9781020536809,"Creative Media Partners, LLC",2023,,,NOT_PROBED,,,,,NO,NO,155.0000,164.0000,REJECT,No cover candidate.,
NL,DUTCH_FLEMISH_CANON,Nescio,1,5,7,/works/OL33361269W,Brieven uit Veere,Nescio,1.0000,2010,/books/OL45266202M,Brieven uit Veere,,dut,1.0000,9789028240827,Van Oorschot,2010,,,NOT_PROBED,,,,,NO,NO,155.0000,164.0000,REJECT,No cover candidate.,
NL,DUTCH_FLEMISH_CANON,Nescio,1,5,7,/works/OL2795316W,De uitvreter,Nescio,1.0000,1972,/books/OL61910507M,De uitvreter,,dut,1.0000,9028063641,Meulenhoff Educatief,1972,,,NOT_PROBED,,,,,NO,NO,155.0000,164.0000,REJECT,No cover candidate.,
NL,DUTCH_FLEMISH_CANON,Nescio,1,5,7,/works/OL6991021W,De X Geboden,Nescio,1.0000,1971,/books/OL5023767M,De X Geboden.,,dut,1.0000,9060192028,Bakker [/Daamen],1971,,,NOT_PROBED,,,,,NO,NO,155.0000,164.0000,REJECT,No cover candidate.,
NL,DUTCH_FLEMISH_CANON,Nescio,1,5,7,/works/OL43444258W,Het geluk van in Amsterdam te leven,Nescio | Lieneke Frerichs,1.0000,2017,/books/OL59203179M,Het geluk van in Amsterdam te leven,een keuze uit het Natuurdagboek,dut,1.0000,9789038803890,Nijgh & Van Ditmar,2017,,,NOT_PROBED,,,,,NO,NO,155.0000,164.0000,REJECT,No cover candidate.,
NL,DUTCH_FLEMISH_CANON,Simon Vestdijk,1,10,15,/works/OL812130W,Aktaion onder de sterren,Simon Vestdijk,1.0000,1979,/books/OL4035229M,Aktaion onder de sterren,roman uit het voor-Homerische Griekenland,dut,1.0000,9023666607,Nijgh & Van Ditmar,1979,,,NOT_PROBED,,,,,NO,NO,155.0000,164.0000,REJECT,No cover candidate.,
NL,DUTCH_FLEMISH_CANON,Simon Vestdijk,1,10,15,/works/OL812133W,"Anton Wachter, Lahringen",Simon Vestdijk,1.0000,1998,/books/OL101930M,"Anton Wachter, Lahringen",,dut,1.0000,9038878168,Nijgh & Van Ditmar,1998,,,NOT_PROBED,,,,,NO,NO,155.0000,164.0000,REJECT,No cover candidate.,
NL,DUTCH_FLEMISH_CANON,Simon Vestdijk,1,10,15,/works/OL812134W,Blauwbaard en Reus,Simon Vestdijk,1.0000,1982,/books/OL3126082M,Blauwbaard en Reus,vier verhalen,dut,1.0000,9065470069,Cornamona Pers,1982,,,NOT_PROBED,,,,,NO,NO,155.0000,164.0000,REJECT,No cover candidate.,
NL,DUTCH_FLEMISH_CANON,Simon Vestdijk,1,10,15,/works/OL812138W,De arme Heinrich,Simon Vestdijk,1.0000,1978,/books/OL4516210M,De arme Heinrich,roman,dut,1.0000,9023460545,Bezige Bij,1978,,,NOT_PROBED,,,,,NO,NO,155.0000,164.0000,REJECT,No cover candidate.,
NL,DUTCH_FLEMISH_CANON,Simon Vestdijk,1,10,15,/works/OL812192W,De filosoof en de sluipmoordenaar,Simon Vestdijk,1.0000,1962,/books/OL4212563M,De filosoof en de sluipmoordenaar,,dut,1.0000,9023666755,Nijgh & Van Ditmar,1980,,,NOT_PROBED,,,,,NO,NO,155.0000,164.0000,REJECT,No cover candidate.,
NL,DUTCH_FLEMISH_CANON,Simon Vestdijk,1,10,15,/works/OL812193W,De held van Temesa,Simon Vestdijk,1.0000,1962,/books/OL4185678M,De held van Temesa,een roman uit Groot-Griekenland (528-448 v. Chr.),dut,1.0000,9023666623,Nijgh & Van Ditmar,1979,,,NOT_PROBED,,,,,NO,NO,155.0000,164.0000,REJECT,No cover candidate.,
NL,DUTCH_FLEMISH_CANON,Simon Vestdijk,1,10,15,/works/OL812148W,De redding van Fré Bolderhey,Simon Vestdijk,1.0000,1979,/books/OL4029644M,De redding van Fré Bolderhey,roman,dut,1.0000,9023460561,Bezige Bij,1979,,,NOT_PROBED,,,,,NO,NO,155.0000,164.0000,REJECT,No cover candidate.,
NL,DUTCH_FLEMISH_CANON,Simon Vestdijk,1,10,15,/works/OL812196W,De schandalen,Simon Vestdijk,1.0000,1953,/books/OL5500377M,De schandalen.,,dut,1.0000,9029551674,De Arbeiderspers,1973,,,NOT_PROBED,,,,,NO,NO,155.0000,164.0000,REJECT,No cover candidate.,
NL,DUTCH_FLEMISH_CANON,Simon Vestdijk,1,10,15,/works/OL38721078W,De vrije vogel en zijn kooien,Simon Vestdijk,1.0000,1958,/books/OL57349306M,De vrije vogel en zijn kooien,de geschiedenis van een domicilie,dut,1.0000,9023667077,Nijgh & Van Ditmar,1982,,,NOT_PROBED,,,,,NO,NO,155.0000,164.0000,REJECT,No cover candidate.,
NL,DUTCH_FLEMISH_CANON,Simon Vestdijk,1,10,15,/works/OL812155W,De vuuraanbidders,Simon Vestdijk,1.0000,1984,/books/OL20788723M,De vuuraanbidders,roman uit de tachtigjarige oorlog,dut,1.0000,9023667026,Nijgh & Van Ditmar,1984,,,NOT_PROBED,,,,,NO,NO,155.0000,164.0000,REJECT,No cover candidate.,
NL,DUTCH_FLEMISH_CANON,Simon Vestdijk,1,10,15,/works/OL812198W,De ziener,Simon Vestdijk,1.0000,1966,/books/OL4172026M,De ziener,roman,dut,1.0000,9023460596,Bezige Bij,1980,,,NOT_PROBED,,,,,NO,NO,155.0000,164.0000,REJECT,No cover candidate.,
NL,DUTCH_FLEMISH_CANON,Simon Vestdijk,1,10,15,/works/OL812201W,"Else Böhler, Duits dienstmeisje",Simon Vestdijk,1.0000,1977,/books/OL3833849M,"Else Böhler, Duits dienstmeisje",,dut,1.0000,9023666712,Nijgh & Van Ditmar,1981,,,NOT_PROBED,,,,,NO,NO,155.0000,164.0000,REJECT,No cover candidate.,
NL,DUTCH_FLEMISH_CANON,Simon Vestdijk,1,10,15,/works/OL812202W,Het genadeschot,Simon Vestdijk,1.0000,1964,/books/OL4194748M,Het genadeschot,,dut,1.0000,9023666666,Nijgh & Van Ditmar,1979,,,NOT_PROBED,,,,,NO,NO,155.0000,164.0000,REJECT,No cover candidate.,
NL,DUTCH_FLEMISH_CANON,Simon Vestdijk,1,10,15,/works/OL812204W,Het proces van Meester Eckhart,Simon Vestdijk,1.0000,1970,/books/OL3050398M,Het proces van Meester Eckhart,,dut,1.0000,9023667115,Nijgh & van Ditmar,1982,,,NOT_PROBED,,,,,NO,NO,155.0000,164.0000,REJECT,No cover candidate.,
NL,DUTCH_FLEMISH_CANON,Simon Vestdijk,1,10,15,/works/OL42299543W,Ierse nachten,Simon Vestdijk,1.0000,1950,/books/OL57374737M,Ierse nachten,,dut,1.0000,9023667018,Nijgh & Van Ditmar,1983,,,NOT_PROBED,,,,,NO,NO,155.0000,164.0000,REJECT,No cover candidate.,
NL,DUTCH_FLEMISH_CANON,Simon Vestdijk,1,10,15,/works/OL812223W,Juffrouw Lot,Simon Vestdijk,1.0000,1964,/books/OL3819400M,Juffrouw Lot,roman,dut,1.0000,9023460618,Bezige Bij,1980,,,NOT_PROBED,,,,,NO,NO,155.0000,164.0000,REJECT,No cover candidate.,
NL,DUTCH_FLEMISH_CANON,Simon Vestdijk,1,10,15,/works/OL812173W,Mieke kiest Simon,Simon Vestdijk,1.0000,1998,/books/OL113897M,Mieke kiest Simon,,dut,1.0000,9068016083,Aspekt/De Prom,1998,,,NOT_PROBED,,,,,NO,NO,155.0000,164.0000,REJECT,No cover candidate.,
NL,DUTCH_FLEMISH_CANON,Simon Vestdijk,1,10,15,/works/OL812175W,"Mozart, de demon der galanterie",Simon Vestdijk,1.0000,1991,/books/OL1633163M,"Mozart, de demon der galanterie",,dut,1.0000,9029027290,Meulenhoff,1991,,,NOT_PROBED,,,,,NO,NO,155.0000,164.0000,REJECT,No cover candidate.,
NL,DUTCH_FLEMISH_CANON,Simon Vestdijk,1,10,15,/works/OL812180W,Over Gustav Mahler,Simon Vestdijk,1.0000,1994,/books/OL833862M,Over Gustav Mahler,,dut,1.0000,9029045884,Meulenhoff,1994,,,NOT_PROBED,,,,,NO,NO,155.0000,164.0000,REJECT,No cover candidate.,
NL,DUTCH_FLEMISH_CANON,Simon Vestdijk,1,10,15,/works/OL812208W,Puriteinen en piraten,Simon Vestdijk,1.0000,1966,/books/OL4035104M,Puriteinen en piraten,roman,dut,1.0000,9023460553,De Bezige Bij,1979,,,NOT_PROBED,,,,,NO,NO,155.0000,164.0000,REJECT,No cover candidate.,
NL,DUTCH_FLEMISH_CANON,Simon Vestdijk,1,10,15,/works/OL812183W,Verzamelde gedichten,Simon Vestdijk,1.0000,1971,/books/OL5486563M,Verzamelde gedichten.,,dut,1.0000,9023674235,Athenaeum-Polak & Van Gennep,1971,,,NOT_PROBED,,,,,NO,NO,155.0000,164.0000,REJECT,No cover candidate.,
NL,DUTCH_FLEMISH_CANON,Simon Vestdijk,1,10,15,/works/OL812185W,Verzamelde romans,Simon Vestdijk,1.0000,1900,/books/OL22095009M,Verzamelde romans,,dut,1.0000,9023666585,Nijgh & Van Ditmar,1978,,,NOT_PROBED,,,,,NO,NO,155.0000,164.0000,REJECT,No cover candidate.,
NL,DUTCH_FLEMISH_CANON,Simon Vestdijk,1,10,15,/works/OL38868312W,Vijf vadem diep,Simon Vestdijk,1.0000,1969,/books/OL57376812M,Vijf vadem diep,roman,dut,1.0000,9023460677,Bezige Bij,1983,,,NOT_PROBED,,,,,NO,NO,155.0000,164.0000,REJECT,No cover candidate.,
NL,DUTCH_FLEMISH_CANON,Stijn Streuvels,1,8,12,/works/OL40781305W,Briefwisseling Stijn Streuvels (1871-1969) - Ernest Claes (1885-1968),Stijn Streuvels,1.0000,2013,/books/OL55428501M,Briefwisseling Stijn Streuvels (1871-1969) - Ernest Claes (1885-1968),,dut,1.0000,9789063066406,Ernest Claesgenootschap,2013,,,NOT_PROBED,,,,,NO,NO,155.0000,164.0000,REJECT,No cover candidate.,
NL,DUTCH_FLEMISH_CANON,Stijn Streuvels,1,8,12,/works/OL11105892W,Het leven en de dood in de ast,Stijn Streuvels,1.0000,1984,/books/OL21016120M,Het leven en de dood in de ast,,dut,1.0000,9022309347,Manteau,1984,,,NOT_PROBED,,,,,NO,NO,155.0000,164.0000,REJECT,No cover candidate.,
NL,DUTCH_FLEMISH_CANON,Stijn Streuvels,1,8,12,/works/OL31648095W,Ik wensch u de zon,Stijn Streuvels,1.0000,2014,/books/OL43327904M,Ik wensch u de zon,de briefwisseling tussen Stijn Streuvels en Karel van de Woestijne,dut,1.0000,9783944382227,Autumnus Verlag,2014,,,NOT_PROBED,,,,,NO,NO,155.0000,164.0000,REJECT,No cover candidate.,
NL,DUTCH_FLEMISH_CANON,Stijn Streuvels,1,8,12,/works/OL37358805W,In oorlogstijd,Stijn Streuvels,1.0000,1979,/books/OL50349554M,In oorlogstijd,het volledige dagboek van de eerste wereldoorlog,dut,1.0000,9026435401,Orion,1979,,,NOT_PROBED,,,,,NO,NO,155.0000,164.0000,REJECT,No cover candidate.,
NL,DUTCH_FLEMISH_CANON,Stijn Streuvels,1,8,12,/works/OL962757W,INGOOIGEM,Stijn Streuvels,1.0000,1980,/books/OL21994001M,INGOOIGEM.,,dut,1.0000,902641000X,B. GOTTMER,1980,,,NOT_PROBED,,,,,NO,NO,155.0000,164.0000,REJECT,No cover candidate.,
NL,DUTCH_FLEMISH_CANON,Stijn Streuvels,1,8,12,/works/OL962771W,Stijn Streuvels,Stijn Streuvels,1.0000,1998,/books/OL131440M,Stijn Streuvels,de ogen en het raam,dut,1.0000,9022314499,Manteau,1998,,,NOT_PROBED,,,,,NO,NO,155.0000,164.0000,REJECT,No cover candidate.,
NL,DUTCH_FLEMISH_CANON,Stijn Streuvels,1,8,12,/works/OL41780214W,Stijn Streuvels en 'Ingoyghem',Stijn Streuvels | Marcel de Smedt,1.0000,2013,/books/OL56729464M,Stijn Streuvels en 'Ingoyghem','dezen keer is niet voor mijn plezier',dut,1.0000,9789081541435,Stijn Streuvelsgenootschap,2013,,,NOT_PROBED,,,,,NO,NO,155.0000,164.0000,REJECT,No cover candidate.,
NL,DUTCH_FLEMISH_CANON,Stijn Streuvels,1,8,12,/works/OL44318260W,Uitgelezen werk,Stijn Streuvels | Marcel de Smedt,1.0000,2019,/books/OL60564158M,Uitgelezen werk,Stijn Streuvels na vijftig jaar,dut,1.0000,9789081541473,Stijn Streuvelsgenootschap,2019,,,NOT_PROBED,,,,,NO,NO,155.0000,164.0000,REJECT,No cover candidate.,
NL,DUTCH_FLEMISH_CANON,Willem Elsschot,1,8,12,/works/OL43649616W,De ontdekking van Elsschot,Vic van de Reijt | Willem Elsschot,1.0000,2019,/books/OL59501477M,De ontdekking van Elsschot,,dut,1.0000,9789025308582,Athenaeum-Polak & van Gennep,2019,,,NOT_PROBED,,,,,NO,NO,155.0000,164.0000,REJECT,No cover candidate.,
NL,DUTCH_FLEMISH_CANON,Willem Elsschot,1,8,12,/works/OL1232214W,De wijze gaat liefst onopgemerkt voorbij,Willem Elsschot,1.0000,1975,/books/OL19788169M,De wijze gaat liefst onopgemerkt voorbij,citaten en ongebundelde teksten,dut,1.0000,9026436556,Orion,1975,,,NOT_PROBED,,,,,NO,NO,155.0000,164.0000,REJECT,No cover candidate.,
NL,DUTCH_FLEMISH_CANON,Willem Elsschot,1,8,12,/works/OL1232215W,Elsschot leest voor,Willem Elsschot,1.0000,1999,/books/OL6811455M,Elsschot leest voor,de briefwisseling tussen Willem Elsschot en Jan C. Villerius,dut,1.0000,902146151X,Querido,1999,,,NOT_PROBED,,,,,NO,NO,155.0000,164.0000,REJECT,No cover candidate.,
NL,DUTCH_FLEMISH_CANON,Willem Elsschot,1,8,12,/works/OL11819845W,Het dwaallicht,Willem Elsschot,1.0000,1900,/books/OL16509639M,Het dwaallicht,,dut,1.0000,9021415569,Querido,1947,,,NOT_PROBED,,,,,NO,NO,155.0000,164.0000,REJECT,No cover candidate.,
NL,DUTCH_FLEMISH_CANON,Willem Elsschot,1,8,12,/works/OL30495104W,Liefdevol opgedragen,Willem Elsschot,1.0000,2020,/books/OL41924560M,Liefdevol opgedragen,geschreven boekopdrachten van Willem Elsschot,dut,1.0000,9789460019111,Uitgeverij Vrijdag,"Mar 31, 2020",,,NOT_PROBED,,,,,NO,NO,155.0000,164.0000,REJECT,No cover candidate.,
NL,DUTCH_FLEMISH_CANON,Willem Elsschot,1,8,12,/works/OL24051407W,Nagelaten werk,Willem Elsschot,1.0000,2006,/books/OL31749395M,Nagelaten werk,,dut,1.0000,9025311679,Athenaeum-Polak & Van Gennep,2006,,,NOT_PROBED,,,,,NO,NO,155.0000,164.0000,REJECT,No cover candidate.,
NL,DUTCH_FLEMISH_CANON,Willem Elsschot,1,8,12,/works/OL19175064W,Over Willem Elsschot,Willem Elsschot | A. Kets-Vree,1.0000,1982,/books/OL3211229M,Over Willem Elsschot,beschouwingen en interviews,dut,1.0000,9062911218,BZZTôH,1982,,,NOT_PROBED,,,,,NO,NO,155.0000,164.0000,REJECT,No cover candidate.,
NL,DUTCH_FLEMISH_CANON,Willem Elsschot,1,8,12,/works/OL1232217W,Pensioen,Willem Elsschot,1.0000,2003,/books/OL3349489M,Pensioen,,dut,1.0000,9025311520,Athenaeum-Polak & Van Gennep,2003,,,NOT_PROBED,,,,,NO,NO,155.0000,164.0000,REJECT,No cover candidate.,
NL,DUTCH_FLEMISH_CANON,Willem Elsschot,1,8,12,/works/OL1232221W,Tsjip,Willem Elsschot,1.0000,1974,/books/OL5152406M,Tsjip,,dut,1.0000,0949964379,Academica,1974,,,NOT_PROBED,,,,,NO,NO,155.0000,164.0000,REJECT,No cover candidate.,
NL,DUTCH_FLEMISH_CANON,Willem Elsschot,1,8,12,/works/OL1232222W,Tsjip en de Leeuwentemmer,Willem Elsschot,1.0000,1981,/books/OL22903205M,Tsjip en de Leeuwentemmer,roman in 2 episoden,dut,1.0000,0949964379,Querido,1981,,,NOT_PROBED,,,,,NO,NO,155.0000,164.0000,REJECT,No cover candidate.,
NL,DUTCH_FLEMISH_CANON,Willem Elsschot,1,8,12,/works/OL43395347W,(Van onzen correspondent.),Willem Elsschot | C. J. Aarts | M. C. van Etten | Willem Elsschot Genootschap,1.0000,2017,/books/OL59104445M,(Van onzen correspondent.),journalistiek werk van Willem Elsschot : artikelen geschreven voor de Nieuwe Rotterdamse Courant in de jaren 1918-1922,dut,1.0000,9789463101707,Polis,2017,,,NOT_PROBED,,,,,NO,NO,155.0000,164.0000,REJECT,No cover candidate.,
NL,DUTCH_FLEMISH_CANON,Willem Elsschot,1,8,12,/works/OL43854432W,"Willem Elsschot, dichter",Willem Elsschot | Koen Rymenants | Carl de Strycker,1.0000,2017,/books/OL59785274M,"Willem Elsschot, dichter",alle verzen verzameld en toegelicht,dut,1.0000,9789463102902,Polis,2017,,,NOT_PROBED,,,,,NO,NO,155.0000,164.0000,REJECT,No cover candidate.,
NL,DUTCH_FLEMISH_CANON,E. du Perron,1,5,8,/works/OL42879551W,Aansprakelijkheid in groepen van contracten,C. E. du Perron,0.9600,1996,/books/OL58421615M,Aansprakelijkheid in groepen van contracten,derdenwerking van overeenkomsten : een Franse les over de contractueel betrokken derde?,dut,1.0000,9026830009,Kluwer,1996,,,NOT_PROBED,,,,,NO,NO,154.2000,163.2000,REJECT,No cover candidate.,
NL,DUTCH_FLEMISH_CANON,E. du Perron,1,5,8,/works/OL24093869W,"Burgerlijk wetboek, boeken 3, 5 en 6",A. C. van Schaick | T. Hartlief | C. E. du Perron,0.9600,2007,/books/OL22684293M,"Burgerlijk wetboek, boeken 3, 5 en 6",,dut,1.0000,9789013030297,Kluwer,2007,,,NOT_PROBED,,,,,NO,NO,154.2000,163.2000,REJECT,No cover candidate.,
NL,DUTCH_FLEMISH_CANON,E. du Perron,1,5,8,/works/OL6186940W,Paardesprongen en bokkesprongen in de lucht,A. E. du Perron,0.9600,1978,/books/OL3907997M,Paardesprongen en bokkesprongen in de lucht,,dut,1.0000,9026810474,Kluwer,1978,,,NOT_PROBED,,,,,NO,NO,154.2000,163.2000,REJECT,No cover candidate.,
NL,DUTCH_FLEMISH_CANON,E. du Perron,1,5,8,/works/OL23819927W,Privaatrecht tussen autonomie en solidariteit,Martijn Willem Hesselink | C. E. du Perron | A. F. Salomons,0.9600,2003,/books/OL31544762M,Privaatrecht tussen autonomie en solidariteit,,dut,1.0000,9054542985,Boom Juridische uitgevers,2003,,,NOT_PROBED,,,,,NO,NO,154.2000,163.2000,REJECT,No cover candidate.,
NL,DUTCH_FLEMISH_CANON,Cyriel Buysse,1,8,12,/works/OL6871320W,Verzameld werk,Cyriel Buysse,1.0000,1974,/books/OL4824074M,Verzameld werk,,dut,1.0000,9022304469,Manteau,1974,,4446485,NOT_PROBED,,,,,YES,NO,147.0000,156.0000,REVIEW,Collected/omnibus work requires review.,
NL,DUTCH_FLEMISH_CANON,Willem Elsschot,1,8,12,/works/OL1232223W,Verzameld werk,Willem Elsschot,1.0000,1957,/books/OL24636286M,Verzameld werk,,dut,1.0000,9021415631,Querido,1976,,6731127,NOT_PROBED,,,,,YES,NO,147.0000,156.0000,REVIEW,Collected/omnibus work requires review.,
NL,DUTCH_FLEMISH_CANON,Carry van Bruggen,1,6,9,/works/OL43063977W,Avontuurtjes,Carry van Bruggen,1.0000,1922,/books/OL58661600M,Avontuurtjes,,dut,1.0000,,E. Querido,1922,,,NOT_PROBED,,,,,NO,NO,149.0000,153.0000,REJECT,No cover candidate.,
NL,DUTCH_FLEMISH_CANON,Carry van Bruggen,1,6,9,/works/OL45056173W,De grondgedachte van Prometheus,Carry van Bruggen,1.0000,1924,/books/OL61459015M,De grondgedachte van Prometheus,een redevoering,dut,1.0000,,Mij. voor Goede en Goedkoope Lectuur,1924,,,NOT_PROBED,,,,,NO,NO,149.0000,153.0000,REJECT,No cover candidate.,
NL,DUTCH_FLEMISH_CANON,Carry van Bruggen,1,6,9,/works/OL42755541W,De verlatene,Carry van Bruggen,1.0000,1937,/books/OL58200989M,De verlatene,een roman uit het Joodsche leven,dut,1.0000,,Wereldbibliotheek,1937,,,NOT_PROBED,,,,,NO,NO,149.0000,153.0000,REJECT,No cover candidate.,
NL,DUTCH_FLEMISH_CANON,Carry van Bruggen,1,6,9,/works/OL45342178W,Een coquette vrouw,Carry van Bruggen,1.0000,1915,/books/OL61799258M,Een coquette vrouw,,dut,1.0000,,Van Kampen,1915,,,NOT_PROBED,,,,,NO,NO,149.0000,153.0000,REJECT,No cover candidate.,
NL,DUTCH_FLEMISH_CANON,Carry van Bruggen,1,6,9,/works/OL37262476W,Enkele bladen uit Helene's dagboek,Carry van Bruggen,1.0000,1919,/books/OL50227046M,Enkele bladen uit Helene's dagboek,,dut,1.0000,,"""De Zonnebloem""",1919,,,NOT_PROBED,,,,,NO,NO,149.0000,153.0000,REJECT,No cover candidate.,
NL,DUTCH_FLEMISH_CANON,Carry van Bruggen,1,6,9,/works/OL4680073W,HELEEN,Carry van Bruggen,1.0000,1910,/books/OL50345072M,HELEEN,EEN VROEGE WINTER,dut,1.0000,,DE MAATSCHAPPIJ VOOR GOEDE EN GOEDKOOPE LECTUUR,1910,,,NOT_PROBED,,,,,NO,NO,149.0000,153.0000,REJECT,No cover candidate.,
NL,DUTCH_FLEMISH_CANON,Carry van Bruggen,1,6,9,/works/OL42755538W,Het huisje aan de sloot,Carry van Bruggen,1.0000,1921,/books/OL60702708M,Het huisje aan de sloot,,dut,1.0000,,Mij. voor goede en goedkoope lectuur,1921,,,NOT_PROBED,,,,,NO,NO,149.0000,153.0000,REJECT,No cover candidate.,
NL,DUTCH_FLEMISH_CANON,Carry van Bruggen,1,6,9,/works/OL45296159W,Het huisje aan der sloot,Carry van Bruggen,1.0000,1971,/books/OL61745397M,Het huisje aan der sloot,,dut,1.0000,,Wereldbibliotheek,1971,,,NOT_PROBED,,,,,NO,NO,149.0000,153.0000,REJECT,No cover candidate.,
NL,DUTCH_FLEMISH_CANON,Carry van Bruggen,1,6,9,/works/OL43080343W,Om de kinderen,Carry van Bruggen,1.0000,1918,/books/OL58681344M,Om de kinderen,,dut,1.0000,,Nijgh & Van Ditmar,1918,,,NOT_PROBED,,,,,NO,NO,149.0000,153.0000,REJECT,No cover candidate.,
NL,DUTCH_FLEMISH_CANON,Carry van Bruggen,1,6,9,/works/OL38728448W,Prometheus,Carry van Bruggen,1.0000,1919,/books/OL58691879M,Prometheus,een bijdrage tot het begrip der ontwikkeling van het individualisme in de litteratuur,dut,1.0000,,Nijgh & Van Ditmar,1919,,,NOT_PROBED,,,,,NO,NO,149.0000,153.0000,REJECT,No cover candidate.,
NL,DUTCH_FLEMISH_CANON,Carry van Bruggen,1,6,9,/works/OL45420731W,Seideravond,Carry van Bruggen,1.0000,1934,/books/OL61891469M,Seideravond,monoloog,dut,1.0000,,N. V. Wereldbibliotheek,1934,,,NOT_PROBED,,,,,NO,NO,149.0000,153.0000,REJECT,No cover candidate.,
NL,DUTCH_FLEMISH_CANON,Carry van Bruggen,1,6,9,/works/OL4680077W,Vier jaargetijden,Carry van Bruggen,1.0000,1967,/books/OL5590787M,Vier jaargetijden.,,dut,1.0000,,Em. Querido,1967,,,NOT_PROBED,,,,,NO,NO,149.0000,153.0000,REJECT,No cover candidate.,
NL,DUTCH_FLEMISH_CANON,Carry van Bruggen,1,6,9,/works/OL4680078W,Vijf brieven aan Frans Coenen,Carry van Bruggen,1.0000,1970,/books/OL4370577M,Vijf brieven aan Frans Coenen,,dut,1.0000,,Nederlands Letterkundig Museum en Documentatiecentrum,1970,,,NOT_PROBED,,,,,NO,NO,149.0000,153.0000,REJECT,No cover candidate.,
NL,DUTCH_FLEMISH_CANON,Cyriel Buysse,1,8,12,/works/OL43265857W,De laatste ronde ...,Cyriël Buysse,1.0000,1923,/books/OL58929324M,De laatste ronde ...,,dut,1.0000,,Van Dishoeck,1923,,,NOT_PROBED,,,,,NO,NO,149.0000,153.0000,REJECT,No cover candidate.,
NL,DUTCH_FLEMISH_CANON,Cyriel Buysse,1,8,12,/works/OL38639530W,De roman van den schaatsenrijder,Cyriel Buysse,1.0000,1918,/books/OL52593159M,De roman van den schaatsenrijder,,dut,1.0000,,Maatschappij voor Goede en Goedkoope Lectuur,1918,,,NOT_PROBED,,,,,NO,NO,149.0000,153.0000,REJECT,No cover candidate.,
NL,DUTCH_FLEMISH_CANON,Cyriel Buysse,1,8,12,/works/OL38639528W,De vroolijke tocht ...,Cyriel Buysse,1.0000,1915,/books/OL52593152M,De vroolijke tocht ...,,dut,1.0000,,Van Dishoeck,1915,,,NOT_PROBED,,,,,NO,NO,149.0000,153.0000,REJECT,No cover candidate.,
NL,DUTCH_FLEMISH_CANON,Cyriel Buysse,1,8,12,/works/OL43896186W,Het Ezelken wat niet vergeten was,Cyriël Buysse,1.0000,1925,/books/OL59848129M,Het Ezelken wat niet vergeten was,,dut,1.0000,,Van Dishoeck,1925,,,NOT_PROBED,,,,,NO,NO,149.0000,153.0000,REJECT,No cover candidate.,
NL,DUTCH_FLEMISH_CANON,Cyriel Buysse,1,8,12,/works/OL43672835W,Het gezin Van Paemel,Cyriël Buysse,1.0000,1890,/books/OL59531910M,Het gezin Van Paemel,drama,dut,1.0000,,"C. Daniëls, etc., etc.",1890,,,NOT_PROBED,,,,,NO,NO,149.0000,153.0000,REJECT,No cover candidate.,
NL,DUTCH_FLEMISH_CANON,Cyriel Buysse,1,8,12,/works/OL43955260W,Het volle leven,Cyriël Buysse,1.0000,1966,/books/OL59946328M,Het volle leven,,dut,1.0000,,Veen,1966,,,NOT_PROBED,,,,,NO,NO,149.0000,153.0000,REJECT,No cover candidate.,
NL,DUTCH_FLEMISH_CANON,Cyriel Buysse,1,8,12,/works/OL44091069W,Lente,Cyriël Buysse,1.0000,1907,/books/OL60307865M,Lente,,dut,1.0000,,De Lage Landen,1907,,,NOT_PROBED,,,,,NO,NO,149.0000,153.0000,REJECT,No cover candidate.,
NL,DUTCH_FLEMISH_CANON,Cyriel Buysse,1,8,12,/works/OL1441374W,Novellen en schetsen,Cyriel Buysse,1.0000,1944,/books/OL228161M,Novellen en schetsen,,dut,1.0000,,Labor,1944,,,NOT_PROBED,,,,,NO,NO,149.0000,153.0000,REJECT,No cover candidate.,
NL,DUTCH_FLEMISH_CANON,Cyriel Buysse,1,8,12,/works/OL44755869W,'t Bolleken,Cyriël Buysse,1.0000,1959,/books/OL61110442M,'t Bolleken,,dut,1.0000,,Heideland,1959,,,NOT_PROBED,,,,,NO,NO,149.0000,153.0000,REJECT,No cover candidate.,
NL,DUTCH_FLEMISH_CANON,Cyriel Buysse,1,8,12,/works/OL43966888W,Uit de bron,Cyriël Buysse,1.0000,1922,/books/OL59964430M,Uit de bron,,dut,1.0000,,Uitg. van] Van Rysselberghe & Rombaut,1922,,,NOT_PROBED,,,,,NO,NO,149.0000,153.0000,REJECT,No cover candidate.,
NL,DUTCH_FLEMISH_CANON,Cyriel Buysse,1,8,12,/works/OL44684018W,Uleken,Cyriël Buysse,1.0000,1926,/books/OL61027139M,Uleken,Van oud en jong,dut,1.0000,,Van Rysberghe & Rombaut,1926,,,NOT_PROBED,,,,,NO,NO,149.0000,153.0000,REJECT,No cover candidate.,
NL,DUTCH_FLEMISH_CANON,Cyriel Buysse,1,8,12,/works/OL44885590W,Zomerleven ...,Cyriël Buysse,1.0000,1915,/books/OL61260509M,Zomerleven ...,,dut,1.0000,,C.A.J. van Dishoeck,1915,,,NOT_PROBED,,,,,NO,NO,149.0000,153.0000,REJECT,No cover candidate.,
NL,DUTCH_FLEMISH_CANON,Cyriel Buysse,1,8,12,/works/OL44321291W,Zoo verhalen de Vlamingen,Cyriël Buysse,1.0000,1931,/books/OL60567667M,Zoo verhalen de Vlamingen,,dut,1.0000,,De Warande,1931,,,NOT_PROBED,,,,,NO,NO,149.0000,153.0000,REJECT,No cover candidate.,
NL,DUTCH_FLEMISH_CANON,E. du Perron,1,5,8,/works/OL43419228W,De man van Lebak,E. du Perron,1.0000,1949,/books/OL59142078M,De man van Lebak,anekdoten en dokumenten betreffende Multatuli,dut,1.0000,,Contact,1949,,,NOT_PROBED,,,,,NO,NO,149.0000,153.0000,REJECT,No cover candidate.,
NL,DUTCH_FLEMISH_CANON,E. du Perron,1,5,8,/works/OL38583948W,De muze van jan companjie,E. du Perron,1.0000,1939,/books/OL52501758M,De muze van jan companjie,,dut,1.0000,,Nix,1939,,,NOT_PROBED,,,,,NO,NO,149.0000,153.0000,REJECT,No cover candidate.,
NL,DUTCH_FLEMISH_CANON,E. du Perron,1,5,8,/works/OL33125284W,Een grote stilte,E. du Perron,1.0000,1941,/books/OL44998894M,Een grote stilte,,dut,1.0000,,A.A.M. Stols,1941,,,NOT_PROBED,,,,,NO,NO,149.0000,153.0000,REJECT,No cover candidate.,
NL,DUTCH_FLEMISH_CANON,E. du Perron,1,5,8,/works/OL43998158W,Nutteloos verzet,E. du Perron,1.0000,1933,/books/OL60020102M,Nutteloos verzet,Herziene en vermeerd. druk,dut,1.0000,,Van Kampen,1933,,,NOT_PROBED,,,,,NO,NO,149.0000,153.0000,REJECT,No cover candidate.,
NL,DUTCH_FLEMISH_CANON,E. du Perron,1,5,8,/works/OL43550896W,Scheepsjournaal van Arthur Ducroo,E. du Perron,1.0000,1943,/books/OL59362211M,Scheepsjournaal van Arthur Ducroo,E. du Perron,dut,1.0000,,L.J. Veen's Uitgevers-Maatschappij N.V.,1943,,,NOT_PROBED,,,,,NO,NO,149.0000,153.0000,REJECT,No cover candidate.,
NL,DUTCH_FLEMISH_CANON,Felix Timmermans,1,8,12,/works/OL1271034W,Adriaan Brouwer,Felix Timmermans,1.0000,1968,/books/OL5766539M,Adriaan Brouwer.,,dut,1.0000,,A.] Manteau,1968,,,NOT_PROBED,,,,,NO,NO,149.0000,153.0000,REJECT,No cover candidate.,
NL,DUTCH_FLEMISH_CANON,Felix Timmermans,1,8,12,/works/OL1271036W,Aus dem schönen Lier,Felix Timmermans,1.0000,1929,/books/OL17024776M,Aus dem schönen Lier.,Mit 16 Zeichnungen des Dichters.,ger | dut,1.0000,,Insel-Verlag,1929,,,NOT_PROBED,,,,,NO,NO,149.0000,153.0000,REJECT,No cover candidate.,
NL,DUTCH_FLEMISH_CANON,Felix Timmermans,1,8,12,/works/OL44081232W,Bagijnhof-sproken,Felix Timmermans | Frans Thiry,1.0000,1911,/books/OL60296469M,Bagijnhof-sproken,,dut,1.0000,,Maatschappij voor Goede en Goedkoope Lectuur,1911,,,NOT_PROBED,,,,,NO,NO,149.0000,153.0000,REJECT,No cover candidate.,
NL,DUTCH_FLEMISH_CANON,Felix Timmermans,1,8,12,/works/OL1271038W,Boerenpsalm,Felix Timmermans,1.0000,1967,/books/OL5646178M,Boerenpsalm.,,dut,1.0000,,D. A. P. Reinaert Uitg.,1967,,,NOT_PROBED,,,,,NO,NO,149.0000,153.0000,REJECT,No cover candidate.,
NL,DUTCH_FLEMISH_CANON,Felix Timmermans,1,8,12,/works/OL44449941W,Boudewijn,Felix Timmermans,1.0000,1900,/books/OL60715933M,Boudewijn,,dut,1.0000,,P.N. Van Kampen & Zoon,1900,,,NOT_PROBED,,,,,NO,NO,149.0000,153.0000,REJECT,No cover candidate.,
NL,DUTCH_FLEMISH_CANON,Felix Timmermans,1,8,12,/works/OL42785249W,Das Licht in der Laterne,Felix Timmermans,1.0000,1926,/books/OL58244555M,Das Licht in der Laterne,,ger | dut,1.0000,,Insel-Verlag,1926,,,NOT_PROBED,,,,,NO,NO,149.0000,153.0000,REJECT,No cover candidate.,
NL,DUTCH_FLEMISH_CANON,Felix Timmermans,1,8,12,/works/OL18398253W,Das triptychon von den heiligen drei königen,Felix Timmermans,1.0000,1924,/books/OL58201265M,Das Triptychon von den heiligen drei Königen,,ger | dut,1.0000,,Insel Verlag,1934,,,NOT_PROBED,,,,,NO,NO,149.0000,153.0000,REJECT,No cover candidate.,
NL,DUTCH_FLEMISH_CANON,Felix Timmermans,1,8,12,/works/OL43851501W,De familie Hernat,Felix Timmermans,1.0000,1956,/books/OL59780959M,De familie Hernat,,dut,1.0000,,Desclée de Brouwer,1956,,,NOT_PROBED,,,,,NO,NO,149.0000,153.0000,REJECT,No cover candidate.,
NL,DUTCH_FLEMISH_CANON,Felix Timmermans,1,8,12,/works/OL44861301W,De goede helpers,Felix Timmermans,1.0000,1956,/books/OL61232523M,De goede helpers,en andere vertelsels,dut,1.0000,,Desclée de Brouwer,1956,,,NOT_PROBED,,,,,NO,NO,149.0000,153.0000,REJECT,No cover candidate.,
NL,DUTCH_FLEMISH_CANON,Felix Timmermans,1,8,12,/works/OL43679286W,De harp van Sint Franciscus,Felix Timmermans,1.0000,1932,/books/OL59541242M,De harp van Sint Franciscus,roman,dut,1.0000,,P.N. Van Kampen,1932,,,NOT_PROBED,,,,,NO,NO,149.0000,153.0000,REJECT,No cover candidate.,
NL,DUTCH_FLEMISH_CANON,Felix Timmermans,1,8,12,/works/OL42924503W,De pastoor uit den bloeyenden wijngaerdt,Felix Timmermans,1.0000,1923,/books/OL58484691M,De pastoor uit den bloeyenden wijngaerdt,,dut,1.0000,,P. N. Van Kampen & Zoon,1930,,,NOT_PROBED,,,,,NO,NO,149.0000,153.0000,REJECT,No cover candidate.,
NL,DUTCH_FLEMISH_CANON,Felix Timmermans,1,8,12,/works/OL8642857W,De vier Heemskinderen,Felix Timmermans,1.0000,1922,/books/OL21822023M,De vier Heemskinderen,,dut,1.0000,,J. M. Meulenhoff,1922,,,NOT_PROBED,,,,,NO,NO,149.0000,153.0000,REJECT,No cover candidate.,
NL,DUTCH_FLEMISH_CANON,Felix Timmermans,1,8,12,/works/OL44817484W,De Witte,Ernest Claes | Felix Timmermans,1.0000,1961,/books/OL61181916M,De Witte,,dut,1.0000,,Wereld-Bibliotheek,1961,,,NOT_PROBED,,,,,NO,NO,149.0000,153.0000,REJECT,No cover candidate.,
NL,DUTCH_FLEMISH_CANON,Felix Timmermans,1,8,12,/works/OL1271045W,"De zeer schone uren van Juffrouw Symforosa, begijnten",Felix Timmermans,1.0000,1966,/books/OL16395295M,"De zeer schone uren van Juffrouw Symforosa, begijnten.",,dut,1.0000,,P.N. van Kampen,1966,,,NOT_PROBED,,,,,NO,NO,149.0000,153.0000,REJECT,No cover candidate.,
NL,DUTCH_FLEMISH_CANON,Felix Timmermans,1,8,12,/works/OL45713022W,"De zeer schoone uren van Juffrouw Symforosa, begijntjen",Felix Timmermans,1.0000,1930,/books/OL62234735M,"De zeer schoone uren van Juffrouw Symforosa, begijntjen",,dut,1.0000,,P.N. Van Kampen & Zoon,1930,,,NOT_PROBED,,,,,NO,NO,149.0000,153.0000,REJECT,No cover candidate.,
NL,DUTCH_FLEMISH_CANON,Felix Timmermans,1,8,12,/works/OL44810815W,Driekoningen tryptiek,Felix Timmermans | Edgard Tytgat,1.0000,1935,/books/OL61174245M,Driekoningen tryptiek,,dut,1.0000,,Zuid-Hollandsche Uitgeversmaatschappij,1935,,,NOT_PROBED,,,,,NO,NO,149.0000,153.0000,REJECT,No cover candidate.,
NL,DUTCH_FLEMISH_CANON,Felix Timmermans,1,8,12,/works/OL1271064W,Een lepel herinneringen,Felix Timmermans,1.0000,1943,/books/OL234043M,Een lepel herinneringen,,dut,1.0000,,Het Kompas,1943,,,NOT_PROBED,,,,,NO,NO,149.0000,153.0000,REJECT,No cover candidate.,
NL,DUTCH_FLEMISH_CANON,Felix Timmermans,1,8,12,/works/OL42882573W,Franziskus,Felix Timmermans,1.0000,1932,/books/OL58425526M,Franziskus,,ger | dut,1.0000,,Im Insel-Verlag,1932,,,NOT_PROBED,,,,,NO,NO,149.0000,153.0000,REJECT,No cover candidate.,
NL,DUTCH_FLEMISH_CANON,Felix Timmermans,1,8,12,/works/OL42924508W,Het keerseken in de lanteern,Felix Timmermans,1.0000,1920,/books/OL58484699M,Het keerseken in de lanteern,,dut,1.0000,,P.N. Van Kampen & Zoon,1920,,,NOT_PROBED,,,,,NO,NO,149.0000,153.0000,REJECT,No cover candidate.,
NL,DUTCH_FLEMISH_CANON,Felix Timmermans,1,8,12,/works/OL1271051W,Isidoor Opsomer,Felix Timmermans,1.0000,1943,/books/OL195679M,Isidoor Opsomer,een voordracht te Lier bij zijn benoeming tot baron.,dut,1.0000,,De Sikkel,1943,,,NOT_PROBED,,,,,NO,NO,149.0000,153.0000,REJECT,No cover candidate.,
NL,DUTCH_FLEMISH_CANON,Felix Timmermans,1,8,12,/works/OL1271053W,Met Felix Timmermans door Vlaanderenland,Felix Timmermans,1.0000,1971,/books/OL4382082M,Met Felix Timmermans door Vlaanderenland.,,dut,1.0000,,Van Kampen,1971,,,NOT_PROBED,,,,,NO,NO,149.0000,153.0000,REJECT,No cover candidate.,
NL,DUTCH_FLEMISH_CANON,Felix Timmermans,1,8,12,/works/OL45713015W,Pijp en toebak,Felix Timmermans,1.0000,1933,/books/OL62234728M,Pijp en toebak,,dut,1.0000,,P.N. Van Kampen & Zoon N.V.,1933,,,NOT_PROBED,,,,,NO,NO,149.0000,153.0000,REJECT,No cover candidate.,
NL,DUTCH_FLEMISH_CANON,Felix Timmermans,1,8,12,/works/OL43904792W,Schemeringen van den dood,Felix Timmermans,1.0000,1900,/books/OL59859302M,Schemeringen van den dood,,dut,1.0000,,P.N. Van Kampen & zoon,1900,,,NOT_PROBED,,,,,NO,NO,149.0000,153.0000,REJECT,No cover candidate.,
NL,DUTCH_FLEMISH_CANON,Frederik van Eeden,1,6,9,/works/OL1447274W,Bij 't licht van de oorlogsvlam,Frederik van Eeden,1.0000,1915,/books/OL6703935M,Bij 't licht van de oorlogsvlam,,dut,1.0000,,W. Versluys,1915,,,NOT_PROBED,,,,,NO,NO,149.0000,153.0000,REJECT,No cover candidate.,
NL,DUTCH_FLEMISH_CANON,Frederik van Eeden,1,6,9,/works/OL44384920W,Binnenlandsche Kolonisatie,Frederik van Eeden,1.0000,1901,/books/OL60640880M,Binnenlandsche Kolonisatie,,dut,1.0000,,Versluys,1901,,,NOT_PROBED,,,,,NO,NO,149.0000,153.0000,REJECT,No cover candidate.,
NL,DUTCH_FLEMISH_CANON,Frederik van Eeden,1,6,9,/works/OL44809271W,Brieven,Frederik van Eeden,1.0000,1907,/books/OL61172367M,Brieven,Fragmenten eener briefwisseling uit de jaren 1889-1899,dut,1.0000,,Maas & Van Suchtelen,1907,,,NOT_PROBED,,,,,NO,NO,149.0000,153.0000,REJECT,No cover candidate.,
NL,DUTCH_FLEMISH_CANON,Frederik van Eeden,1,6,9,/works/OL38627322W,Dante en Beatrice en andere verzen,Frederik van Eeden,1.0000,1917,/books/OL52571450M,Dante en Beatrice en andere verzen,,dut,1.0000,,publisher not identified,1917,,,NOT_PROBED,,,,,NO,NO,149.0000,153.0000,REJECT,No cover candidate.,
NL,DUTCH_FLEMISH_CANON,Frederik van Eeden,1,6,9,/works/OL1447275W,De blijde wereld,Frederik van Eeden,1.0000,1903,/books/OL6058450M,De blijde wereld.,Reden over mensch en maatschappij.,dut,1.0000,,W. Versluys,1903,,,NOT_PROBED,,,,,NO,NO,149.0000,153.0000,REJECT,No cover candidate.,
NL,DUTCH_FLEMISH_CANON,Frederik van Eeden,1,6,9,/works/OL1447277W,De broederveete,Frederik van Eeden,1.0000,1912,/books/OL6593584M,De broederveete,,dut,1.0000,,W. Versluys,1912,,,NOT_PROBED,,,,,NO,NO,149.0000,153.0000,REJECT,No cover candidate.,
NL,DUTCH_FLEMISH_CANON,Frederik van Eeden,1,6,9,/works/OL43992180W,De heks van Haarlem,Frederik van Eeden,1.0000,1919,/books/OL60007578M,De heks van Haarlem,Treurspel der onzeekerheid,dut,1.0000,,W. Versluys,1919,,,NOT_PROBED,,,,,NO,NO,149.0000,153.0000,REJECT,No cover candidate.,
NL,DUTCH_FLEMISH_CANON,Frederik van Eeden,1,6,9,/works/OL43674407W,De idealisten,Frederik van Eeden,1.0000,1909,/books/OL59534364M,De idealisten,of Het beloofde land; toneelspel in vier tafreelen,dut,1.0000,,W. Versluys,1909,,,NOT_PROBED,,,,,NO,NO,149.0000,153.0000,REJECT,No cover candidate.,
NL,DUTCH_FLEMISH_CANON,Frederik van Eeden,1,6,9,/works/OL45452912W,"Eucharistie, het woord der verzoening",Frederik van Eeden,1.0000,1924,/books/OL61929730M,"Eucharistie, het woord der verzoening",een lied in hebreeuwaxhen trant. Met titelplaat van Jan Toorop,dut,1.0000,,"Apologetisch Bureau ""Houvast""",1924,,,NOT_PROBED,,,,,NO,NO,149.0000,153.0000,REJECT,No cover candidate.,
NL,DUTCH_FLEMISH_CANON,Frederik van Eeden,1,6,9,/works/OL44338469W,Frans Hals,Frederik van Eeden,1.0000,1884,/books/OL60587473M,Frans Hals,"historisch, anachronistisch kluchtspel",dut,1.0000,,A. Rossing,1884,,,NOT_PROBED,,,,,NO,NO,149.0000,153.0000,REJECT,No cover candidate.,
NL,DUTCH_FLEMISH_CANON,Frederik van Eeden,1,6,9,/works/OL1447280W,Frederik van Eeden,Frederik van Eeden,1.0000,1943,/books/OL229651M,Frederik van Eeden,,dut,1.0000,,Kunstuitgeverij Pro arte p.v.b.a.,1943,,,NOT_PROBED,,,,,NO,NO,149.0000,153.0000,REJECT,No cover candidate.,
NL,DUTCH_FLEMISH_CANON,Frederik van Eeden,1,6,9,/works/OL44237660W,Gedachten,Frederik van Eeden,1.0000,1920,/books/OL60471700M,Gedachten,,dut,1.0000,,Veen,1920,,,NOT_PROBED,,,,,NO,NO,149.0000,153.0000,REJECT,No cover candidate.,
NL,DUTCH_FLEMISH_CANON,Frederik van Eeden,1,6,9,/works/OL45075039W,"Grassprietjes of liederen op het gebied van deugd, godsvrucht en vaderland, in vier afdeelingen ...",Frederik van Eeden,1.0000,1887,/books/OL61480729M,"Grassprietjes of liederen op het gebied van deugd, godsvrucht en vaderland, in vier afdeelingen ...",,dut,1.0000,,W. Versluys,1887,,,NOT_PROBED,,,,,NO,NO,149.0000,153.0000,REJECT,No cover candidate.,
NL,DUTCH_FLEMISH_CANON,Frederik van Eeden,1,6,9,/works/OL45365552W,Het godshuis in de lichtstad,Frederik van Eeden,1.0000,1921,/books/OL61826041M,Het godshuis in de lichtstad,,dut,1.0000,,W. Versluys,1921,,,NOT_PROBED,,,,,NO,NO,149.0000,153.0000,REJECT,No cover candidate.,
NL,DUTCH_FLEMISH_CANON,Frederik van Eeden,1,6,9,/works/OL44693458W,"Het poortje, of De Duivel in Kruimelburg",Frederik van Eeden,1.0000,1922,/books/OL61037978M,"Het poortje, of De Duivel in Kruimelburg",blijspel in vijf bedrijven en een voorspel,dut,1.0000,,Versluys,1922,,,NOT_PROBED,,,,,NO,NO,149.0000,153.0000,REJECT,No cover candidate.,
NL,DUTCH_FLEMISH_CANON,Frederik van Eeden,1,6,9,/works/OL38624906W,Het roode lampje,Frederik van Eeden,1.0000,1921,/books/OL52567306M,Het roode lampje,signifische gepeinzen,dut,1.0000,,W. Versluys,1921,,,NOT_PROBED,,,,,NO,NO,149.0000,153.0000,REJECT,No cover candidate.,
NL,DUTCH_FLEMISH_CANON,Frederik van Eeden,1,6,9,/works/OL43844227W,Het skelet,Frederik van Eeden,1.0000,1917,/books/OL59771298M,Het skelet,drama,dut,1.0000,,W. Versluys,1917,,,NOT_PROBED,,,,,NO,NO,149.0000,153.0000,REJECT,No cover candidate.,
NL,DUTCH_FLEMISH_CANON,Frederik van Eeden,1,6,9,/works/OL44425411W,In kenterend getij,Frederik van Eeden,1.0000,1913,/books/OL60687652M,In kenterend getij,een dubbel-drama,dut,1.0000,,W. Versluys,1913,,,NOT_PROBED,,,,,NO,NO,149.0000,153.0000,REJECT,No cover candidate.,
NL,DUTCH_FLEMISH_CANON,Frederik van Eeden,1,6,9,/works/OL45074494W,Jeugd-verzen,Frederik van Eeden,1.0000,1926,/books/OL61480112M,Jeugd-verzen,,dut,1.0000,,J.J. Romen,1926,,,NOT_PROBED,,,,,NO,NO,149.0000,153.0000,REJECT,No cover candidate.,
NL,DUTCH_FLEMISH_CANON,Frederik van Eeden,1,6,9,/works/OL45074463W,Jezus' leer en verborgen leven,Frederik van Eeden,1.0000,1919,/books/OL61480078M,Jezus' leer en verborgen leven,,dut,1.0000,,W. Versluys,1919,,,NOT_PROBED,,,,,NO,NO,149.0000,153.0000,REJECT,No cover candidate.,
NL,DUTCH_FLEMISH_CANON,Frederik van Eeden,1,6,9,/works/OL43984483W,Kerk en communisme,Frederik van Eeden,1.0000,1921,/books/OL59993708M,Kerk en communisme,"reede gehouden te Antwerpen, 29 Januari 1921, voor de conferentie van Vlaamsche Advocaten",dut,1.0000,,Versluys,1921,,,NOT_PROBED,,,,,NO,NO,149.0000,153.0000,REJECT,No cover candidate.,
NL,DUTCH_FLEMISH_CANON,Frederik van Eeden,1,6,9,/works/OL43996578W,Langs den weg,Frederik van Eeden,1.0000,1925,/books/OL60016145M,Langs den weg,verspreide opstellen,dut,1.0000,,J.J. Romen,1925,,,NOT_PROBED,,,,,NO,NO,149.0000,153.0000,REJECT,No cover candidate.,
NL,DUTCH_FLEMISH_CANON,Frederik van Eeden,1,6,9,/works/OL38627317W,Liber amicorum,Frederik van Eeden,1.0000,1930,/books/OL52571442M,Liber amicorum,Dr. Frederik van Eeden aangeboden ter gelegenheid van zijn zeventigsten verjaardag 3 April 1930,dut,1.0000,,N.V. Maatschappij tot verspreiding van goede en goedkoope lectuur (wereldbibliotheek),1930,,,NOT_PROBED,,,,,NO,NO,149.0000,153.0000,REJECT,No cover candidate.,
NL,DUTCH_FLEMISH_CANON,Frederik van Eeden,1,6,9,/works/OL38624479W,Lioba,Frederik van Eeden,1.0000,1903,/books/OL59534018M,Lioba,drama,dut,1.0000,,Versluys,1903,,,NOT_PROBED,,,,,NO,NO,149.0000,153.0000,REJECT,No cover candidate.,
NL,DUTCH_FLEMISH_CANON,Frederik van Eeden,1,6,9,/works/OL38624472W,Minnestral,Frederik van Eeden,1.0000,1907,/books/OL52566514M,Minnestral,,dut,1.0000,,W. Versluys,1907,,,NOT_PROBED,,,,,NO,NO,149.0000,153.0000,REJECT,No cover candidate.,
NL,DUTCH_FLEMISH_CANON,Frederik van Eeden,1,6,9,/works/OL38719261W,Paul's ontwaken,Frederik van Eeden,1.0000,1916,/books/OL52711960M,Paul's ontwaken,door Frederik van Eeden ; met een portret naar een teekening van Marie Cremers,dut,1.0000,,W. Versluys,1916,,,NOT_PROBED,,,,,NO,NO,149.0000,153.0000,REJECT,No cover candidate.,
NL,DUTCH_FLEMISH_CANON,Frederik van Eeden,1,6,9,/works/OL42262988W,Plantaardige vezelstoffen,Frederik van Eeden,1.0000,1887,/books/OL57324139M,Plantaardige vezelstoffen,"tevens overzicht van de meest bekende gewassen in de Nederlandsche Koloniën en andere gewesten, waarvan vezelstoffen kunnen verkregen worden",dut,1.0000,,De Erven Loosjes,1887,,,NOT_PROBED,,,,,NO,NO,149.0000,153.0000,REJECT,No cover candidate.,
NL,DUTCH_FLEMISH_CANON,Frederik van Eeden,1,6,9,/works/OL37310239W,Redekunstige grondslag van verstandhouding,Frederik van Eeden,1.0000,1975,/books/OL50285722M,Redekunstige grondslag van verstandhouding,,dut,1.0000,,Spectrum,1975,,,NOT_PROBED,,,,,NO,NO,149.0000,153.0000,REJECT,No cover candidate.,
NL,DUTCH_FLEMISH_CANON,Frederik van Eeden,1,6,9,/works/OL44622845W,'T paleis van circe,Frederik van Eeden,1.0000,1910,/books/OL60956353M,'T paleis van circe,tooneelspel in drie tafreelen,dut,1.0000,,Versluys,1910,,,NOT_PROBED,,,,,NO,NO,149.0000,153.0000,REJECT,No cover candidate.,
NL,DUTCH_FLEMISH_CANON,Frederik van Eeden,1,6,9,/works/OL38652283W,"'t Paleis van Circe, tooneelspel in drie taftreelen",Frederik van Eeden,1.0000,1910,/books/OL52612391M,"'t Paleis van Circe, tooneelspel in drie taftreelen",,dut,1.0000,,publisher not identified,1910,,,NOT_PROBED,,,,,NO,NO,149.0000,153.0000,REJECT,No cover candidate.,
NL,DUTCH_FLEMISH_CANON,Frederik van Eeden,1,6,9,/works/OL38624450W,Van de passiclooze lelie,Frederik van Eeden,1.0000,1908,/books/OL52566476M,Van de passiclooze lelie,,dut,1.0000,,W. Versluys,1908,,,NOT_PROBED,,,,,NO,NO,149.0000,153.0000,REJECT,No cover candidate.,
NL,DUTCH_FLEMISH_CANON,Frederik van Eeden,1,6,9,/works/OL42482827W,Ysbrand,Frederik van Eeden,1.0000,1910,/books/OL57652862M,Ysbrand,a tragicomedy,eng | dut,1.0000,,Journal Print,1910,,,NOT_PROBED,,,,,NO,NO,149.0000,153.0000,REJECT,No cover candidate.,
NL,DUTCH_FLEMISH_CANON,Herman Teirlinck,1,7,10,/works/OL1458680W,"August Vermeylen, 1872-1945",Herman Teirlinck,1.0000,1958,/books/OL5781185M,"August Vermeylen, 1872-1945.",,dut,1.0000,,Voor het Ministerie van Openbaar Onderwijs uitg. door A. Manteau,1958,,,NOT_PROBED,,,,,NO,NO,149.0000,153.0000,REJECT,No cover candidate.,
NL,DUTCH_FLEMISH_CANON,Herman Teirlinck,1,7,10,/works/OL45964057W,Ave,"Herman Teirlinck | Masereel, Frans | Sikkel (Firm) | Spalding & Hodge",1.0000,1938,/books/OL62528428M,Ave,,dut,1.0000,,De Sikkel,1938,,,NOT_PROBED,,,,,NO,NO,149.0000,153.0000,REJECT,No cover candidate.,
NL,DUTCH_FLEMISH_CANON,Herman Teirlinck,1,7,10,/works/OL1458682W,De doolage,Herman Teirlinck,1.0000,1905,/books/OL52502601M,De doolage,,dut,1.0000,,M. Boogaerdt,1905,,,NOT_PROBED,,,,,NO,NO,149.0000,153.0000,REJECT,No cover candidate.,
NL,DUTCH_FLEMISH_CANON,Herman Teirlinck,1,7,10,/works/OL38719618W,De man zonder lijf,Herman Teirlinck,1.0000,1925,/books/OL52712448M,De man zonder lijf,de klucht der dubbelgangers,dut,1.0000,,Van Loghum Slaterus,1925,,,NOT_PROBED,,,,,NO,NO,149.0000,153.0000,REJECT,No cover candidate.,
NL,DUTCH_FLEMISH_CANON,Herman Teirlinck,1,7,10,/works/OL1458684W,De Vlaamse Helicon,Herman Teirlinck,1.0000,1979,/books/OL4176134M,De Vlaamse Helicon,,dut,1.0000,,Manteau,1979,,,NOT_PROBED,,,,,NO,NO,149.0000,153.0000,REJECT,No cover candidate.,
NL,DUTCH_FLEMISH_CANON,Herman Teirlinck,1,7,10,/works/OL38584544W,De wonderbare wereld,Herman Teirlinck,1.0000,1907,/books/OL52502604M,De wonderbare wereld,,dut,1.0000,,C.A.J. Dishoeck,1907,,,NOT_PROBED,,,,,NO,NO,149.0000,153.0000,REJECT,No cover candidate.,
NL,DUTCH_FLEMISH_CANON,Herman Teirlinck,1,7,10,/works/OL38719607W,Dramatisch Peripatetikon,Herman Teirlinck,1.0000,1959,/books/OL52712431M,Dramatisch Peripatetikon,stellingen en ontmoetingen,dut,1.0000,,Uitgeverij s.m. ontwikkeling,1959,,,NOT_PROBED,,,,,NO,NO,149.0000,153.0000,REJECT,No cover candidate.,
NL,DUTCH_FLEMISH_CANON,Herman Teirlinck,1,7,10,/works/OL38625573W,Gedenkboek A. Vermeylen,F. V. Toussaint van Boelaere | Herman Teirlinck,1.0000,1932,/books/OL52568470M,Gedenkboek A. Vermeylen,,dut,1.0000,,Nijhoff,1932,,,NOT_PROBED,,,,,NO,NO,149.0000,153.0000,REJECT,No cover candidate.,
NL,DUTCH_FLEMISH_CANON,Herman Teirlinck,1,7,10,/works/OL1458685W,"Griseldis, de vrouwenpeirle",Herman Teirlinck,1.0000,1942,/books/OL6507655M,"Griseldis, de vrouwenpeirle.",,dut,1.0000,,Snoeck Ducaju en zoon,1942,,,NOT_PROBED,,,,,NO,NO,149.0000,153.0000,REJECT,No cover candidate.,
NL,DUTCH_FLEMISH_CANON,Herman Teirlinck,1,7,10,/works/OL1458686W,Het avontuurlijke leven van Lieven Cordaat,Herman Teirlinck,1.0000,1942,/books/OL19530471M,Het avontuurlijke leven van Lieven Cordaat,,dut,1.0000,,Uitgeverij Contact,1942,,,NOT_PROBED,,,,,NO,NO,149.0000,153.0000,REJECT,No cover candidate.,
NL,DUTCH_FLEMISH_CANON,Herman Teirlinck,1,7,10,/works/OL1458694W,Het gevecht met de engel,Herman Teirlinck,1.0000,1952,/books/OL22924848M,Het gevecht met de engel,ederzetting van de Jeroens op O.L.V. Welriekende,dut,1.0000,,Manteau,1964,,,NOT_PROBED,,,,,NO,NO,149.0000,153.0000,REJECT,No cover candidate.,
NL,DUTCH_FLEMISH_CANON,Herman Teirlinck,1,7,10,/works/OL38584546W,Het ivoren aapje,Herman Teirlinck,1.0000,1910,/books/OL52502606M,Het ivoren aapje,een roman van brusselsch leven,dut,1.0000,,Maatschappij voer en goedkoope lectuur,1910,,,NOT_PROBED,,,,,NO,NO,149.0000,153.0000,REJECT,No cover candidate.,
NL,DUTCH_FLEMISH_CANON,Herman Teirlinck,1,7,10,/works/OL45125567W,Het Lied van Peer Lobbe,Herman Teirlinck,1.0000,1923,/books/OL61539985M,Het Lied van Peer Lobbe,,dut,1.0000,,Lectura,1923,,,NOT_PROBED,,,,,NO,NO,149.0000,153.0000,REJECT,No cover candidate.,
NL,DUTCH_FLEMISH_CANON,Herman Teirlinck,1,7,10,/works/OL44449596W,Het stille gesternte,Herman Teirlinck,1.0000,1900,/books/OL60715528M,Het stille gesternte,,dut,1.0000,,C. A. J. van Dishoeck,1900,,,NOT_PROBED,,,,,NO,NO,149.0000,153.0000,REJECT,No cover candidate.,
NL,DUTCH_FLEMISH_CANON,Herman Teirlinck,1,7,10,/works/OL38719616W,Ik dien,Herman Teirlinck,1.0000,1924,/books/OL52712445M,Ik dien,een spel in drie bedrijven ter verheerlijking van Zuster Beatrijs,dut,1.0000,,Van Loghum Slaterus & Visser,1924,,,NOT_PROBED,,,,,NO,NO,149.0000,153.0000,REJECT,No cover candidate.,
NL,DUTCH_FLEMISH_CANON,Herman Teirlinck,1,7,10,/works/OL42931335W,Jef. Lambeaux,Herman Teirlinck,1.0000,1909,/books/OL58493711M,Jef. Lambeaux,,dut,1.0000,,J.E. Buschmann,1909,,,NOT_PROBED,,,,,NO,NO,149.0000,153.0000,REJECT,No cover candidate.,
NL,DUTCH_FLEMISH_CANON,Herman Teirlinck,1,7,10,/works/OL38584548W,Johan Doxa,Herman Teirlinck,1.0000,1917,/books/OL52502608M,Johan Doxa,vier herinneringen aan een Brabantschen gothieker,dut,1.0000,,P.N. van Kampen & Zoon,1917,,,NOT_PROBED,,,,,NO,NO,149.0000,153.0000,REJECT,No cover candidate.,
NL,DUTCH_FLEMISH_CANON,Herman Teirlinck,1,7,10,/works/OL38722010W,"Karel van de Woestijne, 1878-1929",Herman Teirlinck,1.0000,1956,/books/OL61228305M,"Karel van de Woestijne, 1878-1929",,dut,1.0000,,A. Manteau,1956,,,NOT_PROBED,,,,,NO,NO,149.0000,153.0000,REJECT,No cover candidate.,
NL,DUTCH_FLEMISH_CANON,Herman Teirlinck,1,7,10,/works/OL1458688W,"Maria Speermalie, 1875-1937",Herman Teirlinck,1.0000,1942,/books/OL233254M,"Maria Speermalie, 1875-1937",levensgetijden op de heerlijkheid t'Homveld.,dut,1.0000,,Wereldbibliotheek,1942,,,NOT_PROBED,,,,,NO,NO,149.0000,153.0000,REJECT,No cover candidate.,
NL,DUTCH_FLEMISH_CANON,Herman Teirlinck,1,7,10,/works/OL38584551W,Mijnheer J.B. Serjanszoon,Herman Teirlinck,1.0000,1918,/books/OL52502611M,Mijnheer J.B. Serjanszoon,orator didacticus ...,dut,1.0000,,C.A.J. van Dishoeck,1918,,,NOT_PROBED,,,,,NO,NO,149.0000,153.0000,REJECT,No cover candidate.,
NL,DUTCH_FLEMISH_CANON,Herman Teirlinck,1,7,10,/works/OL1458690W,Ode aan mijn hand,Herman Teirlinck,1.0000,1963,/books/OL4037300M,Ode aan mijn hand,tijdgeestige oefeningen,dut,1.0000,,Manteau,1963,,,NOT_PROBED,,,,,NO,NO,149.0000,153.0000,REJECT,No cover candidate.,
NL,DUTCH_FLEMISH_CANON,Herman Teirlinck,1,7,10,/works/OL43747516W,[Rolande met de bles] de XXXX brieven aan Rolande door Renier Joskin de Lamarche,Herman Teirlinck,1.0000,1947,/books/OL59634700M,[Rolande met de bles] de XXXX brieven aan Rolande door Renier Joskin de Lamarche,Nederlandsche tekst met liminaire nota,dut,1.0000,,Wereldbibliotheek,1947,,,NOT_PROBED,,,,,NO,NO,149.0000,153.0000,REJECT,No cover candidate.,
NL,DUTCH_FLEMISH_CANON,Herman Teirlinck,1,7,10,/works/OL1458695W,The man in the mirror,Herman Teirlinck,1.0000,1963,/books/OL5889104M,The man in the mirror.,,eng | dut,1.0000,,Sythoff,1963,,,NOT_PROBED,,,,,NO,NO,149.0000,153.0000,REJECT,No cover candidate.,
NL,DUTCH_FLEMISH_CANON,Herman Teirlinck,1,7,10,/works/OL38719619W,Versmoorde goden,Herman Teirlinck,1.0000,1961,/books/OL52712451M,Versmoorde goden,,dut,1.0000,,A. Manteau,1961,,,NOT_PROBED,,,,,NO,NO,149.0000,153.0000,REJECT,No cover candidate.,
NL,DUTCH_FLEMISH_CANON,Herman Teirlinck,1,7,10,/works/OL1458692W,Wijding voor een derde geboorte,Herman Teirlinck,1.0000,1956,/books/OL6260896M,Wijding voor een derde geboorte.,,dut,1.0000,,Ontwikkeling,1956,,,NOT_PROBED,,,,,NO,NO,149.0000,153.0000,REJECT,No cover candidate.,
NL,DUTCH_FLEMISH_CANON,Herman Teirlinck,1,7,10,/works/OL38719625W,Zelfportret of het galgemaal,Herman Teirlinck,1.0000,1955,/books/OL52712459M,Zelfportret of het galgemaal,,dut,1.0000,,A. Manteau,1955,,,NOT_PROBED,,,,,NO,NO,149.0000,153.0000,REJECT,No cover candidate.,
NL,DUTCH_FLEMISH_CANON,Joost van den Vondel,1,8,12,/works/OL1457284W,Aenleidinge ter Nederduitsche dichtkunste,Joost van den Vondel,1.0000,1977,/books/OL4049086M,Aenleidinge ter Nederduitsche dichtkunste,,dut,1.0000,,Instituut De Vooys,1977,,,NOT_PROBED,,,,,NO,NO,149.0000,153.0000,REJECT,No cover candidate.,
NL,DUTCH_FLEMISH_CANON,Joost van den Vondel,1,8,12,/works/OL1457318W,Al de dichtwerken,Joost van den Vondel,1.0000,1864,/books/OL16555686M,Al de dichtwerken,,dut,1.0000,,Roelants,1864,,,NOT_PROBED,,,,,NO,NO,149.0000,153.0000,REJECT,No cover candidate.,
NL,DUTCH_FLEMISH_CANON,Joost van den Vondel,1,8,12,/works/OL1457285W,Alle de treurspelen,Joost van den Vondel,1.0000,1719,/books/OL16752327M,Alle de treurspelen.,,dut,1.0000,,Oosterwyk,1719,,,NOT_PROBED,,,,,NO,NO,149.0000,153.0000,REJECT,No cover candidate.,
NL,DUTCH_FLEMISH_CANON,Joost van den Vondel,1,8,12,/works/OL1457286W,Bloemlezing uit Vondels lyriek,Joost van den Vondel,1.0000,1971,/books/OL4073928M,Bloemlezing uit Vondels lyriek.,Met inleiding en aanteken,dut,1.0000,,Thieme,1971,,,NOT_PROBED,,,,,NO,NO,149.0000,153.0000,REJECT,No cover candidate.,
NL,DUTCH_FLEMISH_CANON,Joost van den Vondel,1,8,12,/works/OL32615125W,"Blydschap, over de verlossing van Amsterdam",Joost van den Vondel,1.0000,1650,/books/OL44426251M,"Blydschap, over de verlossing van Amsterdam",,dut,1.0000,,Sine nomine,1650,,,NOT_PROBED,,,,,NO,NO,149.0000,153.0000,REJECT,No cover candidate.,
NL,DUTCH_FLEMISH_CANON,Joost van den Vondel,1,8,12,/works/OL43265169W,"Brieven der heilige maeghden, martelaressen",Joost van den Vondel,1.0000,1642,/books/OL58928414M,"Brieven der heilige maeghden, martelaressen",,dut,1.0000,,Voor Abraham de Wees,1642,,,NOT_PROBED,,,,,NO,NO,149.0000,153.0000,REJECT,No cover candidate.,
NL,DUTCH_FLEMISH_CANON,Joost van den Vondel,1,8,12,/works/OL1457290W,De heerlijckheit der kercke,Joost van den Vondel,1.0000,1907,/books/OL6309395M,De heerlijckheit der kercke,,dut,1.0000,,E. van der Vecht ; [etc. etc.],1907,,,NOT_PROBED,,,,,NO,NO,149.0000,153.0000,REJECT,No cover candidate.,
NL,DUTCH_FLEMISH_CANON,Joost van den Vondel,1,8,12,/works/OL1457291W,De helden Godes des Ouwden Verbonds,Joost van den Vondel,1.0000,1620,/books/OL17489327M,De helden Godes des Ouwden Verbonds,"met kunstige beeldenissen vertoont, en poetelijck verklaert : midsgaders, een Hymnus of lofzangh van de Christelijcke ridder, de Heerlijckheyd van Salomon, en Hierusalem verwoest",dut,1.0000,,voor Dirck Pietersz,1620,,,NOT_PROBED,,,,,NO,NO,149.0000,153.0000,REJECT,No cover candidate.,
NL,DUTCH_FLEMISH_CANON,Joost van den Vondel,1,8,12,/works/OL43387286W,De Werken van Vondel,Joost van den Vondel,1.0000,1927,/books/OL60447685M,De werken van Vondel,,dut,1.0000,,Maatschappij voor Goede en Goedkoope Lectuur,1927,,,NOT_PROBED,,,,,NO,NO,149.0000,153.0000,REJECT,No cover candidate.,
NL,DUTCH_FLEMISH_CANON,Joost van den Vondel,1,8,12,/works/OL31534250W,Den gulden winckel,Joost van den Vondel,1.0000,1978,/books/OL43200554M,Den gulden winckel,,dut,1.0000,,Editions Davaco,1978,,,NOT_PROBED,,,,,NO,NO,149.0000,153.0000,REJECT,No cover candidate.,
NL,DUTCH_FLEMISH_CANON,Joost van den Vondel,1,8,12,/works/OL33068065W,Den gulden winckel der konstlievende Nederlanders,Joost van den Vondel,1.0000,1613,/books/OL44933541M,Den gulden winckel der konstlievende Nederlanders,"gestoffeert met veel treffelijcke, historische, philosophische, poeetische morale ende schriftuerlijcke leeringen : geciert met schoone kunst platen oft beeldenissen : vermakelyck en stichtelijck voor alle staten van menschen",dut,1.0000,,Bij Dirck Pietersz ...,1613,,,NOT_PROBED,,,,,NO,NO,149.0000,153.0000,REJECT,No cover candidate.,
NL,DUTCH_FLEMISH_CANON,Joost van den Vondel,1,8,12,/works/OL38680203W,Een inleiding tot Vondel,Joost van den Vondel,1.0000,1893,/books/OL52653665M,Een inleiding tot Vondel,,dut,1.0000,,W. Versluys,1893,,,NOT_PROBED,,,,,NO,NO,149.0000,153.0000,REJECT,No cover candidate.,
NL,DUTCH_FLEMISH_CANON,Joost van den Vondel,1,8,12,/works/OL1457294W,Gijsbreght van Aemstel,Joost van den Vondel,1.0000,1967,/books/OL13950445M,Gijsbreght van Aemstel,,dut,1.0000,,Meulenhoff,1967,,,NOT_PROBED,,,,,NO,NO,149.0000,153.0000,REJECT,No cover candidate.,
NL,DUTCH_FLEMISH_CANON,Joost van den Vondel,1,8,12,/works/OL1457295W,"Gysbrecht van Aemstel, d'ondergang van syn stad en syn ballingschap",Joost van den Vondel,1.0000,1893,/books/OL22379948M,"Gysbrecht van Aemstel, d'ondergang van syn stad en syn ballingschap",treurspel,dut,1.0000,,De erven F. Bohn,1893,,,NOT_PROBED,,,,,NO,NO,149.0000,153.0000,REJECT,No cover candidate.,
NL,DUTCH_FLEMISH_CANON,Joost van den Vondel,1,8,12,/works/OL1457296W,Hekeldichten,Joost van den Vondel,1.0000,1920,/books/OL6042429M,Hekeldichten,"met de aanteekeningen der ""Amersfoortsche"" uitg.",dut,1.0000,,W. J. Thieme,1920,,,NOT_PROBED,,,,,NO,NO,149.0000,153.0000,REJECT,No cover candidate.,
NL,DUTCH_FLEMISH_CANON,Joost van den Vondel,1,8,12,/works/OL43387506W,"Hekeldichten, met aentekeningen",Joost van den Vondel,1.0000,1707,/books/OL59093810M,"Hekeldichten, met aentekeningen",uit's dichters mondt opgeschreven,dut,1.0000,,by Pieter Brakman,1707,,,NOT_PROBED,,,,,NO,NO,149.0000,153.0000,REJECT,No cover candidate.,
NL,DUTCH_FLEMISH_CANON,Joost van den Vondel,1,8,12,/works/OL42727084W,"Henriette Marie, koningin van Groot Britanje, Vranckrijck, en Irland, t'Amsterdam",Joost van den Vondel,1.0000,1642,/books/OL58144048M,"Henriette Marie, koningin van Groot Britanje, Vranckrijck, en Irland, t'Amsterdam",,dut,1.0000,,"By Dominicus vander Stichel, voor Abraham de Wees ...",1642,,,NOT_PROBED,,,,,NO,NO,149.0000,153.0000,REJECT,No cover candidate.,
NL,DUTCH_FLEMISH_CANON,Joost van den Vondel,1,8,12,/works/OL43432119W,"J.V. Vondels Batavische gebroeders; of, Onderdruckte vryheit",Joost van den Vondel,1.0000,1663,/books/OL59174544M,"J.V. Vondels Batavische gebroeders; of, Onderdruckte vryheit",treurspel,dut,1.0000,,Voor de weduwe van A. de Wees,1663,,,NOT_PROBED,,,,,NO,NO,149.0000,153.0000,REJECT,No cover candidate.,
NL,DUTCH_FLEMISH_CANON,Joost van den Vondel,1,8,12,/works/OL32787656W,J. v. Vondels Bespiegelingen van Godt en godtsdienst,Joost van den Vondel,1.0000,1700,/books/OL44610282M,J. v. Vondels Bespiegelingen van Godt en godtsdienst,"tegens d'ongodisten, verlochenaers der Godtheit of goddelijcke voorzienigheit. In den brief aen de Hebreen",dut,1.0000,,By Barent Bos,1700,,,NOT_PROBED,,,,,NO,NO,149.0000,153.0000,REJECT,No cover candidate.,
NL,DUTCH_FLEMISH_CANON,Joost van den Vondel,1,8,12,/works/OL1457300W,J. v. Vondels Bespiegelingen von Godt en Godtsdienst,Joost van den Vondel,1.0000,1662,/books/OL19083663M,J. v. Vondels Bespiegelingen von Godt en Godtsdienst,"tegens d'ongodisten, verlochenaers der Godheit of goddelijcke voorzienigheit.",dut,1.0000,,By de weduwe van Abraham de Wees ...,1662,,,NOT_PROBED,,,,,NO,NO,149.0000,153.0000,REJECT,No cover candidate.,
NL,DUTCH_FLEMISH_CANON,Joost van den Vondel,1,8,12,/works/OL1457302W,J. v. Vondels Hekeldichten,Joost van den Vondel,1.0000,1736,/books/OL16376180M,J. v. Vondels Hekeldichten,"met aenteekeningen, uit's Dichters mondt opgeschreven ... Verciert met koperen platen.",dut,1.0000,,Pieter Brakman,1736,,,NOT_PROBED,,,,,NO,NO,149.0000,153.0000,REJECT,No cover candidate.,
NL,DUTCH_FLEMISH_CANON,Joost van den Vondel,1,8,12,/works/OL43556833W,J.V. Vondels Hierusalem verwoest,Joost van den Vondel,1.0000,1665,/books/OL59369698M,J.V. Vondels Hierusalem verwoest,treurspel,dut,1.0000,,Voor de weduwe van A. de Wees,1665,,,NOT_PROBED,,,,,NO,NO,149.0000,153.0000,REJECT,No cover candidate.,
NL,DUTCH_FLEMISH_CANON,Joost van den Vondel,1,8,12,/works/OL1457303W,J. v. Vondels Joannes de boetgezant,Joost van den Vondel,1.0000,1696,/books/OL19425840M,J. v. Vondels Joannes de boetgezant,begrepen in zes boecken,dut,1.0000,,By de weduwe van Gysbert de Groot ...,1696,,,NOT_PROBED,,,,,NO,NO,149.0000,153.0000,REJECT,No cover candidate.,
NL,DUTCH_FLEMISH_CANON,Joost van den Vondel,1,8,12,/works/OL42900605W,J.V. Vondels Maeghden,Joost van den Vondel,1.0000,1639,/books/OL58450813M,J.V. Vondels Maeghden,treurspel,dut,1.0000,,Voor A. de Wees,1639,,,NOT_PROBED,,,,,NO,NO,149.0000,153.0000,REJECT,No cover candidate.,
NL,DUTCH_FLEMISH_CANON,Joost van den Vondel,1,8,12,/works/OL1457323W,J. v. Vondels Palamedes of Vermoorde onnozelheit,Joost van den Vondel,1.0000,1707,/books/OL16375921M,J. v. Vondels Palamedes of Vermoorde onnozelheit,"Treurspel, met aenteekeningen uit's Dichters mondt opgeschreven.",dut,1.0000,,Pieter Brakman,1736,,,NOT_PROBED,,,,,NO,NO,149.0000,153.0000,REJECT,No cover candidate.,
NL,DUTCH_FLEMISH_CANON,Joost van den Vondel,1,8,12,/works/OL32029027W,"J.V. Vondels Poëzy, of, Verscheide gedichten",Joost van den Vondel,1.0000,1652,/books/OL43748377M,"J.V. Vondels Poëzy, of, Verscheide gedichten","op een nieu by een vergadert, en met veele ook voorheen nooit gedrukte dichten vermeerdert : mitsgaders een aanleidinge ter Nederduitsche dichtkunste en het leven des dichters",dut,1.0000,,Voor Leonard Strik,1682,,,NOT_PROBED,,,,,NO,NO,149.0000,153.0000,REJECT,No cover candidate.,
NL,DUTCH_FLEMISH_CANON,Joost van den Vondel,1,8,12,/works/OL33082511W,J. van Vondels Hekeldigten,Joost van den Vondel,1.0000,1707,/books/OL44950054M,J. van Vondels Hekeldigten,,dut,1.0000,,By Pieter Brakman,1707,,,NOT_PROBED,,,,,NO,NO,149.0000,153.0000,REJECT,No cover candidate.,
NL,DUTCH_FLEMISH_CANON,Joost van den Vondel,1,8,12,/works/OL38721379W,Joost van Vondel's Lucifer,Joost van den Vondel,1.0000,1908,/books/OL52715696M,Joost van Vondel's Lucifer,Treurspel,dut,1.0000,,E. van der Vecht,1908,,,NOT_PROBED,,,,,NO,NO,149.0000,153.0000,REJECT,No cover candidate.,
NL,DUTCH_FLEMISH_CANON,Joost van den Vondel,1,8,12,/works/OL38721390W,Joseph in Dothan en Lucifer,Joost van den Vondel,1.0000,1938,/books/OL52715709M,Joseph in Dothan en Lucifer,in verkorte vorm uitg. en van illustraties,dut,1.0000,,J.B. Wolters,1938,,,NOT_PROBED,,,,,NO,NO,149.0000,153.0000,REJECT,No cover candidate.,
NL,DUTCH_FLEMISH_CANON,Joost van den Vondel,1,8,12,/works/OL1457297W,Juweeltjes,Joost van den Vondel,1.0000,1944,/books/OL232734M,Juweeltjes,,dut,1.0000,,Labor,1944,,,NOT_PROBED,,,,,NO,NO,149.0000,153.0000,REJECT,No cover candidate.,
NL,DUTCH_FLEMISH_CANON,Joost van den Vondel,1,8,12,/works/OL1457306W,Koning David =,Joost van den Vondel,1.0000,1900,/books/OL1476980M,Koning David =,King David,dut,1.0000,,NTS,1900,,,NOT_PROBED,,,,,NO,NO,149.0000,153.0000,REJECT,No cover candidate.,
NL,DUTCH_FLEMISH_CANON,Joost van den Vondel,1,8,12,/works/OL32787658W,Koning Davids harpzangen,Joost van den Vondel,1.0000,1696,/books/OL44610284M,Koning Davids harpzangen,,dut,1.0000,,By de weduwe van G. de Groot,1696,,,NOT_PROBED,,,,,NO,NO,149.0000,153.0000,REJECT,No cover candidate.,
NL,DUTCH_FLEMISH_CANON,Joost van den Vondel,1,8,12,/works/OL42268100W,Koning Edipus uit Sofokles,Joost van den Vondel,1.0000,1660,/books/OL57330224M,Koning Edipus uit Sofokles,treurspel,dut,1.0000,,Abraham Andriesz,1660,,,NOT_PROBED,,,,,NO,NO,149.0000,153.0000,REJECT,No cover candidate.,
NL,DUTCH_FLEMISH_CANON,Joost van den Vondel,1,8,12,/works/OL38721373W,Meesterstukken uit Vondel's werken,Joost van den Vondel,1.0000,1881,/books/OL52715686M,Meesterstukken uit Vondel's werken,,dut,1.0000,,A. Akkeringa,1881,,,NOT_PROBED,,,,,NO,NO,149.0000,153.0000,REJECT,No cover candidate.,
NL,DUTCH_FLEMISH_CANON,Joost van den Vondel,1,8,12,/works/OL1457311W,Met Vondel van de Rode Zee naar de Chinese Muur,Joost van den Vondel,1.0000,1970,/books/OL17484249M,Met Vondel van de Rode Zee naar de Chinese Muur,reien uit zijn toneelwerk.  [Door] Cath. Ypes.,dut,1.0000,,A.W. Sijthoff,1970,,,NOT_PROBED,,,,,NO,NO,149.0000,153.0000,REJECT,No cover candidate.,
NL,DUTCH_FLEMISH_CANON,Joost van den Vondel,1,8,12,/works/OL11917497W,Noah,Joost van den Vondel,1.0000,1948,/books/OL22230498M,Noah,,dut,1.0000,,Thieme,1948,,,NOT_PROBED,,,,,NO,NO,149.0000,153.0000,REJECT,No cover candidate.,
NL,DUTCH_FLEMISH_CANON,Joost van den Vondel,1,8,12,/works/OL43866262W,Palamedes,Joost van den Vondel,1.0000,1736,/books/OL59804482M,Palamedes,"of, Vermoorde onnozelheit",dut,1.0000,,by Pieter Brakman,1736,,,NOT_PROBED,,,,,NO,NO,149.0000,153.0000,REJECT,No cover candidate.,
NL,DUTCH_FLEMISH_CANON,Joost van den Vondel,1,8,12,/works/OL42268096W,"Palamedes, of, Vermoorde onnoselheit",Joost van den Vondel,1.0000,,/books/OL57330220M,"Palamedes, of, Vermoorde onnoselheit",treurspel,dut,1.0000,,By de Wed. van Gysbert de Groot,16uu,,,NOT_PROBED,,,,,NO,NO,149.0000,153.0000,REJECT,No cover candidate.,
NL,DUTCH_FLEMISH_CANON,Joost van den Vondel,1,8,12,/works/OL11917498W,"Salmoneus, en Adonias",Joost van den Vondel,1.0000,1882,/books/OL16763332M,"Salmoneus, en Adonias",treurspelen.,dut,1.0000,,Roelants,1882,,,NOT_PROBED,,,,,NO,NO,149.0000,153.0000,REJECT,No cover candidate.,
NL,DUTCH_FLEMISH_CANON,Joost van den Vondel,1,8,12,/works/OL15229798W,Verscheiden Gedichten,Joost van den Vondel,1.0000,1894,/books/OL17699216M,Verscheiden Gedichten,,dut,1.0000,,A.W. Sijthoff,1894,,,NOT_PROBED,,,,,NO,NO,149.0000,153.0000,REJECT,No cover candidate.,
NL,DUTCH_FLEMISH_CANON,Joost van den Vondel,1,8,12,/works/OL1457313W,Vijftig gedichten,Joost van den Vondel,1.0000,1969,/books/OL5742688M,Vijftig gedichten.,,dut,1.0000,,Heideland,1969,,,NOT_PROBED,,,,,NO,NO,149.0000,153.0000,REJECT,No cover candidate.,
NL,DUTCH_FLEMISH_CANON,Joost van den Vondel,1,8,12,/works/OL1457314W,Volledige dichtwerken en oorspronkelijk proza,Joost van den Vondel,1.0000,1937,/books/OL16752332M,Volledige dichtwerken en oorspronkelijk proza.,,dut,1.0000,,H.J.W. Brecht,1937,,,NOT_PROBED,,,,,NO,NO,149.0000,153.0000,REJECT,No cover candidate.,
NL,DUTCH_FLEMISH_CANON,Joost van den Vondel,1,8,12,/works/OL38760949W,Vondel,Joost van den Vondel,1.0000,1937,/books/OL52771285M,Vondel,volledige dichtwerken en oorspronkelijk proza,dut,1.0000,,H.J.W. Becht,1937,,,NOT_PROBED,,,,,NO,NO,149.0000,153.0000,REJECT,No cover candidate.,
NL,DUTCH_FLEMISH_CANON,Joost van den Vondel,1,8,12,/works/OL38721391W,Vondel-brieven,Joost van den Vondel,1.0000,1935,/books/OL52715711M,Vondel-brieven,uit de XVIIe eeuw aan en over den dichter,dut,1.0000,,Wereldbibliotheek,1935,,,NOT_PROBED,,,,,NO,NO,149.0000,153.0000,REJECT,No cover candidate.,
NL,DUTCH_FLEMISH_CANON,Joost van den Vondel,1,8,12,/works/OL38721371W,Vondel's lyriek,Joost van den Vondel,1.0000,1900,/books/OL52715684M,Vondel's lyriek,bloemlezing,dut,1.0000,,L. J. Veen,1900,,,NOT_PROBED,,,,,NO,NO,149.0000,153.0000,REJECT,No cover candidate.,
NL,DUTCH_FLEMISH_CANON,Joost van den Vondel,1,8,12,/works/OL1457315W,Vondel's meersterstuk Lucifer,Joost van den Vondel,1.0000,1945,/books/OL233433M,Vondel's meersterstuk Lucifer,treurspel in vijf bedrijven.,dut,1.0000,,Standaard-Boekhandel,1945,,,NOT_PROBED,,,,,NO,NO,149.0000,153.0000,REJECT,No cover candidate.,
NL,DUTCH_FLEMISH_CANON,Joost van den Vondel,1,8,12,/works/OL38721394W,Vondels Lucifer,Joost van den Vondel,1.0000,1899,/books/OL52715714M,Vondels Lucifer,,dut,1.0000,,W.E.J. Tjeenk Willink,1899,,,NOT_PROBED,,,,,NO,NO,149.0000,153.0000,REJECT,No cover candidate.,
NL,DUTCH_FLEMISH_CANON,Joost van den Vondel,1,8,12,/works/OL38799146W,Vondels lyriek,Joost van den Vondel,1.0000,1936,/books/OL52826206M,Vondels lyriek,een bloemlezing,dut,1.0000,,Bigot en Van Rossum,1936,,,NOT_PROBED,,,,,NO,NO,149.0000,153.0000,REJECT,No cover candidate.,
NL,DUTCH_FLEMISH_CANON,Joost van den Vondel,1,8,12,/works/OL1457316W,Vorsteliicke warande der dieren,Joost van den Vondel,1.0000,1617,/books/OL20728717M,Vorsteliicke warande der dieren,"waer in de zeden-rijcke philosophie, poëtisch, morael, en historiael, vermakelijk en treffelijck wort voorgestelt : met exemplen uyt de oude historien, in prose : ende uytleggingen, in rijm verclaert : oock met aerdige afbeeldingen geciert, end constich in coper gesnedon",dut,1.0000,,Bij Dirck Pietersz ...,1617,,,NOT_PROBED,,,,,NO,NO,149.0000,153.0000,REJECT,No cover candidate.,
NL,DUTCH_FLEMISH_CANON,Louis Couperus,1,10,15,/works/OL38762140W,"Als ik, bij voorbeeld, de geest van mijn moeder op den rand van mijn bed zag zitten",Louis Couperus,1.0000,1974,/books/OL52924817M,"Als ik, bij voorbeeld, de geest van mijn moeder op den rand van mijn bed zag zitten",Okkulte knipsels uit Couperus,dut,1.0000,,Commissie voor de Collectieve Propaganda van het Nederlandse Boek,1974,,,NOT_PROBED,,,,,NO,NO,149.0000,153.0000,REJECT,No cover candidate.,
NL,DUTCH_FLEMISH_CANON,Louis Couperus,1,10,15,/works/OL43861023W,Babel,Louis Couperus,1.0000,1909,/books/OL59794211M,Babel,,dut,1.0000,,Veen,1909,,,NOT_PROBED,,,,,NO,NO,149.0000,153.0000,REJECT,No cover candidate.,
NL,DUTCH_FLEMISH_CANON,Louis Couperus,1,10,15,/works/OL38620462W,God en goden,Louis Couperus,1.0000,1903,/books/OL52559992M,God en goden,,dut,1.0000,,L.J. Veen,1903,,,NOT_PROBED,,,,,NO,NO,149.0000,153.0000,REJECT,No cover candidate.,
NL,DUTCH_FLEMISH_CANON,Louis Couperus,1,10,15,/works/OL38620457W,Het heilige weten,Louis Couperus,1.0000,1902,/books/OL52559985M,Het heilige weten,,dut,1.0000,,L.J. Veen,1902,,,NOT_PROBED,,,,,NO,NO,149.0000,153.0000,REJECT,No cover candidate.,
NL,DUTCH_FLEMISH_CANON,Louis Couperus,1,10,15,/works/OL1456903W,Majesteit ..,Louis Couperus,1.0000,1893,/books/OL245108M,Majesteit,,dut,1.0000,,L.J. Veen,1893,,,NOT_PROBED,,,,,NO,NO,149.0000,153.0000,REJECT,No cover candidate.,
NL,DUTCH_FLEMISH_CANON,Louis Couperus,1,10,15,/works/OL38717891W,Old people and the things that pass,Louis Couperus,1.0000,1919,/books/OL52710158M,Old people and the things that pass,,eng | dut,1.0000,,Heinemann,1963,,,NOT_PROBED,,,,,NO,NO,149.0000,153.0000,REJECT,No cover candidate.,
NL,DUTCH_FLEMISH_CANON,Louis Couperus,1,10,15,/works/OL11784827W,Pscyhe,Louis Couperus,1.0000,1899,/books/OL21822686M,Pscyhe,,dut,1.0000,,L. J. Veen,1899,,,NOT_PROBED,,,,,NO,NO,149.0000,153.0000,REJECT,No cover candidate.,
NL,DUTCH_FLEMISH_CANON,Louis Couperus,1,10,15,/works/OL44945367W,Schimmen van schoonheid,Louis Couperus,1.0000,1912,/books/OL61330170M,Schimmen van schoonheid,,dut,1.0000,,Van Holkema & Warendorf,1912,,,NOT_PROBED,,,,,NO,NO,149.0000,153.0000,REJECT,No cover candidate.,
NL,DUTCH_FLEMISH_CANON,Marcellus Emants,1,5,8,/works/OL37406448W,Aantekeningen,Marcellus Emants,1.0000,1985,/books/OL50410354M,Aantekeningen,,dut,1.0000,,Nederlands Letterkundig Museum en Documentaticentrum,1985,,,NOT_PROBED,,,,,NO,NO,149.0000,153.0000,REJECT,No cover candidate.,
NL,DUTCH_FLEMISH_CANON,Marcellus Emants,1,5,8,/works/OL38869641W,Afgestorven,Marcellus Emants,1.0000,1967,/books/OL52924831M,Afgestorven,Huwelijksgeluk. Een kind,dut,1.0000,,G.A. van Oorschot,1967,,,NOT_PROBED,,,,,NO,NO,149.0000,153.0000,REJECT,No cover candidate.,
NL,DUTCH_FLEMISH_CANON,Marcellus Emants,1,5,8,/works/OL2349734W,Brieven aan Frits Smit Kleine,Marcellus Emants,1.0000,1962,/books/OL5626537M,Brieven aan Frits Smit Kleine.,"Uitg., ingeleid en van aantekeningen voorzien",dut,1.0000,,Nederlands Letterkundig Museum en Documentatiecentrum,1962,,,NOT_PROBED,,,,,NO,NO,149.0000,153.0000,REJECT,No cover candidate.,
NL,DUTCH_FLEMISH_CANON,Marcellus Emants,1,5,8,/works/OL44260430W,Juliaan de Afvallige,Marcellus Emants,1.0000,1874,/books/OL60497917M,Juliaan de Afvallige,drama,dut,1.0000,,W.C. de Graaff,1874,,,NOT_PROBED,,,,,NO,NO,149.0000,153.0000,REJECT,No cover candidate.,
NL,DUTCH_FLEMISH_CANON,Marcellus Emants,1,5,8,/works/OL43904856W,Om de mensen,Marcellus Emants,1.0000,1917,/books/OL59859381M,Om de mensen,toneelspel [in drie bedrijven],dut,1.0000,,Van Holkema & Warendorf,1917,,,NOT_PROBED,,,,,NO,NO,149.0000,153.0000,REJECT,No cover candidate.,
NL,DUTCH_FLEMISH_CANON,Marcellus Emants,1,5,8,/works/OL2349751W,Zwijgen,Marcellus Emants,1.0000,1967,/books/OL5643125M,Zwijgen.,,dut,1.0000,,J.M. Meulenhoff,1967,,,NOT_PROBED,,,,,NO,NO,149.0000,153.0000,REJECT,No cover candidate.,
NL,DUTCH_FLEMISH_CANON,Maurice Gilliams,1,5,8,/works/OL42488969W,"De man voor het venster, aanteekeningen",Maurice Gilliams,1.0000,1943,/books/OL57662608M,"De man voor het venster, aanteekeningen",,dut,1.0000,,J.M. Meulenhoff,1943,,,NOT_PROBED,,,,,NO,NO,149.0000,153.0000,REJECT,No cover candidate.,
NL,DUTCH_FLEMISH_CANON,Maurice Gilliams,1,5,8,/works/OL44299682W,Elias of het gevecht met de nachtegalen,Maurice Gilliams | Filip De Ceuster,1.0000,1936,/books/OL61997311M,"Elias, of het gevecht met de nachtegalen",,dut,1.0000,,Meulenhoff,1936,,,NOT_PROBED,,,,,NO,NO,149.0000,153.0000,REJECT,No cover candidate.,
NL,DUTCH_FLEMISH_CANON,Maurice Gilliams,1,5,8,/works/OL38873251W,"Elias, of het gevecht met de nachtegalen. Winter te Antwerpen",Maurice Gilliams,1.0000,1968,/books/OL52929983M,"Elias, of het gevecht met de nachtegalen. Winter te Antwerpen",,dut,1.0000,,Meulenhoff,1968,,,NOT_PROBED,,,,,NO,NO,149.0000,153.0000,REJECT,No cover candidate.,
NL,DUTCH_FLEMISH_CANON,Maurice Gilliams,1,5,8,/works/OL38719949W,"Emmanuel de Bom, 1868-1953",Maurice Gilliams,1.0000,1958,/books/OL52712864M,"Emmanuel de Bom, 1868-1953",,dut,1.0000,,Voor het Ministerie van Openbaar Onderwijs uitg. door A. Manteau,1958,,,NOT_PROBED,,,,,NO,NO,149.0000,153.0000,REJECT,No cover candidate.,
NL,DUTCH_FLEMISH_CANON,Maurice Gilliams,1,5,8,/works/OL44786583W,Inleiding tot de idee Henri de Braekeleer,Maurice Gilliams,1.0000,1945,/books/OL61146103M,Inleiding tot de idee Henri de Braekeleer,,dut,1.0000,,De Nederlandsche Boekhandel,1945,,,NOT_PROBED,,,,,NO,NO,149.0000,153.0000,REJECT,No cover candidate.,
NL,DUTCH_FLEMISH_CANON,Maurice Gilliams,1,5,8,/works/OL45558618W,Oefentocht in het luchtledige,Maurice Gilliams,1.0000,1937,/books/OL62051177M,Oefentocht in het luchtledige,,dut,1.0000,,Meulenhoff,1937,,,NOT_PROBED,,,,,NO,NO,149.0000,153.0000,REJECT,No cover candidate.,
NL,DUTCH_FLEMISH_CANON,Maurice Gilliams,1,5,8,/works/OL44663116W,Winter te Antwerpen,Maurice Gilliams,1.0000,1953,/books/OL61003013M,Winter te Antwerpen,,dut,1.0000,,Colibrant,1953,,,NOT_PROBED,,,,,NO,NO,149.0000,153.0000,REJECT,No cover candidate.,
NL,DUTCH_FLEMISH_CANON,Maurice Gilliams,1,5,8,/works/OL38873253W,Zwanen en zoutsteen,Maurice Gilliams,1.0000,1969,/books/OL52929985M,Zwanen en zoutsteen,"oefentoch in het luchtledgige libera nos, domine",dut,1.0000,,A.W. Sijthoff,1969,,,NOT_PROBED,,,,,NO,NO,149.0000,153.0000,REJECT,No cover candidate.,
NL,DUTCH_FLEMISH_CANON,Menno ter Braak,1,5,8,/works/OL1320434W,Briefwisseling 1930-1940,Menno ter Braak,1.0000,1962,/books/OL5721268M,Briefwisseling 1930-1940.,,dut,1.0000,,G. A. van Ooorschot,1962,,,NOT_PROBED,,,,,NO,NO,149.0000,153.0000,REJECT,No cover candidate.,
NL,DUTCH_FLEMISH_CANON,Menno ter Braak,1,5,8,/works/OL44445456W,Briefwisseling ter Braak-Du Perron,Menno ter Braak,1.0000,1949,/books/OL60710845M,Briefwisseling ter Braak-Du Perron,een bloemlezing,dut,1.0000,,Van Oorschot,1949,,,NOT_PROBED,,,,,NO,NO,149.0000,153.0000,REJECT,No cover candidate.,
NL,DUTCH_FLEMISH_CANON,Menno ter Braak,1,5,8,/works/OL1320436W,De absolute film,Menno ter Braak,1.0000,1931,/books/OL5130334M,De absolute film.,,dut,1.0000,,W. L. en J. Brusse,1931,,,NOT_PROBED,,,,,NO,NO,149.0000,153.0000,REJECT,No cover candidate.,
NL,DUTCH_FLEMISH_CANON,Menno ter Braak,1,5,8,/works/OL42932130W,De Augustijner monnik en zijn trouwe duivel,Menno ter Braak,1.0000,1945,/books/OL58494805M,De Augustijner monnik en zijn trouwe duivel,,dut,1.0000,,A.A.M. Stols,1945,,,NOT_PROBED,,,,,NO,NO,149.0000,153.0000,REJECT,No cover candidate.,
NL,DUTCH_FLEMISH_CANON,Menno ter Braak,1,5,8,/works/OL15193493W,De duivelskunstenaar,Menno ter Braak,1.0000,1945,/books/OL24326071M,De duivelskunstenaar,een studie over S. Vestdijk,dut,1.0000,,Veen,1945,,,NOT_PROBED,,,,,NO,NO,149.0000,153.0000,REJECT,No cover candidate.,
NL,DUTCH_FLEMISH_CANON,Menno ter Braak,1,5,8,/works/OL1320440W,Dr. Dumay verliest--,Menno ter Braak,1.0000,1964,/books/OL22925824M,Dr. Dumay verliest--,,dut,1.0000,,G.A. van Orrschot,1964,,,NOT_PROBED,,,,,NO,NO,149.0000,153.0000,REJECT,No cover candidate.,
NL,DUTCH_FLEMISH_CANON,Menno ter Braak,1,5,8,/works/OL45934489W,Het Nationaalsocialisme als Rancuneleer,Menno ter Braak,1.0000,1937,/books/OL62494141M,Het Nationaalsocialisme als Rancuneleer,,dut,1.0000,,Van Gorcum,1937,,,NOT_PROBED,,,,,NO,NO,149.0000,153.0000,REJECT,No cover candidate.,
NL,DUTCH_FLEMISH_CANON,Menno ter Braak,1,5,8,/works/OL43063915W,Het tweede gezicht,Menno ter Braak,1.0000,1935,/books/OL58661526M,Het tweede gezicht,,dut,1.0000,,van Oorschot,1963,,,NOT_PROBED,,,,,NO,NO,149.0000,153.0000,REJECT,No cover candidate.,
NL,DUTCH_FLEMISH_CANON,Menno ter Braak,1,5,8,/works/OL1320446W,In gesprek met de onzen,Menno ter Braak,1.0000,1946,/books/OL228875M,In gesprek met de onzen,,dut,1.0000,,Nijgh & van Ditmar,1946,,,NOT_PROBED,,,,,NO,NO,149.0000,153.0000,REJECT,No cover candidate.,
NL,DUTCH_FLEMISH_CANON,Menno ter Braak,1,5,8,/works/OL33324682W,In gesprek met de vorigen,Menno ter Braak,1.0000,1938,/books/OL58694383M,In gesprek met de vorigen,,dut,1.0000,,Nijgh & Van Ditmar,1938,,,NOT_PROBED,,,,,NO,NO,149.0000,153.0000,REJECT,No cover candidate.,
NL,DUTCH_FLEMISH_CANON,Menno ter Braak,1,5,8,/works/OL44416811W,Man tegen man,Menno ter Braak,1.0000,1931,/books/OL60677761M,Man tegen man,,dut,1.0000,,Stols,1931,,,NOT_PROBED,,,,,NO,NO,149.0000,153.0000,REJECT,No cover candidate.,
NL,DUTCH_FLEMISH_CANON,Menno ter Braak,1,5,8,/works/OL23513605W,Menno ter Braak,Menno ter Braak,1.0000,1961,/books/OL1472223M,Menno ter Braak.,,dut,1.0000,,Nederlands Letterkundig Museum en Documentatiecentrum,1961,,,NOT_PROBED,,,,,NO,NO,149.0000,153.0000,REJECT,No cover candidate.,
NL,DUTCH_FLEMISH_CANON,Menno ter Braak,1,5,8,/works/OL1320443W,Over waardigheid en macht,Menno ter Braak,1.0000,1945,/books/OL203729M,Over waardigheid en macht,politiek-cultureele kroniek,dut,1.0000,,De Bezige Bij,1945,,,NOT_PROBED,,,,,NO,NO,149.0000,153.0000,REJECT,No cover candidate.,
NL,DUTCH_FLEMISH_CANON,Menno ter Braak,1,5,8,/works/OL42921055W,Politicus zonder partij,Menno ter Braak,1.0000,1960,/books/OL58480055M,Politicus zonder partij,,dut,1.0000,,G. A. van Oorschot,1960,,,NOT_PROBED,,,,,NO,NO,149.0000,153.0000,REJECT,No cover candidate.,
NL,DUTCH_FLEMISH_CANON,Menno ter Braak,1,5,8,/works/OL1320444W,Reinaert op reis,Menno ter Braak,1.0000,1967,/books/OL5588966M,Reinaert op reis.,Essays.,dut,1.0000,,G.A. van Oorschot,1967,,,NOT_PROBED,,,,,NO,NO,149.0000,153.0000,REJECT,No cover candidate.,
NL,DUTCH_FLEMISH_CANON,Menno ter Braak,1,5,8,/works/OL45373722W,Sans famille,Jan Greshoff | Menno ter Braak | Edgar du Perron,1.0000,1947,/books/OL61835652M,Sans famille,Drei brieven over een hedendaagsch vraagstuk,dut,1.0000,,De Bezige,1947,,,NOT_PROBED,,,,,NO,NO,149.0000,153.0000,REJECT,No cover candidate.,
NL,DUTCH_FLEMISH_CANON,Menno ter Braak,1,5,8,/works/OL43058854W,Van oude en nieuwe Christenen,Menno ter Braak,1.0000,1946,/books/OL58654981M,Van oude en nieuwe Christenen,,dut,1.0000,,Nijgh & Van Ditmar,1946,,,NOT_PROBED,,,,,NO,NO,149.0000,153.0000,REJECT,No cover candidate.,
NL,DUTCH_FLEMISH_CANON,Menno ter Braak,1,5,8,/works/OL43020616W,Vezameld werk,Menno ter Braak,1.0000,1949,/books/OL58607159M,Vezameld werk,,dut,1.0000,,G. A. van Oorschot,1949,,,NOT_PROBED,,,,,NO,NO,149.0000,153.0000,REJECT,No cover candidate.,
NL,DUTCH_FLEMISH_CANON,Multatuli,1,8,12,/works/OL38626748W,Aesculaap als caricatuurschilder,Multatuli,1.0000,1889,/books/OL52570370M,Aesculaap als caricatuurschilder,bedenkingen tegen het artikel van Dr. Th. Swart Abrahamsz over Multatuli,dut,1.0000,,Lorck,1889,,,NOT_PROBED,,,,,NO,NO,149.0000,153.0000,REJECT,No cover candidate.,
NL,DUTCH_FLEMISH_CANON,Multatuli,1,8,12,/works/OL42930235W,Aleid,Multatuli,1.0000,1891,/books/OL58492131M,Aleid,Twee fragmenten uit een onafgewerkt blyspel,dut,1.0000,,W. Versluys,1891,,,NOT_PROBED,,,,,NO,NO,149.0000,153.0000,REJECT,No cover candidate.,
NL,DUTCH_FLEMISH_CANON,Multatuli,1,8,12,/works/OL658261W,Bloemlesing uit die werke,Multatuli,1.0000,1967,/books/OL5665800M,Bloemlesing uit die werke,,dut,1.0000,,J. L. van Schaik,1967,,,NOT_PROBED,,,,,NO,NO,149.0000,153.0000,REJECT,No cover candidate.,
NL,DUTCH_FLEMISH_CANON,Multatuli,1,8,12,/works/OL45531166W,Bloemlezing,Multatuli,1.0000,1865,/books/OL62119754M,Bloemlezing,,dut,1.0000,,R.C. Meyer,1865,,,NOT_PROBED,,,,,NO,NO,149.0000,153.0000,REJECT,No cover candidate.,
NL,DUTCH_FLEMISH_CANON,Multatuli,1,8,12,/works/OL658263W,Brieven aan J. Waltman Jr,Multatuli,1.0000,1947,/books/OL192992M,Brieven aan J. Waltman Jr,,dut,1.0000,,G. W. Breughel,1947,,,NOT_PROBED,,,,,NO,NO,149.0000,153.0000,REJECT,No cover candidate.,
NL,DUTCH_FLEMISH_CANON,Multatuli,1,8,12,/works/OL44484561W,De bruid daarboven,Multatuli,1.0000,1866,/books/OL60755728M,De bruid daarboven,,dut,1.0000,,G.L. Funke,1872,,,NOT_PROBED,,,,,NO,NO,149.0000,153.0000,REJECT,No cover candidate.,
NL,DUTCH_FLEMISH_CANON,Multatuli,1,8,12,/works/OL658288W,De geschiedenis van Saïdjah en Adinda,Multatuli,1.0000,1944,/books/OL232655M,De geschiedenis van Saïdjah en Adinda,[het zeventiende hoofdstuk van den Max Havelaar,dut,1.0000,,Nederlandsche Boekhandel,1944,,,NOT_PROBED,,,,,NO,NO,149.0000,153.0000,REJECT,No cover candidate.,
NL,DUTCH_FLEMISH_CANON,Multatuli,1,8,12,/works/OL43638078W,De Maatschappy tot Nut van den Javaan,Multatuli,1.0000,1869,/books/OL59485940M,De Maatschappy tot Nut van den Javaan,,dut,1.0000,,F. Günst,1869,,,NOT_PROBED,,,,,NO,NO,149.0000,153.0000,REJECT,No cover candidate.,
NL,DUTCH_FLEMISH_CANON,Multatuli,1,8,12,/works/OL658264W,"Duizend-en-eenige hoofdstukken over specialiteiten, door Multatuli [i.e. E. Douwes Dekker]",Multatuli,1.0000,1937,/books/OL22902590M,"Duizend-en-eenige hoofdstukken over specialiteiten, door Multatuli [i.e. E. Douwes Dekker]",,dut,1.0000,,Wereldbibliotheek,1937,,,NOT_PROBED,,,,,NO,NO,149.0000,153.0000,REJECT,No cover candidate.,
NL,DUTCH_FLEMISH_CANON,Multatuli,1,8,12,/works/OL658265W,Duizend en enige hoofdstukken over specialiteiten,Multatuli,1.0000,1967,/books/OL5640998M,Duizend en enige hoofdstukken over specialiteiten.,,dut,1.0000,,G. A. van Oorschot,1967,,,NOT_PROBED,,,,,NO,NO,149.0000,153.0000,REJECT,No cover candidate.,
NL,DUTCH_FLEMISH_CANON,Multatuli,1,8,12,/works/OL658268W,Ik groet u allen zeer!,Multatuli,1.0000,1968,/books/OL4603001M,Ik groet u allen zeer!,,dut,1.0000,,"Bert Bakker, Daamen",1968,,,NOT_PROBED,,,,,NO,NO,149.0000,153.0000,REJECT,No cover candidate.,
NL,DUTCH_FLEMISH_CANON,Multatuli,1,8,12,/works/OL658269W,Ik wil gelezen worden,Multatuli,1.0000,1969,/books/OL4778628M,Ik wil gelezen worden.,,dut,1.0000,,[Het Spectrum,1969,,,NOT_PROBED,,,,,NO,NO,149.0000,153.0000,REJECT,No cover candidate.,
NL,DUTCH_FLEMISH_CANON,Multatuli,1,8,12,/works/OL658270W,Indonesia,Multatuli,1.0000,1948,/books/OL6028096M,Indonesia,once more free labor,eng | dut,1.0000,,Exposition Press,1948,,,NOT_PROBED,,,,,NO,NO,149.0000,153.0000,REJECT,No cover candidate.,
NL,DUTCH_FLEMISH_CANON,Multatuli,1,8,12,/works/OL658272W,Keur uit de brieven van Multatuli,Multatuli,1.0000,1944,/books/OL6042427M,Keur uit de brieven van Multatuli,,dut,1.0000,,Wereldbibliotheek,1944,,,NOT_PROBED,,,,,NO,NO,149.0000,153.0000,REJECT,No cover candidate.,
NL,DUTCH_FLEMISH_CANON,Multatuli,1,8,12,/works/OL38869635W,Multatuli en de zijnen,Multatuli,1.0000,1937,/books/OL52924822M,Multatuli en de zijnen,"naar onuitgegeven brieven, met een stamboom en illustraties",dut,1.0000,,"Wereldbibliothee, N. V.",1937,,,NOT_PROBED,,,,,NO,NO,149.0000,153.0000,REJECT,No cover candidate.,
NL,DUTCH_FLEMISH_CANON,Multatuli,1,8,12,/works/OL43012550W,Multatuli's Kruissprook,Multatuli,1.0000,1800,/books/OL58597131M,Multatuli's Kruissprook,,dut,1.0000,,K.F. Hallensleben,1800,,,NOT_PROBED,,,,,NO,NO,149.0000,153.0000,REJECT,No cover candidate.,
NL,DUTCH_FLEMISH_CANON,Multatuli,1,8,12,/works/OL38602027W,Multatuliana,Multatuli,1.0000,1903,/books/OL52525803M,Multatuliana,"verspreide en onuitgegeven stukken medegedeeld door A.S. Kok, met een bibliographisch overzicht der geschriften van multatuli [pseud.] door Louis D. Petit",dut,1.0000,,Hollandia-drukkerij,1903,,,NOT_PROBED,,,,,NO,NO,149.0000,153.0000,REJECT,No cover candidate.,
NL,DUTCH_FLEMISH_CANON,Multatuli,1,8,12,/works/OL43510912W,Nog-eens,Multatuli,1.0000,1882,/books/OL59309439M,Nog-eens,vrye-arbeid in Nederlandsch-Indie,dut,1.0000,,J. Muusses & co,1882,,,NOT_PROBED,,,,,NO,NO,149.0000,153.0000,REJECT,No cover candidate.,
NL,DUTCH_FLEMISH_CANON,Multatuli,1,8,12,/works/OL658284W,Saîdjah en Adinda,Multatuli,1.0000,1960,/books/OL18420669M,Saîdjah en Adinda,en toespraak tot de Hoofden van Lebak,dut,1.0000,,Van Goor,1960,,,NOT_PROBED,,,,,NO,NO,149.0000,153.0000,REJECT,No cover candidate.,
NL,DUTCH_FLEMISH_CANON,Multatuli,1,8,12,/works/OL43441296W,Verspreide stukken,Multatuli,1.0000,1875,/books/OL59196962M,Verspreide stukken,,dut,1.0000,,G.L. Funke,1875,,,NOT_PROBED,,,,,NO,NO,149.0000,153.0000,REJECT,No cover candidate.,
NL,DUTCH_FLEMISH_CANON,Multatuli,1,8,12,/works/OL658292W,Volledige werken,Multatuli,1.0000,1950,/books/OL13965380M,Volledige werken,,dut,1.0000,,G.A.van Oorschot,1976,,,NOT_PROBED,,,,,NO,NO,149.0000,153.0000,REJECT,No cover candidate.,
NL,DUTCH_FLEMISH_CANON,Multatuli,1,8,12,/works/OL658286W,Volledige werken [door] Multatuli [pseud. Bezorgd door G. Stuiveling],Multatuli,1.0000,1950,/books/OL16394638M,Volledige werken [door] Multatuli [pseud. Bezorgd door G. Stuiveling],,dut,1.0000,,G.A. van Oorschot,1950,,,NOT_PROBED,,,,,NO,NO,149.0000,153.0000,REJECT,No cover candidate.,
NL,DUTCH_FLEMISH_CANON,Multatuli,1,8,12,/works/OL11014989W,Woutertje Pieterse,Multatuli,1.0000,1974,/books/OL22238289M,Woutertje Pieterse,,dut,1.0000,,G.A. van Oorschot,1974,,,NOT_PROBED,,,,,NO,NO,149.0000,153.0000,REJECT,No cover candidate.,
NL,DUTCH_FLEMISH_CANON,Multatuli,1,8,12,/works/OL658287W,Woutertje Pieterse [door] Multatuli,Multatuli,1.0000,1952,/books/OL16394776M,Woutertje Pieterse [door] Multatuli.,Uit de ideeën verzameld en uitgegeven door G. Stuiveling.,dut,1.0000,,G.A. van Oorschot,1952,,,NOT_PROBED,,,,,NO,NO,149.0000,153.0000,REJECT,No cover candidate.,
NL,DUTCH_FLEMISH_CANON,Nescio,1,5,7,/works/OL19769206W,Boven het dal,Nescio,1.0000,1961,/books/OL26981624M,Boven het dal,en andere verhalen,dut,1.0000,,G. A. van Oorschot,1961,,,NOT_PROBED,,,,,NO,NO,149.0000,153.0000,REJECT,No cover candidate.,
NL,DUTCH_FLEMISH_CANON,Nescio,1,5,7,/works/OL11820154W,"Boven het dal, en andere vechalen",Nescio.,1.0000,1961,/books/OL20553106M,"Boven het dal, en andere vechalen",,dut,1.0000,,Van Oorschot,1961,,,NOT_PROBED,,,,,NO,NO,149.0000,153.0000,REJECT,No cover candidate.,
NL,DUTCH_FLEMISH_CANON,Nescio,1,5,7,/works/OL11769453W,"De uitvreter, Titaantjes, Dichterje [en] Mene tekel [door] Nescio [pseud.]",Nescio,1.0000,1956,/books/OL16394961M,"De uitvreter, Titaantjes, Dichterje [en] Mene tekel [door] Nescio [pseud.]",,dut,1.0000,,Nijgh & van Ditmar,1956,,,NOT_PROBED,,,,,NO,NO,149.0000,153.0000,REJECT,No cover candidate.,
NL,DUTCH_FLEMISH_CANON,Nescio,1,5,7,/works/OL38869959W,'Heimwee',Nescio,1.0000,1962,/books/OL52925301M,'Heimwee',en andere fragmenten,dut,1.0000,,Van Oorschot,1962,,,NOT_PROBED,,,,,NO,NO,149.0000,153.0000,REJECT,No cover candidate.,
NL,DUTCH_FLEMISH_CANON,Simon Vestdijk,1,10,15,/works/OL812135W,Brieven uit de oorlogsjaren aan Theun de Vries,Simon Vestdijk,1.0000,1968,/books/OL5381743M,Brieven uit de oorlogsjaren aan Theun de Vries.,,dut,1.0000,,Nederlands Letterkundig Museum en Documentatiecentrum (Juffrouw Idastraat 11),1968,,,NOT_PROBED,,,,,NO,NO,149.0000,153.0000,REJECT,No cover candidate.,
NL,DUTCH_FLEMISH_CANON,Simon Vestdijk,1,10,15,/works/OL812137W,De andere school,Simon Vestdijk,1.0000,1949,/books/OL17070901M,De andere school,de geschiedenis van een verraad,dut,1.0000,,Nijgh & Van Ditmar,1949,,,NOT_PROBED,,,,,NO,NO,149.0000,153.0000,REJECT,No cover candidate.,
NL,DUTCH_FLEMISH_CANON,Simon Vestdijk,1,10,15,/works/OL812190W,De beker van de min,Simon Vestdijk,1.0000,1957,/books/OL16391137M,De beker van de min,de geschiedenis van een eerste jaar.,dut,1.0000,,Nijgh & van Ditmar,1957,,,NOT_PROBED,,,,,NO,NO,149.0000,153.0000,REJECT,No cover candidate.,
NL,DUTCH_FLEMISH_CANON,Simon Vestdijk,1,10,15,/works/OL812140W,De filmheld en het gidsmeisje,Simon Vestdijk,1.0000,1968,/books/OL5651951M,De filmheld en het gidsmeisje.,Roman.,dut,1.0000,,De Bezige Bij,1968,,,NOT_PROBED,,,,,NO,NO,149.0000,153.0000,REJECT,No cover candidate.,
NL,DUTCH_FLEMISH_CANON,Simon Vestdijk,1,10,15,/works/OL812213W,De hôtelier doet niet meer mee,Simon Vestdijk,1.0000,1968,/books/OL18085060M,De hôtelier doet niet meer mee.,Roman.,dut,1.0000,,Nijgh & Van Ditmar,1968,,,NOT_PROBED,,,,,NO,NO,149.0000,153.0000,REJECT,No cover candidate.,
NL,DUTCH_FLEMISH_CANON,Simon Vestdijk,1,10,15,/works/OL812142W,De laatste kans,Simon Vestdijk,1.0000,1960,/books/OL5344216M,De laatste kans,de geschiedenis van een liefde.,dut,1.0000,,Nijgh & Van Ditmar,1960,,,NOT_PROBED,,,,,NO,NO,149.0000,153.0000,REJECT,No cover candidate.,
NL,DUTCH_FLEMISH_CANON,Simon Vestdijk,1,10,15,/works/OL812145W,De onmogelijke moord,Simon Vestdijk,1.0000,1966,/books/OL5572016M,De onmogelijke moord.,Roman.,dut,1.0000,,De Bezige Bij,1966,,,NOT_PROBED,,,,,NO,NO,149.0000,153.0000,REJECT,No cover candidate.,
NL,DUTCH_FLEMISH_CANON,Simon Vestdijk,1,10,15,/works/OL812149W,De rimpels van Esther Ornstein,Simon Vestdijk,1.0000,1959,/books/OL16391214M,De rimpels van Esther Ornstein,de geschiedenis van een verzuim.,dut,1.0000,,Nijgh & Van Ditmar,1959,,,NOT_PROBED,,,,,NO,NO,149.0000,153.0000,REJECT,No cover candidate.,
NL,DUTCH_FLEMISH_CANON,Simon Vestdijk,1,10,15,/works/OL812150W,De rimpels van Esther Orustein,Simon Vestdijk,1.0000,1959,/books/OL17070156M,De rimpels van Esther Orustein,de geschiedenis van een veruim.,dut,1.0000,,Nijgh & Van Ditmar,1959,,,NOT_PROBED,,,,,NO,NO,149.0000,153.0000,REJECT,No cover candidate.,
NL,DUTCH_FLEMISH_CANON,Simon Vestdijk,1,10,15,/works/OL812151W,De symfonieën van Jean Sibelius,Simon Vestdijk,1.0000,1962,/books/OL14795527M,De symfonieën van Jean Sibelius.,,dut,1.0000,,De Bezige bij,1962,,,NOT_PROBED,,,,,NO,NO,149.0000,153.0000,REJECT,No cover candidate.,
NL,DUTCH_FLEMISH_CANON,Simon Vestdijk,1,10,15,/works/OL812153W,De verminkte Apollo,Simon Vestdijk,1.0000,1968,/books/OL14333823M,De verminkte Apollo,roman uit het oude Griekenland (589vc.-584vc.),dut,1.0000,,Arbeiderspers,1968,,,NOT_PROBED,,,,,NO,NO,149.0000,153.0000,REJECT,No cover candidate.,
NL,DUTCH_FLEMISH_CANON,Simon Vestdijk,1,10,15,/works/OL812197W,De vijf roeiers,Simon Vestdijk,1.0000,1969,/books/OL5513752M,De vijf roeiers.,Een Ierse roman.,dut,1.0000,,Nijgh & Van Ditmar,1969,,,NOT_PROBED,,,,,NO,NO,149.0000,153.0000,REJECT,No cover candidate.,
NL,DUTCH_FLEMISH_CANON,Simon Vestdijk,1,10,15,/works/OL812199W,De zwarte ruiter,Simon Vestdijk,1.0000,1946,/books/OL5356835M,De zwarte ruiter.,,dut,1.0000,,Nijgh & Van Ditmar,1971,,,NOT_PROBED,,,,,NO,NO,149.0000,153.0000,REJECT,No cover candidate.,
NL,DUTCH_FLEMISH_CANON,Simon Vestdijk,1,10,15,/works/OL812200W,Een huisbewaarder,Simon Vestdijk,1.0000,1967,/books/OL16391154M,Een huisbewaarder,roman.,dut,1.0000,,De Bezige Bij,1967,,,NOT_PROBED,,,,,NO,NO,149.0000,153.0000,REJECT,No cover candidate.,
NL,DUTCH_FLEMISH_CANON,Simon Vestdijk,1,10,15,/works/OL812214W,Een moderne Antonius,Simon Vestdijk,1.0000,1960,/books/OL21806133M,Een moderne Antonius,roman.,dut,1.0000,,De Bezige Bij,1966,,,NOT_PROBED,,,,,NO,NO,149.0000,153.0000,REJECT,No cover candidate.,
NL,DUTCH_FLEMISH_CANON,Simon Vestdijk,1,10,15,/works/OL812160W,Gustav Mahler,Simon Vestdijk,1.0000,1960,/books/OL219192M,Gustav Mahler,over de structuur van zijn symfonisch oeuvre.,dut,1.0000,,Daamen,1960,,,NOT_PROBED,,,,,NO,NO,149.0000,153.0000,REJECT,No cover candidate.,
NL,DUTCH_FLEMISH_CANON,Simon Vestdijk,1,10,15,/works/OL812161W,Het eeuwige telaat,Simon Vestdijk,1.0000,1946,/books/OL6052094M,Het eeuwige telaat,dialogen over den tijd.,dut,1.0000,,Uitgeverij Contact,1946,,,NOT_PROBED,,,,,NO,NO,149.0000,153.0000,REJECT,No cover candidate.,
NL,DUTCH_FLEMISH_CANON,Simon Vestdijk,1,10,15,/works/OL812203W,Het glinsterend pantser,Simon Vestdijk,1.0000,1966,/books/OL20363792M,Het glinsterend pantser,,dut,1.0000,,Meulenhoff,1966,,,NOT_PROBED,,,,,NO,NO,149.0000,153.0000,REJECT,No cover candidate.,
NL,DUTCH_FLEMISH_CANON,Simon Vestdijk,1,10,15,/works/OL812164W,Het veer,Simon Vestdijk,1.0000,1972,/books/OL5492280M,Het veer.,,dut,1.0000,,De Bezige Bij,1972,,,NOT_PROBED,,,,,NO,NO,149.0000,153.0000,REJECT,No cover candidate.,
NL,DUTCH_FLEMISH_CANON,Simon Vestdijk,1,10,15,/works/OL812165W,Het verboden bacchanaal,Simon Vestdijk,1.0000,1969,/books/OL18550282M,Het verboden bacchanaal.,,dut,1.0000,,De Bezige Bij,1969,,,NOT_PROBED,,,,,NO,NO,149.0000,153.0000,REJECT,No cover candidate.,
NL,DUTCH_FLEMISH_CANON,Simon Vestdijk,1,10,15,/works/OL812217W,Het vijfde zegel,Simon Vestdijk,1.0000,1961,/books/OL4777619M,Het vijfde zegel.,Roman uit het Spanje der inquisitie.,dut,1.0000,,Nijgh & Van Ditmar,1969,,,NOT_PROBED,,,,,NO,NO,149.0000,153.0000,REJECT,No cover candidate.,
NL,DUTCH_FLEMISH_CANON,Simon Vestdijk,1,10,15,/works/OL812167W,Hoe schrijft men over muziek?,Simon Vestdijk,1.0000,1963,/books/OL4470449M,Hoe schrijft men over muziek?,Opstellen over muziek,dut,1.0000,,De Bezige Bij,1963,,,NOT_PROBED,,,,,NO,NO,149.0000,153.0000,REJECT,No cover candidate.,
NL,DUTCH_FLEMISH_CANON,Simon Vestdijk,1,10,15,/works/OL812218W,Meneer Visser's hellevaart,Simon Vestdijk,1.0000,1934,/books/OL16391211M,Meneer Visser's hellevaart.,,dut,1.0000,,Nijgh & Van Ditmar,1954,,,NOT_PROBED,,,,,NO,NO,149.0000,153.0000,REJECT,No cover candidate.,
NL,DUTCH_FLEMISH_CANON,Simon Vestdijk,1,10,15,/works/OL812177W,Muziek in blik,Simon Vestdijk,1.0000,1960,/books/OL219826M,Muziek in blik,opstellen over muziek.,dut,1.0000,,De Bezige Bij,1960,,,NOT_PROBED,,,,,NO,NO,149.0000,153.0000,REJECT,No cover candidate.,
NL,DUTCH_FLEMISH_CANON,Simon Vestdijk,1,10,15,/works/OL812219W,Op afbetaling,Simon Vestdijk,1.0000,1952,/books/OL21409113M,Op afbetaling,roman.,dut,1.0000,,Uitg. voor De Bezige Bij door Meulenhoff,1968,,,NOT_PROBED,,,,,NO,NO,149.0000,153.0000,REJECT,No cover candidate.,
NL,DUTCH_FLEMISH_CANON,Simon Vestdijk,1,10,15,/works/OL812181W,Pastorale 1943,Simon Vestdijk,1.0000,1966,/books/OL17474775M,Pastorale 1943,roman uit de tijd van de Duitse overheersing.,dut,1.0000,,[De Arbeiderspers],1966,,,NOT_PROBED,,,,,NO,NO,149.0000,153.0000,REJECT,No cover candidate.,
NL,DUTCH_FLEMISH_CANON,Simon Vestdijk,1,10,15,/works/OL812209W,Rum Island,Simon Vestdijk,1.0000,1963,/books/OL5939096M,Rum Island.,,eng | dut,1.0000,,J. Calder,1963,,,NOT_PROBED,,,,,NO,NO,149.0000,153.0000,REJECT,No cover candidate.,
NL,DUTCH_FLEMISH_CANON,Simon Vestdijk,1,10,15,/works/OL812221W,Sint Sebastiaan,Simon Vestdijk,1.0000,1948,/books/OL16733569M,Sint Sebastiaan,de geschiedenis van een talent ....,dut,1.0000,,Nijgh &Van Ditmar,1948,,,NOT_PROBED,,,,,NO,NO,149.0000,153.0000,REJECT,No cover candidate.,
NL,DUTCH_FLEMISH_CANON,Stijn Streuvels,1,8,12,/works/OL44243320W,Alma met de vlassen haren,Stijn Streuvels,1.0000,1931,/books/OL60478281M,Alma met de vlassen haren,,dut,1.0000,,Davidsfonds,1931,,,NOT_PROBED,,,,,NO,NO,149.0000,153.0000,REJECT,No cover candidate.,
NL,DUTCH_FLEMISH_CANON,Stijn Streuvels,1,8,12,/works/OL962744W,Avelghem,Stijn Streuvels,1.0000,1946,/books/OL6075635M,Avelghem,,dut,1.0000,,Lannoo,1946,,,NOT_PROBED,,,,,NO,NO,149.0000,153.0000,REJECT,No cover candidate.,
NL,DUTCH_FLEMISH_CANON,Stijn Streuvels,1,8,12,/works/OL43635907W,Boomen,Stijn Streuvels,1.0000,1944,/books/OL59483226M,Boomen,,dut,1.0000,,Lannoo,1944,,,NOT_PROBED,,,,,NO,NO,149.0000,153.0000,REJECT,No cover candidate.,
NL,DUTCH_FLEMISH_CANON,Stijn Streuvels,1,8,12,/works/OL11105891W,Dagen,Stijn Streuvels,1.0000,1902,/books/OL20900207M,Dagen.,,dut,1.0000,,L.J. Veen,1902,,,NOT_PROBED,,,,,NO,NO,149.0000,153.0000,REJECT,No cover candidate.,
NL,DUTCH_FLEMISH_CANON,Stijn Streuvels,1,8,12,/works/OL23447331W,De drie koningen aan de kust ; Kerstvertelsel,Stijn Streuvels,1.0000,1982,/books/OL1676794M,De drie koningen aan de kust ; Kerstvertelsel,,dut,1.0000,,Standaard Boekhandel,1982,,,NOT_PROBED,,,,,NO,NO,149.0000,153.0000,REJECT,No cover candidate.,
NL,DUTCH_FLEMISH_CANON,Stijn Streuvels,1,8,12,/works/OL962748W,De maanden,Stijn Streuvels,1.0000,1942,/books/OL6509679M,De maanden.,,dut,1.0000,,"J. Lannoo; [etc., etc.",1942,,,NOT_PROBED,,,,,NO,NO,149.0000,153.0000,REJECT,No cover candidate.,
NL,DUTCH_FLEMISH_CANON,Stijn Streuvels,1,8,12,/works/OL44765115W,De rampzalige kaproen,Wernher der Gartenaere | Stijn Streuvels,1.0000,1933,/books/OL61121117M,De rampzalige kaproen,,dut,1.0000,,Wereld-Bibliotheek-Vereniging,1957,,,NOT_PROBED,,,,,NO,NO,149.0000,153.0000,REJECT,No cover candidate.,
NL,DUTCH_FLEMISH_CANON,Stijn Streuvels,1,8,12,/works/OL44677555W,De teleurgang van den waterhoek,Stijn Streuvels,1.0000,1939,/books/OL61019618M,De teleurgang van den waterhoek,,dut,1.0000,,N.V. Standaard boekhandel,1939,,,NOT_PROBED,,,,,NO,NO,149.0000,153.0000,REJECT,No cover candidate.,
NL,DUTCH_FLEMISH_CANON,Stijn Streuvels,1,8,12,/works/OL962778W,De vlaschaard,Stijn Streuvels,1.0000,1930,/books/OL15150672M,De vlaschaard,,dut,1.0000,,L. J. Veen,1930,,,NOT_PROBED,,,,,NO,NO,149.0000,153.0000,REJECT,No cover candidate.,
NL,DUTCH_FLEMISH_CANON,Stijn Streuvels,1,8,12,/works/OL12378893W,De vlaschaard [von] Stijn Streuvels,Stijn Streuvels,1.0000,1967,/books/OL19705611M,De vlaschaard [von] Stijn Streuvels.,,dut,1.0000,,Desclée de Brouwer,1967,,,NOT_PROBED,,,,,NO,NO,149.0000,153.0000,REJECT,No cover candidate.,
NL,DUTCH_FLEMISH_CANON,Stijn Streuvels,1,8,12,/works/OL962753W,Dodendans,Stijn Streuvels,1.0000,1971,/books/OL5372837M,Dodendans.,,dut,1.0000,,"Orion, Desclée De Brouwer",1971,,,NOT_PROBED,,,,,NO,NO,149.0000,153.0000,REJECT,No cover candidate.,
NL,DUTCH_FLEMISH_CANON,Stijn Streuvels,1,8,12,/works/OL33248386W,Doodendans,Stijn Streuvels,1.0000,1920,/books/OL45140593M,Doodendans,,dut,1.0000,,L.J. Veen,1920,,,NOT_PROBED,,,,,NO,NO,149.0000,153.0000,REJECT,No cover candidate.,
NL,DUTCH_FLEMISH_CANON,Stijn Streuvels,1,8,12,/works/OL962754W,Herinneringen uit het verleden,Stijn Streuvels,1.0000,1924,/books/OL1593633M,Herinneringen uit het verleden,,dut,1.0000,,J. Lannoo,1924,,,NOT_PROBED,,,,,NO,NO,149.0000,153.0000,REJECT,No cover candidate.,
NL,DUTCH_FLEMISH_CANON,Stijn Streuvels,1,8,12,/works/OL43009658W,Het glorierijke licht,Stijn Streuvels,1.0000,1944,/books/OL58593814M,Het glorierijke licht,,dut,1.0000,,Lannoo,1944,,,NOT_PROBED,,,,,NO,NO,149.0000,153.0000,REJECT,No cover candidate.,
NL,DUTCH_FLEMISH_CANON,Stijn Streuvels,1,8,12,/works/OL962755W,Het Kerstekind,Stijn Streuvels,1.0000,1955,/books/OL1676795M,Het Kerstekind,,dut,1.0000,,Leieschip,1955,,,NOT_PROBED,,,,,NO,NO,149.0000,153.0000,REJECT,No cover candidate.,
NL,DUTCH_FLEMISH_CANON,Stijn Streuvels,1,8,12,/works/OL38719440W,Het uitzicht der dingen,Stijn Streuvels,1.0000,1962,/books/OL52712206M,Het uitzicht der dingen,Het glorierijke licht,dut,1.0000,,Heideland,1962,,,NOT_PROBED,,,,,NO,NO,149.0000,153.0000,REJECT,No cover candidate.,
NL,DUTCH_FLEMISH_CANON,Stijn Streuvels,1,8,12,/works/OL44501782W,Heule,Stijn Streuvels,1.0000,1942,/books/OL60775572M,Heule,,dut,1.0000,,Zonnewende,1942,,,NOT_PROBED,,,,,NO,NO,149.0000,153.0000,REJECT,No cover candidate.,
NL,DUTCH_FLEMISH_CANON,Stijn Streuvels,1,8,12,/works/OL37350531W,Hugo Verriest,Stijn Streuvels,1.0000,1964,/books/OL50338479M,Hugo Verriest,,dut,1.0000,,Voor het Ministerie van Nationale Opvoeding en Cultuur uitg. door Helios,1964,,,NOT_PROBED,,,,,NO,NO,149.0000,153.0000,REJECT,No cover candidate.,
NL,DUTCH_FLEMISH_CANON,Stijn Streuvels,1,8,12,/works/OL962758W,In levenden lijve,Stijn Streuvels,1.0000,1966,/books/OL1593610M,In levenden lijve,,dut,1.0000,,Desclée De Brouwer,1966,,,NOT_PROBED,,,,,NO,NO,149.0000,153.0000,REJECT,No cover candidate.,
NL,DUTCH_FLEMISH_CANON,Stijn Streuvels,1,8,12,/works/OL45081345W,Ingoyghem [door] Stijn Streuvels pseud,Stijn Streuvels,1.0000,1950,/books/OL61488051M,Ingoyghem [door] Stijn Streuvels pseud,,dut,1.0000,,Desclée de Brouwer,1950,,,NOT_PROBED,,,,,NO,NO,149.0000,153.0000,REJECT,No cover candidate.,
NL,DUTCH_FLEMISH_CANON,Stijn Streuvels,1,8,12,/works/OL962759W,Jantje Verdure,Stijn Streuvels,1.0000,1943,/books/OL6502010M,Jantje Verdure.,Verluchtingen van Hélène van Coppenolle ...,dut,1.0000,,Snoeck Ducaju en zoon,1943,,,NOT_PROBED,,,,,NO,NO,149.0000,153.0000,REJECT,No cover candidate.,
NL,DUTCH_FLEMISH_CANON,Stijn Streuvels,1,8,12,/works/OL37361109W,KRONIEK VAN DE FAMILIE GEZELLE,Stijn Streuvels,1.0000,1980,/books/OL50352768M,KRONIEK VAN DE FAMILIE GEZELLE,,dut,1.0000,,UITGEVERIJ ORION,1980,,,NOT_PROBED,,,,,NO,NO,149.0000,153.0000,REJECT,No cover candidate.,
NL,DUTCH_FLEMISH_CANON,Stijn Streuvels,1,8,12,/works/OL33210900W,Land en leven in Vlaanderen,Stijn Streuvels,1.0000,1923,/books/OL45098415M,Land en leven in Vlaanderen,,dut,1.0000,,L.J. Veen,1923,,,NOT_PROBED,,,,,NO,NO,149.0000,153.0000,REJECT,No cover candidate.,
NL,DUTCH_FLEMISH_CANON,Stijn Streuvels,1,8,12,/works/OL962762W,Langs de wegen,Stijn Streuvels,1.0000,1967,/books/OL5768043M,Langs de wegen.,,dut,1.0000,,Desclée de Brouwer,1967,,,NOT_PROBED,,,,,NO,NO,149.0000,153.0000,REJECT,No cover candidate.,
NL,DUTCH_FLEMISH_CANON,Stijn Streuvels,1,8,12,/works/OL38603427W,Lenteleven,Stijn Streuvels,1.0000,1900,/books/OL52527481M,Lenteleven,,dut,1.0000,,L.J. Veen,1900,,,NOT_PROBED,,,,,NO,NO,149.0000,153.0000,REJECT,No cover candidate.,
NL,DUTCH_FLEMISH_CANON,Stijn Streuvels,1,8,12,/works/OL962766W,Minnehandel,Stijn Streuvels,1.0000,1900,/books/OL1676783M,Minnehandel,,dut,1.0000,,Standaard Boekhandel,1900,,,NOT_PROBED,,,,,NO,NO,149.0000,153.0000,REJECT,No cover candidate.,
NL,DUTCH_FLEMISH_CANON,Stijn Streuvels,1,8,12,/works/OL45567658W,Morgenstond,Stijn Streuvels,1.0000,1944,/books/OL62061262M,Morgenstond,,dut,1.0000,,Lannoo,1944,,,NOT_PROBED,,,,,NO,NO,149.0000,153.0000,REJECT,No cover candidate.,
NL,DUTCH_FLEMISH_CANON,Stijn Streuvels,1,8,12,/works/OL45702934W,Najaar,Stijn Streuvels,1.0000,1921,/books/OL62223084M,Najaar,,dut,1.0000,,L.J. Veen,1921,,,NOT_PROBED,,,,,NO,NO,149.0000,153.0000,REJECT,No cover candidate.,
NL,DUTCH_FLEMISH_CANON,Stijn Streuvels,1,8,12,/works/OL33143555W,Openlucht,Stijn Streuvels,1.0000,1905,/books/OL45021101M,Openlucht,,dut,1.0000,,"M. Boogaerdt, Jr.",1905,,,NOT_PROBED,,,,,NO,NO,149.0000,153.0000,REJECT,No cover candidate.,
NL,DUTCH_FLEMISH_CANON,Stijn Streuvels,1,8,12,/works/OL962769W,Proza,Stijn Streuvels,1.0000,1934,/books/OL1676796M,Proza,,dut,1.0000,,Kompas,1934,,,NOT_PROBED,,,,,NO,NO,149.0000,153.0000,REJECT,No cover candidate.,
NL,DUTCH_FLEMISH_CANON,Stijn Streuvels,1,8,12,/works/OL962770W,Prutske's vertelselboek,Stijn Streuvels,1.0000,1947,/books/OL6076404M,Prutske's vertelselboek,,dut,1.0000,,De Kinkhoren,1947,,,NOT_PROBED,,,,,NO,NO,149.0000,153.0000,REJECT,No cover candidate.,
NL,DUTCH_FLEMISH_CANON,Stijn Streuvels,1,8,12,/works/OL43257405W,Reinaert de Vos,Reynard the Fox | Gustave van de Woestijne | Stijn Streuvels,1.0000,1858,/books/OL60982107M,Reinaert de Vos,,dut,1.0000,,J.B. Wolter,1909,,,NOT_PROBED,,,,,NO,NO,149.0000,153.0000,REJECT,No cover candidate.,
NL,DUTCH_FLEMISH_CANON,Stijn Streuvels,1,8,12,/works/OL45863712W,Sint Jan,Stijn Streuvels,1.0000,1944,/books/OL62409881M,Sint Jan,,dut,1.0000,,Lannoo,1944,,,NOT_PROBED,,,,,NO,NO,149.0000,153.0000,REJECT,No cover candidate.,
NL,DUTCH_FLEMISH_CANON,Stijn Streuvels,1,8,12,/works/OL43786769W,"Stijn Streuvels, 3 Oktober 1871-1956",Stijn Streuvels,1.0000,1956,/books/OL59688717M,"Stijn Streuvels, 3 Oktober 1871-1956",,dut,1.0000,,Drukkerij het volk,1956,,,NOT_PROBED,,,,,NO,NO,149.0000,153.0000,REJECT,No cover candidate.,
NL,DUTCH_FLEMISH_CANON,Stijn Streuvels,1,8,12,/works/OL962772W,Stille avonden,Stijn Streuvels,1.0000,1905,/books/OL1676793M,Stille avonden,,dut,1.0000,,Lannoo,1905,,,NOT_PROBED,,,,,NO,NO,149.0000,153.0000,REJECT,No cover candidate.,
NL,DUTCH_FLEMISH_CANON,Stijn Streuvels,1,8,12,/works/OL43697477W,Verhalen,Stijn Streuvels,1.0000,1962,/books/OL59565686M,Verhalen,,dut,1.0000,,Het Spectrum,1962,,,NOT_PROBED,,,,,NO,NO,149.0000,153.0000,REJECT,No cover candidate.,
NL,DUTCH_FLEMISH_CANON,Stijn Streuvels,1,8,12,/works/OL33135644W,Vertelsels van't jaar nul,Stijn Streuvels,1.0000,1923,/books/OL45011156M,Vertelsels van't jaar nul,ten tijde dat de uilen praken,dut,1.0000,,L.J. Veen,1923,,,NOT_PROBED,,,,,NO,NO,149.0000,153.0000,REJECT,No cover candidate.,
NL,DUTCH_FLEMISH_CANON,Stijn Streuvels,1,8,12,/works/OL45503843W,Zomerland,Stijn Streuvels,1.0000,1901,/books/OL61989094M,Zomerland,,dut,1.0000,,L.J. Veen,1901,,,NOT_PROBED,,,,,NO,NO,149.0000,153.0000,REJECT,No cover candidate.,
NL,DUTCH_FLEMISH_CANON,Stijn Streuvels,1,8,12,/works/OL43854122W,Zonnetij,Stijn Streuvels,1.0000,1901,/books/OL59784809M,Zonnetij,,dut,1.0000,,L.J. Veen,1901,,,NOT_PROBED,,,,,NO,NO,149.0000,153.0000,REJECT,No cover candidate.,
NL,DUTCH_FLEMISH_CANON,Willem Elsschot,1,8,12,/works/OL45859771W,De leeuwentemmer,Willem Elsschot,1.0000,1940,/books/OL62405381M,De leeuwentemmer,,dut,1.0000,,Van Kampen,1940,,,NOT_PROBED,,,,,NO,NO,149.0000,153.0000,REJECT,No cover candidate.,
NL,DUTCH_FLEMISH_CANON,Willem Elsschot,1,8,12,/works/OL45489247W,Het been,Willem Elsschot,1.0000,1938,/books/OL61972392M,Het been,,dut,1.0000,,Van Kampen,1938,,,NOT_PROBED,,,,,NO,NO,149.0000,153.0000,REJECT,No cover candidate.,
NL,DUTCH_FLEMISH_CANON,Willem Elsschot,1,8,12,/works/OL1232216W,Het tankschip,Willem Elsschot,1.0000,1941,/books/OL59869603M,Het tankschip,,dut,1.0000,,Van Kampen,1941,,,NOT_PROBED,,,,,NO,NO,149.0000,153.0000,REJECT,No cover candidate.,
NL,DUTCH_FLEMISH_CANON,Willem Elsschot,1,8,12,/works/OL43658254W,Kaas,Willem Elsschot,1.0000,1955,/books/OL59512691M,Kaas,,dut,1.0000,,Ontwikkeling,1955,,,NOT_PROBED,,,,,NO,NO,149.0000,153.0000,REJECT,No cover candidate.,
NL,DUTCH_FLEMISH_CANON,Willem Elsschot,1,8,12,/works/OL42905806W,Pensioen ; Het tankschip,Willem Elsschot,1.0000,1961,/books/OL58458577M,Pensioen ; Het tankschip,,dut,1.0000,,Heideland,1961,,,NOT_PROBED,,,,,NO,NO,149.0000,153.0000,REJECT,No cover candidate.,
NL,DUTCH_FLEMISH_CANON,Willem Elsschot,1,8,12,/works/OL1232218W,Pensionen/Het tankschip,Willem Elsschot,1.0000,1968,/books/OL14510699M,Pensionen/Het tankschip.,,dut,1.0000,,Heideland,1968,,,NOT_PROBED,,,,,NO,NO,149.0000,153.0000,REJECT,No cover candidate.,
NL,DUTCH_FLEMISH_CANON,Willem Elsschot,1,8,12,/works/OL1232225W,Verzen,Willem Elsschot,1.0000,1943,/books/OL190281M,Verzen,,dut,1.0000,,"Uitgeversmij A, Manteau n.v.",1943,,,NOT_PROBED,,,,,NO,NO,149.0000,153.0000,REJECT,No cover candidate.,
NL,DUTCH_FLEMISH_CANON,Willem Elsschot,1,8,12,/works/OL45859772W,Verzen van vroeger,Willem Elsschot,1.0000,1934,/books/OL62405382M,Verzen van vroeger,,dut,1.0000,,J. Enschedé en zonen,1934,,,NOT_PROBED,,,,,NO,NO,149.0000,153.0000,REJECT,No cover candidate.,
NL,DUTCH_FLEMISH_CANON,Multatuli,1,8,12,/works/OL17019506W,Verzamelde werken,Multatuli,1.0000,1916,/books/OL25591089M,Verzamelde werken,,dut,1.0000,,Elsevier,1916,,9701753,NOT_PROBED,,,,,YES,NO,141.0000,145.0000,REVIEW,Collected/omnibus work requires review.,
NL,DUTCH_FLEMISH_CANON,Cyriel Buysse,1,8,12,/works/OL43168663W,'n Leeuw van Vlaanderen,Cyriël Buysse,1.0000,1900,/books/OL58792601M,'n Leeuw van Vlaanderen,,dut,1.0000,,,1900,,,NOT_PROBED,,,,,NO,NO,144.0000,144.0000,REJECT,No cover candidate.,
NL,DUTCH_FLEMISH_CANON,E. du Perron,1,5,8,/works/OL43679993W,P. P. C.,E. du Perron | Sutan Sjahrir,1.0000,1946,/books/OL59542172M,P. P. C.,brief aan een Indonesiër,dut,1.0000,,,1946,,,NOT_PROBED,,,,,NO,NO,144.0000,144.0000,REJECT,No cover candidate.,
NL,DUTCH_FLEMISH_CANON,Frederik van Eeden,1,6,9,/works/OL1447273W,"Bibliothek van wijlen dr. Frederik van Eeden en enkele andere kleinere bijvoegingen waaronder de bibl. entomologie dr. M. Nassauer, Frankfurt a. M",Frederik van Eeden,1.0000,1934,/books/OL6471381M,"Bibliothek van wijlen dr. Frederik van Eeden en enkele andere kleinere bijvoegingen waaronder de bibl. entomologie dr. M. Nassauer, Frankfurt a. M.",Verkooping 9 en 10 januari 1934 in ... Amsterdam door boekhandel en antiquariaat P. A. Hemeryck (A. T. Kleerekoper),dut,1.0000,,,1934,,,NOT_PROBED,,,,,NO,NO,144.0000,144.0000,REJECT,No cover candidate.,
NL,DUTCH_FLEMISH_CANON,Joost van den Vondel,1,8,12,/works/OL43673631W,Aanhanghsel van gedichten,Joost van den Vondel,1.0000,1700,/books/OL59533050M,Aanhanghsel van gedichten,,dut,1.0000,,,1700,,,NOT_PROBED,,,,,NO,NO,144.0000,144.0000,REJECT,No cover candidate.,
NL,DUTCH_FLEMISH_CANON,Joost van den Vondel,1,8,12,/works/OL36241989W,De Complete Werken Van Joost Van Vondel,Joost van den Vondel,1.0000,2021,/books/OL48974231M,De Complete Werken Van Joost Van Vondel,,dut,1.0000,9798715216434,Independently Published,2021,,,NOT_PROBED,,,,,YES,NO,135.0000,144.0000,REVIEW,Collected/omnibus work requires review.,
NL,DUTCH_FLEMISH_CANON,Joost van den Vondel,1,8,12,/works/OL37256172W,De druckkunst,Joost van den Vondel,1.0000,1937,/books/OL50219394M,De druckkunst,an Balthasar Moerentorf,dut,1.0000,,,1937,,,NOT_PROBED,,,,,NO,NO,144.0000,144.0000,REJECT,No cover candidate.,
NL,DUTCH_FLEMISH_CANON,Joost van den Vondel,1,8,12,/works/OL42907890W,De drukkunst,Joost van den Vondel,1.0000,1927,/books/OL58461440M,De drukkunst,,dut,1.0000,,,1927,,,NOT_PROBED,,,,,NO,NO,144.0000,144.0000,REJECT,No cover candidate.,
NL,DUTCH_FLEMISH_CANON,Joost van den Vondel,1,8,12,/works/OL43444843W,De drukkunst aan Balthazar Moerentorf,Joost van den Vondel,1.0000,1922,/books/OL59204438M,De drukkunst aan Balthazar Moerentorf,,dut,1.0000,,,1922,,,NOT_PROBED,,,,,NO,NO,144.0000,144.0000,REJECT,No cover candidate.,
NL,DUTCH_FLEMISH_CANON,Nescio,1,5,7,/works/OL2795319W,Verzameld werk,Nescio,1.0000,1996,/books/OL721956M,Verzameld werk,,dut,1.0000,9038854919,Nijgh & Van Ditmar,1996,,,NOT_PROBED,,,,,YES,NO,135.0000,144.0000,REVIEW,Collected/omnibus work requires review.,
NL,DUTCH_FLEMISH_CANON,Cyriel Buysse,1,8,12,/works/OL1441372W,Derde Cyriel Buysse omnibus,Cyriel Buysse,1.0000,1968,/books/OL4617189M,Derde Cyriel Buysse omnibus.,Het leven van Rozeke van Dalen; Het hofje; Het advertentiebriefje; De terugkomst; De operatie.,dut,1.0000,,D.A.P. [De Arbeiderspers] Reinaert Uitg.,1968,,,NOT_PROBED,,,,,YES,NO,129.0000,133.0000,REVIEW,Collected/omnibus work requires review.,
NL,DUTCH_FLEMISH_CANON,E. du Perron,1,5,8,/works/OL38719984W,Verzameld werk,E. du Perron,1.0000,1948,/books/OL59914131M,Verzameld werk,,dut,1.0000,,G.A. van Oorschot,1954,,,NOT_PROBED,,,,,YES,NO,129.0000,133.0000,REVIEW,Collected/omnibus work requires review.,
NL,DUTCH_FLEMISH_CANON,Herman Teirlinck,1,7,10,/works/OL1458691W,Verzameld werk,Herman Teirlinck,1.0000,1960,/books/OL5672450M,Verzameld werk.,,dut,1.0000,,A. Manteau,1960,,,NOT_PROBED,,,,,YES,NO,129.0000,133.0000,REVIEW,Collected/omnibus work requires review.,
NL,DUTCH_FLEMISH_CANON,Menno ter Braak,1,5,8,/works/OL1320445W,Verzameld werk,Menno ter Braak,1.0000,1949,/books/OL19947004M,Verzameld werk.,,dut,1.0000,,G.A. van Oorschot,1950,,,NOT_PROBED,,,,,YES,NO,129.0000,133.0000,REVIEW,Collected/omnibus work requires review.,
NL,DUTCH_FLEMISH_CANON,Multatuli,1,8,12,/works/OL38621882W,Verzamelde werken van Multatuli,Multatuli,1.0000,1900,/books/OL52562336M,Verzamelde werken van Multatuli,,dut,1.0000,,"Uitgevers-Maatschappy ""Elsevier""",1900,,,NOT_PROBED,,,,,YES,NO,129.0000,133.0000,REVIEW,Collected/omnibus work requires review.,
NL,DUTCH_FLEMISH_CANON,Willem Elsschot,1,8,12,/works/OL1232224W,Verzameld werk [van] Willem Elsschot [pseud.],Willem Elsschot,1.0000,1960,/books/OL16395262M,Verzameld werk [van] Willem Elsschot [pseud.],,dut,1.0000,,P.N. van Kampen,1960,,,NOT_PROBED,,,,,YES,NO,129.0000,133.0000,REVIEW,Collected/omnibus work requires review.,
NL,DUTCH_FLEMISH_CANON,Arthur van Schendel,2,6,9,/works/OL20981916W,De wereld een dansfeest,Arthur van Schendel,1.0000,1992,/books/OL28418228M,De wereld een dansfeest,,dut,1.0000,9789021493992,Em. Querido's Uitgeverij B.V.,1992,,10447175,VALID_COVER,319,500,JPEG,data/cache/nl-mass-editorial-engine/covers/NL-OL28418228M.jpeg,NO,NO,147.0000,181.0000,AUTO_ACCEPT,Strong author/title/language match and validated physical cover.,
NL,DUTCH_FLEMISH_CANON,Arthur van Schendel,2,6,9,/works/OL1448966W,Het broos geluk,Arthur van Schendel,1.0000,1996,/books/OL311836M,Het broos geluk,verhalen,dut,1.0000,9029052945,Meulenhoff,1996,,3722740,VALID_COVER,128,194,JPEG,data/cache/nl-mass-editorial-engine/covers/NL-OL311836M.jpeg,NO,NO,147.0000,181.0000,AUTO_ACCEPT,Strong author/title/language match and validated physical cover.,
NL,DUTCH_FLEMISH_CANON,Arthur van Schendel,2,6,9,/works/OL26181644W,Het oude huis,Arthur van Schendel,1.0000,1981,/books/OL35331368M,Het oude huis,,dut,1.0000,9789021494937,Querido,1981,,12150378,VALID_COVER,310,500,JPEG,data/cache/nl-mass-editorial-engine/covers/NL-OL35331368M.jpeg,NO,NO,147.0000,181.0000,AUTO_ACCEPT,Strong author/title/language match and validated physical cover.,
NL,DUTCH_FLEMISH_CANON,Arthur van Schendel,2,6,9,/works/OL1448968W,Jeugdherinneringen,Arthur van Schendel,1.0000,1989,/books/OL1804383M,Jeugdherinneringen,een document,dut,1.0000,9029037865,Meulenhoff,1989,,4018549,VALID_COVER,128,213,JPEG,data/cache/nl-mass-editorial-engine/covers/NL-OL1804383M.jpeg,NO,NO,147.0000,181.0000,AUTO_ACCEPT,Strong author/title/language match and validated physical cover.,
NL,DUTCH_FLEMISH_CANON,Arthur van Schendel,2,6,9,/works/OL1448969W,John Company,Arthur van Schendel,1.0000,1983,/books/OL3501600M,John Company,,eng | dut,1.0000,0870233831,University of Massachusetts Press,1983,,4279026,VALID_COVER,128,199,JPEG,data/cache/nl-mass-editorial-engine/covers/NL-OL3501600M.jpeg,NO,NO,147.0000,181.0000,AUTO_ACCEPT,Strong author/title/language match and validated physical cover.,
NL,DUTCH_FLEMISH_CANON,Arthur van Schendel,2,6,9,/works/OL1448975W,Zes vertellingen,Arthur van Schendel,1.0000,1969,/books/OL4980353M,Zes vertellingen,,dut,1.0000,9025315151,Athenaeum-Polak & Van Gennep,1969,,7028978,VALID_COVER,316,500,JPEG,data/cache/nl-mass-editorial-engine/covers/NL-OL4980353M.jpeg,NO,NO,147.0000,181.0000,AUTO_ACCEPT,Strong author/title/language match and validated physical cover.,
NL,DUTCH_FLEMISH_CANON,Jacob van Lennep,2,6,9,/works/OL15168666W,A-saga ; E-legende ; O-sprook,Jacob van Lennep | Johannes Bosscha | Abraham des Amorie van der Hoeven,1.0000,1920,/books/OL24300343M,A-saga ; E-legende ; O-sprook,,dut,1.0000,902230678X,Manteau,[1978],,6425560,VALID_COVER,226,500,JPEG,data/cache/nl-mass-editorial-engine/covers/NL-OL24300343M.jpeg,NO,NO,147.0000,181.0000,AUTO_ACCEPT,Strong author/title/language match and validated physical cover.,
NL,DUTCH_FLEMISH_CANON,Jacob van Lennep,2,6,9,/works/OL1273106W,De roos van Dekama,Jacob van Lennep,1.0000,1891,/books/OL24634034M,De Roos van Dekama,,dut,1.0000,9032500953,De Kern,1980,,6726504,VALID_COVER,364,500,JPEG,data/cache/nl-mass-editorial-engine/covers/NL-OL24634034M.jpeg,NO,NO,147.0000,181.0000,AUTO_ACCEPT,Strong author/title/language match and validated physical cover.,
NL,DUTCH_FLEMISH_CANON,Jacob van Lennep,2,6,9,/works/OL33392937W,De zomer van 1823,Jacob van Lennep,1.0000,2018,/books/OL45300815M,De zomer van 1823,Het dagboek van zijn voetreis door Nederland,dut,1.0000,9789045037059,Atlas Contact,"Jun 22, 2018",,13126138,VALID_COVER,354,500,JPEG,data/cache/nl-mass-editorial-engine/covers/NL-OL45300815M.jpeg,NO,NO,147.0000,181.0000,AUTO_ACCEPT,Strong author/title/language match and validated physical cover.,
NL,DUTCH_FLEMISH_CANON,Marnix Gijsen,2,5,8,/works/OL1211767W,De grote god Pan,Marnix Gijsen,1.0000,1973,/books/OL5134804M,De grote god Pan.,Verhalen.,dut,1.0000,9023666356,Nijgh & Van Ditmar,1973,,4477873,VALID_COVER,128,204,JPEG,data/cache/nl-mass-editorial-engine/covers/NL-OL5134804M.jpeg,NO,NO,147.0000,181.0000,AUTO_ACCEPT,Strong author/title/language match and validated physical cover.,
NL,DUTCH_FLEMISH_CANON,Marnix Gijsen,2,5,8,/works/OL1211715W,De kroeg van groot verdriet,Marnix Gijsen,1.0000,1974,/books/OL4821949M,De kroeg van groot verdriet,roman,dut,1.0000,9029004789,Meulenhoff [Nederland],1974,,12152976,VALID_COVER,309,500,JPEG,data/cache/nl-mass-editorial-engine/covers/NL-OL4821949M.jpeg,NO,NO,147.0000,181.0000,AUTO_ACCEPT,Strong author/title/language match and validated physical cover.,
NL,DUTCH_FLEMISH_CANON,Marnix Gijsen,2,5,8,/works/OL1211720W,De zomers van mijn jeugd,Marnix Gijsen,1.0000,1984,/books/OL2994634M,De zomers van mijn jeugd,omnibus,dut,1.0000,9029018488,Meulenhoff,1984,,4208471,VALID_COVER,128,203,JPEG,data/cache/nl-mass-editorial-engine/covers/NL-OL2994634M.jpeg,NO,NO,147.0000,181.0000,AUTO_ACCEPT,Strong author/title/language match and validated physical cover.,
NL,DUTCH_FLEMISH_CANON,Marnix Gijsen,2,5,8,/works/OL1211731W,Het boek van Kalina,Marnix Gijsen,1.0000,1984,/books/OL2989679M,Het boek van Kalina,,dut,1.0000,9029016175,Meulenhoff,1984,,4208180,VALID_COVER,128,203,JPEG,data/cache/nl-mass-editorial-engine/covers/NL-OL2989679M.jpeg,NO,NO,147.0000,181.0000,AUTO_ACCEPT,Strong author/title/language match and validated physical cover.,
NL,DUTCH_FLEMISH_CANON,Marnix Gijsen,2,5,8,/works/OL1211739W,Lament for Agnes,Marnix Gijsen,1.0000,1975,/books/OL5066810M,Lament for Agnes,,eng | dut,1.0000,0805781501,Twayne Publishers,1975,,4472533,VALID_COVER,128,202,JPEG,data/cache/nl-mass-editorial-engine/covers/NL-OL5066810M.jpeg,NO,NO,147.0000,181.0000,AUTO_ACCEPT,Strong author/title/language match and validated physical cover.,
NL,DUTCH_FLEMISH_CANON,Marnix Gijsen,2,5,8,/works/OL1211755W,Terug van weggeweest,Marnix Gijsen,1.0000,1975,/books/OL4998929M,Terug van weggeweest,"gedachten, meningen, mijmeringen, commentaren en vele andere dingen ter overweging",dut,1.0000,9022305112,Manteau,1975,,13711892,VALID_COVER,329,500,JPEG,data/cache/nl-mass-editorial-engine/covers/NL-OL4998929M.jpeg,NO,NO,147.0000,181.0000,AUTO_ACCEPT,Strong author/title/language match and validated physical cover.,
NL,DUTCH_FLEMISH_CANON,Richard Minne,2,4,6,/works/OL19227670W,Verzamelde verhalen,Richard Minne,1.0000,1995,/books/OL573189M,Verzamelde verhalen,,dut,1.0000,9028208836,G.A. van Oorschot,1995,,3768162,VALID_COVER,128,207,JPEG,data/cache/nl-mass-editorial-engine/covers/NL-OL573189M.jpeg,NO,NO,147.0000,181.0000,AUTO_ACCEPT,Strong author/title/language match and validated physical cover.,
NL,DUTCH_FLEMISH_CANON,Top Naeff,2,5,8,/works/OL4822015W,Zo was het ongeveer,Top Naeff,1.0000,1951,/books/OL2238332M,Zo was het ongeveer,contouren van een schrijfstersleven,dut,1.0000,9061944260,HES,1988,,13216908,VALID_COVER,331,500,JPEG,data/cache/nl-mass-editorial-engine/covers/NL-OL2238332M.jpeg,NO,NO,147.0000,181.0000,AUTO_ACCEPT,Strong author/title/language match and validated physical cover.,
NL,DUTCH_FLEMISH_CANON,Hildebrand,2,4,6,/works/OL1440783W,Camera obscura van Hildebrand,Hildebrand | Nicolaas Beets,1.0000,1839,/books/OL35325445M,Camera obscura,met de verspreide stukken,dut,0.9600,9789020441284,Veen,1979,,12141164,VALID_COVER,301,500,JPEG,data/cache/nl-mass-editorial-engine/covers/NL-OL35325445M.jpeg,NO,NO,146.2000,180.2000,AUTO_ACCEPT,Strong author/title/language match and validated physical cover.,
NL,DUTCH_FLEMISH_CANON,Arthur van Schendel,2,6,9,/works/OL1448957W,Angiolino en de lente,Arthur van Schendel,1.0000,1925,/books/OL24245038M,Angiolino en de lente,,dut,1.0000,,Boosten en Stols,1925,,6392356,VALID_COVER,355,500,JPEG,data/cache/nl-mass-editorial-engine/covers/NL-OL24245038M.jpeg,NO,NO,141.0000,170.0000,AUTO_ACCEPT,Strong author/title/language match and validated physical cover.,
NL,DUTCH_FLEMISH_CANON,Arthur van Schendel,2,6,9,/works/OL15731696W,Der liefde bloesems,Arthur van Schendel,1.0000,1921,/books/OL24646529M,Der liefde bloesems,,dut,1.0000,,J.M. Meulenhoff,1921,,6749274,VALID_COVER,325,500,JPEG,data/cache/nl-mass-editorial-engine/covers/NL-OL24646529M.jpeg,NO,NO,141.0000,170.0000,AUTO_ACCEPT,Strong author/title/language match and validated physical cover.,
NL,DUTCH_FLEMISH_CANON,Arthur van Schendel,2,6,9,/works/OL15739799W,Een zwerver verdwaald,Arthur van Schendel,1.0000,1907,/books/OL24650602M,Een zwerver verdwaald,,dut,1.0000,,Versluys,1907,,6757818,VALID_COVER,312,500,JPEG,data/cache/nl-mass-editorial-engine/covers/NL-OL24650602M.jpeg,NO,NO,141.0000,170.0000,AUTO_ACCEPT,Strong author/title/language match and validated physical cover.,
NL,DUTCH_FLEMISH_CANON,Arthur van Schendel,2,6,9,/works/OL1448963W,Een zwerver verliefd,Arthur van Schendel,1.0000,1911,/books/OL24325838M,Een zwerver verliefd,,dut,1.0000,,Versluys,1919,,6450956,VALID_COVER,314,500,JPEG,data/cache/nl-mass-editorial-engine/covers/NL-OL24325838M.jpeg,NO,NO,141.0000,170.0000,AUTO_ACCEPT,Strong author/title/language match and validated physical cover.,
NL,DUTCH_FLEMISH_CANON,Arthur van Schendel,2,6,9,/works/OL12035705W,Herinneringen van een dommen jongen,Arthur van Schendel,1.0000,1934,/books/OL18447065M,Herinneringen van een dommen jongen,,dut,1.0000,,Nijgh & Van Ditmar,1934,,6723609,VALID_COVER,368,500,JPEG,data/cache/nl-mass-editorial-engine/covers/NL-OL18447065M.jpeg,NO,NO,141.0000,170.0000,AUTO_ACCEPT,Strong author/title/language match and validated physical cover.,
NL,DUTCH_FLEMISH_CANON,Arthur van Schendel,2,6,9,/works/OL1448979W,Jan Compagnie,Arthur van Schendel,1.0000,1941,/books/OL24651739M,Jan Compagnie,,dut,1.0000,,Nijgh & Van Ditmar,1941,,6760411,VALID_COVER,317,500,JPEG,data/cache/nl-mass-editorial-engine/covers/NL-OL24651739M.jpeg,NO,NO,141.0000,170.0000,AUTO_ACCEPT,Strong author/title/language match and validated physical cover.,
NL,DUTCH_FLEMISH_CANON,Arthur van Schendel,2,6,9,/works/OL15166873W,Maneschijn,Arthur van Schendel,1.0000,1948,/books/OL24236209M,Maneschijn,,dut,1.0000,,In den Toren,1948,,6452556,VALID_COVER,322,500,JPEG,data/cache/nl-mass-editorial-engine/covers/NL-OL24236209M.jpeg,NO,NO,141.0000,170.0000,AUTO_ACCEPT,Strong author/title/language match and validated physical cover.,
NL,DUTCH_FLEMISH_CANON,Arthur van Schendel,2,6,9,/works/OL1448971W,Nachtgedaanten,Arthur van Schendel,1.0000,1938,/books/OL24236203M,Nachtgedaanten,,dut,1.0000,,[A.A.M. Stols],1938,,6757823,VALID_COVER,333,500,JPEG,data/cache/nl-mass-editorial-engine/covers/NL-OL24236203M.jpeg,NO,NO,141.0000,170.0000,AUTO_ACCEPT,Strong author/title/language match and validated physical cover.,
NL,DUTCH_FLEMISH_CANON,Arthur van Schendel,2,6,9,/works/OL15166869W,Over boeken,Arthur van Schendel,1.0000,1954,/books/OL24236205M,Over boeken,,dut | und,1.0000,,Wereldbibliotheek-Vereniging,1954,,6760486,VALID_COVER,297,500,JPEG,data/cache/nl-mass-editorial-engine/covers/NL-OL24236205M.jpeg,NO,NO,141.0000,170.0000,AUTO_ACCEPT,Strong author/title/language match and validated physical cover.,
NL,DUTCH_FLEMISH_CANON,Arthur van Schendel,2,6,9,/works/OL15731861W,Rose-Angélique,Arthur van Schendel,1.0000,1922,/books/OL24660226M,Rose-Angélique,de droomers van de liefde,dut,1.0000,,J.M. Meulenhoff,1922,,6776707,VALID_COVER,343,500,JPEG,data/cache/nl-mass-editorial-engine/covers/NL-OL24660226M.jpeg,NO,NO,141.0000,170.0000,AUTO_ACCEPT,Strong author/title/language match and validated physical cover.,
NL,DUTCH_FLEMISH_CANON,Jacob van Lennep,2,6,9,/works/OL1273096W,De pleegzoon,Jacob van Lennep,1.0000,1880,/books/OL24632815M,De pleegzoon,,dut,1.0000,,Sijthoff,[ca. 1880],,6723606,VALID_COVER,337,500,JPEG,data/cache/nl-mass-editorial-engine/covers/NL-OL24632815M.jpeg,NO,NO,141.0000,170.0000,AUTO_ACCEPT,Strong author/title/language match and validated physical cover.,
NL,DUTCH_FLEMISH_CANON,Jacob van Lennep,2,6,9,/works/OL1273100W,Elizabeth Musch,Jacob van Lennep,1.0000,1891,/books/OL245151M,Elizabeth Musch,,dut,1.0000,,A.W. Sijthoff,1891,,7189189,VALID_COVER,320,500,JPEG,data/cache/nl-mass-editorial-engine/covers/NL-OL245151M.jpeg,NO,NO,141.0000,170.0000,AUTO_ACCEPT,Strong author/title/language match and validated physical cover.,
NL,DUTCH_FLEMISH_CANON,Jacob van Lennep,2,6,9,/works/OL1273108W,Ferdinand Huyck,Jacob van Lennep,1.0000,1883,/books/OL24627071M,Ferdinand Huyck,,dut,1.0000,,Sijthoff,[1883],,6717081,VALID_COVER,332,500,JPEG,data/cache/nl-mass-editorial-engine/covers/NL-OL24627071M.jpeg,NO,NO,141.0000,170.0000,AUTO_ACCEPT,Strong author/title/language match and validated physical cover.,
NL,DUTCH_FLEMISH_CANON,Jacob van Lennep,2,6,9,/works/OL15672528W,Klaasje Zevenster,Jacob van Lennep,1.0000,1897,/books/OL24603669M,Klaasje Zevenster,,dut,1.0000,,Sijthoff,1897,,7198071,VALID_COVER,318,500,JPEG,data/cache/nl-mass-editorial-engine/covers/NL-OL24603669M.jpeg,NO,NO,141.0000,170.0000,AUTO_ACCEPT,Strong author/title/language match and validated physical cover.,
NL,DUTCH_FLEMISH_CANON,Jacob van Lennep,2,6,9,/works/OL17366751W,Nederland in den goeden ouden tijd,Jacob van Lennep | Dirk van Hogendorp,1.0000,1942,/books/OL25945545M,Nederland in den goeden ouden tijd,"zijnde het dagboek van hunne reis te voet, per trekschuit en per diligence van Jacob van Lennep en zijn vriend Dirk van Hogendorp door de Noord-Nederlandsche provintiën in den jare 1823",dut,1.0000,,De Haan,1942,,7444977,VALID_COVER,328,500,JPEG,data/cache/nl-mass-editorial-engine/covers/NL-OL25945545M.jpeg,NO,NO,141.0000,170.0000,AUTO_ACCEPT,Strong author/title/language match and validated physical cover.,
NL,DUTCH_FLEMISH_CANON,Jacob van Lennep,2,6,9,/works/OL15701096W,Novellen,Jacob van Lennep,1.0000,1897,/books/OL24625637M,Novellen,,dut,1.0000,,Sijthoff,1897,,7208078,VALID_COVER,320,500,JPEG,data/cache/nl-mass-editorial-engine/covers/NL-OL24625637M.jpeg,NO,NO,141.0000,170.0000,AUTO_ACCEPT,Strong author/title/language match and validated physical cover.,
NL,DUTCH_FLEMISH_CANON,Jacob van Lennep,2,6,9,/works/OL15631553W,Onze voorouders,Jacob van Lennep,1.0000,1897,/books/OL24579101M,Onze voorouders,,dut,1.0000,,A.W. Sijthoff,1897,,9768725,VALID_COVER,315,500,JPEG,data/cache/nl-mass-editorial-engine/covers/NL-OL24579101M.jpeg,NO,NO,141.0000,170.0000,AUTO_ACCEPT,Strong author/title/language match and validated physical cover.,
NL,DUTCH_FLEMISH_CANON,Jacob van Lennep,2,6,9,/works/OL1457999W,"Vermakelijke anekdoten, en historische herinneringen: Een nalatenschap",Jacob van Lennep,1.0000,1870,/books/OL23524678M,"Vermakelijke anekdoten, en historische herinneringen: Een nalatenschap",,dut,1.0000,,Gebroeders Kraay,1870,,6226623,VALID_COVER,328,500,JPEG,data/cache/nl-mass-editorial-engine/covers/NL-OL23524678M.jpeg,NO,NO,141.0000,170.0000,AUTO_ACCEPT,Strong author/title/language match and validated physical cover.,
NL,DUTCH_FLEMISH_CANON,Jacob van Lennep,2,6,9,/works/OL15710548W,Verspreide opstellen,Jacob van Lennep,1.0000,1878,/books/OL24634046M,Verspreide opstellen,,dut,1.0000,,Nijhoff,1878,,6726528,VALID_COVER,317,500,JPEG,data/cache/nl-mass-editorial-engine/covers/NL-OL24634046M.jpeg,NO,NO,141.0000,170.0000,AUTO_ACCEPT,Strong author/title/language match and validated physical cover.,
NL,DUTCH_FLEMISH_CANON,Top Naeff,2,5,8,/works/OL15704682W,Een stiefkind,Top Naeff,1.0000,1900,/books/OL24628673M,Een stiefkind,,dut,1.0000,,H.J.W. Becht,1900,,7188774,VALID_COVER,327,500,JPEG,data/cache/nl-mass-editorial-engine/covers/NL-OL24628673M.jpeg,NO,NO,141.0000,170.0000,AUTO_ACCEPT,Strong author/title/language match and validated physical cover.,
NL,DUTCH_FLEMISH_CANON,Jacob van Lennep,2,6,9,/works/OL1458000W,Nederlandsche legenden in rijm gebracht. De strijd met Vlaanderen. Jacoba en Bertha. Het huis ..,Jacob van Lennep,1.0000,1831,/books/OL23548832M,Nederlandsche legenden in rijm gebracht. De strijd met Vlaanderen. Jacoba en Bertha. Het huis ...,,dut,1.0000,,,1832,,6241160,VALID_COVER,283,500,JPEG,data/cache/nl-mass-editorial-engine/covers/NL-OL23548832M.jpeg,NO,NO,136.0000,161.0000,AUTO_ACCEPT,Strong author/title/language match and validated physical cover.,
NL,DUTCH_FLEMISH_CANON,Arthur van Schendel,2,6,9,/works/OL12035711W,De waterman,Arthur van Schendel,1.0000,1967,/books/OL18560863M,De waterman,roman,dut,1.0000,9029048115,Meulenhoff,1995,,,NOT_PROBED,,,,,NO,NO,135.0000,144.0000,REJECT,No cover candidate.,
NL,DUTCH_FLEMISH_CANON,Arthur van Schendel,2,6,9,/works/OL33381293W,Drie Hollandse romans,Arthur van Schendel,1.0000,2010,/books/OL45288214M,Drie Hollandse romans,,dut,1.0000,9789025367411,Athenaeum-Polak & Van Gennep,2010,,,NOT_PROBED,,,,,NO,NO,135.0000,144.0000,REJECT,No cover candidate.,
NL,DUTCH_FLEMISH_CANON,Arthur van Schendel,2,6,9,/works/OL9155803W,Een Hollands drama,Arthur Van Schendel,1.0000,1971,/books/OL21375987M,Een Hollands drama.,,dut,1.0000,9029004525,Meulenhoff,1971,,,NOT_PROBED,,,,,NO,NO,135.0000,144.0000,REJECT,No cover candidate.,
NL,DUTCH_FLEMISH_CANON,Arthur van Schendel,2,6,9,/works/OL12035706W,Het fregatship 'Johanna Maria',Arthur van Schendel,1.0000,1994,/books/OL21015785M,Het fregatship 'Johanna Maria',,dut,1.0000,902149745X,Querido,1994,,,NOT_PROBED,,,,,NO,NO,135.0000,144.0000,REJECT,No cover candidate.,
NL,DUTCH_FLEMISH_CANON,Jacob van Lennep,2,6,9,/works/OL27230984W,De Lotgevallen Van Ferdinand Huyck,Jacob van Lennep,1.0000,2021,/books/OL36958494M,De Lotgevallen Van Ferdinand Huyck,,dut,1.0000,9798712318193,Independently Published,2021,,,NOT_PROBED,,,,,NO,NO,135.0000,144.0000,REJECT,No cover candidate.,
NL,DUTCH_FLEMISH_CANON,Jacob van Lennep,2,6,9,/works/OL41867323W,De Lotgevallen Van Ferdinand Huyck Volume 2,Jacob van Lennep,1.0000,2018,/books/OL56856335M,De Lotgevallen Van Ferdinand Huyck Volume 2,,dut,1.0000,9781727842401,CreateSpace Independent Publishing Platform,2018,,,NOT_PROBED,,,,,NO,NO,135.0000,144.0000,REJECT,No cover candidate.,
NL,DUTCH_FLEMISH_CANON,Marnix Gijsen,2,5,8,/works/OL1211710W,Biecht van een heiden,Marnix Gijsen,1.0000,1871,/books/OL18292330M,Biecht van een heiden.,"[Door] Marnix Gijsen.  Met een inleiding, biografische schets en een bibliografie van André Truyman.",dut,1.0000,9022914461,Bruna,1871,,,NOT_PROBED,,,,,NO,NO,135.0000,144.0000,REJECT,No cover candidate.,
NL,DUTCH_FLEMISH_CANON,Marnix Gijsen,2,5,8,/works/OL1211770W,De leerjaren van Jan-Albert Goris,Marnix Gijsen,1.0000,1975,/books/OL22041178M,De leerjaren van Jan-Albert Goris,,dut,1.0000,9022305120,Manteau,1975,,,NOT_PROBED,,,,,NO,NO,135.0000,144.0000,REJECT,No cover candidate.,
NL,DUTCH_FLEMISH_CANON,Marnix Gijsen,2,5,8,/works/OL1211716W,De loopgraven van Fifth Avenue,Marnix Gijsen,1.0000,1980,/books/OL3799524M,De loopgraven van Fifth Avenue,de oorlogsjaren in New York,dut,1.0000,9029013346,Meulenhoff,1980,,,NOT_PROBED,,,,,NO,NO,135.0000,144.0000,REJECT,No cover candidate.,
NL,DUTCH_FLEMISH_CANON,Marnix Gijsen,2,5,8,/works/OL1211722W,Een stad van heren,Marnix Gijsen,1.0000,1971,/books/OL5356816M,Een stad van heren,prentenboek van Antwerpen,dut,1.0000,9022302997,Paris-Manteau,1971,,,NOT_PROBED,,,,,NO,NO,135.0000,144.0000,REJECT,No cover candidate.,
NL,DUTCH_FLEMISH_CANON,Marnix Gijsen,2,5,8,/works/OL1211726W,Grafzuil voor Agnes,Marnix Gijsen,1.0000,1979,/books/OL4043232M,Grafzuil voor Agnes,,dut,1.0000,9022307174,Elsevier Manteau,1979,,,NOT_PROBED,,,,,NO,NO,135.0000,144.0000,REJECT,No cover candidate.,
NL,DUTCH_FLEMISH_CANON,Marnix Gijsen,2,5,8,/works/OL37365129W,Het huis,Marnix Gijsen,1.0000,1948,/books/OL50358448M,Het huis,"verzen, waarin opgenomen kronijk, het huis, het blije gebed, loflitanie van Sint Franciscus van Assisi, vier gedichten van Joachim, The house by the leaning tree, een suite van archaïsche gedichten",dut,1.0000,9029009225,Meulenhoff Nederland,1976,,,NOT_PROBED,,,,,NO,NO,135.0000,144.0000,REJECT,No cover candidate.,
NL,DUTCH_FLEMISH_CANON,Marnix Gijsen,2,5,8,/works/OL11101893W,Jacqueline en ik,Marnix Gijsen,1.0000,1971,/books/OL21375984M,Jacqueline en ik,,dut,1.0000,9029001534,Meulenhoff,1971,,,NOT_PROBED,,,,,NO,NO,135.0000,144.0000,REJECT,No cover candidate.,
NL,DUTCH_FLEMISH_CANON,Marnix Gijsen,2,5,8,/works/OL11101894W,Kaddisj voor Sam Cohn,Marnix Gijsen,1.0000,1971,/books/OL21017215M,Kaddisj voor Sam Cohn,,dut,1.0000,9028031022,Meulenhoff,1971,,,NOT_PROBED,,,,,NO,NO,135.0000,144.0000,REJECT,No cover candidate.,
NL,DUTCH_FLEMISH_CANON,Marnix Gijsen,2,5,8,/works/OL1211777W,Klaaglied om Agnes,Marnix Gijsen,1.0000,1952,/books/OL4676504M,Klaaglied om Agnes,,dut,1.0000,0949964824,Academica,1977,,,NOT_PROBED,,,,,NO,NO,135.0000,144.0000,REJECT,No cover candidate.,
NL,DUTCH_FLEMISH_CANON,Marnix Gijsen,2,5,8,/works/OL1211737W,Kleine sprookjes voor grote mensen,Marnix Gijsen,1.0000,1988,/books/OL2132509M,Kleine sprookjes voor grote mensen,verhalen,dut,1.0000,9029038985,Meulenhoff,1988,,,NOT_PROBED,,,,,NO,NO,135.0000,144.0000,REJECT,No cover candidate.,
NL,DUTCH_FLEMISH_CANON,Marnix Gijsen,2,5,8,/works/OL1211750W,Overkomst dringend gewenst,Marnix Gijsen,1.0000,1978,/books/OL4325735M,Overkomst dringend gewenst,verhalen,dut,1.0000,9070066203,Commissie voor de Collectieve Propaganda van het Nederlandse Boek & de Vereniging ter Bevordering van het Vlaamse Boekwezen,1978,,,NOT_PROBED,,,,,NO,NO,135.0000,144.0000,REJECT,No cover candidate.,
NL,DUTCH_FLEMISH_CANON,Marnix Gijsen,2,5,8,/works/OL1211751W,Rustoord,Marnix Gijsen,1.0000,1979,/books/OL4168231M,Rustoord,,dut,1.0000,9023666658,Nijgh & Van Ditmar,1979,,,NOT_PROBED,,,,,NO,NO,135.0000,144.0000,REJECT,No cover candidate.,
NL,DUTCH_FLEMISH_CANON,Marnix Gijsen,2,5,8,/works/OL43853623W,Telemachus in het dorp,Marnix Gijsen,1.0000,1963,/books/OL62172108M,Telemachus in het dorp,een verhaal zonder wind of wolken,dut,1.0000,9052405808,Houtekiet,2000,,,NOT_PROBED,,,,,NO,NO,135.0000,144.0000,REJECT,No cover candidate.,
NL,DUTCH_FLEMISH_CANON,Marnix Gijsen,2,5,8,/works/OL1211757W,Uit het Brussels getto,Marnix Gijsen,1.0000,1978,/books/OL4497991M,Uit het Brussels getto,(berichten 1975-1977),dut,1.0000,9022306410,Manteau,1978,,,NOT_PROBED,,,,,NO,NO,135.0000,144.0000,REJECT,No cover candidate.,
NL,DUTCH_FLEMISH_CANON,Marnix Gijsen,2,5,8,/works/OL19687243W,Van een kat die te veel pretentie had,Marnix Gijsen,1.0000,1963,/books/OL50339967M,VAN EEN KAT DIE TE VEEL PRETENTIE HAD,VOORAFGEGAAN DOOR WAT DE DAG MEERBRENGT : BLADEN UIT EEN DAGBOEK,dut,1.0000,9029009454,MUELENHOFF,1977,,,NOT_PROBED,,,,,NO,NO,135.0000,144.0000,REJECT,No cover candidate.,
NL,DUTCH_FLEMISH_CANON,Marnix Gijsen,2,5,8,/works/OL1211759W,Verzamelde verhalen,Marnix Gijsen,1.0000,1975,/books/OL4803424M,Verzamelde verhalen,,dut,1.0000,9023666372,Nijgh & Van Ditmar,1975,,,NOT_PROBED,,,,,NO,NO,135.0000,144.0000,REJECT,No cover candidate.,
NL,DUTCH_FLEMISH_CANON,Marnix Gijsen,2,5,8,/works/OL1211762W,Weer thuis,Marnix Gijsen,1.0000,1972,/books/OL5140358M,Weer thuis.,Bedenkingen bij de dingen van onze dagen 1968-1972.,dut,1.0000,9022303322,Paris-Manteau,1972,,,NOT_PROBED,,,,,NO,NO,135.0000,144.0000,REJECT,No cover candidate.,
NL,DUTCH_FLEMISH_CANON,Marnix Gijsen,2,5,8,/works/OL1211783W,"Zelfportret, gevleid, natuurlijk",Marnix Gijsen,1.0000,1965,/books/OL5491155M,"Zelfportret, gevleid, natuurlijk.",,dut,1.0000,9026420005,Desclée De Brouwer,1972,,,NOT_PROBED,,,,,NO,NO,135.0000,144.0000,REJECT,No cover candidate.,
NL,DUTCH_FLEMISH_CANON,Richard Minne,2,4,6,/works/OL23823439W,Een tong van lijntses,Richard Minne,1.0000,2002,/books/OL31547807M,Een tong van lijntses,geannoteerde leeseditie van de Brieven van Pierken (1931-1935),dut,1.0000,9072474449,Koninklijke Academie voor Nederlandse Taal- en Letterkunde,2002,,,NOT_PROBED,,,,,NO,NO,135.0000,144.0000,REJECT,No cover candidate.,
NL,DUTCH_FLEMISH_CANON,Richard Minne,2,4,6,/works/OL19529813W,In duizenden varianten,Richard Minne,1.0000,2003,/books/OL3373233M,In duizenden varianten,historisch-kritische uitgave van Richard Minnes gedichten,dut,1.0000,907247452X,Koninklijke Academie voor Nederlandse Taal- en Letterkunde,2003,,,NOT_PROBED,,,,,NO,NO,135.0000,144.0000,REJECT,No cover candidate.,
NL,DUTCH_FLEMISH_CANON,Top Naeff,2,5,8,/works/OL39980571W,Vriendelijke anarchie,Top Naeff,1.0000,2013,/books/OL54430113M,Vriendelijke anarchie,verhalen,dut,1.0000,9789491034169,Liverse,2013,,,NOT_PROBED,,,,,NO,NO,135.0000,144.0000,REJECT,No cover candidate.,
NL,DUTCH_FLEMISH_CANON,Marnix Gijsen,2,5,8,/works/OL1211760W,Verzameld werk,Marnix Gijsen,1.0000,1977,/books/OL4303979M,Verzameld werk,,dut,1.0000,9029009543,Meulenhoff Nederland,1977,,4388734,NOT_PROBED,,,,,YES,NO,127.0000,136.0000,REVIEW,Collected/omnibus work requires review.,
NL,DUTCH_FLEMISH_CANON,Arthur van Schendel,2,6,9,/works/OL44476545W,Avonturiers,Arthur van Schendel,1.0000,1936,/books/OL60746419M,Avonturiers,,dut,1.0000,,Boucher,1936,,,NOT_PROBED,,,,,NO,NO,129.0000,133.0000,REJECT,No cover candidate.,
NL,DUTCH_FLEMISH_CANON,Arthur van Schendel,2,6,9,/works/OL43891969W,Bij het uitpakken van de boeken,Arthur van Schendel,1.0000,1940,/books/OL59842610M,Bij het uitpakken van de boeken,,dut,1.0000,,In den Toren,1940,,,NOT_PROBED,,,,,NO,NO,129.0000,133.0000,REJECT,No cover candidate.,
NL,DUTCH_FLEMISH_CANON,Arthur van Schendel,2,6,9,/works/OL44468439W,Bijbelsche verhalen,Arthur van Schendel,1.0000,1932,/books/OL60737132M,Bijbelsche verhalen,,dut,1.0000,,W.E.J. Tjeenk Willink,1932,,,NOT_PROBED,,,,,NO,NO,129.0000,133.0000,REJECT,No cover candidate.,
NL,DUTCH_FLEMISH_CANON,Arthur van Schendel,2,6,9,/works/OL12035702W,Blanke Gestalten,Arthur van Schendel,1.0000,1923,/books/OL21822328M,Blanke Gestalten,,dut,1.0000,,Uitgegeven door J. M. Meulenhoff,1923,,,NOT_PROBED,,,,,NO,NO,129.0000,133.0000,REJECT,No cover candidate.,
NL,DUTCH_FLEMISH_CANON,Arthur van Schendel,2,6,9,/works/OL44300065W,Breitner,Arthur van Schendel,1.0000,,/books/OL60543329M,Breitner,,dut,1.0000,,Uitgave Van H.J.W. Becht,s.d.].,,,NOT_PROBED,,,,,NO,NO,129.0000,133.0000,REJECT,No cover candidate.,
NL,DUTCH_FLEMISH_CANON,Arthur van Schendel,2,6,9,/works/OL1448958W,De berg van droomen,Arthur van Schendel,1.0000,1920,/books/OL16711875M,De berg van droomen,,dut,1.0000,,J.M. Meulenhoff,1920,,,NOT_PROBED,,,,,NO,NO,129.0000,133.0000,REJECT,No cover candidate.,
NL,DUTCH_FLEMISH_CANON,Arthur van Schendel,2,6,9,/works/OL43588743W,De Fat,Arthur van Schendel,1.0000,1941,/books/OL59417135M,De Fat,de Nimf en de Nuf,dut,1.0000,,Meulenhoff,1941,,,NOT_PROBED,,,,,NO,NO,129.0000,133.0000,REJECT,No cover candidate.,
NL,DUTCH_FLEMISH_CANON,Arthur van Schendel,2,6,9,/works/OL1448976W,De grauwe vogels,Arthur van Schendel,1.0000,1957,/books/OL4659291M,De grauwe vogels,,dut,1.0000,,G.A. van Oorschot,1966,,,NOT_PROBED,,,,,NO,NO,129.0000,133.0000,REJECT,No cover candidate.,
NL,DUTCH_FLEMISH_CANON,Arthur van Schendel,2,6,9,/works/OL38868274W,De mensch van Nazareth,Arthur van Schendel,1.0000,1949,/books/OL52922772M,De mensch van Nazareth,,dut | spa,1.0000,,E. Querido,1949,,,NOT_PROBED,,,,,NO,NO,129.0000,133.0000,REJECT,No cover candidate.,
NL,DUTCH_FLEMISH_CANON,Arthur van Schendel,2,6,9,/works/OL1448959W,"De menschenhater, roman",Arthur van Schendel,1.0000,1941,/books/OL230245M,"De menschenhater, roman",,dut,1.0000,,J. M. Meulenhoff,1941,,,NOT_PROBED,,,,,NO,NO,129.0000,133.0000,REJECT,No cover candidate.,
NL,DUTCH_FLEMISH_CANON,Arthur van Schendel,2,6,9,/works/OL15166870W,De Nederlanden,Arthur van Schendel,1.0000,1945,/books/OL24236206M,De Nederlanden,,dut,1.0000,,[Meulenhoff],1945,,,NOT_PROBED,,,,,NO,NO,129.0000,133.0000,REJECT,No cover candidate.,
NL,DUTCH_FLEMISH_CANON,Arthur van Schendel,2,6,9,/works/OL38717835W,De pleiziervaart,Arthur van Schendel,1.0000,1951,/books/OL52710057M,De pleiziervaart,,dut,1.0000,,J.M. Meulenhoff,1951,,,NOT_PROBED,,,,,NO,NO,129.0000,133.0000,REJECT,No cover candidate.,
NL,DUTCH_FLEMISH_CANON,Arthur van Schendel,2,6,9,/works/OL43438498W,De rijke man,Arthur van Schendel,1.0000,,/books/OL59190504M,De rijke man,,dut,1.0000,,J.M. Meulenhoff,[n.d.],,,NOT_PROBED,,,,,NO,NO,129.0000,133.0000,REJECT,No cover candidate.,
NL,DUTCH_FLEMISH_CANON,Arthur van Schendel,2,6,9,/works/OL44724296W,De schoone jacht,Arthur van Schendel,1.0000,1908,/books/OL61073906M,De schoone jacht,,dut,1.0000,,W. Versluys,1908,,,NOT_PROBED,,,,,NO,NO,129.0000,133.0000,REJECT,No cover candidate.,
NL,DUTCH_FLEMISH_CANON,Arthur van Schendel,2,6,9,/works/OL45716361W,De struikrover en het treurspel,Arthur van Schendel,1.0000,1953,/books/OL62238660M,De struikrover en het treurspel,,dut,1.0000,,Drukkerij Hooiberg,1953,,,NOT_PROBED,,,,,NO,NO,129.0000,133.0000,REJECT,No cover candidate.,
NL,DUTCH_FLEMISH_CANON,Arthur van Schendel,2,6,9,/works/OL1448960W,De wedergeboorte van bedelman,Arthur van Schendel,1.0000,1942,/books/OL230688M,De wedergeboorte van bedelman,,dut,1.0000,,J. M. Meulenhoff,1942,,,NOT_PROBED,,,,,NO,NO,129.0000,133.0000,REJECT,No cover candidate.,
NL,DUTCH_FLEMISH_CANON,Arthur van Schendel,2,6,9,/works/OL1448961W,De zeven tuinen,Arthur van Schendel,1.0000,1967,/books/OL4661286M,De zeven tuinen.,Roman.,dut,1.0000,,Meulenhoff,1967,,,NOT_PROBED,,,,,NO,NO,129.0000,133.0000,REJECT,No cover candidate.,
NL,DUTCH_FLEMISH_CANON,Arthur van Schendel,2,6,9,/works/OL15166868W,De zomerreis,Arthur van Schendel,1.0000,1938,/books/OL24236204M,De zomerreis,,dut,1.0000,,Boucher,1938,,,NOT_PROBED,,,,,NO,NO,129.0000,133.0000,REJECT,No cover candidate.,
NL,DUTCH_FLEMISH_CANON,Arthur van Schendel,2,6,9,/works/OL43650185W,Drogon,Arthur van Schendel,1.0000,1896,/books/OL59502214M,Drogon,,dut,1.0000,,W. Versluys,1896,,,NOT_PROBED,,,,,NO,NO,129.0000,133.0000,REJECT,No cover candidate.,
NL,DUTCH_FLEMISH_CANON,Arthur van Schendel,2,6,9,/works/OL15166872W,Een eiland in de Zuid-zee,Arthur van Schendel,1.0000,1950,/books/OL24236208M,Een eiland in de Zuid-zee,mede opgenomen werd het verhaal De aartsvader van Samoa,dut,1.0000,,[De Driehoek],1950,,,NOT_PROBED,,,,,NO,NO,129.0000,133.0000,REJECT,No cover candidate.,
NL,DUTCH_FLEMISH_CANON,Arthur van Schendel,2,6,9,/works/OL43588752W,Een eiland in de Zuidzee,Arthur van Schendel,1.0000,1956,/books/OL59417144M,Een eiland in de Zuidzee,,dut,1.0000,,Meulenhoff,1956,,,NOT_PROBED,,,,,NO,NO,129.0000,133.0000,REJECT,No cover candidate.,
NL,DUTCH_FLEMISH_CANON,Arthur van Schendel,2,6,9,/works/OL38868273W,Een hollandsch drama,Arthur van Schendel,1.0000,1935,/books/OL59124497M,Een Hollandsch drama,,dut,1.0000,,J.M. Meulenhoff,1947,,,NOT_PROBED,,,,,NO,NO,129.0000,133.0000,REJECT,No cover candidate.,
NL,DUTCH_FLEMISH_CANON,Arthur van Schendel,2,6,9,/works/OL1448962W,Een zindelijke wereld,Arthur van Schendel,1.0000,1950,/books/OL19530273M,Een zindelijke wereld,,dut,1.0000,,.J.M. Meulenhoff,1950,,,NOT_PROBED,,,,,NO,NO,129.0000,133.0000,REJECT,No cover candidate.,
NL,DUTCH_FLEMISH_CANON,Arthur van Schendel,2,6,9,/works/OL45492494W,Een zwerver verleifd,Arthur van Schendel,1.0000,1955,/books/OL61976051M,Een zwerver verleifd,Een zwerver verdwaald,dut,1.0000,,Meulenhoff,1955,,,NOT_PROBED,,,,,NO,NO,129.0000,133.0000,REJECT,No cover candidate.,
NL,DUTCH_FLEMISH_CANON,Arthur van Schendel,2,6,9,/works/OL44896524W,Florentijnsche verhalen,Arthur van Schendel,1.0000,1938,/books/OL61273262M,Florentijnsche verhalen,,dut,1.0000,,A.A.M. Stols,1938,,,NOT_PROBED,,,,,NO,NO,129.0000,133.0000,REJECT,No cover candidate.,
NL,DUTCH_FLEMISH_CANON,Arthur van Schendel,2,6,9,/works/OL33083929W,Fratilamur,Arthur van Schendel,1.0000,1928,/books/OL44951720M,Fratilamur,,dut,1.0000,,A.A.M. Stols,1928,,,NOT_PROBED,,,,,NO,NO,129.0000,133.0000,REJECT,No cover candidate.,
NL,DUTCH_FLEMISH_CANON,Arthur van Schendel,2,6,9,/works/OL1448982W,Het fregatschip Johanna Maria,Arthur van Schendel,1.0000,1942,/books/OL16391035M,Het fregatschip Johanna Maria.,,dut,1.0000,,J.M. Meulenhoff,1961,,,NOT_PROBED,,,,,NO,NO,129.0000,133.0000,REJECT,No cover candidate.,
NL,DUTCH_FLEMISH_CANON,Arthur van Schendel,2,6,9,/works/OL38728325W,Menschen en honden,Arthur van Schendel,1.0000,1947,/books/OL52725820M,Menschen en honden,De hond als metgezel van den mensch zooals schrijvers en dichters door alle eeuwen hem hebben gezien,dut | eng | fre,1.0000,,J.M. Meulenhoff,1947,,,NOT_PROBED,,,,,NO,NO,129.0000,133.0000,REJECT,No cover candidate.,
NL,DUTCH_FLEMISH_CANON,Arthur van Schendel,2,6,9,/works/OL12035707W,"Merona, een edelman",Arthur van Schendel,1.0000,1927,/books/OL18447072M,"Merona, een edelman",,dut,1.0000,,J. M. Meulenhoff,1927,,,NOT_PROBED,,,,,NO,NO,129.0000,133.0000,REJECT,No cover candidate.,
NL,DUTCH_FLEMISH_CANON,Arthur van Schendel,2,6,9,/works/OL43697454W,Mijnheer Oberon en mevrouw,Arthur van Schendel,1.0000,1940,/books/OL59565656M,Mijnheer Oberon en mevrouw,roman,dut,1.0000,,J.M. Meulenhoff,1940,,,NOT_PROBED,,,,,NO,NO,129.0000,133.0000,REJECT,No cover candidate.,
NL,DUTCH_FLEMISH_CANON,Arthur van Schendel,2,6,9,/works/OL12035708W,Pandorra,Arthur van Schendel,1.0000,1919,/books/OL21822649M,Pandorra,,dut,1.0000,,J. M. Meulenoff,1919,,,NOT_PROBED,,,,,NO,NO,129.0000,133.0000,REJECT,No cover candidate.,
NL,DUTCH_FLEMISH_CANON,Arthur van Schendel,2,6,9,/works/OL44923131W,Rose-Angélique; de dromers van de liefde,Arthur van Schendel,1.0000,1952,/books/OL61304314M,Rose-Angélique; de dromers van de liefde,,dut,1.0000,,Meulenhoff,1952,,,NOT_PROBED,,,,,NO,NO,129.0000,133.0000,REJECT,No cover candidate.,
NL,DUTCH_FLEMISH_CANON,Arthur van Schendel,2,6,9,/works/OL32042642W,Shakespeare,Arthur van Schendel,1.0000,1953,/books/OL43765412M,Shakespeare,Verlaine,eng | dut,1.0000,,J. M. Meulenhoff,1953,,,NOT_PROBED,,,,,NO,NO,129.0000,133.0000,REJECT,No cover candidate.,
NL,DUTCH_FLEMISH_CANON,Arthur van Schendel,2,6,9,/works/OL1448980W,The 'Johanna Maria',Arthur van Schendel,1.0000,1935,/books/OL6320976M,The 'Johanna Maria',,eng | dut,1.0000,,J. Cape,1935,,,NOT_PROBED,,,,,NO,NO,129.0000,133.0000,REJECT,No cover candidate.,
NL,DUTCH_FLEMISH_CANON,Arthur van Schendel,2,6,9,/works/OL1448981W,The waterman,Arthur van Schendel,1.0000,1963,/books/OL5888968M,The waterman,,eng | dut,1.0000,,Sythoff,1963,,,NOT_PROBED,,,,,NO,NO,129.0000,133.0000,REJECT,No cover candidate.,
NL,DUTCH_FLEMISH_CANON,Arthur van Schendel,2,6,9,/works/OL15166874W,Verhalen,Arthur van Schendel,1.0000,1917,/books/OL24236210M,Verhalen,,dut,1.0000,,Maatschappij voor Goede en Goedkoope Lectuur,[1917],,,NOT_PROBED,,,,,NO,NO,129.0000,133.0000,REJECT,No cover candidate.,
NL,DUTCH_FLEMISH_CANON,Arthur van Schendel,2,6,9,/works/OL12035710W,Verlaine,Arthur van Schendel,1.0000,1927,/books/OL18447078M,Verlaine,Het leven van een dichter,dut,1.0000,,J. M. Meulenhoff,1927,,,NOT_PROBED,,,,,NO,NO,129.0000,133.0000,REJECT,No cover candidate.,
NL,DUTCH_FLEMISH_CANON,Arthur van Schendel,2,6,9,/works/OL38717839W,"Voorbijgaande schaduwen, roman",Arthur van Schendel,1.0000,1948,/books/OL52710062M,"Voorbijgaande schaduwen, roman",,dut,1.0000,,Meulenhoff,1948,,,NOT_PROBED,,,,,NO,NO,129.0000,133.0000,REJECT,No cover candidate.,
NL,DUTCH_FLEMISH_CANON,Jacob van Lennep,2,6,9,/works/OL45324285W,De Abydeensche verloofde,Lord Byron | Jacob van Lennep,1.0000,1826,/books/OL61778502M,De Abydeensche verloofde,,dut,1.0000,,P. Meijer Warnars,1826,,,NOT_PROBED,,,,,NO,NO,129.0000,133.0000,REJECT,No cover candidate.,
NL,DUTCH_FLEMISH_CANON,Jacob van Lennep,2,6,9,/works/OL1273094W,De gestoorde bruiloft,Jacob van Lennep,1.0000,1948,/books/OL6118281M,De gestoorde bruiloft.,Ulrich de zanger.,dut,1.0000,,G.B. van Goor Zonen,1948,,,NOT_PROBED,,,,,NO,NO,129.0000,133.0000,REJECT,No cover candidate.,
NL,DUTCH_FLEMISH_CANON,Jacob van Lennep,2,6,9,/works/OL44198655W,De stichting van Batavia,Jacob van Lennep,1.0000,1858,/books/OL60427077M,De stichting van Batavia,tooneelspel,dut,1.0000,,J. de Ruyter,1858,,,NOT_PROBED,,,,,NO,NO,129.0000,133.0000,REJECT,No cover candidate.,
NL,DUTCH_FLEMISH_CANON,Jacob van Lennep,2,6,9,/works/OL44226950W,"De uithangteekens in verband met geschiedenis en volksleven beschouwd, door J. van Lennep en J. ter Gouw ...",Jacob van Lennep | Johannes ter Gouw,1.0000,1800,/books/OL60459468M,"De uithangteekens in verband met geschiedenis en volksleven beschouwd, door J. van Lennep en J. ter Gouw ...",,dut,1.0000,,A. W. Sijthoff,1800,,,NOT_PROBED,,,,,NO,NO,129.0000,133.0000,REJECT,No cover candidate.,
NL,DUTCH_FLEMISH_CANON,Jacob van Lennep,2,6,9,/works/OL44819164W,De val van Jeruzalem,Jacob van Lennep | Abraham Johannes de Bull,1.0000,1850,/books/OL61183871M,De val van Jeruzalem,treurspel,dut,1.0000,,J. Noordendorp,1850,,,NOT_PROBED,,,,,NO,NO,129.0000,133.0000,REJECT,No cover candidate.,
NL,DUTCH_FLEMISH_CANON,Jacob van Lennep,2,6,9,/works/OL45281518W,"Een Amsterdamsche Jongen, of het Buskruit-Verraad in 1622, tooneelspel",Jacob van Lennep,1.0000,1859,/books/OL61727383M,"Een Amsterdamsche Jongen, of het Buskruit-Verraad in 1622, tooneelspel",,dut,1.0000,,J. de Ruyter,1859,,,NOT_PROBED,,,,,NO,NO,129.0000,133.0000,REJECT,No cover candidate.,
NL,DUTCH_FLEMISH_CANON,Jacob van Lennep,2,6,9,/works/OL44080001W,Een droom van Californië,Jacob van Lennep,1.0000,1849,/books/OL60294990M,Een droom van Californië,kluchtspel met zang,dut,1.0000,,P. Meijer Warnars,1849,,,NOT_PROBED,,,,,NO,NO,129.0000,133.0000,REJECT,No cover candidate.,
NL,DUTCH_FLEMISH_CANON,Jacob van Lennep,2,6,9,/works/OL44198663W,"Fiêsko, of de samenzweering te genua",Jacob van Lennep,1.0000,1825,/books/OL60427085M,"Fiêsko, of de samenzweering te genua",treurspel,dut,1.0000,,"M. Westerman, en C. van Hulst",1825,,,NOT_PROBED,,,,,NO,NO,129.0000,133.0000,REJECT,No cover candidate.,
NL,DUTCH_FLEMISH_CANON,Jacob van Lennep,2,6,9,/works/OL44633436W,Gedenkboek der viering van het 200 jarig bestaan der Doorluchtige school te Amsterdam,Jacob van Lennep,1.0000,1832,/books/OL60968709M,Gedenkboek der viering van het 200 jarig bestaan der Doorluchtige school te Amsterdam,,dut,1.0000,,P. Meÿer Warnars,1832,,,NOT_PROBED,,,,,NO,NO,129.0000,133.0000,REJECT,No cover candidate.,
NL,DUTCH_FLEMISH_CANON,Jacob van Lennep,2,6,9,/works/OL45432617W,Het dorp aan de grenzen,Jacob van Lennep,1.0000,1831,/books/OL61905818M,Het dorp aan de grenzen,schets uit den tegenwoordigen tijd,dut,1.0000,,P. Meijer Warnars,1831,,,NOT_PROBED,,,,,NO,NO,129.0000,133.0000,REJECT,No cover candidate.,
NL,DUTCH_FLEMISH_CANON,Jacob van Lennep,2,6,9,/works/OL44875498W,Het leven van Cornelis van Lennep en D.J. van Lennep beschreven en toegelicht uit hun gedichten en andere oorspronkelijke bescheiden,Jacob van Lennep,1.0000,1865,/books/OL61248897M,Het leven van Cornelis van Lennep en D.J. van Lennep beschreven en toegelicht uit hun gedichten en andere oorspronkelijke bescheiden,,dut,1.0000,,Gebroeders Kraay,1865,,,NOT_PROBED,,,,,NO,NO,129.0000,133.0000,REJECT,No cover candidate.,
NL,DUTCH_FLEMISH_CANON,Jacob van Lennep,2,6,9,/works/OL1457997W,Jakob van Lennep [en] Bosboom-Toussaint,Jacob van Lennep,1.0000,1943,/books/OL232964M,Jakob van Lennep [en] Bosboom-Toussaint,,dut,1.0000,,Pro Arte,1943,,,NOT_PROBED,,,,,NO,NO,129.0000,133.0000,REJECT,No cover candidate.,
NL,DUTCH_FLEMISH_CANON,Jacob van Lennep,2,6,9,/works/OL45203200W,Merkwaardige kasteelen in Nederland,Jacob van Lennep | Willem Jacob Hofdijk,1.0000,1883,/books/OL62406367M,Merkwaardige Kasteelen in Nederland,,dut,1.0000,,ERATO,1996,,,NOT_PROBED,,,,,NO,NO,129.0000,133.0000,REJECT,No cover candidate.,
NL,DUTCH_FLEMISH_CANON,Jacob van Lennep,2,6,9,/works/OL44148859W,Nederlandsche legenden,Jacob van Lennep,1.0000,1865,/books/OL60371383M,Nederlandsche legenden,,dut,1.0000,,D.A. Thieme,1865,,,NOT_PROBED,,,,,NO,NO,129.0000,133.0000,REJECT,No cover candidate.,
NL,DUTCH_FLEMISH_CANON,Jacob van Lennep,2,6,9,/works/OL1273102W,Nieuwe verhalen naar Jacob van Lennep,Jacob van Lennep,1.0000,1944,/books/OL196136M,Nieuwe verhalen naar Jacob van Lennep,,dut,1.0000,,De Sikkel,1944,,,NOT_PROBED,,,,,NO,NO,129.0000,133.0000,REJECT,No cover candidate.,
NL,DUTCH_FLEMISH_CANON,Jacob van Lennep,2,6,9,/works/OL44899429W,Op de zee,Jacob van Lennep | Charles Rochussen | E. Vermorcken | W. H. Stam | Frederik Adrianus Weissenbruch | Joseph Tuckerman Tower,1.0000,,/books/OL61276636M,Op de zee,,dut,1.0000,,D. Noothoven van Goor,18uu,,,NOT_PROBED,,,,,NO,NO,129.0000,133.0000,REJECT,No cover candidate.,
NL,DUTCH_FLEMISH_CANON,Jacob van Lennep,2,6,9,/works/OL44258759W,The count of Talavera,Jacob van Lennep | A. Salomons,1.0000,1881,/books/OL60496001M,The count of Talavera,from the Dutch of J. Van Lennep,eng | dut,1.0000,,J.C. Nimmo & Bain,1881,,,NOT_PROBED,,,,,NO,NO,129.0000,133.0000,REJECT,No cover candidate.,
NL,DUTCH_FLEMISH_CANON,Jacob van Lennep,2,6,9,/works/OL1273104W,Vertellingen van vroeger en later tijd,Jacob van Lennep,1.0000,1971,/books/OL5031198M,Vertellingen van vroeger en later tijd.,,dut,1.0000,,Fehmers,1971,,,NOT_PROBED,,,,,NO,NO,129.0000,133.0000,REJECT,No cover candidate.,
NL,DUTCH_FLEMISH_CANON,Jacob van Lennep,2,6,9,/works/OL45196845W,Werken,Joost van den Vondel | Jacob van Lennep | John Hendrik Willem Unger,1.0000,1890,/books/OL61624757M,Werken,,dut,1.0000,,Sijthoff,1890,,,NOT_PROBED,,,,,NO,NO,129.0000,133.0000,REJECT,No cover candidate.,
NL,DUTCH_FLEMISH_CANON,Jacob van Lennep,2,6,9,/works/OL1273105W,"Zeemans-woordeboek, behelzende een verklaring der woorden, by de scheepvaart en den handel in gebruik en een opgave der algemeene wetsbepalingen, daartoe betrekkelijk, en der spreekwijzen, daaran ontleend",Jacob van Lennep,1.0000,1856,/books/OL6972067M,"Zeemans-woordeboek, behelzende een verklaring der woorden, by de scheepvaart en den handel in gebruik en een opgave der algemeene wetsbepalingen, daartoe betrekkelijk, en der spreekwijzen, daaran ontleend.",En en ander voorzien met taalkundige opmerkingen en aanhalingen uit onderscheidene schrijvers,dut,1.0000,,Gebroeders Binger,1856,,,NOT_PROBED,,,,,NO,NO,129.0000,133.0000,REJECT,No cover candidate.,
NL,DUTCH_FLEMISH_CANON,Jacob van Lennep,2,6,9,/works/OL44065922W,Zeemansliedtjens,Jacob van Lennep,1.0000,1852,/books/OL60205389M,Zeemansliedtjens,,dut,1.0000,,Gebroeders Kraay,1852,,,NOT_PROBED,,,,,NO,NO,129.0000,133.0000,REJECT,No cover candidate.,
NL,DUTCH_FLEMISH_CANON,Marnix Gijsen,2,5,8,/works/OL1211708W,54 Vlaanse verhalen,Marnix Gijsen,1.0000,1971,/books/OL5367438M,54 Vlaanse verhalen.,,dut,1.0000,,Paris--Manteau,1971,,,NOT_PROBED,,,,,NO,NO,129.0000,133.0000,REJECT,No cover candidate.,
NL,DUTCH_FLEMISH_CANON,Marnix Gijsen,2,5,8,/works/OL1211764W,August van Cauwelaert,Marnix Gijsen,1.0000,1968,/books/OL5659634M,August van Cauwelaert.,,dut,1.0000,,Desclée De Brouwer,1968,,,NOT_PROBED,,,,,NO,NO,129.0000,133.0000,REJECT,No cover candidate.,
NL,DUTCH_FLEMISH_CANON,Marnix Gijsen,2,5,8,/works/OL1211714W,De afvallige,Marnix Gijsen,1.0000,1971,/books/OL18480090M,De afvallige.,,dut,1.0000,,Nijgh & Van Ditmar,1971,,,NOT_PROBED,,,,,NO,NO,129.0000,133.0000,REJECT,No cover candidate.,
NL,DUTCH_FLEMISH_CANON,Marnix Gijsen,2,5,8,/works/OL1211785W,De diaspora,Marnix Gijsen,1.0000,1961,/books/OL18900682M,De diaspora,novellen,dut,1.0000,,J.M. Meulenhoff,1967,,,NOT_PROBED,,,,,NO,NO,129.0000,133.0000,REJECT,No cover candidate.,
NL,DUTCH_FLEMISH_CANON,Marnix Gijsen,2,5,8,/works/OL1211768W,De kat in den boom,Marnix Gijsen,1.0000,1953,/books/OL22905413M,De kat in den boom,roman,dut,1.0000,,A.A.M. Stols,1953,,,NOT_PROBED,,,,,NO,NO,129.0000,133.0000,REJECT,No cover candidate.,
NL,DUTCH_FLEMISH_CANON,Marnix Gijsen,2,5,8,/works/OL1211769W,De lange nacht,Marnix Gijsen,1.0000,1954,/books/OL4055201M,De lange nacht.,,dut,1.0000,,Meulenhoff,1969,,,NOT_PROBED,,,,,NO,NO,129.0000,133.0000,REJECT,No cover candidate.,
NL,DUTCH_FLEMISH_CANON,Marnix Gijsen,2,5,8,/works/OL1211771W,De literatuur in Zuid-Nederland sedert 1830,Marnix Gijsen,1.0000,1945,/books/OL1316286M,De literatuur in Zuid-Nederland sedert 1830,,dut,1.0000,,Standaard-Boekhandel,1951,,,NOT_PROBED,,,,,NO,NO,129.0000,133.0000,REJECT,No cover candidate.,
NL,DUTCH_FLEMISH_CANON,Marnix Gijsen,2,5,8,/works/OL1211772W,De man van overmorgen,Marnix Gijsen,1.0000,1949,/books/OL21338849M,De man van overmorgen,,dut,1.0000,,Nijgh & van Ditmar,1949,,,NOT_PROBED,,,,,NO,NO,129.0000,133.0000,REJECT,No cover candidate.,
NL,DUTCH_FLEMISH_CANON,Marnix Gijsen,2,5,8,/works/OL1211717W,De oudste zoon,Marnix Gijsen,1.0000,1955,/books/OL209402M,De oudste zoon,,dut,1.0000,,A.A.M. Stols,1955,,,NOT_PROBED,,,,,NO,NO,129.0000,133.0000,REJECT,No cover candidate.,
NL,DUTCH_FLEMISH_CANON,Marnix Gijsen,2,5,8,/works/OL1211773W,De parel der diplomatie,Marnix Gijsen,1.0000,1966,/books/OL16395216M,De parel der diplomatie,een divertimento [van] Marnix Gijsen.,dut,1.0000,,Nijgh & Van Ditmar,1966,,,NOT_PROBED,,,,,NO,NO,129.0000,133.0000,REJECT,No cover candidate.,
NL,DUTCH_FLEMISH_CANON,Marnix Gijsen,2,5,8,/works/OL37336589W,DE STEM UIT AMERIKA,Marnix Gijsen,1.0000,1982,/books/OL50319701M,DE STEM UIT AMERIKA,"EEN KEUZE UIT DE ""WEKELIJKSE CORRESPONDENTIES UIT AMERIKA VAN DOCTOR JAN ALBERT GORIS"" VAN 1946 TOT 1964",dut,1.0000,,"BELGISCHE RADIO EN TELEVISIE, DIENST PERS EN PUBLIKATIES",1982,,,NOT_PROBED,,,,,NO,NO,129.0000,133.0000,REJECT,No cover candidate.,
NL,DUTCH_FLEMISH_CANON,Marnix Gijsen,2,5,8,/works/OL1211719W,De val van zijne excellentie minister Plas. Roman,Marnix Gijsen,1.0000,1969,/books/OL18527216M,De val van zijne excellentie minister Plas. Roman.,[Door] Marnix Gijsen.,dut,1.0000,,Nijgh & Van Ditmar,1969,,,NOT_PROBED,,,,,NO,NO,129.0000,133.0000,REJECT,No cover candidate.,
NL,DUTCH_FLEMISH_CANON,Marnix Gijsen,2,5,8,/works/OL1211723W,Er gebeurt nooit iets,Marnix Gijsen,1.0000,1957,/books/OL22905416M,Er gebeurt nooit iets,roman.,dut,1.0000,,A.A. Stols,1957,,,NOT_PROBED,,,,,NO,NO,129.0000,133.0000,REJECT,No cover candidate.,
NL,DUTCH_FLEMISH_CANON,Marnix Gijsen,2,5,8,/works/OL1211774W,Gezegden,Marnix Gijsen,1.0000,1970,/books/OL17348319M,Gezegden.,[Door] Marnix Gijsen.,dut,1.0000,,Nijgh & Van Ditmar,1970,,,NOT_PROBED,,,,,NO,NO,129.0000,133.0000,REJECT,No cover candidate.,
NL,DUTCH_FLEMISH_CANON,Marnix Gijsen,2,5,8,/works/OL19687380W,Goed en kwaad,Marnix Gijsen,1.0000,1951,/books/OL52713527M,Goed en kwaad ...,,dut,1.0000,,A.A.M. Stols,1951,,,NOT_PROBED,,,,,NO,NO,129.0000,133.0000,REJECT,No cover candidate.,
NL,DUTCH_FLEMISH_CANON,Marnix Gijsen,2,5,8,/works/OL44979108W,Harmágedon,Marnix Gijsen,1.0000,1966,/books/OL61369467M,Harmágedon,een kroniek van recente jaren,dut,1.0000,,Meulenhoff,1966,,,NOT_PROBED,,,,,NO,NO,129.0000,133.0000,REJECT,No cover candidate.,
NL,DUTCH_FLEMISH_CANON,Marnix Gijsen,2,5,8,/works/OL1211728W,Helena op Ithaka,Marnix Gijsen,1.0000,1968,/books/OL21351762M,Helena op Ithaka,een opera zonder muziek in drie bedrijven,dut,1.0000,,Meulenhoff Nederland,1968,,,NOT_PROBED,,,,,NO,NO,129.0000,133.0000,REJECT,No cover candidate.,
NL,DUTCH_FLEMISH_CANON,Marnix Gijsen,2,5,8,/works/OL43600523W,Het boek van Joachim van Babylon,Marnix Gijsen,1.0000,1951,/books/OL61386075M,Het boek van Joachim van Babylon,"hetwelk bevat het oprecht verhaal van zijn leven en dat van zijn beroemde huisvrouw Suzanna, kort geleden ontdekt in de opgravingen van Nat-tah-nam en voor het eerst zorgvuldig vertaald en uitgegeven door een liefhebber der oudheid",dut,1.0000,,A.A.M. Stols,1959,,,NOT_PROBED,,,,,NO,NO,129.0000,133.0000,REJECT,No cover candidate.,
NL,DUTCH_FLEMISH_CANON,Marnix Gijsen,2,5,8,/works/OL1211730W,"Het boek van Joachim van Babylon, hetwelk bevat het oprecht verhaal van zijn leven en dat van zijn beroemde huisvrouw, Suzanna",Marnix Gijsen,1.0000,1959,/books/OL16395204M,"Het boek van Joachim van Babylon, hetwelk bevat het oprecht verhaal van zijn leven en dat van zijn beroemde huisvrouw, Suzanna",kort geleden ontdekt in de opgravingen van Nat-tah-nam en voor het eerst zorgvuldig vertaald en uitgegeven door een liefhebber der oudheid [door] Marnix Gijsen [pseud.] Voorafgegaan door een beschouwing van C.J.E. Dinaux.,dut,1.0000,,A.A.M. Stols,1959,,,NOT_PROBED,,,,,NO,NO,129.0000,133.0000,REJECT,No cover candidate.,
NL,DUTCH_FLEMISH_CANON,Marnix Gijsen,2,5,8,/works/OL1211733W,Het paard Ugo,Marnix Gijsen,1.0000,1968,/books/OL17495831M,Het paard Ugo,"kroniek uit een 'beloken' tijd, 10 mei 1940 - 7 december 1941 [door] Marnix Gijsen.",dut,1.0000,,Meulenhoff,1968,,,NOT_PROBED,,,,,NO,NO,129.0000,133.0000,REJECT,No cover candidate.,
NL,DUTCH_FLEMISH_CANON,Marnix Gijsen,2,5,8,/works/OL1211736W,"Karel van den Oever, 1879-1926",Marnix Gijsen,1.0000,1958,/books/OL5781929M,"Karel van den Oever, 1879-1926",,dut,1.0000,,Voor het Ministerie van Openbaar Onderwijs uitg. door A. Manteau,1958,,,NOT_PROBED,,,,,NO,NO,129.0000,133.0000,REJECT,No cover candidate.,
NL,DUTCH_FLEMISH_CANON,Marnix Gijsen,2,5,8,/works/OL1211738W,Kroniek der poëzie,Marnix Gijsen,1.0000,1966,/books/OL5580325M,Kroniek der poëzie.,,dut,1.0000,,Heideland,1966,,,NOT_PROBED,,,,,NO,NO,129.0000,133.0000,REJECT,No cover candidate.,
NL,DUTCH_FLEMISH_CANON,Marnix Gijsen,2,5,8,/works/OL1211743W,Lof van Antwerpen,Marnix Gijsen,1.0000,1940,/books/OL233113M,Lof van Antwerpen,"hoe reizigers Antwerpen zagen, van de xve tot de xxe eeuw.",dut,1.0000,,Standaard-Boekhandel,1940,,,NOT_PROBED,,,,,NO,NO,129.0000,133.0000,REJECT,No cover candidate.,
NL,DUTCH_FLEMISH_CANON,Marnix Gijsen,2,5,8,/works/OL1211778W,Lucinda en de lotoseter,Marnix Gijsen,1.0000,1960,/books/OL22905419M,Lucinda en de lotoseter,,dut,1.0000,,A.A.M. Stols,1960,,,NOT_PROBED,,,,,NO,NO,129.0000,133.0000,REJECT,No cover candidate.,
NL,DUTCH_FLEMISH_CANON,Marnix Gijsen,2,5,8,/works/OL1211744W,Marie-ama van Antwerpen,Marnix Gijsen,1.0000,1955,/books/OL6259972M,Marie-ama van Antwerpen,,dut,1.0000,,J. Heijnis,1955,,,NOT_PROBED,,,,,NO,NO,129.0000,133.0000,REJECT,No cover candidate.,
NL,DUTCH_FLEMISH_CANON,Marnix Gijsen,2,5,8,/works/OL1211745W,Marie Gevers,Marnix Gijsen,1.0000,1969,/books/OL5156635M,Marie Gevers.,,dut,1.0000,,Desclée De Brouwer,1969,,,NOT_PROBED,,,,,NO,NO,129.0000,133.0000,REJECT,No cover candidate.,
NL,DUTCH_FLEMISH_CANON,Marnix Gijsen,2,5,8,/works/OL1211746W,Mi chiamamo Mimi,Marnix Gijsen,1.0000,1971,/books/OL18233906M,Mi chiamamo Mimi.,[Door] Marnix Gijsen.  Ills. Frans Dille.,dut,1.0000,,Nijgh & Van Ditmar,1971,,,NOT_PROBED,,,,,NO,NO,129.0000,133.0000,REJECT,No cover candidate.,
NL,DUTCH_FLEMISH_CANON,Marnix Gijsen,2,5,8,/works/OL1211748W,Odysseus achterna,Marnix Gijsen,1.0000,1967,/books/OL5643522M,Odysseus achterna.,Reisnota's uit Griekenland.,dut,1.0000,,J. Meulenhoff,1967,,,NOT_PROBED,,,,,NO,NO,129.0000,133.0000,REJECT,No cover candidate.,
NL,DUTCH_FLEMISH_CANON,Marnix Gijsen,2,5,8,/works/OL1211749W,Ontdek Amerika,Marnix Gijsen,1.0000,1927,/books/OL6738020M,Ontdek Amerika,,dut,1.0000,,N. v. Standaard-boekhandel,1927,,,NOT_PROBED,,,,,NO,NO,129.0000,133.0000,REJECT,No cover candidate.,
NL,DUTCH_FLEMISH_CANON,Marnix Gijsen,2,5,8,/works/OL1211752W,Scripta manent,Marnix Gijsen,1.0000,1965,/books/OL4683263M,Scripta manent,,dut,1.0000,,J. M. Meulenhoff,1965,,,NOT_PROBED,,,,,NO,NO,129.0000,133.0000,REJECT,No cover candidate.,
NL,DUTCH_FLEMISH_CANON,Marnix Gijsen,2,5,8,/works/OL1211781W,Ter wille van Leentje,Marnix Gijsen,1.0000,1955,/books/OL19077082M,Ter wille van Leentje,,dut,1.0000,,Nijgh & Van Ditmar,1955,,,NOT_PROBED,,,,,NO,NO,129.0000,133.0000,REJECT,No cover candidate.,
NL,DUTCH_FLEMISH_CANON,Marnix Gijsen,2,5,8,/works/OL1211756W,Ter Wille ven Leentje,Marnix Gijsen,1.0000,1957,/books/OL22925640M,Ter Wille ven Leentje.,,dut,1.0000,,A.A.M. Stols,1957,,,NOT_PROBED,,,,,NO,NO,129.0000,133.0000,REJECT,No cover candidate.,
NL,DUTCH_FLEMISH_CANON,Marnix Gijsen,2,5,8,/works/OL1211712W,The book of Joachim of Babylon,Marnix Gijsen,1.0000,1951,/books/OL6112816M,The book of Joachim of Babylon,,eng | dut,1.0000,,East and West Library,1951,,,NOT_PROBED,,,,,NO,NO,129.0000,133.0000,REJECT,No cover candidate.,
NL,DUTCH_FLEMISH_CANON,Marnix Gijsen,2,5,8,/works/OL1211761W,Vierenvijftig Vlaamse verhalen,Marnix Gijsen,1.0000,1971,/books/OL19060164M,Vierenvijftig Vlaamse verhalen.,Samengesteld door Marnix Gijsen en Karel Jonckheere.,dut,1.0000,,Manteau,1971,,,NOT_PROBED,,,,,NO,NO,129.0000,133.0000,REJECT,No cover candidate.,
NL,DUTCH_FLEMISH_CANON,Marnix Gijsen,2,5,8,/works/OL13900188M,Zes van Marnix Gijsen.,Marnix Gijsen,1.0000,1964,/books/OL13900188M,Zes van Marnix Gijsen.,,dut,1.0000,,N.V.Koninklijke Uitgeverij,1964,,,NOT_PROBED,,,,,NO,NO,129.0000,133.0000,REJECT,No cover candidate.,
NL,DUTCH_FLEMISH_CANON,Richard Minne,2,4,6,/works/OL38716864W,Cyriel Buysse,Richard Minne,1.0000,1959,/books/OL52708759M,Cyriel Buysse,,dut,1.0000,,Voor het Ministerie van Openbaar Onderwijs uitg. door A. Manteau,1959,,,NOT_PROBED,,,,,NO,NO,129.0000,133.0000,REJECT,No cover candidate.,
NL,DUTCH_FLEMISH_CANON,Richard Minne,2,4,6,/works/OL38718646W,Heineke Vos en zijn biograaf,Richard Minne,1.0000,1963,/books/OL52711169M,Heineke Vos en zijn biograaf,,dut,1.0000,,Nijgh & Van Ditmar,1963,,,NOT_PROBED,,,,,NO,NO,129.0000,133.0000,REJECT,No cover candidate.,
NL,DUTCH_FLEMISH_CANON,Richard Minne,2,4,6,/works/OL38718649W,In den zoeten inval,Richard Minne,1.0000,1955,/books/OL52711173M,In den zoeten inval,en andere gedichten,dut,1.0000,,Oorschot,1955,,,NOT_PROBED,,,,,NO,NO,129.0000,133.0000,REJECT,No cover candidate.,
NL,DUTCH_FLEMISH_CANON,Richard Minne,2,4,6,/works/OL38718651W,In twintig lijnen,Richard Minne,1.0000,1955,/books/OL52711176M,In twintig lijnen,,dut,1.0000,,Van Oorschot,1955,,,NOT_PROBED,,,,,NO,NO,129.0000,133.0000,REJECT,No cover candidate.,
NL,DUTCH_FLEMISH_CANON,Richard Minne,2,4,6,/works/OL2454702W,Malve en erica,Richard Minne,1.0000,1968,/books/OL5659767M,Malve en erica.,,dut,1.0000,,Heideland,1968,,,NOT_PROBED,,,,,NO,NO,129.0000,133.0000,REJECT,No cover candidate.,
NL,DUTCH_FLEMISH_CANON,Richard Minne,2,4,6,/works/OL43714411W,Veertien anoniem,Richard Minne,1.0000,1951,/books/OL59590195M,Veertien anoniem,,dut,1.0000,,Leesclub Boekuil,1951,,,NOT_PROBED,,,,,NO,NO,129.0000,133.0000,REJECT,No cover candidate.,
NL,DUTCH_FLEMISH_CANON,Richard Minne,2,4,6,/works/OL2454703W,Wolfijzers en schietgeweren,Richard Minne,1.0000,1947,/books/OL3835299M,Wolfijzers en schietgeweren,een nieuwe verzameling verzen van Richard Minne ...,dut,1.0000,,Manteau,1947,,,NOT_PROBED,,,,,NO,NO,129.0000,133.0000,REJECT,No cover candidate.,
NL,DUTCH_FLEMISH_CANON,Top Naeff,2,5,8,/works/OL45046456W,Charlotte von Stein,Top Naeff,1.0000,1949,/books/OL61447830M,Charlotte von Stein,een episode,dut,1.0000,,E. Querido,1949,,,NOT_PROBED,,,,,NO,NO,129.0000,133.0000,REJECT,No cover candidate.,
NL,DUTCH_FLEMISH_CANON,Top Naeff,2,5,8,/works/OL4822010W,Dramatische kroniek,Top Naeff,1.0000,1919,/books/OL2793848M,Dramatische kroniek,,dut,1.0000,,Van Holkema & Warendorff,1919,,,NOT_PROBED,,,,,NO,NO,129.0000,133.0000,REJECT,No cover candidate.,
NL,DUTCH_FLEMISH_CANON,Top Naeff,2,5,8,/works/OL4822011W,Een huis in de rij,Top Naeff,1.0000,1949,/books/OL20186041M,Een huis in de rij,,dut,1.0000,,Van Kampen & Zoon,1949,,,NOT_PROBED,,,,,NO,NO,129.0000,133.0000,REJECT,No cover candidate.,
NL,DUTCH_FLEMISH_CANON,Top Naeff,2,5,8,/works/OL4822013W,"Juffrouw Stolk, en andere verhalen",Top Naeff,1.0000,1962,/books/OL18656794M,"Juffrouw Stolk, en andere verhalen",,dut,1.0000,,Querido,1962,,,NOT_PROBED,,,,,NO,NO,129.0000,133.0000,REJECT,No cover candidate.,
NL,DUTCH_FLEMISH_CANON,Top Naeff,2,5,8,/works/OL4822016W,Klein avontuur,Top Naeff,1.0000,1965,/books/OL22903888M,Klein avontuur,,dut,1.0000,,Querido,1965,,,NOT_PROBED,,,,,NO,NO,129.0000,133.0000,REJECT,No cover candidate.,
NL,DUTCH_FLEMISH_CANON,Top Naeff,2,5,8,/works/OL38720590W,Letje,Top Naeff,1.0000,1926,/books/OL52713695M,Letje,"of, De weg naar het geluk",dut,1.0000,,Van Holkema & Warendorf,1926,,,NOT_PROBED,,,,,NO,NO,129.0000,133.0000,REJECT,No cover candidate.,
NL,DUTCH_FLEMISH_CANON,Top Naeff,2,5,8,/works/OL4822014W,Oogst,Top Naeff,1.0000,1913,/books/OL22903889M,Oogst,,dut,1.0000,,Van Holkema & Warendorf,1913,,,NOT_PROBED,,,,,NO,NO,129.0000,133.0000,REJECT,No cover candidate.,
NL,DUTCH_FLEMISH_CANON,Top Naeff,2,5,8,/works/OL43662359W,Tredmolen,Top Naeff,1.0000,1966,/books/OL59517838M,Tredmolen,en andere verhalen,dut,1.0000,,E. Querido,1966,,,NOT_PROBED,,,,,NO,NO,129.0000,133.0000,REJECT,No cover candidate.,
NL,DUTCH_FLEMISH_CANON,Top Naeff,2,5,8,/works/OL38720586W,Verzameld belletristisch werk,Top Naeff,1.0000,1948,/books/OL52713691M,Verzameld belletristisch werk,,dut,1.0000,,P.N. van Kampen,1948,,,NOT_PROBED,,,,,NO,NO,129.0000,133.0000,REJECT,No cover candidate.,
NL,DUTCH_FLEMISH_CANON,Top Naeff,2,5,8,/works/OL4822017W,Voorbijgangers,Top Naeff,1.0000,1925,/books/OL6214693M,Voorbijgangers,vier verhalen,dut,1.0000,,Elseviers Weekblad,1954,,,NOT_PROBED,,,,,NO,NO,129.0000,133.0000,REJECT,No cover candidate.,
NL,DUTCH_FLEMISH_CANON,Jacob van Lennep,2,6,9,/works/OL1273097W,De uithangteekens in verband met geschiedenis en volksleven beschouwd,Jacob van Lennep,1.0000,1868,/books/OL6762570M,De uithangteekens in verband met geschiedenis en volksleven beswchouwd,,dut,0.9928,,Gebroeders Kraay,1868,,,NOT_PROBED,,,,,NO,NO,128.8561,132.8561,REJECT,No cover candidate.,
NL,DUTCH_FLEMISH_CANON,Jacob van Lennep,2,6,9,/works/OL7345576W,Feesterede ter viering van het honderdjarig bestaan der Hollandsche maatschappij der wetenschappen te Haarlem,David Jacob van Lennep,0.9600,1852,/books/OL6990246M,Feesterede ter viering van het honderdjarig bestaan der Hollandsche maatschappij der wetenschappen te Haarlem,,dut,1.0000,,Bij de erven Loosjes,1852,,,NOT_PROBED,,,,,NO,NO,128.2000,132.2000,REJECT,No cover candidate.,
NL,DUTCH_FLEMISH_CANON,Jacob van Lennep,2,6,9,/works/OL45284782W,Gewogen-bekeken-ontmoet in het psychologisch onderzoek,David Jacob van Lennep,0.9600,1949,/books/OL61731416M,Gewogen-bekeken-ontmoet in het psychologisch onderzoek,rede uitgesproken bij de aanvaarding van het ambt van buitengewoon hoogleraar in de psycholdiagnostiek van de volwassene en psychologie van het arbeidsleven,dut,1.0000,,M. Nijhoff,1949,,,NOT_PROBED,,,,,NO,NO,128.2000,132.2000,REJECT,No cover candidate.,
NL,DUTCH_FLEMISH_CANON,Jacob van Lennep,2,6,9,/works/OL7345578W,Verhandeling en Hollandsche duinzang,David Jacob van Lennep,0.9600,1966,/books/OL17911496M,Verhandeling en Hollandsche duinzang.,Ingeleid en toegelicht door G. Stuiveling.,dut,1.0000,,W.E. J. Tjeenk Willink,1966,,,NOT_PROBED,,,,,NO,NO,128.2000,132.2000,REJECT,No cover candidate.,
NL,DUTCH_FLEMISH_CANON,Jacob van Lennep,2,6,9,/works/OL45432600W,De lotgevallen van Klaasje Zevenster,Jacob van Lennep,1.0000,1886,/books/OL61905799M,De lotgevallen van Klaasje Zevenster,,dut,1.0000,,,1886,,,NOT_PROBED,,,,,NO,NO,124.0000,124.0000,REJECT,No cover candidate.,
NL,DUTCH_FLEMISH_CANON,Marnix Gijsen,2,5,8,/works/OL35502904W,Over het vlaamsch genie,Marnix Gijsen,1.0000,1946,/books/OL47932055M,Over het vlaamsch genie,,dut,1.0000,,,1946,,,NOT_PROBED,,,,,NO,NO,124.0000,124.0000,REJECT,No cover candidate.,
NL,DUTCH_FLEMISH_CANON,Richard Minne,2,4,6,/works/OL24088689W,Verzameld werk,Richard Minne,1.0000,2006,/books/OL31785424M,Verzameld werk,"In den zoeten inval, Wolfijzers en schietgeweren, Verspreide gedichten, Heineke Vos en zijn biograaf, Verhalen",dut,1.0000,9789028240681,Van Oorschot,2006,,,NOT_PROBED,,,,,YES,NO,115.0000,124.0000,REVIEW,Collected/omnibus work requires review.,
NL,ESSAYS_PHILOSOPHY,Bas Heijne,1,7,10,/works/OL17787265W,De Tien Geboden,Bas Heijne | Dirk van Weelden,1.0000,1993,/books/OL26376607M,De Tien Geboden,nieuwe verhalen,dut,1.0000,9053331913,Prometheus,1993,,8066730,VALID_COVER,311,500,JPEG,data/cache/nl-mass-editorial-engine/covers/NL-OL26376607M.jpeg,NO,NO,167.0000,201.0000,AUTO_ACCEPT,Strong author/title/language match and validated physical cover.,
NL,ESSAYS_PHILOSOPHY,Bas Heijne,1,7,10,/works/OL24445572W,Harde liefde,Bas Heijne,1.0000,2010,/books/OL32377906M,Harde liefde,Nederland op zoek naar zichzelf,dut,1.0000,9789044612554,Prometheus,2010,,11038327,VALID_COVER,322,500,JPEG,data/cache/nl-mass-editorial-engine/covers/NL-OL32377906M.jpeg,NO,NO,167.0000,201.0000,AUTO_ACCEPT,Strong author/title/language match and validated physical cover.,
NL,ESSAYS_PHILOSOPHY,Bas Heijne,1,7,10,/works/OL34910389W,Het gezicht van Louis Couperus,Bas Heijne,1.0000,1996,/books/OL47267915M,Het gezicht van Louis Couperus,,dut,1.0000,9789025406486,Veen,"Mar 20, 1996",,13721150,VALID_COVER,134,216,JPEG,data/cache/nl-mass-editorial-engine/covers/NL-OL47267915M.jpeg,NO,NO,167.0000,201.0000,AUTO_ACCEPT,Strong author/title/language match and validated physical cover.,
NL,ESSAYS_PHILOSOPHY,Bas Heijne,1,7,10,/works/OL23860673W,Het verloren land,Bas Heijne,1.0000,2003,/books/OL31578784M,Het verloren land,opmerkingen over Nederland,dut,1.0000,9044602896,Prometheus,2003,,11002195,VALID_COVER,302,500,JPEG,data/cache/nl-mass-editorial-engine/covers/NL-OL31578784M.jpeg,NO,NO,167.0000,201.0000,AUTO_ACCEPT,Strong author/title/language match and validated physical cover.,
NL,ESSAYS_PHILOSOPHY,Bas Heijne,1,7,10,/works/OL3624648W,Suez,Bas Heijne,1.0000,1992,/books/OL35337633M,Suez,,dut,1.0000,9789053330753,Prometheus,1992,,12161206,VALID_COVER,302,500,JPEG,data/cache/nl-mass-editorial-engine/covers/NL-OL35337633M.jpeg,NO,NO,167.0000,201.0000,AUTO_ACCEPT,Strong author/title/language match and validated physical cover.,
NL,ESSAYS_PHILOSOPHY,Bas Heijne,1,7,10,/works/OL3624650W,Vreemde reis,Bas Heijne,1.0000,1987,/books/OL2074209M,Vreemde reis,,dut,1.0000,9035105001,B. Bakker,1987,,4070889,VALID_COVER,128,202,JPEG,data/cache/nl-mass-editorial-engine/covers/NL-OL2074209M.jpeg,NO,NO,167.0000,201.0000,AUTO_ACCEPT,Strong author/title/language match and validated physical cover.,
NL,ESSAYS_PHILOSOPHY,Hans Achterhuis,1,7,10,/works/OL4025231W,De erfenis van de utopie,Hans Achterhuis,1.0000,1998,/books/OL9088536M,De erfenis van de utopie,,dut,1.0000,9789026315244,Ambo,1998,,13264970,VALID_COVER,323,500,JPEG,data/cache/nl-mass-editorial-engine/covers/NL-OL9088536M.jpeg,NO,NO,167.0000,201.0000,AUTO_ACCEPT,Strong author/title/language match and validated physical cover.,
NL,ESSAYS_PHILOSOPHY,Hans Achterhuis,1,7,10,/works/OL27680424W,J.M. Coetzee,Hans Achterhuis,1.0000,2010,/books/OL37745349M,J.M. Coetzee,persoon en personage,dut,1.0000,9789059362888,Cossee,2010,,12658979,VALID_COVER,287,500,JPEG,data/cache/nl-mass-editorial-engine/covers/NL-OL37745349M.jpeg,NO,NO,167.0000,201.0000,AUTO_ACCEPT,Strong author/title/language match and validated physical cover.,
NL,ESSAYS_PHILOSOPHY,Hans Achterhuis,1,7,10,/works/OL4025237W,Natuur tussen mythe en techniek,Hans Achterhuis,1.0000,1995,/books/OL21852569M,Natuur tussen mythe en techniek,,dut,1.0000,9026313454,Ambo,1995,,12146096,VALID_COVER,316,500,JPEG,data/cache/nl-mass-editorial-engine/covers/NL-OL21852569M.jpeg,NO,NO,167.0000,201.0000,AUTO_ACCEPT,Strong author/title/language match and validated physical cover.,
NL,ESSAYS_PHILOSOPHY,Hans Achterhuis,1,7,10,/works/OL19192398W,Solidair? kom nou!,Hans Achterhuis | Awraham Soetendorp,1.0000,1986,/books/OL2317579M,Solidair? kom nou!,,dut,1.0000,9061842891,Horstink,1986,,4110203,VALID_COVER,128,215,JPEG,data/cache/nl-mass-editorial-engine/covers/NL-OL2317579M.jpeg,NO,NO,167.0000,201.0000,AUTO_ACCEPT,Strong author/title/language match and validated physical cover.,
NL,ESSAYS_PHILOSOPHY,Hans Achterhuis,1,7,10,/works/OL24854888W,Tegendenken,Hans Achterhuis,1.0000,2013,/books/OL33035687M,Tegendenken,een noodzaak in het publieke debat,dut,1.0000,9789047705543,Lemniscaat,2013,,11726763,VALID_COVER,327,500,JPEG,data/cache/nl-mass-editorial-engine/covers/NL-OL33035687M.jpeg,NO,NO,167.0000,201.0000,AUTO_ACCEPT,Strong author/title/language match and validated physical cover.,
NL,ESSAYS_PHILOSOPHY,Spinoza,1,6,9,/works/OL16928292W,"Spinoza, Opera",Benedictus de Spinoza,0.9600,1925,/books/OL18798561M,"Spinoza, Opera",im Auftrag der Heidelberger Akademie der Wissenschaften,lat | ger | dut | heb,1.0000,353303447X,C. Winter,1925,,9965140,VALID_COVER,500,351,JPEG,data/cache/nl-mass-editorial-engine/covers/NL-OL18798561M.jpeg,NO,NO,166.2000,200.2000,AUTO_ACCEPT,Strong author/title/language match and validated physical cover.,
NL,ESSAYS_PHILOSOPHY,Bas Heijne,1,7,10,/works/OL32220246W,Angst en schoonheid,Bas Heijne,1.0000,1996,/books/OL43963737M,Angst en schoonheid,over Louis Couperus en Indië,dut,1.0000,9789075321029,Louis Couperus Genootschap,1996,,,NOT_PROBED,,,,,NO,NO,155.0000,164.0000,REJECT,No cover candidate.,
NL,ESSAYS_PHILOSOPHY,Bas Heijne,1,7,10,/works/OL43216867W,Broederschap,Bas Heijne | Kiza Magendane,1.0000,2018,/books/OL58858019M,Broederschap,op zoek naar een verloren ideaal,dut,1.0000,9789462971189,De Kring,2018,,,NOT_PROBED,,,,,NO,NO,155.0000,164.0000,REJECT,No cover candidate.,
NL,ESSAYS_PHILOSOPHY,Bas Heijne,1,7,10,/works/OL41922835W,De betovering van de wereld,Bas Heijne,1.0000,2014,/books/OL56928193M,De betovering van de wereld,Huizinga-lezing 2013,dut,1.0000,9789044626377,Prometheus,2014,,,NOT_PROBED,,,,,NO,NO,155.0000,164.0000,REJECT,No cover candidate.,
NL,ESSAYS_PHILOSOPHY,Bas Heijne,1,7,10,/works/OL23961617W,De werkelijkheid,Bas Heijne,1.0000,2004,/books/OL31662782M,De werkelijkheid,essays,dut,1.0000,9044603906,Prometheus,2004,,,NOT_PROBED,,,,,NO,NO,155.0000,164.0000,REJECT,No cover candidate.,
NL,ESSAYS_PHILOSOPHY,Bas Heijne,1,7,10,/works/OL3624643W,De wijde wereld,Bas Heijne,1.0000,2000,/books/OL6838475M,De wijde wereld,,dut,1.0000,9053338535,Prometheus,2000,,,NOT_PROBED,,,,,NO,NO,155.0000,164.0000,REJECT,No cover candidate.,
NL,ESSAYS_PHILOSOPHY,Bas Heijne,1,7,10,/works/OL22630394W,Echt zien,Bas Heijne,1.0000,2011,/books/OL30654656M,Echt zien,literatuur in het mediatijdperk,dut,1.0000,9789025367206,"Athenaeum, Polak & Van Gennep",2011,,,NOT_PROBED,,,,,NO,NO,155.0000,164.0000,REJECT,No cover candidate.,
NL,ESSAYS_PHILOSOPHY,Bas Heijne,1,7,10,/works/OL18205995W,Exorcism aesthetic terrorism,Wilma Sütö | Bas Heijne,1.0000,2000,/books/OL17010263M,Exorcism aesthetic terrorism,fiery temperaments in contemporary art = licht ontvlambare temperamenten in de hedendaagse kunst,eng | dut,1.0000,9056621467,Museum Boijmans Van Beuningen Rotterdam : NAi Publishers,2000,,,NOT_PROBED,,,,,NO,NO,155.0000,164.0000,REJECT,No cover candidate.,
NL,ESSAYS_PHILOSOPHY,Bas Heijne,1,7,10,/works/OL24082329W,Grote vragen,Bas Heijne,1.0000,2006,/books/OL31778252M,Grote vragen,de nieuwe eeuw tussen hoop en vrees,dut,1.0000,9044609076,Prometheus,2006,,,NOT_PROBED,,,,,NO,NO,155.0000,164.0000,REJECT,No cover candidate.,
NL,ESSAYS_PHILOSOPHY,Bas Heijne,1,7,10,/works/OL3624644W,Heilige monsters,Bas Heijne,1.0000,1989,/books/OL1909769M,Heilige monsters,,dut,1.0000,9035108469,B. Bakker,1989,,,NOT_PROBED,,,,,NO,NO,155.0000,164.0000,REJECT,No cover candidate.,
NL,ESSAYS_PHILOSOPHY,Bas Heijne,1,7,10,/works/OL43443392W,Hoe Hollands wil je het hebben?,Bas Heijne,1.0000,2018,/books/OL59200827M,Hoe Hollands wil je het hebben?,,dut,1.0000,9789044637939,Prometheus-Bert Bakker,2018,,,NOT_PROBED,,,,,NO,NO,155.0000,164.0000,REJECT,No cover candidate.,
NL,ESSAYS_PHILOSOPHY,Bas Heijne,1,7,10,/works/OL45719262W,Hollands glorie,Bas Heijne,1.0000,1997,/books/OL62242027M,Hollands glorie,erotische verhalen van eigen bodem,dut,1.0000,9053335870,Prometheus,1997,,,NOT_PROBED,,,,,NO,NO,155.0000,164.0000,REJECT,No cover candidate.,
NL,ESSAYS_PHILOSOPHY,Bas Heijne,1,7,10,/works/OL23982468W,Hollandse toestanden,Bas Heijne,1.0000,2005,/books/OL31683993M,Hollandse toestanden,nieuwe opmerkingen over Nederland,dut,1.0000,9044605941,Prometheus,2005,,,NOT_PROBED,,,,,NO,NO,155.0000,164.0000,REJECT,No cover candidate.,
NL,ESSAYS_PHILOSOPHY,Bas Heijne,1,7,10,/works/OL43954457W,Kleine filosofie van de volmaakte mens,Bas Heijne,1.0000,2015,/books/OL59944885M,Kleine filosofie van de volmaakte mens,een persoonlijke bloemlezing,dut,1.0000,9789044621297,Prometheus,2015,,,NOT_PROBED,,,,,NO,NO,155.0000,164.0000,REJECT,No cover candidate.,
NL,ESSAYS_PHILOSOPHY,Bas Heijne,1,7,10,/works/OL3624645W,Laatste woorden,Bas Heijne,1.0000,1983,/books/OL2891825M,Laatste woorden,roman,dut,1.0000,9070585200,Tabula,1983,,,NOT_PROBED,,,,,NO,NO,155.0000,164.0000,REJECT,No cover candidate.,
NL,ESSAYS_PHILOSOPHY,Bas Heijne,1,7,10,/works/OL44320348W,Leugen & waarheid,Bas Heijne,1.0000,2021,/books/OL60566576M,Leugen & waarheid,In gesprek over de grote kwesties van deze tijd,dut,1.0000,9789044644241,Prometheus-Bert Bakker,2021,,,NOT_PROBED,,,,,NO,NO,155.0000,164.0000,REJECT,No cover candidate.,
NL,ESSAYS_PHILOSOPHY,Bas Heijne,1,7,10,/works/OL44739548W,Mens/onmens,Bas Heijne,1.0000,2019,/books/OL61091645M,Mens/onmens,,dut,1.0000,9789044641479,Prometheus,2019,,,NOT_PROBED,,,,,NO,NO,155.0000,164.0000,REJECT,No cover candidate.,
NL,ESSAYS_PHILOSOPHY,Bas Heijne,1,7,10,/works/OL16454696W,Moeten wij van elkaar houden?,Bas Heijne,1.0000,2011,/books/OL25165867M,Moeten wij van elkaar houden?,essay,dut,1.0000,9789023435877,De Bezige Bij,2011,,,NOT_PROBED,,,,,NO,NO,155.0000,164.0000,REJECT,No cover candidate.,
NL,ESSAYS_PHILOSOPHY,Bas Heijne,1,7,10,/works/OL44232841W,Onbehagen,Bas Heijne,1.0000,2016,/books/OL60466200M,Onbehagen,nieuw licht op de beschaafde mens,dut,1.0000,9789026335433,Ambo/Anthos,2016,,,NOT_PROBED,,,,,NO,NO,155.0000,164.0000,REJECT,No cover candidate.,
NL,ESSAYS_PHILOSOPHY,Bas Heijne,1,7,10,/works/OL3624647W,Onredelijkheid,Bas Heijne,1.0000,2007,/books/OL16760347M,Onredelijkheid,essay,dut,1.0000,9789023426660,De Bezige Bij,2007,,,NOT_PROBED,,,,,NO,NO,155.0000,164.0000,REJECT,No cover candidate.,
NL,ESSAYS_PHILOSOPHY,Bas Heijne,1,7,10,/works/OL45094195W,Staat van Nederland,Bas Heijne,1.0000,2017,/books/OL61502956M,Staat van Nederland,een pleidooi,dut,1.0000,9789044632682,Prometheus-Bert Bakker,2017,,,NOT_PROBED,,,,,NO,NO,155.0000,164.0000,REJECT,No cover candidate.,
NL,ESSAYS_PHILOSOPHY,Bas Heijne,1,7,10,/works/OL3624649W,Vlees en bloed,Bas Heijne,1.0000,1994,/books/OL49976549M,Vlees en bloed,verhalen,dut,1.0000,9789023429937,De Bezige Bij,2008,,,NOT_PROBED,,,,,NO,NO,155.0000,164.0000,REJECT,No cover candidate.,
NL,ESSAYS_PHILOSOPHY,Bas Heijne,1,7,10,/works/OL24036906W,Zang,Bas Heijne,1.0000,2006,/books/OL31734999M,Zang,,dut,1.0000,9789049970116,Uitgeverij 521,2006,,,NOT_PROBED,,,,,NO,NO,155.0000,164.0000,REJECT,No cover candidate.,
NL,ESSAYS_PHILOSOPHY,Hans Achterhuis,1,7,10,/works/OL4025229W,"Arbeid, een eigenaardig medicijn",Hans Achterhuis,1.0000,1984,/books/OL2917751M,"Arbeid, een eigenaardig medicijn",,dut,1.0000,9026306385,Ambo,1984,,,NOT_PROBED,,,,,NO,NO,155.0000,164.0000,REJECT,No cover candidate.,
NL,ESSAYS_PHILOSOPHY,Hans Achterhuis,1,7,10,/works/OL37428569W,"Chip, chip chip hoera!",Hans Achterhuis,1.0000,1987,/books/OL50436355M,"Chip, chip chip hoera!",,dut,1.0000,9070622114,De Haktol,1987,,,NOT_PROBED,,,,,NO,NO,155.0000,164.0000,REJECT,No cover candidate.,
NL,ESSAYS_PHILOSOPHY,Hans Achterhuis,1,7,10,/works/OL45013092W,"Coetzee, een filosofisch leesavontuur",Hans Achterhuis,1.0000,2019,/books/OL61409022M,"Coetzee, een filosofisch leesavontuur",,dut,1.0000,9789047710981,Lemniscaat,2019,,,NOT_PROBED,,,,,NO,NO,155.0000,164.0000,REJECT,No cover candidate.,
NL,ESSAYS_PHILOSOPHY,Hans Achterhuis,1,7,10,/works/OL44391381W,Cultuur en mobiliteit,Hans Achterhuis | Boelie Elzen,1.0000,1998,/books/OL60648349M,Cultuur en mobiliteit,,dut,1.0000,9034635619,Rathenau Instituut,1998,,,NOT_PROBED,,,,,NO,NO,155.0000,164.0000,REJECT,No cover candidate.,
NL,ESSAYS_PHILOSOPHY,Hans Achterhuis,1,7,10,/works/OL19587468W,De denkers,Hans Achterhuis,1.0000,1999,/books/OL6818318M,De denkers,een intellectuele biografie van de twintigste eeuw,dut,1.0000,9025498833,Contact,1999,,,NOT_PROBED,,,,,NO,NO,155.0000,164.0000,REJECT,No cover candidate.,
NL,ESSAYS_PHILOSOPHY,Hans Achterhuis,1,7,10,/works/OL38950294W,De kunst van het vreedzaam vechten,Hans Achterhuis,1.0000,2014,/books/OL53038509M,De kunst van het vreedzaam vechten,,dut,1.0000,9789047702191,Lemniscaat,2014,,,NOT_PROBED,,,,,NO,NO,155.0000,164.0000,REJECT,No cover candidate.,
NL,ESSAYS_PHILOSOPHY,Hans Achterhuis,1,7,10,/works/OL4025232W,De maat van de techniek,Hans Achterhuis,1.0000,1992,/books/OL1487483M,De maat van de techniek,"zes filosofen over techniek, Günther Anders, Jacques Ellul, Arnold Gehlen, Martin Heidegger, Hans Jonas en Lewis Mumford",dut,1.0000,902631194X,Ambo,1992,,,NOT_PROBED,,,,,NO,NO,155.0000,164.0000,REJECT,No cover candidate.,
NL,ESSAYS_PHILOSOPHY,Hans Achterhuis,1,7,10,/works/OL4025233W,De markt van welzijn en geluk,Hans Achterhuis,1.0000,1980,/books/OL4163182M,De markt van welzijn en geluk,een kritiek van de andragogie,dut,1.0000,9026320388,Ambo,1980,,,NOT_PROBED,,,,,NO,NO,155.0000,164.0000,REJECT,No cover candidate.,
NL,ESSAYS_PHILOSOPHY,Hans Achterhuis,1,7,10,/works/OL4025234W,De uitgestelde revolutie,Hans Achterhuis,1.0000,1973,/books/OL4809152M,De uitgestelde revolutie.,Over ontwikkeling en apartheid.,dut,1.0000,9060744608,In den Toren,1973,,,NOT_PROBED,,,,,NO,NO,155.0000,164.0000,REJECT,No cover candidate.,
NL,ESSAYS_PHILOSOPHY,Hans Achterhuis,1,7,10,/works/OL15406731W,De utopie van de vrij markt,Hans Achterhuis,1.0000,2010,/books/OL24377044M,De utopie van de vrij markt,,dut,1.0000,789047702573,Lemniscaat,2010,,,NOT_PROBED,,,,,NO,NO,155.0000,164.0000,REJECT,No cover candidate.,
NL,ESSAYS_PHILOSOPHY,Hans Achterhuis,1,7,10,/works/OL22406949W,De utopie van de vrije markt,Hans Achterhuis,1.0000,2010,/books/OL30494668M,De utopie van de vrije markt,,dut,1.0000,9789047702573,Lemniscaat,2010,,,NOT_PROBED,,,,,NO,NO,155.0000,164.0000,REJECT,No cover candidate.,
NL,ESSAYS_PHILOSOPHY,Hans Achterhuis,1,7,10,/works/OL16202061W,Denkers en religie,Hans Achterhuis,1.0000,2010,/books/OL25071206M,Denkers en religie,"kritiek, traditie en nieuwe oriëntatie in de twintigste eeuw",dut,1.0000,9085710804,Veen Magazines,2010,,,NOT_PROBED,,,,,NO,NO,155.0000,164.0000,REJECT,No cover candidate.,
NL,ESSAYS_PHILOSOPHY,Hans Achterhuis,1,7,10,/works/OL42339304W,Denkers van nu,Hans Achterhuis,1.0000,2005,/books/OL57437213M,Denkers van nu,,dut,1.0000,9076988781,Veen Magazines,2005,,,NOT_PROBED,,,,,NO,NO,155.0000,164.0000,REJECT,No cover candidate.,
NL,ESSAYS_PHILOSOPHY,Hans Achterhuis,1,7,10,/works/OL44305245W,Erfenis zonder testament,Hans Achterhuis | Maarten van Buuren,1.0000,2016,/books/OL60549213M,Erfenis zonder testament,Filosofische overwegingen bij de tien geboden,dut,1.0000,9789047707585,Lemniscaat,2016,,,NOT_PROBED,,,,,NO,NO,155.0000,164.0000,REJECT,No cover candidate.,
NL,ESSAYS_PHILOSOPHY,Hans Achterhuis,1,7,10,/works/OL4025235W,Filosofen van de derde wereld,Hans Achterhuis,1.0000,1975,/books/OL5267021M,Filosofen van de derde wereld,"Frantz Fanon, Che Guevara, Paulo Freire, Ivan Illich, Mao Tse-Toeng",dut,1.0000,9026320035,Ambo,1975,,,NOT_PROBED,,,,,NO,NO,155.0000,164.0000,REJECT,No cover candidate.,
NL,ESSAYS_PHILOSOPHY,Hans Achterhuis,1,7,10,/works/OL45049031W,Geloof in geweld,Hans Achterhuis,1.0000,2021,/books/OL61450852M,Geloof in geweld,,dut,1.0000,9789047713401,Lemniscaat,2021,,,NOT_PROBED,,,,,NO,NO,155.0000,164.0000,REJECT,No cover candidate.,
NL,ESSAYS_PHILOSOPHY,Hans Achterhuis,1,7,10,/works/OL4025236W,Het rijk van de schaarste,Hans Achterhuis,1.0000,1988,/books/OL2118026M,Het rijk van de schaarste,van Thomas Hobbes tot Michel Foucault,dut,1.0000,9026308485,Ambo,1988,,,NOT_PROBED,,,,,NO,NO,155.0000,164.0000,REJECT,No cover candidate.,
NL,ESSAYS_PHILOSOPHY,Hans Achterhuis,1,7,10,/works/OL45206188W,Koning van Utopia,Hans Achterhuis,1.0000,2016,/books/OL61636270M,Koning van Utopia,nieuw licht op het utopisch denken,dut,1.0000,9789047708742,Lemniscaat,2016,,,NOT_PROBED,,,,,NO,NO,155.0000,164.0000,REJECT,No cover candidate.,
NL,ESSAYS_PHILOSOPHY,Hans Achterhuis,1,7,10,/works/OL37393128W,Kritisch denkerslexicon,Hans Achterhuis,1.0000,1986,/books/OL50393634M,Kritisch denkerslexicon,,dut,1.0000,9065007342,Samsom,1986,,,NOT_PROBED,,,,,NO,NO,155.0000,164.0000,REJECT,No cover candidate.,
NL,ESSAYS_PHILOSOPHY,Hans Achterhuis,1,7,10,/works/OL43605493W,Mensbeelden,G. van Dijk | Hans Achterhuis,1.0000,1994,/books/OL18788389M,Mensbeelden,essays over humanisme en maatschappij,dut,1.0000,9039106134,Kok Agora,1994,,,NOT_PROBED,,,,,NO,NO,155.0000,164.0000,REJECT,No cover candidate.,
NL,ESSAYS_PHILOSOPHY,Hans Achterhuis,1,7,10,/works/OL15619322W,Met alle geweld,Hans Achterhuis,1.0000,2008,/books/OL24569545M,Met alle geweld,een filosofische zoektocht,dut,1.0000,9789047701279,Lemniscaat,2008,,,NOT_PROBED,,,,,NO,NO,155.0000,164.0000,REJECT,No cover candidate.,
NL,ESSAYS_PHILOSOPHY,Hans Achterhuis,1,7,10,/works/OL22081967W,Politiek van goede bedoelingen,Hans Achterhuis,1.0000,1999,/books/OL30120142M,Politiek van goede bedoelingen,,dut,1.0000,9053525572,Boom,1999,,,NOT_PROBED,,,,,NO,NO,155.0000,164.0000,REJECT,No cover candidate.,
NL,ESSAYS_PHILOSOPHY,Hans Achterhuis,1,7,10,/works/OL22090920W,Schrijvende denkers,André Klukhuhn | Toef Jaeger | Hans Achterhuis,1.0000,2000,/books/OL30125788M,Schrijvende denkers,,dut,1.0000,9029525290,De Arbeiderspers,2000,,,NOT_PROBED,,,,,NO,NO,155.0000,164.0000,REJECT,No cover candidate.,
NL,ESSAYS_PHILOSOPHY,Hans Achterhuis,1,7,10,/works/OL19424088W,Solidariteit,Hans Achterhuis,1.0000,1985,/books/OL2283776M,Solidariteit,over wat mensen verbindt--,dut,1.0000,9027462631,Spectrum,1985,,,NOT_PROBED,,,,,NO,NO,155.0000,164.0000,REJECT,No cover candidate.,
NL,ESSAYS_PHILOSOPHY,Hans Achterhuis,1,7,10,/works/OL40610345W,Vrijheidscolleges,Hans Achterhuis,1.0000,2013,/books/OL55211019M,Vrijheidscolleges,"vier lezingen over de actuele waarde van de Four Freedoms van Roosevelt, begeleid door vier gedichten over vrijheid",dut,1.0000,9789462360099,Uitgeverij Lemma b.v.,2013,,,NOT_PROBED,,,,,NO,NO,155.0000,164.0000,REJECT,No cover candidate.,
NL,ESSAYS_PHILOSOPHY,Hans Achterhuis,1,7,10,/works/OL22723564W,Zonder vrienden geen filosofie,Hans Achterhuis,1.0000,2011,/books/OL30709206M,Zonder vrienden geen filosofie,,dut,1.0000,9789047704133,Lemniscaat,2011,,,NOT_PROBED,,,,,NO,NO,155.0000,164.0000,REJECT,No cover candidate.,
NL,ESSAYS_PHILOSOPHY,Hans Achterhuis,1,7,10,/works/OL4025230W,Camus: De moed om mens te zìjn,Hans Achterhuis,1.0000,1969,/books/OL5725446M,Camus: De moed om mens te zìjn.,,dut,1.0000,,[Ambo,1969,,,NOT_PROBED,,,,,NO,NO,149.0000,153.0000,REJECT,No cover candidate.,
NL,ESSAYS_PHILOSOPHY,Hans Achterhuis,1,7,10,/works/OL45532675W,Democraticide :,Hans Achterhuis,1.0000,2026,/books/OL62022195M,Democraticide :,de moord op de democratie,dut,1.0000,,ISVW,2026 04 (presentatie 0520 wo 17-21 CEST Spui 25),,,NOT_PROBED,,,,,NO,NO,149.0000,153.0000,REJECT,No cover candidate.,
NL,ESSAYS_PHILOSOPHY,Spinoza,1,6,9,/works/OL33144050W,Ethica,Benedictus de Spinoza,0.9600,1905,/books/OL45021777M,Ethica,op meetkundige wijze uiteengezet,dut,1.0000,,[publisher not identified] Van Looy,1923,,,NOT_PROBED,,,,,NO,NO,148.2000,152.2000,REJECT,No cover candidate.,
NL,ESSAYS_PHILOSOPHY,Coen Simon,2,5,8,/works/OL25265401W,Pleidooi tegen enthousiasme,Coen Simon,1.0000,2020,/books/OL33824218M,Pleidooi tegen enthousiasme,als waarheid een kwestie van smaak wordt,dut,1.0000,9789403184203,De Bezige Bij,2020,,11982342,VALID_COVER,311,500,JPEG,data/cache/nl-mass-editorial-engine/covers/NL-OL33824218M.jpeg,NO,NO,147.0000,181.0000,AUTO_ACCEPT,Strong author/title/language match and validated physical cover.,
NL,ESSAYS_PHILOSOPHY,Coen Simon,2,5,8,/works/OL24443949W,Schuldgevoel,Coen Simon,1.0000,2013,/books/OL32375889M,Schuldgevoel,over de behoefte aan dingen die we niet nodig hebben,dut,1.0000,9789047705567,Stichting Maand van de Filosofie,2013,,11034116,VALID_COVER,323,500,JPEG,data/cache/nl-mass-editorial-engine/covers/NL-OL32375889M.jpeg,NO,NO,147.0000,181.0000,AUTO_ACCEPT,Strong author/title/language match and validated physical cover.,
NL,ESSAYS_PHILOSOPHY,Joep Dohmen,2,5,8,/works/OL24753435W,Het leven als kunstwerk,Joep Dohmen,1.0000,2008,/books/OL32866347M,Het leven als kunstwerk,,dut,1.0000,9789047700654,Maand van de Filosofie,2008,,11498600,VALID_COVER,277,500,JPEG,data/cache/nl-mass-editorial-engine/covers/NL-OL32866347M.jpeg,NO,NO,147.0000,181.0000,AUTO_ACCEPT,Strong author/title/language match and validated physical cover.,
NL,ESSAYS_PHILOSOPHY,Joep Dohmen,2,5,8,/works/OL26185468W,Over levenskunst,Joep Dohmen,1.0000,2008,/books/OL35335460M,Over levenskunst,de grote filosofen over het goede leven,dut,1.0000,9789026321498,Ambo,2008,,12157184,VALID_COVER,305,500,JPEG,data/cache/nl-mass-editorial-engine/covers/NL-OL35335460M.jpeg,NO,NO,147.0000,181.0000,AUTO_ACCEPT,Strong author/title/language match and validated physical cover.,
NL,ESSAYS_PHILOSOPHY,Joep Dohmen,2,5,8,/works/OL30038922W,Tegen de onverschilligheid,Joep Dohmen,1.0000,2007,/books/OL41292558M,Tegen de onverschilligheid,pleidooi voor een moderne levenskunst,dut,1.0000,9789026321702,Ambo,2007,,13009452,VALID_COVER,316,500,JPEG,data/cache/nl-mass-editorial-engine/covers/NL-OL41292558M.jpeg,NO,NO,147.0000,181.0000,AUTO_ACCEPT,Strong author/title/language match and validated physical cover.,
NL,ESSAYS_PHILOSOPHY,Marli Huijer,2,5,8,/works/OL34835628W,Discipline,Marli Huijer,1.0000,2013,/books/OL47189759M,Discipline,overleven in overvloed,dut,1.0000,9789461059697,Boom,"Nov 14, 2013",,13613992,VALID_COVER,315,500,JPEG,data/cache/nl-mass-editorial-engine/covers/NL-OL47189759M.jpeg,NO,NO,147.0000,181.0000,AUTO_ACCEPT,Strong author/title/language match and validated physical cover.,
NL,ESSAYS_PHILOSOPHY,Rob Wijnberg,2,5,8,/works/OL16808202W,De nieuwsfabriek,Rob Wijnberg,1.0000,2013,/books/OL25432581M,De nieuwsfabriek,Hoe media ons wereldbeeld vervormen,dut,1.0000,9789023477587,De Bezige Bij,2013,,12155537,VALID_COVER,314,500,JPEG,data/cache/nl-mass-editorial-engine/covers/NL-OL25432581M.jpeg,NO,NO,147.0000,181.0000,AUTO_ACCEPT,Strong author/title/language match and validated physical cover.,
NL,ESSAYS_PHILOSOPHY,Coen Simon,2,5,8,/works/OL44683100W,De handen van Cicero,Coen Simon,1.0000,2019,/books/OL61026052M,De handen van Cicero,retorische antwoorden op de retoriek van onze tijd,dut,1.0000,9789065540652,Historische Uitgeverij Groningen bv,2019,,,NOT_PROBED,,,,,NO,NO,135.0000,144.0000,REJECT,No cover candidate.,
NL,ESSAYS_PHILOSOPHY,Coen Simon,2,5,8,/works/OL23340668W,Een stok om mee te denken,Coen Simon,1.0000,2014,/books/OL31191549M,Een stok om mee te denken,de techniek van filosofen,dut,1.0000,9789046816516,Nieuw Amsterdam Uitgevers,2014,,,NOT_PROBED,,,,,NO,NO,135.0000,144.0000,REJECT,No cover candidate.,
NL,ESSAYS_PHILOSOPHY,Joep Dohmen,2,5,8,/works/OL33408672W,Brief aan een middelmatige man,Joep Dohmen,1.0000,2010,/books/OL45318041M,Brief aan een middelmatige man,pleidooi voor een nieuwe publieke moraal,dut,1.0000,9789026322860,Ambo,2010,,,NOT_PROBED,,,,,NO,NO,135.0000,144.0000,REJECT,No cover candidate.,
NL,ESSAYS_PHILOSOPHY,Joep Dohmen,2,5,8,/works/OL41420654W,De geur van kolen,Joep Dohmen,1.0000,2013,/books/OL56255552M,De geur van kolen,,dut,1.0000,9789079226108,"Leon van Dorp, Uitgeverij",2013,,,NOT_PROBED,,,,,NO,NO,135.0000,144.0000,REJECT,No cover candidate.,
NL,ESSAYS_PHILOSOPHY,Joep Dohmen,2,5,8,/works/OL16202017W,De prijs van de vrijheid,Joep Dohmen,1.0000,2011,/books/OL25071165M,De prijs van de vrijheid,denkers en schrijvers over moderne levenskunst,dut,1.0000,9789026323362,Ambo,2011,,,NOT_PROBED,,,,,NO,NO,135.0000,144.0000,REJECT,No cover candidate.,
NL,ESSAYS_PHILOSOPHY,Joep Dohmen,2,5,8,/works/OL3123366W,De Vriendenrepubliek,Joep Dohmen,1.0000,1996,/books/OL12846744M,De Vriendenrepubliek,Limburgse kringen,dut,1.0000,9789061684732,Sun,1996,,,NOT_PROBED,,,,,NO,NO,135.0000,144.0000,REJECT,No cover candidate.,
NL,ESSAYS_PHILOSOPHY,Joep Dohmen,2,5,8,/works/OL3123367W,Europese idealisten,Joep Dohmen,1.0000,1999,/books/OL21668845M,Europese idealisten,een chronique scandaleuse van het Europese Parlement,dut,1.0000,906168658X,SUN,1999,,,NOT_PROBED,,,,,NO,NO,135.0000,144.0000,REJECT,No cover candidate.,
NL,ESSAYS_PHILOSOPHY,Joep Dohmen,2,5,8,/works/OL19040656W,Nietzsche als arts van de cultuur,Joep Dohmen | Paul van Tongeren,1.0000,1990,/books/OL1609105M,Nietzsche als arts van de cultuur,diagnoses en prognoses,dut,1.0000,9024276683,Kok Agora,1990,,,NOT_PROBED,,,,,NO,NO,135.0000,144.0000,REJECT,No cover candidate.,
NL,ESSAYS_PHILOSOPHY,Joep Dohmen,2,5,8,/works/OL3123368W,Nietzsche over de menselijke natuur,Joep Dohmen,1.0000,1994,/books/OL887773M,Nietzsche over de menselijke natuur,een uiteenzetting van zijn verborgen antropologie,dut,1.0000,9039106118,Kok Agora,1994,,,NOT_PROBED,,,,,NO,NO,135.0000,144.0000,REJECT,No cover candidate.,
NL,ESSAYS_PHILOSOPHY,Joep Dohmen,2,5,8,/works/OL44802397W,"Vlaanderen, Brussel",Joep Dohmen,1.0000,1994,/books/OL61164461M,"Vlaanderen, Brussel",,dut,1.0000,901800412X,ANWB,1994,,,NOT_PROBED,,,,,NO,NO,135.0000,144.0000,REJECT,No cover candidate.,
NL,ESSAYS_PHILOSOPHY,Joep Dohmen,2,5,8,/works/OL22628087W,Vrome zondaars,Joep Dohmen,1.0000,2010,/books/OL30652641M,Vrome zondaars,misbruik in de Rooms-Katholieke Kerk,dut,1.0000,9789079985210,NRC Boeken,2010,,,NOT_PROBED,,,,,NO,NO,135.0000,144.0000,REJECT,No cover candidate.,
NL,ESSAYS_PHILOSOPHY,Marli Huijer,2,5,8,/works/OL45512054W,Achterblijven,Marli Huijer,1.0000,2016,/books/OL61998244M,Achterblijven,een nieuwe filosofie voor een grenzeloze wereld,dut,1.0000,9789089538680,Boom,2016,,,NOT_PROBED,,,,,NO,NO,135.0000,144.0000,REJECT,No cover candidate.,
NL,ESSAYS_PHILOSOPHY,Marli Huijer,2,5,8,/works/OL45419575W,Beminnen,Marli Huijer,1.0000,2018,/books/OL61890127M,Beminnen,Nieuw Licht op seksuele vrijheid,dut,1.0000,9789026342387,Ambo/Anthos uitgevers,2018,,,NOT_PROBED,,,,,NO,NO,135.0000,144.0000,REJECT,No cover candidate.,
NL,ESSAYS_PHILOSOPHY,Marli Huijer,2,5,8,/works/OL44739626W,De kunst gewoon te leven,Marli Huijer,1.0000,1996,/books/OL61091732M,De kunst gewoon te leven,Aids en de bestaansesthetiek van Foucault,dut,1.0000,9053522875,Boom,1996,,,NOT_PROBED,,,,,NO,NO,135.0000,144.0000,REJECT,No cover candidate.,
NL,ESSAYS_PHILOSOPHY,Marli Huijer,2,5,8,/works/OL38386555W,De Toekomst Van Het Sterven,Marli Huijer,1.0000,2022,/books/OL52215489M,De Toekomst Van Het Sterven,,dut,1.0000,9789493256842,Uitgeverij Pluim,2022,,,NOT_PROBED,,,,,NO,NO,135.0000,144.0000,REJECT,No cover candidate.,
NL,ESSAYS_PHILOSOPHY,Marli Huijer,2,5,8,/works/OL45524190W,Leve de publieks filosofie!,Marli Huijer,1.0000,2017,/books/OL62012281M,Leve de publieks filosofie!,,dut,1.0000,9789024404865,Boom Uitgevers Amsterdam,2017,,,NOT_PROBED,,,,,NO,NO,135.0000,144.0000,REJECT,No cover candidate.,
NL,ESSAYS_PHILOSOPHY,Marli Huijer,2,5,8,/works/OL22406946W,Moralicide,Marli Huijer | Martijntje Smits,1.0000,2010,/books/OL30494665M,Moralicide,nieuwe morele vocabulaires voor technologie,dut,1.0000,9789086870585,Klement,2010,,,NOT_PROBED,,,,,NO,NO,135.0000,144.0000,REJECT,No cover candidate.,
NL,ESSAYS_PHILOSOPHY,Marli Huijer,2,5,8,/works/OL22947798W,Ritme,Marli Huijer,1.0000,2011,/books/OL30855228M,Ritme,op zoek naar een terugkerende tijd,dut,1.0000,9789089536082,Boom,2011,,,NOT_PROBED,,,,,NO,NO,135.0000,144.0000,REJECT,No cover candidate.,
NL,ESSAYS_PHILOSOPHY,Paul Cliteur,2,5,8,/works/OL23498962W,Legaliteit en legitimiteit,Paul Cliteur,1.0000,2016,/books/OL31369270M,Legaliteit en legitimiteit,De grondslagen van het recht,dut,1.0000,9789087282424,Leiden University Press,2016,,,NOT_PROBED,,,,,NO,NO,135.0000,144.0000,REJECT,No cover candidate.,
NL,ESSAYS_PHILOSOPHY,René ten Bos,2,5,8,/works/OL45737189W,Bureaucratie is een inktvis,René ten Bos,1.0000,2015,/books/OL62262591M,Bureaucratie is een inktvis,,dut,1.0000,9789089536310,Boom,2015,,,NOT_PROBED,,,,,NO,NO,135.0000,144.0000,REJECT,No cover candidate.,
NL,ESSAYS_PHILOSOPHY,René ten Bos,2,5,8,/works/OL45504213W,De coronastorm,René ten Bos,1.0000,2020,/books/OL61989509M,De coronastorm,hoe een virus ons verstand wegvaagde,dut,1.0000,9789024435173,Boom uitgevers,2020,,,NOT_PROBED,,,,,NO,NO,135.0000,144.0000,REJECT,No cover candidate.,
NL,ESSAYS_PHILOSOPHY,René ten Bos,2,5,8,/works/OL44335751W,Dwalen in het Antropoceen,René ten Bos,1.0000,2017,/books/OL60584379M,Dwalen in het Antropoceen,,dut,1.0000,9789024404858,Boom uitgevers Amsterdam,2017,,,NOT_PROBED,,,,,NO,NO,135.0000,144.0000,REJECT,No cover candidate.,
NL,ESSAYS_PHILOSOPHY,René ten Bos,2,5,8,/works/OL43745495W,Extinctie,René ten Bos,1.0000,2019,/books/OL59632188M,Extinctie,,dut,1.0000,9789024426980,Boom Uitgevers Amsterdam,2019,,,NOT_PROBED,,,,,NO,NO,135.0000,144.0000,REJECT,No cover candidate.,
NL,ESSAYS_PHILOSOPHY,René ten Bos,2,5,8,/works/OL13764717W,Het geniale dier,René ten Bos,1.0000,2008,/books/OL23169170M,Het geniale dier,een andere antropologie,dut,1.0000,9789085061359,Boom,2008,,,NOT_PROBED,,,,,NO,NO,135.0000,144.0000,REJECT,No cover candidate.,
NL,ESSAYS_PHILOSOPHY,René ten Bos,2,5,8,/works/OL44632504W,Het volk in de grot,René ten Bos,1.0000,2018,/books/OL60967644M,Het volk in de grot,waarom mensen geen feiten willen,dut,1.0000,9789024419616,Boom,2018,,,NOT_PROBED,,,,,NO,NO,135.0000,144.0000,REJECT,No cover candidate.,
NL,ESSAYS_PHILOSOPHY,René ten Bos,2,5,8,/works/OL23897313W,Rationele engelen,René ten Bos,1.0000,2003,/books/OL31603691M,Rationele engelen,moraliteit en management,dut,1.0000,9053528261,Boom,2003,,,NOT_PROBED,,,,,NO,NO,135.0000,144.0000,REJECT,No cover candidate.,
NL,ESSAYS_PHILOSOPHY,René ten Bos,2,5,8,/works/OL22934800W,Water,René ten Bos,1.0000,2014,/books/OL30841942M,Water,een geofilosofische geschiedenis,dut,1.0000,9789089533463,Boom,2014,,,NOT_PROBED,,,,,NO,NO,135.0000,144.0000,REJECT,No cover candidate.,
NL,ESSAYS_PHILOSOPHY,Rob Wijnberg,2,5,8,/works/OL33408678W,En mijn tafelheer is Plato,Rob Wijnberg,1.0000,2010,/books/OL45318047M,En mijn tafelheer is Plato,een filosofische kijk op de actualiteit,dut,1.0000,9789023458418,De Bezige Bij,2010,,,NOT_PROBED,,,,,NO,NO,135.0000,144.0000,REJECT,No cover candidate.,
NL,ESSAYS_PHILOSOPHY,Rob Wijnberg,2,5,8,/works/OL35600300W,In dubio,Rob Wijnberg,1.0000,2008,/books/OL48037896M,In dubio,vrijheid van meningsuiting als het recht om te twijfelen,dut,1.0000,9789044611700,Prometheus,2008,,,NOT_PROBED,,,,,NO,NO,135.0000,144.0000,REJECT,No cover candidate.,
NL,ESSAYS_PHILOSOPHY,Marli Huijer,2,5,8,/works/OL33365153W,Waarom de kerkklok 's nachts slaat,Marli Huijer,1.0000,2009,/books/OL45270468M,Waarom de kerkklok 's nachts slaat,oude ritmes in een hoogtechnologische samenleving,dut,1.0000,,Stichting Civis Mundi,2009,,,NOT_PROBED,,,,,NO,NO,129.0000,133.0000,REJECT,No cover candidate.,
NL,GRAPHIC,Merho,1,8,12,/works/OL28944322W,Gebroken zwart,Merho,1.0000,2016,/books/OL39798554M,Gebroken zwart,,dut,1.0000,9789002261602,Standaard Uitgeverij,2016,,12912030,VALID_COVER,340,500,JPEG,data/cache/nl-mass-editorial-engine/covers/NL-OL39798554M.jpeg,NO,NO,167.0000,201.0000,AUTO_ACCEPT,Strong author/title/language match and validated physical cover.,
NL,GRAPHIC,Willy Vandersteen,1,10,15,/works/OL29233759W,De verdwenen professor,Willy Vandersteen,1.0000,2009,/books/OL40209998M,De verdwenen professor,,dut,1.0000,9789086240173,Adhemar,2009,,12964781,VALID_COVER,367,500,JPEG,data/cache/nl-mass-editorial-engine/covers/NL-OL40209998M.jpeg,NO,NO,167.0000,201.0000,AUTO_ACCEPT,Strong author/title/language match and validated physical cover.,
NL,GRAPHIC,Willy Vandersteen,1,10,15,/works/OL26188905W,Het circusgeheim,Willy Vandersteen,1.0000,2009,/books/OL35339092M,Het circusgeheim,,dut,1.0000,9789086240340,Adhemar,2009,,12163741,VALID_COVER,351,500,JPEG,data/cache/nl-mass-editorial-engine/covers/NL-OL35339092M.jpeg,NO,NO,167.0000,201.0000,AUTO_ACCEPT,Strong author/title/language match and validated physical cover.,
NL,GRAPHIC,Willy Vandersteen,1,10,15,/works/OL24690159W,Kerwyn de magiër,Willy Vandersteen,1.0000,1995,/books/OL32770210M,Kerwyn de magiër,,dut,1.0000,9789002196126,Standaard,1995,,11399295,VALID_COVER,361,500,JPEG,data/cache/nl-mass-editorial-engine/covers/NL-OL32770210M.jpeg,NO,NO,167.0000,201.0000,AUTO_ACCEPT,Strong author/title/language match and validated physical cover.,
NL,GRAPHIC,Willy Vandersteen,1,10,15,/works/OL24691442W,Koning Arthur,Willy Vandersteen,1.0000,1995,/books/OL32771592M,Koning Arthur,,dut,1.0000,9789002196119,Standaard,1995,,11401309,VALID_COVER,364,500,JPEG,data/cache/nl-mass-editorial-engine/covers/NL-OL32771592M.jpeg,NO,NO,167.0000,201.0000,AUTO_ACCEPT,Strong author/title/language match and validated physical cover.,
NL,GRAPHIC,Merho,1,8,12,/works/OL24766025W,Kiekeboeket 2.0,Merho is Robert Merhottein,0.9600,2014,/books/OL32885903M,Kiekeboeket 2.0,,dut,1.0000,9789002251313,Standaard Uitgeverij,2014,,11517157,VALID_COVER,328,500,JPEG,data/cache/nl-mass-editorial-engine/covers/NL-OL32885903M.jpeg,NO,NO,166.2000,200.2000,AUTO_ACCEPT,Strong author/title/language match and validated physical cover.,
NL,GRAPHIC,Aimée de Jongh,1,6,9,/works/OL31802597W,De terugkeer van de wespendief,Aimée de Jongh,1.0000,2014,/books/OL43499833M,De terugkeer van de wespendief,,dut,1.0000,9789054924401,De Bezige Bij,2014,,,NOT_PROBED,,,,,NO,NO,155.0000,164.0000,REJECT,No cover candidate.,
NL,GRAPHIC,Aimée de Jongh,1,6,9,/works/OL43819028W,Voor wie de liefde,Geert Briers | Jan Bosschaert | Aimée de Jongh | Hanco Kolk | Wauter Mannaert | Wilbert van der Steen,1.0000,2018,/books/OL59734626M,Voor wie de liefde,,dut,1.0000,9789460016264,Uitgeverij Vrijdag,2018,,,NOT_PROBED,,,,,NO,NO,155.0000,164.0000,REJECT,No cover candidate.,
NL,GRAPHIC,Brecht Evens,1,6,9,/works/OL32166056W,De liefhebbers,Brecht Evens,1.0000,2011,/books/OL43904476M,De liefhebbers,,dut,1.0000,9789077549698,Uitgeverij Oogachtend,2011,,,NOT_PROBED,,,,,NO,NO,155.0000,164.0000,REJECT,No cover candidate.,
NL,GRAPHIC,Brecht Evens,1,6,9,/works/OL33303325W,Ergens waar je niet wil zijn,Brecht Evens,1.0000,2009,/books/OL45201502M,Ergens waar je niet wil zijn,,dut,1.0000,9789077549513,Oogachtend,2009,,,NOT_PROBED,,,,,NO,NO,155.0000,164.0000,REJECT,No cover candidate.,
NL,GRAPHIC,Brecht Evens,1,6,9,/works/OL44483110W,Het amusement,Brecht Evens,1.0000,2018,/books/OL60754003M,Het amusement,,dut,1.0000,9789492672094,Oogachtend,2018,,,NOT_PROBED,,,,,NO,NO,155.0000,164.0000,REJECT,No cover candidate.,
NL,GRAPHIC,Judith Vanistendael,1,6,9,/works/OL32255477W,Pelgrim of niet?,Judith Vanistendael,1.0000,2012,/books/OL44001743M,Pelgrim of niet?,een voettocht naar Santiago,dut,1.0000,9789054923466,Oog & Blik,2012,,,NOT_PROBED,,,,,NO,NO,155.0000,164.0000,REJECT,No cover candidate.,
NL,GRAPHIC,Judith Vanistendael,1,6,9,/works/OL32166065W,Toen David zijn stem verloor,Judith Vanistendael,1.0000,2012,/books/OL43904486M,Toen David zijn stem verloor,,dut,1.0000,9789054923367,Oog & Blik,2012,,,NOT_PROBED,,,,,NO,NO,155.0000,164.0000,REJECT,No cover candidate.,
NL,GRAPHIC,Marc Sleen,1,10,15,/works/OL32771725W,De kleine pieterman,Marc Sleen,1.0000,1988,/books/OL44592821M,De kleine pieterman,,dut,1.0000,9789002154560,Standaard,1988,,,NOT_PROBED,,,,,NO,NO,155.0000,164.0000,REJECT,No cover candidate.,
NL,GRAPHIC,Marc Sleen,1,10,15,/works/OL44835814W,De Touren van Marc Sleen,Marc Sleen | Frederik Backelandt,1.0000,2017,/books/OL61203063M,De Touren van Marc Sleen,,dut,1.0000,9789492081988,Kannibaal bvba / Hannibal,2017,,,NOT_PROBED,,,,,NO,NO,155.0000,164.0000,REJECT,No cover candidate.,
NL,GRAPHIC,Marc Sleen,1,10,15,/works/OL32771740W,De zweefbonbons,Marc Sleen,1.0000,1979,/books/OL44592838M,De zweefbonbons,,dut,1.0000,9789002141355,Standaard uitgeverij,1979,,,NOT_PROBED,,,,,NO,NO,155.0000,164.0000,REJECT,No cover candidate.,
NL,GRAPHIC,Marc Sleen,1,10,15,/works/OL32771722W,Het geheim van Slappe Bizon,Marc Sleen,1.0000,1972,/books/OL44592818M,Het geheim van Slappe Bizon,,dut,1.0000,9789002119699,Standaard,1972,,,NOT_PROBED,,,,,NO,NO,155.0000,164.0000,REJECT,No cover candidate.,
NL,GRAPHIC,Marc Sleen,1,10,15,/works/OL32771717W,Het spook van Zoetendaal,Marc Sleen,1.0000,1981,/books/OL44592813M,Het spook van Zoetendaal,,dut,1.0000,9789002144745,Standaard,1981,,,NOT_PROBED,,,,,NO,NO,155.0000,164.0000,REJECT,No cover candidate.,
NL,GRAPHIC,Marc Sleen,1,10,15,/works/OL32771710W,Zongo in de Kongo,Marc Sleen,1.0000,1972,/books/OL44592806M,Zongo in de Kongo,,dut,1.0000,9789002117527,Standaard,1972,,,NOT_PROBED,,,,,NO,NO,155.0000,164.0000,REJECT,No cover candidate.,
NL,GRAPHIC,Peter van Dongen,1,5,8,/works/OL39965269W,Drie dagen in Rio,Peter van Dongen,1.0000,2013,/books/OL54411457M,Drie dagen in Rio,,dut,1.0000,9789054924036,Oog en Blik B.V.,2013,,,NOT_PROBED,,,,,NO,NO,155.0000,164.0000,REJECT,No cover candidate.,
NL,GRAPHIC,Willy Vandersteen,1,10,15,/works/OL8682198W,"Suske en Wiske (De Razende Race, 249)",Willy Vandersteen,1.0000,1996,/books/OL12797944M,"Suske en Wiske (De Razende Race, 249)",,dut,1.0000,9789002200335,Standaard Uitgeverij,1996,,,NOT_PROBED,,,,,NO,NO,155.0000,164.0000,REJECT,No cover candidate.,
NL,GRAPHIC,Judith Vanistendael,1,6,9,/works/OL33297098W,De maagd en de neger,Judith Vanistendael,1.0000,2007,/books/OL45203402M,De maagd en de neger,,dut,1.0000,,Oog & Blik,2007,,,NOT_PROBED,,,,,NO,NO,149.0000,153.0000,REJECT,No cover candidate.,
NL,GRAPHIC,Marc Sleen,1,10,15,/works/OL32789794W,Arthur de vetvogel,Marc Sleen,1.0000,1968,/books/OL44612603M,Arthur de vetvogel,,dut,1.0000,,Standaard,1968,,,NOT_PROBED,,,,,NO,NO,149.0000,153.0000,REJECT,No cover candidate.,
NL,GRAPHIC,Marc Sleen,1,10,15,/works/OL32771734W,De bronnen van Sing Song Li,Marc Sleen,1.0000,1956,/books/OL44592831M,De bronnen van Sing Song Li,,dut,1.0000,,Het Volk,1956,,,NOT_PROBED,,,,,NO,NO,149.0000,153.0000,REJECT,No cover candidate.,
NL,GRAPHIC,Marc Sleen,1,10,15,/works/OL32771743W,De granaatslikkers,Marc Sleen,1.0000,1957,/books/OL44592841M,De granaatslikkers,,dut,1.0000,,Het Volk,1957,,,NOT_PROBED,,,,,NO,NO,149.0000,153.0000,REJECT,No cover candidate.,
NL,GRAPHIC,Marc Sleen,1,10,15,/works/OL32771721W,De groene patreel,Marc Sleen,1.0000,1961,/books/OL44592817M,De groene patreel,,dut,1.0000,,Het Volk,1961,,,NOT_PROBED,,,,,NO,NO,149.0000,153.0000,REJECT,No cover candidate.,
NL,GRAPHIC,Marc Sleen,1,10,15,/works/OL32771713W,De Lolifanten,Marc Sleen,1.0000,1967,/books/OL44592809M,De Lolifanten,,dut,1.0000,,Standaard,1967,,,NOT_PROBED,,,,,NO,NO,149.0000,153.0000,REJECT,No cover candidate.,
NL,GRAPHIC,Marc Sleen,1,10,15,/works/OL32771733W,De rode keizer,Marc Sleen,1.0000,1954,/books/OL44592830M,De rode keizer,,dut,1.0000,,Het Volk,1954,,,NOT_PROBED,,,,,NO,NO,149.0000,153.0000,REJECT,No cover candidate.,
NL,GRAPHIC,Marc Sleen,1,10,15,/works/OL32771719W,De vliegende handschoen,Marc Sleen,1.0000,1975,/books/OL44592815M,De vliegende handschoen,,dut,1.0000,,Het Volk,1975,,,NOT_PROBED,,,,,NO,NO,149.0000,153.0000,REJECT,No cover candidate.,
NL,GRAPHIC,Marc Sleen,1,10,15,/works/OL32771730W,Het ei van october,Marc Sleen,1.0000,1956,/books/OL44592827M,Het ei van october,,dut,1.0000,,Het Volk,1956,,,NOT_PROBED,,,,,NO,NO,149.0000,153.0000,REJECT,No cover candidate.,
NL,GRAPHIC,Marc Sleen,1,10,15,/works/OL32771709W,Mama Kali,Marc Sleen,1.0000,1969,/books/OL44592805M,Mama Kali,,dut,1.0000,,Standaard,1969,,,NOT_PROBED,,,,,NO,NO,149.0000,153.0000,REJECT,No cover candidate.,
NL,GRAPHIC,Marc Sleen,1,10,15,/works/OL32771747W,Operatie Koekoek,Marc Sleen,1.0000,1959,/books/OL44592845M,Operatie Koekoek,,dut,1.0000,,Het Volk,1959,,,NOT_PROBED,,,,,NO,NO,149.0000,153.0000,REJECT,No cover candidate.,
NL,GRAPHIC,Jan Bosschaert,2,6,9,/works/OL25070288W,Absoluut geweldig!,Ina Vandewijer | Jan Bosschaert,1.0000,2010,/books/OL33335713M,Absoluut geweldig!,gedichten over vrouwen,dut,1.0000,9789063066062,Davidsfonds,2010,,11958659,VALID_COVER,361,500,JPEG,data/cache/nl-mass-editorial-engine/covers/NL-OL33335713M.jpeg,NO,NO,147.0000,181.0000,AUTO_ACCEPT,Strong author/title/language match and validated physical cover.,
NL,GRAPHIC,Jef Nys,2,8,12,/works/OL26411542W,Savooien op de Galapagos,Jef Nys,1.0000,2010,/books/OL35655674M,Savooien op de Galapagos,,dut,1.0000,9789063347758,Ballon Comics,2010,,12361671,VALID_COVER,321,500,JPEG,data/cache/nl-mass-editorial-engine/covers/NL-OL35655674M.jpeg,NO,NO,147.0000,181.0000,AUTO_ACCEPT,Strong author/title/language match and validated physical cover.,
NL,GRAPHIC,Typex,2,5,8,/works/OL28594751W,Typex' Rembrandt,Typex is Raymond Koot,0.9600,2013,/books/OL39206440M,Typex' Rembrandt,,dut,1.0000,9789054923978,Oog & Blik,2013,,12837817,VALID_COVER,381,500,JPEG,data/cache/nl-mass-editorial-engine/covers/NL-OL39206440M.jpeg,NO,NO,146.2000,180.2000,AUTO_ACCEPT,Strong author/title/language match and validated physical cover.,
NL,GRAPHIC,Jan Bosschaert,2,6,9,/works/OL44941610W,Het beste van Jan Bosschaert,Jan Bosschaert | Ria Collard,1.0000,2017,/books/OL61325855M,Het beste van Jan Bosschaert,,dut,1.0000,9789077207406,Stockmans,2017,,,NOT_PROBED,,,,,NO,NO,135.0000,144.0000,REJECT,No cover candidate.,
NL,GRAPHIC,Jan Bosschaert,2,6,9,/works/OL32021051W,Icarus,Jan Bosschaert,1.0000,1988,/books/OL43739157M,Icarus,,dut,1.0000,9789070924492,Dedalus,1988,,,NOT_PROBED,,,,,NO,NO,135.0000,144.0000,REJECT,No cover candidate.,
NL,GRAPHIC,Typex,2,5,8,/works/OL32307099W,Melkman,Typex,1.0000,1996,/books/OL44056636M,Melkman,,dut,1.0000,9789073221413,Oog & Blik,1996,,,NOT_PROBED,,,,,NO,NO,135.0000,144.0000,REJECT,No cover candidate.,
NL,GRAPHIC,Typex,2,5,8,/works/OL45576710W,Typex's Andy,Typex,1.0000,2018,/books/OL62071516M,Typex's Andy,de vele levens van Andy Warhol,dut,1.0000,9789492117847,Scratchbooks,2018,,,NOT_PROBED,,,,,NO,NO,135.0000,144.0000,REJECT,No cover candidate.,
NL,GRAPHIC,Typex,2,5,8,/works/OL45498658W,Wien,Phil van Tongeren | Typex,1.0000,2016,/books/OL61983075M,Wien,een dame in chique zaken,dut,1.0000,9789463030007,OdessaPress,2016,,,NOT_PROBED,,,,,NO,NO,135.0000,144.0000,REJECT,No cover candidate.,
NL,GRAPHIC,Urbanus,2,7,10,/works/OL45592117W,"Waerachtighe verthooninge van t'ghene tot Amsterdam inden iaren 1627, 1628, ende 1629, is ghepasseert, ende wat de vroome patriotten ende religions verwanten is overgekomen ...",Joannes Urbanus,0.9600,1629,/books/OL62089262M,"Waerachtighe verthooninge van t'ghene tot Amsterdam inden iaren 1627, 1628, ende 1629, is ghepasseert, ende wat de vroome patriotten ende religions verwanten is overgekomen ...",,dut,1.0000,,Sine nomine,1630,,,NOT_PROBED,,,,,NO,NO,128.2000,132.2000,REJECT,No cover candidate.,
NL,HISTORY_SOCIETY,Frits van Oostrom,1,6,9,/works/OL10081079W,Jacob van Maerlant,Frits van Oostrom,1.0000,2002,/books/OL12808164M,Jacob van Maerlant,Spiegel historiael (Alfa),lat | dut,1.0000,9789053560969,Amsterdam University Press,"January 24, 2002",,3339863,VALID_COVER,354,500,JPEG,data/cache/nl-mass-editorial-engine/covers/NL-OL12808164M.jpeg,NO,NO,167.0000,201.0000,AUTO_ACCEPT,Strong author/title/language match and validated physical cover.,
NL,HISTORY_SOCIETY,Frits van Oostrom,1,6,9,/works/OL16806280W,Stemmen op schrift,Frits van Oostrom,1.0000,2006,/books/OL25430034M,Stemmen op schrift,geschiedenis van de Nederlandse literatuur vanaf het begin tot 1300,dut,1.0000,903512944X,Bakker,2006,,7261038,VALID_COVER,360,500,JPEG,data/cache/nl-mass-editorial-engine/covers/NL-OL25430034M.jpeg,NO,NO,167.0000,201.0000,AUTO_ACCEPT,Strong author/title/language match and validated physical cover.,
NL,HISTORY_SOCIETY,Geert Mak,1,10,15,/works/OL20112304W,De brug.,Geert Mak,1.0000,2007,/books/OL27292295M,De brug.,,dut,1.0000,9789059650466,Stichting,2007,,8771610,VALID_COVER,287,500,JPEG,data/cache/nl-mass-editorial-engine/covers/NL-OL27292295M.jpeg,NO,NO,167.0000,201.0000,AUTO_ACCEPT,Strong author/title/language match and validated physical cover.,
NL,HISTORY_SOCIETY,Geert Mak,1,10,15,/works/OL931622W,De engel van Amsterdam,Geert Mak,1.0000,1992,/books/OL1460790M,De engel van Amsterdam,,dut,1.0000,9025400345,Atlas,1992,,13704645,VALID_COVER,279,450,JPEG,data/cache/nl-mass-editorial-engine/covers/NL-OL1460790M.jpeg,NO,NO,167.0000,201.0000,AUTO_ACCEPT,Strong author/title/language match and validated physical cover.,
NL,HISTORY_SOCIETY,Geert Mak,1,10,15,/works/OL17732780W,Een kleine geschiedenis van Amsterdam,Geert Mak,1.0000,1999,/books/OL26332892M,Een kleine geschiedenis van Amsterdam,,dut,1.0000,9789025499723,Olympus,1999,,8011406,VALID_COVER,301,500,JPEG,data/cache/nl-mass-editorial-engine/covers/NL-OL26332892M.jpeg,NO,NO,167.0000,201.0000,AUTO_ACCEPT,Strong author/title/language match and validated physical cover.,
NL,HISTORY_SOCIETY,Geert Mak,1,10,15,/works/OL24591945W,Grote verwachtingen,Geert Mak,1.0000,2019,/books/OL32616421M,Grote verwachtingen,in Europa 1999-2019,dut,1.0000,9789045039770,Atlas Contact,2019,,11252025,VALID_COVER,368,500,JPEG,data/cache/nl-mass-editorial-engine/covers/NL-OL32616421M.jpeg,NO,NO,167.0000,201.0000,AUTO_ACCEPT,Strong author/title/language match and validated physical cover.,
NL,HISTORY_SOCIETY,Geert Mak,1,10,15,/works/OL19924073W,In Europa,Geert Mak,1.0000,2004,/books/OL9100421M,In Europa,Reizen door de twintigste eeuw,dut,1.0000,9789045011783,Uitgeverij Atlas,2004,,10185020,VALID_COVER,318,500,JPEG,data/cache/nl-mass-editorial-engine/covers/NL-OL9100421M.jpeg,NO,NO,167.0000,201.0000,AUTO_ACCEPT,Strong author/title/language match and validated physical cover.,
NL,HISTORY_SOCIETY,Geert Mak,1,10,15,/works/OL27971463W,Ooggetuigen van de vaderlandse geschiedenis in meer dan honderd reportages,Geert Mak,1.0000,2007,/books/OL38241294M,Ooggetuigen van de vaderlandse geschiedenis in meer dan honderd reportages,,dut,1.0000,9789035130944,Bakker,2007,,12785283,VALID_COVER,333,500,JPEG,data/cache/nl-mass-editorial-engine/covers/NL-OL38241294M.jpeg,NO,NO,167.0000,201.0000,AUTO_ACCEPT,Strong author/title/language match and validated physical cover.,
NL,HISTORY_SOCIETY,Geert Mak,1,10,15,/works/OL23233125W,Reizen zonder John,Geert Mak,1.0000,2012,/books/OL31069297M,Reizen zonder John,op zoek naar Amerika,dut,1.0000,9789045020846,Uitgeverij Atlas Contact,2012,,11018970,VALID_COVER,324,500,JPEG,data/cache/nl-mass-editorial-engine/covers/NL-OL31069297M.jpeg,NO,NO,167.0000,201.0000,AUTO_ACCEPT,Strong author/title/language match and validated physical cover.,
NL,HISTORY_SOCIETY,Geert Mak,1,10,15,/works/OL19219865W,Reportages uit Nederland,Geert Mak,1.0000,1991,/books/OL1301675M,Reportages uit Nederland,de geschiedenis in meer dan honderd ooggetuigenverslagen,dut,1.0000,9053330747,Prometheus,1991,,3917781,VALID_COVER,128,210,JPEG,data/cache/nl-mass-editorial-engine/covers/NL-OL1301675M.jpeg,NO,NO,167.0000,201.0000,AUTO_ACCEPT,Strong author/title/language match and validated physical cover.,
NL,HISTORY_SOCIETY,Geert Mak,1,10,15,/works/OL24738999W,Stad noch land,Emile Brugman | Geert Mak,1.0000,1996,/books/OL32844129M,Stad noch land,,dut,1.0000,9789025409746,Atlas,1996,,11476803,VALID_COVER,312,500,JPEG,data/cache/nl-mass-editorial-engine/covers/NL-OL32844129M.jpeg,NO,NO,167.0000,201.0000,AUTO_ACCEPT,Strong author/title/language match and validated physical cover.,
NL,HISTORY_SOCIETY,Jacques Presser,1,6,9,/works/OL1243840W,Louter verwachting,Jacques Presser,1.0000,1985,/books/OL2629760M,Louter verwachting,"autobiografische schets, 1899-1919",dut,1.0000,9029534168,Arbeiderspers,1985,,7070033,VALID_COVER,295,500,JPEG,data/cache/nl-mass-editorial-engine/covers/NL-OL2629760M.jpeg,NO,NO,167.0000,201.0000,AUTO_ACCEPT,Strong author/title/language match and validated physical cover.,
NL,HISTORY_SOCIETY,Jacques Presser,1,6,9,/works/OL16500217W,Orpheus en Ahasverus,Jacques Presser,1.0000,1969,/books/OL25198956M,Orpheus en Ahasverus,,dut,1.0000,9025315143,Athenaeum-Polak & Van Gennep,1969,,7026712,VALID_COVER,310,500,JPEG,data/cache/nl-mass-editorial-engine/covers/NL-OL25198956M.jpeg,NO,NO,167.0000,201.0000,AUTO_ACCEPT,Strong author/title/language match and validated physical cover.,
NL,HISTORY_SOCIETY,Geert Mak,1,10,15,/works/OL16820522W,Gedoemd tot kwetsbaarheid,Geert Mak,1.0000,2005,/books/OL25447481M,Gedoemd tot kwetsbaarheid,,dut,1.0000,,Atlas,2005,,7282598,VALID_COVER,338,500,JPEG,data/cache/nl-mass-editorial-engine/covers/NL-OL25447481M.jpeg,NO,NO,161.0000,190.0000,AUTO_ACCEPT,Strong author/title/language match and validated physical cover.,
NL,HISTORY_SOCIETY,Jacques Presser,1,6,9,/works/OL15297693W,Moord in Meppel,Jacques Presser,1.0000,1953,/books/OL24330777M,Moord in Meppel,,dut,1.0000,,Elsevier,1953,,6457608,VALID_COVER,300,500,JPEG,data/cache/nl-mass-editorial-engine/covers/NL-OL24330777M.jpeg,NO,NO,161.0000,190.0000,AUTO_ACCEPT,Strong author/title/language match and validated physical cover.,
NL,HISTORY_SOCIETY,Johan Huizinga,1,8,12,/works/OL15744176W,De mensch en de beschaving,Johan Huizinga,1.0000,1946,/books/OL24655286M,De mensch en de beschaving,,dut,1.0000,,Pantheon/Veen,1946,,6767833,VALID_COVER,317,500,JPEG,data/cache/nl-mass-editorial-engine/covers/NL-OL24655286M.jpeg,NO,NO,161.0000,190.0000,AUTO_ACCEPT,Strong author/title/language match and validated physical cover.,
NL,HISTORY_SOCIETY,Johan Huizinga,1,8,12,/works/OL24955222W,Het aesthetische bestanddeel van geschiedkundige voorstellingen,Johan Huizinga,1.0000,1905,/books/OL33172763M,Het aesthetische bestanddeel van geschiedkundige voorstellingen,,dut,1.0000,,H.D. Tjeenk Willink,1905,,11879195,VALID_COVER,331,500,JPEG,data/cache/nl-mass-editorial-engine/covers/NL-OL33172763M.jpeg,NO,NO,161.0000,190.0000,AUTO_ACCEPT,Strong author/title/language match and validated physical cover.,
NL,HISTORY_SOCIETY,Johan Huizinga,1,8,12,/works/OL1141864W,In de schaduwen van morgen,Johan Huizinga,1.0000,1935,/books/OL14744212M,In de schaduwen van morgen,een diagnose van het geestelijke lijden van onzen tijd,dut,1.0000,,H.D. Tjeenk Willink & Zoon,1935,,6767836,VALID_COVER,338,500,JPEG,data/cache/nl-mass-editorial-engine/covers/NL-OL14744212M.jpeg,NO,NO,161.0000,190.0000,AUTO_ACCEPT,Strong author/title/language match and validated physical cover.,
NL,HISTORY_SOCIETY,Johan Huizinga,1,8,12,/works/OL15705592W,Nederland's geestesmerk,Johan Huizinga,1.0000,1935,/books/OL26207724M,Nederland's geestesmerk,,dut,1.0000,,Sijthoff,1935,,7889261,VALID_COVER,383,500,JPEG,data/cache/nl-mass-editorial-engine/covers/NL-OL26207724M.jpeg,NO,NO,161.0000,190.0000,AUTO_ACCEPT,Strong author/title/language match and validated physical cover.,
NL,HISTORY_SOCIETY,Johan Huizinga,1,8,12,/works/OL16523432W,Over de grenzen van spel en ernst in de cultuur,Johan Huizinga,1.0000,1933,/books/OL25216049M,Over de grenzen van spel en ernst in de cultuur,,dut,1.0000,,H.D. Tjeenk Willink,1933,,7072049,VALID_COVER,346,500,JPEG,data/cache/nl-mass-editorial-engine/covers/NL-OL25216049M.jpeg,NO,NO,161.0000,190.0000,AUTO_ACCEPT,Strong author/title/language match and validated physical cover.,
NL,HISTORY_SOCIETY,Johan Huizinga,1,8,12,/works/OL1141851W,Nederlands beschaving in de zeventiende eeuw,Johan Huizinga,1.0000,1941,/books/OL6191130M,Nederland's beschaving in de zeventiende eeuw,een schets,dut,0.9888,,H. D. Tjeenk Willink,1941,,7028951,VALID_COVER,341,500,JPEG,data/cache/nl-mass-editorial-engine/covers/NL-OL6191130M.jpeg,NO,NO,160.7753,189.7753,AUTO_ACCEPT,Strong author/title/language match and validated physical cover.,
NL,HISTORY_SOCIETY,Johan Huizinga,1,8,12,/works/OL1141862W,De vidūsaka in het Indisch tooneel,Johan Huizinga,1.0000,1897,/books/OL23294278M,vidsaka in het Indisch tooneel.,,dut,0.9375,,P. Noordhoff,1897,,5758108,VALID_COVER,330,500,JPEG,data/cache/nl-mass-editorial-engine/covers/NL-OL23294278M.jpeg,NO,NO,159.7500,188.7500,AUTO_ACCEPT,Strong author/title/language match and validated physical cover.,
NL,HISTORY_SOCIETY,Anne Frank,1,4,6,/works/OL2931437W,Mooie-zinnenboek,Anne Frank,1.0000,2004,/books/OL23149182M,Mooie-zinnenboek,,dut | ger | eng,1.0000,9035126475,Bert Bakker,2004,,,NOT_PROBED,,,,,NO,NO,155.0000,164.0000,REJECT,No cover candidate.,
NL,HISTORY_SOCIETY,Frits van Oostrom,1,6,9,/works/OL28610111W,De Canon Van Nederland - De Vijftig Vensters Voor Kinderen,Frits van Oostrom | Hubert Slings,1.0000,2010,/books/OL39230341M,De Canon Van Nederland - De Vijftig Vensters Voor Kinderen,Van Pluk Tot Willem Van Oranje,dut,1.0000,9789089640970,Amsterdam University Press,2010,,,NOT_PROBED,,,,,NO,NO,155.0000,164.0000,REJECT,No cover candidate.,
NL,HISTORY_SOCIETY,Frits van Oostrom,1,6,9,/works/OL28610484W,Een zaak van Alleman,Frits van Oostrom,1.0000,2007,/books/OL39229382M,Een zaak van Alleman,"Over de canon, schoolboeken, docenten en algemene Ontwikkeling",dut,1.0000,9789048510023,Amsterdam University Press,2007,,,NOT_PROBED,,,,,NO,NO,155.0000,164.0000,REJECT,No cover candidate.,
NL,HISTORY_SOCIETY,Geert Mak,1,10,15,/works/OL931623W,De goede stad,Geert Mak,1.0000,2007,/books/OL23010206M,De goede stad,,dut,1.0000,9789045000251,Atlas,2007,,,NOT_PROBED,,,,,NO,NO,155.0000,164.0000,REJECT,No cover candidate.,
NL,HISTORY_SOCIETY,Geert Mak,1,10,15,/works/OL32163962W,De hond van Tišma,Geert Mak,1.0000,2012,/books/OL43902249M,De hond van Tišma,wat als Europa klapt?,dut,1.0000,9789025439200,Atlas/Contact,2012,,,NOT_PROBED,,,,,NO,NO,155.0000,164.0000,REJECT,No cover candidate.,
NL,HISTORY_SOCIETY,Geert Mak,1,10,15,/works/OL39225953W,De nachtmerrie van Steiner en het antwoord van de Boekverkopersbond,Geert Mak,1.0000,2002,/books/OL53404600M,De nachtmerrie van Steiner en het antwoord van de Boekverkopersbond,"over snuffelaars, snelle kopers en toevallige struiners",dut,1.0000,9789072374066,Nederlandse Boekverkopersbond,2002,,,NOT_PROBED,,,,,NO,NO,155.0000,164.0000,REJECT,No cover candidate.,
NL,HISTORY_SOCIETY,Geert Mak,1,10,15,/works/OL43495431W,De pont van kwart over zeven,Gerard van Westerloo | Elma Verhey | Geert Mak | Lieneke Frerichs | Irene Houthuijs,1.0000,2015,/books/OL59280364M,De pont van kwart over zeven,de beste journalistieke verhalen,dut,1.0000,9789023488675,De Bezige Bij,2015,,,NOT_PROBED,,,,,NO,NO,155.0000,164.0000,REJECT,No cover candidate.,
NL,HISTORY_SOCIETY,Geert Mak,1,10,15,/works/OL39225939W,De wereld (1947-2001) volgens Opland,Geert Mak,1.0000,2004,/books/OL53404586M,De wereld (1947-2001) volgens Opland,,dut,1.0000,904009036X,Waanders,2004,,,NOT_PROBED,,,,,NO,NO,155.0000,164.0000,REJECT,No cover candidate.,
NL,HISTORY_SOCIETY,Geert Mak,1,10,15,/works/OL42351076W,Een bres in de stad,Geert Mak,1.0000,1987,/books/OL57454776M,Een bres in de stad,de geschidenis van De Ijsbreker,dut,1.0000,9070675439,De IJsbreker/Trouw,1987,,,NOT_PROBED,,,,,NO,NO,155.0000,164.0000,REJECT,No cover candidate.,
NL,HISTORY_SOCIETY,Geert Mak,1,10,15,/works/OL42913597W,Epiloog bij Grote verwachtingen,Geert Mak,1.0000,2020,/books/OL58469579M,Epiloog bij Grote verwachtingen,,dut,1.0000,9789045042916,Atlas Contact,2020,,,NOT_PROBED,,,,,NO,NO,155.0000,164.0000,REJECT,No cover candidate.,
NL,HISTORY_SOCIETY,Geert Mak,1,10,15,/works/OL931625W,Het stadspaleis,Geert Mak,1.0000,1997,/books/OL307348M,Het stadspaleis,de geschiedenis van het paleis op de Dam,dut,1.0000,9025424643,Atlas,1997,,,NOT_PROBED,,,,,NO,NO,155.0000,164.0000,REJECT,No cover candidate.,
NL,HISTORY_SOCIETY,Geert Mak,1,10,15,/works/OL45778630W,In de hel van Birma,Jan Schneider | Geert Mak | Hans D. Schneider,1.0000,2019,/books/OL62310383M,In de hel van Birma,ooggetuigenverslag uit de kampen langs de Birma-Siam Spoorlijn 1942-1945,dut,1.0000,9789463820066,Uitgeverij Balans,2019,,,NOT_PROBED,,,,,NO,NO,155.0000,164.0000,REJECT,No cover candidate.,
NL,HISTORY_SOCIETY,Geert Mak,1,10,15,/works/OL931626W,Migranten en geestelijke gezondheidszorg,Geert Mak,1.0000,1983,/books/OL21964930M,Migranten en geestelijke gezondheidszorg,een literatuurstudie,dut,1.0000,9070495228,Nederlands Centrum Geestelijke Volksgezondheid,1983,,,NOT_PROBED,,,,,NO,NO,155.0000,164.0000,REJECT,No cover candidate.,
NL,HISTORY_SOCIETY,Geert Mak,1,10,15,/works/OL39225911W,Nagekomen flessenpost,Geert Mak,1.0000,2005,/books/OL53404549M,Nagekomen flessenpost,,dut,1.0000,9045015536,Atlas,2005,,,NOT_PROBED,,,,,NO,NO,155.0000,164.0000,REJECT,No cover candidate.,
NL,HISTORY_SOCIETY,Geert Mak,1,10,15,/works/OL931627W,Ooggetuigen van de Wereldgeschiedenis in meer dan honderd reportages,Geert Mak,1.0000,1999,/books/OL15999150M,Ooggetuigen van de Wereldgeschiedenis in meer dan honderd reportages,,eng | dut,1.0000,9053337040,Prometheus,1999,,,NOT_PROBED,,,,,NO,NO,155.0000,164.0000,REJECT,No cover candidate.,
NL,HISTORY_SOCIETY,Geert Mak,1,10,15,/works/OL33302150W,Stadhuis van Oranje,Geert Mak | Eymert-Jan Goossens,1.0000,2005,/books/OL45200240M,Stadhuis van Oranje,350 jaar geschiendenis op de Dam,dut,1.0000,9072080335,Stichting Koninklijk Paleis,2005,,,NOT_PROBED,,,,,NO,NO,155.0000,164.0000,REJECT,No cover candidate.,
NL,HISTORY_SOCIETY,Geert Mak,1,10,15,/works/OL931620W,The Amsterdam dream,Geert Mak,1.0000,1986,/books/OL2429067M,The Amsterdam dream,korte geschiedenis van de politieke cultuur in de jaren tachtig,dut,1.0000,9066170344,Populier,1986,,,NOT_PROBED,,,,,NO,NO,155.0000,164.0000,REJECT,No cover candidate.,
NL,HISTORY_SOCIETY,Geert Mak,1,10,15,/works/OL23432425W,Thuis in de tijd,Thierry Baudet | Geert Mak,1.0000,2014,/books/OL31290755M,Thuis in de tijd,,dut,1.0000,9789035141988,Prometheus/Bert Bakker,2014,,,NOT_PROBED,,,,,NO,NO,155.0000,164.0000,REJECT,No cover candidate.,
NL,HISTORY_SOCIETY,Geert Mak,1,10,15,/works/OL18551604W,Verleden van Nederland,Geert Mak,1.0000,2008,/books/OL23171796M,Verleden van Nederland,,dut,1.0000,9789045010052,Atlas,2008,,,NOT_PROBED,,,,,NO,NO,155.0000,164.0000,REJECT,No cover candidate.,
NL,HISTORY_SOCIETY,Jacques Presser,1,6,9,/works/OL1243843W,Ondergang,Jacques Presser,1.0000,1965,/books/OL19563645M,Ondergang,"de vervolging en verdelging van het Nederlandse Jodendom, 1940-1945",dut,1.0000,9012018048,Staatsuitgeverij,1977,,,NOT_PROBED,,,,,NO,NO,155.0000,164.0000,REJECT,No cover candidate.,
NL,HISTORY_SOCIETY,Johan Huizinga,1,8,12,/works/OL1141819W,Amerika dagboek,Johan Huizinga,1.0000,1993,/books/OL1500960M,Amerika dagboek,14 april-19 juni 1926,dut,1.0000,9025403042,Contact,1993,,,NOT_PROBED,,,,,NO,NO,155.0000,164.0000,REJECT,No cover candidate.,
NL,HISTORY_SOCIETY,Johan Huizinga,1,8,12,/works/OL1141842W,Inleiding en opzet voor studie over licht en geluid,Johan Huizinga,1.0000,1996,/books/OL18330635M,Inleiding en opzet voor studie over licht en geluid,,dut,1.0000,9072365305,Stichting Neerlandistiek VU,1996,,,NOT_PROBED,,,,,NO,NO,155.0000,164.0000,REJECT,No cover candidate.,
NL,HISTORY_SOCIETY,Jacques Presser,1,6,9,/works/OL1243841W,"Napoleon, historie en legende",Jacques Presser,1.0000,1946,/books/OL9085979M,Napoleon,Historie en legende (Elseviers historische bibliotheek),dut,0.9600,9789010020093,Elsevier,1978,,,NOT_PROBED,,,,,NO,NO,154.2000,163.2000,REJECT,No cover candidate.,
NL,HISTORY_SOCIETY,Jacques Presser,1,6,9,/works/OL45266142W,Beeldbaarheid en beeldvorming in de jongste Amerikaanse historie,Jacques Presser,1.0000,1947,/books/OL61709378M,Beeldbaarheid en beeldvorming in de jongste Amerikaanse historie,,dut,1.0000,,Elsevier,1947,,,NOT_PROBED,,,,,NO,NO,149.0000,153.0000,REJECT,No cover candidate.,
NL,HISTORY_SOCIETY,Jacques Presser,1,6,9,/works/OL18658316M,De nacht der Girondijnen,Jacques Presser,1.0000,1998,/books/OL18658316M,De nacht der Girondijnen,Novelle,dut,1.0000,,Wolters-Noordhoff,1998,,,NOT_PROBED,,,,,NO,NO,149.0000,153.0000,REJECT,No cover candidate.,
NL,HISTORY_SOCIETY,Jacques Presser,1,6,9,/works/OL1243838W,De Tachtigjarige Oorlog,Jacques Presser,1.0000,1948,/books/OL6054068M,De Tachtigjarige Oorlog.,,dut,1.0000,,Elsevier,1948,,,NOT_PROBED,,,,,NO,NO,149.0000,153.0000,REJECT,No cover candidate.,
NL,HISTORY_SOCIETY,Jacques Presser,1,6,9,/works/OL1243839W,Europa in een boek,Jacques Presser,1.0000,1963,/books/OL5623965M,Europa in een boek,,dut,1.0000,,Vereeniging ter Bevordering van de Belangen des Boekhandels,1963,,,NOT_PROBED,,,,,NO,NO,149.0000,153.0000,REJECT,No cover candidate.,
NL,HISTORY_SOCIETY,Jacques Presser,1,6,9,/works/OL44792128W,Historia hodierna,Jacques Presser,1.0000,1950,/books/OL61152593M,Historia hodierna,,dut,1.0000,,E.J. Brill,1950,,,NOT_PROBED,,,,,NO,NO,149.0000,153.0000,REJECT,No cover candidate.,
NL,HISTORY_SOCIETY,Jacques Presser,1,6,9,/works/OL1243844W,Schrijfsels en schrifturen,Jacques Presser,1.0000,1961,/books/OL4028891M,Schrijfsels en schrifturen,,dut,1.0000,,Moussault,1961,,,NOT_PROBED,,,,,NO,NO,149.0000,153.0000,REJECT,No cover candidate.,
NL,HISTORY_SOCIETY,Jacques Presser,1,6,9,/works/OL45659225W,Uit het werk,Jacques Presser,1.0000,1969,/books/OL62171859M,Uit het werk,,dut,1.0000,,Polak & Van Gennep,1969,,,NOT_PROBED,,,,,NO,NO,149.0000,153.0000,REJECT,No cover candidate.,
NL,HISTORY_SOCIETY,Jacques Presser,1,6,9,/works/OL10761795W,Uit het werk van Dr. J. Presser,Jacques Presser,1.0000,1969,/books/OL18836702M,Uit het werk van Dr. J. Presser.,,dut,1.0000,,Polak & Van Gennep,1969,,,NOT_PROBED,,,,,NO,NO,149.0000,153.0000,REJECT,No cover candidate.,
NL,HISTORY_SOCIETY,Johan Huizinga,1,8,12,/works/OL1141820W,Amerika levend en denkend,Johan Huizinga,1.0000,1926,/books/OL6704130M,Amerika levend en denkend,losse opmerkingen,dut,1.0000,,H.D. Tjeenk Willink & zoon,1926,,,NOT_PROBED,,,,,NO,NO,149.0000,153.0000,REJECT,No cover candidate.,
NL,HISTORY_SOCIETY,Johan Huizinga,1,8,12,/works/OL38618791W,Cultuur-historische verkenningen,Johan Huizinga,1.0000,1929,/books/OL52557470M,Cultuur-historische verkenningen,,dut,1.0000,,H.D. Tjeenk Willink,1929,,,NOT_PROBED,,,,,NO,NO,149.0000,153.0000,REJECT,No cover candidate.,
NL,HISTORY_SOCIETY,Johan Huizinga,1,8,12,/works/OL28207529W,Herbst des Mittelalters,Johan Huizinga,1.0000,1924,/books/OL44936210M,Herbst des mittelalters,studien über lebens- und geistesformen des 14. und 15. jahrhunderts in Frankreich und in den Niederlanden,ger | dut,1.0000,,Drei masken,1924,,,NOT_PROBED,,,,,NO,NO,149.0000,153.0000,REJECT,No cover candidate.,
NL,HISTORY_SOCIETY,Johan Huizinga,1,8,12,/works/OL10485765W,Herfsttij der Middeleeuwen,Johan Huizinga,1.0000,1959,/books/OL14609104M,Herfsttij der Middeleeuwen,studie over levens- en gedachtenvormen der veertiende en vijftiende eeuw in Frankrijk ende Nederlanden.,dut,1.0000,,Willink,1959,,,NOT_PROBED,,,,,NO,NO,149.0000,153.0000,REJECT,No cover candidate.,
NL,HISTORY_SOCIETY,Johan Huizinga,1,8,12,/works/OL1141833W,Hoe bepaalt de geschiednis het heden,Johan Huizinga,1.0000,1946,/books/OL19530519M,Hoe bepaalt de geschiednis het heden,een niet gehouden rede,dut,1.0000,,H. D. Tjeenk Willink,1946,,,NOT_PROBED,,,,,NO,NO,149.0000,153.0000,REJECT,No cover candidate.,
NL,HISTORY_SOCIETY,Johan Huizinga,1,8,12,/works/OL38443182W,Holländische kultur im siebzehnten jahrhunderts,Johan Huizinga,1.0000,1961,/books/OL52308483M,Holländische kultur im siebzehnten jahrhunderts,eine Skizze,ger | dut,1.0000,,B. Schwabe,1961,,,NOT_PROBED,,,,,NO,NO,149.0000,153.0000,REJECT,No cover candidate.,
NL,HISTORY_SOCIETY,Johan Huizinga,1,8,12,/works/OL10485769W,"J. Heemskerk Azn., 1818-1897",Johan Huizinga,1.0000,1973,/books/OL20838450M,"J. Heemskerk Azn., 1818-1897",Conservatief zonder Partij.,dut,1.0000,,Penninkhof te Stiens,1973,,,NOT_PROBED,,,,,NO,NO,149.0000,153.0000,REJECT,No cover candidate.,
NL,HISTORY_SOCIETY,Johan Huizinga,1,8,12,/works/OL1141848W,Leven en werk van Jan Veth,Johan Huizinga,1.0000,1927,/books/OL15109155M,Leven en werk van Jan Veth.,,dut,1.0000,,H.D. Tjeenk Willink,1927,,,NOT_PROBED,,,,,NO,NO,149.0000,153.0000,REJECT,No cover candidate.,
NL,HISTORY_SOCIETY,Johan Huizinga,1,8,12,/works/OL45189893W,Mensch en menigte in Amerika,Johan Huizinga,1.0000,1920,/books/OL61616306M,Mensch en menigte in Amerika,vier essays over moderne beschavingsgeschiedenis,dut,1.0000,,H. D. Tjeenk willink & zoon,1920,,,NOT_PROBED,,,,,NO,NO,149.0000,153.0000,REJECT,No cover candidate.,
NL,HISTORY_SOCIETY,Johan Huizinga,1,8,12,/works/OL38786716W,Mijn weg tot de historie,Johan Huizinga,1.0000,1947,/books/OL59250109M,Mijn weg tot de historie,,dut,1.0000,,H.D. Tjeenk Willink & Zoon,1947,,,NOT_PROBED,,,,,NO,NO,149.0000,153.0000,REJECT,No cover candidate.,
NL,HISTORY_SOCIETY,Johan Huizinga,1,8,12,/works/OL1141852W,"Nederland's beschaving in de zeventiende eeuw, een schets",Johan Huizinga,1.0000,1956,/books/OL14234567M,"Nederland's beschaving in de zeventiende eeuw, een schets.",,dut,1.0000,,H.D. Tjeenk Willink,1956,,,NOT_PROBED,,,,,NO,NO,149.0000,153.0000,REJECT,No cover candidate.,
NL,HISTORY_SOCIETY,Johan Huizinga,1,8,12,/works/OL32607733W,Over eenige euphemismen in het Oud-Indisch,Johan Huizinga,1.0000,1903,/books/OL44418446M,Over eenige euphemismen in het Oud-Indisch,,dut,1.0000,,[publisher not identified],1903,,,NOT_PROBED,,,,,NO,NO,149.0000,153.0000,REJECT,No cover candidate.,
NL,HISTORY_SOCIETY,Johan Huizinga,1,8,12,/works/OL33326853W,"Patriotizmus, nacionalizmus",Johan Huizinga,1.0000,1941,/books/OL45229229M,"Patriotizmus, nacionalizmus",,hun | dut,1.0000,,Danubia,1941,,,NOT_PROBED,,,,,NO,NO,149.0000,153.0000,REJECT,No cover candidate.,
NL,HISTORY_SOCIETY,Johan Huizinga,1,8,12,/works/OL37313541W,Tien studiën,Johan Huizinga,1.0000,1926,/books/OL50289734M,Tien studiën,,dut,1.0000,,H. D. Tjeenk Willink & Zoon,1926,,,NOT_PROBED,,,,,NO,NO,149.0000,153.0000,REJECT,No cover candidate.,
NL,HISTORY_SOCIETY,Johan Huizinga,1,8,12,/works/OL1141858W,Van den vogel Charadrius,Johan Huizinga,1.0000,1903,/books/OL197016M,Van den vogel Charadrius,,dut,1.0000,,J. Müller,1903,,,NOT_PROBED,,,,,NO,NO,149.0000,153.0000,REJECT,No cover candidate.,
NL,HISTORY_SOCIETY,Johan Huizinga,1,8,12,/works/OL1141860W,Verzamelde werken,Johan Huizinga,1.0000,1948,/books/OL6062835M,Verzamelde werken.,,dut,1.0000,,H. D. Tjeenk Willink,1948,,,NOT_PROBED,,,,,YES,NO,129.0000,133.0000,REVIEW,Collected/omnibus work requires review.,
NL,HISTORY_SOCIETY,Ad van Liempt,2,6,9,/works/OL28170752W,Andere tijden,Ad van Liempt,1.0000,2000,/books/OL38566201M,Andere tijden,,dut,1.0000,9789020456264,Veen,2000,,12803928,VALID_COVER,283,500,JPEG,data/cache/nl-mass-editorial-engine/covers/NL-OL38566201M.jpeg,NO,NO,147.0000,181.0000,AUTO_ACCEPT,Strong author/title/language match and validated physical cover.,
NL,HISTORY_SOCIETY,Ad van Liempt,2,6,9,/works/OL2139335W,Een mooi woord voor oorlog,Ad van Liempt,1.0000,1994,/books/OL861373M,Een mooi woord voor oorlog,"ruzie, roddel en achterdocht op weg naar de Indonesië-oorlog",dut,1.0000,9012067014,Sdu Uitgeverij Koniginnegracht,1994,,14158458,VALID_COVER,299,450,JPEG,data/cache/nl-mass-editorial-engine/covers/NL-OL861373M.jpeg,NO,NO,147.0000,181.0000,AUTO_ACCEPT,Strong author/title/language match and validated physical cover.,
NL,HISTORY_SOCIETY,Ad van Liempt,2,6,9,/works/OL30952903W,Gemmeker,Ad van Liempt,1.0000,2019,/books/OL42521146M,Gemmeker,Commandant van Kamp Westerbork,dut,1.0000,9789460039782,"Balans, Uitgeverij","May 02, 2019",,14158482,VALID_COVER,324,500,JPEG,data/cache/nl-mass-editorial-engine/covers/NL-OL42521146M.jpeg,NO,NO,147.0000,181.0000,AUTO_ACCEPT,Strong author/title/language match and validated physical cover.,
NL,HISTORY_SOCIETY,Ad van Liempt,2,6,9,/works/OL2139336W,Kopgeld,Ad van Liempt,1.0000,2002,/books/OL3752973M,Kopgeld,"Nederlandse premiejagers op zoek naar joden, 1943",dut,1.0000,9050184782,Uitgeverij Balans,2002,,4318878,VALID_COVER,128,202,JPEG,data/cache/nl-mass-editorial-engine/covers/NL-OL3752973M.jpeg,NO,NO,147.0000,181.0000,AUTO_ACCEPT,Strong author/title/language match and validated physical cover.,
NL,HISTORY_SOCIETY,Ad van Liempt,2,6,9,/works/OL22381999W,Olympische schaatshelden,Ad van Liempt | Jan Luitzen | Erik Brouwer,1.0000,2010,/books/OL30467902M,Olympische schaatshelden,"over Ard, Hilbert, Rintje en de anderen",dut,1.0000,9789020434033,Veen,2010,,12163053,VALID_COVER,321,500,JPEG,data/cache/nl-mass-editorial-engine/covers/NL-OL30467902M.jpeg,NO,NO,147.0000,181.0000,AUTO_ACCEPT,Strong author/title/language match and validated physical cover.,
NL,HISTORY_SOCIETY,Ad van Liempt,2,6,9,/works/OL33372125W,Selma,Ad van Liempt,1.0000,2010,/books/OL45278031M,Selma,de vrouw die Sobibor overleefde,dut,1.0000,9789074274425,Verbum,2010,,14175130,VALID_COVER,343,500,JPEG,data/cache/nl-mass-editorial-engine/covers/NL-OL45278031M.jpeg,NO,NO,147.0000,181.0000,AUTO_ACCEPT,Strong author/title/language match and validated physical cover.,
NL,HISTORY_SOCIETY,Ad van Liempt,2,6,9,/works/OL23128575W,Sportlegendes,Ad van Liempt | Jan Luitzen,1.0000,2012,/books/OL30969112M,Sportlegendes,twaalf winnaars die geschiedenis schreven,dut,1.0000,9789460035982,Balans,2012,,13077890,VALID_COVER,298,500,JPEG,data/cache/nl-mass-editorial-engine/covers/NL-OL30969112M.jpeg,NO,NO,147.0000,181.0000,AUTO_ACCEPT,Strong author/title/language match and validated physical cover.,
NL,HISTORY_SOCIETY,Ad van Liempt,2,6,9,/works/OL22615335W,Verzetshelden en moffenvrienden,Ad van Liempt,1.0000,2011,/books/OL30641686M,Verzetshelden en moffenvrienden,,dut,1.0000,9789460032981,Uitgeverij Balans,2011,,11738661,VALID_COVER,332,500,JPEG,data/cache/nl-mass-editorial-engine/covers/NL-OL30641686M.jpeg,NO,NO,147.0000,181.0000,AUTO_ACCEPT,Strong author/title/language match and validated physical cover.,
NL,HISTORY_SOCIETY,Chris van der Heijden,2,6,9,/works/OL4507504W,Grijs verleden,Chris van der Heijden,1.0000,2001,/books/OL16266531M,Grijs verleden,Nederland en de Tweede Wereldoorlog,dut,1.0000,9025496946,Contact,2001,,5330727,VALID_COVER,128,194,JPEG,data/cache/nl-mass-editorial-engine/covers/NL-OL16266531M.jpeg,NO,NO,147.0000,181.0000,AUTO_ACCEPT,Strong author/title/language match and validated physical cover.,
NL,HISTORY_SOCIETY,Chris van der Heijden,2,6,9,/works/OL4507507W,Momenten van herinnering,Chris van der Heijden,1.0000,2006,/books/OL16473666M,Momenten van herinnering,Nederland na 1945,dut,1.0000,9059561902,Fontaine Uitgevers,2006,,13096918,VALID_COVER,373,500,JPEG,data/cache/nl-mass-editorial-engine/covers/NL-OL16473666M.jpeg,NO,NO,147.0000,181.0000,AUTO_ACCEPT,Strong author/title/language match and validated physical cover.,
NL,HISTORY_SOCIETY,Gert Oostindie,2,6,9,/works/OL19471555W,"Curaçao, 30 mei 1969",Gert Oostindie,1.0000,1999,/books/OL125356M,"Curaçao, 30 mei 1969",verhalen over de revolte,dut,1.0000,9053563725,Amsterdam University Press,1999,,3713181,VALID_COVER,128,181,JPEG,data/cache/nl-mass-editorial-engine/covers/NL-OL125356M.jpeg,NO,NO,147.0000,181.0000,AUTO_ACCEPT,Strong author/title/language match and validated physical cover.,
NL,HISTORY_SOCIETY,Herman Pleij,2,6,9,/works/OL2128353W,De sneeuwpoppen van 1511,Herman Pleij,1.0000,1988,/books/OL2236367M,De sneeuwpoppen van 1511,literatuur en stadscultuur tussen middeleeuwen en moderne tijd,dut,1.0000,9029037415,Meulenhoff,1988,,13225604,VALID_COVER,168,257,JPEG,data/cache/nl-mass-editorial-engine/covers/NL-OL2236367M.jpeg,NO,NO,147.0000,181.0000,AUTO_ACCEPT,Strong author/title/language match and validated physical cover.,
NL,HISTORY_SOCIETY,Herman Pleij,2,6,9,/works/OL2128355W,Dromen van Cocagne,Herman Pleij,1.0000,1997,/books/OL773747M,Dromen van Cocagne,middeleeuwse fantasieën over het volmaakte leven,dut,1.0000,9053335595,Prometheus,1997,,12721044,VALID_COVER,313,500,JPEG,data/cache/nl-mass-editorial-engine/covers/NL-OL773747M.jpeg,NO,NO,147.0000,181.0000,AUTO_ACCEPT,Strong author/title/language match and validated physical cover.,
NL,HISTORY_SOCIETY,Herman Pleij,2,6,9,/works/OL19024993W,Een Nyeuwe clucht boeck,Herman Pleij,1.0000,1983,/books/OL2884041M,Een Nyeuwe clucht boeck,een zestiende-eeuwse anekdotenverzameling,dut,1.0000,9062835929,Coutinho,1983,,12756370,VALID_COVER,301,500,JPEG,data/cache/nl-mass-editorial-engine/covers/NL-OL2884041M.jpeg,NO,NO,147.0000,181.0000,AUTO_ACCEPT,Strong author/title/language match and validated physical cover.,
NL,HISTORY_SOCIETY,Herman Pleij,2,6,9,/works/OL24263433W,Erasmus en het poldermodel,Herman Pleij,1.0000,2005,/books/OL32096974M,Erasmus en het poldermodel,essay,dut,1.0000,9789035127371,Bakker,2005,,10752679,VALID_COVER,300,500,JPEG,data/cache/nl-mass-editorial-engine/covers/NL-OL32096974M.jpeg,NO,NO,147.0000,181.0000,AUTO_ACCEPT,Strong author/title/language match and validated physical cover.,
NL,HISTORY_SOCIETY,Herman Pleij,2,6,9,/works/OL2128368W,Het gilde van de Blauwe Schuit,Herman Pleij,1.0000,1979,/books/OL3901023M,Het gilde van de Blauwe Schuit,"literatuur, volksfeest en burgermoraal in de late middeleeuwen",dut,1.0000,9029005505,Meulenhoff [Nederland,1979,,4337632,VALID_COVER,128,195,JPEG,data/cache/nl-mass-editorial-engine/covers/NL-OL3901023M.jpeg,NO,NO,147.0000,181.0000,AUTO_ACCEPT,Strong author/title/language match and validated physical cover.,
NL,HISTORY_SOCIETY,Herman Pleij,2,6,9,/works/OL2128369W,Het literaire leven in de middeleeuwen,Herman Pleij,1.0000,1984,/books/OL2995017M,Het literaire leven in de middeleeuwen,,dut,1.0000,9024780381,Nijhoff,1984,,4208487,VALID_COVER,128,204,JPEG,data/cache/nl-mass-editorial-engine/covers/NL-OL2995017M.jpeg,NO,NO,147.0000,181.0000,AUTO_ACCEPT,Strong author/title/language match and validated physical cover.,
NL,HISTORY_SOCIETY,Herman Pleij,2,6,9,/works/OL2128359W,Kleuren van de middeleeuwen,Herman Pleij,1.0000,1994,/books/OL833980M,Kleuren van de middeleeuwen,,dut,1.0000,9068341510,Aramith,1994,,9646187,VALID_COVER,307,500,JPEG,data/cache/nl-mass-editorial-engine/covers/NL-OL833980M.jpeg,NO,NO,147.0000,181.0000,AUTO_ACCEPT,Strong author/title/language match and validated physical cover.,
NL,HISTORY_SOCIETY,Herman Pleij,2,6,9,/works/OL22930845W,Moet kunnen,Herman Pleij,1.0000,2015,/books/OL30837834M,Moet kunnen,op zoek naar een Nederlandse identiteit,dut,1.0000,9789035142381,Prometheus/Bert Bakker,2015,,11324605,VALID_COVER,305,500,JPEG,data/cache/nl-mass-editorial-engine/covers/NL-OL30837834M.jpeg,NO,NO,147.0000,181.0000,AUTO_ACCEPT,Strong author/title/language match and validated physical cover.,
NL,HISTORY_SOCIETY,Herman Pleij,2,6,9,/works/OL2128361W,Nederlandse literatuur van de late middeleeuwen,Herman Pleij,1.0000,1990,/books/OL1585228M,Nederlandse literatuur van de late middeleeuwen,,dut,1.0000,9061944872,HES,1990,,3979222,VALID_COVER,128,211,JPEG,data/cache/nl-mass-editorial-engine/covers/NL-OL1585228M.jpeg,NO,NO,147.0000,181.0000,AUTO_ACCEPT,Strong author/title/language match and validated physical cover.,
NL,HISTORY_SOCIETY,Herman Pleij,2,6,9,/works/OL2128362W,Sprekend over de middeleeuwen,Herman Pleij,1.0000,1991,/books/OL1295439M,Sprekend over de middeleeuwen,,dut,1.0000,9065332685,Teleac,1991,,3916628,VALID_COVER,128,179,JPEG,data/cache/nl-mass-editorial-engine/covers/NL-OL1295439M.jpeg,NO,NO,147.0000,181.0000,AUTO_ACCEPT,Strong author/title/language match and validated physical cover.,
NL,HISTORY_SOCIETY,Herman Pleij,2,6,9,/works/OL2128364W,Van schelmen en schavuiten,Herman Pleij,1.0000,1985,/books/OL2765033M,Van schelmen en schavuiten,laatmiddeleeuwse vagebondteksten,dut,1.0000,9021405512,Querido,1985,,4180120,VALID_COVER,128,220,JPEG,data/cache/nl-mass-editorial-engine/covers/NL-OL2765033M.jpeg,NO,NO,147.0000,181.0000,AUTO_ACCEPT,Strong author/title/language match and validated physical cover.,
NL,HISTORY_SOCIETY,Herman Pleij,2,6,9,/works/OL2128365W,Zandgrond,Herman Pleij,1.0000,1994,/books/OL835291M,Zandgrond,,dut,1.0000,9053332626,Prometheus,1994,,12153777,VALID_COVER,296,500,JPEG,data/cache/nl-mass-editorial-engine/covers/NL-OL835291M.jpeg,NO,NO,147.0000,181.0000,AUTO_ACCEPT,Strong author/title/language match and validated physical cover.,
NL,HISTORY_SOCIETY,Piet de Rooy,2,6,9,/works/OL27975808W,Republiek van rivaliteiten,Piet de Rooy,1.0000,2005,/books/OL38246917M,Republiek van rivaliteiten,Nederland sinds 1813,dut,1.0000,9789053304266,Mets & Schilt,2005,,12793563,VALID_COVER,314,500,JPEG,data/cache/nl-mass-editorial-engine/covers/NL-OL38246917M.jpeg,NO,NO,147.0000,181.0000,AUTO_ACCEPT,Strong author/title/language match and validated physical cover.,
NL,HISTORY_SOCIETY,Chris van der Heijden,2,6,9,/works/OL4507506W,Joodse NSB'ers,Chris van der Heijden,1.0000,2006,/books/OL17038425M,Joodse NSB'ers,de vergeten geschiedenis van Villa Bouchina in Doetinchem,dut,1.0000,9789078019060,Begijnekade 18 Uitgevers,2006,,6278004,IMAGE_TOO_SMALL,500,93,JPEG,,NO,NO,147.0000,156.0000,REJECT,Physical cover validation failed: IMAGE_TOO_SMALL,
NL,HISTORY_SOCIETY,Ad van Liempt,2,6,9,/works/OL22947799W,Aan de Maliebaan,Ad van Liempt,1.0000,2015,/books/OL30855229M,Aan de Maliebaan,"NSB, SS, kerk en verzet op een strekkende kilometer",dut,1.0000,9789460038662,Uitgeverij Balans,2015,,,NOT_PROBED,,,,,NO,NO,135.0000,144.0000,REJECT,No cover candidate.,
NL,HISTORY_SOCIETY,Ad van Liempt,2,6,9,/works/OL23979936W,"Bernhard, 1911-2004",Piet van Asseldonk | Ad van Liempt,1.0000,2004,/books/OL31681547M,"Bernhard, 1911-2004",,dut,1.0000,9012087546,Sdu Uitgevers,2004,,,NOT_PROBED,,,,,NO,NO,135.0000,144.0000,REJECT,No cover candidate.,
NL,HISTORY_SOCIETY,Ad van Liempt,2,6,9,/works/OL23301603W,De drogist,Ad van Liempt,1.0000,2013,/books/OL31148386M,De drogist,hoe een verzetsheld na de oorlog in ongenade viel,dut,1.0000,9789460036330,Uitgeverij Balans,2013,,,NOT_PROBED,,,,,NO,NO,135.0000,144.0000,REJECT,No cover candidate.,
NL,HISTORY_SOCIETY,Ad van Liempt,2,6,9,/works/OL23118086W,De jacht op het verzet,Ad van Liempt,1.0000,2013,/books/OL30959816M,De jacht op het verzet,het meedogenloze optreden van Sicherheitsdienst en Nederlandse politie tijdens de Tweede Wereldoorlog,dut,1.0000,9789460035975,Uitgeverij Balans,2013,,,NOT_PROBED,,,,,NO,NO,135.0000,144.0000,REJECT,No cover candidate.,
NL,HISTORY_SOCIETY,Ad van Liempt,2,6,9,/works/OL2139334W,De lijkentrein,Ad van Liempt,1.0000,1997,/books/OL434832M,De lijkentrein,waarom 46 gevangenen de reis naar Surabaya niet overleefden,dut,1.0000,9012085217,Sdu,1997,,,NOT_PROBED,,,,,NO,NO,135.0000,144.0000,REJECT,No cover candidate.,
NL,HISTORY_SOCIETY,Ad van Liempt,2,6,9,/works/OL23406872W,De oorlog,Ad van Liempt,1.0000,2010,/books/OL31263390M,De oorlog,,dut,1.0000,9789460031885,Balans,2010,,,NOT_PROBED,,,,,NO,NO,135.0000,144.0000,REJECT,No cover candidate.,
NL,HISTORY_SOCIETY,Ad van Liempt,2,6,9,/works/OL43613087W,De roaring fifties,Ad van Liempt,1.0000,2022,/books/OL59451810M,De roaring fifties,De vernieuwers van de jaren vijftig,dut,1.0000,9789463821827,Uitgeverij Balans B.V.,2022,,,NOT_PROBED,,,,,NO,NO,135.0000,144.0000,REJECT,No cover candidate.,
NL,HISTORY_SOCIETY,Ad van Liempt,2,6,9,/works/OL33446177W,Dutchbat III,Friso Keuris | Ad van Liempt,1.0000,2010,/books/OL45358864M,Dutchbat III,getuigenissen na Srebrenica,dut,1.0000,9789089102171,d'jonge Hond,2010,,,NOT_PROBED,,,,,NO,NO,135.0000,144.0000,REJECT,No cover candidate.,
NL,HISTORY_SOCIETY,Ad van Liempt,2,6,9,/works/OL45903228W,Een wrang feest,Marjolein Bax | Ad van Liempt,1.0000,2020,/books/OL62455274M,Een wrang feest,hoe velen de bevrijding niet overleefden,dut,1.0000,9789463820837,Uitgeverij Balans,2020,,,NOT_PROBED,,,,,NO,NO,135.0000,144.0000,REJECT,No cover candidate.,
NL,HISTORY_SOCIETY,Ad van Liempt,2,6,9,/works/OL39823420W,Frieda,Ad van Liempt,1.0000,2007,/books/OL54242106M,Frieda,verslag van een gelijmd leven,dut,1.0000,9789072486349,Herinneringscentrum Kamp Westerbork,2007,,,NOT_PROBED,,,,,NO,NO,135.0000,144.0000,REJECT,No cover candidate.,
NL,HISTORY_SOCIETY,Ad van Liempt,2,6,9,/works/OL24012285W,Het journaal,Ad van Liempt,1.0000,2005,/books/OL31710531M,Het journaal,achter de schermen van vijftig jaar televisiegeschiedenis,dut,1.0000,9050187366,Balans,2005,,,NOT_PROBED,,,,,NO,NO,135.0000,144.0000,REJECT,No cover candidate.,
NL,HISTORY_SOCIETY,Ad van Liempt,2,6,9,/works/OL45771304W,Hier om te helpen,Ad van Liempt | Margot van Kooten | Nederlandse Rode Kruis,1.0000,2017,/books/OL62301835M,Hier om te helpen,150 jaar Nederlandse Rode Kruis,dut,1.0000,9789460034541,Balans,2017,,,NOT_PROBED,,,,,NO,NO,135.0000,144.0000,REJECT,No cover candidate.,
NL,HISTORY_SOCIETY,Ad van Liempt,2,6,9,/works/OL22630263W,Jodenjacht,Ad van Liempt | Jan H. Kompagnie,1.0000,2011,/books/OL30654555M,Jodenjacht,de onthutsende rol van de Nederlandse politie in de Tweede Wereldoorlog,dut,1.0000,9789460033681,Balans,2011,,,NOT_PROBED,,,,,NO,NO,135.0000,144.0000,REJECT,No cover candidate.,
NL,HISTORY_SOCIETY,Ad van Liempt,2,6,9,/works/OL22111285W,Klem in de draaideur,Ad van Liempt,1.0000,2000,/books/OL30138834M,Klem in de draaideur,Arthur Docters van Leeuwen en het Ministerie van Justitie 1995-1998,dut,1.0000,905018524X,Balans,2000,,,NOT_PROBED,,,,,NO,NO,135.0000,144.0000,REJECT,No cover candidate.,
NL,HISTORY_SOCIETY,Ad van Liempt,2,6,9,/works/OL30592250W,Leven in bezet Nederland 1940-1945,Ad Van Liempt,1.0000,2020,/books/OL42058741M,Leven in bezet Nederland 1940-1945,6 delen,dut,1.0000,9789000365081,Spectrum,"Apr 09, 2020",,,NOT_PROBED,,,,,NO,NO,135.0000,144.0000,REJECT,No cover candidate.,
NL,HISTORY_SOCIETY,Ad van Liempt,2,6,9,/works/OL23301641W,Na de bevrijding,Ad van Liempt,1.0000,2014,/books/OL31148431M,Na de bevrijding,de loodzware jaren 1945-1950,dut,1.0000,9789460036927,Uitgeverij Balans,2014,,,NOT_PROBED,,,,,NO,NO,135.0000,144.0000,REJECT,No cover candidate.,
NL,HISTORY_SOCIETY,Ad van Liempt,2,6,9,/works/OL23202639W,Nederland valt aan,Ad van Liempt,1.0000,2012,/books/OL31036880M,Nederland valt aan,"op weg naar oorlog met Indonesië, 1947",dut,1.0000,9789460034015,Balans,2012,,,NOT_PROBED,,,,,NO,NO,135.0000,144.0000,REJECT,No cover candidate.,
NL,HISTORY_SOCIETY,Ad van Liempt,2,6,9,/works/OL22406981W,Sport in de oorlog,Ad van Liempt | Jan Luitzen | Erik Brouwer,1.0000,2010,/books/OL30494700M,Sport in de oorlog,meer verzetje dan verzet,dut,1.0000,9789020419368,Veen,2010,,,NOT_PROBED,,,,,NO,NO,135.0000,144.0000,REJECT,No cover candidate.,
NL,HISTORY_SOCIETY,Ad van Liempt,2,6,9,/works/OL23161108W,Sportlegendes 2,Ad van Liempt | Jan Luitzen,1.0000,2013,/books/OL30998634M,Sportlegendes 2,twaalf winnaars die geschiedenis schreven,dut,1.0000,9789460036842,Uitgeverij Balans,2013,,,NOT_PROBED,,,,,NO,NO,135.0000,144.0000,REJECT,No cover candidate.,
NL,HISTORY_SOCIETY,Ad van Liempt,2,6,9,/works/OL33277115W,Studio sport,Ad van Liempt | Jan Luitzen,1.0000,2009,/books/OL45172776M,Studio sport,50 jaar,dut,1.0000,9789020412543,L.J. Veen,2009,,,NOT_PROBED,,,,,NO,NO,135.0000,144.0000,REJECT,No cover candidate.,
NL,HISTORY_SOCIETY,Ad van Liempt,2,6,9,/works/OL31431023W,Wonen in dammen en mijnen,Ad van Liempt,1.0000,2013,/books/OL43086897M,Wonen in dammen en mijnen,"komst, bewoning en het weer verdwijnen van 19e- eeuwse werkmanswoningen in Waalwijk",dut,1.0000,9789461900746,Van Liempt,2013,,,NOT_PROBED,,,,,NO,NO,135.0000,144.0000,REJECT,No cover candidate.,
NL,HISTORY_SOCIETY,Chris van der Heijden,2,6,9,/works/OL42372318W,"Bevolking en bestaan in Gilze-Rijen, 1850-1914",Chris van der Heijden,1.0000,1984,/books/OL57486047M,"Bevolking en bestaan in Gilze-Rijen, 1850-1914",,dut,1.0000,9070846039,Katholieke Leergangen,1984,,,NOT_PROBED,,,,,NO,NO,135.0000,144.0000,REJECT,No cover candidate.,
NL,HISTORY_SOCIETY,Chris van der Heijden,2,6,9,/works/OL19196871W,"COBRA, 40 jaar later =",Chris van der Heijden | Cobra (Association),1.0000,1988,/books/OL2236282M,"COBRA, 40 jaar later =","COBRA, 40 years after",dut | eng,1.0000,9012059143,SDU,1988,,,NOT_PROBED,,,,,NO,NO,135.0000,144.0000,REJECT,No cover candidate.,
NL,HISTORY_SOCIETY,Chris van der Heijden,2,6,9,/works/OL4507503W,"Daghani, daghani",Chris van der Heijden,1.0000,1989,/books/OL1911739M,"Daghani, daghani",verhalen,dut,1.0000,9025466605,Contact,1989,,,NOT_PROBED,,,,,NO,NO,135.0000,144.0000,REJECT,No cover candidate.,
NL,HISTORY_SOCIETY,Chris van der Heijden,2,6,9,/works/OL16593017W,Dat nooit meer,Chris van der Heijden,1.0000,2011,/books/OL25277256M,Dat nooit meer,de nasleep van de Tweede Wereldoorlog in Nederland,dut,1.0000,9789025420949,Contact,2011,,,NOT_PROBED,,,,,NO,NO,135.0000,144.0000,REJECT,No cover candidate.,
NL,HISTORY_SOCIETY,Chris van der Heijden,2,6,9,/works/OL45193247W,Handleiding ter bestrijding van extreem-rechts,Chris van der Heijden | Léon de Winter,1.0000,1994,/books/OL61620324M,Handleiding ter bestrijding van extreem-rechts,,dut,1.0000,9023434277,De Bezige Bij,1994,,,NOT_PROBED,,,,,NO,NO,135.0000,144.0000,REJECT,No cover candidate.,
NL,HISTORY_SOCIETY,Chris van der Heijden,2,6,9,/works/OL4507505W,Het bejaardenoffensief,Chris van der Heijden,1.0000,2002,/books/OL3753000M,Het bejaardenoffensief,verhalen,dut,1.0000,9025401511,Contact,2002,,,NOT_PROBED,,,,,NO,NO,135.0000,144.0000,REJECT,No cover candidate.,
NL,HISTORY_SOCIETY,Chris van der Heijden,2,6,9,/works/OL15065885W,"Israël, een onherstelbare vergissing",Chris van der Heijden,1.0000,2008,/books/OL23988254M,"Israël, een onherstelbare vergissing",,dut,1.0000,9789025428365,Contact,2008,,,NOT_PROBED,,,,,NO,NO,135.0000,144.0000,REJECT,No cover candidate.,
NL,HISTORY_SOCIETY,Chris van der Heijden,2,6,9,/works/OL23333522W,Kinderen van foute ouders,Chris van der Heijden,1.0000,2014,/books/OL31183561M,Kinderen van foute ouders,hun verhaal,dut,1.0000,9789045026220,Uitgeverij Atlas Contact,2014,,,NOT_PROBED,,,,,NO,NO,135.0000,144.0000,REJECT,No cover candidate.,
NL,HISTORY_SOCIETY,Chris van der Heijden,2,6,9,/works/OL4507508W,Monnik zonder God,Chris van der Heijden,1.0000,1988,/books/OL2138263M,Monnik zonder God,tocht naar het kloosterleven,dut,1.0000,9064810818,Kwadraat,1988,,,NOT_PROBED,,,,,NO,NO,135.0000,144.0000,REJECT,No cover candidate.,
NL,HISTORY_SOCIETY,Chris van der Heijden,2,6,9,/works/OL39601121W,Paus Franciscus,Chris van der Heijden,1.0000,2013,/books/OL53870394M,Paus Franciscus,de nederigheid aan de macht,dut,1.0000,9789043522434,Kok,2013,,,NOT_PROBED,,,,,NO,NO,135.0000,144.0000,REJECT,No cover candidate.,
NL,HISTORY_SOCIETY,Chris van der Heijden,2,6,9,/works/OL23718596W,"Schittering van Spanje, 1598-1648",Chris van der Heijden | Marina Alfonso Mola | Carlos Martínez Shaw,1.0000,1998,/books/OL85884M,"Schittering van Spanje, 1598-1648",van Cervantes tot Velázquez,dut,1.0000,9040092974,Waanders,1998,,,NOT_PROBED,,,,,NO,NO,135.0000,144.0000,REJECT,No cover candidate.,
NL,HISTORY_SOCIETY,Chris van der Heijden,2,6,9,/works/OL43204406W,Spiegelzaal van onze tijd,Chris van der Heijden,1.0000,2017,/books/OL58842021M,Spiegelzaal van onze tijd,LINDA. en de Nederlandse samenleving,dut,1.0000,9789045033815,Atlas Contact,2017,,,NOT_PROBED,,,,,NO,NO,135.0000,144.0000,REJECT,No cover candidate.,
NL,HISTORY_SOCIETY,Chris van der Heijden,2,6,9,/works/OL44452472W,Te goed geregeld,Chris van der Heijden,1.0000,2019,/books/OL60718835M,Te goed geregeld,de overorganisatie van Nederland,dut,1.0000,9789045037219,Atlas Contact,2019,,,NOT_PROBED,,,,,NO,NO,135.0000,144.0000,REJECT,No cover candidate.,
NL,HISTORY_SOCIETY,Chris van der Heijden,2,6,9,/works/OL35530879W,Zand in de machine,Chris van der Heijden,1.0000,2007,/books/OL47962260M,Zand in de machine,Managerscultuur in Nederland,dut,1.0000,9789025426781,Contact,2007,,,NOT_PROBED,,,,,NO,NO,135.0000,144.0000,REJECT,No cover candidate.,
NL,HISTORY_SOCIETY,Chris van der Heijden,2,6,9,/works/OL23118093W,Zwarte canon,Chris van der Heijden,1.0000,2013,/books/OL30959822M,Zwarte canon,over de schaduwzijde van de geschiedenis,dut,1.0000,9789045023663,Uitgeverij Atlas Contact,2013,,,NOT_PROBED,,,,,NO,NO,135.0000,144.0000,REJECT,No cover candidate.,
NL,HISTORY_SOCIETY,Chris van der Heijden,2,6,9,/works/OL4507510W,Zwarte renaissance,Chris van der Heijden,1.0000,1998,/books/OL23041496M,Zwarte renaissance,"Spanje en de wereld, 1492-1536",dut,1.0000,9025421393,Uitgeverij Contact,1998,,,NOT_PROBED,,,,,NO,NO,135.0000,144.0000,REJECT,No cover candidate.,
NL,HISTORY_SOCIETY,Gert Oostindie,2,6,9,/works/OL22604119W,De gouverneurs van de Nederlandse Antillen sinds 1815,Gert Oostindie,1.0000,2011,/books/OL30631537M,De gouverneurs van de Nederlandse Antillen sinds 1815,,dut,1.0000,9789067183444,KITLV,2011,,,NOT_PROBED,,,,,NO,NO,135.0000,144.0000,REJECT,No cover candidate.,
NL,HISTORY_SOCIETY,Gert Oostindie,2,6,9,/works/OL19243767W,Dromen en littekens,Gert Oostindie,1.0000,1999,/books/OL125355M,Dromen en littekens,"dertig jaar na de Curaçaose revolte, 30 mei 1969",dut,1.0000,9053563571,Amsterdam University Press,1999,,,NOT_PROBED,,,,,NO,NO,135.0000,144.0000,REJECT,No cover candidate.,
NL,HISTORY_SOCIETY,Gert Oostindie,2,6,9,/works/OL19227367W,Echo van Eldorado,Rosemarijn Hoefte | Gert Oostindie,1.0000,1996,/books/OL567254M,Echo van Eldorado,,dut,1.0000,906718098X,KITLV,1996,,,NOT_PROBED,,,,,NO,NO,135.0000,144.0000,REJECT,No cover candidate.,
NL,HISTORY_SOCIETY,Gert Oostindie,2,6,9,/works/OL16666915W,Gedeeld Koninkrijk,Gert Oostindie,1.0000,2012,/books/OL25342259M,Gedeeld Koninkrijk,de ontmanteling van de Nederlandse Antillen en de vernieuwing van de trans-Atlantische relaties,dut,1.0000,9789089643919,Amsterdam University Press,2012,,,NOT_PROBED,,,,,NO,NO,135.0000,144.0000,REJECT,No cover candidate.,
NL,HISTORY_SOCIETY,Gert Oostindie,2,6,9,/works/OL43591585W,Het koloniale verleden van Rotterdam,Gert Oostindie,1.0000,2020,/books/OL59420676M,Het koloniale verleden van Rotterdam,,dut,1.0000,9789024432257,Boom,2020,,,NOT_PROBED,,,,,NO,NO,135.0000,144.0000,REJECT,No cover candidate.,
NL,HISTORY_SOCIETY,Gert Oostindie,2,6,9,/works/OL45186912W,Het koninkrijk in de Caraïben,Gert Oostindie | Inge Klinkers,1.0000,2001,/books/OL61612585M,Het koninkrijk in de Caraïben,"een korte geschiedenis van het Nederlandse dekolonisatiebeleid in de Caraïben, 1940-2000",dut,1.0000,9053564667,Amsterdam University Press,2001,,,NOT_PROBED,,,,,NO,NO,135.0000,144.0000,REJECT,No cover candidate.,
NL,HISTORY_SOCIETY,Gert Oostindie,2,6,9,/works/OL19261205W,Het verleden onder ogen,Gert Oostindie,1.0000,1999,/books/OL20885954M,Het verleden onder ogen,herdenking van de slavernij,dut,1.0000,9069743760,Arena,1999,,,NOT_PROBED,,,,,NO,NO,135.0000,144.0000,REJECT,No cover candidate.,
NL,HISTORY_SOCIETY,Gert Oostindie,2,6,9,/works/OL23408135W,Postkoloniaal Nederland,Gert Oostindie,1.0000,2010,/books/OL31264806M,Postkoloniaal Nederland,"vijfenzestig jaar vergeten, herdenken, verdringen",dut,1.0000,9789035134973,Bert Bakker,2010,,,NOT_PROBED,,,,,NO,NO,135.0000,144.0000,REJECT,No cover candidate.,
NL,HISTORY_SOCIETY,Gert Oostindie,2,6,9,/works/OL32164036W,Postkoloniale monumenten van Nederland,Gert Oostindie,1.0000,2011,/books/OL43902325M,Postkoloniale monumenten van Nederland,Post-colonial monuments in the Netherlands,dut | eng,1.0000,9789067183772,KITLV Press,2011,,,NOT_PROBED,,,,,NO,NO,135.0000,144.0000,REJECT,No cover candidate.,
NL,HISTORY_SOCIETY,Gert Oostindie,2,6,9,/works/OL19187690W,Sociaal-wetenschappelijk onderzoek Nederlandse Antillen,Ingrid Koulen | Gert Oostindie | Peter Verton,1.0000,1984,/books/OL2605402M,Sociaal-wetenschappelijk onderzoek Nederlandse Antillen,inventarisatie (1967-1984) en prioriteiten,dut,1.0000,9067180084,Caraibische Afd. KITLV,1984,,,NOT_PROBED,,,,,NO,NO,135.0000,144.0000,REJECT,No cover candidate.,
NL,HISTORY_SOCIETY,Gert Oostindie,2,6,9,/works/OL43455851W,"Soldaat in Indonesië, 1945-1950",Gert Oostindie | Ireen Hoogenboom | Jonathan Verwey,1.0000,2015,/books/OL59223085M,"Soldaat in Indonesië, 1945-1950",getuigenissen van een oorlog aan de verkeerde kant van de geschiedenis,dut,1.0000,9789035143494,Prometheus,2015,,,NOT_PROBED,,,,,NO,NO,135.0000,144.0000,REJECT,No cover candidate.,
NL,HISTORY_SOCIETY,Gert Oostindie,2,6,9,/works/OL45813001W,Sporen van de slavernij in Leiden,Gert Oostindie | Karwan Fatah-Black | Roos Knigge,1.0000,2017,/books/OL62351094M,Sporen van de slavernij in Leiden,,dut,1.0000,9789087283001,Leiden Publications,2017,,,NOT_PROBED,,,,,NO,NO,135.0000,144.0000,REJECT,No cover candidate.,
NL,HISTORY_SOCIETY,Herman Pleij,2,6,9,/works/OL23265956W,"Anna Bijns, van Antwerpen",Herman Pleij,1.0000,2011,/books/OL31106846M,"Anna Bijns, van Antwerpen",,dut,1.0000,9789035136236,Bakker,2011,,,NOT_PROBED,,,,,NO,NO,135.0000,144.0000,REJECT,No cover candidate.,
NL,HISTORY_SOCIETY,Herman Pleij,2,6,9,/works/OL39531225W,De eeuw van de zotheid,Herman Pleij,1.0000,2007,/books/OL53785484M,De eeuw van de zotheid,over de nar als maatschappelijk houvast in de vroegmoderne tijd,dut,1.0000,9789035131415,Bakker,2007,,,NOT_PROBED,,,,,NO,NO,135.0000,144.0000,REJECT,No cover candidate.,
NL,HISTORY_SOCIETY,Herman Pleij,2,6,9,/works/OL37349754W,De pastoor van Kalenberg,Hinke van Kampen | Herman Pleij,1.0000,1981,/books/OL50337588M,De pastoor van Kalenberg,een laatmiddeleeuwse anekdotenverzameling,dut,1.0000,9062835570,D. Coutinho,1981,,,NOT_PROBED,,,,,NO,NO,135.0000,144.0000,REJECT,No cover candidate.,
NL,HISTORY_SOCIETY,Herman Pleij,2,6,9,/works/OL2128354W,De wereld volgens Thomas van der Noot,Herman Pleij,1.0000,1982,/books/OL14067898M,De wereld volgens Thomas van der Noot,oekdrukker en uitgever te Brussel in het eerste kwart van de zestiende eeuw,dut,1.0000,9062835937,D. Coutinho,1982,,,NOT_PROBED,,,,,NO,NO,135.0000,144.0000,REJECT,No cover candidate.,
NL,HISTORY_SOCIETY,Herman Pleij,2,6,9,/works/OL44790777W,Geluk!?,Herman Pleij,1.0000,2017,/books/OL61151048M,Geluk!?,van hemelse gave tot hebbeding,dut,1.0000,9789059654488,Stichting CPNB,2017,,,NOT_PROBED,,,,,NO,NO,135.0000,144.0000,REJECT,No cover candidate.,
NL,HISTORY_SOCIETY,Herman Pleij,2,6,9,/works/OL2128356W,Het gevleugelde woord,Herman Pleij,1.0000,2007,/books/OL16948340M,Het gevleugelde woord,geschiedenis van de Nederlandse literatuur 1400-1560,dut,1.0000,9789035130449,Bert Bakker,2007,,,NOT_PROBED,,,,,NO,NO,135.0000,144.0000,REJECT,No cover candidate.,
NL,HISTORY_SOCIETY,Herman Pleij,2,6,9,/works/OL2128357W,Het Nederlandse onbehagen,Herman Pleij,1.0000,1991,/books/OL1641941M,Het Nederlandse onbehagen,,dut,1.0000,9053330682,Prometheus,1991,,,NOT_PROBED,,,,,NO,NO,135.0000,144.0000,REJECT,No cover candidate.,
NL,HISTORY_SOCIETY,Herman Pleij,2,6,9,/works/OL2128358W,Hollands welbehagen,Herman Pleij,1.0000,1998,/books/OL430762M,Hollands welbehagen,,dut,1.0000,9053336303,Prometheus,1998,,,NOT_PROBED,,,,,NO,NO,135.0000,144.0000,REJECT,No cover candidate.,
NL,HISTORY_SOCIETY,Herman Pleij,2,6,9,/works/OL32793290W,"Jan van Eyck, Rogier van der Weyden en de ontdekking van de wereld",Jean Paul van Bendegem | Iñigo Kristien Marcel Bocken | Antoine Bodar | Paul Huvenne | H. W. van Os | Herman Pleij | Jeroen Stumpel | Katharina van Cauteren,1.0000,2014,/books/OL44616424M,"Jan van Eyck, Rogier van der Weyden en de ontdekking van de wereld",,dut,1.0000,9789072250001,Rijksmuseum Twenthe,2014,,,NOT_PROBED,,,,,NO,NO,135.0000,144.0000,REJECT,No cover candidate.,
NL,HISTORY_SOCIETY,Herman Pleij,2,6,9,/works/OL2128360W,Komt een vrouwtje bij de drukker---,Herman Pleij,1.0000,2008,/books/OL17038074M,Komt een vrouwtje bij de drukker---,over gezichtsveranderingen van de literatuur uit de late Middeleeuwen,dut,1.0000,9789035132498,Bert Bakker,2008,,,NOT_PROBED,,,,,NO,NO,135.0000,144.0000,REJECT,No cover candidate.,
NL,HISTORY_SOCIETY,Herman Pleij,2,6,9,/works/OL37220814W,Middeleeuwse verhalen uit de Lage Landen,Ingrid Biesheuvel | Herman Pleij,1.0000,2008,/books/OL50181693M,Middeleeuwse verhalen uit de Lage Landen,,dut,1.0000,9789025363833,Athenaeum-Polak & Van Gennep,2008,,,NOT_PROBED,,,,,NO,NO,135.0000,144.0000,REJECT,No cover candidate.,
NL,HISTORY_SOCIETY,Herman Pleij,2,6,9,/works/OL45224876W,Moet nog steeds kunnen,Herman Pleij,1.0000,2016,/books/OL61659573M,Moet nog steeds kunnen,op zoek naar een Nederlandse identiteit,dut,1.0000,9789035144675,Prometheus,2016,,,NOT_PROBED,,,,,NO,NO,135.0000,144.0000,REJECT,No cover candidate.,
NL,HISTORY_SOCIETY,Herman Pleij,2,6,9,/works/OL30709876W,Oefeningen in genot,Herman Pleij,1.0000,2020,/books/OL42207235M,Oefeningen in genot,liefde en lust in de late Middeleeuwen,dut,1.0000,9789044642803,Prometheus,"Jan 23, 2020",,,NOT_PROBED,,,,,NO,NO,135.0000,144.0000,REJECT,No cover candidate.,
NL,HISTORY_SOCIETY,Herman Pleij,2,6,9,/works/OL2128363W,Tegen de barbarij,Herman Pleij,1.0000,1999,/books/OL6819280M,Tegen de barbarij,tien stukken over vaderlandse beschaving,dut,1.0000,9053338365,Prometheus,1999,,,NOT_PROBED,,,,,NO,NO,135.0000,144.0000,REJECT,No cover candidate.,
NL,HISTORY_SOCIETY,Herman Pleij,2,6,9,/works/OL23853037W,"Van karmijn, purper en blauw",Herman Pleij,1.0000,2002,/books/OL31572625M,"Van karmijn, purper en blauw",over kleuren van de Middeleeuwen en daarna,dut,1.0000,9044601008,Prometheus,2002,,,NOT_PROBED,,,,,NO,NO,135.0000,144.0000,REJECT,No cover candidate.,
NL,HISTORY_SOCIETY,Luc Panhuysen,2,6,9,/works/OL22101560W,De beloofde stad,Luc Panhuysen,1.0000,2000,/books/OL30132253M,De beloofde stad,opkomst en ondergang van het koninkrijk der wederdopers,dut,1.0000,9045001713,Atlas,2000,,,NOT_PROBED,,,,,NO,NO,135.0000,144.0000,REJECT,No cover candidate.,
NL,HISTORY_SOCIETY,Luc Panhuysen,2,6,9,/works/OL41256479W,De Gouden Eeuw,Luc Panhuysen,1.0000,2013,/books/OL56041031M,De Gouden Eeuw,in 17 portretten en momenten,dut,1.0000,9789085714248,Veen Media,2013,,,NOT_PROBED,,,,,NO,NO,135.0000,144.0000,REJECT,No cover candidate.,
NL,HISTORY_SOCIETY,Luc Panhuysen,2,6,9,/works/OL24007568W,De ware vrijheid,Luc Panhuysen,1.0000,2005,/books/OL31705940M,De ware vrijheid,de levens van Johan en Cornelis de Witt,dut,1.0000,904501422X,Atlas,2005,,,NOT_PROBED,,,,,NO,NO,135.0000,144.0000,REJECT,No cover candidate.,
NL,HISTORY_SOCIETY,Luc Panhuysen,2,6,9,/works/OL16366485W,Een Nederlander in de wildernis,Luc Panhuysen,1.0000,2010,/books/OL25144343M,Een Nederlander in de wildernis,de ontdekkingsreizen van Robert Jacob Gordon (1743-1795) in Zuid-Afrika,dut,1.0000,9086890660,Rijksmuseum,2010,,,NOT_PROBED,,,,,NO,NO,135.0000,144.0000,REJECT,No cover candidate.,
NL,HISTORY_SOCIETY,Luc Panhuysen,2,6,9,/works/OL44214282W,Het Monsterschip,Luc Panhuysen,1.0000,2021,/books/OL60445040M,Het Monsterschip,Maarten Tromp en de Armada van 1639,dut,1.0000,9789045040714,Atlas Contact,2021,,,NOT_PROBED,,,,,NO,NO,135.0000,144.0000,REJECT,No cover candidate.,
NL,HISTORY_SOCIETY,Luc Panhuysen,2,6,9,/works/OL23824190W,Jantje van Leiden,Luc Panhuysen,1.0000,2003,/books/OL31548472M,Jantje van Leiden,,dut,1.0000,9065504613,Verloren,2003,,,NOT_PROBED,,,,,NO,NO,135.0000,144.0000,REJECT,No cover candidate.,
NL,HISTORY_SOCIETY,Luc Panhuysen,2,6,9,/works/OL31198392W,Ooggetuigen van de Tachtigjarige Oorlog,Luc Panhuysen | Rene  van Stipriaan,1.0000,2018,/books/OL42858569M,Ooggetuigen van de Tachtigjarige Oorlog,van de eerste ruzie tot het laatste kanonschot,dut,1.0000,9789021415383,Querido,"Oct 16, 2018",,,NOT_PROBED,,,,,NO,NO,135.0000,144.0000,REJECT,No cover candidate.,
NL,HISTORY_SOCIETY,Luc Panhuysen,2,6,9,/works/OL45054925W,Oranje tegen de Zonnekoning,Luc Panhuysen,1.0000,2016,/books/OL61457561M,Oranje tegen de Zonnekoning,de strijd tussen Willem III en Lodewijk XIV om Europa,dut,1.0000,9789045023298,Uitgeverij Atlas Contact,2016,,,NOT_PROBED,,,,,NO,NO,135.0000,144.0000,REJECT,No cover candidate.,
NL,HISTORY_SOCIETY,Luc Panhuysen,2,6,9,/works/OL18773940W,Rampjaar 1672,Luc Panhuysen,1.0000,2009,/books/OL24038559M,Rampjaar 1672,hoe de Republiek aan de ondergang ontsnapte,dut,1.0000,9789045013282,Atlas,2009,,,NOT_PROBED,,,,,NO,NO,135.0000,144.0000,REJECT,No cover candidate.,
NL,HISTORY_SOCIETY,Ad van Liempt,2,6,9,/works/OL33454045W,De geschiedenis van Studio Sport,Ad van Liempt | Jan Luitzen | Marcel Goedhart,1.0000,2010,/books/OL45367318M,De geschiedenis van Studio Sport,,dut,1.0000,,Veen,2010,,,NOT_PROBED,,,,,NO,NO,129.0000,133.0000,REJECT,No cover candidate.,
NL,SCIENCE_CULTURE,Govert Schilling,1,8,12,/works/OL4062201W,Blik op oneindig,Govert Schilling,1.0000,1985,/books/OL2296397M,Blik op oneindig,de meest spectaculaire onderwerpen uit de sterrenkunde,dut,1.0000,9022837971,Romen,1985,,12346587,VALID_COVER,351,500,JPEG,data/cache/nl-mass-editorial-engine/covers/NL-OL2296397M.jpeg,NO,NO,167.0000,201.0000,AUTO_ACCEPT,Strong author/title/language match and validated physical cover.,
NL,SCIENCE_CULTURE,Govert Schilling,1,8,12,/works/OL26181471W,De jacht op planeet X,Govert Schilling,1.0000,2007,/books/OL35331184M,De jacht op planeet X,sterrenkundigen ontdekken de buitendelen van het zonnestelsel,dut,1.0000,9789059561946,Fontaine Uitgevers,2007,,12150067,VALID_COVER,288,500,JPEG,data/cache/nl-mass-editorial-engine/covers/NL-OL35331184M.jpeg,NO,NO,167.0000,201.0000,AUTO_ACCEPT,Strong author/title/language match and validated physical cover.,
NL,SCIENCE_CULTURE,Govert Schilling,1,8,12,/works/OL24437291W,Gezichten van de maan,Govert Schilling,1.0000,1994,/books/OL32367229M,Gezichten van de maan,"feiten, fabels en fascinatie",dut,1.0000,9789068341416,Aramith,1994,,11017026,VALID_COVER,326,500,JPEG,data/cache/nl-mass-editorial-engine/covers/NL-OL32367229M.jpeg,NO,NO,167.0000,201.0000,AUTO_ACCEPT,Strong author/title/language match and validated physical cover.,
NL,SCIENCE_CULTURE,Govert Schilling,1,8,12,/works/OL24684700W,Handboek sterrenkunde,Govert Schilling,1.0000,2012,/books/OL32763927M,Handboek sterrenkunde,,dut,1.0000,9789059564077,Fontaine Uitgevers,2012,,11390629,VALID_COVER,411,500,JPEG,data/cache/nl-mass-editorial-engine/covers/NL-OL32763927M.jpeg,NO,NO,167.0000,201.0000,AUTO_ACCEPT,Strong author/title/language match and validated physical cover.,
NL,SCIENCE_CULTURE,Govert Schilling,1,8,12,/works/OL24809314W,Suske en Wiske ruimteboek,Govert Schilling,1.0000,2002,/books/OL32966748M,Suske en Wiske ruimteboek,,dut,1.0000,9789077078020,Standaard,2002,,11578742,VALID_COVER,375,500,JPEG,data/cache/nl-mass-editorial-engine/covers/NL-OL32966748M.jpeg,NO,NO,167.0000,201.0000,AUTO_ACCEPT,Strong author/title/language match and validated physical cover.,
NL,SCIENCE_CULTURE,Govert Schilling,1,8,12,/works/OL4062205W,Tweeling aarde,Govert Schilling,1.0000,2003,/books/OL12802110M,Tweeling aarde,de speurtocht naar leven in andere planetenstelsels,dut,1.0000,9789028417496,Uitgeverij Wereldbibliotheek,"December 22, 2003",,3338641,VALID_COVER,368,500,JPEG,data/cache/nl-mass-editorial-engine/covers/NL-OL12802110M.jpeg,NO,NO,167.0000,201.0000,AUTO_ACCEPT,Strong author/title/language match and validated physical cover.,
NL,SCIENCE_CULTURE,Louise Fresco,1,7,10,/works/OL1650700W,Bambusa,Louise Fresco,1.0000,1990,/books/OL1582354M,Bambusa,,dut,1.0000,9053330240,Prometheus,1990,,6374707,VALID_COVER,150,243,JPEG,data/cache/nl-mass-editorial-engine/covers/NL-OL1582354M.jpeg,NO,NO,167.0000,201.0000,AUTO_ACCEPT,Strong author/title/language match and validated physical cover.,
NL,SCIENCE_CULTURE,Louise Fresco,1,7,10,/works/OL1650703W,De ondraaglijke lichtheid van de vleermuis,Louise Fresco,1.0000,1997,/books/OL285950M,De ondraaglijke lichtheid van de vleermuis,essays & beschouwingen,dut,1.0000,9053335587,Prometheus,1997,,6374706,VALID_COVER,160,253,JPEG,data/cache/nl-mass-editorial-engine/covers/NL-OL285950M.jpeg,NO,NO,167.0000,201.0000,AUTO_ACCEPT,Strong author/title/language match and validated physical cover.,
NL,SCIENCE_CULTURE,Midas Dekkers,1,8,12,/works/OL24748637W,De flamingo en andere beesten,Midas Dekkers,1.0000,1992,/books/OL32859026M,De flamingo en andere beesten,,dut,1.0000,9789025401641,Contact,1992,,11491219,VALID_COVER,309,500,JPEG,data/cache/nl-mass-editorial-engine/covers/NL-OL32859026M.jpeg,NO,NO,167.0000,201.0000,AUTO_ACCEPT,Strong author/title/language match and validated physical cover.,
NL,SCIENCE_CULTURE,Midas Dekkers,1,8,12,/works/OL24419812W,De hommel en andere beesten,Midas Dekkers,1.0000,2005,/books/OL32345367M,De hommel en andere beesten,,dut,1.0000,9789025426347,Contact,2005,,10968726,VALID_COVER,305,500,JPEG,data/cache/nl-mass-editorial-engine/covers/NL-OL32345367M.jpeg,NO,NO,167.0000,201.0000,AUTO_ACCEPT,Strong author/title/language match and validated physical cover.,
NL,SCIENCE_CULTURE,Midas Dekkers,1,8,12,/works/OL23305978W,De kleine verlossing of de lust van ontlasten,Midas Dekkers,1.0000,2014,/books/OL31153302M,De kleine verlossing of de lust van ontlasten,,dut,1.0000,9789045026480,Uitgeverij Atlas Contact,2014,,13118612,VALID_COVER,347,500,JPEG,data/cache/nl-mass-editorial-engine/covers/NL-OL31153302M.jpeg,NO,NO,167.0000,201.0000,AUTO_ACCEPT,Strong author/title/language match and validated physical cover.,
NL,SCIENCE_CULTURE,Midas Dekkers,1,8,12,/works/OL27059819W,De pinguïn en andere beesten,Midas Dekkers,1.0000,1990,/books/OL36692387M,De pinguïn en andere beesten,,dut,1.0000,9789025468422,Contact,1990,,12577279,VALID_COVER,297,500,JPEG,data/cache/nl-mass-editorial-engine/covers/NL-OL36692387M.jpeg,NO,NO,167.0000,201.0000,AUTO_ACCEPT,Strong author/title/language match and validated physical cover.,
NL,SCIENCE_CULTURE,Midas Dekkers,1,8,12,/works/OL29229262W,De tor en de koeskoes,Midas Dekkers,1.0000,2006,/books/OL40205001M,De tor en de koeskoes,,dut,1.0000,9789046703434,Pandora,2006,,12957316,VALID_COVER,302,500,JPEG,data/cache/nl-mass-editorial-engine/covers/NL-OL40205001M.jpeg,NO,NO,167.0000,201.0000,AUTO_ACCEPT,Strong author/title/language match and validated physical cover.,
NL,SCIENCE_CULTURE,Midas Dekkers,1,8,12,/works/OL24684651W,Het grote moment,Midas Dekkers,1.0000,1997,/books/OL32763879M,Het grote moment,hoe dieren geboren worden,dut,1.0000,9789024514700,Piramide,1997,,11390562,VALID_COVER,317,500,JPEG,data/cache/nl-mass-editorial-engine/covers/NL-OL32763879M.jpeg,NO,NO,167.0000,201.0000,AUTO_ACCEPT,Strong author/title/language match and validated physical cover.,
NL,SCIENCE_CULTURE,Midas Dekkers,1,8,12,/works/OL29230424W,Over de lijn,Midas Dekkers,1.0000,1994,/books/OL40206277M,Over de lijn,,dut,1.0000,9789066113237,Het Nederlands Zuivelbureau,1994,,12959762,VALID_COVER,385,500,JPEG,data/cache/nl-mass-editorial-engine/covers/NL-OL40206277M.jpeg,NO,NO,167.0000,201.0000,AUTO_ACCEPT,Strong author/title/language match and validated physical cover.,
NL,SCIENCE_CULTURE,Midas Dekkers,1,8,12,/works/OL16492979W,Poes,Midas Dekkers,1.0000,2009,/books/OL25192491M,Poes,Verhalen over de poes,dut,1.0000,9789025430825,Uitgeverij Contact,2009,,7026263,VALID_COVER,286,500,JPEG,data/cache/nl-mass-editorial-engine/covers/NL-OL25192491M.jpeg,NO,NO,167.0000,201.0000,AUTO_ACCEPT,Strong author/title/language match and validated physical cover.,
NL,SCIENCE_CULTURE,Midas Dekkers,1,8,12,/works/OL16492950W,Rood,Midas Dekkers,1.0000,2011,/books/OL25192464M,Rood,Een bekoring,dut,1.0000,9789025435776,Uitgeverij Contact,2011,,7026240,VALID_COVER,311,500,JPEG,data/cache/nl-mass-editorial-engine/covers/NL-OL25192464M.jpeg,NO,NO,167.0000,201.0000,AUTO_ACCEPT,Strong author/title/language match and validated physical cover.,
NL,SCIENCE_CULTURE,Midas Dekkers,1,8,12,/works/OL27970482W,Vroege Vogels,Midas Dekkers | Joost Huijsing,1.0000,2011,/books/OL38239277M,Vroege Vogels,"de mooiste verhalen uit het populaire radioprogramma : met Midas Dekkers, Youp van 't Hek, Claudia de Breij, Maarten 't Hart, Hans Dorrestijn en 32 anderen",dut,1.0000,9789461560490,Bertram+de Leeuw Uitgevers,2011,,12783158,VALID_COVER,287,500,JPEG,data/cache/nl-mass-editorial-engine/covers/NL-OL38239277M.jpeg,NO,NO,167.0000,201.0000,AUTO_ACCEPT,Strong author/title/language match and validated physical cover.,
NL,SCIENCE_CULTURE,Robbert Dijkgraaf,1,7,10,/works/OL28965292W,De bètacanon,Robbert Dijkgraaf,1.0000,2008,/books/OL39825269M,De bètacanon,wat iedereen moet weten van de natuurwetenschappen,dut,1.0000,9789029080552,De Volkskrant,2008,,12950141,VALID_COVER,455,500,JPEG,data/cache/nl-mass-editorial-engine/covers/NL-OL39825269M.jpeg,NO,NO,167.0000,201.0000,AUTO_ACCEPT,Strong author/title/language match and validated physical cover.,
NL,SCIENCE_CULTURE,Vincent Icke,1,7,10,/works/OL26183862W,Krachten,Vincent Icke,1.0000,2005,/books/OL35333768M,Krachten,wat iedereen voelt en niemand begrijpt,dut,1.0000,9789085710097,Veen Magazines,2005,,12154295,VALID_COVER,309,500,JPEG,data/cache/nl-mass-editorial-engine/covers/NL-OL35333768M.jpeg,NO,NO,167.0000,201.0000,AUTO_ACCEPT,Strong author/title/language match and validated physical cover.,
NL,SCIENCE_CULTURE,Midas Dekkers,1,8,12,/works/OL17875921W,Zo goed als nieuw,Midas Dekkers,1.0000,,/books/OL26456440M,Zo goed als nieuw,,dut,1.0000,9789085160908,B for Books,,,8184775,VALID_COVER,337,500,JPEG,data/cache/nl-mass-editorial-engine/covers/NL-OL26456440M.jpeg,NO,NO,163.0000,197.0000,AUTO_ACCEPT,Strong author/title/language match and validated physical cover.,
NL,SCIENCE_CULTURE,Govert Schilling,1,8,12,/works/OL37176280W,Astronomie.nl.,Govert Schilling,1.0000,2008,/books/OL50135655M,Astronomie.nl.,een Hollandse kijk op het heelal,dut,1.0000,9789085711681,L.J. Veen,2008,,,NOT_PROBED,,,,,NO,NO,155.0000,164.0000,REJECT,No cover candidate.,
NL,SCIENCE_CULTURE,Govert Schilling,1,8,12,/works/OL37232781W,Atlas van atronomische ontdekkingen,Govert Schilling,1.0000,2008,/books/OL50194303M,Atlas van atronomische ontdekkingen,,dut,1.0000,9789059562806,Fontaine,2008,,,NOT_PROBED,,,,,NO,NO,155.0000,164.0000,REJECT,No cover candidate.,
NL,SCIENCE_CULTURE,Govert Schilling,1,8,12,/works/OL4062202W,De salon van God,Govert Schilling,1.0000,1993,/books/OL1517201M,De salon van God,speurtocht naar de architectuur van de kosmos,dut,1.0000,9028416366,Wereldbibliotheek,1993,,,NOT_PROBED,,,,,NO,NO,155.0000,164.0000,REJECT,No cover candidate.,
NL,SCIENCE_CULTURE,Govert Schilling,1,8,12,/works/OL33376062W,Gratis maar niet goedkoop,Govert Schilling,1.0000,2010,/books/OL45282381M,Gratis maar niet goedkoop,de kostbare wording van Dagblad De Pers,dut,1.0000,9789025367428,Athenaeum-Polak & van Gennep,2010,,,NOT_PROBED,,,,,NO,NO,155.0000,164.0000,REJECT,No cover candidate.,
NL,SCIENCE_CULTURE,Govert Schilling,1,8,12,/works/OL43597629W,Naar een voedselbeleid,Govert Schilling | Wetenschappelijke Raad voor het Regeringsbeleid (Netherlands),1.0000,2014,/books/OL59429188M,Naar een voedselbeleid,,dut,1.0000,9789089649461,Amsterdam University Press,2014,,,NOT_PROBED,,,,,NO,NO,155.0000,164.0000,REJECT,No cover candidate.,
NL,SCIENCE_CULTURE,Louise Fresco,1,7,10,/works/OL1650702W,De kosmopolieten,Louise Fresco,1.0000,2003,/books/OL3347299M,De kosmopolieten,,dut,1.0000,9044600885,Prometheus,2003,,,NOT_PROBED,,,,,NO,NO,155.0000,164.0000,REJECT,No cover candidate.,
NL,SCIENCE_CULTURE,Louise Fresco,1,7,10,/works/OL1650704W,De utopisten,Louise Fresco,1.0000,2007,/books/OL22669211M,De utopisten,,dut,1.0000,9789044610383,Prometheus,2007,,,NOT_PROBED,,,,,NO,NO,155.0000,164.0000,REJECT,No cover candidate.,
NL,SCIENCE_CULTURE,Midas Dekkers,1,8,12,/works/OL18837607W,"Aap, vis, boek",P. J. Verkruijsse | Chunglin Kwa | Midas Dekkers,1.0000,2007,/books/OL22544925M,"Aap, vis, boek",Linnaeus in de Artis Bibliotheek,dut,1.0000,9789040084348,Waanders,2007,,,NOT_PROBED,,,,,NO,NO,155.0000,164.0000,REJECT,No cover candidate.,
NL,SCIENCE_CULTURE,Midas Dekkers,1,8,12,/works/OL3029193W,Bestiarium,Midas Dekkers,1.0000,1977,/books/OL4651458M,Bestiarium,,dut,1.0000,9060194195,Bakker,1977,,,NOT_PROBED,,,,,NO,NO,155.0000,164.0000,REJECT,No cover candidate.,
NL,SCIENCE_CULTURE,Midas Dekkers,1,8,12,/works/OL22875041W,"De Grote stad, Amsterdam",Midas Dekkers,1.0000,1984,/books/OL2623919M,"De Grote stad, Amsterdam",,dut,1.0000,902909544X,Meulenhoff Informatief,1984,,,NOT_PROBED,,,,,NO,NO,155.0000,164.0000,REJECT,No cover candidate.,
NL,SCIENCE_CULTURE,Midas Dekkers,1,8,12,/works/OL3029195W,De larf,Midas Dekkers,1.0000,2002,/books/OL23040501M,De larf,Over kinderen en metamorfose,dut,1.0000,9025412963,Uitgeveri/Contact,2002,,,NOT_PROBED,,,,,NO,NO,155.0000,164.0000,REJECT,No cover candidate.,
NL,SCIENCE_CULTURE,Midas Dekkers,1,8,12,/works/OL44463909W,De thigmofiel,Midas Dekkers,1.0000,2015,/books/OL60731987M,De thigmofiel,het verlangen naar geborgenheid,dut,1.0000,9789045029481,Atlas Contact,2015,,,NOT_PROBED,,,,,NO,NO,155.0000,164.0000,REJECT,No cover candidate.,
NL,SCIENCE_CULTURE,Midas Dekkers,1,8,12,/works/OL3029196W,Eten is weten,Midas Dekkers,1.0000,1988,/books/OL1935784M,Eten is weten,,dut,1.0000,9029096802,Meulenhoff Informatief,1988,,,NOT_PROBED,,,,,NO,NO,155.0000,164.0000,REJECT,No cover candidate.,
NL,SCIENCE_CULTURE,Midas Dekkers,1,8,12,/works/OL3029197W,Gekorven diertjes,Midas Dekkers,1.0000,1983,/books/OL2785575M,Gekorven diertjes,,dut,1.0000,9070545020,Aldus,1983,,,NOT_PROBED,,,,,NO,NO,155.0000,164.0000,REJECT,No cover candidate.,
NL,SCIENCE_CULTURE,Midas Dekkers,1,8,12,/works/OL3029198W,Het edelgedierte,Midas Dekkers,1.0000,1978,/books/OL4496690M,Het edelgedierte,over het vreemde verbond tussen mens en dier,dut,1.0000,9060195744,Bert Bakker,1978,,,NOT_PROBED,,,,,NO,NO,155.0000,164.0000,REJECT,No cover candidate.,
NL,SCIENCE_CULTURE,Midas Dekkers,1,8,12,/works/OL3029199W,Het walvismeer,Midas Dekkers,1.0000,1982,/books/OL1821130M,Het walvismeer,op de bres met Greenpeace,dut,1.0000,9029096233,Stichting Greenpeace Nederland,1982,,,NOT_PROBED,,,,,NO,NO,155.0000,164.0000,REJECT,No cover candidate.,
NL,SCIENCE_CULTURE,Midas Dekkers,1,8,12,/works/OL39287022W,Lichamelijke oefening,Midas Dekkers,1.0000,2006,/books/OL53479159M,Lichamelijke oefening,,dut,1.0000,9789025427337,Contact,2006,,,NOT_PROBED,,,,,NO,NO,155.0000,164.0000,REJECT,No cover candidate.,
NL,SCIENCE_CULTURE,Midas Dekkers,1,8,12,/works/OL3029201W,Mummies,Midas Dekkers,1.0000,1986,/books/OL2422501M,Mummies,,dut,1.0000,9025465676,Contact,1986,,,NOT_PROBED,,,,,NO,NO,155.0000,164.0000,REJECT,No cover candidate.,
NL,SCIENCE_CULTURE,Midas Dekkers,1,8,12,/works/OL37234216W,Piep,Midas Dekkers,1.0000,2009,/books/OL50195902M,Piep,een kleine biologie der letteren,dut,1.0000,9789059650855,Stichting Collectieve Propaganda van het Nederlandse Boek,2009,,,NOT_PROBED,,,,,NO,NO,155.0000,164.0000,REJECT,No cover candidate.,
NL,SCIENCE_CULTURE,Midas Dekkers,1,8,12,/works/OL23897307W,Rare snuiters,Midas Dekkers,1.0000,2003,/books/OL31603685M,Rare snuiters,,dut,1.0000,9025419348,Contact,2003,,,NOT_PROBED,,,,,NO,NO,155.0000,164.0000,REJECT,No cover candidate.,
NL,SCIENCE_CULTURE,Midas Dekkers,1,8,12,/works/OL45013889W,Volledige vergunning,Midas Dekkers,1.0000,2017,/books/OL61409981M,Volledige vergunning,,dut,1.0000,9789059375024,Uitgeverij Bas Lubberhuizen,2017,,,NOT_PROBED,,,,,NO,NO,155.0000,164.0000,REJECT,No cover candidate.,
NL,SCIENCE_CULTURE,Midas Dekkers,1,8,12,/works/OL3029202W,Waterrijk,Midas Dekkers,1.0000,1981,/books/OL3879664M,Waterrijk,flora en fauna van ons zoete water,dut,1.0000,9027498083,Spectrum,1981,,,NOT_PROBED,,,,,NO,NO,155.0000,164.0000,REJECT,No cover candidate.,
NL,SCIENCE_CULTURE,Midas Dekkers,1,8,12,/works/OL45371084W,We are food,Midas Dekkers | Lou-Anne Druyvesteyn | Karin van Lieverloo | Klaas Rozemond | Feico Hoekstra | Jan Cunencentrum Oss,1.0000,2018,/books/OL61832575M,We are food,je bent wat je eet - over de kunst van voedsel,dut,1.0000,9789462621879,Waanders Uitgevers,2018,,,NOT_PROBED,,,,,NO,NO,155.0000,164.0000,REJECT,No cover candidate.,
NL,SCIENCE_CULTURE,Vincent Icke,1,7,10,/works/OL24007596W,Christiaan Huygens in de onvoltooid verleden toekomende tijd,Vincent Icke,1.0000,2005,/books/OL31705968M,Christiaan Huygens in de onvoltooid verleden toekomende tijd,,dut,1.0000,9065544607,Historische Uitgeverij,2005,,,NOT_PROBED,,,,,NO,NO,155.0000,164.0000,REJECT,No cover candidate.,
NL,SCIENCE_CULTURE,Vincent Icke,1,7,10,/works/OL45581533W,De eekhoornformule,Vincent Icke,1.0000,2001,/books/OL62077135M,De eekhoornformule,,dut,1.0000,9044600621,Prometheus,2001,,,NOT_PROBED,,,,,NO,NO,155.0000,164.0000,REJECT,No cover candidate.,
NL,SCIENCE_CULTURE,Vincent Icke,1,7,10,/works/OL39606398W,De principes van Huygens,Vincent Icke,1.0000,2013,/books/OL53877439M,De principes van Huygens,,dut,1.0000,9789065540232,Historische Uitgeverij,2013,,,NOT_PROBED,,,,,NO,NO,155.0000,164.0000,REJECT,No cover candidate.,
NL,SCIENCE_CULTURE,Vincent Icke,1,7,10,/works/OL28610061W,Donkere materie,Vincent Icke,1.0000,2006,/books/OL39228635M,Donkere materie,ons kind en het Heelal,dut,1.0000,9789048507283,Amsterdam University Press,2006,,,NOT_PROBED,,,,,NO,NO,155.0000,164.0000,REJECT,No cover candidate.,
NL,SCIENCE_CULTURE,Maarten Boudry,2,5,8,/works/OL43546107W,"Illusies voor gevorderden, of waarom waarheid altijd beter is",Maarten Boudry,1.0000,2015,/books/OL59355962M,"Illusies voor gevorderden, of waarom waarheid altijd beter is",,dut,1.0000,9789463100069,Uitgeverij Polis,2015,,,NOT_PROBED,,,,,NO,NO,135.0000,144.0000,REJECT,No cover candidate.,
NL,SCIENCE_CULTURE,Maarten Boudry,2,5,8,/works/OL45881714W,Waarom de wereld niet naar de knoppen gaat,Maarten Boudry,1.0000,2018,/books/OL62430440M,Waarom de wereld niet naar de knoppen gaat,,dut,1.0000,9789463103091,Polis,2018,,,NOT_PROBED,,,,,NO,NO,135.0000,144.0000,REJECT,No cover candidate.,
NL,SCIENCE_CULTURE,Maarten Boudry,2,5,8,/works/OL44859253W,Waarom de wereld nog steeds niet naar de knoppen gaat,Maarten Boudry,1.0000,2021,/books/OL61230159M,Waarom de wereld nog steeds niet naar de knoppen gaat,,dut,1.0000,9789044649871,Prometheus-Bert Bakker,2021,,,NOT_PROBED,,,,,NO,NO,135.0000,144.0000,REJECT,No cover candidate.,
NL,SCIENCE_CULTURE,Diederik Jekel,3,5,8,/works/OL17048462W,Zeven rampen die niet gaan gebeuren,Diederik Jekel,1.0000,2011,/books/OL25617642M,Zeven rampen die niet gaan gebeuren,,dut,1.0000,9789025438067,Uitgeverij Contact,2011,,,NOT_PROBED,,,,,NO,NO,115.0000,124.0000,REJECT,No cover candidate.,
NL,TWENTIETH_CENTURY,A.F.Th. van der Heijden,1,10,15,/works/OL26285475W,De gevarendriehoek,A.F.Th. van der Heijden,1.0000,1985,/books/OL35447452M,De gevarendriehoek,,dut,1.0000,9789021466019,Querido,1985,,12291204,VALID_COVER,307,500,JPEG,data/cache/nl-mass-editorial-engine/covers/NL-OL35447452M.jpeg,NO,NO,167.0000,201.0000,AUTO_ACCEPT,Strong author/title/language match and validated physical cover.,
NL,TWENTIETH_CENTURY,A.F.Th. van der Heijden,1,10,15,/works/OL27292728W,De slag om de Blauwbrug,A.F.Th. van der Heijden,1.0000,1995,/books/OL37045422M,De slag om de Blauwbrug,,dut,1.0000,9789021466248,Querido,1995,,12623012,VALID_COVER,308,500,JPEG,data/cache/nl-mass-editorial-engine/covers/NL-OL37045422M.jpeg,NO,NO,167.0000,201.0000,AUTO_ACCEPT,Strong author/title/language match and validated physical cover.,
NL,TWENTIETH_CENTURY,A.F.Th. van der Heijden,1,10,15,/works/OL24269391W,Het schervengericht,A.F.Th. van der Heijden,1.0000,2007,/books/OL32104897M,Het schervengericht,een transatlantische tragedie,dut,1.0000,9789021450223,Querido,2007,,10762176,VALID_COVER,288,500,JPEG,data/cache/nl-mass-editorial-engine/covers/NL-OL32104897M.jpeg,NO,NO,167.0000,201.0000,AUTO_ACCEPT,Strong author/title/language match and validated physical cover.,
NL,TWENTIETH_CENTURY,A.F.Th. van der Heijden,1,10,15,/works/OL27703387W,Weerborstels,A.F.Th. van der Heijden,1.0000,2013,/books/OL37789331M,Weerborstels,,dut,1.0000,9789023479321,De Bezige Bij,2013,,12692890,VALID_COVER,318,500,JPEG,data/cache/nl-mass-editorial-engine/covers/NL-OL37789331M.jpeg,NO,NO,167.0000,201.0000,AUTO_ACCEPT,Strong author/title/language match and validated physical cover.,
NL,TWENTIETH_CENTURY,Cees Nooteboom,1,10,15,/works/OL643650W,De Boeddha achter de schutting,Cees Nooteboom,1.0000,1986,/books/OL2321532M,De Boeddha achter de schutting,aan de oever van de Chaophraya : een verhaal,dut,1.0000,906481063X,Kwadraat,1986,,4110371,VALID_COVER,128,207,JPEG,data/cache/nl-mass-editorial-engine/covers/NL-OL2321532M.jpeg,NO,NO,167.0000,201.0000,AUTO_ACCEPT,Strong author/title/language match and validated physical cover.,
NL,TWENTIETH_CENTURY,Cees Nooteboom,1,10,15,/works/OL643661W,Een avond in Isfahan,Cees Nooteboom,1.0000,1978,/books/OL4346431M,Een avond in Isfahan,"reisverhalen uit Perzië, Gambia, Duitsland, Japan, Engeland, Madeira, en Maleisië",dut,1.0000,9029532602,Arbeiderspers,1978,,13299047,VALID_COVER,333,500,JPEG,data/cache/nl-mass-editorial-engine/covers/NL-OL4346431M.jpeg,NO,NO,167.0000,201.0000,AUTO_ACCEPT,Strong author/title/language match and validated physical cover.,
NL,TWENTIETH_CENTURY,Cees Nooteboom,1,10,15,/works/OL643671W,Gyges en Kandaules,Cees Nooteboom,1.0000,1982,/books/OL3123541M,Gyges en Kandaules,een koningsdrama,dut,1.0000,9029532688,Arbeiderspers,1982,,4220843,VALID_COVER,128,222,JPEG,data/cache/nl-mass-editorial-engine/covers/NL-OL3123541M.jpeg,NO,NO,167.0000,201.0000,AUTO_ACCEPT,Strong author/title/language match and validated physical cover.,
NL,TWENTIETH_CENTURY,Cees Nooteboom,1,10,15,/works/OL643717W,Het gezicht van het oog,Cees Nooteboom,1.0000,1989,/books/OL858194M,Het gezicht van het oog,gedichten = Das Gesicht des Auges : Gedichte,dut,1.0000,3926608692,Kleinheinrich,1991,,13794440,VALID_COVER,355,500,JPEG,data/cache/nl-mass-editorial-engine/covers/NL-OL858194M.jpeg,NO,NO,167.0000,201.0000,AUTO_ACCEPT,Strong author/title/language match and validated physical cover.,
NL,TWENTIETH_CENTURY,Cees Nooteboom,1,10,15,/works/OL643693W,Philip and the others,Cees Nooteboom,1.0000,1988,/books/OL2526225M,Philip and the others,a novel,eng | dut,1.0000,080711376X,Louisiana State University Press,1988,,6918115,VALID_COVER,317,500,JPEG,data/cache/nl-mass-editorial-engine/covers/NL-OL2526225M.jpeg,NO,NO,167.0000,201.0000,AUTO_ACCEPT,Strong author/title/language match and validated physical cover.,
NL,TWENTIETH_CENTURY,Cees Nooteboom,1,10,15,/works/OL643680W,The knight has died,Cees Nooteboom,1.0000,1990,/books/OL2194609M,The knight has died,a novel,eng | dut,1.0000,0807115444,Louisiana State University Press,1990,,7000756,VALID_COVER,312,500,JPEG,data/cache/nl-mass-editorial-engine/covers/NL-OL2194609M.jpeg,NO,NO,167.0000,201.0000,AUTO_ACCEPT,Strong author/title/language match and validated physical cover.,
NL,TWENTIETH_CENTURY,Cees Nooteboom,1,10,15,/works/OL26376831W,Voorbije passages,Cees Nooteboom,1.0000,1986,/books/OL35615728M,Voorbije passages,,dut,1.0000,9789029532907,De Arbeiderspers,1986,,12322498,VALID_COVER,304,500,JPEG,data/cache/nl-mass-editorial-engine/covers/NL-OL35615728M.jpeg,NO,NO,167.0000,201.0000,AUTO_ACCEPT,Strong author/title/language match and validated physical cover.,
NL,TWENTIETH_CENTURY,Cees Nooteboom,1,10,15,/works/OL643705W,Vreemd water,Cees Nooteboom,1.0000,1991,/books/OL1294197M,Vreemd water,,dut,1.0000,9029533048,Arbeiderspers,1991,,12162477,VALID_COVER,300,500,JPEG,data/cache/nl-mass-editorial-engine/covers/NL-OL1294197M.jpeg,NO,NO,167.0000,201.0000,AUTO_ACCEPT,Strong author/title/language match and validated physical cover.,
NL,TWENTIETH_CENTURY,Gerard Reve,1,10,15,/works/OL17271251W,Bezorgde ouders,Gerard Reve,1.0000,1993,/books/OL25844223M,Bezorgde ouders,,dut,1.0000,9789025401603,Veen,1993,,7378996,VALID_COVER,312,500,JPEG,data/cache/nl-mass-editorial-engine/covers/NL-OL25844223M.jpeg,NO,NO,167.0000,201.0000,AUTO_ACCEPT,Strong author/title/language match and validated physical cover.,
NL,TWENTIETH_CENTURY,Gerard Reve,1,10,15,/works/OL27684609W,Brieven aan Matroos Vosch 1975-1992,Gerard Reve,1.0000,1997,/books/OL37752518M,Brieven aan Matroos Vosch 1975-1992,,dut,1.0000,9789025423124,Uitgeverij L.J. Veen,1997,,12666694,VALID_COVER,289,500,JPEG,data/cache/nl-mass-editorial-engine/covers/NL-OL37752518M.jpeg,NO,NO,167.0000,201.0000,AUTO_ACCEPT,Strong author/title/language match and validated physical cover.,
NL,TWENTIETH_CENTURY,Gerard Reve,1,10,15,/works/OL23904257W,De taal der liefde,Gerard Reve,1.0000,2004,/books/OL31611690M,De taal der liefde,,dut,1.0000,9023415868,De Bezige Bij,2004,,10526686,VALID_COVER,120,188,JPEG,data/cache/nl-mass-editorial-engine/covers/NL-OL31611690M.jpeg,NO,NO,167.0000,201.0000,AUTO_ACCEPT,Strong author/title/language match and validated physical cover.,
NL,TWENTIETH_CENTURY,Harry Mulisch,1,12,18,/works/OL659119W,Archibald Strohalm,Harry Mulisch,1.0000,1952,/books/OL30625527M,Archibald Strohalm,,dut,1.0000,9023406907,De Bezige Bij,1980,,10480172,VALID_COVER,299,500,JPEG,data/cache/nl-mass-editorial-engine/covers/NL-OL30625527M.jpeg,NO,NO,167.0000,201.0000,AUTO_ACCEPT,Strong author/title/language match and validated physical cover.,
NL,TWENTIETH_CENTURY,Harry Mulisch,1,12,18,/works/OL659046W,Bezoekuur,Harry Mulisch,1.0000,1974,/books/OL4824739M,Bezoekuur,,dut,1.0000,9023404947,De Bezige Bij,1974,,4446608,VALID_COVER,128,221,JPEG,data/cache/nl-mass-editorial-engine/covers/NL-OL4824739M.jpeg,NO,NO,167.0000,201.0000,AUTO_ACCEPT,Strong author/title/language match and validated physical cover.,
NL,TWENTIETH_CENTURY,Harry Mulisch,1,12,18,/works/OL659056W,De elementen,Harry Mulisch,1.0000,1988,/books/OL2232488M,De elementen,,dut,1.0000,9023430867,De Bezige Bij,1988,,12387703,VALID_COVER,297,500,JPEG,data/cache/nl-mass-editorial-engine/covers/NL-OL2232488M.jpeg,NO,NO,167.0000,201.0000,AUTO_ACCEPT,Strong author/title/language match and validated physical cover.,
NL,TWENTIETH_CENTURY,Harry Mulisch,1,12,18,/works/OL659057W,De gezochte spiegel,Harry Mulisch,1.0000,1983,/books/OL2880264M,De gezochte spiegel,,dut,1.0000,9070087103,Ad ten Bosch,1983,,4199740,VALID_COVER,128,211,JPEG,data/cache/nl-mass-editorial-engine/covers/NL-OL2880264M.jpeg,NO,NO,167.0000,201.0000,AUTO_ACCEPT,Strong author/title/language match and validated physical cover.,
NL,TWENTIETH_CENTURY,Harry Mulisch,1,12,18,/works/OL659059W,De mythische formule,Harry Mulisch,1.0000,1981,/books/OL3880293M,De mythische formule,dertig gesprekken 1951-1981,dut,1.0000,9023415418,Bezige Bij,1981,,14129007,VALID_COVER,149,237,JPEG,data/cache/nl-mass-editorial-engine/covers/NL-OL3880293M.jpeg,NO,NO,167.0000,201.0000,AUTO_ACCEPT,Strong author/title/language match and validated physical cover.,
NL,TWENTIETH_CENTURY,Harry Mulisch,1,12,18,/works/OL16796463W,De taal is een ei,Harry Mulisch,1.0000,1979,/books/OL25417429M,De taal is een ei,,dut,1.0000,9025381111,Athenaeum-Polak & Van Gennep,1979,,7241242,VALID_COVER,332,500,JPEG,data/cache/nl-mass-editorial-engine/covers/NL-OL25417429M.jpeg,NO,NO,167.0000,201.0000,AUTO_ACCEPT,Strong author/title/language match and validated physical cover.,
NL,TWENTIETH_CENTURY,Harry Mulisch,1,12,18,/works/OL16253624W,De verhalen,Harry Mulisch,1.0000,2000,/books/OL3991952M,De verhalen,,dut,1.0000,9023462165,Bezige Bij,2000,,4350424,VALID_COVER,128,194,JPEG,data/cache/nl-mass-editorial-engine/covers/NL-OL3991952M.jpeg,NO,NO,167.0000,201.0000,AUTO_ACCEPT,Strong author/title/language match and validated physical cover.,
NL,TWENTIETH_CENTURY,Harry Mulisch,1,12,18,/works/OL659122W,De versierde mens,Harry Mulisch,1.0000,1957,/books/OL32557843M,De versierde mens,,dut,1.0000,9023400100,De Bezige Bij,1977,,11203917,VALID_COVER,307,500,JPEG,data/cache/nl-mass-editorial-engine/covers/NL-OL32557843M.jpeg,NO,NO,167.0000,201.0000,AUTO_ACCEPT,Strong author/title/language match and validated physical cover.,
NL,TWENTIETH_CENTURY,Harry Mulisch,1,12,18,/works/OL659066W,De verteller of een idioticon voor zegelbewaarders,Harry Mulisch,1.0000,1970,/books/OL4370566M,De verteller of een idioticon voor zegelbewaarders.,,dut,1.0000,9023403703,De Bezige Bij,1970,,11203916,VALID_COVER,311,500,JPEG,data/cache/nl-mass-editorial-engine/covers/NL-OL4370566M.jpeg,NO,NO,167.0000,201.0000,AUTO_ACCEPT,Strong author/title/language match and validated physical cover.,
NL,TWENTIETH_CENTURY,Harry Mulisch,1,12,18,/works/OL15710549W,Het ene,Harry Mulisch,1.0000,1984,/books/OL32207978M,Het Ene,Huizinga-lezing 1984,dut,1.0000,9789025381325,Athenaeum,"Apr 10, 1984",,10856861,VALID_COVER,270,430,JPEG,data/cache/nl-mass-editorial-engine/covers/NL-OL32207978M.jpeg,NO,NO,167.0000,201.0000,AUTO_ACCEPT,Strong author/title/language match and validated physical cover.,
NL,TWENTIETH_CENTURY,Harry Mulisch,1,12,18,/works/OL659052W,Het stenen bruidsbed,Harry Mulisch,1.0000,1959,/books/OL18755256M,Het stenen bruidsbed,roman,dut,1.0000,902149731X,De Bezige Bij,1991,,11203922,VALID_COVER,295,500,JPEG,data/cache/nl-mass-editorial-engine/covers/NL-OL18755256M.jpeg,NO,NO,167.0000,201.0000,AUTO_ACCEPT,Strong author/title/language match and validated physical cover.,
NL,TWENTIETH_CENTURY,Harry Mulisch,1,12,18,/works/OL659053W,"Het theater, de brief en de waarheid",Harry Mulisch,1.0000,2000,/books/OL6846247M,"Het theater, de brief en de waarheid",een tegenspraak,dut,1.0000,907433699X,CPNB,2000,,6460568,VALID_COVER,314,500,JPEG,data/cache/nl-mass-editorial-engine/covers/NL-OL6846247M.jpeg,NO,NO,167.0000,201.0000,AUTO_ACCEPT,Strong author/title/language match and validated physical cover.,
NL,TWENTIETH_CENTURY,Harry Mulisch,1,12,18,/works/OL659126W,Oude lucht,Harry Mulisch,1.0000,1977,/books/OL21015755M,Oude lucht,drie verhalen,dut,1.0000,9021495562,Querido,1983,,12362857,VALID_COVER,299,500,JPEG,data/cache/nl-mass-editorial-engine/covers/NL-OL21015755M.jpeg,NO,NO,167.0000,201.0000,AUTO_ACCEPT,Strong author/title/language match and validated physical cover.,
NL,TWENTIETH_CENTURY,Harry Mulisch,1,12,18,/works/OL16253629W,"Theater, 1960-1977",Harry Mulisch,1.0000,1988,/books/OL2244716M,"Theater, 1960-1977",,dut,1.0000,9023461010,Bezige Bij,1988,,4101114,VALID_COVER,128,171,JPEG,data/cache/nl-mass-editorial-engine/covers/NL-OL2244716M.jpeg,NO,NO,167.0000,201.0000,AUTO_ACCEPT,Strong author/title/language match and validated physical cover.,
NL,TWENTIETH_CENTURY,Hella S. Haasse,1,10,15,/works/OL1348405W,Berichten Van Het Blauwe Huis,Hella S. Haasse,1.0000,1986,/books/OL2341997M,Berichten van het blauwe huis,,dut,1.0000,9021465116,Querido,1986,,9587633,VALID_COVER,299,500,JPEG,data/cache/nl-mass-editorial-engine/covers/NL-OL2341997M.jpeg,NO,NO,167.0000,201.0000,AUTO_ACCEPT,Strong author/title/language match and validated physical cover.,
NL,TWENTIETH_CENTURY,Hella S. Haasse,1,10,15,/works/OL24721386W,Charlotte Sophie Bentinck,Hella S. Haasse,1.0000,1996,/books/OL32817631M,Charlotte Sophie Bentinck,,dut,1.0000,9789021464923,Querido,1996,,11449965,VALID_COVER,299,500,JPEG,data/cache/nl-mass-editorial-engine/covers/NL-OL32817631M.jpeg,NO,NO,167.0000,201.0000,AUTO_ACCEPT,Strong author/title/language match and validated physical cover.,
NL,TWENTIETH_CENTURY,Hella S. Haasse,1,10,15,/works/OL1348415W,De ingewijden,Hella S. Haasse,1.0000,1957,/books/OL21107818M,De ingewijden,,dut,1.0000,9041300112,Singel Pockets,1998,,11616721,VALID_COVER,303,500,JPEG,data/cache/nl-mass-editorial-engine/covers/NL-OL21107818M.jpeg,NO,NO,167.0000,201.0000,AUTO_ACCEPT,Strong author/title/language match and validated physical cover.,
NL,TWENTIETH_CENTURY,Hella S. Haasse,1,10,15,/works/OL1348407W,De scharlaken stad,Hella S. Haasse,1.0000,1953,/books/OL1676797M,De scharlaken stad,roman,dut,1.0000,9021465175,Querido,1990,,12941708,VALID_COVER,291,500,JPEG,data/cache/nl-mass-editorial-engine/covers/NL-OL1676797M.jpeg,NO,NO,167.0000,201.0000,AUTO_ACCEPT,Strong author/title/language match and validated physical cover.,
NL,TWENTIETH_CENTURY,Hella S. Haasse,1,10,15,/works/OL1348374W,De tuinen van Bomarzo,Hella S. Haasse,1.0000,1968,/books/OL25428395M,De tuinen van Bomarzo,,dut,1.0000,9021493101,Querido,1972,,7258852,VALID_COVER,315,500,JPEG,data/cache/nl-mass-editorial-engine/covers/NL-OL25428395M.jpeg,NO,NO,167.0000,201.0000,AUTO_ACCEPT,Strong author/title/language match and validated physical cover.,
NL,TWENTIETH_CENTURY,Hella S. Haasse,1,10,15,/works/OL1348375W,De verborgen bron,Hella S. Haasse,1.0000,1950,/books/OL17182080M,De  verborgen bron,,dut,1.0000,9041300147,Singel Pocket,1997,,12144871,VALID_COVER,302,500,JPEG,data/cache/nl-mass-editorial-engine/covers/NL-OL17182080M.jpeg,NO,NO,167.0000,201.0000,AUTO_ACCEPT,Strong author/title/language match and validated physical cover.,
NL,TWENTIETH_CENTURY,Hella S. Haasse,1,10,15,/works/OL1348378W,Een doolhof van relaties,Hella S. Haasse,1.0000,2002,/books/OL3654772M,Een doolhof van relaties,,dut,1.0000,9023462262,Bezige Bij,2002,,4303148,VALID_COVER,128,202,JPEG,data/cache/nl-mass-editorial-engine/covers/NL-OL3654772M.jpeg,NO,NO,167.0000,201.0000,AUTO_ACCEPT,Strong author/title/language match and validated physical cover.,
NL,TWENTIETH_CENTURY,Hella S. Haasse,1,10,15,/works/OL1348381W,Een handvol achtergrond,Hella S. Haasse,1.0000,1993,/books/OL1481299M,Een handvol achtergrond,Parang Sawat : autobiografische teksten,dut,1.0000,9021465280,Querido,1993,,9916211,VALID_COVER,303,500,JPEG,data/cache/nl-mass-editorial-engine/covers/NL-OL1481299M.jpeg,NO,NO,167.0000,201.0000,AUTO_ACCEPT,Strong author/title/language match and validated physical cover.,
NL,TWENTIETH_CENTURY,Hella S. Haasse,1,10,15,/works/OL19687232W,Een nieuwer testament,Hella S. Haasse,1.0000,1966,/books/OL35332255M,Een nieuwer testament,,dut,1.0000,9789021465067,Querido,1984,,12151838,VALID_COVER,291,500,JPEG,data/cache/nl-mass-editorial-engine/covers/NL-OL35332255M.jpeg,NO,NO,167.0000,201.0000,AUTO_ACCEPT,Strong author/title/language match and validated physical cover.,
NL,TWENTIETH_CENTURY,Hella S. Haasse,1,10,15,/works/OL6283899W,Fenrir,Hella S. Haasse,1.0000,2000,/books/OL3988378M,Fenrir,een lang weekend in de Ardennen,dut,1.0000,9021464802,Querido,2000,,4891626,VALID_COVER,128,203,JPEG,data/cache/nl-mass-editorial-engine/covers/NL-OL3988378M.jpeg,NO,NO,167.0000,201.0000,AUTO_ACCEPT,Strong author/title/language match and validated physical cover.,
NL,TWENTIETH_CENTURY,Hella S. Haasse,1,10,15,/works/OL16172696W,Het dieptelood van de herinnering,Hella S. Haasse,1.0000,2004,/books/OL25051041M,Het dieptelood van de herinnering,Zelfportret als legkaart : Persoonsbewijs : Krassen op een rots : Een handvol achtergrond,dut,1.0000,9021467291,Querido,2004,,13209434,VALID_COVER,162,258,JPEG,data/cache/nl-mass-editorial-engine/covers/NL-OL25051041M.jpeg,NO,NO,167.0000,201.0000,AUTO_ACCEPT,Strong author/title/language match and validated physical cover.,
NL,TWENTIETH_CENTURY,Hella S. Haasse,1,10,15,/works/OL11482987W,Huurders en onderhuurders,Hella S. Haasse,1.0000,1971,/books/OL5743822M,Huurders en onderhuurders,een fictie,dut,1.0000,9021410494,Em. Querido,1971,,4522296,VALID_COVER,128,206,JPEG,data/cache/nl-mass-editorial-engine/covers/NL-OL5743822M.jpeg,NO,NO,167.0000,201.0000,AUTO_ACCEPT,Strong author/title/language match and validated physical cover.,
NL,TWENTIETH_CENTURY,Hella S. Haasse,1,10,15,/works/OL27973849W,Irundina,Hella S. Haasse,1.0000,2016,/books/OL38244672M,Irundina,,dut,1.0000,9789021402154,Em. Querido's Uitgeverij BV,2016,,12789754,VALID_COVER,336,500,JPEG,data/cache/nl-mass-editorial-engine/covers/NL-OL38244672M.jpeg,NO,NO,167.0000,201.0000,AUTO_ACCEPT,Strong author/title/language match and validated physical cover.,
NL,TWENTIETH_CENTURY,Hella S. Haasse,1,10,15,/works/OL24836687W,Kleren maken de vrouw,Hella S. Haasse,1.0000,2013,/books/OL33008754M,Kleren maken de vrouw,,dut,1.0000,9789021446530,Querido,2013,,11661816,VALID_COVER,296,500,JPEG,data/cache/nl-mass-editorial-engine/covers/NL-OL33008754M.jpeg,NO,NO,167.0000,201.0000,AUTO_ACCEPT,Strong author/title/language match and validated physical cover.,
NL,TWENTIETH_CENTURY,Hella S. Haasse,1,10,15,/works/OL24173214W,Mevrouw Bentinck,Hella S. Haasse,1.0000,2005,/books/OL31910835M,Mevrouw Bentinck,Onverenigbaarheid van karakter & De groten der aarde,dut,1.0000,9789021467368,Querido,2005,,10590494,VALID_COVER,305,500,JPEG,data/cache/nl-mass-editorial-engine/covers/NL-OL31910835M.jpeg,NO,NO,167.0000,201.0000,AUTO_ACCEPT,Strong author/title/language match and validated physical cover.,
NL,TWENTIETH_CENTURY,Hella S. Haasse,1,10,15,/works/OL11482985W,Oeeroeg,Hella S. Haasse,1.0000,1993,/books/OL22146057M,Oeeroeg,,eng | dut,1.0000,9021490765,Querido,1993,,13661748,VALID_COVER,133,215,JPEG,data/cache/nl-mass-editorial-engine/covers/NL-OL22146057M.jpeg,NO,NO,167.0000,201.0000,AUTO_ACCEPT,Strong author/title/language match and validated physical cover.,
NL,TWENTIETH_CENTURY,Hella S. Haasse,1,10,15,/works/OL1348413W,Ogenblikken in Valois,Hella S. Haasse,1.0000,1982,/books/OL3080641M,Ogenblikken in Valois,,dut,1.0000,9021828634,Sijthoff,1982,,12962698,VALID_COVER,378,500,JPEG,data/cache/nl-mass-editorial-engine/covers/NL-OL3080641M.jpeg,NO,NO,167.0000,201.0000,AUTO_ACCEPT,Strong author/title/language match and validated physical cover.,
NL,TWENTIETH_CENTURY,Hella S. Haasse,1,10,15,/works/OL1348394W,Schaduwbeeld of Het geheim van Appeltern,Hella S. Haasse,1.0000,1989,/books/OL1805094M,Schaduwbeeld of Het geheim van Appeltern,kroniek van een leven,dut,1.0000,9021465132,Querido,1989,,4018429,VALID_COVER,128,207,JPEG,data/cache/nl-mass-editorial-engine/covers/NL-OL1805094M.jpeg,NO,NO,167.0000,201.0000,AUTO_ACCEPT,Strong author/title/language match and validated physical cover.,
NL,TWENTIETH_CENTURY,Hella S. Haasse,1,10,15,/works/OL24430972W,Sterrenjacht,Hella S. Haasse,1.0000,2007,/books/OL32359368M,Sterrenjacht,,dut,1.0000,9789021433288,Querido,2007,,10999472,VALID_COVER,310,500,JPEG,data/cache/nl-mass-editorial-engine/covers/NL-OL32359368M.jpeg,NO,NO,167.0000,201.0000,AUTO_ACCEPT,Strong author/title/language match and validated physical cover.,
NL,TWENTIETH_CENTURY,Hella S. Haasse,1,10,15,/works/OL1348396W,Transit,Hella S. Haasse,1.0000,1994,/books/OL1193026M,Transit,,dut,1.0000,9074336086,Querido,1994,,9346825,VALID_COVER,333,500,JPEG,data/cache/nl-mass-editorial-engine/covers/NL-OL1193026M.jpeg,NO,NO,167.0000,201.0000,AUTO_ACCEPT,Strong author/title/language match and validated physical cover.,
NL,TWENTIETH_CENTURY,Hella S. Haasse,1,10,15,/works/OL1348399W,"Uitgesproken, opgeschreven",Hella S. Haasse,1.0000,1996,/books/OL722663M,"Uitgesproken, opgeschreven","essays over achttiende-eeuwse vrouwen, een bosgezicht, verlichte geesten, vorstenlot, satire, de pers en Vestdijks avondrood",dut,1.0000,9021464934,Querido,1996,,13851277,VALID_COVER,287,450,JPEG,data/cache/nl-mass-editorial-engine/covers/NL-OL722663M.jpeg,NO,NO,167.0000,201.0000,AUTO_ACCEPT,Strong author/title/language match and validated physical cover.,
NL,TWENTIETH_CENTURY,Hella S. Haasse,1,10,15,/works/OL1348404W,Zwanen schieten,Hella S. Haasse,1.0000,1997,/books/OL405829M,Zwanen schieten,,dut,1.0000,9021464713,Querido,1997,,3743578,VALID_COVER,128,205,JPEG,data/cache/nl-mass-editorial-engine/covers/NL-OL405829M.jpeg,NO,NO,167.0000,201.0000,AUTO_ACCEPT,Strong author/title/language match and validated physical cover.,
NL,TWENTIETH_CENTURY,Hugo Claus,1,12,18,/works/OL165557W,Belladonna,Hugo Claus,1.0000,1994,/books/OL835358M,Belladonna,scènes uit het leven in de provincie : roman,dut,1.0000,9023461789,Bezige Bij,1994,,13806555,VALID_COVER,175,258,JPEG,data/cache/nl-mass-editorial-engine/covers/NL-OL835358M.jpeg,NO,NO,167.0000,201.0000,AUTO_ACCEPT,Strong author/title/language match and validated physical cover.,
NL,TWENTIETH_CENTURY,Hugo Claus,1,12,18,/works/OL15056302W,Blindeman,Hugo Claus,1.0000,1985,/books/OL2629401M,Blindeman,,dut,1.0000,9023409256,Bezige Bij,1985,,4159318,VALID_COVER,128,221,JPEG,data/cache/nl-mass-editorial-engine/covers/NL-OL2629401M.jpeg,NO,NO,167.0000,201.0000,AUTO_ACCEPT,Strong author/title/language match and validated physical cover.,
NL,TWENTIETH_CENTURY,Hugo Claus,1,12,18,/works/OL34879900W,De hondsdagen,Hugo Claus,1.0000,1952,/books/OL47235734M,De hondsdagen,,dut,1.0000,9789023400066,De Bezige Bij,1952,,13677085,VALID_COVER,282,450,JPEG,data/cache/nl-mass-editorial-engine/covers/NL-OL47235734M.jpeg,NO,NO,167.0000,201.0000,AUTO_ACCEPT,Strong author/title/language match and validated physical cover.,
NL,TWENTIETH_CENTURY,Hugo Claus,1,12,18,/works/OL165536W,De koele minnaar,Hugo Claus,1.0000,1968,/books/OL23033146M,De koele minnaar,roman,dut,1.0000,9023470540,De Bezige Bij,2000,,12788921,VALID_COVER,285,500,JPEG,data/cache/nl-mass-editorial-engine/covers/NL-OL23033146M.jpeg,NO,NO,167.0000,201.0000,AUTO_ACCEPT,Strong author/title/language match and validated physical cover.,
NL,TWENTIETH_CENTURY,Hugo Claus,1,12,18,/works/OL15056312W,De komedianten,Hugo Claus,1.0000,1997,/books/OL308454M,De komedianten,pas de deux II,dut,1.0000,9023437306,De Bezige Bij,1997,,13218893,VALID_COVER,147,239,JPEG,data/cache/nl-mass-editorial-engine/covers/NL-OL308454M.jpeg,NO,NO,167.0000,201.0000,AUTO_ACCEPT,Strong author/title/language match and validated physical cover.,
NL,TWENTIETH_CENTURY,Hugo Claus,1,12,18,/works/OL15056313W,De mensen hiernaast,Hugo Claus,1.0000,1985,/books/OL2763330M,De mensen hiernaast,verhalen,dut,1.0000,9023409094,De Bezige Bij,1985,,4179934,VALID_COVER,128,207,JPEG,data/cache/nl-mass-editorial-engine/covers/NL-OL2763330M.jpeg,NO,NO,167.0000,201.0000,AUTO_ACCEPT,Strong author/title/language match and validated physical cover.,
NL,TWENTIETH_CENTURY,Hugo Claus,1,12,18,/works/OL26188801W,De mooiste kleren,Hugo Claus,1.0000,2009,/books/OL35338983M,De mooiste kleren,,dut,1.0000,9789023440390,Bezige Bij,2009,,12163551,VALID_COVER,295,500,JPEG,data/cache/nl-mass-editorial-engine/covers/NL-OL35338983M.jpeg,NO,NO,167.0000,201.0000,AUTO_ACCEPT,Strong author/title/language match and validated physical cover.,
NL,TWENTIETH_CENTURY,Hugo Claus,1,12,18,/works/OL165542W,Een slaapwandeling,Hugo Claus,1.0000,2000,/books/OL23033087M,Een slaapwandeling,novelle,dut,1.0000,9023462181,Bezige Bij,2001,,12657751,VALID_COVER,296,500,JPEG,data/cache/nl-mass-editorial-engine/covers/NL-OL23033087M.jpeg,NO,NO,167.0000,201.0000,AUTO_ACCEPT,Strong author/title/language match and validated physical cover.,
NL,TWENTIETH_CENTURY,Hugo Claus,1,12,18,/works/OL165558W,Friday,Hugo Claus,1.0000,1972,/books/OL5448630M,Friday,,eng | dut,1.0000,0706700511,Davis-Poynter Ltd,1972,,4514864,VALID_COVER,128,216,JPEG,data/cache/nl-mass-editorial-engine/covers/NL-OL5448630M.jpeg,NO,NO,167.0000,201.0000,AUTO_ACCEPT,Strong author/title/language match and validated physical cover.,
NL,TWENTIETH_CENTURY,Hugo Claus,1,12,18,/works/OL165559W,Het verdriet van België,Hugo Claus,1.0000,1983,/books/OL3231567M,Het verdriet van België,roman,dut,1.0000,9023460782,De Bezige Bij,1983,,5837325,VALID_COVER,318,500,JPEG,data/cache/nl-mass-editorial-engine/covers/NL-OL3231567M.jpeg,NO,NO,167.0000,201.0000,AUTO_ACCEPT,Strong author/title/language match and validated physical cover.,
NL,TWENTIETH_CENTURY,Hugo Claus,1,12,18,/works/OL18262955W,Hugo Claus,Hugo Claus | Georges Wildemeersch | Gwennie Debergh,1.0000,1999,/books/OL6811714M,Hugo Claus,"wat bekommert zich de leeuw om de vlooien in zijn vacht : vijftig jaar beschouwing in citaten, tekningen en overzichten",dut,1.0000,904290769X,Studie- en Documentatiecentrum Hugo Claus,1999,,13520019,VALID_COVER,315,500,JPEG,data/cache/nl-mass-editorial-engine/covers/NL-OL6811714M.jpeg,NO,NO,167.0000,201.0000,AUTO_ACCEPT,Strong author/title/language match and validated physical cover.,
NL,TWENTIETH_CENTURY,Hugo Claus,1,12,18,/works/OL34837019W,Je buik van pimpelmees,Hugo Claus,1.0000,2013,/books/OL47191242M,Je buik van pimpelmees,,dut,1.0000,9789023477785,De Bezige Bij,2013,,13615521,VALID_COVER,297,500,JPEG,data/cache/nl-mass-editorial-engine/covers/NL-OL47191242M.jpeg,NO,NO,167.0000,201.0000,AUTO_ACCEPT,Strong author/title/language match and validated physical cover.,
NL,TWENTIETH_CENTURY,Hugo Claus,1,12,18,/works/OL34921216W,Schaamte,Hugo Claus,1.0000,1973,/books/OL47279482M,Schaamte,roman,dut,1.0000,9789023403951,Bezige Bij,1973,,13737033,VALID_COVER,135,232,JPEG,data/cache/nl-mass-editorial-engine/covers/NL-OL47279482M.jpeg,NO,NO,167.0000,201.0000,AUTO_ACCEPT,Strong author/title/language match and validated physical cover.,
NL,TWENTIETH_CENTURY,Hugo Claus,1,12,18,/works/OL165561W,Toneel,Hugo Claus,1.0000,1900,/books/OL9087054M,Toneel,,dut,1.0000,9789023430469,De Bezige Bij,1989,,4891566,VALID_COVER,128,213,JPEG,data/cache/nl-mass-editorial-engine/covers/NL-OL9087054M.jpeg,NO,NO,167.0000,201.0000,AUTO_ACCEPT,Strong author/title/language match and validated physical cover.,
NL,TWENTIETH_CENTURY,Jan Wolkers,1,10,15,/works/OL1713910W,"22 sprookjes, verhalen en fabels",Jan Wolkers,1.0000,1985,/books/OL2763897M,"22 sprookjes, verhalen en fabels",,dut,1.0000,9023409612,Bezige Bij,1985,,4180123,VALID_COVER,128,165,JPEG,data/cache/nl-mass-editorial-engine/covers/NL-OL2763897M.jpeg,NO,NO,167.0000,201.0000,AUTO_ACCEPT,Strong author/title/language match and validated physical cover.,
NL,TWENTIETH_CENTURY,Jan Wolkers,1,10,15,/works/OL1713915W,Dagboek 1974,Jan Wolkers,1.0000,2005,/books/OL17109604M,Dagboek 1974,,dut,1.0000,9023416511,De Bezige Bij,2005,,13629087,VALID_COVER,347,500,JPEG,data/cache/nl-mass-editorial-engine/covers/NL-OL17109604M.jpeg,NO,NO,167.0000,201.0000,AUTO_ACCEPT,Strong author/title/language match and validated physical cover.,
NL,TWENTIETH_CENTURY,Jan Wolkers,1,10,15,/works/OL1713917W,De doodshoofdvlinder,Jan Wolkers,1.0000,1979,/books/OL28267959M,De doodshoofdvlinder,Brandende liefde ; De junival ; Gifsla,dut,1.0000,9789023435808,De Bezige Bij,1996,,10195994,VALID_COVER,292,500,JPEG,data/cache/nl-mass-editorial-engine/covers/NL-OL28267959M.jpeg,NO,NO,167.0000,201.0000,AUTO_ACCEPT,Strong author/title/language match and validated physical cover.,
NL,TWENTIETH_CENTURY,Jan Wolkers,1,10,15,/works/OL1713920W,De perzik van onsterfelijkheid,Jan Wolkers,1.0000,1980,/books/OL3804191M,De perzik van onsterfelijkheid,,dut,1.0000,902346074X,Bezige bij,1980,,8592409,VALID_COVER,224,360,JPEG,data/cache/nl-mass-editorial-engine/covers/NL-OL3804191M.jpeg,NO,NO,167.0000,201.0000,AUTO_ACCEPT,Strong author/title/language match and validated physical cover.,
NL,TWENTIETH_CENTURY,Jan Wolkers,1,10,15,/works/OL1713921W,De schuimspaan van de tijd,Jan Wolkers,1.0000,2001,/books/OL3636338M,De schuimspaan van de tijd,verzamelde essays,dut,1.0000,9023400151,Bezige Bij,2001,,4300621,VALID_COVER,128,183,JPEG,data/cache/nl-mass-editorial-engine/covers/NL-OL3636338M.jpeg,NO,NO,167.0000,201.0000,AUTO_ACCEPT,Strong author/title/language match and validated physical cover.,
NL,TWENTIETH_CENTURY,Jan Wolkers,1,10,15,/works/OL1713922W,De walgvogel,Jan Wolkers,1.0000,1974,/books/OL4831561M,De walgvogel,,dut,1.0000,9029003995,Meulenhoff Nederland],1974,,4446746,VALID_COVER,128,210,JPEG,data/cache/nl-mass-editorial-engine/covers/NL-OL4831561M.jpeg,NO,NO,167.0000,201.0000,AUTO_ACCEPT,Strong author/title/language match and validated physical cover.,
NL,TWENTIETH_CENTURY,Jan Wolkers,1,10,15,/works/OL1713940W,Groeten van Rottumerplaat,Jan Wolkers,1.0000,1971,/books/OL5351989M,Groeten van Rottumerplaat.,,dut,1.0000,9010009998,Elsevier,1971,,4504595,VALID_COVER,128,205,JPEG,data/cache/nl-mass-editorial-engine/covers/NL-OL5351989M.jpeg,NO,NO,167.0000,201.0000,AUTO_ACCEPT,Strong author/title/language match and validated physical cover.,
NL,TWENTIETH_CENTURY,Jan Wolkers,1,10,15,/works/OL24687022W,Het mooiste gedicht,Jan Wolkers,1.0000,2001,/books/OL32766591M,Het mooiste gedicht,de favoriete gedichten van Nederland en Vlaanderen,dut,1.0000,9789041740168,Muntinga,2001,,11394232,VALID_COVER,266,500,JPEG,data/cache/nl-mass-editorial-engine/covers/NL-OL32766591M.jpeg,NO,NO,167.0000,201.0000,AUTO_ACCEPT,Strong author/title/language match and validated physical cover.,
NL,TWENTIETH_CENTURY,Jan Wolkers,1,10,15,/works/OL34813103W,Het mooiste gedicht / druk 1,Jan Wolkers,1.0000,2000,/books/OL47166007M,Het mooiste gedicht / druk 1,de favoriete gedichten van Nederland en Vlaanderen,dut,1.0000,9789057591136,Podium B.V. Uitgeverij,2000,,13577466,VALID_COVER,373,500,JPEG,data/cache/nl-mass-editorial-engine/covers/NL-OL47166007M.jpeg,NO,NO,167.0000,201.0000,AUTO_ACCEPT,Strong author/title/language match and validated physical cover.,
NL,TWENTIETH_CENTURY,Jan Wolkers,1,10,15,/works/OL34906615W,Jeugd Jaagt Voorbij,Jan Wolkers,1.0000,1989,/books/OL47263764M,Jeugd Jaagt Voorbij,Verhalen,dut,1.0000,9789029027229,Meulenhoff,"Mar 20, 1989",,13715117,VALID_COVER,151,242,JPEG,data/cache/nl-mass-editorial-engine/covers/NL-OL47263764M.jpeg,NO,NO,167.0000,201.0000,AUTO_ACCEPT,Strong author/title/language match and validated physical cover.,
NL,TWENTIETH_CENTURY,Jan Wolkers,1,10,15,/works/OL1713931W,Rembrandt in Rommeldam,Jan Wolkers,1.0000,1994,/books/OL837326M,Rembrandt in Rommeldam,"essays, interviews en meer",dut,1.0000,9023433343,Bezige Bij,1994,,12651039,VALID_COVER,315,500,JPEG,data/cache/nl-mass-editorial-engine/covers/NL-OL837326M.jpeg,NO,NO,167.0000,201.0000,AUTO_ACCEPT,Strong author/title/language match and validated physical cover.,
NL,TWENTIETH_CENTURY,Jan Wolkers,1,10,15,/works/OL1713933W,Tarzan in Arles,Jan Wolkers,1.0000,1991,/books/OL1628558M,Tarzan in Arles,,dut,1.0000,9023431839,De Bezige Bij,1991,,3984596,VALID_COVER,128,210,JPEG,data/cache/nl-mass-editorial-engine/covers/NL-OL1628558M.jpeg,NO,NO,167.0000,201.0000,AUTO_ACCEPT,Strong author/title/language match and validated physical cover.,
NL,TWENTIETH_CENTURY,Jan Wolkers,1,10,15,/works/OL34794096W,Terug naar oegstgeest,Jan Wolkers,1.0000,1975,/books/OL47146172M,Terug naar oegstgeest,,dut,1.0000,9789029090650,Meulenhoff Boekerij B.V.,1975,,13546952,VALID_COVER,326,500,JPEG,data/cache/nl-mass-editorial-engine/covers/NL-OL47146172M.jpeg,NO,NO,167.0000,201.0000,AUTO_ACCEPT,Strong author/title/language match and validated physical cover.,
NL,TWENTIETH_CENTURY,Jan Wolkers,1,10,15,/works/OL1713936W,Werkkleding,Jan Wolkers,1.0000,1972,/books/OL5278658M,Werkkleding,,dut,1.0000,901000984X,Elsevier,1972,,4493120,VALID_COVER,128,197,JPEG,data/cache/nl-mass-editorial-engine/covers/NL-OL5278658M.jpeg,NO,NO,167.0000,201.0000,AUTO_ACCEPT,Strong author/title/language match and validated physical cover.,
NL,TWENTIETH_CENTURY,Jan Wolkers,1,10,15,/works/OL29886885W,Winter-bloei,Jan Wolkers,1.0000,2019,/books/OL41094038M,Winter-bloei,Jan Wolkers over zijn liefde voor de natuur,dut,1.0000,9789059655027,Stichting voor de Collectieve Propaganda van het Nederlandse Boek,2019,,13008932,VALID_COVER,331,500,JPEG,data/cache/nl-mass-editorial-engine/covers/NL-OL41094038M.jpeg,NO,NO,167.0000,201.0000,AUTO_ACCEPT,Strong author/title/language match and validated physical cover.,
NL,TWENTIETH_CENTURY,Jan Wolkers,1,10,15,/works/OL1713938W,Wolkers in Wolkersdorf,Jan Wolkers,1.0000,2000,/books/OL6880181M,Wolkers in Wolkersdorf,,dut,1.0000,9023438884,Bezige Bij,2000,,5729078,VALID_COVER,187,300,JPEG,data/cache/nl-mass-editorial-engine/covers/NL-OL6880181M.jpeg,NO,NO,167.0000,201.0000,AUTO_ACCEPT,Strong author/title/language match and validated physical cover.,
NL,TWENTIETH_CENTURY,Jan Wolkers,1,10,15,/works/OL15343348W,Zomerhitte,Jan Wolkers,1.0000,2005,/books/OL24334234M,Zomerhitte,,dut,1.0000,9059650123,Stichting Collectieve Propaganda van het Nederlandse Boek,2005,,6460735,VALID_COVER,303,500,JPEG,data/cache/nl-mass-editorial-engine/covers/NL-OL24334234M.jpeg,NO,NO,167.0000,201.0000,AUTO_ACCEPT,Strong author/title/language match and validated physical cover.,
NL,TWENTIETH_CENTURY,Jeroen Brouwers,1,9,13,/works/OL702786W,Adolf & Eva & de dood,Jeroen Brouwers,1.0000,1995,/books/OL888486M,Adolf & Eva & de dood,,dut,1.0000,9029507683,Arbeiderspers,1995,,3834405,VALID_COVER,128,205,JPEG,data/cache/nl-mass-editorial-engine/covers/NL-OL888486M.jpeg,NO,NO,167.0000,201.0000,AUTO_ACCEPT,Strong author/title/language match and validated physical cover.,
NL,TWENTIETH_CENTURY,Jeroen Brouwers,1,9,13,/works/OL702827W,Bezonken rood,Jeroen Brouwers,1.0000,1981,/books/OL22133894M,Bezonken rood,,dut,1.0000,9025414966,Pandora (Uitgeverij Contact),2002,,11595683,VALID_COVER,286,500,JPEG,data/cache/nl-mass-editorial-engine/covers/NL-OL22133894M.jpeg,NO,NO,167.0000,201.0000,AUTO_ACCEPT,Strong author/title/language match and validated physical cover.,
NL,TWENTIETH_CENTURY,Jeroen Brouwers,1,9,13,/works/OL16179594W,Bittere bloemen,Jeroen Brouwers,1.0000,2011,/books/OL25057557M,Bittere bloemen,roman,dut,1.0000,9789045082813,Atlas,2011,,10242406,VALID_COVER,318,500,JPEG,data/cache/nl-mass-editorial-engine/covers/NL-OL25057557M.jpeg,NO,NO,167.0000,201.0000,AUTO_ACCEPT,Strong author/title/language match and validated physical cover.,
NL,TWENTIETH_CENTURY,Jeroen Brouwers,1,9,13,/works/OL702794W,De versierde dood,Jeroen Brouwers,1.0000,1989,/books/OL2278810M,De versierde dood,"een dossier over zelfmoordclubs, Russische roulette, zelfmoordspelen, en andere mysteries rondom de zelfverkozen dood",dut,1.0000,9051320086,Cadans,1989,,4105882,VALID_COVER,128,188,JPEG,data/cache/nl-mass-editorial-engine/covers/NL-OL2278810M.jpeg,NO,NO,167.0000,201.0000,AUTO_ACCEPT,Strong author/title/language match and validated physical cover.,
NL,TWENTIETH_CENTURY,Jeroen Brouwers,1,9,13,/works/OL702797W,De zondvloed,Jeroen Brouwers,1.0000,1988,/books/OL1785184M,De zondvloed,,dut,1.0000,9789029507516,Arbeiderspers,1988,,6788789,VALID_COVER,312,500,JPEG,data/cache/nl-mass-editorial-engine/covers/NL-OL1785184M.jpeg,NO,NO,167.0000,201.0000,AUTO_ACCEPT,Strong author/title/language match and validated physical cover.,
NL,TWENTIETH_CENTURY,Jeroen Brouwers,1,9,13,/works/OL702799W,Geheime kamers,Jeroen Brouwers,1.0000,2000,/books/OL3988009M,Geheime kamers,,dut,1.0000,9045002035,Atlas,2000,,12696100,VALID_COVER,306,500,JPEG,data/cache/nl-mass-editorial-engine/covers/NL-OL3988009M.jpeg,NO,NO,167.0000,201.0000,AUTO_ACCEPT,Strong author/title/language match and validated physical cover.,
NL,TWENTIETH_CENTURY,Jeroen Brouwers,1,9,13,/works/OL702807W,Hélène Swarth,Jeroen Brouwers,1.0000,1985,/books/OL2299362M,Hélène Swarth,"haar huwelijk met Frits Lapidoth, 1894-1910",dut,1.0000,9029507500,De Arbeiderspers,1985,,6452626,VALID_COVER,356,500,JPEG,data/cache/nl-mass-editorial-engine/covers/NL-OL2299362M.jpeg,NO,NO,167.0000,201.0000,AUTO_ACCEPT,Strong author/title/language match and validated physical cover.,
NL,TWENTIETH_CENTURY,Jeroen Brouwers,1,9,13,/works/OL702805W,Het verzonkene,Jeroen Brouwers,1.0000,1980,/books/OL4201376M,Het verzonkene,,dut,1.0000,9029508248,Arbeiderspers,1980,,9858422,VALID_COVER,296,500,JPEG,data/cache/nl-mass-editorial-engine/covers/NL-OL4201376M.jpeg,NO,NO,167.0000,201.0000,AUTO_ACCEPT,Strong author/title/language match and validated physical cover.,
NL,TWENTIETH_CENTURY,Jeroen Brouwers,1,9,13,/works/OL702806W,Het vliegenboek,Jeroen Brouwers,1.0000,1991,/books/OL1293672M,Het vliegenboek,"kladboek 3 : autobiografische en andere opstellen over schrijvers, uitgevers, de dood, oorlog, syndromen, etc.",dut,1.0000,9029507586,Arbeiderspers,1991,,3916462,VALID_COVER,128,205,JPEG,data/cache/nl-mass-editorial-engine/covers/NL-OL1293672M.jpeg,NO,NO,167.0000,201.0000,AUTO_ACCEPT,Strong author/title/language match and validated physical cover.,
NL,TWENTIETH_CENTURY,Jeroen Brouwers,1,9,13,/works/OL34797532W,Kladboek,Jeroen Brouwers,1.0000,1979,/books/OL47149690M,Kladboek,"Polemieken, Opstellen, Herinneringen",dut,1.0000,9789029508162,Arbeiderspers,"Mar 17, 1979",,13552535,VALID_COVER,301,500,JPEG,data/cache/nl-mass-editorial-engine/covers/NL-OL47149690M.jpeg,NO,NO,167.0000,201.0000,AUTO_ACCEPT,Strong author/title/language match and validated physical cover.,
NL,TWENTIETH_CENTURY,Jeroen Brouwers,1,9,13,/works/OL702809W,Kroniek van een karakter,Jeroen Brouwers,1.0000,1986,/books/OL24627244M,Kroniek van een karakter,,dut,1.0000,9029507608,De Arbeiderspers,1992,,6717269,VALID_COVER,299,500,JPEG,data/cache/nl-mass-editorial-engine/covers/NL-OL24627244M.jpeg,NO,NO,167.0000,201.0000,AUTO_ACCEPT,Strong author/title/language match and validated physical cover.,
NL,TWENTIETH_CENTURY,Jeroen Brouwers,1,9,13,/works/OL33034681W,Laatste plicht,Jeroen Brouwers,1.0000,2018,/books/OL44896179M,Laatste plicht,Terugdenken aan Hans Roest,dut,1.0000,9789025452810,Atlas Contact,"Oct 18, 2018",,13114746,VALID_COVER,333,500,JPEG,data/cache/nl-mass-editorial-engine/covers/NL-OL44896179M.jpeg,NO,NO,167.0000,201.0000,AUTO_ACCEPT,Strong author/title/language match and validated physical cover.,
NL,TWENTIETH_CENTURY,Jeroen Brouwers,1,9,13,/works/OL702810W,Mijn Vlaamse jaren,Jeroen Brouwers,1.0000,1978,/books/OL4496781M,Mijn Vlaamse jaren,"verhalen, herinneringen, pamfletten, dagboekfragmenten, brieven",dut,1.0000,9029508183,De Arbeiderspers,1978,,6751090,VALID_COVER,299,500,JPEG,data/cache/nl-mass-editorial-engine/covers/NL-OL4496781M.jpeg,NO,NO,167.0000,201.0000,AUTO_ACCEPT,Strong author/title/language match and validated physical cover.,
NL,TWENTIETH_CENTURY,Jeroen Brouwers,1,9,13,/works/OL24641759W,Onnoemelijk geluk,Jeroen Brouwers,1.0000,2013,/books/OL32700224M,Onnoemelijk geluk,,dut,1.0000,9789085163053,B for Books,2013,,11324589,VALID_COVER,318,500,JPEG,data/cache/nl-mass-editorial-engine/covers/NL-OL32700224M.jpeg,NO,NO,167.0000,201.0000,AUTO_ACCEPT,Strong author/title/language match and validated physical cover.,
NL,TWENTIETH_CENTURY,Jeroen Brouwers,1,9,13,/works/OL15304955W,Sunken red,Jeroen Brouwers,1.0000,1988,/books/OL2042723M,Sunken red,,eng | dut,1.0000,0941533190,New Amsterdam,1988,,718748,VALID_COVER,307,475,JPEG,data/cache/nl-mass-editorial-engine/covers/NL-OL2042723M.jpeg,NO,NO,167.0000,201.0000,AUTO_ACCEPT,Strong author/title/language match and validated physical cover.,
NL,TWENTIETH_CENTURY,Jeroen Brouwers,1,9,13,/works/OL702816W,Verhalen en levensberichten,Jeroen Brouwers,1.0000,1983,/books/OL2807524M,Verhalen en levensberichten,,dut,1.0000,9029508418,Arbeiderspers,1983,,4184111,VALID_COVER,128,206,JPEG,data/cache/nl-mass-editorial-engine/covers/NL-OL2807524M.jpeg,NO,NO,167.0000,201.0000,AUTO_ACCEPT,Strong author/title/language match and validated physical cover.,
NL,TWENTIETH_CENTURY,Jeroen Brouwers,1,9,13,/works/OL702820W,Zomervlucht,Jeroen Brouwers,1.0000,1990,/books/OL1585138M,Zomervlucht,,dut,1.0000,9029507543,Arbeiderspers,1990,,3979306,VALID_COVER,128,202,JPEG,data/cache/nl-mass-editorial-engine/covers/NL-OL1585138M.jpeg,NO,NO,167.0000,201.0000,AUTO_ACCEPT,Strong author/title/language match and validated physical cover.,
NL,TWENTIETH_CENTURY,Jeroen Brouwers,1,9,13,/works/OL702823W,Zonsopgangen boven zee,Jeroen Brouwers,1.0000,1977,/books/OL4299229M,Zonsopgangen boven zee,,dut,1.0000,9029508191,De Arbeiderspers,1977,,4388386,VALID_COVER,128,203,JPEG,data/cache/nl-mass-editorial-engine/covers/NL-OL4299229M.jpeg,NO,NO,167.0000,201.0000,AUTO_ACCEPT,Strong author/title/language match and validated physical cover.,
NL,TWENTIETH_CENTURY,Louis Paul Boon,1,10,15,/works/OL770608W,Als een onweder bij zomerdag,Louis Paul Boon,1.0000,1989,/books/OL1911706M,Als een onweder bij zomerdag,de briefwisseling tussen Louis Paul Boon en Willem Elsschot,dut,1.0000,9021453444,Querido,1989,,4041262,VALID_COVER,128,207,JPEG,data/cache/nl-mass-editorial-engine/covers/NL-OL1911706M.jpeg,NO,NO,167.0000,201.0000,AUTO_ACCEPT,Strong author/title/language match and validated physical cover.,
NL,TWENTIETH_CENTURY,Louis Paul Boon,1,10,15,/works/OL770614W,Boontjes 1961,Louis Paul Boon,1.0000,1989,/books/OL1524781M,Boontjes 1961,,dut,1.0000,9050670911,Houtekiet,1989,,3961176,VALID_COVER,128,214,JPEG,data/cache/nl-mass-editorial-engine/covers/NL-OL1524781M.jpeg,NO,NO,167.0000,201.0000,AUTO_ACCEPT,Strong author/title/language match and validated physical cover.,
NL,TWENTIETH_CENTURY,Louis Paul Boon,1,10,15,/works/OL770620W,Davids jonge dagen,Louis Paul Boon,1.0000,1974,/books/OL5140897M,Davids jonge dagen.,,dut,1.0000,9029503068,"De Arbeiderspers, Querido",1974,,4478336,VALID_COVER,128,212,JPEG,data/cache/nl-mass-editorial-engine/covers/NL-OL5140897M.jpeg,NO,NO,167.0000,201.0000,AUTO_ACCEPT,Strong author/title/language match and validated physical cover.,
NL,TWENTIETH_CENTURY,Louis Paul Boon,1,10,15,/works/OL770671W,De kapellekensbaan,Louis Paul Boon,1.0000,1953,/books/OL22900427M,De kapellekensbaan,roman,dut,1.0000,9029503181,Arbeiderspers,1975,,5822609,VALID_COVER,312,500,JPEG,data/cache/nl-mass-editorial-engine/covers/NL-OL22900427M.jpeg,NO,NO,167.0000,201.0000,AUTO_ACCEPT,Strong author/title/language match and validated physical cover.,
NL,TWENTIETH_CENTURY,Louis Paul Boon,1,10,15,/works/OL770621W,De kapellekensbann ; Zomer te Ter-Muren,Louis Paul Boon,1.0000,1979,/books/OL20562748M,De kapellekensbann ; Zomer te Ter-Muren,,dut,1.0000,9029504005,Uitgeverij de Arbeiderspers,1979,,12291558,VALID_COVER,298,500,JPEG,data/cache/nl-mass-editorial-engine/covers/NL-OL20562748M.jpeg,NO,NO,167.0000,201.0000,AUTO_ACCEPT,Strong author/title/language match and validated physical cover.,
NL,TWENTIETH_CENTURY,Louis Paul Boon,1,10,15,/works/OL770628W,De Zwarte Hand,Louis Paul Boon,1.0000,1976,/books/OL4623776M,De Zwarte Hand,"of, Het anarchisme van de negentiende eeuw in het industriestadje Aalst",dut,1.0000,9029506210,De Arbeiderspers,1976,,4426580,VALID_COVER,128,200,JPEG,data/cache/nl-mass-editorial-engine/covers/NL-OL4623776M.jpeg,NO,NO,167.0000,201.0000,AUTO_ACCEPT,Strong author/title/language match and validated physical cover.,
NL,TWENTIETH_CENTURY,Louis Paul Boon,1,10,15,/works/OL770629W,Een man zonder carrière,Louis Paul Boon,1.0000,1982,/books/OL3117216M,Een man zonder carrière,gesprekken met Louis Paul Boon,dut,1.0000,9029506229,Arbeiderspers,1982,,4220172,VALID_COVER,128,215,JPEG,data/cache/nl-mass-editorial-engine/covers/NL-OL3117216M.jpeg,NO,NO,167.0000,201.0000,AUTO_ACCEPT,Strong author/title/language match and validated physical cover.,
NL,TWENTIETH_CENTURY,Louis Paul Boon,1,10,15,/works/OL770631W,Eros en de eenzame man,Louis Paul Boon,1.0000,1980,/books/OL4165884M,Eros en de eenzame man,een droefgeestig en schandelijk porno-verhaal,dut,1.0000,9029503092,Arbeiderspers,1980,,4371083,VALID_COVER,128,213,JPEG,data/cache/nl-mass-editorial-engine/covers/NL-OL4165884M.jpeg,NO,NO,167.0000,201.0000,AUTO_ACCEPT,Strong author/title/language match and validated physical cover.,
NL,TWENTIETH_CENTURY,Louis Paul Boon,1,10,15,/works/OL770666W,Het geuzenboek,Louis Paul Boon,1.0000,1979,/books/OL14712208M,Het geuzenboek,,dut,1.0000,902950305X,De Arbeiderspers,1979,,6718050,VALID_COVER,321,500,JPEG,data/cache/nl-mass-editorial-engine/covers/NL-OL14712208M.jpeg,NO,NO,167.0000,201.0000,AUTO_ACCEPT,Strong author/title/language match and validated physical cover.,
NL,TWENTIETH_CENTURY,Louis Paul Boon,1,10,15,/works/OL770638W,Het jaar 1901,Louis Paul Boon,1.0000,1977,/books/OL4678079M,Het jaar 1901,verhalen naar de politiearchieven der stad Aalst,dut,1.0000,9029506105,Arbeiderspers ; Querido,1977,,4429800,VALID_COVER,128,215,JPEG,data/cache/nl-mass-editorial-engine/covers/NL-OL4678079M.jpeg,NO,NO,167.0000,201.0000,AUTO_ACCEPT,Strong author/title/language match and validated physical cover.,
NL,TWENTIETH_CENTURY,Louis Paul Boon,1,10,15,/works/OL770645W,Memoires van de Heer Daegeman,Louis Paul Boon,1.0000,1975,/books/OL5264141M,Memoires van de Heer Daegeman,,dut,1.0000,902950532X,De Arbeiderspers,1975,,4492745,VALID_COVER,128,217,JPEG,data/cache/nl-mass-editorial-engine/covers/NL-OL5264141M.jpeg,NO,NO,167.0000,201.0000,AUTO_ACCEPT,Strong author/title/language match and validated physical cover.,
NL,TWENTIETH_CENTURY,Louis Paul Boon,1,10,15,/works/OL770646W,Menuet en andere verhalen,Louis Paul Boon,1.0000,1974,/books/OL5149194M,Menuet en andere verhalen,,dut,1.0000,9029505346,De Arbeiderspers : Querido,1974,,4478906,VALID_COVER,128,206,JPEG,data/cache/nl-mass-editorial-engine/covers/NL-OL5149194M.jpeg,NO,NO,167.0000,201.0000,AUTO_ACCEPT,Strong author/title/language match and validated physical cover.,
NL,TWENTIETH_CENTURY,Louis Paul Boon,1,10,15,/works/OL770669W,Niets gaat ten onder,Louis Paul Boon,1.0000,1970,/books/OL1462965M,Niets gaat ten onder,,dut,1.0000,9029503122,De Arbeiderspers,1990,,13604196,VALID_COVER,333,500,JPEG,data/cache/nl-mass-editorial-engine/covers/NL-OL1462965M.jpeg,NO,NO,167.0000,201.0000,AUTO_ACCEPT,Strong author/title/language match and validated physical cover.,
NL,TWENTIETH_CENTURY,Louis Paul Boon,1,10,15,/works/OL770648W,Pieter Daens of hoe in de negentiende eeuw de arbeiders van Aalst vochten tegen armoede en onrecht,Louis Paul Boon,1.0000,1971,/books/OL5494919M,Pieter Daens of hoe in de negentiende eeuw de arbeiders van Aalst vochten tegen armoede en onrecht.,,dut,1.0000,9029502975,De Arbeiderspers; Querido,1971,,4517111,VALID_COVER,128,199,JPEG,data/cache/nl-mass-editorial-engine/covers/NL-OL5494919M.jpeg,NO,NO,167.0000,201.0000,AUTO_ACCEPT,Strong author/title/language match and validated physical cover.,
NL,TWENTIETH_CENTURY,Louis Paul Boon,1,10,15,/works/OL770653W,Verscheurd jeugdportret,Louis Paul Boon,1.0000,1975,/books/OL4803227M,Verscheurd jeugdportret,,dut,1.0000,9029506121,Arbeiderspers,1975,,4445566,VALID_COVER,128,216,JPEG,data/cache/nl-mass-editorial-engine/covers/NL-OL4803227M.jpeg,NO,NO,167.0000,201.0000,AUTO_ACCEPT,Strong author/title/language match and validated physical cover.,
NL,TWENTIETH_CENTURY,Louis Paul Boon,1,10,15,/works/OL770655W,Vertellingen van Jo,Louis Paul Boon,1.0000,1989,/books/OL1796827M,Vertellingen van Jo,,dut,1.0000,9029503114,Arbeiderspers,1989,,4017468,VALID_COVER,128,223,JPEG,data/cache/nl-mass-editorial-engine/covers/NL-OL1796827M.jpeg,NO,NO,167.0000,201.0000,AUTO_ACCEPT,Strong author/title/language match and validated physical cover.,
NL,TWENTIETH_CENTURY,Louis Paul Boon,1,10,15,/works/OL770658W,Zomerdagdroom,Louis Paul Boon,1.0000,1973,/books/OL5506605M,Zomerdagdroom.,Erotisch poëtisch proza.,dut,1.0000,9029506156,De Arbeiderspers; Querido,1973,,4517819,VALID_COVER,128,212,JPEG,data/cache/nl-mass-editorial-engine/covers/NL-OL5506605M.jpeg,NO,NO,167.0000,201.0000,AUTO_ACCEPT,Strong author/title/language match and validated physical cover.,
NL,TWENTIETH_CENTURY,Maarten 't Hart,1,10,15,/works/OL719929W,De aansprekers,Maarten 't Hart,1.0000,1979,/books/OL2502881M,De aansprekers,roman van vader en zoon,dut,1.0000,9029518235,De Arbeiderspers,1979,,6452261,VALID_COVER,320,500,JPEG,data/cache/nl-mass-editorial-engine/covers/NL-OL2502881M.jpeg,NO,NO,167.0000,201.0000,AUTO_ACCEPT,Strong author/title/language match and validated physical cover.,
NL,TWENTIETH_CENTURY,Maarten 't Hart,1,10,15,/works/OL24754660W,De aansprekers & De vlieger,Maarten 't Hart,1.0000,2009,/books/OL32867755M,De aansprekers & De vlieger,de vaderromans,dut,1.0000,9789029571357,Arbeiderspers,2009,,11500740,VALID_COVER,289,500,JPEG,data/cache/nl-mass-editorial-engine/covers/NL-OL32867755M.jpeg,NO,NO,167.0000,201.0000,AUTO_ACCEPT,Strong author/title/language match and validated physical cover.,
NL,TWENTIETH_CENTURY,Maarten 't Hart,1,10,15,/works/OL719930W,De droomkoningin,Maarten 't Hart,1.0000,1980,/books/OL24327042M,De droomkoningin,,dut,1.0000,9789029518253,De Arbeiderspers,1980,,6452264,VALID_COVER,312,500,JPEG,data/cache/nl-mass-editorial-engine/covers/NL-OL24327042M.jpeg,NO,NO,167.0000,201.0000,AUTO_ACCEPT,Strong author/title/language match and validated physical cover.,
NL,TWENTIETH_CENTURY,Maarten 't Hart,1,10,15,/works/OL719931W,De gevaren van joggen,Maarten 't Hart,1.0000,1999,/books/OL135071M,De gevaren van joggen,dwarse boutades,dut,1.0000,9029521511,De Arbeiderspers,1999,,7241792,VALID_COVER,308,500,JPEG,data/cache/nl-mass-editorial-engine/covers/NL-OL135071M.jpeg,NO,NO,167.0000,201.0000,AUTO_ACCEPT,Strong author/title/language match and validated physical cover.,
NL,TWENTIETH_CENTURY,Maarten 't Hart,1,10,15,/works/OL719932W,De huismeester,Maarten 't Hart,1.0000,1985,/books/OL2281984M,De huismeester,verhalen,dut,1.0000,9029519495,De Arbeiderspers,1985,,6452267,VALID_COVER,318,500,JPEG,data/cache/nl-mass-editorial-engine/covers/NL-OL2281984M.jpeg,NO,NO,167.0000,201.0000,AUTO_ACCEPT,Strong author/title/language match and validated physical cover.,
NL,TWENTIETH_CENTURY,Maarten 't Hart,1,10,15,/works/OL719961W,De jacobsladder,Maarten 't Hart,1.0000,1986,/books/OL2342045M,De jacobsladder,roman,dut,1.0000,902951955X,De Arbeiderspers,1986,,6275851,VALID_COVER,200,321,JPEG,data/cache/nl-mass-editorial-engine/covers/NL-OL2342045M.jpeg,NO,NO,167.0000,201.0000,AUTO_ACCEPT,Strong author/title/language match and validated physical cover.,
NL,TWENTIETH_CENTURY,Maarten 't Hart,1,10,15,/works/OL719933W,De kritische afstand,Maarten 't Hart,1.0000,1976,/books/OL4987700M,De kritische afstand,agressieve aantekeningen over mens en dier,dut,1.0000,9029518715,De Arbeiderspers,1976,,6275865,VALID_COVER,143,234,JPEG,data/cache/nl-mass-editorial-engine/covers/NL-OL4987700M.jpeg,NO,NO,167.0000,201.0000,AUTO_ACCEPT,Strong author/title/language match and validated physical cover.,
NL,TWENTIETH_CENTURY,Maarten 't Hart,1,10,15,/works/OL719934W,De kroongetuige,Maarten 't Hart,1.0000,1983,/books/OL24327189M,De kroongetuige,,dut,1.0000,9029518871,De Arbeiderspers,1983,,6452305,VALID_COVER,318,500,JPEG,data/cache/nl-mass-editorial-engine/covers/NL-OL24327189M.jpeg,NO,NO,167.0000,201.0000,AUTO_ACCEPT,Strong author/title/language match and validated physical cover.,
NL,TWENTIETH_CENTURY,Maarten 't Hart,1,10,15,/works/OL20904488W,De nachtstemmer,Maarten 't Hart,1.0000,2019,/books/OL28315504M,De nachtstemmer,,dut,1.0000,9789029540377,De Arbeiderspers,2019,,10245012,VALID_COVER,314,500,JPEG,data/cache/nl-mass-editorial-engine/covers/NL-OL28315504M.jpeg,NO,NO,167.0000,201.0000,AUTO_ACCEPT,Strong author/title/language match and validated physical cover.,
NL,TWENTIETH_CENTURY,Maarten 't Hart,1,10,15,/works/OL9071731W,De nakomer,Maarten 't Hart,1.0000,1997,/books/OL9097549M,De nakomer,roman,dut,1.0000,9029520736,De Arbeiderspers,1997,,6452311,VALID_COVER,318,500,JPEG,data/cache/nl-mass-editorial-engine/covers/NL-OL9097549M.jpeg,NO,NO,167.0000,201.0000,AUTO_ACCEPT,Strong author/title/language match and validated physical cover.,
NL,TWENTIETH_CENTURY,Maarten 't Hart,1,10,15,/works/OL719936W,De ortolaan,Maarten 't Hart,1.0000,1984,/books/OL21376044M,De ortolaan,roman,dut,1.0000,9029519541,De Arbeiderspers,1984,,6452257,VALID_COVER,318,500,JPEG,data/cache/nl-mass-editorial-engine/covers/NL-OL21376044M.jpeg,NO,NO,167.0000,201.0000,AUTO_ACCEPT,Strong author/title/language match and validated physical cover.,
NL,TWENTIETH_CENTURY,Maarten 't Hart,1,10,15,/works/OL15216855W,De stekelbaars,Maarten 't Hart,1.0000,1978,/books/OL24327140M,De stekelbaars,,dut,1.0000,9027472580,Het Spectrum,1978,,6452280,VALID_COVER,294,500,JPEG,data/cache/nl-mass-editorial-engine/covers/NL-OL24327140M.jpeg,NO,NO,167.0000,201.0000,AUTO_ACCEPT,Strong author/title/language match and validated physical cover.,
NL,TWENTIETH_CENTURY,Maarten 't Hart,1,10,15,/works/OL14904318W,De stiefdochters van Stoof,Maarten 't Hart,1.0000,2000,/books/OL23958855M,De stiefdochters van Stoof,,dut,1.0000,9075818157,LookaBook,2000,,6277071,VALID_COVER,286,496,JPEG,data/cache/nl-mass-editorial-engine/covers/NL-OL23958855M.jpeg,NO,NO,167.0000,201.0000,AUTO_ACCEPT,Strong author/title/language match and validated physical cover.,
NL,TWENTIETH_CENTURY,Maarten 't Hart,1,10,15,/works/OL719939W,De unster,Maarten 't Hart,1.0000,1989,/books/OL1909563M,De unster,verhalen,dut,1.0000,9029519843,De Arbeiderspers,1989,,6452301,VALID_COVER,322,500,JPEG,data/cache/nl-mass-editorial-engine/covers/NL-OL1909563M.jpeg,NO,NO,167.0000,201.0000,AUTO_ACCEPT,Strong author/title/language match and validated physical cover.,
NL,TWENTIETH_CENTURY,Maarten 't Hart,1,10,15,/works/OL15216282W,De versnijdenis ; De neef van Mata Hari,Maarten 't Hart,1.0000,1982,/books/OL24327112M,De versnijdenis ; De neef van Mata Hari,,dut,1.0000,9028052704,Meulenhoff Educatief,1982,,6452275,VALID_COVER,328,500,JPEG,data/cache/nl-mass-editorial-engine/covers/NL-OL24327112M.jpeg,NO,NO,167.0000,201.0000,AUTO_ACCEPT,Strong author/title/language match and validated physical cover.,
NL,TWENTIETH_CENTURY,Maarten 't Hart,1,10,15,/works/OL719940W,De vlieger,Maarten 't Hart,1.0000,1998,/books/OL85879M,De vlieger,roman,dut,1.0000,9029521430,De Arbeiderspers,1998,,6452310,VALID_COVER,318,500,JPEG,data/cache/nl-mass-editorial-engine/covers/NL-OL85879M.jpeg,NO,NO,167.0000,201.0000,AUTO_ACCEPT,Strong author/title/language match and validated physical cover.,
NL,TWENTIETH_CENTURY,Maarten 't Hart,1,10,15,/works/OL15216889W,De vrouw bestaat niet,Maarten 't Hart,1.0000,1982,/books/OL24327141M,De vrouw bestaat niet,,dut,1.0000,9029518294,De Arbeiderspers,1982,,6452281,VALID_COVER,320,500,JPEG,data/cache/nl-mass-editorial-engine/covers/NL-OL24327141M.jpeg,NO,NO,167.0000,201.0000,AUTO_ACCEPT,Strong author/title/language match and validated physical cover.,
NL,TWENTIETH_CENTURY,Maarten 't Hart,1,10,15,/works/OL719942W,De zaterdagvliegers,Maarten 't Hart,1.0000,1981,/books/OL3870103M,De zaterdagvliegers,verhalen,dut,1.0000,9029518286,De Arbeiderspers,1981,,6452308,VALID_COVER,316,500,JPEG,data/cache/nl-mass-editorial-engine/covers/NL-OL3870103M.jpeg,NO,NO,167.0000,201.0000,AUTO_ACCEPT,Strong author/title/language match and validated physical cover.,
NL,TWENTIETH_CENTURY,Maarten 't Hart,1,10,15,/works/OL719943W,De zonnewijzer,Maarten 't Hart,1.0000,2002,/books/OL3736967M,De zonnewijzer,roman,dut,1.0000,9029522372,De Arbeiderspers,2002,,4317000,VALID_COVER,128,203,JPEG,data/cache/nl-mass-editorial-engine/covers/NL-OL3736967M.jpeg,NO,NO,167.0000,201.0000,AUTO_ACCEPT,Strong author/title/language match and validated physical cover.,
NL,TWENTIETH_CENTURY,Maarten 't Hart,1,10,15,/works/OL15216501W,Dutch dreamgirls,Jef Rademakers | Maarten 't Hart,1.0000,1984,/books/OL24327114M,Dutch dreamgirls,20 Nederlandse meisjes op weg naar een carrière als naaktmodel,dut,1.0000,9068250019,Uniepers,1984,,6452276,VALID_COVER,335,500,JPEG,data/cache/nl-mass-editorial-engine/covers/NL-OL24327114M.jpeg,NO,NO,167.0000,201.0000,AUTO_ACCEPT,Strong author/title/language match and validated physical cover.,
NL,TWENTIETH_CENTURY,Maarten 't Hart,1,10,15,/works/OL719945W,Een dasspeld uit Toela,Maarten 't Hart,1.0000,1990,/books/OL1581778M,Een dasspeld uit Toela,,dut,1.0000,9029520213,De Arbeiderspers,1990,,6275778,VALID_COVER,150,239,JPEG,data/cache/nl-mass-editorial-engine/covers/NL-OL1581778M.jpeg,NO,NO,167.0000,201.0000,AUTO_ACCEPT,Strong author/title/language match and validated physical cover.,
NL,TWENTIETH_CENTURY,Maarten 't Hart,1,10,15,/works/OL719946W,Een deerne in lokkend postuur,Maarten 't Hart,1.0000,2000,/books/OL6839890M,Een deerne in lokkend postuur,persoonlijke kroniek 1999,dut,1.0000,9029521724,Arbeiderspers,2000,,6275782,VALID_COVER,149,250,JPEG,data/cache/nl-mass-editorial-engine/covers/NL-OL6839890M.jpeg,NO,NO,167.0000,201.0000,AUTO_ACCEPT,Strong author/title/language match and validated physical cover.,
NL,TWENTIETH_CENTURY,Maarten 't Hart,1,10,15,/works/OL719947W,Een havik onder Delft,Maarten 't Hart,1.0000,1992,/books/OL1306769M,Een havik onder Delft,polemische paukeslagen en andere kritische beschouwingen,dut,1.0000,9029520469,De Arbeiderspers,1992,,6275836,VALID_COVER,264,419,JPEG,data/cache/nl-mass-editorial-engine/covers/NL-OL1306769M.jpeg,NO,NO,167.0000,201.0000,AUTO_ACCEPT,Strong author/title/language match and validated physical cover.,
NL,TWENTIETH_CENTURY,Maarten 't Hart,1,10,15,/works/OL719962W,Een vlucht regenwulpen,Maarten 't Hart,1.0000,1978,/books/OL24922333M,Een vlucht regenwulpen,,dut,1.0000,9789029518215,De Arbeiderspers,1981,,6868785,VALID_COVER,314,500,JPEG,data/cache/nl-mass-editorial-engine/covers/NL-OL24922333M.jpeg,NO,NO,167.0000,201.0000,AUTO_ACCEPT,Strong author/title/language match and validated physical cover.,
NL,TWENTIETH_CENTURY,Maarten 't Hart,1,10,15,/works/OL17687739W,Het dovemansorendieet,Maarten 't Hart,1.0000,2007,/books/OL35325466M,Het dovemansorendieet,over zin en onzin van gewichtsverlies,dut,1.0000,9789029565813,De Arbeiderspers,2007,,12141201,VALID_COVER,297,500,JPEG,data/cache/nl-mass-editorial-engine/covers/NL-OL35325466M.jpeg,NO,NO,167.0000,201.0000,AUTO_ACCEPT,Strong author/title/language match and validated physical cover.,
NL,TWENTIETH_CENTURY,Maarten 't Hart,1,10,15,/works/OL719949W,Het eeuwige moment,Maarten 't Hart,1.0000,1983,/books/OL3268164M,Het  eeuwige moment,essays,dut,1.0000,9029518200,De Arbeiderspers,1983,,6275794,VALID_COVER,145,234,JPEG,data/cache/nl-mass-editorial-engine/covers/NL-OL3268164M.jpeg,NO,NO,167.0000,201.0000,AUTO_ACCEPT,Strong author/title/language match and validated physical cover.,
NL,TWENTIETH_CENTURY,Maarten 't Hart,1,10,15,/works/OL719950W,Het psalmenoproer,Maarten 't Hart,1.0000,2006,/books/OL16292541M,Het psalmenoproer,roman,dut,1.0000,9029564083,De Arbeiderspers,2006,,6276696,VALID_COVER,312,500,JPEG,data/cache/nl-mass-editorial-engine/covers/NL-OL16292541M.jpeg,NO,NO,167.0000,201.0000,AUTO_ACCEPT,Strong author/title/language match and validated physical cover.,
NL,TWENTIETH_CENTURY,Maarten 't Hart,1,10,15,/works/OL14904319W,Het roer kan nog zesmaal om,Maarten 't Hart,1.0000,1984,/books/OL2955405M,Het roer kan nog zesmaal om,,dut,1.0000,9029518197,De Arbeiderspers,1984,,6452318,VALID_COVER,303,500,JPEG,data/cache/nl-mass-editorial-engine/covers/NL-OL2955405M.jpeg,NO,NO,167.0000,201.0000,AUTO_ACCEPT,Strong author/title/language match and validated physical cover.,
NL,TWENTIETH_CENTURY,Maarten 't Hart,1,10,15,/works/OL719953W,Het vrome volk,Maarten 't Hart,1.0000,1974,/books/OL4834348M,Het vrome volk,verhalen,dut,1.0000,9029518731,De Arbeiderspers,1974,,6452297,VALID_COVER,317,500,JPEG,data/cache/nl-mass-editorial-engine/covers/NL-OL4834348M.jpeg,NO,NO,167.0000,201.0000,AUTO_ACCEPT,Strong author/title/language match and validated physical cover.,
NL,TWENTIETH_CENTURY,Maarten 't Hart,1,10,15,/works/OL719963W,Het woeden der gehele wereld,Maarten 't Hart,1.0000,1993,/books/OL1155826M,Het woeden der gehele wereld,roman,dut,1.0000,9029520248,Uitgeverij De Arbeiderspers,1993,,12651972,VALID_COVER,312,500,JPEG,data/cache/nl-mass-editorial-engine/covers/NL-OL1155826M.jpeg,NO,NO,167.0000,201.0000,AUTO_ACCEPT,Strong author/title/language match and validated physical cover.,
NL,TWENTIETH_CENTURY,Maarten 't Hart,1,10,15,/works/OL719954W,Ik had een wapenbroeder,Maarten 't Hart,1.0000,1973,/books/OL5495005M,Ik had een wapenbroeder,,dut,1.0000,9029518707,De Arbeiderspers,1973,,6452298,VALID_COVER,317,500,JPEG,data/cache/nl-mass-editorial-engine/covers/NL-OL5495005M.jpeg,NO,NO,167.0000,201.0000,AUTO_ACCEPT,Strong author/title/language match and validated physical cover.,
NL,TWENTIETH_CENTURY,Maarten 't Hart,1,10,15,/works/OL9096461W,Johann Sebastian Bach,Maarten 't Hart,1.0000,2000,/books/OL9097551M,Johann Sebastian Bach,,dut,1.0000,9029521872,Joan Records,2000,,6275853,VALID_COVER,146,233,JPEG,data/cache/nl-mass-editorial-engine/covers/NL-OL9097551M.jpeg,NO,NO,167.0000,201.0000,AUTO_ACCEPT,Strong author/title/language match and validated physical cover.,
NL,TWENTIETH_CENTURY,Maarten 't Hart,1,10,15,/works/OL15217309W,Laatste zomernacht,Maarten 't Hart,1.0000,1977,/books/OL24327144M,Laatste zomernacht,,dut,1.0000,9029518685,De Arbeiderspers,1977,,6452292,VALID_COVER,321,500,JPEG,data/cache/nl-mass-editorial-engine/covers/NL-OL24327144M.jpeg,NO,NO,167.0000,201.0000,AUTO_ACCEPT,Strong author/title/language match and validated physical cover.,
NL,TWENTIETH_CENTURY,Maarten 't Hart,1,10,15,/works/OL719955W,Maarten 't Hart,Maarten 't Hart,1.0000,1985,/books/OL2763243M,Maarten 't Hart,uit en over zijn werk,dut,1.0000,9029536128,Arbeiderspers,1985,,6275873,VALID_COVER,140,224,JPEG,data/cache/nl-mass-editorial-engine/covers/NL-OL2763243M.jpeg,NO,NO,167.0000,201.0000,AUTO_ACCEPT,Strong author/title/language match and validated physical cover.,
NL,TWENTIETH_CENTURY,Maarten 't Hart,1,10,15,/works/OL17092729W,Magdalena,Maarten 't Hart,1.0000,2015,/books/OL30855034M,Magdalena,,dut,1.0000,9789029538558,Uitgeverij De Arbeiderspers,2015,,12990289,VALID_COVER,310,500,JPEG,data/cache/nl-mass-editorial-engine/covers/NL-OL30855034M.jpeg,NO,NO,167.0000,201.0000,AUTO_ACCEPT,Strong author/title/language match and validated physical cover.,
NL,TWENTIETH_CENTURY,Maarten 't Hart,1,10,15,/works/OL719956W,Mammoet op zondag,Maarten 't Hart,1.0000,1977,/books/OL4650339M,Mammoet op zondag,verhalen,dut,1.0000,9029518693,De Arbeiderspers,1977,,6732275,VALID_COVER,319,500,JPEG,data/cache/nl-mass-editorial-engine/covers/NL-OL4650339M.jpeg,NO,NO,167.0000,201.0000,AUTO_ACCEPT,Strong author/title/language match and validated physical cover.,
NL,TWENTIETH_CENTURY,Maarten 't Hart,1,10,15,/works/OL15176486W,November,Maarten 't Hart,1.0000,1979,/books/OL24327282M,November,,dut,1.0000,9027492352,Het Spectrum,1979,,6452359,VALID_COVER,318,500,JPEG,data/cache/nl-mass-editorial-engine/covers/NL-OL24327282M.jpeg,NO,NO,167.0000,201.0000,AUTO_ACCEPT,Strong author/title/language match and validated physical cover.,
NL,TWENTIETH_CENTURY,Maarten 't Hart,1,10,15,/works/OL9071741W,Onder de korenmaat,Maarten 't Hart,1.0000,1991,/books/OL9097548M,Onder de korenmaat,roman,dut,1.0000,9789029520454,De Arbeiderspers,1991,,6452314,VALID_COVER,314,500,JPEG,data/cache/nl-mass-editorial-engine/covers/NL-OL9097548M.jpeg,NO,NO,167.0000,201.0000,AUTO_ACCEPT,Strong author/title/language match and validated physical cover.,
NL,TWENTIETH_CENTURY,Maarten 't Hart,1,10,15,/works/OL719958W,Ongewenste zeereis,Maarten 't Hart,1.0000,1979,/books/OL4045405M,Ongewenste zeereis,"essays, al dan niet autobiografisch",dut,1.0000,9029518227,De Arbeiderspers,1979,,6276059,VALID_COVER,143,234,JPEG,data/cache/nl-mass-editorial-engine/covers/NL-OL4045405M.jpeg,NO,NO,167.0000,201.0000,AUTO_ACCEPT,Strong author/title/language match and validated physical cover.,
NL,TWENTIETH_CENTURY,Maarten 't Hart,1,10,15,/works/OL15217317W,Ratten,Maarten 't Hart,1.0000,1973,/books/OL24327145M,Ratten,"over het gedrag, de leefwijze en het leervermogen van de rat, over de rattenbestrijding en de rattenkoning : met enkele aanwijzingen voor het houden van de rat als huisdier",dut,1.0000,9062877508,Wetenschappelijke Uitgeverij,1973,,6452294,VALID_COVER,324,500,JPEG,data/cache/nl-mass-editorial-engine/covers/NL-OL24327145M.jpeg,NO,NO,167.0000,201.0000,AUTO_ACCEPT,Strong author/title/language match and validated physical cover.,
NL,TWENTIETH_CENTURY,Maarten 't Hart,1,10,15,/works/OL14904321W,Stenen voor een ransuil,Maarten 't Hart,1.0000,1978,/books/OL4357793M,Stenen voor een ransuil,,dut,1.0000,9029518723,De Arbeiderspers,1978,,6277068,VALID_COVER,142,246,JPEG,data/cache/nl-mass-editorial-engine/covers/NL-OL4357793M.jpeg,NO,NO,167.0000,201.0000,AUTO_ACCEPT,Strong author/title/language match and validated physical cover.,
NL,TWENTIETH_CENTURY,Maarten 't Hart,1,10,15,/works/OL719941W,Verhalen,Maarten 't Hart,1.0000,1987,/books/OL24629542M,Verhalen,,dut,1.0000,90717610371,IC/M-Rubinstein,1987,,6718072,VALID_COVER,335,500,JPEG,data/cache/nl-mass-editorial-engine/covers/NL-OL24629542M.jpeg,NO,NO,167.0000,201.0000,AUTO_ACCEPT,Strong author/title/language match and validated physical cover.,
NL,TWENTIETH_CENTURY,Maarten 't Hart,1,10,15,/works/OL34798696W,Verzamelde Verhalen,Maarten t Hart,1.0000,1992,/books/OL47150881M,Verzamelde Verhalen,,dut,1.0000,9789029520430,Arbeiderspers,"Mar 17, 1992",,13554197,VALID_COVER,167,257,JPEG,data/cache/nl-mass-editorial-engine/covers/NL-OL47150881M.jpeg,NO,NO,167.0000,201.0000,AUTO_ACCEPT,Strong author/title/language match and validated physical cover.,
NL,TWENTIETH_CENTURY,Maarten 't Hart,1,10,15,/works/OL2895296W,Wie God verlaat heeft niets te vrezen,Maarten 't Hart,1.0000,1997,/books/OL775067M,Wie God verlaat heeft niets te vrezen,de Schrift betwist,dut,1.0000,9029520795,De Arbeiderspers,1997,,6452335,VALID_COVER,314,500,JPEG,data/cache/nl-mass-editorial-engine/covers/NL-OL775067M.jpeg,NO,NO,167.0000,201.0000,AUTO_ACCEPT,Strong author/title/language match and validated physical cover.,
NL,TWENTIETH_CENTURY,Marga Minco,1,7,10,/works/OL2060831W,De andere kant,Marga Minco,1.0000,1959,/books/OL4159875M,De andere kant,,dut,1.0000,9060191846,Bert Bakker,1979,,4370466,VALID_COVER,128,212,JPEG,data/cache/nl-mass-editorial-engine/covers/NL-OL4159875M.jpeg,NO,NO,167.0000,201.0000,AUTO_ACCEPT,Strong author/title/language match and validated physical cover.,
NL,TWENTIETH_CENTURY,Marga Minco,1,7,10,/works/OL2060819W,De glazen brug,Marga Minco,1.0000,1986,/books/OL2154940M,De glazen brug,,dut,1.0000,9070066556,"B. Bakker voor de Stichting Collectieve Propaganda van het Nederlandse Boek, CPNB",1986,,4080077,VALID_COVER,128,223,JPEG,data/cache/nl-mass-editorial-engine/covers/NL-OL2154940M.jpeg,NO,NO,167.0000,201.0000,AUTO_ACCEPT,Strong author/title/language match and validated physical cover.,
NL,TWENTIETH_CENTURY,Marga Minco,1,7,10,/works/OL16808035W,Maart,Marga Minco,1.0000,1979,/books/OL25432386M,Maart,,dut,1.0000,9027492271,Het Spectrum,1979,,7263923,VALID_COVER,318,500,JPEG,data/cache/nl-mass-editorial-engine/covers/NL-OL25432386M.jpeg,NO,NO,167.0000,201.0000,AUTO_ACCEPT,Strong author/title/language match and validated physical cover.,
NL,TWENTIETH_CENTURY,Marga Minco,1,7,10,/works/OL16800658W,Storing,Marga Minco,1.0000,2004,/books/OL25422831M,Storing,,dut,1.0000,9789023414919,De Bezige Bij,2004,,7251126,VALID_COVER,327,500,JPEG,data/cache/nl-mass-editorial-engine/covers/NL-OL25422831M.jpeg,NO,NO,167.0000,201.0000,AUTO_ACCEPT,Strong author/title/language match and validated physical cover.,
NL,TWENTIETH_CENTURY,Oek de Jong,1,7,10,/works/OL22748814W,Brief aan een jonge Atlas,Oek de Jong,1.0000,2012,/books/OL30726385M,Brief aan een jonge Atlas,,dut,1.0000,9789045705439,Uitgeverij Augustus,2012,,13100836,VALID_COVER,318,500,JPEG,data/cache/nl-mass-editorial-engine/covers/NL-OL30726385M.jpeg,NO,NO,167.0000,201.0000,AUTO_ACCEPT,Strong author/title/language match and validated physical cover.,
NL,TWENTIETH_CENTURY,Oek de Jong,1,7,10,/works/OL1687247W,Hokwerda's kind,Oek de Jong,1.0000,2003,/books/OL22989832M,Hokwerda's kind,roman,dut,1.0000,9045701219,Augustus,2003,,13048779,VALID_COVER,318,500,JPEG,data/cache/nl-mass-editorial-engine/covers/NL-OL22989832M.jpeg,NO,NO,167.0000,201.0000,AUTO_ACCEPT,Strong author/title/language match and validated physical cover.,
NL,TWENTIETH_CENTURY,Oek de Jong,1,7,10,/works/OL26187862W,Mevrouw Len,Oek de Jong,1.0000,2009,/books/OL35337970M,Mevrouw Len,,dut,1.0000,9789045702841,Augustus,2009,,12161822,VALID_COVER,327,500,JPEG,data/cache/nl-mass-editorial-engine/covers/NL-OL35337970M.jpeg,NO,NO,167.0000,201.0000,AUTO_ACCEPT,Strong author/title/language match and validated physical cover.,
NL,TWENTIETH_CENTURY,Oek de Jong,1,7,10,/works/OL1687249W,Opwaaiende zomerjurken,Oek de Jong,1.0000,1979,/books/OL2502333M,Opwaaiende zomerjurken,roman,dut,1.0000,9029005904,Meulenhoff,1979,,4139528,VALID_COVER,128,202,JPEG,data/cache/nl-mass-editorial-engine/covers/NL-OL2502333M.jpeg,NO,NO,167.0000,201.0000,AUTO_ACCEPT,Strong author/title/language match and validated physical cover.,
NL,TWENTIETH_CENTURY,Oek de Jong,1,7,10,/works/OL16806058W,Pier en Oceaan,Oek de Jong,1.0000,2013,/books/OL25429733M,Pier en Oceaan,,dut,1.0000,9789025440930,Atlas Contact,2013,,7260738,VALID_COVER,336,500,JPEG,data/cache/nl-mass-editorial-engine/covers/NL-OL25429733M.jpeg,NO,NO,167.0000,201.0000,AUTO_ACCEPT,Strong author/title/language match and validated physical cover.,
NL,TWENTIETH_CENTURY,Oek de Jong,1,7,10,/works/OL30816328W,Zwarte schuur,Oek De Jong,1.0000,2019,/books/OL42340979M,Zwarte schuur,roman,dut,1.0000,9789025451400,Atlas Contact,"Sep 06, 2019",,13748037,VALID_COVER,334,500,JPEG,data/cache/nl-mass-editorial-engine/covers/NL-OL42340979M.jpeg,NO,NO,167.0000,201.0000,AUTO_ACCEPT,Strong author/title/language match and validated physical cover.,
NL,TWENTIETH_CENTURY,Remco Campert,1,8,12,/works/OL658341W,Alle bundels gedichten,Remco Campert,1.0000,1976,/books/OL4978437M,Alle bundels gedichten,,dut,1.0000,902344485X,De Bezige Bij,1976,,4463533,VALID_COVER,128,197,JPEG,data/cache/nl-mass-editorial-engine/covers/NL-OL4978437M.jpeg,NO,NO,167.0000,201.0000,AUTO_ACCEPT,Strong author/title/language match and validated physical cover.,
NL,TWENTIETH_CENTURY,Remco Campert,1,8,12,/works/OL658342W,Als in een droom,Remco Campert,1.0000,2000,/books/OL6840603M,Als in een droom,een vertelling,dut,1.0000,9023438868,Bezige Bij,2000,,4538345,VALID_COVER,128,208,JPEG,data/cache/nl-mass-editorial-engine/covers/NL-OL6840603M.jpeg,NO,NO,167.0000,201.0000,AUTO_ACCEPT,Strong author/title/language match and validated physical cover.,
NL,TWENTIETH_CENTURY,Remco Campert,1,8,12,/works/OL658347W,Campert compleet vervolg,Remco Campert,1.0000,1991,/books/OL1657831M,Campert compleet vervolg,verhalen 1971-1991,dut,1.0000,9023431979,De Bezige Bij,1991,,3988570,VALID_COVER,128,205,JPEG,data/cache/nl-mass-editorial-engine/covers/NL-OL1657831M.jpeg,NO,NO,167.0000,201.0000,AUTO_ACCEPT,Strong author/title/language match and validated physical cover.,
NL,TWENTIETH_CENTURY,Remco Campert,1,8,12,/works/OL27975214W,Camu 1998,Remco Campert,1.0000,1999,/books/OL38246296M,Camu 1998,het jaaroverzicht van Remco Campert & Jan Mulder,dut,1.0000,9789023438106,De Bezige Bij,1999,,12792298,VALID_COVER,301,500,JPEG,data/cache/nl-mass-editorial-engine/covers/NL-OL38246296M.jpeg,NO,NO,167.0000,201.0000,AUTO_ACCEPT,Strong author/title/language match and validated physical cover.,
NL,TWENTIETH_CENTURY,Remco Campert,1,8,12,/works/OL658360W,Een mooie jonge vriendin en andere belevenissen,Remco Campert,1.0000,1998,/books/OL76232M,Een mooie jonge vriendin en andere belevenissen,,dut,1.0000,9023438078,Bezige Bij,1998,,3704665,VALID_COVER,128,210,JPEG,data/cache/nl-mass-editorial-engine/covers/NL-OL76232M.jpeg,NO,NO,167.0000,201.0000,AUTO_ACCEPT,Strong author/title/language match and validated physical cover.,
NL,TWENTIETH_CENTURY,Remco Campert,1,8,12,/works/OL658365W,Het avontuur van Iks en Ei,Remco Campert,1.0000,2008,/books/OL23642484M,Het avontuur van Iks en Ei,,dut,1.0000,9789023428831,De Bezige Bij,2008,,12146226,VALID_COVER,301,500,JPEG,data/cache/nl-mass-editorial-engine/covers/NL-OL23642484M.jpeg,NO,NO,167.0000,201.0000,AUTO_ACCEPT,Strong author/title/language match and validated physical cover.,
NL,TWENTIETH_CENTURY,Remco Campert,1,8,12,/works/OL27974473W,Het onkruid en de bloem,Remco Campert,1.0000,1994,/books/OL38245324M,Het onkruid en de bloem,dagboek van een verslaafd meisje,dut,1.0000,9789025726461,Gottmer,1994,,12791089,VALID_COVER,304,500,JPEG,data/cache/nl-mass-editorial-engine/covers/NL-OL38245324M.jpeg,NO,NO,167.0000,201.0000,AUTO_ACCEPT,Strong author/title/language match and validated physical cover.,
NL,TWENTIETH_CENTURY,Remco Campert,1,8,12,/works/OL24041587W,Het satijnen hart,Remco Campert,1.0000,2006,/books/OL31739707M,Het satijnen hart,roman,dut | ger,1.0000,9023419243,De Bezige Bij,2006,,10762174,VALID_COVER,312,500,JPEG,data/cache/nl-mass-editorial-engine/covers/NL-OL31739707M.jpeg,NO,NO,167.0000,201.0000,AUTO_ACCEPT,Strong author/title/language match and validated physical cover.,
NL,TWENTIETH_CENTURY,Remco Campert,1,8,12,/works/OL658372W,James Dean en het verdriet,Remco Campert,1.0000,1972,/books/OL5378524M,James Dean en het verdriet.,Verhalen.,dut,1.0000,9023440056,De Bezige Bij,1972,,4505482,VALID_COVER,128,217,JPEG,data/cache/nl-mass-editorial-engine/covers/NL-OL5378524M.jpeg,NO,NO,167.0000,201.0000,AUTO_ACCEPT,Strong author/title/language match and validated physical cover.,
NL,TWENTIETH_CENTURY,Remco Campert,1,8,12,/works/OL29237317W,Liefdes schijnbewegingen,Remco Campert,1.0000,1975,/books/OL40214029M,Liefdes schijnbewegingen,een leesboek,dut,1.0000,9789023400486,De Bezige Bij,1975,,12970031,VALID_COVER,291,500,JPEG,data/cache/nl-mass-editorial-engine/covers/NL-OL40214029M.jpeg,NO,NO,167.0000,201.0000,AUTO_ACCEPT,Strong author/title/language match and validated physical cover.,
NL,TWENTIETH_CENTURY,Remco Campert,1,8,12,/works/OL24424575W,"Ohi, hoho, bang, bang",Remco Campert,1.0000,2004,/books/OL32351291M,"Ohi, hoho, bang, bang",novelle,dut,1.0000,9789023415992,De Bezige Bij,2004,,10982756,VALID_COVER,314,500,JPEG,data/cache/nl-mass-editorial-engine/covers/NL-OL32351291M.jpeg,NO,NO,167.0000,201.0000,AUTO_ACCEPT,Strong author/title/language match and validated physical cover.,
NL,TWENTIETH_CENTURY,Remco Campert,1,8,12,/works/OL658380W,"Ohi, hoho, bang, bang, of, Het lied van de vrijheid",Remco Campert,1.0000,1995,/books/OL889204M,"Ohi, hoho, bang, bang, of, Het lied van de vrijheid",novelle,dut,1.0000,9023434595,Bezige Bij,1995,,12666373,VALID_COVER,295,500,JPEG,data/cache/nl-mass-editorial-engine/covers/NL-OL889204M.jpeg,NO,NO,167.0000,201.0000,AUTO_ACCEPT,Strong author/title/language match and validated physical cover.,
NL,TWENTIETH_CENTURY,Remco Campert,1,8,12,/works/OL5161600W,Somberman's actie,Remco Campert,1.0000,1985,/books/OL2595916M,Somberman's actie,,dut,1.0000,9070066505,Stichting Collectieve Propaganda van het Nederlandse Boek,1985,,4156602,VALID_COVER,128,219,JPEG,data/cache/nl-mass-editorial-engine/covers/NL-OL2595916M.jpeg,NO,NO,167.0000,201.0000,AUTO_ACCEPT,Strong author/title/language match and validated physical cover.,
NL,TWENTIETH_CENTURY,Remco Campert,1,8,12,/works/OL658384W,Theater,Remco Campert,1.0000,1979,/books/OL4045407M,Theater,[gedichten],dut,1.0000,9023445414,De Bezige Bij,1979,,4355619,VALID_COVER,128,198,JPEG,data/cache/nl-mass-editorial-engine/covers/NL-OL4045407M.jpeg,NO,NO,167.0000,201.0000,AUTO_ACCEPT,Strong author/title/language match and validated physical cover.,
NL,TWENTIETH_CENTURY,Remco Campert,1,8,12,/works/OL658386W,Tot zoens,Remco Campert,1.0000,1986,/books/OL2288068M,Tot zoens,,dut,1.0000,9023423313,Bezige Bij,1986,,4106784,VALID_COVER,128,201,JPEG,data/cache/nl-mass-editorial-engine/covers/NL-OL2288068M.jpeg,NO,NO,167.0000,201.0000,AUTO_ACCEPT,Strong author/title/language match and validated physical cover.,
NL,TWENTIETH_CENTURY,Renate Dorrestein,1,8,12,/works/OL17153527W,Echt sexy,Renate Dorrestein,1.0000,2007,/books/OL25724158M,Echt sexy,,dut,1.0000,9789001775155,Noordhoff,2009,,7355764,VALID_COVER,322,500,JPEG,data/cache/nl-mass-editorial-engine/covers/NL-OL25724158M.jpeg,NO,NO,167.0000,201.0000,AUTO_ACCEPT,Strong author/title/language match and validated physical cover.,
NL,TWENTIETH_CENTURY,Renate Dorrestein,1,8,12,/works/OL1667591W,Een hart van steen,Renate Dorrestein,1.0000,1998,/books/OL16413725M,Een hart van steen,,dut,1.0000,9025497365,Pandora,2000,,8476706,VALID_COVER,189,293,JPEG,data/cache/nl-mass-editorial-engine/covers/NL-OL16413725M.jpeg,NO,NO,167.0000,201.0000,AUTO_ACCEPT,Strong author/title/language match and validated physical cover.,
NL,TWENTIETH_CENTURY,Renate Dorrestein,1,8,12,/works/OL1667592W,Een sterke man,Renate Dorrestein,1.0000,1994,/books/OL835347M,Een sterke man,,dut,1.0000,9025408737,Contact,1994,,14098133,VALID_COVER,152,248,JPEG,data/cache/nl-mass-editorial-engine/covers/NL-OL835347M.jpeg,NO,NO,167.0000,201.0000,AUTO_ACCEPT,Strong author/title/language match and validated physical cover.,
NL,TWENTIETH_CENTURY,Renate Dorrestein,1,8,12,/works/OL1667577W,Heden ik,Renate Dorrestein,1.0000,1993,/books/OL1502793M,Heden ik,,dut,1.0000,9025402267,Contact,1993,,6757928,VALID_COVER,311,500,JPEG,data/cache/nl-mass-editorial-engine/covers/NL-OL1502793M.jpeg,NO,NO,167.0000,201.0000,AUTO_ACCEPT,Strong author/title/language match and validated physical cover.,
NL,TWENTIETH_CENTURY,Renate Dorrestein,1,8,12,/works/OL27973833W,Het hemelse gerecht,Renate Dorrestein,1.0000,2013,/books/OL38244653M,Het hemelse gerecht,roman,dut,1.0000,9789490647049,Weesperzijde,2013,,12789722,VALID_COVER,279,500,JPEG,data/cache/nl-mass-editorial-engine/covers/NL-OL38244653M.jpeg,NO,NO,167.0000,201.0000,AUTO_ACCEPT,Strong author/title/language match and validated physical cover.,
NL,TWENTIETH_CENTURY,Renate Dorrestein,1,8,12,/works/OL1667580W,Het perpetuum mobile van de liefde,Renate Dorrestein,1.0000,1988,/books/OL2237210M,Het perpetuum mobile van de liefde,,dut,1.0000,902546629X,Contact,1988,,13208773,VALID_COVER,147,239,JPEG,data/cache/nl-mass-editorial-engine/covers/NL-OL2237210M.jpeg,NO,NO,167.0000,201.0000,AUTO_ACCEPT,Strong author/title/language match and validated physical cover.,
NL,TWENTIETH_CENTURY,Renate Dorrestein,1,8,12,/works/OL1667581W,Is er hoop,Renate Dorrestein,1.0000,2009,/books/OL23648932M,Is er hoop,,dut,1.0000,9789025430436,Contact,2009,,11656801,VALID_COVER,305,500,JPEG,data/cache/nl-mass-editorial-engine/covers/NL-OL23648932M.jpeg,NO,NO,167.0000,201.0000,AUTO_ACCEPT,Strong author/title/language match and validated physical cover.,
NL,TWENTIETH_CENTURY,Renate Dorrestein,1,8,12,/works/OL1667582W,Korte metten,Renate Dorrestein,1.0000,1988,/books/OL2117779M,Korte metten,,dut,1.0000,9025467164,Contact,1988,,4076230,VALID_COVER,128,213,JPEG,data/cache/nl-mass-editorial-engine/covers/NL-OL2117779M.jpeg,NO,NO,167.0000,201.0000,AUTO_ACCEPT,Strong author/title/language match and validated physical cover.,
NL,TWENTIETH_CENTURY,Renate Dorrestein,1,8,12,/works/OL24743868W,Mijn zoon heeft een seksleven en ik lees mijn moeder Roodkapje voor,Renate Dorrestein,1.0000,2007,/books/OL32851574M,Mijn zoon heeft een seksleven en ik lees mijn moeder Roodkapje voor,,dut,1.0000,9789025425128,Contact,2007,,11484036,VALID_COVER,289,500,JPEG,data/cache/nl-mass-editorial-engine/covers/NL-OL32851574M.jpeg,NO,NO,167.0000,201.0000,AUTO_ACCEPT,Strong author/title/language match and validated physical cover.,
NL,TWENTIETH_CENTURY,Renate Dorrestein,1,8,12,/works/OL1667594W,Noorderzon,Renate Dorrestein,1.0000,1986,/books/OL2306887M,Noorderzon,,dut,1.0000,9025465943,Contact,1986,,4108921,VALID_COVER,128,207,JPEG,data/cache/nl-mass-editorial-engine/covers/NL-OL2306887M.jpeg,NO,NO,167.0000,201.0000,AUTO_ACCEPT,Strong author/title/language match and validated physical cover.,
NL,TWENTIETH_CENTURY,Renate Dorrestein,1,8,12,/works/OL24722211W,Ontaarde moeders,Renate Dorrestein,1.0000,1997,/books/OL32818688M,Ontaarde moeders,,dut,1.0000,9789025423216,Contact,1997,,11451456,VALID_COVER,303,500,JPEG,data/cache/nl-mass-editorial-engine/covers/NL-OL32818688M.jpeg,NO,NO,167.0000,201.0000,AUTO_ACCEPT,Strong author/title/language match and validated physical cover.,
NL,TWENTIETH_CENTURY,Renate Dorrestein,1,8,12,/works/OL1667586W,Verborgen gebreken,Renate Dorrestein,1.0000,1996,/books/OL613897M,Verborgen gebreken,,dut,1.0000,9025405770,Uitgeverij Contact,1996,,10305289,VALID_COVER,308,500,JPEG,data/cache/nl-mass-editorial-engine/covers/NL-OL613897M.jpeg,NO,NO,167.0000,201.0000,AUTO_ACCEPT,Strong author/title/language match and validated physical cover.,
NL,TWENTIETH_CENTURY,Renate Dorrestein,1,8,12,/works/OL26186772W,Voor liefde,Renate Dorrestein,1.0000,2006,/books/OL35336826M,Voor liefde,klik op F,dut,1.0000,9789085160830,B for Books,2006,,12159701,VALID_COVER,347,500,JPEG,data/cache/nl-mass-editorial-engine/covers/NL-OL35336826M.jpeg,NO,NO,167.0000,201.0000,AUTO_ACCEPT,Strong author/title/language match and validated physical cover.,
NL,TWENTIETH_CENTURY,Renate Dorrestein,1,8,12,/works/OL1667589W,Want dit is mijn lichaam,Renate Dorrestein,1.0000,1997,/books/OL290509M,Want dit is mijn lichaam,,dut,1.0000,9074336329,Stichting Collectieve Propaganda van het Nederlandse Boek,1997,,6372786,VALID_COVER,280,450,JPEG,data/cache/nl-mass-editorial-engine/covers/NL-OL290509M.jpeg,NO,NO,167.0000,201.0000,AUTO_ACCEPT,Strong author/title/language match and validated physical cover.,
NL,TWENTIETH_CENTURY,Renate Dorrestein,1,8,12,/works/OL16813378W,Zolang er leven is,Renate Dorrestein,1.0000,2004,/books/OL25439110M,Zolang er leven is,,dut,1.0000,9025427618,Contact,2004,,7272974,VALID_COVER,289,500,JPEG,data/cache/nl-mass-editorial-engine/covers/NL-OL25439110M.jpeg,NO,NO,167.0000,201.0000,AUTO_ACCEPT,Strong author/title/language match and validated physical cover.,
NL,TWENTIETH_CENTURY,Renate Dorrestein,1,8,12,/works/OL24862612W,Zonder genade,Renate Dorrestein,1.0000,2013,/books/OL33046233M,Zonder genade,,dut,1.0000,9789086961702,Eenvoudig Communiceren,2013,,11749578,VALID_COVER,296,500,JPEG,data/cache/nl-mass-editorial-engine/covers/NL-OL33046233M.jpeg,NO,NO,167.0000,201.0000,AUTO_ACCEPT,Strong author/title/language match and validated physical cover.,
NL,TWENTIETH_CENTURY,Maarten 't Hart,1,10,15,/works/OL9071733W,De steile helling (Grote ABC),Maarten 't Hart,1.0000,1988,/books/OL9097546M,De steile helling,,dut,0.9600,9789029519816,De Arbeiderspers,1988,,6452300,VALID_COVER,314,500,JPEG,data/cache/nl-mass-editorial-engine/covers/NL-OL9097546M.jpeg,NO,NO,166.2000,200.2000,AUTO_ACCEPT,Strong author/title/language match and validated physical cover.,
NL,TWENTIETH_CENTURY,Jeroen Brouwers,1,9,13,/works/OL17875922W,Liefste in de verte,Jeroen Brouwers,1.0000,,/books/OL26456441M,Liefste in de verte,,dut,1.0000,9789085161318,B for Books,,,8184779,VALID_COVER,337,500,JPEG,data/cache/nl-mass-editorial-engine/covers/NL-OL26456441M.jpeg,NO,NO,163.0000,197.0000,AUTO_ACCEPT,Strong author/title/language match and validated physical cover.,
NL,TWENTIETH_CENTURY,Maarten 't Hart,1,10,15,/works/OL16798167W,Maassluis,Maarten 't Hart,1.0000,,/books/OL25419748M,Maassluis,,dut,1.0000,9789085160915,B for Books,,,7244795,VALID_COVER,339,500,JPEG,data/cache/nl-mass-editorial-engine/covers/NL-OL25419748M.jpeg,NO,NO,163.0000,197.0000,AUTO_ACCEPT,Strong author/title/language match and validated physical cover.,
NL,TWENTIETH_CENTURY,Remco Campert,1,8,12,/works/OL658367W,Het leven is vurrukkulluk,Remco Campert,1.0000,1975,/books/OL25420214M,Het leven is vurrukkulluk,roman,dut,1.0000,9789059651456,Stichting CPNB,,,7245766,VALID_COVER,312,500,JPEG,data/cache/nl-mass-editorial-engine/covers/NL-OL25420214M.jpeg,NO,NO,163.0000,197.0000,AUTO_ACCEPT,Strong author/title/language match and validated physical cover.,
NL,TWENTIETH_CENTURY,Harry Mulisch,1,12,18,/works/OL659087W,Het mirakel,Harry Mulisch,1.0000,1961,/books/OL25090682M,Het Mirakel,Episodes van troost en liederlijkheid uit het leven van de heer Tiennoppen,dut,1.0000,,De Arbeiderspers,1961,,6960629,VALID_COVER,308,500,JPEG,data/cache/nl-mass-editorial-engine/covers/NL-OL25090682M.jpeg,NO,NO,161.0000,190.0000,AUTO_ACCEPT,Strong author/title/language match and validated physical cover.,
NL,TWENTIETH_CENTURY,Jan Wolkers,1,10,15,/works/OL15169012W,Waar je valt daar lig je,Jan Wolkers,1.0000,2006,/books/OL24300744M,Waar je valt daar lig je,,dut,1.0000,,Burgersdijk & Niermans,2006,,6426488,VALID_COVER,334,500,JPEG,data/cache/nl-mass-editorial-engine/covers/NL-OL24300744M.jpeg,NO,NO,161.0000,190.0000,AUTO_ACCEPT,Strong author/title/language match and validated physical cover.,
NL,TWENTIETH_CENTURY,Louis Paul Boon,1,10,15,/works/OL770611W,"Blauwbaardje in wonderland, en andere grimmige sprookjes voor verdorven kinderen",Louis Paul Boon,1.0000,1962,/books/OL24334786M,Blauwbaardje in wonderland en andere grimmige sprookjes voor verdorven kinderen,,dut,1.0000,,De Arbeiderspers,1962,,6461294,VALID_COVER,304,500,JPEG,data/cache/nl-mass-editorial-engine/covers/NL-OL24334786M.jpeg,NO,NO,161.0000,190.0000,AUTO_ACCEPT,Strong author/title/language match and validated physical cover.,
NL,TWENTIETH_CENTURY,Louis Paul Boon,1,10,15,/works/OL770662W,De bende van Jan de Lichte,Louis Paul Boon,1.0000,1957,/books/OL22900426M,De bende van Jan de Lichte.,,dut,1.0000,,Arbeiderspers,1957,,8037959,VALID_COVER,309,500,JPEG,data/cache/nl-mass-editorial-engine/covers/NL-OL22900426M.jpeg,NO,NO,161.0000,190.0000,AUTO_ACCEPT,Strong author/title/language match and validated physical cover.,
NL,TWENTIETH_CENTURY,Maarten 't Hart,1,10,15,/works/OL15216945W,Avondwandeling,Maarten 't Hart,1.0000,1976,/books/OL24327142M,Avondwandeling,,dut,1.0000,,BZZTôH,1976,,6452284,VALID_COVER,317,500,JPEG,data/cache/nl-mass-editorial-engine/covers/NL-OL24327142M.jpeg,NO,NO,161.0000,190.0000,AUTO_ACCEPT,Strong author/title/language match and validated physical cover.,
NL,TWENTIETH_CENTURY,Maarten 't Hart,1,10,15,/works/OL15176485W,De nagapers,Maarten 't Hart,1.0000,1986,/books/OL24308265M,De nagapers,,dut,1.0000,,Nederlandse Lezerskring Boek en Plaat,1986,,6433519,VALID_COVER,381,500,JPEG,data/cache/nl-mass-editorial-engine/covers/NL-OL24308265M.jpeg,NO,NO,161.0000,190.0000,AUTO_ACCEPT,Strong author/title/language match and validated physical cover.,
NL,TWENTIETH_CENTURY,Maarten 't Hart,1,10,15,/works/OL719938W,De steile helling,Maarten 't Hart,1.0000,1988,/books/OL2132888M,De steile helling,,dut,1.0000,,Arbeiderspers,1988,,6452299,VALID_COVER,314,500,JPEG,data/cache/nl-mass-editorial-engine/covers/NL-OL2132888M.jpeg,NO,NO,161.0000,190.0000,AUTO_ACCEPT,Strong author/title/language match and validated physical cover.,
NL,TWENTIETH_CENTURY,Maarten 't Hart,1,10,15,/works/OL15214964W,De vrĳwillige brandweer,Maarten 't Hart,1.0000,1991,/books/OL24327076M,De vrĳwillige brandweer,,dut,1.0000,,Koninklijke Nederlandse Brandweer Vereniging,1991,,6452272,VALID_COVER,500,499,JPEG,data/cache/nl-mass-editorial-engine/covers/NL-OL24327076M.jpeg,NO,NO,161.0000,190.0000,AUTO_ACCEPT,Strong author/title/language match and validated physical cover.,
NL,TWENTIETH_CENTURY,Marga Minco,1,7,10,/works/OL45023661W,Een Leeg Huis,Marga Minco,1.0000,1966,/books/OL61421488M,Een Leeg Huis,,dut,1.0000,,UITGEVERIJ BERT BAKKER,1966,,15188939,VALID_COVER,303,500,JPEG,data/cache/nl-mass-editorial-engine/covers/NL-OL61421488M.jpeg,NO,NO,161.0000,190.0000,AUTO_ACCEPT,Strong author/title/language match and validated physical cover.,
NL,TWENTIETH_CENTURY,Remco Campert,1,8,12,/works/OL658345W,Bij hoog en bij laag,Remco Campert,1.0000,1959,/books/OL24735258M,Bij hoog en bij laag,,dut,1.0000,,De Bezige Bij,1959,,6788844,VALID_COVER,293,500,JPEG,data/cache/nl-mass-editorial-engine/covers/NL-OL24735258M.jpeg,NO,NO,161.0000,190.0000,AUTO_ACCEPT,Strong author/title/language match and validated physical cover.,
NL,TWENTIETH_CENTURY,Remco Campert,1,8,12,/works/OL658357W,Dit gebeurde overal,Remco Campert,1.0000,1962,/books/OL24735279M,Dit Gebeurde Overal,,dut,1.0000,,De Bezige Bij,1962,,6788863,VALID_COVER,298,500,JPEG,data/cache/nl-mass-editorial-engine/covers/NL-OL24735279M.jpeg,NO,NO,161.0000,190.0000,AUTO_ACCEPT,Strong author/title/language match and validated physical cover.,
NL,TWENTIETH_CENTURY,Remco Campert,1,8,12,/works/OL11820158W,Het gangstermeisje,Remco Campert,1.0000,1965,/books/OL25677596M,Het gangstermeisje,een roman,dut,1.0000,,De Bezige Bij,1965,,7347639,VALID_COVER,317,500,JPEG,data/cache/nl-mass-editorial-engine/covers/NL-OL25677596M.jpeg,NO,NO,161.0000,190.0000,AUTO_ACCEPT,Strong author/title/language match and validated physical cover.,
NL,TWENTIETH_CENTURY,Louis Paul Boon,1,10,15,/works/OL15739518W,Fenomenale feminateek; Eens op een mooie avond; Mieke Maaike's obscene jeugd; Zomerdagdroom,Louis Paul Boon,1.0000,2008,/books/OL24650291M,Fenomenale feminateek; Eens op een mooie avond; Mieke Maaike's obscene jeugd; Zomerdagdroom,,dut,1.0000,9789029565738,De Arbeiderspers,2008,,6757275,IMAGE_TOO_SMALL,115,170,JPEG,,NO,NO,167.0000,176.0000,REJECT,Physical cover validation failed: IMAGE_TOO_SMALL,
NL,TWENTIETH_CENTURY,Louis Paul Boon,1,10,15,/works/OL770654W,Verse boontjes,Louis Paul Boon,1.0000,1974,/books/OL4826164M,Verse boontjes,,dut,1.0000,9026436521,Orion,1974,,4446520,IMAGE_TOO_SMALL,128,147,JPEG,,NO,NO,167.0000,176.0000,REJECT,Physical cover validation failed: IMAGE_TOO_SMALL,
NL,TWENTIETH_CENTURY,Renate Dorrestein,1,8,12,/works/OL24349573W,Buitenstaanders,Renate Dorrestein,1.0000,1984,/books/OL32243448M,Buitenstaanders,,dut,1.0000,9789025465087,Contact,"Apr 24, 1984",,10874325,IMAGE_TOO_SMALL,60,40,JPEG,,NO,NO,167.0000,176.0000,REJECT,Physical cover validation failed: IMAGE_TOO_SMALL,
NL,TWENTIETH_CENTURY,A.F.Th. van der Heijden,1,10,15,/works/OL33953844W,Tonio,A.F.Th. van der Heijden,1.0000,2011,/books/OL45943131M,Tonio,een requiemroman,dut,1.0000,9789023459545,"Bezige Bij, De",2011-05-25,,,NOT_PROBED,,,,,NO,NO,155.0000,164.0000,REJECT,No cover candidate.,
NL,TWENTIETH_CENTURY,Cees Nooteboom,1,10,15,/works/OL643642W,Aas,Cees Nooteboom,1.0000,1982,/books/OL3123538M,Aas,gedichten,dut,1.0000,902953267X,Arbeiderspers,1982,,,NOT_PROBED,,,,,NO,NO,155.0000,164.0000,REJECT,No cover candidate.,
NL,TWENTIETH_CENTURY,Cees Nooteboom,1,10,15,/works/OL643645W,Bitter Bolivia,Cees Nooteboom,1.0000,1971,/books/OL4382663M,Bitter Bolivia,Maanland Mali.,dut,1.0000,9023451260,De Bezige Bij,1971,,,NOT_PROBED,,,,,NO,NO,155.0000,164.0000,REJECT,No cover candidate.,
NL,TWENTIETH_CENTURY,Cees Nooteboom,1,10,15,/works/OL643651W,De filosoof zonder ogen,Cees Nooteboom,1.0000,1997,/books/OL285055M,De filosoof zonder ogen,Europese reizen,dut,1.0000,9029531452,Arbeiderspers,1997,,,NOT_PROBED,,,,,NO,NO,155.0000,164.0000,REJECT,No cover candidate.,
NL,TWENTIETH_CENTURY,Cees Nooteboom,1,10,15,/works/OL643713W,De koning van Suriname,Cees Nooteboom,1.0000,1993,/books/OL21885447M,De koning van Suriname,,dut,1.0000,9025421059,Uitgeverij Atlas,1997,,,NOT_PROBED,,,,,NO,NO,155.0000,164.0000,REJECT,No cover candidate.,
NL,TWENTIETH_CENTURY,Cees Nooteboom,1,10,15,/works/OL643653W,De ontvoering van Europa,Cees Nooteboom,1.0000,1993,/books/OL1517240M,De ontvoering van Europa,,dut,1.0000,9025402283,Atlas,1993,,,NOT_PROBED,,,,,NO,NO,155.0000,164.0000,REJECT,No cover candidate.,
NL,TWENTIETH_CENTURY,Cees Nooteboom,1,10,15,/works/OL643726W,De ridder is gestorven,Cees Nooteboom,1.0000,1963,/books/OL3092499M,De ridder is gestorven,,dut,1.0000,9029532661,Arbeiderspers,1982,,,NOT_PROBED,,,,,NO,NO,155.0000,164.0000,REJECT,No cover candidate.,
NL,TWENTIETH_CENTURY,Cees Nooteboom,1,10,15,/works/OL643658W,De wereld een reiziger,Cees Nooteboom,1.0000,1989,/books/OL1783747M,De wereld een reiziger,,dut,1.0000,9029532971,De Arbeiderspers,1989,,,NOT_PROBED,,,,,NO,NO,155.0000,164.0000,REJECT,No cover candidate.,
NL,TWENTIETH_CENTURY,Cees Nooteboom,1,10,15,/works/OL643659W,De zucht naar het Westen,Cees Nooteboom,1.0000,1985,/books/OL2763882M,De zucht naar het Westen,,dut,1.0000,9029532874,Arbeiderspers,1985,,,NOT_PROBED,,,,,NO,NO,155.0000,164.0000,REJECT,No cover candidate.,
NL,TWENTIETH_CENTURY,Cees Nooteboom,1,10,15,/works/OL643715W,Een lied van schijn en wezen,Cees Nooteboom,1.0000,1981,/books/OL3832909M,Een lied van schijn en wezen,,dut,1.0000,9029532637,Arbeiderspers,1981,,,NOT_PROBED,,,,,NO,NO,155.0000,164.0000,REJECT,No cover candidate.,
NL,TWENTIETH_CENTURY,Cees Nooteboom,1,10,15,/works/OL643670W,Gemaakte gedichten,Cees Nooteboom,1.0000,1970,/books/OL4837341M,Gemaakte gedichten.,,dut,1.0000,9023403576,De Bezige Bij,1970,,,NOT_PROBED,,,,,NO,NO,155.0000,164.0000,REJECT,No cover candidate.,
NL,TWENTIETH_CENTURY,Cees Nooteboom,1,10,15,/works/OL643674W,In de Bergen van Nederland,Cees Nooteboom,1.0000,1984,/books/OL9097566M,In de Bergen van Nederland,,dut,1.0000,9029531495,Arbeiderspers,1984,,,NOT_PROBED,,,,,NO,NO,155.0000,164.0000,REJECT,No cover candidate.,
NL,TWENTIETH_CENTURY,Cees Nooteboom,1,10,15,/works/OL643721W,Philip En De Anderen,Cees Nooteboom,1.0000,1972,/books/OL12799779M,Philip En De Anderen,,dut,1.0000,9789021490502,Schoenhofsforeign Books Inc,1972,,,NOT_PROBED,,,,,NO,NO,155.0000,164.0000,REJECT,No cover candidate.,
NL,TWENTIETH_CENTURY,Cees Nooteboom,1,10,15,/works/OL643704W,Van de lente de dauw,Cees Nooteboom,1.0000,1995,/books/OL888467M,Van de lente de dauw,oosterse reizen,dut,1.0000,9029531835,Arbeiderspers,1995,,,NOT_PROBED,,,,,NO,NO,155.0000,164.0000,REJECT,No cover candidate.,
NL,TWENTIETH_CENTURY,Cees Nooteboom,1,10,15,/works/OL643706W,"Vuurtijd, ijstijd",Cees Nooteboom,1.0000,1984,/books/OL2947609M,"Vuurtijd, ijstijd",gedichten 1955-1983,dut,1.0000,9029532572,Arbeiderspers,1984,,,NOT_PROBED,,,,,NO,NO,155.0000,164.0000,REJECT,No cover candidate.,
NL,TWENTIETH_CENTURY,Cees Nooteboom,1,10,15,/works/OL643709W,Zelfportret van een ander,Cees Nooteboom,1.0000,1993,/books/OL1238203M,Zelfportret van een ander,dromen van het eiland en de stad van vroeger = Selbstbildnis eines anderen : Träume von der Insel und der Stadt von früher,dut,1.0000,392660882X,Kleinheinrich,1993,,,NOT_PROBED,,,,,NO,NO,155.0000,164.0000,REJECT,No cover candidate.,
NL,TWENTIETH_CENTURY,Cees Nooteboom,1,10,15,/works/OL643710W,Zo kon het zijn,Cees Nooteboom,1.0000,1999,/books/OL6873005M,Zo kon het zijn,gedichten,dut,1.0000,9045003872,Atlas,1999,,,NOT_PROBED,,,,,NO,NO,155.0000,164.0000,REJECT,No cover candidate.,
NL,TWENTIETH_CENTURY,Gerard Reve,1,10,15,/works/OL35596580W,De avonden,Gerard Reve,1.0000,2007,/books/OL48033939M,De avonden,een winterverhaal,dut,1.0000,9789023427063,De Bezige Bij,2007,,,NOT_PROBED,,,,,NO,NO,155.0000,164.0000,REJECT,No cover candidate.,
NL,TWENTIETH_CENTURY,Gerard Reve,1,10,15,/works/OL37236895W,De laatste jaren van mijn grootvader,Gerard Reve,1.0000,2009,/books/OL50198797M,De laatste jaren van mijn grootvader,,dut,1.0000,9789023437888,De Bezige Bij,2009,,,NOT_PROBED,,,,,NO,NO,155.0000,164.0000,REJECT,No cover candidate.,
NL,TWENTIETH_CENTURY,Gerard Reve,1,10,15,/works/OL37371605W,Vier brieven,Gerard Reve,1.0000,1985,/books/OL50366667M,Vier brieven,,dut,1.0000,9070370468,Bébert,1985,,,NOT_PROBED,,,,,NO,NO,155.0000,164.0000,REJECT,No cover candidate.,
NL,TWENTIETH_CENTURY,Harry Mulisch,1,12,18,/works/OL659047W,Bij gelegenheid,Harry Mulisch,1.0000,1995,/books/OL544293M,Bij gelegenheid,,dut,1.0000,9023461843,De Bezige Bij,1995,,,NOT_PROBED,,,,,NO,NO,155.0000,164.0000,REJECT,No cover candidate.,
NL,TWENTIETH_CENTURY,Harry Mulisch,1,12,18,/works/OL16253622W,De gedichten 1974-1983,Harry Mulisch,1.0000,1987,/books/OL2073711M,De gedichten 1974-1983,,dut,1.0000,9023446518,Bezige Bij,1987,,,NOT_PROBED,,,,,NO,NO,155.0000,164.0000,REJECT,No cover candidate.,
NL,TWENTIETH_CENTURY,Harry Mulisch,1,12,18,/works/OL659058W,De kamer,Harry Mulisch,1.0000,2000,/books/OL6876104M,De kamer,,dut,1.0000,9023438833,Bezige Bij,2000,,,NOT_PROBED,,,,,NO,NO,155.0000,164.0000,REJECT,No cover candidate.,
NL,TWENTIETH_CENTURY,Harry Mulisch,1,12,18,/works/OL16253623W,De romans,Harry Mulisch,1.0000,1997,/books/OL18966320M,De romans,,dut,1.0000,9023437209,De Bezige Bij,1997,,,NOT_PROBED,,,,,NO,NO,155.0000,164.0000,REJECT,No cover candidate.,
NL,TWENTIETH_CENTURY,Harry Mulisch,1,12,18,/works/OL18973169W,De Schrijver,Harry Mulisch,1.0000,2000,/books/OL4020297M,De Schrijver,een literaire estafette,dut,1.0000,9023470532,Bezige Bij,2000,,,NOT_PROBED,,,,,NO,NO,155.0000,164.0000,REJECT,No cover candidate.,
NL,TWENTIETH_CENTURY,Harry Mulisch,1,12,18,/works/OL22350355W,De tijd zelf,Harry Mulisch,1.0000,2011,/books/OL30432505M,De tijd zelf,drieluik,dut,1.0000,9789023468042,De Bezige Bij,2011,,,NOT_PROBED,,,,,NO,NO,155.0000,164.0000,REJECT,No cover candidate.,
NL,TWENTIETH_CENTURY,Harry Mulisch,1,12,18,/works/OL659065W,De toekomst van gisteren,Harry Mulisch,1.0000,1972,/books/OL5492159M,De toekomst van gisteren,protokol van een schrijverij,dut,1.0000,9023404092,De Bezige Bij,1972,,,NOT_PROBED,,,,,NO,NO,155.0000,164.0000,REJECT,No cover candidate.,
NL,TWENTIETH_CENTURY,Harry Mulisch,1,12,18,/works/OL659068W,De vogels,Harry Mulisch,1.0000,1974,/books/OL5138489M,De vogels.,Drie balladen.,dut,1.0000,9025380883,Athenaeum-Polak & Van Gennep,1974,,,NOT_PROBED,,,,,NO,NO,155.0000,164.0000,REJECT,No cover candidate.,
NL,TWENTIETH_CENTURY,Harry Mulisch,1,12,18,/works/OL37342243W,De zaak 40/61,Harry Mulisch,1.0000,1984,/books/OL50327732M,De zaak 40/61,een reportage,dut,1.0000,9023405331,Bezige Bij,1984,,,NOT_PROBED,,,,,NO,NO,155.0000,164.0000,REJECT,No cover candidate.,
NL,TWENTIETH_CENTURY,Harry Mulisch,1,12,18,/works/OL659124W,Een spookgeschiedenis =,Harry Mulisch,1.0000,1993,/books/OL1185340M,Een spookgeschiedenis =,Eine Gespenstergeschichte = A ghost story,dut | ger | eng,1.0000,9023433661,Bezige Bij,1993,,,NOT_PROBED,,,,,NO,NO,155.0000,164.0000,REJECT,No cover candidate.,
NL,TWENTIETH_CENTURY,Harry Mulisch,1,12,18,/works/OL37337765W,Het boek,Harry Mulisch,1.0000,1984,/books/OL50321346M,Het boek,,dut,1.0000,9023408780,Bezige Bij,1984,,,NOT_PROBED,,,,,NO,NO,155.0000,164.0000,REJECT,No cover candidate.,
NL,TWENTIETH_CENTURY,Harry Mulisch,1,12,18,/works/OL659086W,Het ironische van de ironie,Harry Mulisch,1.0000,1976,/books/OL4979576M,Het ironische van de ironie,over het geval G. K. van het Reve,dut,1.0000,902230535X,Manteau,1976,,,NOT_PROBED,,,,,NO,NO,155.0000,164.0000,REJECT,No cover candidate.,
NL,TWENTIETH_CENTURY,Harry Mulisch,1,12,18,/works/OL38786693W,Het licht,Harry Mulisch,1.0000,1988,/books/OL52807660M,Het licht,,dut,1.0000,9023453131,De Bezige Bij,1988,,,NOT_PROBED,,,,,NO,NO,155.0000,164.0000,REJECT,No cover candidate.,
NL,TWENTIETH_CENTURY,Harry Mulisch,1,12,18,/works/OL23837077W,Het voorbestemde toeval,Harry Mulisch,1.0000,2002,/books/OL31559489M,Het voorbestemde toeval,gesprekken met Harry Mulisch,dut,1.0000,9023401611,De Bezige Bij,2002,,,NOT_PROBED,,,,,NO,NO,155.0000,164.0000,REJECT,No cover candidate.,
NL,TWENTIETH_CENTURY,Harry Mulisch,1,12,18,/works/OL659091W,Het zevende land,Harry Mulisch,1.0000,1998,/books/OL498088M,Het zevende land,,dut,1.0000,9023437926,De Bezige Bij,1998,,,NOT_PROBED,,,,,NO,NO,155.0000,164.0000,REJECT,No cover candidate.,
NL,TWENTIETH_CENTURY,Harry Mulisch,1,12,18,/works/OL23424443W,Logboek,Harry Mulisch,1.0000,2012,/books/OL31281744M,Logboek,1991-1992,dut,1.0000,9789023428367,De Bezige Bij,2012,,,NOT_PROBED,,,,,NO,NO,155.0000,164.0000,REJECT,No cover candidate.,
NL,TWENTIETH_CENTURY,Harry Mulisch,1,12,18,/works/OL23836978W,Mijn getijdenboek 1927-1951,Harry Mulisch,1.0000,2002,/books/OL31559408M,Mijn getijdenboek 1927-1951,,dut,1.0000,9023405382,Bezige Bij,2002,,,NOT_PROBED,,,,,NO,NO,155.0000,164.0000,REJECT,No cover candidate.,
NL,TWENTIETH_CENTURY,Harry Mulisch,1,12,18,/works/OL37364587W,"Ongewijzigde maar thans geheime wenken voor de bescherming van uw gezin en uzelf, tijdens de jongste dag",Harry Mulisch,1.0000,1981,/books/OL50357648M,"Ongewijzigde maar thans geheime wenken voor de bescherming van uw gezin en uzelf, tijdens de jongste dag",,dut,1.0000,902345281X,De Bezige Bij,1981,,,NOT_PROBED,,,,,NO,NO,155.0000,164.0000,REJECT,No cover candidate.,
NL,TWENTIETH_CENTURY,Harry Mulisch,1,12,18,/works/OL659125W,Onsterfelijk leven,Harry Mulisch,1.0000,2007,/books/OL20750706M,Onsterfelijk leven,interviews met Harry Mulisch,dut,1.0000,9789023426127,De Bezige Bij,2007,,,NOT_PROBED,,,,,NO,NO,155.0000,164.0000,REJECT,No cover candidate.,
NL,TWENTIETH_CENTURY,Harry Mulisch,1,12,18,/works/OL33409138W,Opspraak,Harry Mulisch,1.0000,2010,/books/OL45318536M,Opspraak,verslagen van de twintigste eeuw,dut,1.0000,9789023462491,De Bezige Bij,2010,,,NOT_PROBED,,,,,NO,NO,155.0000,164.0000,REJECT,No cover candidate.,
NL,TWENTIETH_CENTURY,Harry Mulisch,1,12,18,/works/OL659109W,Tussen hamer en aambeeld,Harry Mulisch,1.0000,1999,/books/OL6879792M,Tussen hamer en aambeeld,novelle,dut,1.0000,9054291214,Conserve,1999,,,NOT_PROBED,,,,,NO,NO,155.0000,164.0000,REJECT,No cover candidate.,
NL,TWENTIETH_CENTURY,Harry Mulisch,1,12,18,/works/OL16253630W,Twee opgravingen,Harry Mulisch,1.0000,1994,/books/OL1224124M,Twee opgravingen,,dut,1.0000,9023433718,Bezige Bij,1994,,,NOT_PROBED,,,,,NO,NO,155.0000,164.0000,REJECT,No cover candidate.,
NL,TWENTIETH_CENTURY,Harry Mulisch,1,12,18,/works/OL659111W,Vergrote raadsels,Harry Mulisch,1.0000,1976,/books/OL4328589M,Vergrote raadsels,"verklaringen, paradoxen, mulischesken",dut,1.0000,9026436602,Orion,1976,,,NOT_PROBED,,,,,NO,NO,155.0000,164.0000,REJECT,No cover candidate.,
NL,TWENTIETH_CENTURY,Harry Mulisch,1,12,18,/works/OL659112W,Verzamelde verhalen 1947-1977,Harry Mulisch,1.0000,1977,/books/OL4680086M,Verzamelde verhalen 1947-1977,,dut,1.0000,9025305539,Athenaeum-Polak & Van Gennep,1977,,,NOT_PROBED,,,,,NO,NO,155.0000,164.0000,REJECT,No cover candidate.,
NL,TWENTIETH_CENTURY,Harry Mulisch,1,12,18,/works/OL659131W,Voorval,Harry Mulisch,1.0000,1989,/books/OL1961942M,Voorval,variatie op een thema,dut,1.0000,9023461150,Bezige Bij,1990,,,NOT_PROBED,,,,,NO,NO,155.0000,164.0000,REJECT,No cover candidate.,
NL,TWENTIETH_CENTURY,Harry Mulisch,1,12,18,/works/OL37339620W,"Wij uiten wat wij voelen, niet wat past",Harry Mulisch,1.0000,1984,/books/OL50323807M,"Wij uiten wat wij voelen, niet wat past",,dut,1.0000,9023408918,Bezige Bij,1984,,,NOT_PROBED,,,,,NO,NO,155.0000,164.0000,REJECT,No cover candidate.,
NL,TWENTIETH_CENTURY,Hella S. Haasse,1,10,15,/works/OL37359296W,Anna Blaman,Hella S. Haasse,1.0000,1979,/books/OL50350254M,Anna Blaman,twee lezingen,dut,1.0000,9063220421,Reflex,1979,,,NOT_PROBED,,,,,NO,NO,155.0000,164.0000,REJECT,No cover candidate.,
NL,TWENTIETH_CENTURY,Hella S. Haasse,1,10,15,/works/OL11482983W,Cider voor arme mensen,Hella S. Haasse,1.0000,1968,/books/OL21015746M,Cider voor arme mensen.,,dut,1.0000,9021492369,Querido,1978,,,NOT_PROBED,,,,,NO,NO,155.0000,164.0000,REJECT,No cover candidate.,
NL,TWENTIETH_CENTURY,Hella S. Haasse,1,10,15,/works/OL1348371W,"De groten der aarde, of, Bentinck tegen Bentinck",Hella S. Haasse,1.0000,1981,/books/OL3521229M,"De groten der aarde, of, Bentinck tegen Bentinck",een geschiedverhaal,dut,1.0000,9021465035,Querido,1981,,,NOT_PROBED,,,,,NO,NO,155.0000,164.0000,REJECT,No cover candidate.,
NL,TWENTIETH_CENTURY,Hella S. Haasse,1,10,15,/works/OL1348372W,De Meester van de Neerdaling,Hella S. Haasse,1.0000,1973,/books/OL5508414M,De Meester van de Neerdaling.,De duvel en zijn moer. De kooi.,dut,1.0000,9021410540,Querido,1973,,,NOT_PROBED,,,,,NO,NO,155.0000,164.0000,REJECT,No cover candidate.,
NL,TWENTIETH_CENTURY,Hella S. Haasse,1,10,15,/works/OL1348380W,Een gevaarlijke verhouding of Daal-en-Bergse brieven,Hella S. Haasse,1.0000,1976,/books/OL4984948M,Een gevaarlijke verhouding of Daal-en-Bergse brieven,,dut,1.0000,9021410559,Querido,1976,,,NOT_PROBED,,,,,NO,NO,155.0000,164.0000,REJECT,No cover candidate.,
NL,TWENTIETH_CENTURY,Hella S. Haasse,1,10,15,/works/OL1348409W,Het licht der schitterige dagen,Hella S. Haasse,1.0000,1981,/books/OL21161279M,Het licht der schitterige dagen,het leven van P.C. Hooft,dut,1.0000,9021465027,Querido,1997,,,NOT_PROBED,,,,,NO,NO,155.0000,164.0000,REJECT,No cover candidate.,
NL,TWENTIETH_CENTURY,Hella S. Haasse,1,10,15,/works/OL6283900W,Krassen op een rots,Hella S. Haasse,1.0000,1970,/books/OL5010350M,Krassen op een rots.,Notities bij een reis op Java.,dut,1.0000,902141064X,Querido,1970,,,NOT_PROBED,,,,,NO,NO,155.0000,164.0000,REJECT,No cover candidate.,
NL,TWENTIETH_CENTURY,Hella S. Haasse,1,10,15,/works/OL38779311W,Kwaliteit,Hella S. Haasse,1.0000,1987,/books/OL52797264M,Kwaliteit,(een verkenning),dut,1.0000,9789035105720,B. Bakker,1987,,,NOT_PROBED,,,,,NO,NO,155.0000,164.0000,REJECT,No cover candidate.,
NL,TWENTIETH_CENTURY,Hella S. Haasse,1,10,15,/works/OL28609629W,Lezen achter de Letters,Hella S. Haasse,1.0000,2007,/books/OL39227921M,Lezen achter de Letters,,dut,1.0000,9789048501816,Amsterdam University Press,2007,,,NOT_PROBED,,,,,NO,NO,155.0000,164.0000,REJECT,No cover candidate.,
NL,TWENTIETH_CENTURY,Hella S. Haasse,1,10,15,/works/OL35579614W,Toen ik schoolging,Hella S. Haasse,1.0000,2007,/books/OL48015829M,Toen ik schoolging,,dut,1.0000,9789021433745,Querido,2007,,,NOT_PROBED,,,,,NO,NO,155.0000,164.0000,REJECT,No cover candidate.,
NL,TWENTIETH_CENTURY,Hella S. Haasse,1,10,15,/works/OL1348400W,Uitzicht,Hella S. Haasse,1.0000,2008,/books/OL16965797M,Uitzicht,"essays, portretten en beschouwingen",dut,1.0000,9789021433592,Em. Querido's Uitgeverij BV,2008,,,NOT_PROBED,,,,,NO,NO,155.0000,164.0000,REJECT,No cover candidate.,
NL,TWENTIETH_CENTURY,Hugo Claus,1,12,18,/works/OL15056297W,Aan de evenaar,Hugo Claus,1.0000,1973,/books/OL4818823M,Aan de evenaar,,dut,1.0000,9023451627,Erven Thomas Rap,1973,,,NOT_PROBED,,,,,NO,NO,155.0000,164.0000,REJECT,No cover candidate.,
NL,TWENTIETH_CENTURY,Hugo Claus,1,12,18,/works/OL165534W,Almanak,Hugo Claus,1.0000,1982,/books/OL3126352M,Almanak,366 knittelverzen,dut,1.0000,9023445627,Bezige Bij,1982,,,NOT_PROBED,,,,,NO,NO,155.0000,164.0000,REJECT,No cover candidate.,
NL,TWENTIETH_CENTURY,Hugo Claus,1,12,18,/works/OL15056301W,Blauw blauw,Hugo Claus,1.0000,1973,/books/OL5139419M,Blauw blauw.,Een komedie.,dut,1.0000,902340470X,De Bezige Bij,1973,,,NOT_PROBED,,,,,NO,NO,155.0000,164.0000,REJECT,No cover candidate.,
NL,TWENTIETH_CENTURY,Hugo Claus,1,12,18,/works/OL15056306W,De blijde en onvoorziene week,Hugo Claus,1.0000,1979,/books/OL4154428M,De blijde en onvoorziene week,,dut,1.0000,9063220405,Reflex,1979,,,NOT_PROBED,,,,,NO,NO,155.0000,164.0000,REJECT,No cover candidate.,
NL,TWENTIETH_CENTURY,Hugo Claus,1,12,18,/works/OL15056307W,De dans van de reiger,Hugo Claus,1.0000,1992,/books/OL1488202M,De dans van de reiger,,dut,1.0000,9064033021,International Theatre & Film Books,1992,,,NOT_PROBED,,,,,NO,NO,155.0000,164.0000,REJECT,No cover candidate.,
NL,TWENTIETH_CENTURY,Hugo Claus,1,12,18,/works/OL15056309W,De geruchten,Hugo Claus,1.0000,1997,/books/OL773929M,De geruchten,roman,dut,1.0000,9023461835,De Bezige Bij,1997,,,NOT_PROBED,,,,,NO,NO,155.0000,164.0000,REJECT,No cover candidate.,
NL,TWENTIETH_CENTURY,Hugo Claus,1,12,18,/works/OL15056310W,De groene ridder en de paladijnen,Hugo Claus,1.0000,1973,/books/OL19046234M,De groene ridder en de paladijnen,,dut,1.0000,9023451635,Erven T. Rap,1973,,,NOT_PROBED,,,,,NO,NO,155.0000,164.0000,REJECT,No cover candidate.,
NL,TWENTIETH_CENTURY,Hugo Claus,1,12,18,/works/OL18305485W,De nevel van den tijd,Hugo Claus,1.0000,1992,/books/OL9112490M,De nevel van den tijd,,dut,1.0000,9789070968656,Poeziecentrum,1992,,,NOT_PROBED,,,,,NO,NO,155.0000,164.0000,REJECT,No cover candidate.,
NL,TWENTIETH_CENTURY,Hugo Claus,1,12,18,/works/OL37390600W,De Oostakkerse gedichten,Hugo Claus,1.0000,1985,/books/OL50390411M,De Oostakkerse gedichten,,dut,1.0000,9023446038,De Bezige Bij,1985,,,NOT_PROBED,,,,,NO,NO,155.0000,164.0000,REJECT,No cover candidate.,
NL,TWENTIETH_CENTURY,Hugo Claus,1,12,18,/works/OL37360271W,De pen gaat waar het hart niet kan,Hugo Claus,1.0000,1980,/books/OL50351613M,De pen gaat waar het hart niet kan,,dut,1.0000,9062131085,"Loeb & van de Velden, uitgevers, Uitgeverij Baart",1980,,,NOT_PROBED,,,,,NO,NO,155.0000,164.0000,REJECT,No cover candidate.,
NL,TWENTIETH_CENTURY,Hugo Claus,1,12,18,/works/OL37364113W,DE VERZOEKING,Hugo Claus,1.0000,1981,/books/OL50356948M,DE VERZOEKING,,dut,1.0000,9023404637,BEZIGE BIJ,1981,,,NOT_PROBED,,,,,NO,NO,155.0000,164.0000,REJECT,No cover candidate.,
NL,TWENTIETH_CENTURY,Hugo Claus,1,12,18,/works/OL37239857W,Dichterbij,Hugo Claus,1.0000,2009,/books/OL50201937M,Dichterbij,,dut,1.0000,9789023440383,De Bezige Bij,2009,,,NOT_PROBED,,,,,NO,NO,155.0000,164.0000,REJECT,No cover candidate.,
NL,TWENTIETH_CENTURY,Hugo Claus,1,12,18,/works/OL165541W,Een bruid in de morgen,Hugo Claus,1.0000,1955,/books/OL4343677M,Een bruid in de morgen,,dut,1.0000,0949964905,Academica,1977,,,NOT_PROBED,,,,,NO,NO,155.0000,164.0000,REJECT,No cover candidate.,
NL,TWENTIETH_CENTURY,Hugo Claus,1,12,18,/works/OL11012086W,Gilles en de nacht,Hugo Claus,1.0000,1989,/books/OL21016383M,Gilles en de nacht,,dut,1.0000,9023430727,De Bezige Bij,1989,,,NOT_PROBED,,,,,NO,NO,155.0000,164.0000,REJECT,No cover candidate.,
NL,TWENTIETH_CENTURY,Hugo Claus,1,12,18,/works/OL165546W,Het leven en de werken van Leopold II,Hugo Claus,1.0000,1970,/books/OL5386698M,Het leven en de werken van Leopold II,29 taferelen uit de Belgische oudheid,dut,1.0000,9023403479,De Bezige Bij,1970,,,NOT_PROBED,,,,,NO,NO,155.0000,164.0000,REJECT,No cover candidate.,
NL,TWENTIETH_CENTURY,Hugo Claus,1,12,18,/works/OL165547W,Het verlangen,Hugo Claus,1.0000,1978,/books/OL22940248M,Het verlangen,roman,dut,1.0000,9023434803,Bezige Bij,1995,,,NOT_PROBED,,,,,NO,NO,155.0000,164.0000,REJECT,No cover candidate.,
NL,TWENTIETH_CENTURY,Hugo Claus,1,12,18,/works/OL37331758W,Mexico vandaag,Hugo Claus,1.0000,1982,/books/OL50313204M,Mexico vandaag,land van posada,dut,1.0000,9070447916,"BRT, Dienst Pers en Publikaties",1982,,,NOT_PROBED,,,,,NO,NO,155.0000,164.0000,REJECT,No cover candidate.,
NL,TWENTIETH_CENTURY,Hugo Claus,1,12,18,/works/OL38501600W,Onvoltooid verleden,Hugo Claus,1.0000,1998,/books/OL52394123M,Onvoltooid verleden,roman,dut,1.0000,9023461991,Bezige Bij,1998,,,NOT_PROBED,,,,,NO,NO,155.0000,164.0000,REJECT,No cover candidate.,
NL,TWENTIETH_CENTURY,Hugo Claus,1,12,18,/works/OL165556W,Thuis,Hugo Claus,1.0000,1975,/books/OL9087039M,Thuis,"Toneelspel in drie, bedrijven",dut,1.0000,9789023405160,De Bezige Bij,1975,,,NOT_PROBED,,,,,NO,NO,155.0000,164.0000,REJECT,No cover candidate.,
NL,TWENTIETH_CENTURY,Hugo Claus,1,12,18,/works/OL38873227W,Van horen zeggen,Hugo Claus,1.0000,1972,/books/OL52929952M,Van horen zeggen,gedichten,dut,1.0000,9023444132,De Bezige Bij,1972,,,NOT_PROBED,,,,,NO,NO,155.0000,164.0000,REJECT,No cover candidate.,
NL,TWENTIETH_CENTURY,Jan Wolkers,1,10,15,/works/OL24021876W,"Ach, Wim, wat is een vrouw?",Jan Wolkers,1.0000,2005,/books/OL31719603M,"Ach, Wim, wat is een vrouw?",brieven aan een jeugdvriend,dut,1.0000,9023419065,De Bezige Bij,2005,,,NOT_PROBED,,,,,NO,NO,155.0000,164.0000,REJECT,No cover candidate.,
NL,TWENTIETH_CENTURY,Jan Wolkers,1,10,15,/works/OL1713911W,Alle verhalen van Jan Wolkers,Jan Wolkers,1.0000,1981,/books/OL3873278M,Alle verhalen van Jan Wolkers.,,dut,1.0000,9029012463,Meulenhoff,1981,,,NOT_PROBED,,,,,NO,NO,155.0000,164.0000,REJECT,No cover candidate.,
NL,TWENTIETH_CENTURY,Jan Wolkers,1,10,15,/works/OL1713913W,Brandende liefde,Jan Wolkers,1.0000,1981,/books/OL3528497M,Brandende liefde,,dut,1.0000,9023460790,Bezige Bij,1981,,,NOT_PROBED,,,,,NO,NO,155.0000,164.0000,REJECT,No cover candidate.,
NL,TWENTIETH_CENTURY,Jan Wolkers,1,10,15,/works/OL22416163W,Brieven aan Olga,Jan Wolkers,1.0000,2010,/books/OL30504703M,Brieven aan Olga,,dut,1.0000,9789023455141,De Bezige Bij,2010,,,NOT_PROBED,,,,,NO,NO,155.0000,164.0000,REJECT,No cover candidate.,
NL,TWENTIETH_CENTURY,Jan Wolkers,1,10,15,/works/OL33254385W,Dagboek 1967,Jan Wolkers,1.0000,2009,/books/OL45147337M,Dagboek 1967,,dut,1.0000,9789023440406,De Bezige Bij,2009,,,NOT_PROBED,,,,,NO,NO,155.0000,164.0000,REJECT,No cover candidate.,
NL,TWENTIETH_CENTURY,Jan Wolkers,1,10,15,/works/OL24027507W,Dagboek 1969,Jan Wolkers,1.0000,2006,/books/OL31724801M,Dagboek 1969,,dut,1.0000,9023418824,De Bezige Bij,2006,,,NOT_PROBED,,,,,NO,NO,155.0000,164.0000,REJECT,No cover candidate.,
NL,TWENTIETH_CENTURY,Jan Wolkers,1,10,15,/works/OL23424381W,Dagboek 1970,Jan Wolkers,1.0000,2012,/books/OL31281687M,Dagboek 1970,,dut,1.0000,9789023473084,De Bezige Bij,2012,,,NOT_PROBED,,,,,NO,NO,155.0000,164.0000,REJECT,No cover candidate.,
NL,TWENTIETH_CENTURY,Jan Wolkers,1,10,15,/works/OL23340677W,Dagboek 1971,Jan Wolkers,1.0000,2014,/books/OL31191562M,Dagboek 1971,,dut,1.0000,9789023486411,De Bezige Bij,2014,,,NOT_PROBED,,,,,NO,NO,155.0000,164.0000,REJECT,No cover candidate.,
NL,TWENTIETH_CENTURY,Jan Wolkers,1,10,15,/works/OL1713914W,Dagboek 1972,Jan Wolkers,1.0000,2007,/books/OL16473662M,Dagboek 1972,,dut,1.0000,9023425340,De Bezige Bij,2007,,,NOT_PROBED,,,,,NO,NO,155.0000,164.0000,REJECT,No cover candidate.,
NL,TWENTIETH_CENTURY,Jan Wolkers,1,10,15,/works/OL22368141W,Dagboek 1975,Jan Wolkers,1.0000,2010,/books/OL30452594M,Dagboek 1975,,dut,1.0000,9789023459439,De Bezige Bij,2010,,,NOT_PROBED,,,,,NO,NO,155.0000,164.0000,REJECT,No cover candidate.,
NL,TWENTIETH_CENTURY,Jan Wolkers,1,10,15,/works/OL1713916W,Dagboek 1976,Jan Wolkers,1.0000,2007,/books/OL17108575M,Dagboek 1976,,dut,1.0000,9789023426868,De Bezige Bij,2007,,,NOT_PROBED,,,,,NO,NO,155.0000,164.0000,REJECT,No cover candidate.,
NL,TWENTIETH_CENTURY,Jan Wolkers,1,10,15,/works/OL23924905W,De achtertuin,Jan Wolkers,1.0000,2004,/books/OL31630540M,De achtertuin,,dut,1.0000,9023412850,De Bezige Bij,2004,,,NOT_PROBED,,,,,NO,NO,155.0000,164.0000,REJECT,No cover candidate.,
NL,TWENTIETH_CENTURY,Jan Wolkers,1,10,15,/works/OL38804571W,De bretels van Jupiter,Jan Wolkers,1.0000,1988,/books/OL52834484M,De bretels van Jupiter,,dut,1.0000,9789070610777,De Geus,1988,,,NOT_PROBED,,,,,NO,NO,155.0000,164.0000,REJECT,No cover candidate.,
NL,TWENTIETH_CENTURY,Jan Wolkers,1,10,15,/works/OL1713918W,De kus,Jan Wolkers,1.0000,1977,/books/OL4302153M,De kus,,dut,1.0000,9029007567,Meulenhoff,1977,,,NOT_PROBED,,,,,NO,NO,155.0000,164.0000,REJECT,No cover candidate.,
NL,TWENTIETH_CENTURY,Jan Wolkers,1,10,15,/works/OL1713919W,De onverbiddelijke tijd,Jan Wolkers,1.0000,1984,/books/OL2563019M,De onverbiddelijke tijd,,dut,1.0000,9023460901,Bezige Bij,1984,,,NOT_PROBED,,,,,NO,NO,155.0000,164.0000,REJECT,No cover candidate.,
NL,TWENTIETH_CENTURY,Jan Wolkers,1,10,15,/works/OL11068978W,Dominee met strooien hoed,Jan Wolkers,1.0000,1975,/books/OL21017189M,Dominee met strooien hoed,,dut,1.0000,9028002286,Meulenhoff,1975,,,NOT_PROBED,,,,,NO,NO,155.0000,164.0000,REJECT,No cover candidate.,
NL,TWENTIETH_CENTURY,Jan Wolkers,1,10,15,/works/OL34733778W,Een Paradijsvogel Boven Het Aardappelloof,Jan Wolkers,1.0000,1987,/books/OL47082234M,Een Paradijsvogel Boven Het Aardappelloof,,dut,1.0000,9789070610371,de Geus,"Mar 15, 1987",,,NOT_PROBED,,,,,NO,NO,155.0000,164.0000,REJECT,No cover candidate.,
NL,TWENTIETH_CENTURY,Jan Wolkers,1,10,15,/works/OL11068979W,Een roos van vlees,Jan Wolkers,1.0000,1963,/books/OL21376010M,Een roos van vlees,,dut,1.0000,9029091444,Meulenhoff,1963,,,NOT_PROBED,,,,,NO,NO,155.0000,164.0000,REJECT,No cover candidate.,
NL,TWENTIETH_CENTURY,Jan Wolkers,1,10,15,/works/OL45185077W,Gesponnen suiker,Jan Wolkers,1.0000,1975,/books/OL61610293M,Gesponnen suiker,,dut,1.0000,9029094443,Meulenhoff,1975,,,NOT_PROBED,,,,,NO,NO,155.0000,164.0000,REJECT,No cover candidate.,
NL,TWENTIETH_CENTURY,Jan Wolkers,1,10,15,/works/OL1713924W,Gifsla,Jan Wolkers,1.0000,1983,/books/OL2890393M,Gifsla,,dut,1.0000,9023460855,Bezige Bij,1983,,,NOT_PROBED,,,,,NO,NO,155.0000,164.0000,REJECT,No cover candidate.,
NL,TWENTIETH_CENTURY,Jan Wolkers,1,10,15,/works/OL37018007W,Het was wel een heel lief varkentje,Jan Wolkers,1.0000,2008,/books/OL49972264M,Het was wel een heel lief varkentje,,dut,1.0000,9789023429647,De Bezige Bij,2008,,,NOT_PROBED,,,,,NO,NO,155.0000,164.0000,REJECT,No cover candidate.,
NL,TWENTIETH_CENTURY,Jan Wolkers,1,10,15,/works/OL1713927W,Icarus en de vliegende tering,Jan Wolkers,1.0000,1996,/books/OL592506M,Icarus en de vliegende tering,,dut,1.0000,902343613X,De Bezige Bij,1996,,,NOT_PROBED,,,,,NO,NO,155.0000,164.0000,REJECT,No cover candidate.,
NL,TWENTIETH_CENTURY,Jan Wolkers,1,10,15,/works/OL43567466W,Jaargetijden,Jan Wolkers,1.0000,2000,/books/OL59386907M,Jaargetijden,gedichten,dut,1.0000,902344812X,De Bezige Bij,2000,,,NOT_PROBED,,,,,NO,NO,155.0000,164.0000,REJECT,No cover candidate.,
NL,TWENTIETH_CENTURY,Jan Wolkers,1,10,15,/works/OL1713928W,"Jan Wolkers, schilder, beeldhouwer",Jan Wolkers,1.0000,1986,/books/OL2429689M,"Jan Wolkers, schilder, beeldhouwer.",,dut,1.0000,9023453107,Bezige Bij,1986,,,NOT_PROBED,,,,,NO,NO,155.0000,164.0000,REJECT,No cover candidate.,
NL,TWENTIETH_CENTURY,Jan Wolkers,1,10,15,/works/OL1713942W,Kort Amerikaans,Jan Wolkers,1.0000,1962,/books/OL2502909M,Kort Amerikaans,,dut,1.0000,9029010118,Meulenhoff,1979,,,NOT_PROBED,,,,,NO,NO,155.0000,164.0000,REJECT,No cover candidate.,
NL,TWENTIETH_CENTURY,Jan Wolkers,1,10,15,/works/OL11068983W,Kunstfruit en andere verhalen,Jan Wolkers,1.0000,1988,/books/OL18557430M,Kunstfruit en andere verhalen,,dut,1.0000,9029038764,Meulenhoff,1988,,,NOT_PROBED,,,,,NO,NO,155.0000,164.0000,REJECT,No cover candidate.,
NL,TWENTIETH_CENTURY,Jan Wolkers,1,10,15,/works/OL1713930W,Mondriaan op Mauritius,Jan Wolkers,1.0000,1997,/books/OL305023M,Mondriaan op Mauritius,essays,dut,1.0000,9023436156,Bezige Bij,1997,,,NOT_PROBED,,,,,NO,NO,155.0000,164.0000,REJECT,No cover candidate.,
NL,TWENTIETH_CENTURY,Jan Wolkers,1,10,15,/works/OL38422380W,Omringd door zee,Jan Wolkers,1.0000,2000,/books/OL52280770M,Omringd door zee,,dut,1.0000,9070202301,Boekhandel Het Open Boek Texel,2000,,,NOT_PROBED,,,,,NO,NO,155.0000,164.0000,REJECT,No cover candidate.,
NL,TWENTIETH_CENTURY,Jan Wolkers,1,10,15,/works/OL42774025W,Op de vleugelen der profeten,Jan Wolkers,1.0000,1990,/books/OL58229053M,Op de vleugelen der profeten,On the wings of the prophets,dut,1.0000,9051190050,Ypse Fecit,1990,,,NOT_PROBED,,,,,NO,NO,155.0000,164.0000,REJECT,No cover candidate.,
NL,TWENTIETH_CENTURY,Jan Wolkers,1,10,15,/works/OL45493711W,Serpentina's petticoat,Jan Wolkers,1.0000,1964,/books/OL61977443M,Serpentina's petticoat,met tekeningen uit de hongerwinter,dut,1.0000,9029093838,J. M. Meulenhoff,1964,,,NOT_PROBED,,,,,NO,NO,155.0000,164.0000,REJECT,No cover candidate.,
NL,TWENTIETH_CENTURY,Jan Wolkers,1,10,15,/works/OL23626312W,Tijd bestaat niet,Jan Wolkers | Murk Salverda,1.0000,1996,/books/OL31497857M,Tijd bestaat niet,Jan Wolkers,dut,1.0000,9023470249,De Bezige Bij,2000,,,NOT_PROBED,,,,,NO,NO,155.0000,164.0000,REJECT,No cover candidate.,
NL,TWENTIETH_CENTURY,Jan Wolkers,1,10,15,/works/OL45013098W,Turks fruit,Jan Wolkers | Sophie Kassies,1.0000,2019,/books/OL61409028M,Turks fruit,,dut,1.0000,9789029093347,Meulenhoff,2019,,,NOT_PROBED,,,,,NO,NO,155.0000,164.0000,REJECT,No cover candidate.,
NL,TWENTIETH_CENTURY,Jan Wolkers,1,10,15,/works/OL18558132W,Verzamelde gedichten,Jan Wolkers,1.0000,2008,/books/OL23983534M,Verzamelde gedichten,,dut,1.0000,9789023433057,De Bezige Bij,2008,,,NOT_PROBED,,,,,NO,NO,155.0000,164.0000,REJECT,No cover candidate.,
NL,TWENTIETH_CENTURY,Jan Wolkers,1,10,15,/works/OL1713937W,Wintervitrines,Jan Wolkers,1.0000,2003,/books/OL3349716M,Wintervitrines,gedichten,dut,1.0000,9023412516,De Bezige Bij,2003,,,NOT_PROBED,,,,,NO,NO,155.0000,164.0000,REJECT,No cover candidate.,
NL,TWENTIETH_CENTURY,Jeroen Brouwers,1,9,13,/works/OL702787W,Alles is iets,Jeroen Brouwers,1.0000,1998,/books/OL471808M,Alles is iets,dagboekbladen en brieven : feuilletons lente 1998,dut,1.0000,9025421776,Uigeverij Noli me tangere,1998,,,NOT_PROBED,,,,,NO,NO,155.0000,164.0000,REJECT,No cover candidate.,
NL,TWENTIETH_CENTURY,Jeroen Brouwers,1,9,13,/works/OL32137492W,BDE,Jeroen Brouwers,1.0000,2011,/books/OL43872383M,BDE,bijna-doodervaring,dut,1.0000,9789081227353,Demian,2011,,,NOT_PROBED,,,,,NO,NO,155.0000,164.0000,REJECT,No cover candidate.,
NL,TWENTIETH_CENTURY,Jeroen Brouwers,1,9,13,/works/OL19024237W,Bokelf,Louis Julien Weverbergh | Jeroen Brouwers,1.0000,1987,/books/OL21376472M,Bokelf.,,dut,1.0000,9050670245,Hadewijch,1987,,,NOT_PROBED,,,,,NO,NO,155.0000,164.0000,REJECT,No cover candidate.,
NL,TWENTIETH_CENTURY,Jeroen Brouwers,1,9,13,/works/OL23764520W,Brouwers in Brussel,Jeroen Brouwers | Gwennie Debergh,1.0000,2000,/books/OL31501816M,Brouwers in Brussel,1964-1976,dut,1.0000,9054872659,Demian,2000,,,NOT_PROBED,,,,,NO,NO,155.0000,164.0000,REJECT,No cover candidate.,
NL,TWENTIETH_CENTURY,Jeroen Brouwers,1,9,13,/works/OL44263312W,Cliënt E. Busken,Jeroen Brouwers,1.0000,2020,/books/OL60501182M,Cliënt E. Busken,,dut,1.0000,9789025455941,Uitgeverij Atlas Contact,2020,,,NOT_PROBED,,,,,NO,NO,155.0000,164.0000,REJECT,No cover candidate.,
NL,TWENTIETH_CENTURY,Jeroen Brouwers,1,9,13,/works/OL702788W,Datumloze dagen,Jeroen Brouwers,1.0000,2007,/books/OL17057566M,Datumloze dagen,,dut,1.0000,9789045000695,Atlas,2007,,,NOT_PROBED,,,,,NO,NO,155.0000,164.0000,REJECT,No cover candidate.,
NL,TWENTIETH_CENTURY,Jeroen Brouwers,1,9,13,/works/OL702789W,De laatste deur,Jeroen Brouwers,1.0000,1983,/books/OL2898036M,De laatste deur,essays over zelfmoord in de Nederlandstalige letteren,dut,1.0000,9029508043,Arbeiderspers,1983,,,NOT_PROBED,,,,,NO,NO,155.0000,164.0000,REJECT,No cover candidate.,
NL,TWENTIETH_CENTURY,Jeroen Brouwers,1,9,13,/works/OL15808146W,De levende stilte van Stig Dagerman,Jeroen Brouwers,1.0000,1985,/books/OL24719148M,De levende stilte van Stig Dagerman,Essay,dut,1.0000,9029023368,Meulenhoff,1985,,,NOT_PROBED,,,,,NO,NO,155.0000,164.0000,REJECT,No cover candidate.,
NL,TWENTIETH_CENTURY,Jeroen Brouwers,1,9,13,/works/OL702790W,De rode telefoon,Jeroen Brouwers,1.0000,1997,/books/OL6809162M,De rode telefoon,"uit mijn imaginaire memoires, geheime dagboeken, polemische blocnotes, anekdotische convoluten en andere bronnen : bij de zestigste verjaardag van Jozef Deleu",dut,1.0000,9056171062,Van Halewijck,1997,,,NOT_PROBED,,,,,NO,NO,155.0000,164.0000,REJECT,No cover candidate.,
NL,TWENTIETH_CENTURY,Jeroen Brouwers,1,9,13,/works/OL702791W,De schemer daalt,Jeroen Brouwers,1.0000,2005,/books/OL16304540M,De schemer daalt,slenteren door mijn boekenkast,dut,1.0000,9045012626,Noli me tangere,2005,,,NOT_PROBED,,,,,NO,NO,155.0000,164.0000,REJECT,No cover candidate.,
NL,TWENTIETH_CENTURY,Jeroen Brouwers,1,9,13,/works/OL702792W,De schemerlamp van Hélène Swarth,Jeroen Brouwers,1.0000,1987,/books/OL2464936M,De schemerlamp van Hélène Swarth,hoe beroemd zij was en in de schemer verdween,dut,1.0000,9070630192,J. Nijsen,1987,,,NOT_PROBED,,,,,NO,NO,155.0000,164.0000,REJECT,No cover candidate.,
NL,TWENTIETH_CENTURY,Jeroen Brouwers,1,9,13,/works/OL37323360W,De spoken van Godfried Bomans,Jeroen Brouwers,1.0000,1982,/books/OL50301914M,De spoken van Godfried Bomans,,dut,1.0000,9062878970,Arbeiderspers,1982,,,NOT_PROBED,,,,,NO,NO,155.0000,164.0000,REJECT,No cover candidate.,
NL,TWENTIETH_CENTURY,Jeroen Brouwers,1,9,13,/works/OL702795W,De vervulling,Jeroen Brouwers,1.0000,1996,/books/OL612478M,De vervulling,verhalen,dut,1.0000,9025456839,Pandora,1996,,,NOT_PROBED,,,,,NO,NO,155.0000,164.0000,REJECT,No cover candidate.,
NL,TWENTIETH_CENTURY,Jeroen Brouwers,1,9,13,/works/OL702796W,De wereld van Godfried Bomans,Jeroen Brouwers,1.0000,1998,/books/OL82776M,De wereld van Godfried Bomans,,dut,1.0000,9045003619,Atlas,1998,,,NOT_PROBED,,,,,NO,NO,155.0000,164.0000,REJECT,No cover candidate.,
NL,TWENTIETH_CENTURY,Jeroen Brouwers,1,9,13,/works/OL702798W,De zwarte zon,Jeroen Brouwers,1.0000,1999,/books/OL6819510M,De zwarte zon,essays over zelfmoord en literatuur in de twintigste eeuw,dut,1.0000,9045001594,Atlas,1999,,,NOT_PROBED,,,,,NO,NO,155.0000,164.0000,REJECT,No cover candidate.,
NL,TWENTIETH_CENTURY,Jeroen Brouwers,1,9,13,/works/OL33311437W,Een nieuw requiem,Jeroen Brouwers,1.0000,2009,/books/OL45211156M,Een nieuw requiem,,dut,1.0000,9789078902393,Wever & Bergh,2009,,,NOT_PROBED,,,,,NO,NO,155.0000,164.0000,REJECT,No cover candidate.,
NL,TWENTIETH_CENTURY,Jeroen Brouwers,1,9,13,/works/OL45043550W,Feuilletons,Jeroen Brouwers,1.0000,2018,/books/OL61444470M,Feuilletons,een selectie,dut,1.0000,9789025452919,Uitgeverij Atlas Contact,2018,,,NOT_PROBED,,,,,NO,NO,155.0000,164.0000,REJECT,No cover candidate.,
NL,TWENTIETH_CENTURY,Jeroen Brouwers,1,9,13,/works/OL16366484W,"Gezichten, gestalten",Jeroen Brouwers,1.0000,2011,/books/OL25144342M,"Gezichten, gestalten",,dut,1.0000,9789045017358,Atlas,2011,,,NOT_PROBED,,,,,NO,NO,155.0000,164.0000,REJECT,No cover candidate.,
NL,TWENTIETH_CENTURY,Jeroen Brouwers,1,9,13,/works/OL42665097W,Groetjes uit Brussel,Jeroen Brouwers,1.0000,1989,/books/OL58010658M,Groetjes uit Brussel,"ansichtkaarten over liefde, literatuur en dood",dut,1.0000,9029508949,De Arbeiderspers,1989,,,NOT_PROBED,,,,,NO,NO,155.0000,164.0000,REJECT,No cover candidate.,
NL,TWENTIETH_CENTURY,Jeroen Brouwers,1,9,13,/works/OL15527516W,Hamerstukken,Jeroen Brouwers,1.0000,2010,/books/OL24484716M,Hamerstukken,alle polemieken en korzeligheden,dut,1.0000,9789045017112,Atlas,2010,,,NOT_PROBED,,,,,NO,NO,155.0000,164.0000,REJECT,No cover candidate.,
NL,TWENTIETH_CENTURY,Jeroen Brouwers,1,9,13,/works/OL22570893W,Harry Mulisch,Jeroen Brouwers,1.0000,1976,/books/OL4592840M,Harry Mulisch,informatie over leven en werk van Harry Mulisch,dut,1.0000,9022305368,Manteau,1976,,,NOT_PROBED,,,,,NO,NO,155.0000,164.0000,REJECT,No cover candidate.,
NL,TWENTIETH_CENTURY,Jeroen Brouwers,1,9,13,/works/OL702802W,Het aardigste volk ter wereld,Jeroen Brouwers,1.0000,1996,/books/OL580654M,Het aardigste volk ter wereld,Willem Frederik Hermans in Brussel : bijdrage aan zijn biografie,dut,1.0000,902540698X,Atlas,1996,,,NOT_PROBED,,,,,NO,NO,155.0000,164.0000,REJECT,No cover candidate.,
NL,TWENTIETH_CENTURY,Jeroen Brouwers,1,9,13,/works/OL702803W,Het circus der eenzaamheid,Jeroen Brouwers,1.0000,1994,/books/OL829112M,Het circus der eenzaamheid,"kladboek 4 : profielen, studies, reacties",dut,1.0000,9029507632,Arbeiderspers,1994,,,NOT_PROBED,,,,,NO,NO,155.0000,164.0000,REJECT,No cover candidate.,
NL,TWENTIETH_CENTURY,Jeroen Brouwers,1,9,13,/works/OL22916905W,Het hout,Jeroen Brouwers,1.0000,2014,/books/OL30825802M,Het hout,,dut,1.0000,9789025442057,Uitgeverij Atlas Contact,2014,,,NOT_PROBED,,,,,NO,NO,155.0000,164.0000,REJECT,No cover candidate.,
NL,TWENTIETH_CENTURY,Jeroen Brouwers,1,9,13,/works/OL702824W,Het is niets,Jeroen Brouwers,1.0000,1993,/books/OL17057718M,Het is niets,,dut,1.0000,9789047100355,Eldorado,2007,,,NOT_PROBED,,,,,NO,NO,155.0000,164.0000,REJECT,No cover candidate.,
NL,TWENTIETH_CENTURY,Jeroen Brouwers,1,9,13,/works/OL702804W,"Het leven, de dood",Jeroen Brouwers,1.0000,2003,/books/OL3724804M,"Het leven, de dood",verhalen,dut,1.0000,904501016X,Atlas,2003,,,NOT_PROBED,,,,,NO,NO,155.0000,164.0000,REJECT,No cover candidate.,
NL,TWENTIETH_CENTURY,Jeroen Brouwers,1,9,13,/works/OL702825W,Het tuurtouw,Jeroen Brouwers,1.0000,1989,/books/OL9097051M,Het tuurtouw,Ter herinnering aan Geert van Oorschot,dut,1.0000,9789028207301,Oorschot,1989,,,NOT_PROBED,,,,,NO,NO,155.0000,164.0000,REJECT,No cover candidate.,
NL,TWENTIETH_CENTURY,Jeroen Brouwers,1,9,13,/works/OL19192508W,Hij is reeds aan de overzijde,Jeroen Brouwers,1.0000,1986,/books/OL2322138M,Hij is reeds aan de overzijde,necrologieën van schrijvers,dut,1.0000,9010054632,Rap,1986,,,NOT_PROBED,,,,,NO,NO,155.0000,164.0000,REJECT,No cover candidate.,
NL,TWENTIETH_CENTURY,Jeroen Brouwers,1,9,13,/works/OL24082822W,In het midden van de reis door mijn leven,Jeroen Brouwers,1.0000,2006,/books/OL31778732M,In het midden van de reis door mijn leven,,dut,1.0000,904501596X,Atlas,2006,,,NOT_PROBED,,,,,NO,NO,155.0000,164.0000,REJECT,No cover candidate.,
NL,TWENTIETH_CENTURY,Jeroen Brouwers,1,9,13,/works/OL702808W,"""Klein leed",Jeroen Brouwers,1.0000,1977,/books/OL4303058M,"""Klein leed",drie verhalen,dut,1.0000,9062805213,Corrie Zelen,1977,,,NOT_PROBED,,,,,NO,NO,155.0000,164.0000,REJECT,No cover candidate.,
NL,TWENTIETH_CENTURY,Jeroen Brouwers,1,9,13,/works/OL38812149W,Naakt in verblindend licht,Jeroen Brouwers,1.0000,1993,/books/OL52844318M,Naakt in verblindend licht,over Daniël Robberechts,dut,1.0000,9036198739,Tilburg University Press,1993,,,NOT_PROBED,,,,,NO,NO,155.0000,164.0000,REJECT,No cover candidate.,
NL,TWENTIETH_CENTURY,Jeroen Brouwers,1,9,13,/works/OL23296705W,Over Godfried Bomans,Jeroen Brouwers,1.0000,2013,/books/OL31142890M,Over Godfried Bomans,,dut,1.0000,9789045025391,Uitgeverij Atlas Contact,2013,,,NOT_PROBED,,,,,NO,NO,155.0000,164.0000,REJECT,No cover candidate.,
NL,TWENTIETH_CENTURY,Jeroen Brouwers,1,9,13,/works/OL702811W,Papieren levens,Jeroen Brouwers,1.0000,2001,/books/OL3647590M,Papieren levens,"verhaal, portret, essay, pamflet",dut,1.0000,9045008416,Noli me tangere,2001,,,NOT_PROBED,,,,,NO,NO,155.0000,164.0000,REJECT,No cover candidate.,
NL,TWENTIETH_CENTURY,Jeroen Brouwers,1,9,13,/works/OL23424649W,Restletsels,Jeroen Brouwers,1.0000,2012,/books/OL31281970M,Restletsels,,dut,1.0000,9789045022376,Uitgeverij Noli me tangere onder protectoraat van Uitgeverij Atlas,2012,,,NOT_PROBED,,,,,NO,NO,155.0000,164.0000,REJECT,No cover candidate.,
NL,TWENTIETH_CENTURY,Jeroen Brouwers,1,9,13,/works/OL702826W,Sisyphus' bakens,Jeroen Brouwers,1.0000,2009,/books/OL23718064M,Sisyphus' bakens,vloekschrift,dut,1.0000,9789045014890,Uitgeverij Noli me tangere onder protectoraat van Uitgeverij Atlas,2009,,,NOT_PROBED,,,,,NO,NO,155.0000,164.0000,REJECT,No cover candidate.,
NL,TWENTIETH_CENTURY,Jeroen Brouwers,1,9,13,/works/OL702813W,Stoffer & blik,Jeroen Brouwers,1.0000,2004,/books/OL23070886M,Stoffer & blik,herinneringen aan een periode (1964-1970),dut,1.0000,9045006979,Atlas,2004,,,NOT_PROBED,,,,,NO,NO,155.0000,164.0000,REJECT,No cover candidate.,
NL,TWENTIETH_CENTURY,Jeroen Brouwers,1,9,13,/works/OL702815W,Terug thuis,Jeroen Brouwers,1.0000,1998,/books/OL82687M,Terug thuis,"verhalen, leerervaringen, voetnoten",dut,1.0000,9045001241,Noli me tangere,1998,,,NOT_PROBED,,,,,NO,NO,155.0000,164.0000,REJECT,No cover candidate.,
NL,TWENTIETH_CENTURY,Jeroen Brouwers,1,9,13,/works/OL44388751W,Twee verwoeste levens,Jeroen Brouwers,1.0000,1993,/books/OL60645328M,Twee verwoeste levens,de levensloop en de dubbelzelfmoord van Elize Baart (1854-1879) en Bastiaan Korteweg (1849-1879),dut,1.0000,9073978165,Lubberhuizen,1993,,,NOT_PROBED,,,,,NO,NO,155.0000,164.0000,REJECT,No cover candidate.,
NL,TWENTIETH_CENTURY,Jeroen Brouwers,1,9,13,/works/OL702817W,Vlaamse leeuwen,Jeroen Brouwers,1.0000,1994,/books/OL839818M,Vlaamse leeuwen,,dut,1.0000,9029507675,Arbeiderspers,1994,,,NOT_PROBED,,,,,NO,NO,155.0000,164.0000,REJECT,No cover candidate.,
NL,TWENTIETH_CENTURY,Jeroen Brouwers,1,9,13,/works/OL702818W,Wie Begrijpt Ooit Wat?,Jeroen Brouwers,1.0000,2001,/books/OL12849554M,Wie Begrijpt Ooit Wat?,,dut,1.0000,9789068017403,De Prom,January 2001,,,NOT_PROBED,,,,,NO,NO,155.0000,164.0000,REJECT,No cover candidate.,
NL,TWENTIETH_CENTURY,Jeroen Brouwers,1,9,13,/works/OL702819W,Winterlicht,Jeroen Brouwers,1.0000,1984,/books/OL2956346M,Winterlicht,een vergeetboek,dut,1.0000,9029507969,Arbeiderspers,1984,,,NOT_PROBED,,,,,NO,NO,155.0000,164.0000,REJECT,No cover candidate.,
NL,TWENTIETH_CENTURY,Jeroen Brouwers,1,9,13,/works/OL18995888W,Zachtjes knetteren de letteren,Jeroen Brouwers,1.0000,1975,/books/OL19532967M,Zachtjes knetteren de letteren,een eeuw Nederlandse literatuurgeschiedenis in anekdoten,dut,1.0000,9029508213,Arbeiderspers,1975,,,NOT_PROBED,,,,,NO,NO,155.0000,164.0000,REJECT,No cover candidate.,
NL,TWENTIETH_CENTURY,Jeroen Brouwers,1,9,13,/works/OL702821W,Zonder onderschriften,Jeroen Brouwers,1.0000,1983,/books/OL21961648M,Zonder onderschriften,een dramatische dialoog,dut,1.0000,9029508051,Arbeiderspers,1983,,,NOT_PROBED,,,,,NO,NO,155.0000,164.0000,REJECT,No cover candidate.,
NL,TWENTIETH_CENTURY,Jeroen Brouwers,1,9,13,/works/OL702822W,Zonder trommels en trompetten,Jeroen Brouwers,1.0000,1973,/books/OL5501658M,Zonder trommels en trompetten.,Een markante anekdote uit het leven van Jeroen Brouwers door hem zelf verteld.,dut,1.0000,9022303705,Paris-Manteau,1973,,,NOT_PROBED,,,,,NO,NO,155.0000,164.0000,REJECT,No cover candidate.,
NL,TWENTIETH_CENTURY,Louis Paul Boon,1,10,15,/works/OL770607W,Album Louis Paul Boon,Louis Paul Boon,1.0000,2008,/books/OL22688777M,Album Louis Paul Boon,een leven in woord en beeld,dut,1.0000,9789085420750,Meulenhoff,2008,,,NOT_PROBED,,,,,NO,NO,155.0000,164.0000,REJECT,No cover candidate.,
NL,TWENTIETH_CENTURY,Louis Paul Boon,1,10,15,/works/OL770610W,Beter blote Jan dan dode Jan en andere uitspraken van Louis Paul Boon,Louis Paul Boon,1.0000,1978,/books/OL2502624M,Beter blote Jan dan dode Jan en andere uitspraken van Louis Paul Boon,,dut,1.0000,9029506237,Arbeiderspers,1978,,,NOT_PROBED,,,,,NO,NO,155.0000,164.0000,REJECT,No cover candidate.,
NL,TWENTIETH_CENTURY,Louis Paul Boon,1,10,15,/works/OL770615W,Boontjes 1962,Louis Paul Boon,1.0000,1992,/books/OL1486224M,Boontjes 1962,,dut,1.0000,9052401039,Houtekiet,1992,,,NOT_PROBED,,,,,NO,NO,155.0000,164.0000,REJECT,No cover candidate.,
NL,TWENTIETH_CENTURY,Louis Paul Boon,1,10,15,/works/OL770616W,Boontjes 1963,Louis Paul Boon,1.0000,1994,/books/OL842288M,Boontjes 1963,,dut,1.0000,9052402035,Houtekiet,1994,,,NOT_PROBED,,,,,NO,NO,155.0000,164.0000,REJECT,No cover candidate.,
NL,TWENTIETH_CENTURY,Louis Paul Boon,1,10,15,/works/OL770617W,Boontjes 1964,Louis Paul Boon,1.0000,1998,/books/OL94665M,Boontjes 1964,Louis Paul Boon,dut,1.0000,9052404275,Houtekiet,1998,,,NOT_PROBED,,,,,NO,NO,155.0000,164.0000,REJECT,No cover candidate.,
NL,TWENTIETH_CENTURY,Louis Paul Boon,1,10,15,/works/OL23759451W,Boontjes 1965,Louis Paul Boon,1.0000,1999,/books/OL31498119M,Boontjes 1965,,dut,1.0000,905240514X,Houtekiet,1999,,,NOT_PROBED,,,,,NO,NO,155.0000,164.0000,REJECT,No cover candidate.,
NL,TWENTIETH_CENTURY,Louis Paul Boon,1,10,15,/works/OL770619W,Brieven aan Morris,Louis Paul Boon,1.0000,1989,/books/OL1794714M,Brieven aan Morris,gevolgd door 'Herinneringen' van Maurice (Morris) Roggeman,dut,1.0000,9070850192,Gerards & Schreurs,1989,,,NOT_PROBED,,,,,NO,NO,155.0000,164.0000,REJECT,No cover candidate.,
NL,TWENTIETH_CENTURY,Louis Paul Boon,1,10,15,/works/OL37360872W,De bende van Jan de Lichte ; De zoon van Jan de Lichte,Louis Paul Boon,1.0000,1979,/books/OL50352442M,De bende van Jan de Lichte ; De zoon van Jan de Lichte,,dut,1.0000,9029503300,Arbeiderspers,1979,,,NOT_PROBED,,,,,NO,NO,155.0000,164.0000,REJECT,No cover candidate.,
NL,TWENTIETH_CENTURY,Louis Paul Boon,1,10,15,/works/OL39255968W,De kleine Eva uit de Kromme Bijlstraat,Louis Paul Boon,1.0000,2006,/books/OL53440414M,De kleine Eva uit de Kromme Bijlstraat,,dut,1.0000,9789029564458,De Arbeiderspers,2006,,,NOT_PROBED,,,,,NO,NO,155.0000,164.0000,REJECT,No cover candidate.,
NL,TWENTIETH_CENTURY,Louis Paul Boon,1,10,15,/works/OL770623W,"De liefde van Annie Mols, Als het onkruid bloeit",Louis Paul Boon,1.0000,1979,/books/OL19537879M,"De liefde van Annie Mols, Als het onkruid bloeit",,dut,1.0000,9029504013,De Arbeiderspers,1979,,,NOT_PROBED,,,,,NO,NO,155.0000,164.0000,REJECT,No cover candidate.,
NL,TWENTIETH_CENTURY,Louis Paul Boon,1,10,15,/works/OL770627W,De zon,Louis Paul Boon,1.0000,2001,/books/OL3615849M,De zon,,dut,1.0000,9080454834,Demian,2001,,,NOT_PROBED,,,,,NO,NO,155.0000,164.0000,REJECT,No cover candidate.,
NL,TWENTIETH_CENTURY,Louis Paul Boon,1,10,15,/works/OL770665W,De zoon van Jan de Lichte,Louis Paul Boon,1.0000,1970,/books/OL22971722M,De zoon van Jan de Lichte,een vroom en vrolijk boek,dut,1.0000,9029503211,De Arbeiderspers,1994,,,NOT_PROBED,,,,,NO,NO,155.0000,164.0000,REJECT,No cover candidate.,
NL,TWENTIETH_CENTURY,Louis Paul Boon,1,10,15,/works/OL770630W,"Eens, op een mooie avond",Louis Paul Boon,1.0000,1992,/books/OL1356869M,"Eens, op een mooie avond",,dut,1.0000,9029503173,De Arbeiderspers,1992,,,NOT_PROBED,,,,,NO,NO,155.0000,164.0000,REJECT,No cover candidate.,
NL,TWENTIETH_CENTURY,Louis Paul Boon,1,10,15,/works/OL24007615W,Eenzaam spelen met Pompon,Louis Paul Boon,1.0000,2005,/books/OL31705987M,Eenzaam spelen met Pompon,,dut,1.0000,9085420407,Meulenhoff/Manteau,2005,,,NOT_PROBED,,,,,NO,NO,155.0000,164.0000,REJECT,No cover candidate.,
NL,TWENTIETH_CENTURY,Louis Paul Boon,1,10,15,/works/OL770636W,Het boek Jezebel,Louis Paul Boon,1.0000,1999,/books/OL6836646M,Het boek Jezebel,,dut,1.0000,9072474287,Koninklijke Academie voor Nederlandse Taal- en Letterkunde,1999,,,NOT_PROBED,,,,,NO,NO,155.0000,164.0000,REJECT,No cover candidate.,
NL,TWENTIETH_CENTURY,Louis Paul Boon,1,10,15,/works/OL770637W,Het boek Jezebel (Reeks Literaire tekstedities en bibliografieen),Louis Paul Boon,1.0000,1999,/books/OL9112666M,Het boek Jezebel (Reeks Literaire tekstedities en bibliografieen),,dut,1.0000,9789072474285,Koninklijke Academie voor Nederlandse Taal- en Letterkunde,1999,,,NOT_PROBED,,,,,NO,NO,155.0000,164.0000,REJECT,No cover candidate.,
NL,TWENTIETH_CENTURY,Louis Paul Boon,1,10,15,/works/OL770639W,Het literatuur- en kunstkritische werk,Louis Paul Boon,1.0000,1994,/books/OL21335780M,Het literatuur- en kunstkritische werk,,dut,1.0000,907432603X,"L.P. Boon Documentatiecentrum, Universitaire   Instelling",1994,,,NOT_PROBED,,,,,NO,NO,155.0000,164.0000,REJECT,No cover candidate.,
NL,TWENTIETH_CENTURY,Louis Paul Boon,1,10,15,/works/OL770640W,Het recht van vervormen,Louis Paul Boon,1.0000,1999,/books/OL6852440M,Het recht van vervormen,,dut,1.0000,9022315347,Manteau,1999,,,NOT_PROBED,,,,,NO,NO,155.0000,164.0000,REJECT,No cover candidate.,
NL,TWENTIETH_CENTURY,Louis Paul Boon,1,10,15,/works/OL770641W,Het vroege werk,Louis Paul Boon,1.0000,1978,/books/OL4182347M,Het vroege werk,,dut,1.0000,902145341X,Arbeiderspers [etc.],1978,,,NOT_PROBED,,,,,NO,NO,155.0000,164.0000,REJECT,No cover candidate.,
NL,TWENTIETH_CENTURY,Louis Paul Boon,1,10,15,/works/OL770642W,Het zoutvat van Boontje Boon,Louis Paul Boon,1.0000,1985,/books/OL2083701M,Het zoutvat van Boontje Boon,L.P. Boon en de omroep,dut,1.0000,9070447371,Brt,1985,,,NOT_PROBED,,,,,NO,NO,155.0000,164.0000,REJECT,No cover candidate.,
NL,TWENTIETH_CENTURY,Louis Paul Boon,1,10,15,/works/OL23901710W,Hij was een zwarte,Louis Paul Boon,1.0000,2003,/books/OL31609256M,Hij was een zwarte,over oorlog en collaboratie,dut,1.0000,9059900030,Meulenhoff,2003,,,NOT_PROBED,,,,,NO,NO,155.0000,164.0000,REJECT,No cover candidate.,
NL,TWENTIETH_CENTURY,Louis Paul Boon,1,10,15,/works/OL770643W,Hij was een zwarte en andere reportages,Louis Paul Boon,1.0000,1986,/books/OL2439635M,Hij was een zwarte en andere reportages,,dut,1.0000,9070850087,Gerards & Schreurs,1986,,,NOT_PROBED,,,,,NO,NO,155.0000,164.0000,REJECT,No cover candidate.,
NL,TWENTIETH_CENTURY,Louis Paul Boon,1,10,15,/works/OL770644W,Memoires van Boontje,Louis Paul Boon,1.0000,1988,/books/OL2087814M,Memoires van Boontje,,dut,1.0000,9029506253,Arbeiderspers,1988,,,NOT_PROBED,,,,,NO,NO,155.0000,164.0000,REJECT,No cover candidate.,
NL,TWENTIETH_CENTURY,Louis Paul Boon,1,10,15,/works/OL770647W,Mieke Maaike's obscene jeugd,Louis Paul Boon,1.0000,1972,/books/OL5494856M,Mieke Maaike's obscene jeugd.,"Een pornografisch verhaal voorafgegaan door een proefschrift 'In en om het kutodelisch verschijnsel,' waarmee student Steivekleut promoveerde.",dut,1.0000,9029505249,De Arbeiderspers,1972,,,NOT_PROBED,,,,,NO,NO,155.0000,164.0000,REJECT,No cover candidate.,
NL,TWENTIETH_CENTURY,Louis Paul Boon,1,10,15,/works/OL37391010W,Mijn kleine oorlog,Louis Paul Boon,1.0000,1986,/books/OL50390969M,Mijn kleine oorlog,,dut,1.0000,9021453436,Querido,1986,,,NOT_PROBED,,,,,NO,NO,155.0000,164.0000,REJECT,No cover candidate.,
NL,TWENTIETH_CENTURY,Louis Paul Boon,1,10,15,/works/OL12398085W,Pieter Daens,Louis Paul Boon,1.0000,1997,/books/OL18371077M,Pieter Daens,of hoe in de negentiende eeuw de arbeiders van Aalst vochten tegen armoede en onrecht.,dut,1.0000,9041330305,Singel Pockets,1997,,,NOT_PROBED,,,,,NO,NO,155.0000,164.0000,REJECT,No cover candidate.,
NL,TWENTIETH_CENTURY,Louis Paul Boon,1,10,15,/works/OL24012332W,Te oud voor kamperen? en andere verhalen,Louis Paul Boon,1.0000,2005,/books/OL31710580M,Te oud voor kamperen? en andere verhalen,,dut,1.0000,9029563052,De Arbeiderspers,2005,,,NOT_PROBED,,,,,NO,NO,155.0000,164.0000,REJECT,No cover candidate.,
NL,TWENTIETH_CENTURY,Louis Paul Boon,1,10,15,/works/OL770656W,"Verzamelde gedichten ; waarin opgenomen, De kleine Eva uit de Kromme Bijlstraat",Louis Paul Boon,1.0000,1979,/books/OL3104267M,"Verzamelde gedichten ; waarin opgenomen, De kleine Eva uit de Kromme Bijlstraat",,dut,1.0000,9029502983,Arbeiderspers,1979,,,NOT_PROBED,,,,,NO,NO,155.0000,164.0000,REJECT,No cover candidate.,
NL,TWENTIETH_CENTURY,Louis Paul Boon,1,10,15,/works/OL24051470W,Wanneer van u nog eens een minne-briefje?,Louis Paul Boon,1.0000,2003,/books/OL31749458M,Wanneer van u nog eens een minne-briefje?,de brieven van Louis Paul Boon aan Richard Minne,dut,1.0000,9080454877,Demian,2003,,,NOT_PROBED,,,,,NO,NO,155.0000,164.0000,REJECT,No cover candidate.,
NL,TWENTIETH_CENTURY,Louis Paul Boon,1,10,15,/works/OL38812148W,Zondagsleven van Pomponneke,Louis Paul Boon,1.0000,1988,/books/OL52844317M,Zondagsleven van Pomponneke,,dut,1.0000,9789071822162,PAN,1988,,,NOT_PROBED,,,,,NO,NO,155.0000,164.0000,REJECT,No cover candidate.,
NL,TWENTIETH_CENTURY,Maarten 't Hart,1,10,15,/works/OL37364921W,De dorstige minnaar,Maarten 't Hart,1.0000,1981,/books/OL50358126M,De dorstige minnaar,en andere verhalen,dut,1.0000,9021495139,Querido,1981,,,NOT_PROBED,,,,,NO,NO,155.0000,164.0000,REJECT,No cover candidate.,
NL,TWENTIETH_CENTURY,Maarten 't Hart,1,10,15,/works/OL16130350W,Dienstreizen van een thuisblijver,Maarten 't Hart,1.0000,2011,/books/OL25015090M,Dienstreizen van een thuisblijver,,dut,1.0000,9789029573580,De Arbeiderspers,2011,,,NOT_PROBED,,,,,NO,NO,155.0000,164.0000,REJECT,No cover candidate.,
NL,TWENTIETH_CENTURY,Maarten 't Hart,1,10,15,/works/OL24029808W,Mozart en de anderen,Maarten 't Hart,1.0000,2006,/books/OL31728124M,Mozart en de anderen,,dut,1.0000,902956329X,Arbeiderspers,2006,,,NOT_PROBED,,,,,NO,NO,155.0000,164.0000,REJECT,No cover candidate.,
NL,TWENTIETH_CENTURY,Marga Minco,1,7,10,/works/OL30800638W,2019,Marga Minco,1.0000,2019,/books/OL42320896M,2019,,dut,1.0000,9789044643183,Prometheus,"Jun 18, 2019",,,NOT_PROBED,,,,,NO,NO,155.0000,164.0000,REJECT,No cover candidate.,
NL,TWENTIETH_CENTURY,Marga Minco,1,7,10,/works/OL33413983W,Achter de muur,Marga Minco,1.0000,2010,/books/OL45323718M,Achter de muur,verzamelde verhalen,dut,1.0000,9789035135055,Bert Bakker,2010,,,NOT_PROBED,,,,,NO,NO,155.0000,164.0000,REJECT,No cover candidate.,
NL,TWENTIETH_CENTURY,Marga Minco,1,7,10,/works/OL2060829W,De val,Marga Minco,1.0000,1983,/books/OL9107669M,De val,,dut,1.0000,9789060199770,Uitgeverij Bert Bakker,1983,,,NOT_PROBED,,,,,NO,NO,155.0000,164.0000,REJECT,No cover candidate.,
NL,TWENTIETH_CENTURY,Marga Minco,1,7,10,/works/OL38852125W,De zon is maar een zeepbel,Marga Minco,1.0000,1990,/books/OL52900051M,De zon is maar een zeepbel,twaalf droomverslagen,dut,1.0000,9789035110205,Bert Bakker,1990,,,NOT_PROBED,,,,,NO,NO,155.0000,164.0000,REJECT,No cover candidate.,
NL,TWENTIETH_CENTURY,Marga Minco,1,7,10,/works/OL34739972W,Een sprong in de tijd / De bedoeling van bevrijding,Marga Minco,1.0000,2008,/books/OL47088718M,Een sprong in de tijd / De bedoeling van bevrijding,,dut,1.0000,9789059650725,Stichting Collectieve Propaganda van het Nederlandse Boek,2008,,,NOT_PROBED,,,,,NO,NO,155.0000,164.0000,REJECT,No cover candidate.,
NL,TWENTIETH_CENTURY,Marga Minco,1,7,10,/works/OL2060832W,Het bittere kruid,Marga Minco,1.0000,1957,/books/OL21947220M,Het bittere kruid,,dut,1.0000,9060309834,J. Van In,1981,,,NOT_PROBED,,,,,NO,NO,155.0000,164.0000,REJECT,No cover candidate.,
NL,TWENTIETH_CENTURY,Marga Minco,1,7,10,/works/OL2060824W,Kijk 'ns in de la,Marga Minco,1.0000,1976,/books/OL4164198M,Kijk 'ns in de la,,dut,1.0000,9023475399,Bezige Bij,1976,,,NOT_PROBED,,,,,NO,NO,155.0000,164.0000,REJECT,No cover candidate.,
NL,TWENTIETH_CENTURY,Marga Minco,1,7,10,/works/OL2060825W,Meneer Frits en andere verhalen uit de vijftiger jaren,Marga Minco,1.0000,1974,/books/OL4821948M,Meneer Frits en andere verhalen uit de vijftiger jaren,,dut,1.0000,9060193237,Bakker,1974,,,NOT_PROBED,,,,,NO,NO,155.0000,164.0000,REJECT,No cover candidate.,
NL,TWENTIETH_CENTURY,Marga Minco,1,7,10,/works/OL43884704W,Na de sterren,Marga Minco,1.0000,2015,/books/OL59831448M,Na de sterren,,dut,1.0000,9789028261112,Uitgeverij Van Oorschot,2015,,,NOT_PROBED,,,,,NO,NO,155.0000,164.0000,REJECT,No cover candidate.,
NL,TWENTIETH_CENTURY,Marga Minco,1,7,10,/works/OL12489527W,Verzamelde verhalen 1951-1981,Marga Minco,1.0000,1982,/books/OL21376220M,Verzamelde verhalen 1951-1981,,dut,1.0000,9035100573,Bert Bakker,1982,,,NOT_PROBED,,,,,NO,NO,155.0000,164.0000,REJECT,No cover candidate.,
NL,TWENTIETH_CENTURY,Oek de Jong,1,7,10,/works/OL1687248W,Cirkel in het gras,Oek de Jong,1.0000,1985,/books/OL2629404M,Cirkel in het gras,roman,dut,1.0000,9029019336,Meulenhoff,1985,,,NOT_PROBED,,,,,NO,NO,155.0000,164.0000,REJECT,No cover candidate.,
NL,TWENTIETH_CENTURY,Oek de Jong,1,7,10,/works/OL1687242W,De hemelvaart van Massimo,Oek de Jong,1.0000,1977,/books/OL4643309M,De hemelvaart van Massimo,verhalen,dut,1.0000,9029008954,Meulenhoff,1977,,,NOT_PROBED,,,,,NO,NO,155.0000,164.0000,REJECT,No cover candidate.,
NL,TWENTIETH_CENTURY,Oek de Jong,1,7,10,/works/OL1687243W,DE HEMELVAART VAN MASSIMO EN LUI OOG,Oek de Jong,1.0000,1982,/books/OL21947758M,DE HEMELVAART VAN MASSIMO EN LUI OOG,VERHALEN.,dut,1.0000,9029010347,MEULENHOFF,1982,,,NOT_PROBED,,,,,NO,NO,155.0000,164.0000,REJECT,No cover candidate.,
NL,TWENTIETH_CENTURY,Oek de Jong,1,7,10,/works/OL32070987W,De magie van het beeld,Oek de Jong,1.0000,2021,/books/OL43799531M,De magie van het beeld,,dut,1.0000,9789462584457,"WBOOKS, [2021]",2021,,,NOT_PROBED,,,,,NO,NO,155.0000,164.0000,REJECT,No cover candidate.,
NL,TWENTIETH_CENTURY,Oek de Jong,1,7,10,/works/OL1687244W,De onbeweeglijke,Oek de Jong,1.0000,2002,/books/OL3753125M,De onbeweeglijke,verhalen,dut,1.0000,9029072229,Meulenhoff,2002,,,NOT_PROBED,,,,,NO,NO,155.0000,164.0000,REJECT,No cover candidate.,
NL,TWENTIETH_CENTURY,Oek de Jong,1,7,10,/works/OL32229442W,De stok,Oek de Jong,1.0000,2012,/books/OL43973505M,De stok,,dut,1.0000,9789063541422,Centrum Beeldende Kunst Zeeland,2012,,,NOT_PROBED,,,,,NO,NO,155.0000,164.0000,REJECT,No cover candidate.,
NL,TWENTIETH_CENTURY,Oek de Jong,1,7,10,/works/OL22625182W,Eckhart nu,Jaap Goedegebuure | Oek de Jong,1.0000,2010,/books/OL30649916M,Eckhart nu,tien visies op Meister Eckhart,dut,1.0000,9789045704487,Augustus,2010,,,NOT_PROBED,,,,,NO,NO,155.0000,164.0000,REJECT,No cover candidate.,
NL,TWENTIETH_CENTURY,Oek de Jong,1,7,10,/works/OL23961645W,Een man die in de toekomst springt,Oek de Jong,1.0000,2004,/books/OL31662806M,Een man die in de toekomst springt,,dut,1.0000,9045702827,Augustus,2004,,,NOT_PROBED,,,,,NO,NO,155.0000,164.0000,REJECT,No cover candidate.,
NL,TWENTIETH_CENTURY,Oek de Jong,1,7,10,/works/OL45056141W,Het glanzend zwart van mosselen,Oek de Jong,1.0000,2020,/books/OL61458978M,Het glanzend zwart van mosselen,"autobiografie, essay, reisverhaal, cultuurkritiek, 1980-2020",dut,1.0000,9789025465957,Uitgeverij Augustus,2020,,,NOT_PROBED,,,,,NO,NO,155.0000,164.0000,REJECT,No cover candidate.,
NL,TWENTIETH_CENTURY,Oek de Jong,1,7,10,/works/OL23523707W,Mooi weer,Oek de Jong,1.0000,1993,/books/OL1044536M,Mooi weer,verhalen van Oek de Jong ... [et al.].,dut,1.0000,9029043741,Meulenhoff,1993,,,NOT_PROBED,,,,,NO,NO,155.0000,164.0000,REJECT,No cover candidate.,
NL,TWENTIETH_CENTURY,Oek de Jong,1,7,10,/works/OL23296707W,Wat alleen de roman kan zeggen,Oek de Jong,1.0000,2013,/books/OL31142892M,Wat alleen de roman kan zeggen,,dut,1.0000,9789025442132,Uitgeverij Augustus,2013,,,NOT_PROBED,,,,,NO,NO,155.0000,164.0000,REJECT,No cover candidate.,
NL,TWENTIETH_CENTURY,Oek de Jong,1,7,10,/works/OL45801436W,Zijn muze was een harpij,Oek de Jong,1.0000,1998,/books/OL62337636M,Zijn muze was een harpij,over het wereldbeeld van W.F. Hermans,dut,1.0000,9057100428,Uitgeverij KU/Nijmegen University Press,1998,,,NOT_PROBED,,,,,NO,NO,155.0000,164.0000,REJECT,No cover candidate.,
NL,TWENTIETH_CENTURY,Remco Campert,1,8,12,/works/OL658346W,Campert compleet,Remco Campert,1.0000,1971,/books/OL5278619M,Campert compleet.,Alle dagen feest. : De jongen met het mes. : Een ellendige nietsnut. : Nacht op de kale dwerg. : Hoe ik mijn verjaardag vierde. : Twee verhalen.,dut,1.0000,9023403738,De Bezige Bij,1971,,,NOT_PROBED,,,,,NO,NO,155.0000,164.0000,REJECT,No cover candidate.,
NL,TWENTIETH_CENTURY,Remco Campert,1,8,12,/works/OL658348W,Camu 1996,Remco Campert,1.0000,1997,/books/OL768989M,Camu 1996,het jaaroverzicht van Remco Campert & Jan Mulder.,dut,1.0000,902343630X,Bezige Bij,1997,,,NOT_PROBED,,,,,NO,NO,155.0000,164.0000,REJECT,No cover candidate.,
NL,TWENTIETH_CENTURY,Remco Campert,1,8,12,/works/OL658349W,CaMu 1997,Remco Campert,1.0000,1998,/books/OL467122M,CaMu 1997,,dut,1.0000,9023437330,Bezige Bij],1998,,,NOT_PROBED,,,,,NO,NO,155.0000,164.0000,REJECT,No cover candidate.,
NL,TWENTIETH_CENTURY,Remco Campert,1,8,12,/works/OL658350W,Celine Van Balen,Remco Campert,1.0000,2002,/books/OL12851859M,Celine Van Balen,,dut | eng,1.0000,9789075574210,"Basalt Publishers,The Netherlands",April 2002,,,NOT_PROBED,,,,,NO,NO,155.0000,164.0000,REJECT,No cover candidate.,
NL,TWENTIETH_CENTURY,Remco Campert,1,8,12,/works/OL32049574W,Collega's,Remco Campert,1.0000,1986,/books/OL43774319M,Collega's,,dut,1.0000,9789023446309,De Bezige Bij,1986,,,NOT_PROBED,,,,,NO,NO,155.0000,164.0000,REJECT,No cover candidate.,
NL,TWENTIETH_CENTURY,Remco Campert,1,8,12,/works/OL658351W,Dagboek van een poes,Remco Campert,1.0000,2007,/books/OL16760377M,Dagboek van een poes,,dut,1.0000,9789023425922,De Bezige Bij,2007,,,NOT_PROBED,,,,,NO,NO,155.0000,164.0000,REJECT,No cover candidate.,
NL,TWENTIETH_CENTURY,Remco Campert,1,8,12,/works/OL658353W,De Harm en Miepje Kurk story,Remco Campert,1.0000,1983,/books/OL3264180M,De Harm en Miepje Kurk story,,dut,1.0000,9023407512,Bezige Bij,1983,,,NOT_PROBED,,,,,NO,NO,155.0000,164.0000,REJECT,No cover candidate.,
NL,TWENTIETH_CENTURY,Remco Campert,1,8,12,/works/OL658355W,De jongen met het mes ; Nacht op de kale dwerg,Remco Campert,1.0000,1974,/books/OL4801928M,De jongen met het mes ; Nacht op de kale dwerg,verhalen,dut,1.0000,9023421361,De Bezige Bij,1974,,,NOT_PROBED,,,,,NO,NO,155.0000,164.0000,REJECT,No cover candidate.,
NL,TWENTIETH_CENTURY,Remco Campert,1,8,12,/works/OL18868292W,De romans en novellen,Remco Campert,1.0000,2004,/books/OL3469482M,De romans en novellen,,dut,1.0000,9023414969,De Bezige Bij,2004,,,NOT_PROBED,,,,,NO,NO,155.0000,164.0000,REJECT,No cover candidate.,
NL,TWENTIETH_CENTURY,Remco Campert,1,8,12,/works/OL658356W,De zomer van de zwarte jurkjes,Remco Campert,1.0000,1996,/books/OL587802M,De zomer van de zwarte jurkjes,,dut,1.0000,9023424727,Bezige Bij,1996,,,NOT_PROBED,,,,,NO,NO,155.0000,164.0000,REJECT,No cover candidate.,
NL,TWENTIETH_CENTURY,Remco Campert,1,8,12,/works/OL24088685W,Een geschenk uit de hemel,Remco Campert,1.0000,2007,/books/OL31785420M,Een geschenk uit de hemel,,dut,1.0000,9789023422365,Bezige Bij,2007,,,NOT_PROBED,,,,,NO,NO,155.0000,164.0000,REJECT,No cover candidate.,
NL,TWENTIETH_CENTURY,Remco Campert,1,8,12,/works/OL658359W,Een liefde in Paris,Remco Campert,1.0000,2004,/books/OL23073630M,Een liefde in Paris,roman,dut,1.0000,9023412389,De Bezige Bij,2004,,,NOT_PROBED,,,,,NO,NO,155.0000,164.0000,REJECT,No cover candidate.,
NL,TWENTIETH_CENTURY,Remco Campert,1,8,12,/works/OL33436222W,Een oud geluid,Remco Campert,1.0000,2011,/books/OL45348034M,Een oud geluid,gedichten,dut,1.0000,9789023462927,De Bezige Bij,2011,,,NOT_PROBED,,,,,NO,NO,155.0000,164.0000,REJECT,No cover candidate.,
NL,TWENTIETH_CENTURY,Remco Campert,1,8,12,/works/OL658362W,Fiebelekwinten,Remco Campert,1.0000,1994,/books/OL843092M,Fiebelekwinten,,dut,1.0000,906169471X,De Harmonie,1994,,,NOT_PROBED,,,,,NO,NO,155.0000,164.0000,REJECT,No cover candidate.,
NL,TWENTIETH_CENTURY,Remco Campert,1,8,12,/works/OL658364W,Gouden dagen,Remco Campert,1.0000,1990,/books/OL1603534M,Gouden dagen,een vertelling,dut,1.0000,9023431383,De Bezige Bij,1990,,,NOT_PROBED,,,,,NO,NO,155.0000,164.0000,REJECT,No cover candidate.,
NL,TWENTIETH_CENTURY,Remco Campert,1,8,12,/works/OL11820157W,Graag gedaan,Remco Campert,1.0000,1990,/books/OL21016375M,Graag gedaan.,,dut,1.0000,9023423852,Uitgeverij de Bezige Bij,1990,,,NOT_PROBED,,,,,NO,NO,155.0000,164.0000,REJECT,No cover candidate.,
NL,TWENTIETH_CENTURY,Remco Campert,1,8,12,/works/OL23231628W,Het verband tussen de dingen ben ik zelf,Remco Campert,1.0000,2012,/books/OL31067776M,Het verband tussen de dingen ben ik zelf,columns,dut,1.0000,9789023473886,De Bezige Bij,2012,,,NOT_PROBED,,,,,NO,NO,155.0000,164.0000,REJECT,No cover candidate.,
NL,TWENTIETH_CENTURY,Remco Campert,1,8,12,/works/OL37339915W,HONDERD DICHTERS UIT VIJFTIEN JAAR POETRY INTERNATIONAL 1970-1984,Remco Campert,1.0000,1984,/books/OL50324194M,HONDERD DICHTERS UIT VIJFTIEN JAAR POETRY INTERNATIONAL 1970-1984,,dut | mul,1.0000,9010050963,MANTEAU,1984,,,NOT_PROBED,,,,,NO,NO,155.0000,164.0000,REJECT,No cover candidate.,
NL,TWENTIETH_CENTURY,Remco Campert,1,8,12,/works/OL40934154W,Ja rozen,Remco Campert,1.0000,2002,/books/OL55624503M,Ja rozen,de mooiste liefdesgedichten,dut,1.0000,9060052471,Thomas Rap,2002,,,NOT_PROBED,,,,,NO,NO,155.0000,164.0000,REJECT,No cover candidate.,
NL,TWENTIETH_CENTURY,Remco Campert,1,8,12,/works/OL658375W,Luister goed naar wat ik verzwijg,Remco Campert,1.0000,1976,/books/OL4637236M,Luister goed naar wat ik verzwijg,gedachten en aforismen uit zijn werk,dut,1.0000,9026436629,Orion,1976,,,NOT_PROBED,,,,,NO,NO,155.0000,164.0000,REJECT,No cover candidate.,
NL,TWENTIETH_CENTURY,Remco Campert,1,8,12,/works/OL658377W,Nieuwe herinneringen,Remco Campert,1.0000,2007,/books/OL16825735M,Nieuwe herinneringen,gedichten,dut,1.0000,9789023426738,De Bezige Bij,2007,,,NOT_PROBED,,,,,NO,NO,155.0000,164.0000,REJECT,No cover candidate.,
NL,TWENTIETH_CENTURY,Remco Campert,1,8,12,/works/OL658379W,Ode aan mijn jas,Remco Campert,1.0000,1997,/books/OL468572M,Ode aan mijn jas,,dut,1.0000,9023447689,Bezige Bij,1997,,,NOT_PROBED,,,,,NO,NO,155.0000,164.0000,REJECT,No cover candidate.,
NL,TWENTIETH_CENTURY,Remco Campert,1,8,12,/works/OL37309913W,Op reis,Remco Campert,1.0000,1974,/books/OL50285329M,Op reis,,dut,1.0000,9061690110,Harmonie,1974,,,NOT_PROBED,,,,,NO,NO,155.0000,164.0000,REJECT,No cover candidate.,
NL,TWENTIETH_CENTURY,Remco Campert,1,8,12,/works/OL658381W,Ratapan = Lamento,Remco Campert,1.0000,1999,/books/OL6818344M,Ratapan = Lamento,,mul | dut | ind,1.0000,9023447972,Bezige Bij,1999,,,NOT_PROBED,,,,,NO,NO,155.0000,164.0000,REJECT,No cover candidate.,
NL,TWENTIETH_CENTURY,Remco Campert,1,8,12,/works/OL658382W,Rechterschoenen,Remco Campert,1.0000,1992,/books/OL1344754M,Rechterschoenen,gedichten,dut,1.0000,9023447050,De Bezige Bij,1992,,,NOT_PROBED,,,,,NO,NO,155.0000,164.0000,REJECT,No cover candidate.,
NL,TWENTIETH_CENTURY,Remco Campert,1,8,12,/works/OL658383W,Scènes in Hotel Morandi,Remco Campert,1.0000,1983,/books/OL2784329M,Scènes in Hotel Morandi,gedichten,dut,1.0000,9023445872,Bezige Bij,1983,,,NOT_PROBED,,,,,NO,NO,155.0000,164.0000,REJECT,No cover candidate.,
NL,TWENTIETH_CENTURY,Remco Campert,1,8,12,/works/OL23952613W,Schrijversleven,Remco Campert,1.0000,2004,/books/OL31654340M,Schrijversleven,dagboekaantekeningen,dut,1.0000,9023416163,De Bezige Bij,2004,,,NOT_PROBED,,,,,NO,NO,155.0000,164.0000,REJECT,No cover candidate.,
NL,TWENTIETH_CENTURY,Remco Campert,1,8,12,/works/OL23340640W,Te vroeg in het seizoen,Remco Campert,1.0000,2014,/books/OL31191519M,Te vroeg in het seizoen,,dut,1.0000,9789023486213,De Bezige Bij,2014,,,NOT_PROBED,,,,,NO,NO,155.0000,164.0000,REJECT,No cover candidate.,
NL,TWENTIETH_CENTURY,Remco Campert,1,8,12,/works/OL24021883W,Tien jaar Nederland,Remco Campert,1.0000,2005,/books/OL31719610M,Tien jaar Nederland,,dut,1.0000,9023418506,De Bezige Bij,2005,,,NOT_PROBED,,,,,NO,NO,155.0000,164.0000,REJECT,No cover candidate.,
NL,TWENTIETH_CENTURY,Remco Campert,1,8,12,/works/OL22958836W,Vandaag ben ik een lege kartonnen doos,Remco Campert,1.0000,2015,/books/OL30865362M,Vandaag ben ik een lege kartonnen doos,,dut,1.0000,9789023490098,De Bezige Bij,2015,,,NOT_PROBED,,,,,NO,NO,155.0000,164.0000,REJECT,No cover candidate.,
NL,TWENTIETH_CENTURY,Remco Campert,1,8,12,/works/OL658387W,Verzamelde verhalen,Remco Campert,1.0000,1971,/books/OL5351672M,Verzamelde verhalen.,,dut,1.0000,9025305156,Athenaeum-Polak & Van Gennep,1971,,,NOT_PROBED,,,,,NO,NO,155.0000,164.0000,REJECT,No cover candidate.,
NL,TWENTIETH_CENTURY,Remco Campert,1,8,12,/works/OL22723565W,"Vrienden, vriendinnen en de rest van de wereld",Remco Campert,1.0000,2012,/books/OL30709207M,"Vrienden, vriendinnen en de rest van de wereld",,dut,1.0000,9789023468882,De Bezige Bij,2012,,,NOT_PROBED,,,,,NO,NO,155.0000,164.0000,REJECT,No cover candidate.,
NL,TWENTIETH_CENTURY,Renate Dorrestein,1,8,12,/works/OL35416311W,De blokkade,Renate Dorrestein,1.0000,2013,/books/OL47839662M,De blokkade,,dut,1.0000,9789057595622,Podium b.v. Uitgeverij,2013-02-25,,,NOT_PROBED,,,,,NO,NO,155.0000,164.0000,REJECT,No cover candidate.,
NL,TWENTIETH_CENTURY,Renate Dorrestein,1,8,12,/works/OL22381969W,De leesclub,Renate Dorrestein,1.0000,2010,/books/OL30467871M,De leesclub,,dut,1.0000,9789025434397,Contact,2010,,,NOT_PROBED,,,,,NO,NO,155.0000,164.0000,REJECT,No cover candidate.,
NL,TWENTIETH_CENTURY,Renate Dorrestein,1,8,12,/works/OL23138500W,De nieuwe man,Renate Dorrestein,1.0000,1990,/books/OL1958504M,De nieuwe man,,dut,1.0000,902366048X,Nijgh & Van Ditmar,1990,,,NOT_PROBED,,,,,NO,NO,155.0000,164.0000,REJECT,No cover candidate.,
NL,TWENTIETH_CENTURY,Renate Dorrestein,1,8,12,/works/OL16573371W,De stiefmoeder,Renate Dorrestein,1.0000,2011,/books/OL25261039M,De stiefmoeder,,dut,1.0000,9789057594601,Podium,2011,,,NOT_PROBED,,,,,NO,NO,155.0000,164.0000,REJECT,No cover candidate.,
NL,TWENTIETH_CENTURY,Renate Dorrestein,1,8,12,/works/OL1667575W,Een nacht om te vliegeren,Renate Dorrestein,1.0000,1987,/books/OL2476196M,Een nacht om te vliegeren,,dut,1.0000,9025467539,Contact,1987,,,NOT_PROBED,,,,,NO,NO,155.0000,164.0000,REJECT,No cover candidate.,
NL,TWENTIETH_CENTURY,Renate Dorrestein,1,8,12,/works/OL42665021W,Haar kop eraf!,Renate Dorrestein,1.0000,1989,/books/OL58010516M,Haar kop eraf!,Alice als ideale heldin voor hedendaagse feministes,dut,1.0000,9051880227,Perdu,1989,,,NOT_PROBED,,,,,NO,NO,155.0000,164.0000,REJECT,No cover candidate.,
NL,TWENTIETH_CENTURY,Renate Dorrestein,1,8,12,/works/OL33403785W,Heiligenlevens en bananenpitten,Renate Dorrestein,1.0000,2009,/books/OL45312758M,Heiligenlevens en bananenpitten,,dut,1.0000,9789085161646,B for books,2009,,,NOT_PROBED,,,,,NO,NO,155.0000,164.0000,REJECT,No cover candidate.,
NL,TWENTIETH_CENTURY,Renate Dorrestein,1,8,12,/works/OL1667578W,Het duister dat ons scheidt,Renate Dorrestein,1.0000,2003,/books/OL3349832M,Het duister dat ons scheidt,,dut,1.0000,9025417043,Contact,2003,,,NOT_PROBED,,,,,NO,NO,155.0000,164.0000,REJECT,No cover candidate.,
NL,TWENTIETH_CENTURY,Renate Dorrestein,1,8,12,/works/OL1667593W,Het geheim van de schrijver,Renate Dorrestein,1.0000,1999,/books/OL6839885M,Het geheim van de schrijver,,dut,1.0000,9025498949,Contact,1999,,,NOT_PROBED,,,,,NO,NO,155.0000,164.0000,REJECT,No cover candidate.,
NL,TWENTIETH_CENTURY,Renate Dorrestein,1,8,12,/works/OL35614498W,Laat me niet alleen,Renate Dorrestein,1.0000,2008,/books/OL48052940M,Laat me niet alleen,,dut,1.0000,9789059650633,Stichting Collectieve Propaganda van het Nederlandse Boek,2008,,,NOT_PROBED,,,,,NO,NO,155.0000,164.0000,REJECT,No cover candidate.,
NL,TWENTIETH_CENTURY,Renate Dorrestein,1,8,12,/works/OL45094200W,Onder de motorkap van het schrijverschap,Renate Dorrestein,1.0000,2017,/books/OL61502962M,Onder de motorkap van het schrijverschap,Het geheim van de schrijver & De blokkade,dut,1.0000,9789021406374,Querido,2017,,,NOT_PROBED,,,,,NO,NO,155.0000,164.0000,REJECT,No cover candidate.,
NL,TWENTIETH_CENTURY,Renate Dorrestein,1,8,12,/works/OL33694467W,Reddende engel,Renate Dorrestein,1.0000,2017,/books/OL45657787M,Reddende engel,,dut,1.0000,9789057598609,Podium b.v. Uitgeverij,2017-09-04,,,NOT_PROBED,,,,,NO,NO,155.0000,164.0000,REJECT,No cover candidate.,
NL,TWENTIETH_CENTURY,Renate Dorrestein,1,8,12,/works/OL38826227W,Vóór alles een dame,Renate Dorrestein,1.0000,1989,/books/OL52863987M,Vóór alles een dame,een vrolijke geschiedenis in dagelijkse afleveringen,dut,1.0000,9789025467388,Contact,1989,,,NOT_PROBED,,,,,NO,NO,155.0000,164.0000,REJECT,No cover candidate.,
NL,TWENTIETH_CENTURY,Renate Dorrestein,1,8,12,/works/OL1667588W,Vreemde streken,Renate Dorrestein,1.0000,1984,/books/OL2983211M,Vreemde streken,,dut,1.0000,9025465196,Contact,1984,,,NOT_PROBED,,,,,NO,NO,155.0000,164.0000,REJECT,No cover candidate.,
NL,TWENTIETH_CENTURY,Renate Dorrestein,1,8,12,/works/OL22934804W,Weerwater,Renate Dorrestein,1.0000,2015,/books/OL30841945M,Weerwater,,dut,1.0000,9789057597121,Uitgeverij Podium,2015,,,NOT_PROBED,,,,,NO,NO,155.0000,164.0000,REJECT,No cover candidate.,
NL,TWENTIETH_CENTURY,Harry Mulisch,1,12,18,/works/OL659069W,De wijn in drinkbaar dank zij het glas,Harry Mulisch,1.0000,1976,/books/OL2289900M,De wijn is drinkbaar dank zij het glas,,dut,0.9737,9023446267,Bezige Bij,1986,,,NOT_PROBED,,,,,NO,NO,154.4737,163.4737,REJECT,No cover candidate.,
NL,TWENTIETH_CENTURY,Harry Mulisch,1,12,18,/works/OL659048W,De compositie van de wereld,Harry Mulisch,1.0000,1980,/books/OL2449469M,Bijlage bij de eerste druk van De compositie van de wereld,,dut,0.9600,9023453085,Bezige Bij,1986,,,NOT_PROBED,,,,,NO,NO,154.2000,163.2000,REJECT,No cover candidate.,
NL,TWENTIETH_CENTURY,Oek de Jong,1,7,10,/works/OL3587437W,De i nktvis,Oek de Jong,1.0000,1993,/books/OL9097490M,De inktvis,Novellen,dut,0.9524,9789029048033,Meulenhoff,1993,,,NOT_PROBED,,,,,NO,NO,154.0476,163.0476,REJECT,No cover candidate.,
NL,TWENTIETH_CENTURY,Louis Paul Boon,1,10,15,/works/OL34802576W,Verzameld werk Louis Paul Boon 8,Louis Paul Boon,1.0000,2007,/books/OL47155015M,Verzameld werk Louis Paul Boon 8,De bende van Jan de Lichte ; De zoon van Jan de Lichte,dut,1.0000,9789029564922,De Arbeiderspers,"Mar 16, 2007",,13560169,NOT_PROBED,,,,,YES,NO,147.0000,156.0000,REVIEW,Collected/omnibus work requires review.,
NL,TWENTIETH_CENTURY,Cees Nooteboom,1,10,15,/works/OL643654W,De Parijse beroerte,Cees Nooteboom,1.0000,1968,/books/OL18154005M,De Parijse beroerte.,,dut,1.0000,,De Bezige Bij,1968,,,NOT_PROBED,,,,,NO,NO,149.0000,153.0000,REJECT,No cover candidate.,
NL,TWENTIETH_CENTURY,Cees Nooteboom,1,10,15,/works/OL643662W,Een middag in Bruay,Cees Nooteboom,1.0000,1963,/books/OL5592219M,Een middag in Bruay.,,dut,1.0000,,De Bezige Bij,1963,,,NOT_PROBED,,,,,NO,NO,149.0000,153.0000,REJECT,No cover candidate.,
NL,TWENTIETH_CENTURY,Cees Nooteboom,1,10,15,/works/OL643663W,Een ochtend in Bahia,Cees Nooteboom,1.0000,1968,/books/OL5380528M,Een ochtend in Bahia.,,dut,1.0000,,De Bezige Bij,1968,,,NOT_PROBED,,,,,NO,NO,149.0000,153.0000,REJECT,No cover candidate.,
NL,TWENTIETH_CENTURY,Cees Nooteboom,1,10,15,/works/OL643667W,Fantasma,Cees Nooteboom,1.0000,1983,/books/OL2639927M,Fantasma,,dut,1.0000,,Bonnefant,1983,,,NOT_PROBED,,,,,NO,NO,149.0000,153.0000,REJECT,No cover candidate.,
NL,TWENTIETH_CENTURY,Cees Nooteboom,1,10,15,/works/OL643727W,Het volgende verhaal,Cees Nooteboom,1.0000,1991,/books/OL1330387M,Het volgende verhaal,,dut,1.0000,,Arbeiderspers,1991,,,NOT_PROBED,,,,,NO,NO,149.0000,153.0000,REJECT,No cover candidate.,
NL,TWENTIETH_CENTURY,Cees Nooteboom,1,10,15,/works/OL42384255W,Toon Michiels,Cees Nooteboom,1.0000,1987,/books/OL57503271M,Toon Michiels,reisfoto's,dut,1.0000,,Museum voor Hedendaagse Kunst,1987,,,NOT_PROBED,,,,,NO,NO,149.0000,153.0000,REJECT,No cover candidate.,
NL,TWENTIETH_CENTURY,Gerard Reve,1,10,15,/works/OL43584177W,De laatste jaren van mijn grootvader. De ondergang van de familie Boslowits. De avonden. Werther Nieland,Gerard Reve,1.0000,1956,/books/OL59411047M,De laatste jaren van mijn grootvader. De ondergang van de familie Boslowits. De avonden. Werther Nieland,,dut,1.0000,,Van Oôrschot,1956,,,NOT_PROBED,,,,,NO,NO,149.0000,153.0000,REJECT,No cover candidate.,
NL,TWENTIETH_CENTURY,Gerard Reve,1,10,15,/works/OL38720580W,De ondergang van de familie Boslowits,Gerard Reve,1.0000,1950,/books/OL52713682M,De ondergang van de familie Boslowits,,dut,1.0000,,De Bezige Bij,1950,,,NOT_PROBED,,,,,NO,NO,149.0000,153.0000,REJECT,No cover candidate.,
NL,TWENTIETH_CENTURY,Harry Mulisch,1,12,18,/works/OL38752431W,Bericht aan de rattenkoning,Harry Mulisch,1.0000,1967,/books/OL52759682M,Bericht aan de rattenkoning,,dut,1.0000,,De Bezige Bij,1967,,,NOT_PROBED,,,,,NO,NO,149.0000,153.0000,REJECT,No cover candidate.,
NL,TWENTIETH_CENTURY,Harry Mulisch,1,12,18,/works/OL38718950W,Chantage op het leven,Harry Mulisch,1.0000,1951,/books/OL52711562M,Chantage op het leven,,dut,1.0000,,De Bezige bij,1951,,,NOT_PROBED,,,,,NO,NO,149.0000,153.0000,REJECT,No cover candidate.,
NL,TWENTIETH_CENTURY,Harry Mulisch,1,12,18,/works/OL38718952W,De diamant,Harry Mulisch,1.0000,1954,/books/OL52711564M,De diamant,een voorbeeldige geschiedenis,dut,1.0000,,Uitgeverij De Bezige bij,1954,,,NOT_PROBED,,,,,NO,NO,149.0000,153.0000,REJECT,No cover candidate.,
NL,TWENTIETH_CENTURY,Harry Mulisch,1,12,18,/works/OL38718965W,De sprong der paarden & de zoete zee,Harry Mulisch,1.0000,1955,/books/OL52711585M,De sprong der paarden & de zoete zee,novelle,dut,1.0000,,De Beuk,1955,,,NOT_PROBED,,,,,NO,NO,149.0000,153.0000,REJECT,No cover candidate.,
NL,TWENTIETH_CENTURY,Harry Mulisch,1,12,18,/works/OL43811822W,De sprong der paarden en de zoete zee,Harry Mulisch,1.0000,1964,/books/OL59723817M,De sprong der paarden en de zoete zee,,dut,1.0000,,Meulenhoff,1964,,,NOT_PROBED,,,,,NO,NO,149.0000,153.0000,REJECT,No cover candidate.,
NL,TWENTIETH_CENTURY,Harry Mulisch,1,12,18,/works/OL659067W,De verteller verteld,Harry Mulisch,1.0000,1971,/books/OL5373303M,De verteller verteld.,"Kommentaar, Katalogus, Kuriosa en een Katastrofestuk.",dut,1.0000,,De Bezige Bij,1971,,,NOT_PROBED,,,,,NO,NO,149.0000,153.0000,REJECT,No cover candidate.,
NL,TWENTIETH_CENTURY,Harry Mulisch,1,12,18,/works/OL659090W,Het woord bij de daad,Harry Mulisch,1.0000,1968,/books/OL4517569M,Het woord bij de daad,Getuigenis van de revolutie op Cuba.,dut,1.0000,,De Bezige Bij,1968,,,NOT_PROBED,,,,,NO,NO,149.0000,153.0000,REJECT,No cover candidate.,
NL,TWENTIETH_CENTURY,Harry Mulisch,1,12,18,/works/OL37345480W,Het zwarte licht,Harry Mulisch,1.0000,1956,/books/OL52711594M,Het zwarte licht,kleine roman,dut,1.0000,,De Bezige Bij,1956,,,NOT_PROBED,,,,,NO,NO,149.0000,153.0000,REJECT,No cover candidate.,
NL,TWENTIETH_CENTURY,Harry Mulisch,1,12,18,/works/OL43581868W,Israel is zelf een mens,Harry Mulisch,1.0000,1969,/books/OL59408118M,Israel is zelf een mens,Onzakelijke notities uit de zaak 40/61,dut,1.0000,,Bakker [Daamen,1969,,,NOT_PROBED,,,,,NO,NO,149.0000,153.0000,REJECT,No cover candidate.,
NL,TWENTIETH_CENTURY,Harry Mulisch,1,12,18,/works/OL38718962W,Manifesten,Harry Mulisch,1.0000,1958,/books/OL52711581M,Manifesten,,dut,1.0000,,Heijnis,1958,,,NOT_PROBED,,,,,NO,NO,149.0000,153.0000,REJECT,No cover candidate.,
NL,TWENTIETH_CENTURY,Harry Mulisch,1,12,18,/works/OL37313566W,Wat gebeurde er met sergeant Massuro?,Harry Mulisch,1.0000,1972,/books/OL50289767M,Wat gebeurde er met sergeant Massuro?,Verhalen,dut,1.0000,,De Bezige Bij,1972,,,NOT_PROBED,,,,,NO,NO,149.0000,153.0000,REJECT,No cover candidate.,
NL,TWENTIETH_CENTURY,Harry Mulisch,1,12,18,/works/OL659118W,Wenken voor de Jongste Dag,Harry Mulisch,1.0000,1967,/books/OL5583224M,Wenken voor de Jongste Dag.,,dut,1.0000,,De Bezige Bij,1967,,,NOT_PROBED,,,,,NO,NO,149.0000,153.0000,REJECT,No cover candidate.,
NL,TWENTIETH_CENTURY,Harry Mulisch,1,12,18,/works/OL659130W,"Woorden, woorden, woorden",Harry Mulisch,1.0000,1973,/books/OL5501594M,"Woorden, woorden, woorden.",,dut,1.0000,,De Bezige Bij,1973,,,NOT_PROBED,,,,,NO,NO,149.0000,153.0000,REJECT,No cover candidate.,
NL,TWENTIETH_CENTURY,Hella S. Haasse,1,10,15,/works/OL1348406W,De meermin,Hella S. Haasse,1.0000,1962,/books/OL20260778M,De meermin,roman,dut,1.0000,,E. Querido's Uitgeverij N.V.,1962,,,NOT_PROBED,,,,,NO,NO,149.0000,153.0000,REJECT,No cover candidate.,
NL,TWENTIETH_CENTURY,Hella S. Haasse,1,10,15,/works/OL19687273W,Een draad in het donker,Hella S. Haasse,1.0000,1963,/books/OL52714063M,Een draad in het donker,een toneelspel in drie bedrijven,dut,1.0000,,B. Querido,1963,,,NOT_PROBED,,,,,NO,NO,149.0000,153.0000,REJECT,No cover candidate.,
NL,TWENTIETH_CENTURY,Hella S. Haasse,1,10,15,/works/OL1348382W,"Een  kom water, een test vuur",Hella S. Haasse,1.0000,1959,/books/OL5785241M,"Een  kom water, een test vuur.",,dut,1.0000,,Moussault,1959,,,NOT_PROBED,,,,,NO,NO,149.0000,153.0000,REJECT,No cover candidate.,
NL,TWENTIETH_CENTURY,Hella S. Haasse,1,10,15,/works/OL1348388W,Het woud der verwachting,Hella S. Haasse,1.0000,1968,/books/OL5677905M,Het woud der verwachting.,Het leven van Charles van Orléans.,dut,1.0000,,Em. Querido,1968,,,NOT_PROBED,,,,,NO,NO,149.0000,153.0000,REJECT,No cover candidate.,
NL,TWENTIETH_CENTURY,Hella S. Haasse,1,10,15,/works/OL1348391W,Leestekens,Hella S. Haasse,1.0000,1965,/books/OL4812784M,Leestekens,,dut,1.0000,,E. Querido,1965,,,NOT_PROBED,,,,,NO,NO,149.0000,153.0000,REJECT,No cover candidate.,
NL,TWENTIETH_CENTURY,Hella S. Haasse,1,10,15,/works/OL20329763W,Oeroeg,Hella S. Haasse,1.0000,1966,/books/OL58688368M,Oeroeg,,dut,1.0000,,EM. Querido's Uitgeverij N.V.,1966,,,NOT_PROBED,,,,,NO,NO,149.0000,153.0000,REJECT,No cover candidate.,
NL,TWENTIETH_CENTURY,Hella S. Haasse,1,10,15,/works/OL6283902W,Persoonsbewijs,Hella S. Haasse,1.0000,1967,/books/OL5669416M,Persoonsbewijs.,,dut,1.0000,,Desclée de Brouwer,1967,,,NOT_PROBED,,,,,NO,NO,149.0000,153.0000,REJECT,No cover candidate.,
NL,TWENTIETH_CENTURY,Hella S. Haasse,1,10,15,/works/OL1348393W,Professor Teeuwprijs 1994,Hella S. Haasse,1.0000,1994,/books/OL862798M,Professor Teeuwprijs 1994,Indonesiërs in Indië,dut,1.0000,,KITLV,1994,,,NOT_PROBED,,,,,NO,NO,149.0000,153.0000,REJECT,No cover candidate.,
NL,TWENTIETH_CENTURY,Hella S. Haasse,1,10,15,/works/OL1348397W,Tweemaal Vestdijk,Hella S. Haasse,1.0000,1970,/books/OL17365835M,Tweemaal Vestdijk.,Essays.  I. In de ban van het glinsterende. II. De Griekse romans.  [Door] Hella S. Hasse. Ingel. door C.J.E. Dinaux.,dut,1.0000,,Querido,1970,,,NOT_PROBED,,,,,NO,NO,149.0000,153.0000,REJECT,No cover candidate.,
NL,TWENTIETH_CENTURY,Hella S. Haasse,1,10,15,/works/OL1348398W,Tweemaal Vestijk,Hella S. Haasse,1.0000,1970,/books/OL5729595M,Tweemaal Vestijk.,,dut,1.0000,,Querido,1970,,,NOT_PROBED,,,,,NO,NO,149.0000,153.0000,REJECT,No cover candidate.,
NL,TWENTIETH_CENTURY,Hella S. Haasse,1,10,15,/works/OL1348402W,Zelfportret als legkaart,Hella S. Haasse,1.0000,1954,/books/OL208081M,Zelfportret als legkaart,,dut,1.0000,,Bezige Bij,1954,,,NOT_PROBED,,,,,NO,NO,149.0000,153.0000,REJECT,No cover candidate.,
NL,TWENTIETH_CENTURY,Hella S. Haasse,1,10,15,/works/OL1348403W,"Zelfstandig, bijvoeglijk",Hella S. Haasse,1.0000,1972,/books/OL19814142M,"Zelfstandig, bijvoeglijk.","Zeven essays over schrijvers, schrijfsters en hun personages.",dut,1.0000,,Querido,1972,,,NOT_PROBED,,,,,NO,NO,149.0000,153.0000,REJECT,No cover candidate.,
NL,TWENTIETH_CENTURY,Hugo Claus,1,12,18,/works/OL11012079W,Acht toneelstukken,Hugo Claus,1.0000,1966,/books/OL20553060M,Acht toneelstukken.,,dut,1.0000,,De Bezige Bij,1966,,,NOT_PROBED,,,,,NO,NO,149.0000,153.0000,REJECT,No cover candidate.,
NL,TWENTIETH_CENTURY,Hugo Claus,1,12,18,/works/OL15056299W,Alibi,Hugo Claus,1.0000,1985,/books/OL2282589M,Alibi,,dut,1.0000,,Bezige Bij,1985,,,NOT_PROBED,,,,,NO,NO,149.0000,153.0000,REJECT,No cover candidate.,
NL,TWENTIETH_CENTURY,Hugo Claus,1,12,18,/works/OL15056303W,Claustrum,Hugo Claus,1.0000,1980,/books/OL3127744M,Claustrum,222 knittelverzen,dut,1.0000,,Pink Editions & Productions,1980,,,NOT_PROBED,,,,,NO,NO,149.0000,153.0000,REJECT,No cover candidate.,
NL,TWENTIETH_CENTURY,Hugo Claus,1,12,18,/works/OL165537W,De Metsiers,Hugo Claus,1.0000,1950,/books/OL22901836M,De Metsiers.,,dut,1.0000,,A. Manteau,1950,,,NOT_PROBED,,,,,NO,NO,149.0000,153.0000,REJECT,No cover candidate.,
NL,TWENTIETH_CENTURY,Hugo Claus,1,12,18,/works/OL15056316W,De Spaanse hoer,Hugo Claus,1.0000,1970,/books/OL4629007M,De Spaanse hoer.,Toneelstuk naar La Celestina van Fernando de Rojas.,dut,1.0000,,De Bezige Bij,1970,,,NOT_PROBED,,,,,NO,NO,149.0000,153.0000,REJECT,No cover candidate.,
NL,TWENTIETH_CENTURY,Hugo Claus,1,12,18,/works/OL38873228W,De vijanden,Hugo Claus,1.0000,1967,/books/OL52929953M,De vijanden,Cinéroman,dut,1.0000,,De Bezige Bij,1967,,,NOT_PROBED,,,,,NO,NO,149.0000,153.0000,REJECT,No cover candidate.,
NL,TWENTIETH_CENTURY,Hugo Claus,1,12,18,/works/OL37331096W,DE VLUCHTENDE ATALANTA,Hugo Claus,1.0000,1977,/books/OL50312372M,DE VLUCHTENDE ATALANTA,,dut,1.0000,,PINK EDITIONS & PRODUCTIONS,1977,,,NOT_PROBED,,,,,NO,NO,149.0000,153.0000,REJECT,No cover candidate.,
NL,TWENTIETH_CENTURY,Hugo Claus,1,12,18,/works/OL165540W,De zwarte keizer,Hugo Claus,1.0000,1958,/books/OL22925422M,De zwarte keizer,verhalen.,dut,1.0000,,De Bezige Bij,1958,,,NOT_PROBED,,,,,NO,NO,149.0000,153.0000,REJECT,No cover candidate.,
NL,TWENTIETH_CENTURY,Hugo Claus,1,12,18,/works/OL11012083W,Der verwondering,Hugo Claus,1.0000,1962,/books/OL20553077M,Der verwondering,roman.,dut,1.0000,,De Bezige Bij,1962,,,NOT_PROBED,,,,,NO,NO,149.0000,153.0000,REJECT,No cover candidate.,
NL,TWENTIETH_CENTURY,Hugo Claus,1,12,18,/works/OL165543W,Gedichten,Hugo Claus,1.0000,1965,/books/OL5347543M,Gedichten.,,dut,1.0000,,De Bezige Bij,1965,,,NOT_PROBED,,,,,NO,NO,149.0000,153.0000,REJECT,No cover candidate.,
NL,TWENTIETH_CENTURY,Hugo Claus,1,12,18,/works/OL16778869M,"Gedichten, 1948-1963",Hugo Claus,1.0000,1965,/books/OL16778869M,"Gedichten, 1948-1963",Hugo Claus.,dut,1.0000,,Bezige Bij,1965,,,NOT_PROBED,,,,,NO,NO,149.0000,153.0000,REJECT,No cover candidate.,
NL,TWENTIETH_CENTURY,Hugo Claus,1,12,18,/works/OL38873217W,Het Goudland,Hugo Claus,1.0000,1966,/books/OL52929942M,Het Goudland,Spel naar de roman van Hendrik Conscience,dut,1.0000,,De Bezige Bij,1966,,,NOT_PROBED,,,,,NO,NO,149.0000,153.0000,REJECT,No cover candidate.,
NL,TWENTIETH_CENTURY,Hugo Claus,1,12,18,/works/OL37310270W,Het goudland; Uilenspiegel; Masscheroen,Hugo Claus,1.0000,1975,/books/OL50285763M,Het goudland; Uilenspiegel; Masscheroen,,dut,1.0000,,Contact,1975,,,NOT_PROBED,,,,,NO,NO,149.0000,153.0000,REJECT,No cover candidate.,
NL,TWENTIETH_CENTURY,Hugo Claus,1,12,18,/works/OL38873222W,Het jaar van de kreeft,Hugo Claus,1.0000,1973,/books/OL52929946M,Het jaar van de kreeft,een romance,dut,1.0000,,De Bezige Bij,1973,,,NOT_PROBED,,,,,NO,NO,149.0000,153.0000,REJECT,No cover candidate.,
NL,TWENTIETH_CENTURY,Hugo Claus,1,12,18,/works/OL38873223W,Interieur. Toneelstuk,Hugo Claus,1.0000,1971,/books/OL52929948M,Interieur. Toneelstuk,,dut,1.0000,,De Bezige Bij,1971,,,NOT_PROBED,,,,,NO,NO,149.0000,153.0000,REJECT,No cover candidate.,
NL,TWENTIETH_CENTURY,Hugo Claus,1,12,18,/works/OL165551W,Masscheroen,Hugo Claus,1.0000,1968,/books/OL21829710M,Masscheroen,Een spel,dut,1.0000,,De Bezige Bij,1968,,,NOT_PROBED,,,,,NO,NO,149.0000,153.0000,REJECT,No cover candidate.,
NL,TWENTIETH_CENTURY,Hugo Claus,1,12,18,/works/OL15056366W,Omtrent Deedee; roman,Hugo Claus,1.0000,1963,/books/OL5592578M,Omtrent Deedee; roman.,,dut,1.0000,,De Bezige Bij,1963,,,NOT_PROBED,,,,,NO,NO,149.0000,153.0000,REJECT,No cover candidate.,
NL,TWENTIETH_CENTURY,Hugo Claus,1,12,18,/works/OL11012089W,Oog om oog,Hugo Claus,1.0000,1964,/books/OL19169563M,Oog om oog,,dut,1.0000,,De Bezige Bij,1964,,,NOT_PROBED,,,,,NO,NO,149.0000,153.0000,REJECT,No cover candidate.,
NL,TWENTIETH_CENTURY,Hugo Claus,1,12,18,/works/OL15056379W,Suiker,Hugo Claus,1.0000,1975,/books/OL4638839M,Suiker,toneelspel,dut,1.0000,,De Bezige Bij,1975,,,NOT_PROBED,,,,,NO,NO,149.0000,153.0000,REJECT,No cover candidate.,
NL,TWENTIETH_CENTURY,Hugo Claus,1,12,18,/works/OL165555W,Tand om tand,Hugo Claus,1.0000,1970,/books/OL19906811M,Tand om tand.,Een spiegelsevecht.,dut,1.0000,,De Bezige Bij,1970,,,NOT_PROBED,,,,,NO,NO,149.0000,153.0000,REJECT,No cover candidate.,
NL,TWENTIETH_CENTURY,Hugo Claus,1,12,18,/works/OL15056386W,Vrijdag,Hugo Claus,1.0000,1969,/books/OL4366586M,Vrijdag.,Toneelstuk in vijf scènes.,dut,1.0000,,De Bezige Bij,1969,,,NOT_PROBED,,,,,NO,NO,149.0000,153.0000,REJECT,No cover candidate.,
NL,TWENTIETH_CENTURY,Jan Wolkers,1,10,15,/works/OL38722039W,De Babel,Jan Wolkers,1.0000,1963,/books/OL52716660M,De Babel,toneelstuk in drie bedrijven,dut,1.0000,,Uitg. voor J.M. Meulenhoff door Bezige bij,1963,,,NOT_PROBED,,,,,NO,NO,149.0000,153.0000,REJECT,No cover candidate.,
NL,TWENTIETH_CENTURY,Jan Wolkers,1,10,15,/works/OL1713939W,De hond met de blauwe tong,Jan Wolkers,1.0000,1964,/books/OL5650566M,De hond met de blauwe tong.,,dut,1.0000,,J.M. Meulenhoff,1966,,,NOT_PROBED,,,,,NO,NO,149.0000,153.0000,REJECT,No cover candidate.,
NL,TWENTIETH_CENTURY,Jan Wolkers,1,10,15,/works/OL1713925W,Groeten van Rottumperplaat,Jan Wolkers,1.0000,1971,/books/OL18341586M,Groeten van Rottumperplaat.,,dut,1.0000,,Elsevier,1971,,,NOT_PROBED,,,,,NO,NO,149.0000,153.0000,REJECT,No cover candidate.,
NL,TWENTIETH_CENTURY,Jan Wolkers,1,10,15,/works/OL1713926W,Het afschuwelijkste,Jan Wolkers,1.0000,1967,/books/OL18929613M,Het afschuwelijkste,,dut,1.0000,,Meulenhoff,1967,,,NOT_PROBED,,,,,NO,NO,149.0000,153.0000,REJECT,No cover candidate.,
NL,TWENTIETH_CENTURY,Jan Wolkers,1,10,15,/works/OL38873171W,Het afschuwelijkste uit Jan Wolkers,Jan Wolkers,1.0000,1967,/books/OL52929888M,Het afschuwelijkste uit Jan Wolkers,,dut,1.0000,,Meulenhoff [Nederland,1969,,,NOT_PROBED,,,,,NO,NO,149.0000,153.0000,REJECT,No cover candidate.,
NL,TWENTIETH_CENTURY,Jan Wolkers,1,10,15,/works/OL19687484W,Horrible tango,Jan Wolkers,1.0000,1967,/books/OL26903431M,Horrible tango,,dut,1.0000,,Meulenhoff,1967,,,NOT_PROBED,,,,,NO,NO,149.0000,153.0000,REJECT,No cover candidate.,
NL,TWENTIETH_CENTURY,Jan Wolkers,1,10,15,/works/OL1713929W,Kort Amerikaans; roman,Jan Wolkers,1.0000,1965,/books/OL5344238M,Kort Amerikaans; roman.,,dut,1.0000,,J. M. Meulenhoff,1965,,,NOT_PROBED,,,,,NO,NO,149.0000,153.0000,REJECT,No cover candidate.,
NL,TWENTIETH_CENTURY,Jan Wolkers,1,10,15,/works/OL1713935W,Wegens sterfgeval gesloten,Jan Wolkers,1.0000,1967,/books/OL19705599M,Wegens sterfgeval gesloten,commedia della morte.,dut,1.0000,,J.M. Neulenhoff,1967,,,NOT_PROBED,,,,,NO,NO,149.0000,153.0000,REJECT,No cover candidate.,
NL,TWENTIETH_CENTURY,Jeroen Brouwers,1,9,13,/works/OL702793W,De toteltuin,Jeroen Brouwers,1.0000,1968,/books/OL22900806M,De toteltuin,gevallen van de sfinx,dut,1.0000,,Manteau,1968,,,NOT_PROBED,,,,,NO,NO,149.0000,153.0000,REJECT,No cover candidate.,
NL,TWENTIETH_CENTURY,Jeroen Brouwers,1,9,13,/works/OL38716440W,Het mes op de keel,Jeroen Brouwers,1.0000,1964,/books/OL52708160M,Het mes op de keel,,dut,1.0000,,Manteau,1964,,,NOT_PROBED,,,,,NO,NO,149.0000,153.0000,REJECT,No cover candidate.,
NL,TWENTIETH_CENTURY,Jeroen Brouwers,1,9,13,/works/OL38869106W,Joris Ockeloen en het wachten,Jeroen Brouwers,1.0000,1967,/books/OL52924040M,Joris Ockeloen en het wachten,Een lotgeval,dut,1.0000,,Manteau,1967,,,NOT_PROBED,,,,,NO,NO,149.0000,153.0000,REJECT,No cover candidate.,
NL,TWENTIETH_CENTURY,Jeroen Brouwers,1,9,13,/works/OL37308908W,Werk van nu,Jeroen Brouwers,1.0000,1968,/books/OL50283838M,Werk van nu,3 : Nederlandse auteurs,dut,1.0000,,Manteau,1968,,,NOT_PROBED,,,,,NO,NO,149.0000,153.0000,REJECT,No cover candidate.,
NL,TWENTIETH_CENTURY,Louis Paul Boon,1,10,15,/works/OL770605W,3 [I. e. Drie] mensen tussen muren,Louis Paul Boon,1.0000,1969,/books/OL18880335M,3 [I. e. Drie] mensen tussen muren.,Een roman in lino.  [Door] Lowie.  [Illus. Louis Paul Boon.],dut,1.0000,,Em. Querido,1969,,,NOT_PROBED,,,,,NO,NO,149.0000,153.0000,REJECT,No cover candidate.,
NL,TWENTIETH_CENTURY,Louis Paul Boon,1,10,15,/works/OL770606W,90 mensen,Louis Paul Boon,1.0000,1970,/books/OL5517401M,90 mensen.,Bekende en minder bekende.,dut,1.0000,,De Arbeiderspers,1970,,,NOT_PROBED,,,,,NO,NO,149.0000,153.0000,REJECT,No cover candidate.,
NL,TWENTIETH_CENTURY,Louis Paul Boon,1,10,15,/works/OL770660W,Abel Gholaerts,Louis Paul Boon,1.0000,1944,/books/OL232999M,Abel Gholaerts,,dut,1.0000,,A. Manteau,1944,,,NOT_PROBED,,,,,NO,NO,149.0000,153.0000,REJECT,No cover candidate.,
NL,TWENTIETH_CENTURY,Louis Paul Boon,1,10,15,/works/OL770609W,Als het onkruid bloeit,Louis Paul Boon,1.0000,1972,/books/OL5366252M,Als het onkruid bloeit.,,dut,1.0000,,De Arbeiderspers,1972,,,NOT_PROBED,,,,,NO,NO,149.0000,153.0000,REJECT,No cover candidate.,
NL,TWENTIETH_CENTURY,Louis Paul Boon,1,10,15,/works/OL43082082W,Blauwbaardje in wonderland,Louis Paul Boon,1.0000,1963,/books/OL58683489M,Blauwbaardje in wonderland,en andere grimmige sprookjes voor verdorven kinderen,dut,1.0000,,Arbeiderspers,1963,,,NOT_PROBED,,,,,NO,NO,149.0000,153.0000,REJECT,No cover candidate.,
NL,TWENTIETH_CENTURY,Louis Paul Boon,1,10,15,/works/OL770612W,Boon-apartjes,Louis Paul Boon,1.0000,1971,/books/OL18284111M,Boon-apartjes.,"Aforismen, citaten en uitspraken.  Verzameld door Gerd de Ley.",dut,1.0000,,Bruna,1971,,,NOT_PROBED,,,,,NO,NO,149.0000,153.0000,REJECT,No cover candidate.,
NL,TWENTIETH_CENTURY,Louis Paul Boon,1,10,15,/works/OL770661W,Dag aan dag,Louis Paul Boon,1.0000,1964,/books/OL22900425M,Dag aan dag,[verhaaltjes].,dut,1.0000,,Arbeiderspers,1964,,,NOT_PROBED,,,,,NO,NO,149.0000,153.0000,REJECT,No cover candidate.,
NL,TWENTIETH_CENTURY,Louis Paul Boon,1,10,15,/works/OL770663W,De bom,Louis Paul Boon,1.0000,1968,/books/OL5162100M,De bom.,,dut,1.0000,,Uitgeverij De Kentaur,1968,,,NOT_PROBED,,,,,NO,NO,149.0000,153.0000,REJECT,No cover candidate.,
NL,TWENTIETH_CENTURY,Louis Paul Boon,1,10,15,/works/OL770624W,De meisjes van Jesses,Louis Paul Boon,1.0000,1973,/books/OL19045036M,De meisjes van Jesses.,Naar de 'Openbaring van Johannes' en het naar kranteknipsels bij elkaar geplakt 'Relaas over opzienbarende moorden in de stad Babylon.',dut,1.0000,,De Arbeiderspers; Querido,1973,,,NOT_PROBED,,,,,NO,NO,149.0000,153.0000,REJECT,No cover candidate.,
NL,TWENTIETH_CENTURY,Louis Paul Boon,1,10,15,/works/OL770664W,De paradijsvogel,Louis Paul Boon,1.0000,1958,/books/OL5511094M,De paradijsvogel.,Relaas van een amorele tijd.,dut,1.0000,,De Arbeiderspers,1968,,,NOT_PROBED,,,,,NO,NO,149.0000,153.0000,REJECT,No cover candidate.,
NL,TWENTIETH_CENTURY,Louis Paul Boon,1,10,15,/works/OL770626W,De voorstad groeit,Louis Paul Boon,1.0000,1943,/books/OL228009M,De voorstad groeit,,dut,1.0000,,A. Manteau,1943,,,NOT_PROBED,,,,,NO,NO,149.0000,153.0000,REJECT,No cover candidate.,
NL,TWENTIETH_CENTURY,Louis Paul Boon,1,10,15,/works/OL770672W,Dorp in Vlaanderen,Louis Paul Boon,1.0000,1966,/books/OL5586552M,Dorp in Vlaanderen.,,dut,1.0000,,De Arbeiderspers,1966,,,NOT_PROBED,,,,,NO,NO,149.0000,153.0000,REJECT,No cover candidate.,
NL,TWENTIETH_CENTURY,Louis Paul Boon,1,10,15,/works/OL770632W,Eten op zijn Vlaams,Louis Paul Boon,1.0000,1972,/books/OL5486984M,Eten op zijn Vlaams.,,dut,1.0000,,De Arbeiderspers,1972,,,NOT_PROBED,,,,,NO,NO,149.0000,153.0000,REJECT,No cover candidate.,
NL,TWENTIETH_CENTURY,Louis Paul Boon,1,10,15,/works/OL770633W,Geniaal ... maar met te korte beentjes,Louis Paul Boon,1.0000,1969,/books/OL5768523M,Geniaal ... maar met te korte beentjes.,Essays en polemieken.,dut,1.0000,,De Arbeiderspers,1969,,,NOT_PROBED,,,,,NO,NO,149.0000,153.0000,REJECT,No cover candidate.,
NL,TWENTIETH_CENTURY,Louis Paul Boon,1,10,15,/works/OL770634W,Grimmige sprookjes voor verdorven kinderen,Louis Paul Boon,1.0000,1957,/books/OL3891928M,Grimmige sprookjes voor verdorven kinderen,,dut,1.0000,,De Arbeiderspers,1957,,,NOT_PROBED,,,,,NO,NO,149.0000,153.0000,REJECT,No cover candidate.,
NL,TWENTIETH_CENTURY,Louis Paul Boon,1,10,15,/works/OL770635W,Gustaaf Vermeersch,Louis Paul Boon,1.0000,1960,/books/OL5861826M,Gustaaf Vermeersch.,,dut,1.0000,,Voor het Ministerie van Openbaar Onderwijs uitg. door A. Manteau,1960,,,NOT_PROBED,,,,,NO,NO,149.0000,153.0000,REJECT,No cover candidate.,
NL,TWENTIETH_CENTURY,Louis Paul Boon,1,10,15,/works/OL770667W,Het nieuwe onkruid,Louis Paul Boon,1.0000,1964,/books/OL5580536M,Het nieuwe onkruid.,,dut,1.0000,,De Arbeiderspers,1967,,,NOT_PROBED,,,,,NO,NO,149.0000,153.0000,REJECT,No cover candidate.,
NL,TWENTIETH_CENTURY,Louis Paul Boon,1,10,15,/works/OL44186676W,Menuet,Louis Paul Boon,1.0000,1955,/books/OL60413322M,Menuet,roman,dut,1.0000,,Uitgeverij] Ontwikkeling [S.M.,1955,,,NOT_PROBED,,,,,NO,NO,149.0000,153.0000,REJECT,No cover candidate.,
NL,TWENTIETH_CENTURY,Louis Paul Boon,1,10,15,/works/OL770649W,Reservaat,Louis Paul Boon,1.0000,1965,/books/OL22926464M,Reservaat,Boontjes verzamelde reservaten.,dut,1.0000,,ABC-Boeken,1965,,,NOT_PROBED,,,,,NO,NO,149.0000,153.0000,REJECT,No cover candidate.,
NL,TWENTIETH_CENTURY,Louis Paul Boon,1,10,15,/works/OL770670W,Wapenbroeders,Louis Paul Boon,1.0000,1955,/books/OL211120M,Wapenbroeders,een getrouwe bewerking der aloude boeken over Reinaert en Isengrimus.,dut,1.0000,,Arbeiderspers,1955,,,NOT_PROBED,,,,,NO,NO,149.0000,153.0000,REJECT,No cover candidate.,
NL,TWENTIETH_CENTURY,Louis Paul Boon,1,10,15,/works/OL770657W,Wat een leven!,Louis Paul Boon,1.0000,1967,/books/OL5580535M,Wat een leven!,,dut,1.0000,,De Arbeiderspers,1967,,,NOT_PROBED,,,,,NO,NO,149.0000,153.0000,REJECT,No cover candidate.,
NL,TWENTIETH_CENTURY,Louis Paul Boon,1,10,15,/works/OL38720088W,Zomer te Ter-Muren,Louis Paul Boon,1.0000,1956,/books/OL52713036M,Zomer te Ter-Muren,het 2de boek over de Kapellekensbaan,dut,1.0000,,ABC-Boeken,1966,,,NOT_PROBED,,,,,NO,NO,149.0000,153.0000,REJECT,No cover candidate.,
NL,TWENTIETH_CENTURY,Marga Minco,1,7,10,/works/OL2060818W,"De dag, dat mijn zuster trouwde",Marga Minco,1.0000,1970,/books/OL4368640M,"De dag, dat mijn zuster trouwde.",,dut,1.0000,,Bert Bakker,1970,,,NOT_PROBED,,,,,NO,NO,149.0000,153.0000,REJECT,No cover candidate.,
NL,TWENTIETH_CENTURY,Marga Minco,1,7,10,/works/OL38717796W,Het adres,Marga Minco | Ingeborg Rutgers | Auke Jelsma,1.0000,1957,/books/OL52709975M,Het adres,3 bekroonde novellen,dut,1.0000,,Bureau voor Postreclame en Adressen De Mutator,1957,,,NOT_PROBED,,,,,NO,NO,149.0000,153.0000,REJECT,No cover candidate.,
NL,TWENTIETH_CENTURY,Marga Minco,1,7,10,/works/OL44747477W,Moderne joodse verhalen,Marga Minco,1.0000,1965,/books/OL61100585M,Moderne joodse verhalen,,dut,1.0000,,Polak & Van Gennep,1965,,,NOT_PROBED,,,,,NO,NO,149.0000,153.0000,REJECT,No cover candidate.,
NL,TWENTIETH_CENTURY,Marga Minco,1,7,10,/works/OL42469022W,Terugkeer,Marga Minco,1.0000,1965,/books/OL57631694M,Terugkeer,,dut,1.0000,,Uitgave Cefina,1965,,,NOT_PROBED,,,,,NO,NO,149.0000,153.0000,REJECT,No cover candidate.,
NL,TWENTIETH_CENTURY,Remco Campert,1,8,12,/works/OL658391W,Alle dagen feest,Remco Campert,1.0000,1954,/books/OL5384068M,Alle dagen feest.,,dut,1.0000,,De Arbeiderspers,1969,,,NOT_PROBED,,,,,NO,NO,149.0000,153.0000,REJECT,No cover candidate.,
NL,TWENTIETH_CENTURY,Remco Campert,1,8,12,/works/OL38716926W,Berchtesgaden,Remco Campert,1.0000,1953,/books/OL52708830M,Berchtesgaden,gedichten,dut,1.0000,,De Bezige Bij,1953,,,NOT_PROBED,,,,,NO,NO,149.0000,153.0000,REJECT,No cover candidate.,
NL,TWENTIETH_CENTURY,Remco Campert,1,8,12,/works/OL658344W,Betere tijden,Remco Campert,1.0000,1970,/books/OL17470203M,Betere tijden,gedichten.,dut,1.0000,,De Bezige Bij,1970,,,NOT_PROBED,,,,,NO,NO,149.0000,153.0000,REJECT,No cover candidate.,
NL,TWENTIETH_CENTURY,Remco Campert,1,8,12,/works/OL22637626W,Boekje open,Remco Campert,1.0000,1963,/books/OL4520926M,Boekje open,Hans Andreus ...,dut,1.0000,,De Boekerij,1963,,,NOT_PROBED,,,,,NO,NO,149.0000,153.0000,REJECT,No cover candidate.,
NL,TWENTIETH_CENTURY,Remco Campert,1,8,12,/works/OL658354W,De jongen met het mes,Remco Campert,1.0000,1959,/books/OL22901133M,De jongen met het mes,en andere verhalen,dut,1.0000,,De Bezige Bij,1959,,,NOT_PROBED,,,,,NO,NO,149.0000,153.0000,REJECT,No cover candidate.,
NL,TWENTIETH_CENTURY,Remco Campert,1,8,12,/works/OL45015144W,"De jongen met het mes, en andere verhalen",Remco Campert,1.0000,1958,/books/OL61411428M,"De jongen met het mes, en andere verhalen",,dut,1.0000,,De Bezige Bij,1958,,,NOT_PROBED,,,,,NO,NO,149.0000,153.0000,REJECT,No cover candidate.,
NL,TWENTIETH_CENTURY,Remco Campert,1,8,12,/works/OL45015142W,Een ellendige nietsnut,Remco Campert,1.0000,1960,/books/OL61411426M,Een ellendige nietsnut,en andere verhalen,dut,1.0000,,De Bezige Bij,1960,,,NOT_PROBED,,,,,NO,NO,149.0000,153.0000,REJECT,No cover candidate.,
NL,TWENTIETH_CENTURY,Remco Campert,1,8,12,/works/OL38717396W,Een standbeeld opwinden,Remco Campert,1.0000,1952,/books/OL52709422M,Een standbeeld opwinden,gedichten,dut,1.0000,,"""De Bezije Bij""",1952,,,NOT_PROBED,,,,,NO,NO,149.0000,153.0000,REJECT,No cover candidate.,
NL,TWENTIETH_CENTURY,Remco Campert,1,8,12,/works/OL45015141W,Eendjes voeren,Remco Campert,1.0000,1953,/books/OL61411425M,Eendjes voeren,korte verhalen,dut,1.0000,,De] Arbeiderspers,1953,,,NOT_PROBED,,,,,NO,NO,149.0000,153.0000,REJECT,No cover candidate.,
NL,TWENTIETH_CENTURY,Remco Campert,1,8,12,/works/OL658361W,Eetlezen,Remco Campert,1.0000,1987,/books/OL2077820M,Eetlezen,,dut,1.0000,,De Bezige Bij,1987,,,NOT_PROBED,,,,,NO,NO,149.0000,153.0000,REJECT,No cover candidate.,
NL,TWENTIETH_CENTURY,Remco Campert,1,8,12,/works/OL37357630W,Fabeltjes vertellen,Remco Campert,1.0000,1968,/books/OL52924798M,Fabeltjes vertellen,,dut,1.0000,,T. Rap,1968,,,NOT_PROBED,,,,,NO,NO,149.0000,153.0000,REJECT,No cover candidate.,
NL,TWENTIETH_CENTURY,Remco Campert,1,8,12,/works/OL38716939W,Het huis waarin ik woonde,Remco Campert,1.0000,1955,/books/OL52708845M,Het huis waarin ik woonde,,dut,1.0000,,Üitgeverij de Bezige bij,1955,,,NOT_PROBED,,,,,NO,NO,149.0000,153.0000,REJECT,No cover candidate.,
NL,TWENTIETH_CENTURY,Remco Campert,1,8,12,/works/OL658368W,Hoe ik mijn verjaardag vierde,Remco Campert,1.0000,1969,/books/OL21190553M,Hoe ik mijn verjaardag vierde.,Verhalen.,dut,1.0000,,De Bezige Bij,1969,,,NOT_PROBED,,,,,NO,NO,149.0000,153.0000,REJECT,No cover candidate.,
NL,TWENTIETH_CENTURY,Remco Campert,1,8,12,/works/OL658371W,In the year of the strike,Remco Campert,1.0000,1968,/books/OL4338288M,In the year of the strike,poems,eng | dut,1.0000,,Rapp & Whiting,1968,,,NOT_PROBED,,,,,NO,NO,149.0000,153.0000,REJECT,No cover candidate.,
NL,TWENTIETH_CENTURY,Remco Campert,1,8,12,/works/OL38716944W,Met man en muis,Remco Campert,1.0000,1955,/books/OL52708851M,Met man en muis,gedichten,dut,1.0000,,De Beuk,1955,,,NOT_PROBED,,,,,NO,NO,149.0000,153.0000,REJECT,No cover candidate.,
NL,TWENTIETH_CENTURY,Remco Campert,1,8,12,/works/OL658390W,Mijn leven's liederen,Remco Campert,1.0000,1968,/books/OL5358749M,Mijn leven's liederen.,,dut,1.0000,,De Bezige Bij,1971,,,NOT_PROBED,,,,,NO,NO,149.0000,153.0000,REJECT,No cover candidate.,
NL,TWENTIETH_CENTURY,Remco Campert,1,8,12,/works/OL38716946W,Nacht op de kale dwerg,Remco Campert,1.0000,1964,/books/OL52708853M,Nacht op de kale dwerg,verhalen,dut,1.0000,,Uitgeverij de Bezige Bij,1964,,,NOT_PROBED,,,,,NO,NO,149.0000,153.0000,REJECT,No cover candidate.,
NL,TWENTIETH_CENTURY,Remco Campert,1,8,12,/works/OL38869623W,Tjeempie! of Liesje in Luiletterland,Remco Campert,1.0000,1968,/books/OL52924802M,Tjeempie! of Liesje in Luiletterland,in eigen nieuwe spelling,dut,1.0000,,De Bezige Bij,1968,,,NOT_PROBED,,,,,NO,NO,149.0000,153.0000,REJECT,No cover candidate.,
NL,TWENTIETH_CENTURY,Remco Campert,1,8,12,/works/OL38717559W,Vogels vliegen toch,Remco Campert,1.0000,1951,/books/OL52709636M,Vogels vliegen toch,,dut,1.0000,,U.M. Holland,1951,,,NOT_PROBED,,,,,NO,NO,149.0000,153.0000,REJECT,No cover candidate.,
NL,TWENTIETH_CENTURY,Andreas Burnier,2,5,8,/works/OL1713779W,Bellettrie 1965-1981,Andreas Burnier,1.0000,1985,/books/OL2602199M,Bellettrie 1965-1981,,dut,1.0000,9021455501,Querido,1985,,4157039,VALID_COVER,128,204,JPEG,data/cache/nl-mass-editorial-engine/covers/NL-OL2602199M.jpeg,NO,NO,147.0000,181.0000,AUTO_ACCEPT,Strong author/title/language match and validated physical cover.,
NL,TWENTIETH_CENTURY,Andreas Burnier,2,5,8,/works/OL1713780W,De achtste scheppingsdag,Andreas Burnier | Andreas Burnier,1.0000,1988,/books/OL1581496M,De achtste scheppingsdag,essays 1987-1990,dut,1.0000,9029028947,Meulenhoff,1990,,3978928,VALID_COVER,128,204,JPEG,data/cache/nl-mass-editorial-engine/covers/NL-OL1581496M.jpeg,NO,NO,147.0000,181.0000,AUTO_ACCEPT,Strong author/title/language match and validated physical cover.,
NL,TWENTIETH_CENTURY,Andreas Burnier,2,5,8,/works/OL1713783W,De litteraire salon,Andreas Burnier,1.0000,1983,/books/OL2879836M,De litteraire salon,,dut,1.0000,902145548X,Querido,1983,,12176457,VALID_COVER,310,500,JPEG,data/cache/nl-mass-editorial-engine/covers/NL-OL2879836M.jpeg,NO,NO,147.0000,181.0000,AUTO_ACCEPT,Strong author/title/language match and validated physical cover.,
NL,TWENTIETH_CENTURY,Andreas Burnier,2,5,8,/works/OL1713785W,De rondgang der gevangenen,Andreas Burnier,1.0000,1987,/books/OL2074866M,De rondgang der gevangenen,"een essay over goed en kwaad, in de vorm van zeven brieven aan de Platoclub",dut,1.0000,9021459590,Querido,1987,,4070853,VALID_COVER,128,204,JPEG,data/cache/nl-mass-editorial-engine/covers/NL-OL2074866M.jpeg,NO,NO,147.0000,181.0000,AUTO_ACCEPT,Strong author/title/language match and validated physical cover.,
NL,TWENTIETH_CENTURY,Andreas Burnier,2,5,8,/works/OL1713786W,De trein naar Tarascon,Andreas Burnier,1.0000,1986,/books/OL2296977M,De trein naar Tarascon,,dut,1.0000,9021455528,Querido,1986,,4107700,VALID_COVER,128,207,JPEG,data/cache/nl-mass-editorial-engine/covers/NL-OL2296977M.jpeg,NO,NO,147.0000,181.0000,AUTO_ACCEPT,Strong author/title/language match and validated physical cover.,
NL,TWENTIETH_CENTURY,Andreas Burnier,2,5,8,/works/OL1713789W,De wereld is van glas,Andreas Burnier,1.0000,1997,/books/OL304932M,De wereld is van glas,roman,dut,1.0000,9029048220,Meulenhoff,1997,,3721734,VALID_COVER,128,203,JPEG,data/cache/nl-mass-editorial-engine/covers/NL-OL304932M.jpeg,NO,NO,147.0000,181.0000,AUTO_ACCEPT,Strong author/title/language match and validated physical cover.,
NL,TWENTIETH_CENTURY,Andreas Burnier,2,5,8,/works/OL1713795W,Een tevreden lach,Andreas Burnier,1.0000,1965,/books/OL14744240M,Een tevreden lach,,dut,1.0000,902143041X,Em. Querido's Uitgeverij,1983,,5293770,VALID_COVER,128,203,JPEG,data/cache/nl-mass-editorial-engine/covers/NL-OL14744240M.jpeg,NO,NO,147.0000,181.0000,AUTO_ACCEPT,Strong author/title/language match and validated physical cover.,
NL,TWENTIETH_CENTURY,Andreas Burnier,2,5,8,/works/OL34954713W,Essays 1968-1985,Andreas Burnier,1.0000,1985,/books/OL47316120M,Essays 1968-1985,,dut,1.0000,9789021455518,Querido,"Apr 03, 1985",,13808455,VALID_COVER,162,264,JPEG,data/cache/nl-mass-editorial-engine/covers/NL-OL47316120M.jpeg,NO,NO,147.0000,181.0000,AUTO_ACCEPT,Strong author/title/language match and validated physical cover.,
NL,TWENTIETH_CENTURY,Andreas Burnier,2,5,8,/works/OL1713792W,Mag de dokter doden?,Andreas Burnier | Chris Rutenfrans,1.0000,1986,/books/OL24638651M,Mag de dokter doden?,,dut,1.0000,9021459582,Querido,1986,,6736155,VALID_COVER,312,500,JPEG,data/cache/nl-mass-editorial-engine/covers/NL-OL24638651M.jpeg,NO,NO,147.0000,181.0000,AUTO_ACCEPT,Strong author/title/language match and validated physical cover.,
NL,TWENTIETH_CENTURY,Andreas Burnier,2,5,8,/works/OL1713793W,Mystiek en magie in de litteratuur,Andreas Burnier,1.0000,1988,/books/OL2276061M,Mystiek en magie in de litteratuur,,dut,1.0000,9068902377,M. Nijhoff,1988,,4105109,VALID_COVER,128,203,JPEG,data/cache/nl-mass-editorial-engine/covers/NL-OL2276061M.jpeg,NO,NO,147.0000,181.0000,AUTO_ACCEPT,Strong author/title/language match and validated physical cover.,
NL,TWENTIETH_CENTURY,F. Springer,2,6,9,/works/OL2158154W,Quissama,F. Springer,1.0000,1986,/books/OL35616735M,Quissama,een relaas,dut,1.0000,9789021497020,Querido,1992,,12324097,VALID_COVER,304,500,JPEG,data/cache/nl-mass-editorial-engine/covers/NL-OL35616735M.jpeg,NO,NO,147.0000,181.0000,AUTO_ACCEPT,Strong author/title/language match and validated physical cover.,
NL,TWENTIETH_CENTURY,F. Springer,2,6,9,/works/OL2158155W,"Tabee, New York",F. Springer,1.0000,1974,/books/OL4820116M,"Tabee, New York",,dut,1.0000,9021413795,Querido,1974,,4446253,VALID_COVER,128,226,JPEG,data/cache/nl-mass-editorial-engine/covers/NL-OL4820116M.jpeg,NO,NO,147.0000,181.0000,AUTO_ACCEPT,Strong author/title/language match and validated physical cover.,
NL,TWENTIETH_CENTURY,F. Springer,2,6,9,/works/OL26376814W,"Teheran, een zwanenzang",F Springer,1.0000,1991,/books/OL35615709M,"Teheran, een zwanenzang",,dut,1.0000,9789021482873,Querido's Uitgeverij,1991,,12322463,VALID_COVER,309,500,JPEG,data/cache/nl-mass-editorial-engine/covers/NL-OL35615709M.jpeg,NO,NO,147.0000,181.0000,AUTO_ACCEPT,Strong author/title/language match and validated physical cover.,
NL,TWENTIETH_CENTURY,F. Springer,2,6,9,/works/OL2158156W,"Teheran, een zwanezang",F. Springer,1.0000,1991,/books/OL33334712M,"Teheran, een zwanezang",,dut,1.0000,9789021497525,Querido,1994,,11957135,VALID_COVER,302,500,JPEG,data/cache/nl-mass-editorial-engine/covers/NL-OL33334712M.jpeg,NO,NO,147.0000,181.0000,AUTO_ACCEPT,Strong author/title/language match and validated physical cover.,
NL,TWENTIETH_CENTURY,Hubert Lampo,2,7,10,/works/OL28173682W,Arthur et le graal,Hubert Lampo,1.0000,1994,/books/OL38570100M,Arthur et le graal,,dut,1.0000,9782908136692,Images édition,1994,,12808661,VALID_COVER,500,439,JPEG,data/cache/nl-mass-editorial-engine/covers/NL-OL38570100M.jpeg,NO,NO,147.0000,181.0000,AUTO_ACCEPT,Strong author/title/language match and validated physical cover.,
NL,TWENTIETH_CENTURY,Hubert Lampo,2,7,10,/works/OL26189799W,"Arthur, gevolgd door Kroniek van Madoc",Hubert Lampo,1.0000,1996,/books/OL35340066M,"Arthur, gevolgd door Kroniek van Madoc",,dut,1.0000,9789029050876,Meulenhoff,1996,,12165506,VALID_COVER,306,500,JPEG,data/cache/nl-mass-editorial-engine/covers/NL-OL35340066M.jpeg,NO,NO,147.0000,181.0000,AUTO_ACCEPT,Strong author/title/language match and validated physical cover.,
NL,TWENTIETH_CENTURY,Hubert Lampo,2,7,10,/works/OL1337918W,De elfenkoningin,Hubert Lampo,1.0000,1989,/books/OL1805383M,De elfenkoningin,roman,dut,1.0000,9029035978,Meulenhoff,1989,,4018537,VALID_COVER,128,202,JPEG,data/cache/nl-mass-editorial-engine/covers/NL-OL1805383M.jpeg,NO,NO,147.0000,181.0000,AUTO_ACCEPT,Strong author/title/language match and validated physical cover.,
NL,TWENTIETH_CENTURY,Hubert Lampo,2,7,10,/works/OL1337919W,De geheime academie,Hubert Lampo,1.0000,1994,/books/OL1192978M,De geheime academie,roman,dut,1.0000,9029049480,Meulenhoff,1994,,13852819,VALID_COVER,169,257,JPEG,data/cache/nl-mass-editorial-engine/covers/NL-OL1192978M.jpeg,NO,NO,147.0000,181.0000,AUTO_ACCEPT,Strong author/title/language match and validated physical cover.,
NL,TWENTIETH_CENTURY,Hubert Lampo,2,7,10,/works/OL1337925W,De neus van Cleopatra,Hubert Lampo,1.0000,1975,/books/OL4999801M,De neus van Cleopatra,een alternatief lees-boek over het vreemde van gewone en het gewone van vreemde dingen in leven en letteren,dut,1.0000,9029000104,Meulenhoff Nederland,1975,,4465092,VALID_COVER,128,207,JPEG,data/cache/nl-mass-editorial-engine/covers/NL-OL4999801M.jpeg,NO,NO,147.0000,181.0000,AUTO_ACCEPT,Strong author/title/language match and validated physical cover.,
NL,TWENTIETH_CENTURY,Hubert Lampo,2,7,10,/works/OL1337927W,De verdwaalde carnavalsvierder,Hubert Lampo,1.0000,1990,/books/OL1585214M,De verdwaalde carnavalsvierder,roman,dut,1.0000,9029027827,Meulenhoff,1990,,3979371,VALID_COVER,128,203,JPEG,data/cache/nl-mass-editorial-engine/covers/NL-OL1585214M.jpeg,NO,NO,147.0000,181.0000,AUTO_ACCEPT,Strong author/title/language match and validated physical cover.,
NL,TWENTIETH_CENTURY,Hubert Lampo,2,7,10,/works/OL1337930W,De wortels der verbeelding,Hubert Lampo,1.0000,1993,/books/OL1152828M,De wortels der verbeelding,de Wrocław-colleges over het magisch-realisme,dut,1.0000,9029049227,Meulenhoff,1993,,12697851,VALID_COVER,292,500,JPEG,data/cache/nl-mass-editorial-engine/covers/NL-OL1152828M.jpeg,NO,NO,147.0000,181.0000,AUTO_ACCEPT,Strong author/title/language match and validated physical cover.,
NL,TWENTIETH_CENTURY,Hubert Lampo,2,7,10,/works/OL34844008W,Dialogen met mijn Olivetti,Hubert Lampo,1.0000,1980,/books/OL47198505M,Dialogen met mijn Olivetti,,dut,1.0000,9789022307557,Elsevier Manteau,"Mar 18, 1980",,13625854,VALID_COVER,313,500,JPEG,data/cache/nl-mass-editorial-engine/covers/NL-OL47198505M.jpeg,NO,NO,147.0000,181.0000,AUTO_ACCEPT,Strong author/title/language match and validated physical cover.,
NL,TWENTIETH_CENTURY,Hubert Lampo,2,7,10,/works/OL26182678W,Een geur van sandelhout,Hubert Lampo,1.0000,1976,/books/OL35332497M,Een geur van sandelhout,roman,dut,1.0000,9789029014564,Meulenhoff Nederland,1976,,12152269,VALID_COVER,306,500,JPEG,data/cache/nl-mass-editorial-engine/covers/NL-OL35332497M.jpeg,NO,NO,147.0000,181.0000,AUTO_ACCEPT,Strong author/title/language match and validated physical cover.,
NL,TWENTIETH_CENTURY,Hubert Lampo,2,7,10,/works/OL1337935W,Hermione betrapt,Hubert Lampo,1.0000,1962,/books/OL35332568M,Hermione betrapt,roman,dut,1.0000,9789029049948,Meulenhoff,1980,,12152398,VALID_COVER,303,500,JPEG,data/cache/nl-mass-editorial-engine/covers/NL-OL35332568M.jpeg,NO,NO,147.0000,181.0000,AUTO_ACCEPT,Strong author/title/language match and validated physical cover.,
NL,TWENTIETH_CENTURY,Hubert Lampo,2,7,10,/works/OL1337940W,Kroniek van Madoc,Hubert Lampo,1.0000,1975,/books/OL5001055M,Kroniek van Madoc,op zoek naar een verloren epos,dut,1.0000,9029005416,Meulenhoff,1975,,4465143,VALID_COVER,128,218,JPEG,data/cache/nl-mass-editorial-engine/covers/NL-OL5001055M.jpeg,NO,NO,147.0000,181.0000,AUTO_ACCEPT,Strong author/title/language match and validated physical cover.,
NL,TWENTIETH_CENTURY,Hubert Lampo,2,7,10,/works/OL34792648W,OORLOGSJAREN,Hubert Lampo,1.0000,1988,/books/OL47144635M,OORLOGSJAREN,,dut,1.0000,9789029035422,Samenw. uitgeverijen Meulenhoff Boekerij,1988,,13544653,VALID_COVER,169,274,JPEG,data/cache/nl-mass-editorial-engine/covers/NL-OL47144635M.jpeg,NO,NO,147.0000,181.0000,AUTO_ACCEPT,Strong author/title/language match and validated physical cover.,
NL,TWENTIETH_CENTURY,Hubert Lampo,2,7,10,/works/OL1337947W,Terug naar Stonehenge,Hubert Lampo,1.0000,1988,/books/OL2236031M,Terug naar Stonehenge,een magisch-realistisch droomboek,dut,1.0000,9029038500,Meulenhoff,1988,,4099776,VALID_COVER,128,215,JPEG,data/cache/nl-mass-editorial-engine/covers/NL-OL2236031M.jpeg,NO,NO,147.0000,181.0000,AUTO_ACCEPT,Strong author/title/language match and validated physical cover.,
NL,TWENTIETH_CENTURY,Hubert Lampo,2,7,10,/works/OL1337913W,The coming of Joachim Stiller,Hubert Lampo,1.0000,1974,/books/OL5412777M,The coming of Joachim Stiller.,,eng | dut,1.0000,0805734163,Twayne Publishers,1974,,4506625,VALID_COVER,128,199,JPEG,data/cache/nl-mass-editorial-engine/covers/NL-OL5412777M.jpeg,NO,NO,147.0000,181.0000,AUTO_ACCEPT,Strong author/title/language match and validated physical cover.,
NL,TWENTIETH_CENTURY,Hubert Lampo,2,7,10,/works/OL1337950W,Wijlen Sarah Silbermann,Hubert Lampo,1.0000,1980,/books/OL4163647M,Wijlen Sarah Silbermann,roman,dut,1.0000,9029012730,Meulenhoff,1980,,4370804,VALID_COVER,128,216,JPEG,data/cache/nl-mass-editorial-engine/covers/NL-OL4163647M.jpeg,NO,NO,147.0000,181.0000,AUTO_ACCEPT,Strong author/title/language match and validated physical cover.,
NL,TWENTIETH_CENTURY,Ivo Michiels,2,5,8,/works/OL5296538W,Book alpha and Orchis militaris,Ivo Michiels,1.0000,1979,/books/OL4399644M,Book alpha and Orchis militaris,,eng | dut,1.0000,080578165X,Twayne Publishers,1979,,4393177,VALID_COVER,128,193,JPEG,data/cache/nl-mass-editorial-engine/covers/NL-OL4399644M.jpeg,NO,NO,147.0000,181.0000,AUTO_ACCEPT,Strong author/title/language match and validated physical cover.,
NL,TWENTIETH_CENTURY,Ivo Michiels,2,5,8,/works/OL5296542W,Dixi(t),Ivo Michiels,1.0000,1979,/books/OL4515077M,Dixi(t),,dut,1.0000,9023406559,De Bezige Bij,1979,,4411048,VALID_COVER,128,199,JPEG,data/cache/nl-mass-editorial-engine/covers/NL-OL4515077M.jpeg,NO,NO,147.0000,181.0000,AUTO_ACCEPT,Strong author/title/language match and validated physical cover.,
NL,TWENTIETH_CENTURY,Ivo Michiels,2,5,8,/works/OL5296554W,Een tuin tussen hond en wolf,Ivo Michiels,1.0000,1977,/books/OL4687290M,Een tuin tussen hond en wolf,een film,dut,1.0000,9023406028,De Bezige Bij,1977,,4430448,VALID_COVER,128,212,JPEG,data/cache/nl-mass-editorial-engine/covers/NL-OL4687290M.jpeg,NO,NO,147.0000,181.0000,AUTO_ACCEPT,Strong author/title/language match and validated physical cover.,
NL,TWENTIETH_CENTURY,Ivo Michiels,2,5,8,/works/OL11104612W,Het boek alfa,Ivo Michiels,1.0000,1963,/books/OL17205518M,Het boek alfa.,,dut,1.0000,9023400461,Uitgeverij De Bezige Bij,1963,,5371371,VALID_COVER,128,203,JPEG,data/cache/nl-mass-editorial-engine/covers/NL-OL17205518M.jpeg,NO,NO,147.0000,181.0000,AUTO_ACCEPT,Strong author/title/language match and validated physical cover.,
NL,TWENTIETH_CENTURY,Ivo Michiels,2,5,8,/works/OL5296544W,Het boek der nauwe relaties,Ivo Michiels,1.0000,1985,/books/OL2760610M,Het boek der nauwe relaties,,dut,1.0000,9023409302,Bezige Bij,1985,,4179795,VALID_COVER,128,217,JPEG,data/cache/nl-mass-editorial-engine/covers/NL-OL2760610M.jpeg,NO,NO,147.0000,181.0000,AUTO_ACCEPT,Strong author/title/language match and validated physical cover.,
NL,TWENTIETH_CENTURY,Ivo Michiels,2,5,8,/works/OL5296545W,Journal brut,Ivo Michiels,1.0000,1983,/books/OL2807532M,Journal brut,,dut,1.0000,9023408373,Bezige Bij,1983,,14611796,VALID_COVER,295,500,JPEG,data/cache/nl-mass-editorial-engine/covers/NL-OL2807532M.jpeg,NO,NO,147.0000,181.0000,AUTO_ACCEPT,Strong author/title/language match and validated physical cover.,
NL,TWENTIETH_CENTURY,Ivo Michiels,2,5,8,/works/OL5296547W,Ondergronds bovengronds,Ivo Michiels,1.0000,1991,/books/OL1318536M,Ondergronds bovengronds,,dut,1.0000,902343210X,Bezige Bij,1991,,3920581,VALID_COVER,128,192,JPEG,data/cache/nl-mass-editorial-engine/covers/NL-OL1318536M.jpeg,NO,NO,147.0000,181.0000,AUTO_ACCEPT,Strong author/title/language match and validated physical cover.,
NL,TWENTIETH_CENTURY,Ivo Michiels,2,5,8,/works/OL5296553W,"Vlaanderen, ook een land",Ivo Michiels,1.0000,1987,/books/OL2471099M,"Vlaanderen, ook een land",,dut,1.0000,9023430220,Bezige Bij,1987,,4136788,VALID_COVER,128,220,JPEG,data/cache/nl-mass-editorial-engine/covers/NL-OL2471099M.jpeg,NO,NO,147.0000,181.0000,AUTO_ACCEPT,Strong author/title/language match and validated physical cover.,
NL,TWENTIETH_CENTURY,Jef Geeraerts,2,7,10,/works/OL780075W,Black Ulysses,Jef Geeraerts,1.0000,1978,/books/OL4744167M,Black Ulysses,,eng | dut,1.0000,0670172782,Viking Press,1978,,6733220,VALID_COVER,330,500,JPEG,data/cache/nl-mass-editorial-engine/covers/NL-OL4744167M.jpeg,NO,NO,147.0000,181.0000,AUTO_ACCEPT,Strong author/title/language match and validated physical cover.,
NL,TWENTIETH_CENTURY,Jef Geeraerts,2,7,10,/works/OL780079W,De ambassadeur,Jef Geeraerts,1.0000,2000,/books/OL3988375M,De ambassadeur,,dut,1.0000,904460001X,Prometheus,2000,,10177232,VALID_COVER,293,500,JPEG,data/cache/nl-mass-editorial-engine/covers/NL-OL3988375M.jpeg,NO,NO,147.0000,181.0000,AUTO_ACCEPT,Strong author/title/language match and validated physical cover.,
NL,TWENTIETH_CENTURY,Jef Geeraerts,2,7,10,/works/OL24749162W,De heilige kruisvaart,Jef Geeraerts,1.0000,1978,/books/OL32859743M,De heilige kruisvaart,,dut,1.0000,9789022306840,Elsevier Manteau,1978,,11492261,VALID_COVER,312,500,JPEG,data/cache/nl-mass-editorial-engine/covers/NL-OL32859743M.jpeg,NO,NO,147.0000,181.0000,AUTO_ACCEPT,Strong author/title/language match and validated physical cover.,
NL,TWENTIETH_CENTURY,Jef Geeraerts,2,7,10,/works/OL24744612W,De trap,Jef Geeraerts,1.0000,2004,/books/OL32852548M,De trap,,dut,1.0000,9789022318522,Manteau,2004,,11485401,VALID_COVER,295,500,JPEG,data/cache/nl-mass-editorial-engine/covers/NL-OL32852548M.jpeg,NO,NO,147.0000,181.0000,AUTO_ACCEPT,Strong author/title/language match and validated physical cover.,
NL,TWENTIETH_CENTURY,Jef Geeraerts,2,7,10,/works/OL780084W,De zaak Alzheimer,Jef Geeraerts,1.0000,1985,/books/OL21016122M,De zaak Alzheimer,misdaadroman,dut,1.0000,9022310000,Manteau,1985,,13779818,VALID_COVER,281,450,JPEG,data/cache/nl-mass-editorial-engine/covers/NL-OL21016122M.jpeg,NO,NO,147.0000,181.0000,AUTO_ACCEPT,Strong author/title/language match and validated physical cover.,
NL,TWENTIETH_CENTURY,Jef Geeraerts,2,7,10,/works/OL15986155W,Dossier K,Jef Geeraerts,1.0000,2002,/books/OL24891011M,Dossier K,,dut,1.0000,904460211X,Prometheus,2002,,14645531,VALID_COVER,323,500,JPEG,data/cache/nl-mass-editorial-engine/covers/NL-OL24891011M.jpeg,NO,NO,147.0000,181.0000,AUTO_ACCEPT,Strong author/title/language match and validated physical cover.,
NL,TWENTIETH_CENTURY,Jef Geeraerts,2,7,10,/works/OL780106W,Gangrene,Jef Geeraerts,1.0000,1975,/books/OL5044805M,Gangrene,,eng | dut,1.0000,0670334006,Viking Press,1975,,4466975,VALID_COVER,128,190,JPEG,data/cache/nl-mass-editorial-engine/covers/NL-OL5044805M.jpeg,NO,NO,147.0000,181.0000,AUTO_ACCEPT,Strong author/title/language match and validated physical cover.,
NL,TWENTIETH_CENTURY,Jef Geeraerts,2,7,10,/works/OL26182625W,Geld,Jef Geeraerts,1.0000,2004,/books/OL35332437M,Geld,roman noir,dut,1.0000,9789044603750,Prometheus,2004,,12152155,VALID_COVER,302,500,JPEG,data/cache/nl-mass-editorial-engine/covers/NL-OL35332437M.jpeg,NO,NO,147.0000,181.0000,AUTO_ACCEPT,Strong author/title/language match and validated physical cover.,
NL,TWENTIETH_CENTURY,Jef Geeraerts,2,7,10,/works/OL780107W,Jagen,Jef Geeraerts,1.0000,1981,/books/OL3883696M,Jagen,,dut,1.0000,9022308200,Elsevier Manteau,1981,,14021580,VALID_COVER,316,500,JPEG,data/cache/nl-mass-editorial-engine/covers/NL-OL3883696M.jpeg,NO,NO,147.0000,181.0000,AUTO_ACCEPT,Strong author/title/language match and validated physical cover.,
NL,TWENTIETH_CENTURY,Jef Geeraerts,2,7,10,/works/OL780096W,Kodiak .58,Jef Geeraerts,1.0000,1979,/books/OL4168236M,Kodiak .58,,dut,1.0000,9022307387,Elsevier Manteau,1979,,4371338,VALID_COVER,128,216,JPEG,data/cache/nl-mass-editorial-engine/covers/NL-OL4168236M.jpeg,NO,NO,147.0000,181.0000,AUTO_ACCEPT,Strong author/title/language match and validated physical cover.,
NL,TWENTIETH_CENTURY,Jef Geeraerts,2,7,10,/works/OL26182496W,Misdaad,Jef Geeraerts,1.0000,2005,/books/OL35332302M,Misdaad,,dut,1.0000,9789085420354,Meulenhoff,2005,,12151908,VALID_COVER,290,500,JPEG,data/cache/nl-mass-editorial-engine/covers/NL-OL35332302M.jpeg,NO,NO,147.0000,181.0000,AUTO_ACCEPT,Strong author/title/language match and validated physical cover.,
NL,TWENTIETH_CENTURY,Jef Geeraerts,2,7,10,/works/OL780101W,Sanpaku,Jef Geeraerts,1.0000,1989,/books/OL21016140M,Sanpaku,,dut,1.0000,9022311678,Manteau,1989,,10270083,VALID_COVER,278,500,JPEG,data/cache/nl-mass-editorial-engine/covers/NL-OL21016140M.jpeg,NO,NO,147.0000,181.0000,AUTO_ACCEPT,Strong author/title/language match and validated physical cover.,
NL,TWENTIETH_CENTURY,Jef Geeraerts,2,7,10,/works/OL26190593W,Schroot,Jef Geeraerts,1.0000,1992,/books/OL35340912M,Schroot,,dut,1.0000,9789022312551,Manteau,1992,,12167181,VALID_COVER,315,500,JPEG,data/cache/nl-mass-editorial-engine/covers/NL-OL35340912M.jpeg,NO,NO,147.0000,181.0000,AUTO_ACCEPT,Strong author/title/language match and validated physical cover.,
NL,TWENTIETH_CENTURY,Jef Geeraerts,2,7,10,/works/OL34924633W,Z 17,Jef Geeraerts,1.0000,1992,/books/OL47283294M,Z 17,,dut,1.0000,9789022312346,WPG Uitgevers België - Algemeen & Import,1992,,13741953,VALID_COVER,375,500,JPEG,data/cache/nl-mass-editorial-engine/covers/NL-OL47283294M.jpeg,NO,NO,147.0000,181.0000,AUTO_ACCEPT,Strong author/title/language match and validated physical cover.,
NL,TWENTIETH_CENTURY,Jef Geeraerts,2,7,10,/works/OL780108W,Zonder clan,Jef Geeraerts,1.0000,1964,/books/OL5491784M,Zonder clan.,,dut,1.0000,9022303292,Paris-Manteau,1972,,4517096,VALID_COVER,128,200,JPEG,data/cache/nl-mass-editorial-engine/covers/NL-OL5491784M.jpeg,NO,NO,147.0000,181.0000,AUTO_ACCEPT,Strong author/title/language match and validated physical cover.,
NL,TWENTIETH_CENTURY,Kristien Hemmerechts,2,7,10,/works/OL22960445W,Alles verandert,Kristien Hemmerechts,1.0000,2015,/books/OL30866796M,Alles verandert,,dut,1.0000,9789044534245,De Geus,2015,,11587205,VALID_COVER,313,500,JPEG,data/cache/nl-mass-editorial-engine/covers/NL-OL30866796M.jpeg,NO,NO,147.0000,181.0000,AUTO_ACCEPT,Strong author/title/language match and validated physical cover.,
NL,TWENTIETH_CENTURY,Kristien Hemmerechts,2,7,10,/works/OL682765W,"Altijd met uw, gezever, gij",Kristien Hemmerechts,1.0000,1996,/books/OL721968M,"Altijd met uw, gezever, gij",,dut,1.0000,9025408184,Atlas,1996,,12160403,VALID_COVER,290,500,JPEG,data/cache/nl-mass-editorial-engine/covers/NL-OL721968M.jpeg,NO,NO,147.0000,181.0000,AUTO_ACCEPT,Strong author/title/language match and validated physical cover.,
NL,TWENTIETH_CENTURY,Kristien Hemmerechts,2,7,10,/works/OL682766W,Amsterdam retour,Kristien Hemmerechts,1.0000,1995,/books/OL35348018M,Amsterdam retour,,dut,1.0000,9789025499983,Pandora,1999,,12182596,VALID_COVER,313,500,JPEG,data/cache/nl-mass-editorial-engine/covers/NL-OL35348018M.jpeg,NO,NO,147.0000,181.0000,AUTO_ACCEPT,Strong author/title/language match and validated physical cover.,
NL,TWENTIETH_CENTURY,Kristien Hemmerechts,2,7,10,/works/OL682768W,Brede heupen,Kristien Hemmerechts,1.0000,1989,/books/OL1785664M,Brede heupen,roman,dut,1.0000,9029520124,Arbeiderspers,1989,,10581546,VALID_COVER,305,500,JPEG,data/cache/nl-mass-editorial-engine/covers/NL-OL1785664M.jpeg,NO,NO,147.0000,181.0000,AUTO_ACCEPT,Strong author/title/language match and validated physical cover.,
NL,TWENTIETH_CENTURY,Kristien Hemmerechts,2,7,10,/works/OL682770W,De kinderen van Arthur,Kristien Hemmerechts,1.0000,2000,/books/OL6880171M,De kinderen van Arthur,,dut,1.0000,904500741X,Atlas,2000,,4543338,VALID_COVER,128,206,JPEG,data/cache/nl-mass-editorial-engine/covers/NL-OL6880171M.jpeg,NO,NO,147.0000,181.0000,AUTO_ACCEPT,Strong author/title/language match and validated physical cover.,
NL,TWENTIETH_CENTURY,Kristien Hemmerechts,2,7,10,/works/OL682771W,De laatste keer,Kristien Hemmerechts,1.0000,2004,/books/OL32774929M,De laatste keer,,dut,1.0000,9789047100515,Eldorado,2006,,11406608,VALID_COVER,315,500,JPEG,data/cache/nl-mass-editorial-engine/covers/NL-OL32774929M.jpeg,NO,NO,147.0000,181.0000,AUTO_ACCEPT,Strong author/title/language match and validated physical cover.,
NL,TWENTIETH_CENTURY,Kristien Hemmerechts,2,7,10,/works/OL23979779W,De waar gebeurde geschiedenis van Victor en Clara Rooze,Kristien Hemmerechts,1.0000,2005,/books/OL31681399M,De waar gebeurde geschiedenis van Victor en Clara Rooze,,dut,1.0000,9045015528,Atlas,2005,,10748137,VALID_COVER,305,500,JPEG,data/cache/nl-mass-editorial-engine/covers/NL-OL31681399M.jpeg,NO,NO,147.0000,181.0000,AUTO_ACCEPT,Strong author/title/language match and validated physical cover.,
NL,TWENTIETH_CENTURY,Kristien Hemmerechts,2,7,10,/works/OL682774W,"Donderdagmiddag, halfvier",Kristien Hemmerechts,1.0000,2002,/books/OL3647797M,"Donderdagmiddag, halfvier",,dut,1.0000,9045008025,Atlas,2002,,4301882,VALID_COVER,128,200,JPEG,data/cache/nl-mass-editorial-engine/covers/NL-OL3647797M.jpeg,NO,NO,147.0000,181.0000,AUTO_ACCEPT,Strong author/title/language match and validated physical cover.,
NL,TWENTIETH_CENTURY,Kristien Hemmerechts,2,7,10,/works/OL682775W,Een jaar als (g)een ander,Kristien Hemmerechts,1.0000,2003,/books/OL3756225M,Een jaar als (g)een ander,dagboek: 5 februari 2001-15 februari 2002,dut,1.0000,9045011247,Atlas,2003,,9565705,VALID_COVER,327,500,JPEG,data/cache/nl-mass-editorial-engine/covers/NL-OL3756225M.jpeg,NO,NO,147.0000,181.0000,AUTO_ACCEPT,Strong author/title/language match and validated physical cover.,
NL,TWENTIETH_CENTURY,Kristien Hemmerechts,2,7,10,/works/OL22607596W,Gitte,Kristien Hemmerechts,1.0000,2011,/books/OL30634865M,Gitte,roman,dut,1.0000,9789044517279,De Geus,2011,,11476218,VALID_COVER,294,500,JPEG,data/cache/nl-mass-editorial-engine/covers/NL-OL30634865M.jpeg,NO,NO,147.0000,181.0000,AUTO_ACCEPT,Strong author/title/language match and validated physical cover.,
NL,TWENTIETH_CENTURY,Kristien Hemmerechts,2,7,10,/works/OL16690426W,Haar bloed,Kristien Hemmerechts,1.0000,2012,/books/OL25363558M,Haar bloed,,dut,1.0000,9789044518283,De Geus,2012,,12287725,VALID_COVER,291,500,JPEG,data/cache/nl-mass-editorial-engine/covers/NL-OL25363558M.jpeg,NO,NO,147.0000,181.0000,AUTO_ACCEPT,Strong author/title/language match and validated physical cover.,
NL,TWENTIETH_CENTURY,Kristien Hemmerechts,2,7,10,/works/OL682787W,In het land van Dutroux,Kristien Hemmerechts,1.0000,2007,/books/OL20731854M,In het land van Dutroux,roman,dut,1.0000,9789045002736,Atlas,2007,,10966715,VALID_COVER,308,500,JPEG,data/cache/nl-mass-editorial-engine/covers/NL-OL20731854M.jpeg,NO,NO,147.0000,181.0000,AUTO_ACCEPT,Strong author/title/language match and validated physical cover.,
NL,TWENTIETH_CENTURY,Kristien Hemmerechts,2,7,10,/works/OL682776W,Kerst en andere liefdesverhalen,Kristien Hemmerechts,1.0000,1992,/books/OL1324625M,Kerst en andere liefdesverhalen,,dut,1.0000,9025404618,Atlas,1992,,3921407,VALID_COVER,128,212,JPEG,data/cache/nl-mass-editorial-engine/covers/NL-OL1324625M.jpeg,NO,NO,147.0000,181.0000,AUTO_ACCEPT,Strong author/title/language match and validated physical cover.,
NL,TWENTIETH_CENTURY,Kristien Hemmerechts,2,7,10,/works/OL682777W,Kleine zielen,Kristien Hemmerechts,1.0000,2009,/books/OL23578313M,Kleine zielen,roman,dut,1.0000,9789045014739,Atlas,2009,,12667944,VALID_COVER,301,500,JPEG,data/cache/nl-mass-editorial-engine/covers/NL-OL23578313M.jpeg,NO,NO,147.0000,181.0000,AUTO_ACCEPT,Strong author/title/language match and validated physical cover.,
NL,TWENTIETH_CENTURY,Kristien Hemmerechts,2,7,10,/works/OL23080166W,'s Nachts,Kristien Hemmerechts,1.0000,1989,/books/OL30933225M,'s Nachts,,dut,1.0000,9052400237,Houtekiet,1989,,13437958,VALID_COVER,297,500,JPEG,data/cache/nl-mass-editorial-engine/covers/NL-OL30933225M.jpeg,NO,NO,147.0000,181.0000,AUTO_ACCEPT,Strong author/title/language match and validated physical cover.,
NL,TWENTIETH_CENTURY,Kristien Hemmerechts,2,7,10,/works/OL682781W,Taal zonder mij,Kristien Hemmerechts,1.0000,1998,/books/OL79945M,Taal zonder mij,,dut,1.0000,9045001330,Atlas,1998,,9735313,VALID_COVER,266,500,JPEG,data/cache/nl-mass-editorial-engine/covers/NL-OL79945M.jpeg,NO,NO,147.0000,181.0000,AUTO_ACCEPT,Strong author/title/language match and validated physical cover.,
NL,TWENTIETH_CENTURY,Kristien Hemmerechts,2,7,10,/works/OL26183893W,V,Kristien Hemmerechts,1.0000,2004,/books/OL35333792M,V,notities bij een reis naar Vietnam,dut,1.0000,9789045010809,Atlas,2004,,12154347,VALID_COVER,303,500,JPEG,data/cache/nl-mass-editorial-engine/covers/NL-OL35333792M.jpeg,NO,NO,147.0000,181.0000,AUTO_ACCEPT,Strong author/title/language match and validated physical cover.,
NL,TWENTIETH_CENTURY,Kristien Hemmerechts,2,7,10,/works/OL682782W,"Veel vrouwen, af en toe een man",Kristien Hemmerechts,1.0000,1995,/books/OL862707M,"Veel vrouwen, af en toe een man",,dut,1.0000,9025409946,Atlas,1995,,11477716,VALID_COVER,301,500,JPEG,data/cache/nl-mass-editorial-engine/covers/NL-OL862707M.jpeg,NO,NO,147.0000,181.0000,AUTO_ACCEPT,Strong author/title/language match and validated physical cover.,
NL,TWENTIETH_CENTURY,Kristien Hemmerechts,2,7,10,/works/OL682786W,Zonder grenzen,Kristien Hemmerechts,1.0000,1991,/books/OL1639018M,Zonder grenzen,,dut,1.0000,9789029520133,Arbeiderspers,1991,,6834374,VALID_COVER,311,500,JPEG,data/cache/nl-mass-editorial-engine/covers/NL-OL1639018M.jpeg,NO,NO,147.0000,181.0000,AUTO_ACCEPT,Strong author/title/language match and validated physical cover.,
NL,TWENTIETH_CENTURY,Mensje van Keulen,2,6,9,/works/OL2893471W,Bleekers zomer,Mensje van Keulen,1.0000,1972,/books/OL1462977M,Bleekers zomer,,dut,1.0000,9029524847,De Arbeiderspers,1990,,12655239,VALID_COVER,312,500,JPEG,data/cache/nl-mass-editorial-engine/covers/NL-OL1462977M.jpeg,NO,NO,147.0000,181.0000,AUTO_ACCEPT,Strong author/title/language match and validated physical cover.,
NL,TWENTIETH_CENTURY,Mensje van Keulen,2,6,9,/works/OL2893457W,De avonturen van Anna Molino,Mensje van Keulen,1.0000,1980,/books/OL3801289M,De avonturen van Anna Molino,Beukseks,dut,1.0000,9029524731,Arbeiderspers,1980,,5542000,VALID_COVER,430,500,JPEG,data/cache/nl-mass-editorial-engine/covers/NL-OL3801289M.jpeg,NO,NO,147.0000,181.0000,AUTO_ACCEPT,Strong author/title/language match and validated physical cover.,
NL,TWENTIETH_CENTURY,Mensje van Keulen,2,6,9,/works/OL24694059W,De rode strik,Mensje van Keulen,1.0000,1997,/books/OL32774575M,De rode strik,,dut,1.0000,9789025420956,Atlas,1997,,11405874,VALID_COVER,312,500,JPEG,data/cache/nl-mass-editorial-engine/covers/NL-OL32774575M.jpeg,NO,NO,147.0000,181.0000,AUTO_ACCEPT,Strong author/title/language match and validated physical cover.,
NL,TWENTIETH_CENTURY,Mensje van Keulen,2,6,9,/works/OL26181368W,De spiegel,Mensje van Keulen,1.0000,2008,/books/OL35331082M,De spiegel,,dut,1.0000,9789085161196,B for Books,2008,,12149892,VALID_COVER,332,500,JPEG,data/cache/nl-mass-editorial-engine/covers/NL-OL35331082M.jpeg,NO,NO,147.0000,181.0000,AUTO_ACCEPT,Strong author/title/language match and validated physical cover.,
NL,TWENTIETH_CENTURY,Mensje van Keulen,2,6,9,/works/OL2893461W,Een goed verhaal,Mensje van Keulen,1.0000,2009,/books/OL23578305M,Een goed verhaal,,dut,1.0000,9789045014692,Atlas,2009,,11006596,VALID_COVER,295,500,JPEG,data/cache/nl-mass-editorial-engine/covers/NL-OL23578305M.jpeg,NO,NO,147.0000,181.0000,AUTO_ACCEPT,Strong author/title/language match and validated physical cover.,
NL,TWENTIETH_CENTURY,Mensje van Keulen,2,6,9,/works/OL2893462W,Engelbert,Mensje van Keulen,1.0000,1987,/books/OL2478641M,Engelbert,,dut,1.0000,9029525037,Arbeiderspers,1987,,4137841,VALID_COVER,128,206,JPEG,data/cache/nl-mass-editorial-engine/covers/NL-OL2478641M.jpeg,NO,NO,147.0000,181.0000,AUTO_ACCEPT,Strong author/title/language match and validated physical cover.,
NL,TWENTIETH_CENTURY,Mensje van Keulen,2,6,9,/works/OL44023811W,Kattenkwaad en poezenliefde,Annie M. G. Schmidt | Mensje van Keulen | Rudy Kousbroek | Manon Uphoff | Sylvia Witteman | Merijn de Boer | Rascha Peper | Remco Campert | Willem Frederik Hermans,1.0000,2024,/books/OL60076037M,Kattenkwaad en poezenliefde,De allermooiste verhalen,dut,1.0000,9789021498348,Querido,"March 12, 2024",,15120653,VALID_COVER,329,500,JPEG,data/cache/nl-mass-editorial-engine/covers/NL-OL60076037M.jpeg,NO,NO,147.0000,181.0000,AUTO_ACCEPT,Strong author/title/language match and validated physical cover.,
NL,TWENTIETH_CENTURY,Mensje van Keulen,2,6,9,/works/OL26174736W,Pas op voor Bez,Mensje van Keulen,1.0000,1996,/books/OL35323969M,Pas op voor Bez,,dut,1.0000,9789025840112,Leopold,1996,,12138136,VALID_COVER,317,500,JPEG,data/cache/nl-mass-editorial-engine/covers/NL-OL35323969M.jpeg,NO,NO,147.0000,181.0000,AUTO_ACCEPT,Strong author/title/language match and validated physical cover.,
NL,TWENTIETH_CENTURY,Mensje van Keulen,2,6,9,/works/OL26195863W,Van lieverlede,Mensje van Keulen,1.0000,1988,/books/OL35346771M,Van lieverlede,roman,dut,1.0000,9789029525053,De Arbeiderspers,1988,,12177928,VALID_COVER,322,500,JPEG,data/cache/nl-mass-editorial-engine/covers/NL-OL35346771M.jpeg,NO,NO,147.0000,181.0000,AUTO_ACCEPT,Strong author/title/language match and validated physical cover.,
NL,TWENTIETH_CENTURY,Monika van Paemel,2,6,9,/works/OL3795711W,Celestien : de gebenedijde moeders,Monika van Paemel,1.0000,2004,/books/OL23073545M,Celestien : de gebenedijde moeders,roman,dut,1.0000,902907308X,J.M. Meulenhoff,2004,,11960077,VALID_COVER,312,500,JPEG,data/cache/nl-mass-editorial-engine/covers/NL-OL23073545M.jpeg,NO,NO,147.0000,181.0000,AUTO_ACCEPT,Strong author/title/language match and validated physical cover.,
NL,TWENTIETH_CENTURY,Monika van Paemel,2,6,9,/works/OL3795713W,De eerste steen,Monika van Paemel,1.0000,1988,/books/OL25651092M,De eerste steen,Novelle,dut,1.0000,9789072103055,Vereniging ter Bevordering van het Vlaamse Boekwezen,1988,,7321558,VALID_COVER,294,500,JPEG,data/cache/nl-mass-editorial-engine/covers/NL-OL25651092M.jpeg,NO,NO,147.0000,181.0000,AUTO_ACCEPT,Strong author/title/language match and validated physical cover.,
NL,TWENTIETH_CENTURY,Monika van Paemel,2,6,9,/works/OL20896749W,Het verschil,Monika Van Paemel,1.0000,2000,/books/OL28304526M,Het verschil,een geschiedenis,dut,1.0000,9789029046695,Meulenhoff,2000,,10231698,VALID_COVER,313,500,JPEG,data/cache/nl-mass-editorial-engine/covers/NL-OL28304526M.jpeg,NO,NO,147.0000,181.0000,AUTO_ACCEPT,Strong author/title/language match and validated physical cover.,
NL,TWENTIETH_CENTURY,Monika van Paemel,2,6,9,/works/OL3795717W,Rozen op ijs,Monika van Paemel,1.0000,1997,/books/OL22947107M,Rozen op ijs,roman,dut,1.0000,9029050152,Meulenhoff,1998,,12148228,VALID_COVER,300,500,JPEG,data/cache/nl-mass-editorial-engine/covers/NL-OL22947107M.jpeg,NO,NO,147.0000,181.0000,AUTO_ACCEPT,Strong author/title/language match and validated physical cover.,
NL,TWENTIETH_CENTURY,Simon Carmiggelt,2,8,12,/works/OL975164W,Drie in een,Simon Carmiggelt,1.0000,1985,/books/OL2653962M,Drie in een,"164 verhalen ontleend aan We leven nog, Vroeger kon je lachen en Bemoei je d'r niet mee",dut,1.0000,9029511044,Arbeiderspers,1985,,4161653,VALID_COVER,128,204,JPEG,data/cache/nl-mass-editorial-engine/covers/NL-OL2653962M.jpeg,NO,NO,147.0000,181.0000,AUTO_ACCEPT,Strong author/title/language match and validated physical cover.,
NL,TWENTIETH_CENTURY,Simon Carmiggelt,2,8,12,/works/OL26187283W,Gewoon maar doorgaan,Simon Carmiggelt,1.0000,1985,/books/OL35337374M,Gewoon maar doorgaan,,dut,1.0000,9789021496047,Querido,1985,,12160702,VALID_COVER,298,500,JPEG,data/cache/nl-mass-editorial-engine/covers/NL-OL35337374M.jpeg,NO,NO,147.0000,181.0000,AUTO_ACCEPT,Strong author/title/language match and validated physical cover.,
NL,TWENTIETH_CENTURY,Simon Carmiggelt,2,8,12,/works/OL24990095W,Het literaire leven,Simon Carmiggelt,1.0000,1987,/books/OL33219759M,Het literaire leven,,dut,1.0000,9789029511131,De Arbeiderspers,1987,,11931246,VALID_COVER,305,500,JPEG,data/cache/nl-mass-editorial-engine/covers/NL-OL33219759M.jpeg,NO,NO,147.0000,181.0000,AUTO_ACCEPT,Strong author/title/language match and validated physical cover.,
NL,TWENTIETH_CENTURY,Simon Carmiggelt,2,8,12,/works/OL975179W,"Louter leugens; &, Poespas",Simon Carmiggelt,1.0000,1997,/books/OL409794M,"Louter leugens; &, Poespas",,dut,1.0000,9029509104,Arbeiderspers,1997,,13230322,VALID_COVER,326,500,JPEG,data/cache/nl-mass-editorial-engine/covers/NL-OL409794M.jpeg,NO,NO,147.0000,181.0000,AUTO_ACCEPT,Strong author/title/language match and validated physical cover.,
NL,TWENTIETH_CENTURY,Simon Carmiggelt,2,8,12,/works/OL975183W,Mooi kado,Simon Carmiggelt,1.0000,1979,/books/OL4033468M,Mooi kado,een boekje over boeken : uitg. ter gelegenheid van de Boekenweek 1979 van S. Carmiggelt en Peter van Straaten.,dut,1.0000,9070066238,Commissie voor de Collectieve Propagenada van het Nederlandse Boek,1979,,4354770,VALID_COVER,128,219,JPEG,data/cache/nl-mass-editorial-engine/covers/NL-OL4033468M.jpeg,NO,NO,147.0000,181.0000,AUTO_ACCEPT,Strong author/title/language match and validated physical cover.,
NL,TWENTIETH_CENTURY,Simon Carmiggelt,2,8,12,/works/OL975186W,Ontmoetingen met Willem Elsschot,Simon Carmiggelt,1.0000,1985,/books/OL2596554M,Ontmoetingen met Willem Elsschot,met brieven en een nagelaten manuscript van Willem Elsschot,dut,1.0000,9029511036,De Arbeiderspers,1985,,6452629,VALID_COVER,352,500,JPEG,data/cache/nl-mass-editorial-engine/covers/NL-OL2596554M.jpeg,NO,NO,147.0000,181.0000,AUTO_ACCEPT,Strong author/title/language match and validated physical cover.,
NL,TWENTIETH_CENTURY,Simon Carmiggelt,2,8,12,/works/OL975200W,Vroeger kon je lachen,Simon Carmiggelt,1.0000,1977,/books/OL4678052M,Vroeger kon je lachen,,dut,1.0000,9029512008,De Arbeiderspers,1977,,11740329,VALID_COVER,304,500,JPEG,data/cache/nl-mass-editorial-engine/covers/NL-OL4678052M.jpeg,NO,NO,147.0000,181.0000,AUTO_ACCEPT,Strong author/title/language match and validated physical cover.,
NL,TWENTIETH_CENTURY,Simon Carmiggelt,2,8,12,/works/OL975202W,Ze doen maar,Simon Carmiggelt,1.0000,1976,/books/OL4619425M,Ze doen maar,,dut,1.0000,9029512105,De Arbeiderspers,1976,,12322250,VALID_COVER,304,500,JPEG,data/cache/nl-mass-editorial-engine/covers/NL-OL4619425M.jpeg,NO,NO,147.0000,181.0000,AUTO_ACCEPT,Strong author/title/language match and validated physical cover.,
NL,TWENTIETH_CENTURY,Simon Carmiggelt,2,8,12,/works/OL975203W,Zelfportret in stukjes,Simon Carmiggelt,1.0000,1989,/books/OL1804137M,Zelfportret in stukjes,,dut,1.0000,9029510536,Arbeiderspers,1989,,4018661,VALID_COVER,128,206,JPEG,data/cache/nl-mass-editorial-engine/covers/NL-OL1804137M.jpeg,NO,NO,147.0000,181.0000,AUTO_ACCEPT,Strong author/title/language match and validated physical cover.,
NL,TWENTIETH_CENTURY,Ward Ruyslinck,2,7,10,/works/OL2428633W,Alle verhalen,Ward Ruyslinck,1.0000,1979,/books/OL4199792M,Alle verhalen,,dut,1.0000,9022307433,Manteau,1979,,4374400,VALID_COVER,128,201,JPEG,data/cache/nl-mass-editorial-engine/covers/NL-OL4199792M.jpeg,NO,NO,147.0000,181.0000,AUTO_ACCEPT,Strong author/title/language match and validated physical cover.,
NL,TWENTIETH_CENTURY,Ward Ruyslinck,2,7,10,/works/OL2428634W,De Apokatastasis of het Apocriefe boek van Galax Niksen,Ward Ruyslinck,1.0000,1970,/books/OL35332260M,De Apokatastasis of het apocriefe boek van Galax Niksen,,dut,1.0000,9789022302002,Manteau,1970,,12151846,VALID_COVER,302,500,JPEG,data/cache/nl-mass-editorial-engine/covers/NL-OL35332260M.jpeg,NO,NO,147.0000,181.0000,AUTO_ACCEPT,Strong author/title/language match and validated physical cover.,
NL,TWENTIETH_CENTURY,Ward Ruyslinck,2,7,10,/works/OL2428636W,De boze droom het medeleven,Ward Ruyslinck,1.0000,1982,/books/OL3053807M,De boze droom het medeleven,,dut,1.0000,9022308472,Manteau,1982,,11493494,VALID_COVER,300,500,JPEG,data/cache/nl-mass-editorial-engine/covers/NL-OL3053807M.jpeg,NO,NO,147.0000,181.0000,AUTO_ACCEPT,Strong author/title/language match and validated physical cover.,
NL,TWENTIETH_CENTURY,Ward Ruyslinck,2,7,10,/works/OL2428643W,De speeltuin,Ward Ruyslinck,1.0000,1992,/books/OL1325326M,De speeltuin,,dut,1.0000,9022312534,Manteau,1992,,3921335,VALID_COVER,128,200,JPEG,data/cache/nl-mass-editorial-engine/covers/NL-OL1325326M.jpeg,NO,NO,147.0000,181.0000,AUTO_ACCEPT,Strong author/title/language match and validated physical cover.,
NL,TWENTIETH_CENTURY,Ward Ruyslinck,2,7,10,/works/OL2428644W,De uilen van Minerva,Ward Ruyslinck,1.0000,1985,/books/OL2654294M,De uilen van Minerva,,dut,1.0000,9022309991,Manteau,1985,,4161632,VALID_COVER,128,207,JPEG,data/cache/nl-mass-editorial-engine/covers/NL-OL2654294M.jpeg,NO,NO,147.0000,181.0000,AUTO_ACCEPT,Strong author/title/language match and validated physical cover.,
NL,TWENTIETH_CENTURY,Ward Ruyslinck,2,7,10,/works/OL2428666W,Golden Ophelia,Ward Ruyslinck,1.0000,1966,/books/OL5246639M,Golden Ophelia,a novel,eng | dut,1.0000,0720600642,Peter Owen,1975,,4491576,VALID_COVER,128,195,JPEG,data/cache/nl-mass-editorial-engine/covers/NL-OL5246639M.jpeg,NO,NO,147.0000,181.0000,AUTO_ACCEPT,Strong author/title/language match and validated physical cover.,
NL,TWENTIETH_CENTURY,Ward Ruyslinck,2,7,10,/works/OL2428648W,Het geboortehuis,Ward Ruyslinck,1.0000,1995,/books/OL562423M,Het geboortehuis,,dut,1.0000,9029050837,Meulenhoff,1995,,3766156,VALID_COVER,128,222,JPEG,data/cache/nl-mass-editorial-engine/covers/NL-OL562423M.jpeg,NO,NO,147.0000,181.0000,AUTO_ACCEPT,Strong author/title/language match and validated physical cover.,
NL,TWENTIETH_CENTURY,Ward Ruyslinck,2,7,10,/works/OL2428651W,IJlings naar nergens,Ward Ruyslinck,1.0000,1989,/books/OL2275618M,IJlings naar nergens,ontboezemingen aan een boezemvriend,dut,1.0000,9022311392,Manteau,1989,,4105263,VALID_COVER,128,207,JPEG,data/cache/nl-mass-editorial-engine/covers/NL-OL2275618M.jpeg,NO,NO,147.0000,181.0000,AUTO_ACCEPT,Strong author/title/language match and validated physical cover.,
NL,TWENTIETH_CENTURY,Ward Ruyslinck,2,7,10,/works/OL2428653W,Leegstaande huizen,Ward Ruyslinck,1.0000,1983,/books/OL2809277M,Leegstaande huizen,verhalen,dut,1.0000,9022308928,Manteau,1983,,12153261,VALID_COVER,301,500,JPEG,data/cache/nl-mass-editorial-engine/covers/NL-OL2809277M.jpeg,NO,NO,147.0000,181.0000,AUTO_ACCEPT,Strong author/title/language match and validated physical cover.,
NL,TWENTIETH_CENTURY,Ward Ruyslinck,2,7,10,/works/OL2428656W,Op toernee met Leopold Sondag,Ward Ruyslinck,1.0000,1978,/books/OL4496953M,Op toernee met Leopold Sondag,,dut,1.0000,9022306755,Elsevier Manteau,1978,,4410050,VALID_COVER,128,217,JPEG,data/cache/nl-mass-editorial-engine/covers/NL-OL4496953M.jpeg,NO,NO,147.0000,181.0000,AUTO_ACCEPT,Strong author/title/language match and validated physical cover.,
NL,TWENTIETH_CENTURY,Ward Ruyslinck,2,7,10,/works/OL2428655W,Open beeldboek,Ward Ruyslinck,1.0000,1983,/books/OL3253052M,Open beeldboek,verzamelde opstellen over plastische kunsten,dut,1.0000,9022308898,Manteau,1983,,14584069,VALID_COVER,149,234,JPEG,data/cache/nl-mass-editorial-engine/covers/NL-OL3253052M.jpeg,NO,NO,147.0000,181.0000,AUTO_ACCEPT,Strong author/title/language match and validated physical cover.,
NL,TWENTIETH_CENTURY,Ward Ruyslinck,2,7,10,/works/OL19485629W,Over Ward Ruyslinck,Ward Ruyslinck | Daan Cartens,1.0000,1982,/books/OL3211183M,Over Ward Ruyslinck,beschouwingen en interviews,dut,1.0000,9062911269,BZZTôH,1982,,4236459,VALID_COVER,128,203,JPEG,data/cache/nl-mass-editorial-engine/covers/NL-OL3211183M.jpeg,NO,NO,147.0000,181.0000,AUTO_ACCEPT,Strong author/title/language match and validated physical cover.,
NL,TWENTIETH_CENTURY,Ward Ruyslinck,2,7,10,/works/OL19620182W,"Profiel, Ward Ruyslinck",Ward Ruyslinck,1.0000,1992,/books/OL1456306M,"Profiel, Ward Ruyslinck.",,dut,1.0000,9022312798,Manteau,1992,,3951349,VALID_COVER,128,200,JPEG,data/cache/nl-mass-editorial-engine/covers/NL-OL1456306M.jpeg,NO,NO,147.0000,181.0000,AUTO_ACCEPT,Strong author/title/language match and validated physical cover.,
NL,TWENTIETH_CENTURY,Ward Ruyslinck,2,7,10,/works/OL13282104W,The deadbeats,Ward Ruyslinck,1.0000,1968,/books/OL22290196M,The deadbeats,a novel,eng | dut,1.0000,0720622255,Owen,1968,,13845849,VALID_COVER,322,480,JPEG,data/cache/nl-mass-editorial-engine/covers/NL-OL22290196M.jpeg,NO,NO,147.0000,181.0000,AUTO_ACCEPT,Strong author/title/language match and validated physical cover.,
NL,TWENTIETH_CENTURY,Ward Ruyslinck,2,7,10,/works/OL2428657W,The reservation,Ward Ruyslinck,1.0000,1978,/books/OL4481512M,The reservation,a novel,eng | dut,1.0000,0720605172,Owen,1978,,12686238,VALID_COVER,322,500,JPEG,data/cache/nl-mass-editorial-engine/covers/NL-OL4481512M.jpeg,NO,NO,147.0000,181.0000,AUTO_ACCEPT,Strong author/title/language match and validated physical cover.,
NL,TWENTIETH_CENTURY,Ward Ruyslinck,2,7,10,/works/OL2428662W,Wurgtechnieken,Ward Ruyslinck,1.0000,1980,/books/OL4165886M,Wurgtechnieken,,dut,1.0000,9022307859,Elsevier Manateau,1980,,4371039,VALID_COVER,128,221,JPEG,data/cache/nl-mass-editorial-engine/covers/NL-OL4165886M.jpeg,NO,NO,147.0000,181.0000,AUTO_ACCEPT,Strong author/title/language match and validated physical cover.,
NL,TWENTIETH_CENTURY,Ward Ruyslinck,2,7,10,/works/OL28172668W,De verliefde akala,Ward Ruyslinck,1.0000,1975,/books/OL38568785M,De verliefde akala,,dut,1.0000,9789022304648,,1975,,12806866,VALID_COVER,264,500,JPEG,data/cache/nl-mass-editorial-engine/covers/NL-OL38568785M.jpeg,NO,NO,142.0000,172.0000,AUTO_ACCEPT,Strong author/title/language match and validated physical cover.,
NL,TWENTIETH_CENTURY,Hubert Lampo,2,7,10,/works/OL1337954W,De ruiter op de wolken,Hubert Lampo,1.0000,1967,/books/OL24922017M,De ruiter op de wolken,,dut,1.0000,,Heideland,1971,,6868388,VALID_COVER,300,500,JPEG,data/cache/nl-mass-editorial-engine/covers/NL-OL24922017M.jpeg,NO,NO,141.0000,170.0000,AUTO_ACCEPT,Strong author/title/language match and validated physical cover.,
NL,TWENTIETH_CENTURY,Hubert Lampo,2,7,10,/works/OL1337929W,De vingerafdrukken van Brahma,Hubert Lampo,1.0000,1972,/books/OL5495421M,De vingerafdrukken van Brahma,en andere verhalen.,dut,1.0000,,Meulenhoff,1972,,12675467,VALID_COVER,305,500,JPEG,data/cache/nl-mass-editorial-engine/covers/NL-OL5495421M.jpeg,NO,NO,141.0000,170.0000,AUTO_ACCEPT,Strong author/title/language match and validated physical cover.,
NL,TWENTIETH_CENTURY,Hubert Lampo,2,7,10,/works/OL1337958W,Hélène Defraye,Hubert Lampo,1.0000,1962,/books/OL24335318M,Hélène Defraye,,dut,1.0000,,Manteau,[1962],,6462115,VALID_COVER,297,500,JPEG,data/cache/nl-mass-editorial-engine/covers/NL-OL24335318M.jpeg,NO,NO,141.0000,170.0000,AUTO_ACCEPT,Strong author/title/language match and validated physical cover.,
NL,TWENTIETH_CENTURY,Ivo Michiels,2,5,8,/works/OL5296555W,Orchis militaris,Ivo Michiels,1.0000,1968,/books/OL24968623M,Orchis militaris,,dut,1.0000,,De Bezige Bij,1970,,6881773,VALID_COVER,311,500,JPEG,data/cache/nl-mass-editorial-engine/covers/NL-OL24968623M.jpeg,NO,NO,141.0000,170.0000,AUTO_ACCEPT,Strong author/title/language match and validated physical cover.,
NL,TWENTIETH_CENTURY,Mensje van Keulen,2,6,9,/works/OL15196997W,Drie mannetjesputters van De Arbeiderspers bij Scheltema Holkema Vermeulen,Maarten 't Hart | Mensje van Keulen | Gerrit Komrij,1.0000,1977,/books/OL24326378M,Drie mannetjesputters van De Arbeiderspers bij Scheltema Holkema Vermeulen,,dut,1.0000,,De Arbeiderspers,1977,,6451845,VALID_COVER,360,500,JPEG,data/cache/nl-mass-editorial-engine/covers/NL-OL24326378M.jpeg,NO,NO,141.0000,170.0000,AUTO_ACCEPT,Strong author/title/language match and validated physical cover.,
NL,TWENTIETH_CENTURY,Simon Carmiggelt,2,8,12,/works/OL975188W,Poespas,Simon Carmiggelt,1.0000,1952,/books/OL22901271M,Poespas.,Alle kattenverhalen en nog veel meer,dut,1.0000,,De Arbeiderspers,1952,,8036688,VALID_COVER,299,500,JPEG,data/cache/nl-mass-editorial-engine/covers/NL-OL22901271M.jpeg,NO,NO,141.0000,170.0000,AUTO_ACCEPT,Strong author/title/language match and validated physical cover.,
NL,TWENTIETH_CENTURY,Hubert Lampo,2,7,10,/works/OL1337928W,De verzoeking,Hubert Lampo,1.0000,1977,/books/OL4308728M,De verzoeking,een radiospel,dut,1.0000,9022305880,Manteau,1977,,4389022,IMAGE_TOO_SMALL,128,154,JPEG,,NO,NO,147.0000,156.0000,REJECT,Physical cover validation failed: IMAGE_TOO_SMALL,
NL,TWENTIETH_CENTURY,Andreas Burnier,2,5,8,/works/OL23033430W,Andreas Burnier ... over Het spirituele in de kunst,Andreas Burnier | Mark Mastenbroek,1.0000,1988,/books/OL2112233M,Andreas Burnier ... over Het spirituele in de kunst,,dut,1.0000,9060382765,Vrij Geestesleven,1988,,,NOT_PROBED,,,,,NO,NO,135.0000,144.0000,REJECT,No cover candidate.,
NL,TWENTIETH_CENTURY,Andreas Burnier,2,5,8,/works/OL1713781W,De droom der rede,Andreas Burnier,1.0000,1982,/books/OL3046144M,De droom der rede,het mensbeeld in de sociale wetenschappen : een poging tot criminosofie,dut,1.0000,9024791111,Nijhoff,1982,,,NOT_PROBED,,,,,NO,NO,135.0000,144.0000,REJECT,No cover candidate.,
NL,TWENTIETH_CENTURY,Andreas Burnier,2,5,8,/works/OL1713784W,De reis naar Kíthira,Andreas Burnier,1.0000,1976,/books/OL4651082M,De reis naar Kíthira,,dut,1.0000,9021413159,Querido,1976,,,NOT_PROBED,,,,,NO,NO,135.0000,144.0000,REJECT,No cover candidate.,
NL,TWENTIETH_CENTURY,Andreas Burnier,2,5,8,/works/OL1713787W,De verschrikkingen van het noorden,Andreas Burnier,1.0000,1974,/books/OL21015725M,De verschrikkingen van het noorden.,,dut,1.0000,9021411490,Querido,1974,,,NOT_PROBED,,,,,NO,NO,135.0000,144.0000,REJECT,No cover candidate.,
NL,TWENTIETH_CENTURY,Andreas Burnier,2,5,8,/works/OL1713788W,De Vrouw Als Auteu,Andreas Burnier,1.0000,1980,/books/OL12848124M,De Vrouw Als Auteu.,,dut,1.0000,9062835554,Dick Coutinho 1980.,1980,,,NOT_PROBED,,,,,NO,NO,135.0000,144.0000,REJECT,No cover candidate.,
NL,TWENTIETH_CENTURY,Andreas Burnier,2,5,8,/works/OL28612558W,De Zwembadmentaliteit,Andreas Burnier,1.0000,1979,/books/OL50347842M,De zwembadmentaliteit,,dut,1.0000,9021455471,Querido,1979,,,NOT_PROBED,,,,,NO,NO,135.0000,144.0000,REJECT,No cover candidate.,
NL,TWENTIETH_CENTURY,Andreas Burnier,2,5,8,/works/OL23898694W,Een gevaar dat de ziel in wil,Andreas Burnier,1.0000,2003,/books/OL31604897M,Een gevaar dat de ziel in wil,"essays, brieven en interviews 1965-2002",dut,1.0000,9045703416,Augustus,2003,,,NOT_PROBED,,,,,NO,NO,135.0000,144.0000,REJECT,No cover candidate.,
NL,TWENTIETH_CENTURY,Andreas Burnier,2,5,8,/works/OL1713790W,Gesprekken in de nacht,Andreas Burnier,1.0000,1987,/books/OL2445341M,Gesprekken in de nacht,briefwisseling 1981-1986 met René van Hezewijk en Chris Rutenfrans,dut,1.0000,9021455536,Querido,1987,,,NOT_PROBED,,,,,NO,NO,135.0000,144.0000,REJECT,No cover candidate.,
NL,TWENTIETH_CENTURY,Andreas Burnier,2,5,8,/works/OL23890389W,Na de laatste keer,Andreas Burnier,1.0000,1981,/books/OL31599436M,Na de laatste keer,gedichten,dut,1.0000,9045701227,Augustus,2004,,,NOT_PROBED,,,,,NO,NO,135.0000,144.0000,REJECT,No cover candidate.,
NL,TWENTIETH_CENTURY,Andreas Burnier,2,5,8,/works/OL1713794W,Poëzie,Andreas Burnier,1.0000,1974,/books/OL20112506M,Poëzie,jongens en het gezelschap van geleerde vrouwen,dut,1.0000,9021413205,Querido,1974,,,NOT_PROBED,,,,,NO,NO,135.0000,144.0000,REJECT,No cover candidate.,
NL,TWENTIETH_CENTURY,Andreas Burnier,2,5,8,/works/OL44630574W,Ruiter in de wolken,Andreas Burnier | Daniel van Mourik | Manja Ressler | Bart Wallet,1.0000,2015,/books/OL60965318M,Ruiter in de wolken,Joodse essays 1990-2002,dut,1.0000,9789045029146,Uitgeverij Augustus,2015,,,NOT_PROBED,,,,,NO,NO,135.0000,144.0000,REJECT,No cover candidate.,
NL,TWENTIETH_CENTURY,F. Springer,2,6,9,/works/OL2158142W,Allemaal gelogen,F. Springer,1.0000,2002,/books/OL3636368M,Allemaal gelogen,de herinnering als mooi verhaal,dut,1.0000,9021482266,Querido,2002,,,NOT_PROBED,,,,,NO,NO,135.0000,144.0000,REJECT,No cover candidate.,
NL,TWENTIETH_CENTURY,F. Springer,2,6,9,/works/OL2158143W,Bandoeng-Bandung,F. Springer,1.0000,1993,/books/OL1501033M,Bandoeng-Bandung,,dut,1.0000,9021482908,Querido,1993,,,NOT_PROBED,,,,,NO,NO,135.0000,144.0000,REJECT,No cover candidate.,
NL,TWENTIETH_CENTURY,F. Springer,2,6,9,/works/OL37398323W,Bericht uit Hollandia & Schimmen rond de Parula,F. Springer,1.0000,1986,/books/OL50400223M,Bericht uit Hollandia & Schimmen rond de Parula,,dut,1.0000,9021482797,Querido,1986,,,NOT_PROBED,,,,,NO,NO,135.0000,144.0000,REJECT,No cover candidate.,
NL,TWENTIETH_CENTURY,F. Springer,2,6,9,/works/OL22742193W,Met stille trom,F. Springer,1.0000,2012,/books/OL30721814M,Met stille trom,een journaal,dut,1.0000,9789021442129,Em. Querido's Uitgeverij BV,2012,,,NOT_PROBED,,,,,NO,NO,135.0000,144.0000,REJECT,No cover candidate.,
NL,TWENTIETH_CENTURY,F. Springer,2,6,9,/works/OL22365222W,Quadriga,F. Springer,1.0000,2010,/books/OL30449285M,Quadriga,een eindspel,dut,1.0000,9789021438962,Querido,2010,,,NOT_PROBED,,,,,NO,NO,135.0000,144.0000,REJECT,No cover candidate.,
NL,TWENTIETH_CENTURY,F. Springer,2,6,9,/works/OL2158149W,Sterremeer,F. Springer,1.0000,1990,/books/OL1996309M,Sterremeer,,dut,1.0000,9070066807,Querido,1990,,,NOT_PROBED,,,,,NO,NO,135.0000,144.0000,REJECT,No cover candidate.,
NL,TWENTIETH_CENTURY,F. Springer,2,6,9,/works/OL2158151W,Zaken overzee,F. Springer,1.0000,1977,/books/OL50300941M,ZAKEN OVERZEE,,dut,1.0000,9021495333,QUERIDO,1982,,,NOT_PROBED,,,,,NO,NO,135.0000,144.0000,REJECT,No cover candidate.,
NL,TWENTIETH_CENTURY,Hubert Lampo,2,7,10,/works/OL1337912W,Arthur,Hubert Lampo,1.0000,1985,/books/OL2280402M,Arthur,,dut,1.0000,9027472653,Spectrum,1985,,,NOT_PROBED,,,,,NO,NO,135.0000,144.0000,REJECT,No cover candidate.,
NL,TWENTIETH_CENTURY,Hubert Lampo,2,7,10,/works/OL37334696W,De Antwerpse romans,Hubert Lampo,1.0000,1984,/books/OL50317226M,De Antwerpse romans,,dut,1.0000,9029019425,Meulenhoff,1984,,,NOT_PROBED,,,,,NO,NO,135.0000,144.0000,REJECT,No cover candidate.,
NL,TWENTIETH_CENTURY,Hubert Lampo,2,7,10,/works/OL1337914W,De boeken van weemoed,Hubert Lampo,1.0000,1994,/books/OL881684M,De boeken van weemoed,,dut,1.0000,9029046732,Meulenhoff,1994,,,NOT_PROBED,,,,,NO,NO,135.0000,144.0000,REJECT,No cover candidate.,
NL,TWENTIETH_CENTURY,Hubert Lampo,2,7,10,/works/OL1337917W,De eerste sneeuw van het jaar,Hubert Lampo,1.0000,1985,/books/OL2629406M,De eerste sneeuw van het jaar,roman,dut,1.0000,9029015403,Meulenhoff,1985,,,NOT_PROBED,,,,,NO,NO,135.0000,144.0000,REJECT,No cover candidate.,
NL,TWENTIETH_CENTURY,Hubert Lampo,2,7,10,/works/OL37353717W,DE ENGEL EN DE JUKE-BOX,Hubert Lampo,1.0000,1978,/books/OL50342390M,DE ENGEL EN DE JUKE-BOX,& ANDERE VERHALEN,dut,1.0000,9029008679,MEULENHOFF,1978,,,NOT_PROBED,,,,,NO,NO,135.0000,144.0000,REJECT,No cover candidate.,
NL,TWENTIETH_CENTURY,Hubert Lampo,2,7,10,/works/OL37358640W,De geboorte van een God en andere verhalen,Hubert Lampo,1.0000,1979,/books/OL50349329M,De geboorte van een God en andere verhalen,,dut,1.0000,9021494825,Em. Querido,1979,,,NOT_PROBED,,,,,NO,NO,135.0000,144.0000,REJECT,No cover candidate.,
NL,TWENTIETH_CENTURY,Hubert Lampo,2,7,10,/works/OL1337957W,De komst van Joachim Stiller,Hubert Lampo,1.0000,1969,/books/OL18658299M,De komst van Joachim Stiller,,dut,1.0000,9001550207,Wolters-Noordhoff,1998,,,NOT_PROBED,,,,,NO,NO,135.0000,144.0000,REJECT,No cover candidate.,
NL,TWENTIETH_CENTURY,Hubert Lampo,2,7,10,/works/OL34793315W,De magische wereld van Hubert Lampo,Hubert Lampo,1.0000,1995,/books/OL47145345M,De magische wereld van Hubert Lampo,Zijn beste verhalen,dut,1.0000,9789029043052,Meulenhoff,"Mar 17, 1995",,,NOT_PROBED,,,,,NO,NO,135.0000,144.0000,REJECT,No cover candidate.,
NL,TWENTIETH_CENTURY,Hubert Lampo,2,7,10,/works/OL1337926W,De prins van Magonia,Hubert Lampo,1.0000,1976,/books/OL4621608M,De prins van Magonia,roman,dut,1.0000,9029009039,Meulenhoff,1976,,,NOT_PROBED,,,,,NO,NO,135.0000,144.0000,REJECT,No cover candidate.,
NL,TWENTIETH_CENTURY,Hubert Lampo,2,7,10,/works/OL1337936W,Het Graalboek,Hubert Lampo,1.0000,1985,/books/OL2576569M,Het Graalboek,,dut,1.0000,9029018585,Meulenhoff,1985,,,NOT_PROBED,,,,,NO,NO,135.0000,144.0000,REJECT,No cover candidate.,
NL,TWENTIETH_CENTURY,Hubert Lampo,2,7,10,/works/OL43607995W,Innerlijke domeinen,Hubert Lampo,1.0000,2000,/books/OL59445072M,Innerlijke domeinen,De elfenkoningin & Terugkeer naar Atlantis & De wortels der verbeelding,dut,1.0000,9029050381,Meulenhoff,2000,,,NOT_PROBED,,,,,NO,NO,135.0000,144.0000,REJECT,No cover candidate.,
NL,TWENTIETH_CENTURY,Hubert Lampo,2,7,10,/works/OL1337938W,Joachim Stiller en ik,Hubert Lampo,1.0000,1978,/books/OL4348500M,Joachim Stiller en ik,een autobiografie,dut,1.0000,9029005572,Meulenhoff Nederland,1978,,,NOT_PROBED,,,,,NO,NO,135.0000,144.0000,REJECT,No cover candidate.,
NL,TWENTIETH_CENTURY,Hubert Lampo,2,7,10,/works/OL19482669W,Kasper in de onderwereld,Hubert Lampo,1.0000,1974,/books/OL4836768M,Kasper in de onderwereld,"of, De goden moeten hun getal hebben : roman",dut,1.0000,9029000759,Meulenhoff Nederland,1974,,,NOT_PROBED,,,,,NO,NO,135.0000,144.0000,REJECT,No cover candidate.,
NL,TWENTIETH_CENTURY,Hubert Lampo,2,7,10,/works/OL37356077W,REGEN EN GASLICHT,Hubert Lampo,1.0000,1978,/books/OL50345636M,REGEN EN GASLICHT,DE MADONNA VAN NEDERMUNSTER,dut,1.0000,9063060432,DE CLAUWAERT,1978,,,NOT_PROBED,,,,,NO,NO,135.0000,144.0000,REJECT,No cover candidate.,
NL,TWENTIETH_CENTURY,Hubert Lampo,2,7,10,/works/OL43804749W,Terugkeer naar Atlantis,Hubert Lampo,1.0000,2000,/books/OL59712948M,Terugkeer naar Atlantis,roman,dut,1.0000,9052405948,Houtekiet,2000,,,NOT_PROBED,,,,,NO,NO,135.0000,144.0000,REJECT,No cover candidate.,
NL,TWENTIETH_CENTURY,Hubert Lampo,2,7,10,/works/OL1337951W,Zeg maar Judith,Hubert Lampo,1.0000,1983,/books/OL2799601M,Zeg maar Judith,roman,dut,1.0000,9029018836,Meulenhoff,1983,,,NOT_PROBED,,,,,NO,NO,135.0000,144.0000,REJECT,No cover candidate.,
NL,TWENTIETH_CENTURY,Hubert Lampo,2,7,10,/works/OL1337952W,Zoomlens op Lampo,Hubert Lampo,1.0000,1976,/books/OL4969341M,Zoomlens op Lampo,een aforistische bloemlezing uit het werk van Hubert Lampo,dut,1.0000,9029527579,De Arbeiderspers,1976,,,NOT_PROBED,,,,,NO,NO,135.0000,144.0000,REJECT,No cover candidate.,
NL,TWENTIETH_CENTURY,Ivo Michiels,2,5,8,/works/OL5296539W,Daar komen scherven van,Ivo Michiels,1.0000,1995,/books/OL1025911M,Daar komen scherven van,,dut,1.0000,9023434897,De Bezige Bij,1995,,,NOT_PROBED,,,,,NO,NO,135.0000,144.0000,REJECT,No cover candidate.,
NL,TWENTIETH_CENTURY,Ivo Michiels,2,5,8,/works/OL37362830W,De alfa-cyclus,Ivo Michiels,1.0000,1980,/books/OL50355124M,De alfa-cyclus,,dut,1.0000,9023407202,De Bezige Bij,1980,,,NOT_PROBED,,,,,NO,NO,135.0000,144.0000,REJECT,No cover candidate.,
NL,TWENTIETH_CENTURY,Ivo Michiels,2,5,8,/works/OL38698643W,De verrukking,Ivo Michiels,1.0000,1999,/books/OL52683761M,De verrukking,een roman,dut,1.0000,9023438663,Bezige Bij,1999,,,NOT_PROBED,,,,,NO,NO,135.0000,144.0000,REJECT,No cover candidate.,
NL,TWENTIETH_CENTURY,Ivo Michiels,2,5,8,/works/OL5296541W,De vrouwen van de aartsengel,Ivo Michiels,1.0000,1983,/books/OL2806934M,De vrouwen van de aartsengel,,dut,1.0000,9023408373,Bezige Bij,1983,,,NOT_PROBED,,,,,NO,NO,135.0000,144.0000,REJECT,No cover candidate.,
NL,TWENTIETH_CENTURY,Ivo Michiels,2,5,8,/works/OL34645676W,Exit,Ivo Michiels,1.0000,1971,/books/OL46972759M,Exit,,dut,1.0000,9789400513297,De Bezige Bij,1971,,,NOT_PROBED,,,,,NO,NO,135.0000,144.0000,REJECT,No cover candidate.,
NL,TWENTIETH_CENTURY,Ivo Michiels,2,5,8,/works/OL33764303W,Het afscheid (BB-literair),Ivo Michiels,1.0000,1960,/books/OL45734263M,Het afscheid (BB-literair),,dut,1.0000,9789023400097,De Bezige Bij,1960,,,NOT_PROBED,,,,,NO,NO,135.0000,144.0000,REJECT,No cover candidate.,
NL,TWENTIETH_CENTURY,Ivo Michiels,2,5,8,/works/OL33386878W,"Het literatuurkritische werk in ""Het Handelsblad""",Ivo Michiels,1.0000,2010,/books/OL45294261M,"Het literatuurkritische werk in ""Het Handelsblad""",,dut,1.0000,9789072474803,Koninklijke Academie voor Nederlandse Taal- en Letterkunde,2010,,,NOT_PROBED,,,,,NO,NO,135.0000,144.0000,REJECT,No cover candidate.,
NL,TWENTIETH_CENTURY,Ivo Michiels,2,5,8,/works/OL5296546W,Luister hoe dit beeld hoe die lijn hoe die kleur hoe dit vlak luister,Ivo Michiels,1.0000,1979,/books/OL4208338M,Luister hoe dit beeld hoe die lijn hoe die kleur hoe dit vlak luister,,dut,1.0000,9063720262,Soethoudt,1979,,,NOT_PROBED,,,,,NO,NO,135.0000,144.0000,REJECT,No cover candidate.,
NL,TWENTIETH_CENTURY,Ivo Michiels,2,5,8,/works/OL16366479W,Mag ik spreken?,Ivo Michiels,1.0000,2011,/books/OL25144337M,Mag ik spreken?,"Journal brut, een reconstructie",dut,1.0000,9789023457152,De Bezige Bij,2011,,,NOT_PROBED,,,,,NO,NO,135.0000,144.0000,REJECT,No cover candidate.,
NL,TWENTIETH_CENTURY,Ivo Michiels,2,5,8,/works/OL23133617W,Maya Maya,Ivo Michiels,1.0000,2013,/books/OL30973478M,Maya Maya,roman,dut,1.0000,9789023478560,De Bezige Bij,2013,,,NOT_PROBED,,,,,NO,NO,135.0000,144.0000,REJECT,No cover candidate.,
NL,TWENTIETH_CENTURY,Ivo Michiels,2,5,8,/works/OL16019300W,Meer dan ik mij herinner,Ivo Michiels,1.0000,2011,/books/OL24922951M,Meer dan ik mij herinner,gesprekken met Ivo Michiels,dut,1.0000,902342882X,De Bezige Bij,2011,,,NOT_PROBED,,,,,NO,NO,135.0000,144.0000,REJECT,No cover candidate.,
NL,TWENTIETH_CENTURY,Ivo Michiels,2,5,8,/works/OL5296550W,"Schildwacht, schuldwacht",Ivo Michiels,1.0000,1993,/books/OL1156070M,"Schildwacht, schuldwacht",,dut,1.0000,9023433130,Bezige Bij,1993,,,NOT_PROBED,,,,,NO,NO,135.0000,144.0000,REJECT,No cover candidate.,
NL,TWENTIETH_CENTURY,Ivo Michiels,2,5,8,/works/OL5296551W,Sissi,Ivo Michiels,1.0000,1997,/books/OL308869M,Sissi,,dut,1.0000,9023436520,Bezige Bij,1997,,,NOT_PROBED,,,,,NO,NO,135.0000,144.0000,REJECT,No cover candidate.,
NL,TWENTIETH_CENTURY,Jef Geeraerts,2,7,10,/works/OL42512565W,27.393,Jef Geeraerts,1.0000,2005,/books/OL57697388M,27.393,,dut,1.0000,9789044606560,Prometheus,2005,,,NOT_PROBED,,,,,NO,NO,135.0000,144.0000,REJECT,No cover candidate.,
NL,TWENTIETH_CENTURY,Jef Geeraerts,2,7,10,/works/OL780076W,Brieven,Jef Geeraerts,1.0000,1996,/books/OL724066M,Brieven,,dut,1.0000,9022314154,Meulenhoff,1996,,,NOT_PROBED,,,,,NO,NO,135.0000,144.0000,REJECT,No cover candidate.,
NL,TWENTIETH_CENTURY,Jef Geeraerts,2,7,10,/works/OL780078W,Cro-Magnon,Jef Geeraerts,1.0000,2006,/books/OL16359250M,Cro-Magnon,,dut,1.0000,9789044607437,Prometheus,2006,,,NOT_PROBED,,,,,NO,NO,135.0000,144.0000,REJECT,No cover candidate.,
NL,TWENTIETH_CENTURY,Jef Geeraerts,2,7,10,/works/OL780080W,De Coltmoorden,Jef Geeraerts,1.0000,1980,/books/OL3806977M,De Coltmoorden,politiethriller,dut,1.0000,9022307840,Elsevier Manteau,1980,,,NOT_PROBED,,,,,NO,NO,135.0000,144.0000,REJECT,No cover candidate.,
NL,TWENTIETH_CENTURY,Jef Geeraerts,2,7,10,/works/OL45360985W,De Cu Chi case,Jef Geeraerts,1.0000,1993,/books/OL61820791M,De Cu Chi case,misdaadroman,dut,1.0000,9022313034,Manteau,1993,,,NOT_PROBED,,,,,NO,NO,135.0000,144.0000,REJECT,No cover candidate.,
NL,TWENTIETH_CENTURY,Jef Geeraerts,2,7,10,/works/OL34924584W,De goede moordenaar,Jef Geeraerts,1.0000,1994,/books/OL47283243M,De goede moordenaar,,dut,1.0000,9789022312995,WPG Uitgevers België - Algemeen & Import,1994,,,NOT_PROBED,,,,,NO,NO,135.0000,144.0000,REJECT,No cover candidate.,
NL,TWENTIETH_CENTURY,Jef Geeraerts,2,7,10,/works/OL780105W,De nachtvogels,Jef Geeraerts,1.0000,1994,/books/OL854450M,De nachtvogels,,dut,1.0000,9022313387,Manteau,1994,,,NOT_PROBED,,,,,NO,NO,135.0000,144.0000,REJECT,No cover candidate.,
NL,TWENTIETH_CENTURY,Jef Geeraerts,2,7,10,/works/OL780085W,De zaak Jespers,Jef Geeraerts,1.0000,1978,/books/OL4343090M,De zaak Jespers,,dut,1.0000,9022306542,Manteau,1978,,,NOT_PROBED,,,,,NO,NO,135.0000,144.0000,REJECT,No cover candidate.,
NL,TWENTIETH_CENTURY,Jef Geeraerts,2,7,10,/works/OL780086W,Diamant,Jef Geeraerts,1.0000,1982,/books/OL3126371M,Diamant,thriller,dut,1.0000,9022308588,Manteau,1982,,,NOT_PROBED,,,,,NO,NO,135.0000,144.0000,REJECT,No cover candidate.,
NL,TWENTIETH_CENTURY,Jef Geeraerts,2,7,10,/works/OL780087W,Dood in Bourgondië,Jef Geeraerts,1.0000,1976,/books/OL4649155M,Dood in Bourgondië,,dut,1.0000,9022305627,Manteau,1976,,,NOT_PROBED,,,,,NO,NO,135.0000,144.0000,REJECT,No cover candidate.,
NL,TWENTIETH_CENTURY,Jef Geeraerts,2,7,10,/works/OL780088W,Double-face,Jef Geeraerts,1.0000,1990,/books/OL1035244M,Double-face,misdaadroman,dut,1.0000,9022312046,Manteau,1990,,,NOT_PROBED,,,,,NO,NO,135.0000,144.0000,REJECT,No cover candidate.,
NL,TWENTIETH_CENTURY,Jef Geeraerts,2,7,10,/works/OL780089W,Drugs,Jef Geeraerts,1.0000,1983,/books/OL2884527M,Drugs,misdaadroman,dut,1.0000,9022308936,Manteau,1983,,,NOT_PROBED,,,,,NO,NO,135.0000,144.0000,REJECT,No cover candidate.,
NL,TWENTIETH_CENTURY,Jef Geeraerts,2,7,10,/works/OL23921162W,Gangreen,Jef Geeraerts,1.0000,2003,/books/OL31627156M,Gangreen,de cyclus,dut,1.0000,9059900146,Meulenhoff/Manteau,2003,,,NOT_PROBED,,,,,NO,NO,135.0000,144.0000,REJECT,No cover candidate.,
NL,TWENTIETH_CENTURY,Jef Geeraerts,2,7,10,/works/OL780090W,Gedachten van een linkse bourgeois,Jef Geeraerts,1.0000,1977,/books/OL4337544M,Gedachten van een linkse bourgeois,,dut,1.0000,902365420X,Dageraad,1977,,,NOT_PROBED,,,,,NO,NO,135.0000,144.0000,REJECT,No cover candidate.,
NL,TWENTIETH_CENTURY,Jef Geeraerts,2,7,10,/works/OL780091W,Gesprekken,Jef Geeraerts,1.0000,1987,/books/OL2452568M,Gesprekken,,dut,1.0000,9022310671,Manteau,1987,,,NOT_PROBED,,,,,NO,NO,135.0000,144.0000,REJECT,No cover candidate.,
NL,TWENTIETH_CENTURY,Jef Geeraerts,2,7,10,/works/OL780092W,Goud,Jef Geeraerts,1.0000,1995,/books/OL581300M,Goud,,dut,1.0000,9029051965,Meulenhoff,1995,,,NOT_PROBED,,,,,NO,NO,135.0000,144.0000,REJECT,No cover candidate.,
NL,TWENTIETH_CENTURY,Jef Geeraerts,2,7,10,/works/OL780093W,Het huis genaamd 'Les Hêtres',Jef Geeraerts,1.0000,1989,/books/OL21016135M,Het huis genaamd 'Les Hêtres',misdaadverhalen,dut,1.0000,9022311449,Manteau,1989,,,NOT_PROBED,,,,,NO,NO,135.0000,144.0000,REJECT,No cover candidate.,
NL,TWENTIETH_CENTURY,Jef Geeraerts,2,7,10,/works/OL22374615W,Het Sigmaplan,Jef Geeraerts,1.0000,1986,/books/OL30460165M,Het Sigmaplan,,dut,1.0000,9789022310342,Manteau,"Sep 23, 1986",,,NOT_PROBED,,,,,NO,NO,135.0000,144.0000,REJECT,No cover candidate.,
NL,TWENTIETH_CENTURY,Jef Geeraerts,2,7,10,/works/OL39620521W,Het vroege werk,Jef Geeraerts,1.0000,2013,/books/OL53897372M,Het vroege werk,,dut,1.0000,9789085425007,De Bezige Bij Antwerpen,2013,,,NOT_PROBED,,,,,NO,NO,135.0000,144.0000,REJECT,No cover candidate.,
NL,TWENTIETH_CENTURY,Jef Geeraerts,2,7,10,/works/OL15785509W,"Ik ben maar een neger, gevolgd door Het verhaal van Matsombo",Jef Geeraerts,1.0000,1990,/books/OL24696858M,"Ik ben maar een neger, gevolgd door Het verhaal van Matsombo",,dut,1.0000,9022312003,Manteau,1990,,,NOT_PROBED,,,,,NO,NO,135.0000,144.0000,REJECT,No cover candidate.,
NL,TWENTIETH_CENTURY,Jef Geeraerts,2,7,10,/works/OL37449833W,Indian summer,Jef Geeraerts,1.0000,1977,/books/OL50463992M,Indian summer,,dut,1.0000,9022306151,Manteau,1977,,,NOT_PROBED,,,,,NO,NO,135.0000,144.0000,REJECT,No cover candidate.,
NL,TWENTIETH_CENTURY,Jef Geeraerts,2,7,10,/works/OL780097W,LAATSTE BRIEF RONDOM LIEFDE EN DOOD,Jef Geeraerts,1.0000,1980,/books/OL21992515M,LAATSTE BRIEF RONDOM LIEFDE EN DOOD,,dut,1.0000,9022307913,ELSEVIER MANTEAU,1980,,,NOT_PROBED,,,,,NO,NO,135.0000,144.0000,REJECT,No cover candidate.,
NL,TWENTIETH_CENTURY,Jef Geeraerts,2,7,10,/works/OL780098W,Marcellus,Jef Geeraerts,1.0000,1985,/books/OL21016125M,Marcellus,,dut,1.0000,9022310035,Manteau,1985,,,NOT_PROBED,,,,,NO,NO,135.0000,144.0000,REJECT,No cover candidate.,
NL,TWENTIETH_CENTURY,Jef Geeraerts,2,7,10,/works/OL22397034W,Muziek & emotie,Jef Geeraerts,1.0000,2009,/books/OL30484015M,Muziek & emotie,,dut,1.0000,9789085422150,Meulenhoff,2009,,,NOT_PROBED,,,,,NO,NO,135.0000,144.0000,REJECT,No cover candidate.,
NL,TWENTIETH_CENTURY,Jef Geeraerts,2,7,10,/works/OL780099W,Reizen met Jef Geeraerts,Jef Geeraerts,1.0000,1974,/books/OL4824838M,Reizen met Jef Geeraerts.,,dut,1.0000,9022304264,Manteau,1974,,,NOT_PROBED,,,,,NO,NO,135.0000,144.0000,REJECT,No cover candidate.,
NL,TWENTIETH_CENTURY,Jef Geeraerts,2,7,10,/works/OL780100W,Romeinse suite,Jef Geeraerts,1.0000,1987,/books/OL21253757M,Romeinse suite,misaaadroman,dut,1.0000,9022310809,Manteau,1987,,,NOT_PROBED,,,,,NO,NO,135.0000,144.0000,REJECT,No cover candidate.,
NL,TWENTIETH_CENTURY,Jef Geeraerts,2,7,10,/works/OL38874398W,Tien brieven random liefde en dood,Jef Geeraerts,1.0000,1971,/books/OL52931704M,Tien brieven random liefde en dood,,dut,1.0000,9010440060,Elsevier,1971,,,NOT_PROBED,,,,,NO,NO,135.0000,144.0000,REJECT,No cover candidate.,
NL,TWENTIETH_CENTURY,Jef Geeraerts,2,7,10,/works/OL780103W,Verhalen,Jef Geeraerts,1.0000,1973,/books/OL5134892M,Verhalen.,,dut,1.0000,9022304019,Manteau,1973,,,NOT_PROBED,,,,,NO,NO,135.0000,144.0000,REJECT,No cover candidate.,
NL,TWENTIETH_CENTURY,Jef Geeraerts,2,7,10,/works/OL19651064W,Zand,Jef Geeraerts,1.0000,1988,/books/OL26870825M,Zand,,dut,1.0000,9789022311202,Manteau,"Apr 30, 1988",,,NOT_PROBED,,,,,NO,NO,135.0000,144.0000,REJECT,No cover candidate.,
NL,TWENTIETH_CENTURY,Kristien Hemmerechts,2,7,10,/works/OL16244184W,Alle verhalen,Kristien Hemmerechts,1.0000,2001,/books/OL3639378M,Alle verhalen,,dut,1.0000,9045007266,Atlas,2001,,,NOT_PROBED,,,,,NO,NO,135.0000,144.0000,REJECT,No cover candidate.,
NL,TWENTIETH_CENTURY,Kristien Hemmerechts,2,7,10,/works/OL682764W,Als een kinderhemd,Kristien Hemmerechts,1.0000,2006,/books/OL16358593M,Als een kinderhemd,,dut,1.0000,9045012073,Atlas,2006,,,NOT_PROBED,,,,,NO,NO,135.0000,144.0000,REJECT,No cover candidate.,
NL,TWENTIETH_CENTURY,Kristien Hemmerechts,2,7,10,/works/OL682767W,Ann,Kristien Hemmerechts,1.0000,2008,/books/OL17038069M,Ann,,dut,1.0000,9789045005812,Atlas,2008,,,NOT_PROBED,,,,,NO,NO,135.0000,144.0000,REJECT,No cover candidate.,
NL,TWENTIETH_CENTURY,Kristien Hemmerechts,2,7,10,/works/OL15477906W,De dood heeft mij een aanzoek gedaan,Kristien Hemmerechts,1.0000,2010,/books/OL24442700M,De dood heeft mij een aanzoek gedaan,"over dood, leven en liefde",dut,1.0000,9789044515688,De Geus,2010,,,NOT_PROBED,,,,,NO,NO,135.0000,144.0000,REJECT,No cover candidate.,
NL,TWENTIETH_CENTURY,Kristien Hemmerechts,2,7,10,/works/OL682772W,"De man, zijn penis en het mes",Kristien Hemmerechts,1.0000,2008,/books/OL23201952M,"De man, zijn penis en het mes",,dut,1.0000,9789021433981,Querido,2008,,,NOT_PROBED,,,,,NO,NO,135.0000,144.0000,REJECT,No cover candidate.,
NL,TWENTIETH_CENTURY,Kristien Hemmerechts,2,7,10,/works/OL682773W,De tuin der onschuldigen,Kristien Hemmerechts,1.0000,1999,/books/OL113030M,De tuin der onschuldigen,,dut,1.0000,9045002817,Atlas,1999,,,NOT_PROBED,,,,,NO,NO,135.0000,144.0000,REJECT,No cover candidate.,
NL,TWENTIETH_CENTURY,Kristien Hemmerechts,2,7,10,/works/OL23301637W,De vrouw die de honden eten gaf,Kristien Hemmerechts,1.0000,2014,/books/OL31148426M,De vrouw die de honden eten gaf,,dut,1.0000,9789044531589,De Geus,2014,,,NOT_PROBED,,,,,NO,NO,135.0000,144.0000,REJECT,No cover candidate.,
NL,TWENTIETH_CENTURY,Kristien Hemmerechts,2,7,10,/works/OL31751424W,Het verdriet van Vlaanderen,Kristien Hemmerechts,1.0000,2019,/books/OL43442986M,Het verdriet van Vlaanderen,"Op pad met Hein en Toon, tweeling van de collaboratie",dut,1.0000,9789044540895,De Geus,2019,,,NOT_PROBED,,,,,NO,NO,135.0000,144.0000,REJECT,No cover candidate.,
NL,TWENTIETH_CENTURY,Kristien Hemmerechts,2,7,10,/works/OL44762529W,Ik ben Emma,Kristien Hemmerechts,1.0000,2020,/books/OL61118117M,Ik ben Emma,,dut,1.0000,9789044543919,De Geus,2020,,,NOT_PROBED,,,,,NO,NO,135.0000,144.0000,REJECT,No cover candidate.,
NL,TWENTIETH_CENTURY,Kristien Hemmerechts,2,7,10,/works/OL23979863W,Ik was een kind,Kristien Hemmerechts,1.0000,2005,/books/OL31681478M,Ik was een kind,literaire jeugdherinneringen van Nederlandse en Vlaamse schrijfsters,dut,1.0000,9044607138,Prometheus,2005,,,NOT_PROBED,,,,,NO,NO,135.0000,144.0000,REJECT,No cover candidate.,
NL,TWENTIETH_CENTURY,Kristien Hemmerechts,2,7,10,/works/OL682778W,Kort kort lang,Kristien Hemmerechts,1.0000,1996,/books/OL562229M,Kort kort lang,,dut,1.0000,9025405568,Atlas,1996,,,NOT_PROBED,,,,,NO,NO,135.0000,144.0000,REJECT,No cover candidate.,
NL,TWENTIETH_CENTURY,Kristien Hemmerechts,2,7,10,/works/OL23231653W,Kronkelpaden van het geheugen,Kristien Hemmerechts,1.0000,2012,/books/OL31067804M,Kronkelpaden van het geheugen,,dut,1.0000,9789044523416,De Geus,2012,,,NOT_PROBED,,,,,NO,NO,135.0000,144.0000,REJECT,No cover candidate.,
NL,TWENTIETH_CENTURY,Kristien Hemmerechts,2,7,10,/works/OL682788W,Lang geleden,Kristien Hemmerechts,1.0000,1994,/books/OL1180714M,Lang geleden,verhalen,dut,1.0000,9025402798,Atlas,1994,,,NOT_PROBED,,,,,NO,NO,135.0000,144.0000,REJECT,No cover candidate.,
NL,TWENTIETH_CENTURY,Kristien Hemmerechts,2,7,10,/works/OL682779W,Margot en de engelen,Kristien Hemmerechts,1.0000,1997,/books/OL287490M,Margot en de engelen,,dut,1.0000,9025422128,Atlas,1997,,,NOT_PROBED,,,,,NO,NO,135.0000,144.0000,REJECT,No cover candidate.,
NL,TWENTIETH_CENTURY,Kristien Hemmerechts,2,7,10,/works/OL43003317W,Schrijven,Kristien Hemmerechts,1.0000,2016,/books/OL58585857M,Schrijven,kun je dat leren?,dut,1.0000,9789401435475,LannooCampus,2016,,,NOT_PROBED,,,,,NO,NO,135.0000,144.0000,REJECT,No cover candidate.,
NL,TWENTIETH_CENTURY,Kristien Hemmerechts,2,7,10,/works/OL682784W,Weerberichten,Kristien Hemmerechts,1.0000,1988,/books/OL2126922M,Weerberichten,verhalen,dut,1.0000,9050670490,Houtekiet,1988,,,NOT_PROBED,,,,,NO,NO,135.0000,144.0000,REJECT,No cover candidate.,
NL,TWENTIETH_CENTURY,Kristien Hemmerechts,2,7,10,/works/OL682785W,Wit zand,Kristien Hemmerechts,1.0000,1992,/books/OL1477111M,Wit zand,,dut,1.0000,9025402755,Atlas,1992,,,NOT_PROBED,,,,,NO,NO,135.0000,144.0000,REJECT,No cover candidate.,
NL,TWENTIETH_CENTURY,Mensje van Keulen,2,6,9,/works/OL2893455W,Alle dagen laat,Mensje van Keulen,1.0000,2006,/books/OL16321886M,Alle dagen laat,dagboek 1976,dut,1.0000,9045014777,Atlas,2006,,,NOT_PROBED,,,,,NO,NO,135.0000,144.0000,REJECT,No cover candidate.,
NL,TWENTIETH_CENTURY,Mensje van Keulen,2,6,9,/works/OL2893456W,Allemaal tranen,Mensje van Keulen,1.0000,1972,/books/OL50331935M,ALLEMAAL TRANEN,VERHALEN,dut,1.0000,9029524898,DE ARBEIDERSPERS,1985,,,NOT_PROBED,,,,,NO,NO,135.0000,144.0000,REJECT,No cover candidate.,
NL,TWENTIETH_CENTURY,Mensje van Keulen,2,6,9,/works/OL10080392W,de Gelukkige,Mensje van Keulen,1.0000,2001,/books/OL12806260M,de Gelukkige,Roman,dut,1.0000,9789045004037,Atlas,January 2001,,,NOT_PROBED,,,,,NO,NO,135.0000,144.0000,REJECT,No cover candidate.,
NL,TWENTIETH_CENTURY,Mensje van Keulen,2,6,9,/works/OL2893470W,De ketting,Mensje van Keulen,1.0000,1983,/books/OL2890504M,De ketting,verhalen,dut,1.0000,9029524871,Arbeiderspers,1983,,,NOT_PROBED,,,,,NO,NO,135.0000,144.0000,REJECT,No cover candidate.,
NL,TWENTIETH_CENTURY,Mensje van Keulen,2,6,9,/works/OL24093561W,De laatste gasten,Mensje van Keulen,1.0000,2007,/books/OL31790028M,De laatste gasten,roman,dut,1.0000,9045012294,Atlas,2007,,,NOT_PROBED,,,,,NO,NO,135.0000,144.0000,REJECT,No cover candidate.,
NL,TWENTIETH_CENTURY,Mensje van Keulen,2,6,9,/works/OL2893458W,De lach van schreck,Mensje van Keulen,1.0000,1991,/books/OL1635142M,De lach van schreck,,dut,1.0000,9029524987,De Arbeiderspers,1991,,,NOT_PROBED,,,,,NO,NO,135.0000,144.0000,REJECT,No cover candidate.,
NL,TWENTIETH_CENTURY,Mensje van Keulen,2,6,9,/works/OL15493490W,De schriften wachten,Mensje van Keulen,1.0000,2008,/books/OL24456859M,De schriften wachten,,dut,1.0000,9789045008776,Atlas,2008,,,NOT_PROBED,,,,,NO,NO,135.0000,144.0000,REJECT,No cover candidate.,
NL,TWENTIETH_CENTURY,Mensje van Keulen,2,6,9,/works/OL22615236W,De verhalen,Mensje van Keulen,1.0000,2011,/books/OL30641633M,De verhalen,,dut,1.0000,9789045018652,Uitgeverij Atlas,2011,,,NOT_PROBED,,,,,NO,NO,135.0000,144.0000,REJECT,No cover candidate.,
NL,TWENTIETH_CENTURY,Mensje van Keulen,2,6,9,/works/OL2893463W,Geheime dame,Mensje van Keulen,1.0000,1992,/books/OL1356896M,Geheime dame,,dut,1.0000,9025400957,Atlas,1992,,,NOT_PROBED,,,,,NO,NO,135.0000,144.0000,REJECT,No cover candidate.,
NL,TWENTIETH_CENTURY,Mensje van Keulen,2,6,9,/works/OL2893464W,Het andere gezicht,Mensje van Keulen,1.0000,2003,/books/OL22997423M,Het andere gezicht,verhalen,dut,1.0000,9045009668,Atlas,2003,,,NOT_PROBED,,,,,NO,NO,135.0000,144.0000,REJECT,No cover candidate.,
NL,TWENTIETH_CENTURY,Mensje van Keulen,2,6,9,/works/OL45264837W,Het kattentheater,Mensje van Keulen | Jan Jutte | Willem van Malsen | Olivia Ettema,1.0000,2021,/books/OL61707806M,Het kattentheater,,dut,1.0000,9789025471309,Uitgeverij Atlas Contact,2021,,,NOT_PROBED,,,,,NO,NO,135.0000,144.0000,REJECT,No cover candidate.,
NL,TWENTIETH_CENTURY,Mensje van Keulen,2,6,9,/works/OL30600107W,Ik moet u echt iets zeggen,Mensje van Keulen,1.0000,2020,/books/OL42068577M,Ik moet u echt iets zeggen,,dut,1.0000,9789025458928,Atlas Contact,2020,,,NOT_PROBED,,,,,NO,NO,135.0000,144.0000,REJECT,No cover candidate.,
NL,TWENTIETH_CENTURY,Mensje van Keulen,2,6,9,/works/OL22723811W,Liefde heeft geen hersens,Mensje van Keulen,1.0000,2012,/books/OL30709373M,Liefde heeft geen hersens,[roman],dut,1.0000,9789045021706,Atlas,2012,,,NOT_PROBED,,,,,NO,NO,135.0000,144.0000,REJECT,No cover candidate.,
NL,TWENTIETH_CENTURY,Mensje van Keulen,2,6,9,/works/OL2893465W,Lotgevallen,Mensje van Keulen,1.0000,1977,/books/OL4301994M,Lotgevallen,balladen,dut,1.0000,9060051394,Erven Th. Rap,1977,,,NOT_PROBED,,,,,NO,NO,135.0000,144.0000,REJECT,No cover candidate.,
NL,TWENTIETH_CENTURY,Mensje van Keulen,2,6,9,/works/OL44749920W,Neerslag van een huwelijk,Mensje van Keulen,1.0000,2018,/books/OL61103467M,Neerslag van een huwelijk,dagboek 1977-1979,dut,1.0000,9789025452223,Uitgeverij Atlas Contact,2018,,,NOT_PROBED,,,,,NO,NO,135.0000,144.0000,REJECT,No cover candidate.,
NL,TWENTIETH_CENTURY,Mensje van Keulen,2,6,9,/works/OL2893466W,Olifanten op een web,Mensje van Keulen,1.0000,1997,/books/OL773932M,Olifanten op een web,,dut,1.0000,9025422233,Atlas,1997,,,NOT_PROBED,,,,,NO,NO,135.0000,144.0000,REJECT,No cover candidate.,
NL,TWENTIETH_CENTURY,Mensje van Keulen,2,6,9,/works/OL2893467W,Overspel,Mensje van Keulen,1.0000,1982,/books/OL2980689M,Overspel,roman,dut,1.0000,9029524812,Arbeiderspers,1982,,,NOT_PROBED,,,,,NO,NO,135.0000,144.0000,REJECT,No cover candidate.,
NL,TWENTIETH_CENTURY,Mensje van Keulen,2,6,9,/works/OL35389409W,Schoppenvrouw,Mensje Van Keulen,1.0000,2016,/books/OL47809767M,Schoppenvrouw,,dut,1.0000,9789025446987,Atlas Contact,2016-02-17,,,NOT_PROBED,,,,,NO,NO,135.0000,144.0000,REJECT,No cover candidate.,
NL,TWENTIETH_CENTURY,Mensje van Keulen,2,6,9,/works/OL23780640W,Tien stoute katjes,Mensje van Keulen,1.0000,2001,/books/OL31515925M,Tien stoute katjes,,dut,1.0000,902583812X,Leopold,2001,,,NOT_PROBED,,,,,NO,NO,135.0000,144.0000,REJECT,No cover candidate.,
NL,TWENTIETH_CENTURY,Mensje van Keulen,2,6,9,/works/OL2893468W,Tommie Station,Mensje van Keulen,1.0000,1985,/books/OL2318594M,Tommie Station,,dut,1.0000,9021470209,Querido,1985,,,NOT_PROBED,,,,,NO,NO,135.0000,144.0000,REJECT,No cover candidate.,
NL,TWENTIETH_CENTURY,Monika van Paemel,2,6,9,/works/OL34906704W,Amazone met het blauwe voorhoofd,Monika van Paemel,1.0000,1971,/books/OL47263854M,Amazone met het blauwe voorhoofd,Roman,dut,1.0000,9789029021128,Elsevier,1971,,,NOT_PROBED,,,,,NO,NO,135.0000,144.0000,REJECT,No cover candidate.,
NL,TWENTIETH_CENTURY,Monika van Paemel,2,6,9,/works/OL3795714W,De koningin van Sheba,Monika van Paemel,1.0000,2008,/books/OL23164094M,De koningin van Sheba,,dut,1.0000,9789021433950,Querido,2008,,,NOT_PROBED,,,,,NO,NO,135.0000,144.0000,REJECT,No cover candidate.,
NL,TWENTIETH_CENTURY,Monika van Paemel,2,6,9,/works/OL3795715W,De vermaledijde vaders,Monika van Paemel,1.0000,1985,/books/OL2596869M,De vermaledijde vaders,roman,dut,1.0000,9029016019,Meulenhoff,1985,,,NOT_PROBED,,,,,NO,NO,135.0000,144.0000,REJECT,No cover candidate.,
NL,TWENTIETH_CENTURY,Monika van Paemel,2,6,9,/works/OL23853026W,Het kind met de alwetende ogen,Monika van Paemel,1.0000,2002,/books/OL31572615M,Het kind met de alwetende ogen,over kinderen in oorlogsgebieden en kindsoldaten,dut,1.0000,9029071680,Meulenhoff,2002,,,NOT_PROBED,,,,,NO,NO,135.0000,144.0000,REJECT,No cover candidate.,
NL,TWENTIETH_CENTURY,Monika van Paemel,2,6,9,/works/OL3795716W,Het wedervaren,Monika van Paemel,1.0000,1993,/books/OL1490995M,Het wedervaren,een verslag,dut,1.0000,9029040777,Meulenhoff,1993,,,NOT_PROBED,,,,,NO,NO,135.0000,144.0000,REJECT,No cover candidate.,
NL,TWENTIETH_CENTURY,Monika van Paemel,2,6,9,/works/OL3795718W,Marguerite,Monika van Paemel,1.0000,1976,/books/OL4979589M,Marguerite,,dut,1.0000,9023653610,Nijgh & Van Ditmar,1976,,,NOT_PROBED,,,,,NO,NO,135.0000,144.0000,REJECT,No cover candidate.,
NL,TWENTIETH_CENTURY,Monika van Paemel,2,6,9,/works/OL23127183W,Weduwenspek,Monika van Paemel,1.0000,2013,/books/OL30967939M,Weduwenspek,,dut,1.0000,9789021446752,Em. Querido's Uitgeverij BV,2013,,,NOT_PROBED,,,,,NO,NO,135.0000,144.0000,REJECT,No cover candidate.,
NL,TWENTIETH_CENTURY,Simon Carmiggelt,2,8,12,/works/OL975155W,Articles de Paris,Simon Carmiggelt,1.0000,1998,/books/OL21623532M,Articles de Paris,& Vliegen vangen,dut,1.0000,9029509015,Uitgeverij De Arbeiderspers,1998,,,NOT_PROBED,,,,,NO,NO,135.0000,144.0000,REJECT,No cover candidate.,
NL,TWENTIETH_CENTURY,Simon Carmiggelt,2,8,12,/works/OL975156W,Bemoei je d'r niet mee,Simon Carmiggelt,1.0000,1978,/books/OL4351031M,Bemoei je d'r niet mee,,dut,1.0000,9029508914,Arbeiderspers,1978,,,NOT_PROBED,,,,,NO,NO,135.0000,144.0000,REJECT,No cover candidate.,
NL,TWENTIETH_CENTURY,Simon Carmiggelt,2,8,12,/works/OL975157W,"Beste Godfried, beste Simon",Simon Carmiggelt,1.0000,1999,/books/OL135085M,"Beste Godfried, beste Simon",Simon Carmiggelt en Godfried Bomans aan en over elkaar.,dut,1.0000,9022526003,De Boekerij,1999,,,NOT_PROBED,,,,,NO,NO,135.0000,144.0000,REJECT,No cover candidate.,
NL,TWENTIETH_CENTURY,Simon Carmiggelt,2,8,12,/works/OL975158W,Bij nader omzien,Simon Carmiggelt,1.0000,1986,/books/OL2351390M,Bij nader omzien,een nieuwe bundel jonge Kronkels,dut,1.0000,9029511079,Arbeiderspers,1986,,,NOT_PROBED,,,,,NO,NO,135.0000,144.0000,REJECT,No cover candidate.,
NL,TWENTIETH_CENTURY,Simon Carmiggelt,2,8,12,/works/OL975159W,Brood voor de vogeltjes,Simon Carmiggelt,1.0000,1974,/books/OL4821847M,Brood voor de vogeltjes,,dut,1.0000,9029508736,De Arbeiderspers,1974,,,NOT_PROBED,,,,,NO,NO,135.0000,144.0000,REJECT,No cover candidate.,
NL,TWENTIETH_CENTURY,Simon Carmiggelt,2,8,12,/works/OL34797481W,De avond valt,Simon Carmiggelt,1.0000,1980,/books/OL47149638M,De avond valt,,dut,1.0000,9789029508728,Arbeiderspers,"Mar 17, 1980",,,NOT_PROBED,,,,,NO,NO,135.0000,144.0000,REJECT,No cover candidate.,
NL,TWENTIETH_CENTURY,Simon Carmiggelt,2,8,12,/works/OL975161W,De gedichten,Simon Carmiggelt,1.0000,1974,/books/OL4820178M,De gedichten,,dut,1.0000,9029511001,De Arbeiderspers,1974,,,NOT_PROBED,,,,,NO,NO,135.0000,144.0000,REJECT,No cover candidate.,
NL,TWENTIETH_CENTURY,Simon Carmiggelt,2,8,12,/works/OL34797614W,De rest van je leven,Simon Carmiggelt,1.0000,1979,/books/OL47149773M,De rest van je leven,,dut,1.0000,9789029510912,Arbeiderspers,"Mar 17, 1979",,,NOT_PROBED,,,,,NO,NO,135.0000,144.0000,REJECT,No cover candidate.,
NL,TWENTIETH_CENTURY,Simon Carmiggelt,2,8,12,/works/OL975163W,De vrolijke jaren,Simon Carmiggelt,1.0000,1987,/books/OL2470923M,De vrolijke jaren,een nieuwe bundel kronkels,dut,1.0000,9029511141,Arbeiderspers,1987,,,NOT_PROBED,,,,,NO,NO,135.0000,144.0000,REJECT,No cover candidate.,
NL,TWENTIETH_CENTURY,Simon Carmiggelt,2,8,12,/works/OL975208W,Duiven melken,Simon Carmiggelt,1.0000,1960,/books/OL5266043M,Duiven melken,met verhalen uit Kraaltjes rijgen,dut,1.0000,9029508884,Arbeiderspers,1975,,,NOT_PROBED,,,,,NO,NO,135.0000,144.0000,REJECT,No cover candidate.,
NL,TWENTIETH_CENTURY,Simon Carmiggelt,2,8,12,/works/OL23127174W,Gedundrukt,Simon Carmiggelt,1.0000,2013,/books/OL30967930M,Gedundrukt,verhalen,dut,1.0000,9789028260832,Uitgeverij Van Oorschot,2013,,,NOT_PROBED,,,,,NO,NO,135.0000,144.0000,REJECT,No cover candidate.,
NL,TWENTIETH_CENTURY,Simon Carmiggelt,2,8,12,/works/OL975170W,Ik mag niet mopperen,Simon Carmiggelt,1.0000,1972,/books/OL5490056M,Ik mag niet mopperen.,,dut,1.0000,9029508760,De Arbeiderspers,1972,,,NOT_PROBED,,,,,NO,NO,135.0000,144.0000,REJECT,No cover candidate.,
NL,TWENTIETH_CENTURY,Simon Carmiggelt,2,8,12,/works/OL975171W,Ik red me wel,Simon Carmiggelt,1.0000,1984,/books/OL2973720M,Ik red me wel,,dut,1.0000,902951101X,Arbeiderspers,1984,,,NOT_PROBED,,,,,NO,NO,135.0000,144.0000,REJECT,No cover candidate.,
NL,TWENTIETH_CENTURY,Simon Carmiggelt,2,8,12,/works/OL37393761W,Ken je me nog?,Simon Carmiggelt,1.0000,1986,/books/OL50394472M,Ken je me nog?,,dut,1.0000,9065470255,Cornamona Pers,1986,,,NOT_PROBED,,,,,NO,NO,135.0000,144.0000,REJECT,No cover candidate.,
NL,TWENTIETH_CENTURY,Simon Carmiggelt,2,8,12,/works/OL975180W,Mag 't een ietsje meer zijn?,Simon Carmiggelt,1.0000,1983,/books/OL2888854M,Mag 't een ietsje meer zijn?,een eigen keuze uit alle bundels,dut,1.0000,9029510943,Arbeiderspers,1983,,,NOT_PROBED,,,,,NO,NO,135.0000,144.0000,REJECT,No cover candidate.,
NL,TWENTIETH_CENTURY,Simon Carmiggelt,2,8,12,/works/OL975181W,Met de neus in de boeken,Simon Carmiggelt,1.0000,1983,/books/OL3226337M,Met de neus in de boeken,een Mooi Kado zoals het eigenlijk had moeten zijn,dut,1.0000,9029510951,Arbeiderspers,1983,,,NOT_PROBED,,,,,NO,NO,135.0000,144.0000,REJECT,No cover candidate.,
NL,TWENTIETH_CENTURY,Simon Carmiggelt,2,8,12,/works/OL975209W,Mooi weer vandaag,Simon Carmiggelt,1.0000,1967,/books/OL6872833M,Mooi weer vandaag,"&, Fluiten in het donker",dut,1.0000,9029509368,Arbeiderspers,1999,,,NOT_PROBED,,,,,NO,NO,135.0000,144.0000,REJECT,No cover candidate.,
NL,TWENTIETH_CENTURY,Simon Carmiggelt,2,8,12,/works/OL975185W,Notities over Willem Elsschot,Simon Carmiggelt,1.0000,1976,/books/OL4595230M,Notities over Willem Elsschot,,dut,1.0000,9062130232,Loeb,1976,,,NOT_PROBED,,,,,NO,NO,135.0000,144.0000,REJECT,No cover candidate.,
NL,TWENTIETH_CENTURY,Simon Carmiggelt,2,8,12,/works/OL975189W,Residentie van mijn jeugd,Simon Carmiggelt,1.0000,1977,/books/OL4665616M,Residentie van mijn jeugd,Haagse verhaaltjes,dut,1.0000,9062910015,BZZTôH,1977,,,NOT_PROBED,,,,,NO,NO,135.0000,144.0000,REJECT,No cover candidate.,
NL,TWENTIETH_CENTURY,Simon Carmiggelt,2,8,12,/works/OL975190W,Schemeren,Simon Carmiggelt,1.0000,1992,/books/OL1351597M,Schemeren,,dut,1.0000,902950918X,De Arbeiderspers,1992,,,NOT_PROBED,,,,,NO,NO,135.0000,144.0000,REJECT,No cover candidate.,
NL,TWENTIETH_CENTURY,Simon Carmiggelt,2,8,12,/works/OL22669921W,Schrijvers tekenen zichzelf,Simon Carmiggelt,1.0000,1980,/books/OL4213988M,Schrijvers tekenen zichzelf,138 schrijverszelfportretten,dut,1.0000,9025365256,Athenaeum-Polak & Van Gennep],1980,,,NOT_PROBED,,,,,NO,NO,135.0000,144.0000,REJECT,No cover candidate.,
NL,TWENTIETH_CENTURY,Simon Carmiggelt,2,8,12,/works/OL975191W,Slenteren,Simon Carmiggelt,1.0000,1975,/books/OL4998855M,Slenteren,,dut,1.0000,9029510862,De Arbeiderspers,1975,,,NOT_PROBED,,,,,NO,NO,135.0000,144.0000,REJECT,No cover candidate.,
NL,TWENTIETH_CENTURY,Simon Carmiggelt,2,8,12,/works/OL975193W,Tony van Verre ontmoet Simon Carmiggelt,Simon Carmiggelt,1.0000,1978,/books/OL4045836M,Tony van Verre ontmoet Simon Carmiggelt,uit 't leven van een schrijvend persoon foto's ANP ... [et al.].,dut,1.0000,9026984138,De Gooise Uitgeverij,1978,,,NOT_PROBED,,,,,NO,NO,135.0000,144.0000,REJECT,No cover candidate.,
NL,TWENTIETH_CENTURY,Simon Carmiggelt,2,8,12,/works/OL975196W,"Tussen mal en dwaas; &, Klein beginnen",Simon Carmiggelt,1.0000,1997,/books/OL409807M,"Tussen mal en dwaas; &, Klein beginnen",,dut,1.0000,9029509163,Arbeiderspers,1997,,,NOT_PROBED,,,,,NO,NO,135.0000,144.0000,REJECT,No cover candidate.,
NL,TWENTIETH_CENTURY,Simon Carmiggelt,2,8,12,/works/OL975199W,Vergeet het maar,Simon Carmiggelt,1.0000,1998,/books/OL21835462M,Vergeet het maar,& Ping pong,dut,1.0000,9029509023,Uitgeverij De Arbeiderspers,1998,,,NOT_PROBED,,,,,NO,NO,135.0000,144.0000,REJECT,No cover candidate.,
NL,TWENTIETH_CENTURY,Simon Carmiggelt,2,8,12,/works/OL975201W,Welverdiende onrust,Simon Carmiggelt,1.0000,1982,/books/OL3116721M,Welverdiende onrust,,dut,1.0000,9029510978,Arbeiderspers,1982,,,NOT_PROBED,,,,,NO,NO,135.0000,144.0000,REJECT,No cover candidate.,
NL,TWENTIETH_CENTURY,Ward Ruyslinck,2,7,10,/works/OL2428635W,De bovenste trede,Ward Ruyslinck,1.0000,1997,/books/OL773933M,De bovenste trede,,dut,1.0000,9022314383,Manteau,1997,,,NOT_PROBED,,,,,NO,NO,135.0000,144.0000,REJECT,No cover candidate.,
NL,TWENTIETH_CENTURY,Ward Ruyslinck,2,7,10,/works/OL2428637W,De claim van de duivel,Ward Ruyslinck,1.0000,1993,/books/OL1500350M,De claim van de duivel,roman,dut,1.0000,9022312909,Manteau,1993,,,NOT_PROBED,,,,,NO,NO,135.0000,144.0000,REJECT,No cover candidate.,
NL,TWENTIETH_CENTURY,Ward Ruyslinck,2,7,10,/works/OL2428642W,De sloper in het slakkehuis,Ward Ruyslinck,1.0000,1977,/books/OL4301514M,De sloper in het slakkehuis,,dut,1.0000,9022306186,Manteau,1977,,,NOT_PROBED,,,,,NO,NO,135.0000,144.0000,REJECT,No cover candidate.,
NL,TWENTIETH_CENTURY,Ward Ruyslinck,2,7,10,/works/OL2428645W,De verliefde akela,Ward Ruyslinck,1.0000,1973,/books/OL18869246M,De verliefde akela,,dut,1.0000,9022303845,Paris-Manteau,1973,,,NOT_PROBED,,,,,NO,NO,135.0000,144.0000,REJECT,No cover candidate.,
NL,TWENTIETH_CENTURY,Ward Ruyslinck,2,7,10,/works/OL2428647W,Het ganzenbord,Ward Ruyslinck,1.0000,1974,/books/OL4820066M,Het ganzenbord,,dut,1.0000,9022304345,Manteau,1974,,,NOT_PROBED,,,,,NO,NO,135.0000,144.0000,REJECT,No cover candidate.,
NL,TWENTIETH_CENTURY,Ward Ruyslinck,2,7,10,/works/OL2428652W,In naam van de beesten,Ward Ruyslinck,1.0000,1976,/books/OL4979750M,In naam van de beesten,,dut,1.0000,9022305236,Manteau,1976,,,NOT_PROBED,,,,,NO,NO,135.0000,144.0000,REJECT,No cover candidate.,
NL,TWENTIETH_CENTURY,Ward Ruyslinck,2,7,10,/works/OL13282107W,Stille waters,Ward Ruyslinck,1.0000,1987,/books/OL21272559M,Stille waters,,dut,1.0000,9022310728,Manteau,1987,,,NOT_PROBED,,,,,NO,NO,135.0000,144.0000,REJECT,No cover candidate.,
NL,TWENTIETH_CENTURY,Ward Ruyslinck,2,7,10,/works/OL2428659W,Traumachia,Ward Ruyslinck,1.0000,1999,/books/OL6836415M,Traumachia,roman,dut,1.0000,9022315258,Manteau,1999,,,NOT_PROBED,,,,,NO,NO,135.0000,144.0000,REJECT,No cover candidate.,
NL,TWENTIETH_CENTURY,Ward Ruyslinck,2,7,10,/works/OL2428661W,Valentijn van Uytvanck,Ward Ruyslinck,1.0000,1977,/books/OL4687917M,Valentijn van Uytvanck,"tekenaar zonder vaderland, Antwerpen 24 november 1896-Cochem 25 maart 1950",dut,1.0000,9022305848,Manteau,1977,,,NOT_PROBED,,,,,NO,NO,135.0000,144.0000,REJECT,No cover candidate.,
NL,TWENTIETH_CENTURY,Ward Ruyslinck,2,7,10,/works/OL19536860W,Ward Ruyslinck,Ward Ruyslinck | Carel Jules Emile Dinaux,1.0000,1974,/books/OL5150135M,Ward Ruyslinck,"biografie, bibliografie, beschouwingen, foro's en documenten",dut,1.0000,9022303500,Manteau,1974,,,NOT_PROBED,,,,,NO,NO,135.0000,144.0000,REJECT,No cover candidate.,
NL,TWENTIETH_CENTURY,Ward Ruyslinck,2,7,10,/works/OL43722224W,Zo weinig en zo veel,Ward Ruyslinck,1.0000,1993,/books/OL59602075M,Zo weinig en zo veel,gedichten,dut,1.0000,9022313018,Manteau,1993,,,NOT_PROBED,,,,,NO,NO,135.0000,144.0000,REJECT,No cover candidate.,
NL,TWENTIETH_CENTURY,F. Springer,2,6,9,/works/OL2158150W,Verzameld werk,F. Springer,1.0000,2001,/books/OL3639360M,Verzameld werk,,dut,1.0000,9021482258,Querido,2001,,4300908,NOT_PROBED,,,,,YES,NO,127.0000,136.0000,REVIEW,Collected/omnibus work requires review.,
NL,TWENTIETH_CENTURY,Jef Geeraerts,2,7,10,/works/OL42865793W,Op avontuur met Jef Geeraerts,Jef Geeraerts,1.0000,1992,/books/OL58400534M,Op avontuur met Jef Geeraerts,,dut,1.0000,9022312461,,1992,,,NOT_PROBED,,,,,NO,NO,130.0000,135.0000,REJECT,No cover candidate.,
NL,TWENTIETH_CENTURY,Andreas Burnier,2,5,8,/works/OL1713782W,De huilende libertijn,Andreas Burnier,1.0000,1970,/books/OL17413257M,De huilende libertijn.,,dut,1.0000,,Querido,1970,,,NOT_PROBED,,,,,NO,NO,129.0000,133.0000,REJECT,No cover candidate.,
NL,TWENTIETH_CENTURY,Andreas Burnier,2,5,8,/works/OL1713791W,Het jongensuur,Andreas Burnier,1.0000,1969,/books/OL22925866M,Het jongensuur.,,dut,1.0000,,Em. Querido,1969,,,NOT_PROBED,,,,,NO,NO,129.0000,133.0000,REJECT,No cover candidate.,
NL,TWENTIETH_CENTURY,F. Springer,2,6,9,/works/OL2158144W,Bericht uit Hollandia,F. Springer,1.0000,1962,/books/OL4829556M,Bericht uit Hollandia,,dut,1.0000,,A. A. M. Stols,1962,,,NOT_PROBED,,,,,NO,NO,129.0000,133.0000,REJECT,No cover candidate.,
NL,TWENTIETH_CENTURY,F. Springer,2,6,9,/works/OL2158145W,De gladde paal van macht,F. Springer,1.0000,1969,/books/OL4774174M,De gladde paal van macht.,Een politieke legende.,dut,1.0000,,Em. Querido,1969,,,NOT_PROBED,,,,,NO,NO,129.0000,133.0000,REJECT,No cover candidate.,
NL,TWENTIETH_CENTURY,F. Springer,2,6,9,/works/OL2158148W,Schimmen rond de Parula,F. Springer,1.0000,1966,/books/OL5583998M,Schimmen rond de Parula.,,dut,1.0000,,Em. Querido,1966,,,NOT_PROBED,,,,,NO,NO,129.0000,133.0000,REJECT,No cover candidate.,
NL,TWENTIETH_CENTURY,Hubert Lampo,2,7,10,/works/OL38717676W,De belofte aan Rachel,Hubert Lampo,1.0000,1952,/books/OL52709781M,De belofte aan Rachel,,dut,1.0000,,A.A.M. Stols,1952,,,NOT_PROBED,,,,,NO,NO,129.0000,133.0000,REJECT,No cover candidate.,
NL,TWENTIETH_CENTURY,Hubert Lampo,2,7,10,/works/OL1337915W,De draad van Ariadne,Hubert Lampo,1.0000,1967,/books/OL5645522M,De draad van Ariadne.,,dut,1.0000,,Desclée De Brouwer,1967,,,NOT_PROBED,,,,,NO,NO,129.0000,133.0000,REJECT,No cover candidate.,
NL,TWENTIETH_CENTURY,Hubert Lampo,2,7,10,/works/OL1337916W,De duivel en de maagd,Hubert Lampo,1.0000,1955,/books/OL22926135M,De duivel en de maagd.,,dut,1.0000,,Nijgh & van Ditmar--A.A.M. Stols/J.-P. Barth,1955,,,NOT_PROBED,,,,,NO,NO,129.0000,133.0000,REJECT,No cover candidate.,
NL,TWENTIETH_CENTURY,Hubert Lampo,2,7,10,/works/OL1337920W,De goden moeten hun getal hebben,Hubert Lampo,1.0000,1969,/books/OL5765833M,De goden moeten hun getal hebben.,,dut,1.0000,,Vereeniging ter Bevordering van de Belangen des Boekhandels; Commissie voor de Collectieve Propaganda van het Nederlandse Boek,1969,,,NOT_PROBED,,,,,NO,NO,129.0000,133.0000,REJECT,No cover candidate.,
NL,TWENTIETH_CENTURY,Hubert Lampo,2,7,10,/works/OL19767425W,De heks en de archeoloog,Hubert Lampo,1.0000,1967,/books/OL26980119M,De heks en de archeoloog,,dut,1.0000,,J.M. Meulenhoff,1967,,,NOT_PROBED,,,,,NO,NO,129.0000,133.0000,REJECT,No cover candidate.,
NL,TWENTIETH_CENTURY,Hubert Lampo,2,7,10,/works/OL1337922W,De jeugd als inspiratiebron,Hubert Lampo,1.0000,1943,/books/OL6503366M,De jeugd als inspiratiebron,"de jeugd, haar wezen en haar problemen in de jongste vlaamsche letteren",dut,1.0000,,"A. Manteau, n.v.",1943,,,NOT_PROBED,,,,,NO,NO,129.0000,133.0000,REJECT,No cover candidate.,
NL,TWENTIETH_CENTURY,Hubert Lampo,2,7,10,/works/OL44978480W,De roman van een roman,Hubert Lampo,1.0000,1953,/books/OL61368740M,De roman van een roman,"Alain-Fournier en ""Le grand Meaulnes""",dut,1.0000,,Uitg. Ontwikkeling,1953,,,NOT_PROBED,,,,,NO,NO,129.0000,133.0000,REJECT,No cover candidate.,
NL,TWENTIETH_CENTURY,Hubert Lampo,2,7,10,/works/OL1337931W,Dochters van Lemurië,Hubert Lampo,1.0000,1964,/books/OL22915266M,Dochters van Lemurië,novellen.,dut,1.0000,,Meulenhoff,1964,,,NOT_PROBED,,,,,NO,NO,129.0000,133.0000,REJECT,No cover candidate.,
NL,TWENTIETH_CENTURY,Hubert Lampo,2,7,10,/works/OL45579017W,Don Juan en de laatste nimf,Hubert Lampo,1.0000,1965,/books/OL62074217M,Don Juan en de laatste nimf,,dut,1.0000,,Manteau,1965,,,NOT_PROBED,,,,,NO,NO,129.0000,133.0000,REJECT,No cover candidate.,
NL,TWENTIETH_CENTURY,Hubert Lampo,2,7,10,/works/OL1337956W,"Er is méér, Horatio",Hubert Lampo,1.0000,1970,/books/OL17946103M,"Er is méér, Horatio.",Gesprekken met Robin Hannelore.,dut,1.0000,,Meulenhoff [Nederland],1971,,,NOT_PROBED,,,,,NO,NO,129.0000,133.0000,REJECT,No cover candidate.,
NL,TWENTIETH_CENTURY,Hubert Lampo,2,7,10,/works/OL38719756W,"Feliz Timmermans, 1886-1947",Hubert Lampo,1.0000,1961,/books/OL52712630M,"Feliz Timmermans, 1886-1947",,dut,1.0000,,Voor het Ministerie van Nationale Opvoeding en Cultuur uitg. door A. Manteau,1961,,,NOT_PROBED,,,,,NO,NO,129.0000,133.0000,REJECT,No cover candidate.,
NL,TWENTIETH_CENTURY,Hubert Lampo,2,7,10,/works/OL1337933W,Grobbendonkse brieven,Hubert Lampo,1.0000,1974,/books/OL4351084M,Grobbendonkse brieven,,dut,1.0000,,De Roerdomp,1974,,,NOT_PROBED,,,,,NO,NO,129.0000,133.0000,REJECT,No cover candidate.,
NL,TWENTIETH_CENTURY,Hubert Lampo,2,7,10,/works/OL22474868W,Heibelboek,Hubert Lampo,1.0000,1970,/books/OL5353061M,Heibelboek.,,dut,1.0000,,Brito,1970,,,NOT_PROBED,,,,,NO,NO,129.0000,133.0000,REJECT,No cover candidate.,
NL,TWENTIETH_CENTURY,Hubert Lampo,2,7,10,/works/OL38716444W,"Lode Zielens, 1901-1944",Hubert Lampo,1.0000,1956,/books/OL52708167M,"Lode Zielens, 1901-1944",,dut,1.0000,,Ministerie van Openbaar Onderwijs,1956,,,NOT_PROBED,,,,,NO,NO,129.0000,133.0000,REJECT,No cover candidate.,
NL,TWENTIETH_CENTURY,Hubert Lampo,2,7,10,/works/OL45367365W,Marstboom,John Trouillard | Hubert Lampo,1.0000,1952,/books/OL61828206M,Marstboom,,dut,1.0000,,Ontwikkeling,1952,,,NOT_PROBED,,,,,NO,NO,129.0000,133.0000,REJECT,No cover candidate.,
NL,TWENTIETH_CENTURY,Hubert Lampo,2,7,10,/works/OL38756304W,Toen Herakles spitte en Kirke spon,Hubert Lampo,1.0000,1957,/books/OL52784014M,Toen Herakles spitte en Kirke spon ...,"Zijnde het verhaal van Charles-Joseph de Grave en zijn ""Republique des Champs Elysées."".",dut | fre,1.0000,,Ontwikkeling,1957,,,NOT_PROBED,,,,,NO,NO,129.0000,133.0000,REJECT,No cover candidate.,
NL,TWENTIETH_CENTURY,Hubert Lampo,2,7,10,/works/OL1337948W,Triptiek van de onvervulde liefde,Hubert Lampo,1.0000,1947,/books/OL22925956M,Triptiek van de onvervulde liefde.,,dut,1.0000,,Manteau,1947,,,NOT_PROBED,,,,,NO,NO,129.0000,133.0000,REJECT,No cover candidate.,
NL,TWENTIETH_CENTURY,Hubert Lampo,2,7,10,/works/OL1337949W,Verhalen uit nomansland,Hubert Lampo,1.0000,1979,/books/OL4204668M,Verhalen uit nomansland,,dut,1.0000,,Beckers,1979,,,NOT_PROBED,,,,,NO,NO,129.0000,133.0000,REJECT,No cover candidate.,
NL,TWENTIETH_CENTURY,Ivo Michiels,2,5,8,/works/OL45331433W,"Albisola Mare, Savona",Ivo Michiels,1.0000,1959,/books/OL61786935M,"Albisola Mare, Savona",Journal brut,dut,1.0000,,Ontwikkeling,1959,,,NOT_PROBED,,,,,NO,NO,129.0000,133.0000,REJECT,No cover candidate.,
NL,TWENTIETH_CENTURY,Ivo Michiels,2,5,8,/works/OL45075492W,Antwerpen stad aan de stroom,Filip Tas | Ivo Michiels | Karel van Deuren,1.0000,1965,/books/OL61481266M,Antwerpen stad aan de stroom,een fotoboek van Filip Tas,dut | eng | fre | ger,1.0000,,Lannoo,1965,,,NOT_PROBED,,,,,NO,NO,129.0000,133.0000,REJECT,No cover candidate.,
NL,TWENTIETH_CENTURY,Ivo Michiels,2,5,8,/works/OL11104611W,Dertien vlamingen,Ivo Michiels,1.0000,1961,/books/OL20553166M,Dertien vlamingen,proze ....,dut,1.0000,,De Bezige Bij,1961,,,NOT_PROBED,,,,,NO,NO,129.0000,133.0000,REJECT,No cover candidate.,
NL,TWENTIETH_CENTURY,Ivo Michiels,2,5,8,/works/OL38718625W,Het afscheid,Ivo Michiels,1.0000,1957,/books/OL52711141M,Het afscheid,roman,dut,1.0000,,Standaard-Boekhandel,1957,,,NOT_PROBED,,,,,NO,NO,129.0000,133.0000,REJECT,No cover candidate.,
NL,TWENTIETH_CENTURY,Ivo Michiels,2,5,8,/works/OL38718630W,Het boek alfa [door] Ivo Michiels,Ivo Michiels,1.0000,1963,/books/OL52711149M,Het boek alfa [door] Ivo Michiels,,dut,1.0000,,De Bezige Bij,1963,,,NOT_PROBED,,,,,NO,NO,129.0000,133.0000,REJECT,No cover candidate.,
NL,TWENTIETH_CENTURY,Ivo Michiels,2,5,8,/works/OL45743729W,Kruistocht der jongelingen,Ivo Michiels,1.0000,1951,/books/OL62270028M,Kruistocht der jongelingen,,dut,1.0000,,Boekengilde de Clauwaert,1951,,,NOT_PROBED,,,,,NO,NO,129.0000,133.0000,REJECT,No cover candidate.,
NL,TWENTIETH_CENTURY,Ivo Michiels,2,5,8,/works/OL5296548W,Prima materia,Ivo Michiels,1.0000,1989,/books/OL1941266M,Prima materia,,dut,1.0000,,Bezige Bij,1989,,,NOT_PROBED,,,,,NO,NO,129.0000,133.0000,REJECT,No cover candidate.,
NL,TWENTIETH_CENTURY,Ivo Michiels,2,5,8,/works/OL5296549W,"Samuel, o Samuel",Ivo Michiels,1.0000,1973,/books/OL18857537M,"Samuel, o Samuel.",[Door] Ivo Michiels.,dut,1.0000,,De Bezige Bij,1973,,,NOT_PROBED,,,,,NO,NO,129.0000,133.0000,REJECT,No cover candidate.,
NL,TWENTIETH_CENTURY,Ivo Michiels,2,5,8,/works/OL5296552W,Spaans capriccio,Ivo Michiels,1.0000,1952,/books/OL4840663M,Spaans capriccio,,dut,1.0000,,Colibrant,1952,,,NOT_PROBED,,,,,NO,NO,129.0000,133.0000,REJECT,No cover candidate.,
NL,TWENTIETH_CENTURY,Ivo Michiels,2,5,8,/works/OL44848756W,Verhalen uit Journal brut,Ivo Michiels,1.0000,1966,/books/OL61217989M,Verhalen uit Journal brut,,dut,1.0000,,De Bezige Bij,1966,,,NOT_PROBED,,,,,NO,NO,129.0000,133.0000,REJECT,No cover candidate.,
NL,TWENTIETH_CENTURY,Jef Geeraerts,2,7,10,/works/OL38874397W,De zeven doeken der schepping,Jef Geeraerts,1.0000,1967,/books/OL52931703M,De zeven doeken der schepping,Zijude een twintigste eeaws mysteriespel met sterk mystische inslag voorzien van een apologetische proloog. talrijke voetnoten en voor de regie bestemende kommentaar; helaas even onspeelbaar in het westen als in het oosten wegens de kommentaar die het dramatisch gedeelte in lengte verre overtreft,dut,1.0000,,A. Manteau,1967,,,NOT_PROBED,,,,,NO,NO,129.0000,133.0000,REJECT,No cover candidate.,
NL,TWENTIETH_CENTURY,Jef Geeraerts,2,7,10,/works/OL38719673W,Ik ben maar een neger,Jef Geeraerts,1.0000,1961,/books/OL52712527M,Ik ben maar een neger,,dut,1.0000,,P.N. van Kampen & zoon,1961,,,NOT_PROBED,,,,,NO,NO,129.0000,133.0000,REJECT,No cover candidate.,
NL,TWENTIETH_CENTURY,Jef Geeraerts,2,7,10,/works/OL31804089W,Over gedichten vol liefde & verrukking,Jef Geeraerts,1.0000,1982,/books/OL43501477M,Over gedichten vol liefde & verrukking,[gedichten van Hugo Claus ... et al.],dut,1.0000,,Soethoudt,1982,,,NOT_PROBED,,,,,NO,NO,129.0000,133.0000,REJECT,No cover candidate.,
NL,TWENTIETH_CENTURY,Jef Geeraerts,2,7,10,/works/OL780102W,Tien brieven rondom liefde en dood,Jef Geeraerts,1.0000,1971,/books/OL18318973M,Tien brieven rondom liefde en dood.,,dut,1.0000,,Elsevier,1971,,,NOT_PROBED,,,,,NO,NO,129.0000,133.0000,REJECT,No cover candidate.,
NL,TWENTIETH_CENTURY,Kristien Hemmerechts,2,7,10,/works/OL42676702W,Vrouwelijkheid mannelijkheid literatuur,Kristien Hemmerechts,1.0000,1988,/books/OL58031083M,Vrouwelijkheid mannelijkheid literatuur,,dut,1.0000,,Vlaamse Vereniging voor Algemene en Vergelijkende Literatuurwetenschap,1988,,,NOT_PROBED,,,,,NO,NO,129.0000,133.0000,REJECT,No cover candidate.,
NL,TWENTIETH_CENTURY,Mensje van Keulen,2,6,9,/works/OL44014381W,De Biezen,Mensje van Keulen | Maarten 't Hart,1.0000,2020,/books/OL60057922M,De Biezen,,dut,1.0000,,Sunny Home,2020,,,NOT_PROBED,,,,,NO,NO,129.0000,133.0000,REJECT,No cover candidate.,
NL,TWENTIETH_CENTURY,Monika van Paemel,2,6,9,/works/OL3795712W,De confrontatie,Monika van Paemel,1.0000,1974,/books/OL52923005M,De confrontatie,,dut,1.0000,,Nijgh & Van Ditmar,1974,,,NOT_PROBED,,,,,NO,NO,129.0000,133.0000,REJECT,No cover candidate.,
NL,TWENTIETH_CENTURY,Simon Carmiggelt,2,8,12,/works/OL975153W,Alle orgels slapen,Simon Carmiggelt,1.0000,1961,/books/OL22901210M,Alle orgels slapen.,,dut,1.0000,,Arbeiderspers,1961,,,NOT_PROBED,,,,,NO,NO,129.0000,133.0000,REJECT,No cover candidate.,
NL,TWENTIETH_CENTURY,Simon Carmiggelt,2,8,12,/works/OL38717584W,Allemaal onzin,Simon Carmiggelt,1.0000,1947,/books/OL60979797M,Allemaal onzin,,dut,1.0000,,Arbeiderspers,1967,,,NOT_PROBED,,,,,NO,NO,129.0000,133.0000,REJECT,No cover candidate.,
NL,TWENTIETH_CENTURY,Simon Carmiggelt,2,8,12,/works/OL22462779W,Carmiggelt,Simon Carmiggelt,1.0000,1967,/books/OL5580619M,Carmiggelt.,,dut,1.0000,,De Arbeiderspers,1967,,,NOT_PROBED,,,,,NO,NO,129.0000,133.0000,REJECT,No cover candidate.,
NL,TWENTIETH_CENTURY,Simon Carmiggelt,2,8,12,/works/OL975160W,Dag opa,Simon Carmiggelt,1.0000,1962,/books/OL22901224M,Dag opa,avonturen met een kleinzoon,dut,1.0000,,Arbeiderspers,1962,,,NOT_PROBED,,,,,NO,NO,129.0000,133.0000,REJECT,No cover candidate.,
NL,TWENTIETH_CENTURY,Simon Carmiggelt,2,8,12,/works/OL975162W,De heilige jaren,Simon Carmiggelt,1.0000,1970,/books/OL4787331M,De heilige jaren.,Verhalen uit en over de oorlog.,dut,1.0000,,Bert Bakker,1970,,,NOT_PROBED,,,,,NO,NO,129.0000,133.0000,REJECT,No cover candidate.,
NL,TWENTIETH_CENTURY,Simon Carmiggelt,2,8,12,/works/OL975165W,Drie van vroeger,Simon Carmiggelt,1.0000,1968,/books/OL5649982M,Drie van vroeger,"Vergeet het maar, Ping pong, Spijbelen.",dut,1.0000,,[De Arbeiderspers],1968,,,NOT_PROBED,,,,,NO,NO,129.0000,133.0000,REJECT,No cover candidate.,
NL,TWENTIETH_CENTURY,Simon Carmiggelt,2,8,12,/works/OL975205W,Een toontje lager,Simon Carmiggelt,1.0000,1967,/books/OL18104633M,Een toontje lager.,,dut,1.0000,,Arbeiderspers],1967,,,NOT_PROBED,,,,,NO,NO,129.0000,133.0000,REJECT,No cover candidate.,
NL,TWENTIETH_CENTURY,Simon Carmiggelt,2,8,12,/works/OL975168W,Fluiten in het donker,Simon Carmiggelt,1.0000,1966,/books/OL5587220M,Fluiten in het donker.,,dut,1.0000,,[De Arbeiderspers],1966,,,NOT_PROBED,,,,,NO,NO,129.0000,133.0000,REJECT,No cover candidate.,
NL,TWENTIETH_CENTURY,Simon Carmiggelt,2,8,12,/works/OL975206W,Haasje over,Simon Carmiggelt,1.0000,1967,/books/OL5641044M,Haasje over.,,dut,1.0000,,[De Arbeiderspers,1967,,,NOT_PROBED,,,,,NO,NO,129.0000,133.0000,REJECT,No cover candidate.,
NL,TWENTIETH_CENTURY,Simon Carmiggelt,2,8,12,/works/OL975173W,Je blijft lachen,Simon Carmiggelt,1.0000,1968,/books/OL5259522M,Je blijft lachen.,,dut,1.0000,,De Arbeiderspers,1968,,,NOT_PROBED,,,,,NO,NO,129.0000,133.0000,REJECT,No cover candidate.,
NL,TWENTIETH_CENTURY,Simon Carmiggelt,2,8,12,/works/OL975174W,Johan Justus Jacob,Simon Carmiggelt,1.0000,1941,/books/OL6508618M,Johan Justus Jacob.,,dut,1.0000,,N. v. Amsterdamsche boek- en courantmij,1941,,,NOT_PROBED,,,,,NO,NO,129.0000,133.0000,REJECT,No cover candidate.,
NL,TWENTIETH_CENTURY,Simon Carmiggelt,2,8,12,/works/OL975175W,"Kinderen: Klein beginnen, Dag opa",Simon Carmiggelt,1.0000,1965,/books/OL5344141M,"Kinderen: Klein beginnen, Dag opa",,dut,1.0000,,ABC-Boeken,1965,,,NOT_PROBED,,,,,NO,NO,129.0000,133.0000,REJECT,No cover candidate.,
NL,TWENTIETH_CENTURY,Simon Carmiggelt,2,8,12,/works/OL975176W,Kraaltjes rijgen,Simon Carmiggelt,1.0000,1958,/books/OL22901251M,Kraaltjes rijgen.,,dut,1.0000,,Arbeiderspers,1958,,,NOT_PROBED,,,,,NO,NO,129.0000,133.0000,REJECT,No cover candidate.,
NL,TWENTIETH_CENTURY,Simon Carmiggelt,2,8,12,/works/OL975177W,Kroeglopen,Simon Carmiggelt,1.0000,1967,/books/OL18120689M,Kroeglopen.,Een bloemlezing uit alle kroegverhalen.,dut,1.0000,,[De Arbeiderspers],1967,,,NOT_PROBED,,,,,NO,NO,129.0000,133.0000,REJECT,No cover candidate.,
NL,TWENTIETH_CENTURY,Simon Carmiggelt,2,8,12,/works/OL975178W,Later is te laat,Simon Carmiggelt,1.0000,1968,/books/OL19158614M,Later is te laat,,dut,1.0000,,ABC-boeken,1968,,,NOT_PROBED,,,,,NO,NO,129.0000,133.0000,REJECT,No cover candidate.,
NL,TWENTIETH_CENTURY,Simon Carmiggelt,2,8,12,/works/OL975207W,Louter leugens,Simon Carmiggelt,1.0000,1951,/books/OL22901257M,Louter Leugens,een Nieuw Kronkelboek,dut,1.0000,,Uitgeverij de Bezige Bij,1951,,,NOT_PROBED,,,,,NO,NO,129.0000,133.0000,REJECT,No cover candidate.,
NL,TWENTIETH_CENTURY,Simon Carmiggelt,2,8,12,/works/OL975182W,Mijn moeder had gelijk,Simon Carmiggelt,1.0000,1969,/books/OL5157734M,Mijn moeder had gelijk.,,dut,1.0000,,De Arbeiderspers,1969,,,NOT_PROBED,,,,,NO,NO,129.0000,133.0000,REJECT,No cover candidate.,
NL,TWENTIETH_CENTURY,Simon Carmiggelt,2,8,12,/works/OL38873175W,Morgen zien we wel weer,Simon Carmiggelt,1.0000,1967,/books/OL62331393M,Morgen zien we wel weer,,dut,1.0000,,Boekengilde De Clauwaert,1967,,,NOT_PROBED,,,,,NO,NO,129.0000,133.0000,REJECT,No cover candidate.,
NL,TWENTIETH_CENTURY,Simon Carmiggelt,2,8,12,/works/OL975187W,Oude mensen,Simon Carmiggelt,1.0000,1963,/books/OL5963056M,Oude mensen,,dut,1.0000,,De Arbeiderspers,1963,,,NOT_PROBED,,,,,NO,NO,129.0000,133.0000,REJECT,No cover candidate.,
NL,TWENTIETH_CENTURY,Simon Carmiggelt,2,8,12,/works/OL38784117W,Spijbelen,Simon Carmiggelt,1.0000,1972,/books/OL52803865M,Spijbelen,,dut,1.0000,,De Arbeiderspers,1972,,,NOT_PROBED,,,,,NO,NO,129.0000,133.0000,REJECT,No cover candidate.,
NL,TWENTIETH_CENTURY,Simon Carmiggelt,2,8,12,/works/OL975194W,Torren aan de lijm,Simon Carmiggelt,1.0000,1967,/books/OL5649605M,Torren aan de lijm.,,dut,1.0000,,[De Arbeiderspers,1967,,,NOT_PROBED,,,,,NO,NO,129.0000,133.0000,REJECT,No cover candidate.,
NL,TWENTIETH_CENTURY,Simon Carmiggelt,2,8,12,/works/OL12036689W,Tussen mal en dwaas,Simon Carmiggelt,1.0000,1949,/books/OL17072524M,Tussen mal en dwaas,een boekje vol krullen en kronkels.,dut,1.0000,,Bezige Bij,1949,,,NOT_PROBED,,,,,NO,NO,129.0000,133.0000,REJECT,No cover candidate.,
NL,TWENTIETH_CENTURY,Simon Carmiggelt,2,8,12,/works/OL975197W,Tussen twee stoelen,Simon Carmiggelt,1.0000,1966,/books/OL17260867M,Tussen twee stoelen.,Ontleend aan Louter leugens en Tussen mal en dwaas.,dut,1.0000,,Uitgeverij de Bezige Bij,1966,,,NOT_PROBED,,,,,NO,NO,129.0000,133.0000,REJECT,No cover candidate.,
NL,TWENTIETH_CENTURY,Simon Carmiggelt,2,8,12,/works/OL38796314W,Vliegen vangen,Simon Carmiggelt,1.0000,1955,/books/OL52822242M,Vliegen vangen,,dut,1.0000,,ABC-Boeken,1965,,,NOT_PROBED,,,,,NO,NO,129.0000,133.0000,REJECT,No cover candidate.,
NL,TWENTIETH_CENTURY,Simon Carmiggelt,2,8,12,/works/OL38717604W,We leven nog,Simon Carmiggelt,1.0000,1963,/books/OL52709695M,We leven nog,,dut,1.0000,,De Arbeiderspers,1963,,,NOT_PROBED,,,,,NO,NO,129.0000,133.0000,REJECT,No cover candidate.,
NL,TWENTIETH_CENTURY,Ward Ruyslinck,2,7,10,/works/OL2428638W,De heksenkring,Ward Ruyslinck,1.0000,1972,/books/OL18483748M,De heksenkring.,[Door] Ward Ruyslinck.,dut,1.0000,,Paris-Manteau,1972,,,NOT_PROBED,,,,,NO,NO,129.0000,133.0000,REJECT,No cover candidate.,
NL,TWENTIETH_CENTURY,Ward Ruyslinck,2,7,10,/works/OL43154995W,De madonna met de buil,Ward Ruyslinck,1.0000,1963,/books/OL58774902M,De madonna met de buil,,dut,1.0000,,Manteau,1963,,,NOT_PROBED,,,,,NO,NO,129.0000,133.0000,REJECT,No cover candidate.,
NL,TWENTIETH_CENTURY,Ward Ruyslinck,2,7,10,/works/OL2428664W,De oeroude vijver,Ward Ruyslinck,1.0000,1966,/books/OL5588136M,De oeroude vijver.,,dut,1.0000,,Manteau,1966,,,NOT_PROBED,,,,,NO,NO,129.0000,133.0000,REJECT,No cover candidate.,
NL,TWENTIETH_CENTURY,Ward Ruyslinck,2,7,10,/works/OL43155014W,De ontaarde slapers,Ward Ruyslinck,1.0000,1957,/books/OL58774923M,De ontaarde slapers,,dut,1.0000,,Manteau,1957,,,NOT_PROBED,,,,,NO,NO,129.0000,133.0000,REJECT,No cover candidate.,
NL,TWENTIETH_CENTURY,Ward Ruyslinck,2,7,10,/works/OL2428640W,De paardevleeseters,Ward Ruyslinck,1.0000,1965,/books/OL22911991M,De paardevleeseters,,dut,1.0000,,Manteau,1965,,,NOT_PROBED,,,,,NO,NO,129.0000,133.0000,REJECT,No cover candidate.,
NL,TWENTIETH_CENTURY,Ward Ruyslinck,2,7,10,/works/OL38721058W,Fanaal in de mist,Ward Ruyslinck,1.0000,1956,/books/OL52715205M,Fanaal in de mist,het epos van een paria,dut,1.0000,,Die Poorte,1956,,,NOT_PROBED,,,,,NO,NO,129.0000,133.0000,REJECT,No cover candidate.,
NL,TWENTIETH_CENTURY,Ward Ruyslinck,2,7,10,/works/OL2428646W,Het dal van Hinnom,Ward Ruyslinck,1.0000,1961,/books/OL22911993M,Het dal van Hinnom,roman.,dut,1.0000,,Manteau,1961,,,NOT_PROBED,,,,,NO,NO,129.0000,133.0000,REJECT,No cover candidate.,
NL,TWENTIETH_CENTURY,Ward Ruyslinck,2,7,10,/works/OL2428649W,Het ledikant van Lady Cant,Ward Ruyslinck,1.0000,1968,/books/OL18877101M,Het ledikant van Lady Cant.,,dut,1.0000,,A. Manteau,1968,,,NOT_PROBED,,,,,NO,NO,129.0000,133.0000,REJECT,No cover candidate.,
NL,TWENTIETH_CENTURY,Ward Ruyslinck,2,7,10,/works/OL2428650W,Het reservaat,Ward Ruyslinck,1.0000,1964,/books/OL22911995M,Het reservaat,roman,dut,1.0000,,Manteau,1964,,,NOT_PROBED,,,,,NO,NO,129.0000,133.0000,REJECT,No cover candidate.,
NL,TWENTIETH_CENTURY,Ward Ruyslinck,2,7,10,/works/OL2428660W,Uitspraken in opspraak,Ward Ruyslinck,1.0000,1972,/books/OL19360320M,Uitspraken in opspraak.,[Door] Ward Ruyslinch.  Samengesteld door Wim van Dijk.,dut,1.0000,,Paris-Manteau,1972,,,NOT_PROBED,,,,,NO,NO,129.0000,133.0000,REJECT,No cover candidate.,
NL,TWENTIETH_CENTURY,Ward Ruyslinck,2,7,10,/works/OL43155021W,Wierook en tranen,Ward Ruyslinck,1.0000,1958,/books/OL62545086M,Wierook en tranen,roman door Ward Ruyslinck [pseud.],dut,1.0000,,Manteau,1958,,,NOT_PROBED,,,,,NO,NO,129.0000,133.0000,REJECT,No cover candidate.,
NL,TWENTIETH_CENTURY,Simon Carmiggelt,2,8,12,/works/OL975195W,Torren aan de lijn,Simon Carmiggelt,1.0000,,/books/OL22925257M,Torren aan de lijn,alle spotverzen van Karel Bralleput.,dut,1.0000,,[Arbeiderspers,,,,NOT_PROBED,,,,,NO,NO,125.0000,129.0000,REJECT,No cover candidate.,
NL,YOUTH,Els Pelgrom,1,7,10,/works/OL24201371W,Bombaaj!,Els Pelgrom,1.0000,1995,/books/OL31961471M,Bombaaj!,,dut,1.0000,9789074336215,CPNB,1995,,10640828,VALID_COVER,279,500,JPEG,data/cache/nl-mass-editorial-engine/covers/NL-OL31961471M.jpeg,NO,NO,167.0000,201.0000,AUTO_ACCEPT,Strong author/title/language match and validated physical cover.,
NL,YOUTH,Els Pelgrom,1,7,10,/works/OL25069145W,De eikelvreters,Els Pelgrom,1.0000,1996,/books/OL33334464M,De eikelvreters,,dut,1.0000,9789001549107,Wolters-Noordhoff,1996,,11956763,VALID_COVER,290,500,JPEG,data/cache/nl-mass-editorial-engine/covers/NL-OL33334464M.jpeg,NO,NO,167.0000,201.0000,AUTO_ACCEPT,Strong author/title/language match and validated physical cover.,
NL,YOUTH,Els Pelgrom,1,7,10,/works/OL1664786W,De kinderen van het Achtste Woud,Els Pelgrom,1.0000,1977,/books/OL4354065M,De kinderen van het Achtste Woud,,dut,1.0000,9021506548,Kosmos,1977,,13532060,VALID_COVER,188,274,JPEG,data/cache/nl-mass-editorial-engine/covers/NL-OL4354065M.jpeg,NO,NO,167.0000,201.0000,AUTO_ACCEPT,Strong author/title/language match and validated physical cover.,
NL,YOUTH,Els Pelgrom,1,7,10,/works/OL27705558W,De koe die van het leven hield,Els Pelgrom,1.0000,1992,/books/OL37792386M,De koe die van het leven hield,,dut,1.0000,9789021478357,Querido,1992,,12700199,VALID_COVER,288,500,JPEG,data/cache/nl-mass-editorial-engine/covers/NL-OL37792386M.jpeg,NO,NO,167.0000,201.0000,AUTO_ACCEPT,Strong author/title/language match and validated physical cover.,
NL,YOUTH,Els Pelgrom,1,7,10,/works/OL1664787W,De olifantsberg,Els Pelgrom,1.0000,1985,/books/OL2318756M,De olifantsberg,,dut,1.0000,9021478064,Querido,1985,,13573673,VALID_COVER,156,245,JPEG,data/cache/nl-mass-editorial-engine/covers/NL-OL2318756M.jpeg,NO,NO,167.0000,201.0000,AUTO_ACCEPT,Strong author/title/language match and validated physical cover.,
NL,YOUTH,Els Pelgrom,1,7,10,/works/OL26180161W,Drie Japies,Els Pelgrom,1.0000,1980,/books/OL35329803M,Drie Japies,,dut,1.0000,9789021508382,Kosmos,1980,,12147881,VALID_COVER,326,500,JPEG,data/cache/nl-mass-editorial-engine/covers/NL-OL35329803M.jpeg,NO,NO,167.0000,201.0000,AUTO_ACCEPT,Strong author/title/language match and validated physical cover.,
NL,YOUTH,Els Pelgrom,1,7,10,/works/OL1664789W,Het onbegonnen feest,Els Pelgrom,1.0000,1987,/books/OL2124054M,Het onbegonnen feest,,dut,1.0000,9021478196,Querido,1987,,13576006,VALID_COVER,147,244,JPEG,data/cache/nl-mass-editorial-engine/covers/NL-OL2124054M.jpeg,NO,NO,167.0000,201.0000,AUTO_ACCEPT,Strong author/title/language match and validated physical cover.,
NL,YOUTH,Guus Kuijer,1,10,15,/works/OL4390375W,De man met de hamer,Guus Kuijer,1.0000,1975,/books/OL51275234M,De man met de hamer,,dut,1.0000,9021495945,Em Querido's Uitgeverij B.V.,1984,,14596700,VALID_COVER,308,500,JPEG,data/cache/nl-mass-editorial-engine/covers/NL-OL51275234M.jpeg,NO,NO,167.0000,201.0000,AUTO_ACCEPT,Strong author/title/language match and validated physical cover.,
NL,YOUTH,Guus Kuijer,1,10,15,/works/OL4390376W,De redder van Afrika,Guus Kuijer,1.0000,1989,/books/OL1805056M,De redder van Afrika,roman,dut,1.0000,9029527528,Arbeiderspers,1989,,11493388,VALID_COVER,314,500,JPEG,data/cache/nl-mass-editorial-engine/covers/NL-OL1805056M.jpeg,NO,NO,167.0000,201.0000,AUTO_ACCEPT,Strong author/title/language match and validated physical cover.,
NL,YOUTH,Guus Kuijer,1,10,15,/works/OL4390377W,De tranen knallen uit mijn kop,Guus Kuijer,1.0000,1980,/books/OL3528519M,De tranen knallen uit mijn kop,,dut,1.0000,902147204X,Querido,1980,,13699347,VALID_COVER,158,245,JPEG,data/cache/nl-mass-editorial-engine/covers/NL-OL3528519M.jpeg,NO,NO,167.0000,201.0000,AUTO_ACCEPT,Strong author/title/language match and validated physical cover.,
NL,YOUTH,Guus Kuijer,1,10,15,/works/OL4390381W,"Grote mensen, daar kan je beter soep van koken",Guus Kuijer,1.0000,1976,/books/OL4306717M,"Grote mensen, daar kan je beter soep van koken",,dut,1.0000,9021413620,Querido,1976,,11639496,VALID_COVER,309,500,JPEG,data/cache/nl-mass-editorial-engine/covers/NL-OL4306717M.jpeg,NO,NO,167.0000,201.0000,AUTO_ACCEPT,Strong author/title/language match and validated physical cover.,
NL,YOUTH,Guus Kuijer,1,10,15,/works/OL16802713W,Het doden van een mens,Guus Kuijer,1.0000,2007,/books/OL25425415M,Het doden van een mens,,dut,1.0000,9789025327637,Athenaeum-Polak & Van Gennep,2007,,7254939,VALID_COVER,314,500,JPEG,data/cache/nl-mass-editorial-engine/covers/NL-OL25425415M.jpeg,NO,NO,167.0000,201.0000,AUTO_ACCEPT,Strong author/title/language match and validated physical cover.,
NL,YOUTH,Guus Kuijer,1,10,15,/works/OL27677832W,Het land van de neushoornvogel,Guus Kuijer,1.0000,1985,/books/OL37738339M,Het land van de neushoornvogel,,dut,1.0000,9789021472089,Querido,1985,,12655456,VALID_COVER,307,500,JPEG,data/cache/nl-mass-editorial-engine/covers/NL-OL37738339M.jpeg,NO,NO,167.0000,201.0000,AUTO_ACCEPT,Strong author/title/language match and validated physical cover.,
NL,YOUTH,Guus Kuijer,1,10,15,/works/OL17048442W,Met de poppen gooien,Guus Kuijer,1.0000,1997,/books/OL25617616M,Met de poppen gooien,,dut,1.0000,9021432625,Querido,1997,,7290523,VALID_COVER,311,500,JPEG,data/cache/nl-mass-editorial-engine/covers/NL-OL25617616M.jpeg,NO,NO,167.0000,201.0000,AUTO_ACCEPT,Strong author/title/language match and validated physical cover.,
NL,YOUTH,Guus Kuijer,1,10,15,/works/OL4390388W,Op je kop in de prullenbak,Guus Kuijer,1.0000,1977,/books/OL4164208M,Op je kop in de prullenbak,,dut,1.0000,9021410737,Querido,1977,,11690415,VALID_COVER,301,500,JPEG,data/cache/nl-mass-editorial-engine/covers/NL-OL4164208M.jpeg,NO,NO,167.0000,201.0000,AUTO_ACCEPT,Strong author/title/language match and validated physical cover.,
NL,YOUTH,Guus Kuijer,1,10,15,/works/OL37793169W,Pappa is een hond,Guus Kuijer,1.0000,1979,/books/OL50994815M,Pappa is een hond,,dut,1.0000,9789021414126,Singel Uitgevers,1979,,14817936,VALID_COVER,299,500,JPEG,data/cache/nl-mass-editorial-engine/covers/NL-OL50994815M.jpeg,NO,NO,167.0000,201.0000,AUTO_ACCEPT,Strong author/title/language match and validated physical cover.,
NL,YOUTH,Jan Terlouw,1,10,15,/works/OL44869785W,De 90ste verjaardag van Louis van Roosgaarde,Jan Terlouw | Sanne Terlouw,1.0000,2019,/books/OL61242264M,De 90ste verjaardag van Louis van Roosgaarde,,dut,1.0000,9789462971264,Uitgeverij De Kring,2019,,15174965,VALID_COVER,325,500,JPEG,data/cache/nl-mass-editorial-engine/covers/NL-OL61242264M.jpeg,NO,NO,167.0000,201.0000,AUTO_ACCEPT,Strong author/title/language match and validated physical cover.,
NL,YOUTH,Jan Terlouw,1,10,15,/works/OL34867824W,De blauwe tweeling,Jan Terlouw | Sanne Terlouw,1.0000,2009,/books/OL47223096M,De blauwe tweeling,,dut,1.0000,9789046805626,Nieuw Amsterdam,2009-05-13,,13659504,VALID_COVER,321,500,JPEG,data/cache/nl-mass-editorial-engine/covers/NL-OL47223096M.jpeg,NO,NO,167.0000,201.0000,AUTO_ACCEPT,Strong author/title/language match and validated physical cover.,
NL,YOUTH,Jan Terlouw,1,10,15,/works/OL28165939W,De charmeur,Jan Terlouw | Sanne Terlouw,1.0000,2009,/books/OL38560328M,De charmeur,,dut,1.0000,9789046805817,Nieuw Amsterdam,2009,,15174966,VALID_COVER,321,500,JPEG,data/cache/nl-mass-editorial-engine/covers/NL-OL38560328M.jpeg,NO,NO,167.0000,201.0000,AUTO_ACCEPT,Strong author/title/language match and validated physical cover.,
NL,YOUTH,Jan Terlouw,1,10,15,/works/OL3681908W,De kloof,Jan Terlouw,1.0000,1983,/books/OL2934372M,De kloof,,dut,1.0000,9060695429,Lemniscaat,1983,,4203811,VALID_COVER,128,183,JPEG,data/cache/nl-mass-editorial-engine/covers/NL-OL2934372M.jpeg,NO,NO,167.0000,201.0000,AUTO_ACCEPT,Strong author/title/language match and validated physical cover.,
NL,YOUTH,Jan Terlouw,1,10,15,/works/OL26181955W,De vuurtoren,Jan Terlouw | Sanne Terlouw,1.0000,2010,/books/OL35331713M,De vuurtoren,,dut,1.0000,9789046807187,Nieuw Amsterdam,2010,,12150955,VALID_COVER,295,500,JPEG,data/cache/nl-mass-editorial-engine/covers/NL-OL35331713M.jpeg,NO,NO,167.0000,201.0000,AUTO_ACCEPT,Strong author/title/language match and validated physical cover.,
NL,YOUTH,Jan Terlouw,1,10,15,/works/OL3681909W,Eigen rechter,Jan Terlouw,1.0000,1998,/books/OL6875034M,Eigen rechter,,dut,1.0000,9056371541,Lemniscaat,1998,,4542509,VALID_COVER,128,192,JPEG,data/cache/nl-mass-editorial-engine/covers/NL-OL6875034M.jpeg,NO,NO,167.0000,201.0000,AUTO_ACCEPT,Strong author/title/language match and validated physical cover.,
NL,YOUTH,Jan Terlouw,1,10,15,/works/OL3681905W,Gevangenis met een open deur,Jan Terlouw,1.0000,1988,/books/OL47228799M,Gevangenis met een open deur,,dut,1.0000,9789060696361,Lemniscaat,"Mar 19, 1988",,13667987,VALID_COVER,333,500,JPEG,data/cache/nl-mass-editorial-engine/covers/NL-OL47228799M.jpeg,NO,NO,167.0000,201.0000,AUTO_ACCEPT,Strong author/title/language match and validated physical cover.,
NL,YOUTH,Jan Terlouw,1,10,15,/works/OL34902997W,Hellehonden,Jan Terlouw | Sanne Terlouw,1.0000,2011,/books/OL47260021M,Hellehonden,,dut,1.0000,9789046809679,Nieuw Amsterdam,2011,,13709515,VALID_COVER,321,500,JPEG,data/cache/nl-mass-editorial-engine/covers/NL-OL47260021M.jpeg,NO,NO,167.0000,201.0000,AUTO_ACCEPT,Strong author/title/language match and validated physical cover.,
NL,YOUTH,Jan Terlouw,1,10,15,/works/OL26170927W,In huis met een seriemoordenaar,Jan Terlouw | Sanne Terlouw,1.0000,2015,/books/OL35319894M,In huis met een seriemoordenaar,roman gebaseerd op eigen ervaringen,dut,1.0000,9789491567940,De Kring,2015,,12130954,VALID_COVER,299,500,JPEG,data/cache/nl-mass-editorial-engine/covers/NL-OL35319894M.jpeg,NO,NO,167.0000,201.0000,AUTO_ACCEPT,Strong author/title/language match and validated physical cover.,
NL,YOUTH,Jan Terlouw,1,10,15,/works/OL3681914W,Oosterschelde windkracht 10,Jan Terlouw,1.0000,1976,/books/OL4970693M,Oosterschelde windkracht 10,,dut,1.0000,9060692799,Lemniscaat,1976,,4462756,VALID_COVER,128,183,JPEG,data/cache/nl-mass-editorial-engine/covers/NL-OL4970693M.jpeg,NO,NO,167.0000,201.0000,AUTO_ACCEPT,Strong author/title/language match and validated physical cover.,
NL,YOUTH,Jan Terlouw,1,10,15,/works/OL3681915W,Pjotr,Jan Terlouw,1.0000,1992,/books/OL27940575M,Pjotr,,dut,1.0000,9001973418,Wolters-Noordhoff,1992,,9328475,VALID_COVER,305,500,JPEG,data/cache/nl-mass-editorial-engine/covers/NL-OL27940575M.jpeg,NO,NO,167.0000,201.0000,AUTO_ACCEPT,Strong author/title/language match and validated physical cover.,
NL,YOUTH,Jan Terlouw,1,10,15,/works/OL27060702W,Venijn,Jan Terlouw | Sanne Terlouw,1.0000,2007,/books/OL36693487M,Venijn,,dut,1.0000,9789046802083,Nieuw Amsterdam,2007,,12579412,VALID_COVER,304,500,JPEG,data/cache/nl-mass-editorial-engine/covers/NL-OL36693487M.jpeg,NO,NO,167.0000,201.0000,AUTO_ACCEPT,Strong author/title/language match and validated physical cover.,
NL,YOUTH,Joke van Leeuwen,1,8,12,/works/OL973903W,De tjilpmachine,Joke van Leeuwen,1.0000,1990,/books/OL1581769M,De tjilpmachine,novelle,dut,1.0000,9021473178,Querido,1990,,12141400,VALID_COVER,304,500,JPEG,data/cache/nl-mass-editorial-engine/covers/NL-OL1581769M.jpeg,NO,NO,167.0000,201.0000,AUTO_ACCEPT,Strong author/title/language match and validated physical cover.,
NL,YOUTH,Joke van Leeuwen,1,8,12,/works/OL23226068W,Feest van het begin,Joke van Leeuwen,1.0000,2012,/books/OL31061803M,Feest van het begin,roman,dut,1.0000,9789021442013,Querido,2012,,12144355,VALID_COVER,286,500,JPEG,data/cache/nl-mass-editorial-engine/covers/NL-OL31061803M.jpeg,NO,NO,167.0000,201.0000,AUTO_ACCEPT,Strong author/title/language match and validated physical cover.,
NL,YOUTH,Joke van Leeuwen,1,8,12,/works/OL973912W,Vrije vormen,Joke van Leeuwen,1.0000,2002,/books/OL3750872M,Vrije vormen,,dut,1.0000,9021472902,Querido,2002,,12144004,VALID_COVER,301,500,JPEG,data/cache/nl-mass-editorial-engine/covers/NL-OL3750872M.jpeg,NO,NO,167.0000,201.0000,AUTO_ACCEPT,Strong author/title/language match and validated physical cover.,
NL,YOUTH,Paul van Loon,1,10,15,/works/OL26186700W,Als het licht aan is,Paul van Loon,1.0000,2008,/books/OL35336756M,Als het licht aan is,,dut,1.0000,9789027668837,Zwijsen,2008,,12159564,VALID_COVER,350,500,JPEG,data/cache/nl-mass-editorial-engine/covers/NL-OL35336756M.jpeg,NO,NO,167.0000,201.0000,AUTO_ACCEPT,Strong author/title/language match and validated physical cover.,
NL,YOUTH,Paul van Loon,1,10,15,/works/OL35422769W,Bang voor vampiers?,Paul van Loon,1.0000,2003,/books/OL47846525M,Bang voor vampiers?,,dut,1.0000,9789025840815,Leopold B.V.,2003-03-15,,15169920,VALID_COVER,340,500,JPEG,data/cache/nl-mass-editorial-engine/covers/NL-OL47846525M.jpeg,NO,NO,167.0000,201.0000,AUTO_ACCEPT,Strong author/title/language match and validated physical cover.,
NL,YOUTH,Paul van Loon,1,10,15,/works/OL27677561W,Boven op tante Agaat,Paul van Loon,1.0000,2008,/books/OL37738023M,Boven op tante Agaat,,dut,1.0000,9789027668752,Zwijsen,2008,,12654877,VALID_COVER,348,500,JPEG,data/cache/nl-mass-editorial-engine/covers/NL-OL37738023M.jpeg,NO,NO,167.0000,201.0000,AUTO_ACCEPT,Strong author/title/language match and validated physical cover.,
NL,YOUTH,Paul van Loon,1,10,15,/works/OL44107033W,Danse Macabre,Paul van Loon,1.0000,2024,/books/OL60325510M,Danse Macabre,,dut,1.0000,9789025888008,Leopold,"October 23, 2024",,15128171,VALID_COVER,343,500,JPEG,data/cache/nl-mass-editorial-engine/covers/NL-OL60325510M.jpeg,NO,NO,167.0000,201.0000,AUTO_ACCEPT,Strong author/title/language match and validated physical cover.,
NL,YOUTH,Paul van Loon,1,10,15,/works/OL26185483W,De allesdief,Paul van Loon,1.0000,1993,/books/OL35335472M,De allesdief,,dut,1.0000,9789027628718,Zwijsen,1993,,12157206,VALID_COVER,293,500,JPEG,data/cache/nl-mass-editorial-engine/covers/NL-OL35335472M.jpeg,NO,NO,167.0000,201.0000,AUTO_ACCEPT,Strong author/title/language match and validated physical cover.,
NL,YOUTH,Paul van Loon,1,10,15,/works/OL44924402W,De Bende van de Witte Veer,Paul van Loon,1.0000,2017,/books/OL61305828M,De Bende van de Witte Veer,,dut,1.0000,9789025867638,Leopold,"May 1, 2017",,15169907,VALID_COVER,341,500,JPEG,data/cache/nl-mass-editorial-engine/covers/NL-OL61305828M.jpeg,NO,NO,167.0000,201.0000,AUTO_ACCEPT,Strong author/title/language match and validated physical cover.,
NL,YOUTH,Paul van Loon,1,10,15,/works/OL26376875W,De griezelbus,Paul van Loon,1.0000,2008,/books/OL35615775M,De griezelbus,,dut,1.0000,9789025852511,Leopold,2008,,12322581,VALID_COVER,333,500,JPEG,data/cache/nl-mass-editorial-engine/covers/NL-OL35615775M.jpeg,NO,NO,167.0000,201.0000,AUTO_ACCEPT,Strong author/title/language match and validated physical cover.,
NL,YOUTH,Paul van Loon,1,10,15,/works/OL34878632W,De Griezelbus 2,Paul van Loon,1.0000,1995,/books/OL47234229M,De Griezelbus 2,,dut,1.0000,9789025872243,Leopold,"January 1, 2017",,15133390,VALID_COVER,244,400,JPEG,data/cache/nl-mass-editorial-engine/covers/NL-OL47234229M.jpeg,NO,NO,167.0000,201.0000,AUTO_ACCEPT,Strong author/title/language match and validated physical cover.,
NL,YOUTH,Paul van Loon,1,10,15,/works/OL44343029W,De Griezelbus 4,Paul van Loon,1.0000,1998,/books/OL60592680M,De Griezelbus 4,,dut,1.0000,9789066922242,Elzenga,"January 1, 1998",,15139224,VALID_COVER,300,458,JPEG,data/cache/nl-mass-editorial-engine/covers/NL-OL60592680M.jpeg,NO,NO,167.0000,201.0000,AUTO_ACCEPT,Strong author/title/language match and validated physical cover.,
NL,YOUTH,Paul van Loon,1,10,15,/works/OL35017905W,De Griezelbus 6,Paul van Loon,1.0000,2018,/books/OL47385144M,De Griezelbus 6,,dut,1.0000,9789025875923,Leopold,"January 1, 2018",,13980249,VALID_COVER,339,500,JPEG,data/cache/nl-mass-editorial-engine/covers/NL-OL47385144M.jpeg,NO,NO,167.0000,201.0000,AUTO_ACCEPT,Strong author/title/language match and validated physical cover.,
NL,YOUTH,Paul van Loon,1,10,15,/works/OL36767866W,De vampiertand,Paul van Loon,1.0000,2005,/books/OL49656479M,De vampiertand,,dut,1.0000,9789025846060,Leopold,"January 1, 2005",,15169921,VALID_COVER,341,500,JPEG,data/cache/nl-mass-editorial-engine/covers/NL-OL49656479M.jpeg,NO,NO,167.0000,201.0000,AUTO_ACCEPT,Strong author/title/language match and validated physical cover.,
NL,YOUTH,Paul van Loon,1,10,15,/works/OL27973104W,Denk als een poes,Paul van Loon,1.0000,2008,/books/OL38243650M,Denk als een poes,,dut,1.0000,9789027668769,Zwijsen,2008,,12788679,VALID_COVER,355,500,JPEG,data/cache/nl-mass-editorial-engine/covers/NL-OL38243650M.jpeg,NO,NO,167.0000,201.0000,AUTO_ACCEPT,Strong author/title/language match and validated physical cover.,
NL,YOUTH,Paul van Loon,1,10,15,/works/OL2286363W,Dolfje Weerwolfje,Paul van Loon,1.0000,1996,/books/OL40208130M,Dolfje Weerwolfje,,dut,1.0000,9789025845261,Leopold,"January 1, 1996",,15146252,VALID_COVER,318,464,JPEG,data/cache/nl-mass-editorial-engine/covers/NL-OL40208130M.jpeg,NO,NO,167.0000,201.0000,AUTO_ACCEPT,Strong author/title/language match and validated physical cover.,
NL,YOUTH,Paul van Loon,1,10,15,/works/OL24824222W,Echte boeven?,Paul van Loon,1.0000,2015,/books/OL32989729M,Echte boeven?,,dut,1.0000,9789027668660,Zwijsen,2015,,11624016,VALID_COVER,346,500,JPEG,data/cache/nl-mass-editorial-engine/covers/NL-OL32989729M.jpeg,NO,NO,167.0000,201.0000,AUTO_ACCEPT,Strong author/title/language match and validated physical cover.,
NL,YOUTH,Paul van Loon,1,10,15,/works/OL26284697W,Een spook in de school,Paul van Loon,1.0000,1996,/books/OL35446549M,Een spook in de school,,dut,1.0000,9789027634528,Zwijsen,1996,,12289447,VALID_COVER,300,500,JPEG,data/cache/nl-mass-editorial-engine/covers/NL-OL35446549M.jpeg,NO,NO,167.0000,201.0000,AUTO_ACCEPT,Strong author/title/language match and validated physical cover.,
NL,YOUTH,Paul van Loon,1,10,15,/works/OL27677243W,Gezicht in de mist,Paul van Loon,1.0000,1997,/books/OL37737659M,Gezicht in de mist,,dut,1.0000,9789066922198,Elzenga,1997,,12654251,VALID_COVER,293,500,JPEG,data/cache/nl-mass-editorial-engine/covers/NL-OL37737659M.jpeg,NO,NO,167.0000,201.0000,AUTO_ACCEPT,Strong author/title/language match and validated physical cover.,
NL,YOUTH,Paul van Loon,1,10,15,/works/OL26398273W,Griezelhandboek,Paul van Loon,1.0000,1993,/books/OL35639119M,Griezelhandboek,,dut,1.0000,9789066921214,Elzenga,1993,,12346391,VALID_COVER,317,500,JPEG,data/cache/nl-mass-editorial-engine/covers/NL-OL35639119M.jpeg,NO,NO,167.0000,201.0000,AUTO_ACCEPT,Strong author/title/language match and validated physical cover.,
NL,YOUTH,Paul van Loon,1,10,15,/works/OL26179050W,Griezellige tijden,Paul van Loon | Camila Fialkowski,1.0000,1997,/books/OL35328597M,Griezellige tijden,,dut,1.0000,9789066922013,Elzenga,1997,,12146111,VALID_COVER,295,500,JPEG,data/cache/nl-mass-editorial-engine/covers/NL-OL35328597M.jpeg,NO,NO,167.0000,201.0000,AUTO_ACCEPT,Strong author/title/language match and validated physical cover.,
NL,YOUTH,Paul van Loon,1,10,15,/works/OL44924441W,Het bloed van de laatste draak,Paul van Loon,1.0000,2023,/books/OL61305869M,Het bloed van de laatste draak,,dut,1.0000,9789025885311,Leopold,"September 26, 2023",,15169909,VALID_COVER,343,500,JPEG,data/cache/nl-mass-editorial-engine/covers/NL-OL61305869M.jpeg,NO,NO,167.0000,201.0000,AUTO_ACCEPT,Strong author/title/language match and validated physical cover.,
NL,YOUTH,Paul van Loon,1,10,15,/works/OL26184078W,Het geheim van de ontsnapte leeuw,Paul van Loon | Saskia Halfmouw,1.0000,2006,/books/OL35333982M,Het geheim van de ontsnapte leeuw,,dut,1.0000,9789025850098,Leopold,2006,,12154667,VALID_COVER,325,500,JPEG,data/cache/nl-mass-editorial-engine/covers/NL-OL35333982M.jpeg,NO,NO,167.0000,201.0000,AUTO_ACCEPT,Strong author/title/language match and validated physical cover.,
NL,YOUTH,Paul van Loon,1,10,15,/works/OL24433070W,Het nachtmerrieneefje,Paul van Loon,1.0000,2003,/books/OL32361967M,Het nachtmerrieneefje,,dut,1.0000,9789025842185,Leopold,2003,,11005408,VALID_COVER,318,500,JPEG,data/cache/nl-mass-editorial-engine/covers/NL-OL32361967M.jpeg,NO,NO,167.0000,201.0000,AUTO_ACCEPT,Strong author/title/language match and validated physical cover.,
NL,YOUTH,Paul van Loon,1,10,15,/works/OL26181199W,Ik ben net als jij,Paul van Loon,1.0000,1999,/books/OL35330918M,Ik ben net als jij,,dut,1.0000,9789027642233,Zwijsen,1999,,12149615,VALID_COVER,305,500,JPEG,data/cache/nl-mass-editorial-engine/covers/NL-OL35330918M.jpeg,NO,NO,167.0000,201.0000,AUTO_ACCEPT,Strong author/title/language match and validated physical cover.,
NL,YOUTH,Paul van Loon,1,10,15,/works/OL2286364W,Meester kikker,Paul van Loon,1.0000,1995,/books/OL616308M,Meester kikker,,dut,1.0000,9066921463,Elzenga,1995,,12818451,VALID_COVER,338,500,JPEG,data/cache/nl-mass-editorial-engine/covers/NL-OL616308M.jpeg,NO,NO,167.0000,201.0000,AUTO_ACCEPT,Strong author/title/language match and validated physical cover.,
NL,YOUTH,Paul van Loon,1,10,15,/works/OL26178338W,"Niet bijten, Dolfje",Paul van Loon,1.0000,2005,/books/OL35327834M,"Niet bijten, Dolfje",,dut,1.0000,9789025844585,Leopold,2005,,12144921,VALID_COVER,329,500,JPEG,data/cache/nl-mass-editorial-engine/covers/NL-OL35327834M.jpeg,NO,NO,167.0000,201.0000,AUTO_ACCEPT,Strong author/title/language match and validated physical cover.,
NL,YOUTH,Paul van Loon,1,10,15,/works/OL26178989W,Nooit de buren bijten,Paul van Loon,1.0000,2000,/books/OL35328537M,Nooit de buren bijten,,dut,1.0000,9789066921511,Elzenga,2000,,12146016,VALID_COVER,304,500,JPEG,data/cache/nl-mass-editorial-engine/covers/NL-OL35328537M.jpeg,NO,NO,167.0000,201.0000,AUTO_ACCEPT,Strong author/title/language match and validated physical cover.,
NL,YOUTH,Paul van Loon,1,10,15,/works/OL24749628W,Paniek in de Leeuwenkuil,Paul van Loon,1.0000,2013,/books/OL32860318M,Paniek in de Leeuwenkuil,,dut,1.0000,9789025844349,Leopold,2013,,11493079,VALID_COVER,317,500,JPEG,data/cache/nl-mass-editorial-engine/covers/NL-OL32860318M.jpeg,NO,NO,167.0000,201.0000,AUTO_ACCEPT,Strong author/title/language match and validated physical cover.,
NL,YOUTH,Paul van Loon,1,10,15,/works/OL24809500W,Pas op voor een pad!,Paul van Loon,1.0000,2000,/books/OL32966919M,Pas op voor een pad!,,dut,1.0000,9789027644909,Zwijsen,2000,,11579124,VALID_COVER,307,500,JPEG,data/cache/nl-mass-editorial-engine/covers/NL-OL32966919M.jpeg,NO,NO,167.0000,201.0000,AUTO_ACCEPT,Strong author/title/language match and validated physical cover.,
NL,YOUTH,Paul van Loon,1,10,15,/works/OL20421257W,Raveleijn,Paul van Loon,1.0000,2011,/books/OL27642355M,Raveleijn,,dut,1.0000,9789025857813,Leopold | Efteling,"Mar 01, 2011",,9088450,VALID_COVER,339,500,JPEG,data/cache/nl-mass-editorial-engine/covers/NL-OL27642355M.jpeg,NO,NO,167.0000,201.0000,AUTO_ACCEPT,Strong author/title/language match and validated physical cover.,
NL,YOUTH,Paul van Loon,1,10,15,/works/OL9467844W,Sam Schoffel meester-speurder,Paul van Loon,1.0000,1998,/books/OL61305957M,Sam Schoffel meester-speurder,De drie allerleukste verhalen,dut,1.0000,9789027648655,Zwijsen,"January 1, 2003",,15169919,VALID_COVER,228,345,JPEG,data/cache/nl-mass-editorial-engine/covers/NL-OL61305957M.jpeg,NO,NO,167.0000,201.0000,AUTO_ACCEPT,Strong author/title/language match and validated physical cover.,
NL,YOUTH,Paul van Loon,1,10,15,/works/OL26185844W,Sammie en het snotmonster,Paul van Loon,1.0000,2010,/books/OL35335847M,Sammie en het snotmonster,,dut,1.0000,9789048707553,Zwijsen,2010,,12157921,VALID_COVER,353,500,JPEG,data/cache/nl-mass-editorial-engine/covers/NL-OL35335847M.jpeg,NO,NO,167.0000,201.0000,AUTO_ACCEPT,Strong author/title/language match and validated physical cover.,
NL,YOUTH,Paul van Loon,1,10,15,/works/OL24849946W,Schildpad ontvoerd,Paul van Loon,1.0000,1989,/books/OL33029014M,Schildpad ontvoerd,,dut,1.0000,9789027614339,Zwijsen,1989,,11709728,VALID_COVER,290,500,JPEG,data/cache/nl-mass-editorial-engine/covers/NL-OL33029014M.jpeg,NO,NO,167.0000,201.0000,AUTO_ACCEPT,Strong author/title/language match and validated physical cover.,
NL,YOUTH,Paul van Loon,1,10,15,/works/OL24421634W,Stoel loopt weg,Paul van Loon,1.0000,1997,/books/OL32347599M,Stoel loopt weg,,dut,1.0000,9789027636751,Zwijsen,1997,,10973883,VALID_COVER,300,500,JPEG,data/cache/nl-mass-editorial-engine/covers/NL-OL32347599M.jpeg,NO,NO,167.0000,201.0000,AUTO_ACCEPT,Strong author/title/language match and validated physical cover.,
NL,YOUTH,Paul van Loon,1,10,15,/works/OL26183459W,Stuurloos tussen de sterren,Paul van Loon,1.0000,2008,/books/OL35333337M,Stuurloos tussen de sterren,,dut,1.0000,9789027668790,Zwijsen,2008,,12153610,VALID_COVER,355,500,JPEG,data/cache/nl-mass-editorial-engine/covers/NL-OL35333337M.jpeg,NO,NO,167.0000,201.0000,AUTO_ACCEPT,Strong author/title/language match and validated physical cover.,
NL,YOUTH,Paul van Loon,1,10,15,/works/OL26185923W,Tilde de Wilde,Paul van Loon,1.0000,2008,/books/OL35335929M,Tilde de Wilde,,dut,1.0000,9789027668677,Zwijsen,2008,,12158083,VALID_COVER,347,500,JPEG,data/cache/nl-mass-editorial-engine/covers/NL-OL35335929M.jpeg,NO,NO,167.0000,201.0000,AUTO_ACCEPT,Strong author/title/language match and validated physical cover.,
NL,YOUTH,Paul van Loon,1,10,15,/works/OL26201941W,Volle maan,Paul van Loon,1.0000,2013,/books/OL35356318M,Volle maan,,dut,1.0000,9789025845858,Leopold,2013,,12198637,VALID_COVER,338,500,JPEG,data/cache/nl-mass-editorial-engine/covers/NL-OL35356318M.jpeg,NO,NO,167.0000,201.0000,AUTO_ACCEPT,Strong author/title/language match and validated physical cover.,
NL,YOUTH,Paul van Loon,1,10,15,/works/OL27682852W,Vrolijke snuiters,Paul van Loon,1.0000,2008,/books/OL37749606M,Vrolijke snuiters,,dut,1.0000,9789027668738,Zwijsen,2008,,12663217,VALID_COVER,344,500,JPEG,data/cache/nl-mass-editorial-engine/covers/NL-OL37749606M.jpeg,NO,NO,167.0000,201.0000,AUTO_ACCEPT,Strong author/title/language match and validated physical cover.,
NL,YOUTH,Paul van Loon,1,10,15,/works/OL24443101W,Wat hoor ik daar?,Paul van Loon,1.0000,2008,/books/OL32374774M,Wat hoor ik daar?,,dut,1.0000,9789027668653,Zwijsen,2008,,11031969,VALID_COVER,340,500,JPEG,data/cache/nl-mass-editorial-engine/covers/NL-OL32374774M.jpeg,NO,NO,167.0000,201.0000,AUTO_ACCEPT,Strong author/title/language match and validated physical cover.,
NL,YOUTH,Paul van Loon,1,10,15,/works/OL44924506W,Wij gaan op monsterjacht,Paul van Loon,1.0000,2025,/books/OL61305941M,Wij gaan op monsterjacht,,dut,1.0000,9789025889180,Leopold,"November 5, 2025",,15169917,VALID_COVER,420,500,JPEG,data/cache/nl-mass-editorial-engine/covers/NL-OL61305941M.jpeg,NO,NO,167.0000,201.0000,AUTO_ACCEPT,Strong author/title/language match and validated physical cover.,
NL,YOUTH,Thea Beckman,1,10,15,/works/OL43397311W,De doge-ring van Venetië,Thea Beckman,1.0000,1994,/books/OL59107601M,De doge-ring van Venetië,,dut,1.0000,9789060699539,Lemniscaat,1994,,15087289,VALID_COVER,327,500,JPEG,data/cache/nl-mass-editorial-engine/covers/NL-OL59107601M.jpeg,NO,NO,167.0000,201.0000,AUTO_ACCEPT,Strong author/title/language match and validated physical cover.,
NL,YOUTH,Thea Beckman,1,10,15,/works/OL1736485W,De gouden dolk,Thea Beckman,1.0000,1982,/books/OL2927677M,De gouden dolk,,dut,1.0000,9789060695180,Lemniscaat,1982,,15176741,VALID_COVER,318,468,JPEG,data/cache/nl-mass-editorial-engine/covers/NL-OL2927677M.jpeg,NO,NO,167.0000,201.0000,AUTO_ACCEPT,Strong author/title/language match and validated physical cover.,
NL,YOUTH,Thea Beckman,1,10,15,/works/OL1736486W,De Stomme van Kampen,Thea Beckman,1.0000,1992,/books/OL41085409M,De Stomme van Kampen,,dut,1.0000,9789047701699,Lemniscaat,"Nov 19, 2008",,15176746,VALID_COVER,315,480,JPEG,data/cache/nl-mass-editorial-engine/covers/NL-OL41085409M.jpeg,NO,NO,167.0000,201.0000,AUTO_ACCEPT,Strong author/title/language match and validated physical cover.,
NL,YOUTH,Thea Beckman,1,10,15,/works/OL37103832W,De val van de Vredeborch,Thea Beckman,1.0000,1995,/books/OL50059935M,De val van de Vredeborch,,dut,1.0000,9789060699201,Uitgeverij Lemniscaat,1995,,15176750,VALID_COVER,309,475,JPEG,data/cache/nl-mass-editorial-engine/covers/NL-OL50059935M.jpeg,NO,NO,167.0000,201.0000,AUTO_ACCEPT,Strong author/title/language match and validated physical cover.,
NL,YOUTH,Thea Beckman,1,10,15,/works/OL34874330W,Gekaapt!,Thea Beckman,1.0000,2003,/books/OL47229736M,Gekaapt!,,dut,1.0000,9789056375164,Lemniscaat,2003,,15176749,VALID_COVER,200,304,JPEG,data/cache/nl-mass-editorial-engine/covers/NL-OL47229736M.jpeg,NO,NO,167.0000,201.0000,AUTO_ACCEPT,Strong author/title/language match and validated physical cover.,
NL,YOUTH,Thea Beckman,1,10,15,/works/OL1736487W,Hasse Simonsdochter,Thea Beckman,1.0000,1989,/books/OL2947640M,Hasse Simonsdochter,,dut,1.0000,9789060695401,Lemniscaat,1989,,15176740,VALID_COVER,150,226,JPEG,data/cache/nl-mass-editorial-engine/covers/NL-OL2947640M.jpeg,NO,NO,167.0000,201.0000,AUTO_ACCEPT,Strong author/title/language match and validated physical cover.,
NL,YOUTH,Thea Beckman,1,10,15,/works/OL1736488W,Het geheim van Rotterdam,Thea Beckman,1.0000,2002,/books/OL23085118M,Het geheim van Rotterdam,,dut,1.0000,9789060697757,Lemniscaat,2002,,15176739,VALID_COVER,150,229,JPEG,data/cache/nl-mass-editorial-engine/covers/NL-OL23085118M.jpeg,NO,NO,167.0000,201.0000,AUTO_ACCEPT,Strong author/title/language match and validated physical cover.,
NL,YOUTH,Thea Beckman,1,10,15,/works/OL24542304W,Het Helse Paradijs,Thea Beckman,1.0000,1987,/books/OL32532366M,Het Helse Paradijs,,dut,1.0000,9789060696668,Lemniscaat,1987,,11182030,VALID_COVER,178,260,JPEG,data/cache/nl-mass-editorial-engine/covers/NL-OL32532366M.jpeg,NO,NO,167.0000,201.0000,AUTO_ACCEPT,Strong author/title/language match and validated physical cover.,
NL,YOUTH,Thea Beckman,1,10,15,/works/OL1736489W,Het rad van fortuin,Thea Beckman,1.0000,1990,/books/OL2502760M,Het rad van fortuin,,dut,1.0000,9060693574,Lemniscaat,1990,,15176738,VALID_COVER,134,197,JPEG,data/cache/nl-mass-editorial-engine/covers/NL-OL2502760M.jpeg,NO,NO,167.0000,201.0000,AUTO_ACCEPT,Strong author/title/language match and validated physical cover.,
NL,YOUTH,Thea Beckman,1,10,15,/works/OL34747021W,Het wonder van Frieswijck,Thea Beckman,1.0000,2004,/books/OL47096114M,Het wonder van Frieswijck,,dut,1.0000,9789056376406,Lemniscaat,2004,,13467824,VALID_COVER,329,500,JPEG,data/cache/nl-mass-editorial-engine/covers/NL-OL47096114M.jpeg,NO,NO,167.0000,201.0000,AUTO_ACCEPT,Strong author/title/language match and validated physical cover.,
NL,YOUTH,Thea Beckman,1,10,15,/works/OL26431025W,Kinderen van Moeder Aarde,Thea Beckman,1.0000,2006,/books/OL35704358M,Kinderen van Moeder Aarde,,dut,1.0000,9789056378950,"Lemniscaat, Uitgeverij","Dec 19, 2006",,12400259,VALID_COVER,342,500,JPEG,data/cache/nl-mass-editorial-engine/covers/NL-OL35704358M.jpeg,NO,NO,167.0000,201.0000,AUTO_ACCEPT,Strong author/title/language match and validated physical cover.,
NL,YOUTH,Thea Beckman,1,10,15,/works/OL1736490W,Saartje Tadema,Thea Beckman,1.0000,1996,/books/OL312232M,Saartje Tadema,,dut,1.0000,9056370197,Lemniscaat,1996,,15176737,VALID_COVER,150,228,JPEG,data/cache/nl-mass-editorial-engine/covers/NL-OL312232M.jpeg,NO,NO,167.0000,201.0000,AUTO_ACCEPT,Strong author/title/language match and validated physical cover.,
NL,YOUTH,Thea Beckman,1,10,15,/works/OL31292457W,Triomf van de Verschroeide Aarde,Thea Beckman,1.0000,1987,/books/OL42945035M,Triomf van de Verschroeide Aarde,,dut,1.0000,9789060693261,Lemniscaat,1987-01-31,,13350877,VALID_COVER,331,500,JPEG,data/cache/nl-mass-editorial-engine/covers/NL-OL42945035M.jpeg,NO,NO,167.0000,201.0000,AUTO_ACCEPT,Strong author/title/language match and validated physical cover.,
NL,YOUTH,Thea Beckman,1,10,15,/works/OL1736491W,Vrijgevochten,Thea Beckman,1.0000,1999,/books/OL6873068M,Vrijgevochten,,dut,1.0000,9056371525,Lemniscaat,1999,,15176736,VALID_COVER,266,400,JPEG,data/cache/nl-mass-editorial-engine/covers/NL-OL6873068M.jpeg,NO,NO,167.0000,201.0000,AUTO_ACCEPT,Strong author/title/language match and validated physical cover.,
NL,YOUTH,Thea Beckman,1,10,15,/works/OL1736492W,Wij zijn wegwerpkinderen,Thea Beckman,1.0000,1981,/books/OL3528513M,Wij zijn wegwerpkinderen,,dut,1.0000,906069449X,Lemniscaat,1981,,15176735,VALID_COVER,262,400,JPEG,data/cache/nl-mass-editorial-engine/covers/NL-OL3528513M.jpeg,NO,NO,167.0000,201.0000,AUTO_ACCEPT,Strong author/title/language match and validated physical cover.,
NL,YOUTH,Tonke Dragt,1,10,15,/works/OL3793465W,Aan de andere kant van de deur,Tonke Dragt,1.0000,1997,/books/OL46907700M,Aan de andere kant van de deur,,dut,1.0000,9789025833442,Leopold B.V.,1997-10-20,,15176767,VALID_COVER,209,300,JPEG,data/cache/nl-mass-editorial-engine/covers/NL-OL46907700M.jpeg,NO,NO,167.0000,201.0000,AUTO_ACCEPT,Strong author/title/language match and validated physical cover.,
NL,YOUTH,Tonke Dragt,1,10,15,/works/OL44396003W,De schat van de Blauwe Boekanier,Tonke Dragt,1.0000,2024,/books/OL60653725M,De schat van de Blauwe Boekanier,,dut,1.0000,9789025887919,Leopold,"September 25, 2024",,15143712,VALID_COVER,325,500,JPEG,data/cache/nl-mass-editorial-engine/covers/NL-OL60653725M.jpeg,NO,NO,167.0000,201.0000,AUTO_ACCEPT,Strong author/title/language match and validated physical cover.,
NL,YOUTH,Tonke Dragt,1,10,15,/works/OL3793462W,De torens van februari,Tonke Dragt,1.0000,2006,/books/OL3206691M,De torens van februari,,dut,1.0000,9789025848910,Leopold,2006,,15176770,VALID_COVER,318,459,JPEG,data/cache/nl-mass-editorial-engine/covers/NL-OL3206691M.jpeg,NO,NO,167.0000,201.0000,AUTO_ACCEPT,Strong author/title/language match and validated physical cover.,
NL,YOUTH,Tonke Dragt,1,10,15,/works/OL3793464W,Het geheim van de klokkenmaker,Tonke Dragt,1.0000,1990,/books/OL1305390M,Het geheim van de klokkenmaker,,dut,1.0000,9025833322,Leopold,1990,,15176768,VALID_COVER,275,402,JPEG,data/cache/nl-mass-editorial-engine/covers/NL-OL1305390M.jpeg,NO,NO,167.0000,201.0000,AUTO_ACCEPT,Strong author/title/language match and validated physical cover.,
NL,YOUTH,Tonke Dragt,1,10,15,/works/OL3793469W,Torenhoog en mijlen breed,Tonke Dragt,1.0000,1980,/books/OL2990647M,Torenhoog en mijlen breed,een toekomstverhaal,dut,1.0000,9025832547,Leopold,1980,,15176769,VALID_COVER,318,473,JPEG,data/cache/nl-mass-editorial-engine/covers/NL-OL2990647M.jpeg,NO,NO,167.0000,201.0000,AUTO_ACCEPT,Strong author/title/language match and validated physical cover.,
NL,YOUTH,Paul van Loon,1,10,15,/works/OL35411089W,Gevaarlijke tijden voor katten,Paul van Loon,1.0000,1997,/books/OL47834163M,Gevaarlijke tijden voor katten (Wachtwoord Dieren),,dut,0.9600,9789027639233,Zwijsen,1 January 1997,,15169913,VALID_COVER,302,475,JPEG,data/cache/nl-mass-editorial-engine/covers/NL-OL47834163M.jpeg,NO,NO,166.2000,200.2000,AUTO_ACCEPT,Strong author/title/language match and validated physical cover.,
NL,YOUTH,Thea Beckman,1,10,15,/works/OL35401501W,De Verloren Schat,Thea Beckman,1.0000,1993,/books/OL47823597M,De Verloren Schat,,dut,1.0000,9789060699010,Lemniscaat,1993,,15176753,IMAGE_TOO_SMALL,117,180,JPEG,,NO,NO,167.0000,176.0000,REJECT,Physical cover validation failed: IMAGE_TOO_SMALL,
NL,YOUTH,Els Pelgrom,1,7,10,/works/OL1664788W,De zwervers van de Zakopane,Els Pelgrom,1.0000,1979,/books/OL2978565M,De zwervers van de Zakopane,,dut,1.0000,902150720X,Kosmos,1979,,,NOT_PROBED,,,,,NO,NO,155.0000,164.0000,REJECT,No cover candidate.,
NL,YOUTH,Els Pelgrom,1,7,10,/works/OL1664790W,Voor niks gaat de zon op,Els Pelgrom,1.0000,1982,/books/OL2927691M,Voor niks gaat de zon op,,dut,1.0000,9027626820,Zwijsen,1982,,,NOT_PROBED,,,,,NO,NO,155.0000,164.0000,REJECT,No cover candidate.,
NL,YOUTH,Guus Kuijer,1,10,15,/works/OL4390372W,Crisis en kaalhoofdigheid,Guus Kuijer,1.0000,1983,/books/OL2882905M,Crisis en kaalhoofdigheid,,dut,1.0000,9029527412,Arbeiderspers,1983,,,NOT_PROBED,,,,,NO,NO,155.0000,164.0000,REJECT,No cover candidate.,
NL,YOUTH,Guus Kuijer,1,10,15,/works/OL4390374W,De jonge prinsen,Guus Kuijer,1.0000,1986,/books/OL2441985M,De jonge prinsen,,dut,1.0000,9021472139,Querido,1986,,,NOT_PROBED,,,,,NO,NO,155.0000,164.0000,REJECT,No cover candidate.,
NL,YOUTH,Guus Kuijer,1,10,15,/works/OL4390378W,De zwarte stenen,Guus Kuijer,1.0000,1985,/books/OL2687587M,De zwarte stenen,,dut,1.0000,9021472074,Querido,1985,,,NOT_PROBED,,,,,NO,NO,155.0000,164.0000,REJECT,No cover candidate.,
NL,YOUTH,Guus Kuijer,1,10,15,/works/OL22627772W,Draaikonten & haatblaffers,Guus Kuijer,1.0000,2011,/books/OL30652326M,Draaikonten & haatblaffers,over de moeizame geboorte van de tolerantiegedachte,dut,1.0000,9789025368463,Athenaeum-Polak & Van Gennep,2011,,,NOT_PROBED,,,,,NO,NO,155.0000,164.0000,REJECT,No cover candidate.,
NL,YOUTH,Guus Kuijer,1,10,15,/works/OL4390380W,Een hoofd vol macaroni,Guus Kuijer,1.0000,1979,/books/OL4153828M,Een hoofd vol macaroni,,dut,1.0000,9021472031,Querido,1979,,,NOT_PROBED,,,,,NO,NO,155.0000,164.0000,REJECT,No cover candidate.,
NL,YOUTH,Guus Kuijer,1,10,15,/works/OL4390379W,Eend voor eend,Guus Kuijer,1.0000,1983,/books/OL2934390M,Eend voor eend,,dut,1.0000,9021472058,Querido,1983,,,NOT_PROBED,,,,,NO,NO,155.0000,164.0000,REJECT,No cover candidate.,
NL,YOUTH,Guus Kuijer,1,10,15,/works/OL3986036W,Het vogeltje van Amsterdam,Guus Kuijer,1.0000,1992,/books/OL52782455M,Het vogeltje van Amsterdam,,dut,1.0000,9029527471,Arbeiderspers,1992,,,NOT_PROBED,,,,,NO,NO,155.0000,164.0000,REJECT,No cover candidate.,
NL,YOUTH,Guus Kuijer,1,10,15,/works/OL4390383W,Hoe Mieke Mom haar maffe moeder vindt,Guus Kuijer,1.0000,1978,/books/OL4046205M,Hoe Mieke Mom haar maffe moeder vindt,,dut,1.0000,9021472023,Querido,1978,,,NOT_PROBED,,,,,NO,NO,155.0000,164.0000,REJECT,No cover candidate.,
NL,YOUTH,Guus Kuijer,1,10,15,/works/OL4390385W,Izebel van Tyrus,Guus Kuijer,1.0000,1988,/books/OL2132894M,Izebel van Tyrus,,dut,1.0000,9029527439,De Arbeiderspers,1988,,,NOT_PROBED,,,,,NO,NO,155.0000,164.0000,REJECT,No cover candidate.,
NL,YOUTH,Guus Kuijer,1,10,15,/works/OL4390386W,Krassen in het tafelblad,Guus Kuijer,1.0000,1978,/books/OL4324747M,Krassen in het tafelblad,,dut,1.0000,9021472015,Querido,1978,,,NOT_PROBED,,,,,NO,NO,155.0000,164.0000,REJECT,No cover candidate.,
NL,YOUTH,Guus Kuijer,1,10,15,/works/OL4390389W,"Rose, met vrome wimpers",Guus Kuijer,1.0000,1971,/books/OL5351673M,"Rose, met vrome wimpers.",,dut,1.0000,9029001631,Meulenhoff,1971,,,NOT_PROBED,,,,,NO,NO,155.0000,164.0000,REJECT,No cover candidate.,
NL,YOUTH,Guus Kuijer,1,10,15,/works/OL4390391W,"Voor altijd samen, amen",Guus Kuijer,1.0000,2000,/books/OL6873085M,"Voor altijd samen, amen",,dut,1.0000,902147266X,Querido,2000,,,NOT_PROBED,,,,,NO,NO,155.0000,164.0000,REJECT,No cover candidate.,
NL,YOUTH,Jan Terlouw,1,10,15,/works/OL42339590W,Achter de barricaden,Jan Terlouw,1.0000,2005,/books/OL57437653M,Achter de barricaden,herfstdagboek,dut,1.0000,9789020406801,Veen,2005,,,NOT_PROBED,,,,,NO,NO,155.0000,164.0000,REJECT,No cover candidate.,
NL,YOUTH,Jan Terlouw,1,10,15,/works/OL35383352W,De apotheker,Jan Terlouw | Sanne Terlouw,1.0000,2008,/books/OL47802900M,De apotheker,,dut,1.0000,9789046803844,Nieuw Amsterdam,2008-04-08,,,NOT_PROBED,,,,,NO,NO,155.0000,164.0000,REJECT,No cover candidate.,
NL,YOUTH,Jan Terlouw,1,10,15,/works/OL3681907W,De Derde Kamer,Jan Terlouw,1.0000,1978,/books/OL4512110M,De Derde Kamer,roman,dut,1.0000,9020403443,Veen,1978,,,NOT_PROBED,,,,,NO,NO,155.0000,164.0000,REJECT,No cover candidate.,
NL,YOUTH,Jan Terlouw,1,10,15,/works/OL43913160W,Deventer Jan Terlouw-lezing 2017,Jan Terlouw | Laura Faber,1.0000,2017,/books/OL59870400M,Deventer Jan Terlouw-lezing 2017,we kunnen niet langer wachten,dut,1.0000,9789462970908,Uitgeverij De Kring,2017,,,NOT_PROBED,,,,,NO,NO,155.0000,164.0000,REJECT,No cover candidate.,
NL,YOUTH,Jan Terlouw,1,10,15,/works/OL31402712W,En broederschap?,Jan Terlouw,1.0000,2014,/books/OL43056496M,En broederschap?,,dut,1.0000,9789059652484,Stichting CPNB,2014,,,NOT_PROBED,,,,,NO,NO,155.0000,164.0000,REJECT,No cover candidate.,
NL,YOUTH,Jan Terlouw,1,10,15,/works/OL22356272W,Hoed u voor mensen die iets zeker weten,Jan Terlouw,1.0000,2011,/books/OL30438924M,Hoed u voor mensen die iets zeker weten,"gedachten over politiek, wetenschap en kunst",dut,1.0000,9789047704126,Lemniscaat,2011,,,NOT_PROBED,,,,,NO,NO,155.0000,164.0000,REJECT,No cover candidate.,
NL,YOUTH,Jan Terlouw,1,10,15,/works/OL23658775W,Keuzen maken,Jan Terlouw,1.0000,1996,/books/OL298510M,Keuzen maken,Nederland tussen 1976 en 1996,dut,1.0000,9036508681,Twente University Press,1996,,,NOT_PROBED,,,,,NO,NO,155.0000,164.0000,REJECT,No cover candidate.,
NL,YOUTH,Jan Terlouw,1,10,15,/works/OL31224775W,Kop uit 't zand,Jan Terlouw,1.0000,2016,/books/OL42884092M,Kop uit 't zand,een novelle over het klimaat,dut,1.0000,9789462970465,Uitgeverij De Kring,2016,,,NOT_PROBED,,,,,NO,NO,155.0000,164.0000,REJECT,No cover candidate.,
NL,YOUTH,Jan Terlouw,1,10,15,/works/OL3681912W,Morgen brengen,Jan Terlouw,1.0000,1979,/books/OL4036591M,Morgen brengen,over industrie en werkgelegenheid in de jaren tachtig,dut,1.0000,9060196333,Bert Bakker,1979,,,NOT_PROBED,,,,,NO,NO,155.0000,164.0000,REJECT,No cover candidate.,
NL,YOUTH,Jan Terlouw,1,10,15,/works/OL3681913W,Naar zeventien zetels en terug,Jan Terlouw,1.0000,1983,/books/OL3219113M,Naar zeventien zetels en terug,"politiek dagboek, 9 maart 1981-5 november 1982",dut,1.0000,9020434357,Veen,1983,,,NOT_PROBED,,,,,NO,NO,155.0000,164.0000,REJECT,No cover candidate.,
NL,YOUTH,Jan Terlouw,1,10,15,/works/OL45011848W,Natuurlijk,Jan Terlouw,1.0000,2018,/books/OL61407590M,Natuurlijk,een pleidooi voor duurzaamheid,dut,1.0000,9789462971523,Uitgeverij De Kring,2019,,,NOT_PROBED,,,,,NO,NO,155.0000,164.0000,REJECT,No cover candidate.,
NL,YOUTH,Jan Terlouw,1,10,15,/works/OL43445081W,"Pax Havelaar, of het theeleuten der Nederlandse handel- & wandelmaatschappij",Multatuli | Multaboni | Gijsbert van Es | Jan Terlouw,1.0000,2017,/books/OL59204860M,"Pax Havelaar, of het theeleuten der Nederlandse handel- & wandelmaatschappij",,dut,1.0000,9789492086587,Uitgeverij Orlando,2017,,,NOT_PROBED,,,,,NO,NO,155.0000,164.0000,REJECT,No cover candidate.,
NL,YOUTH,Jan Terlouw,1,10,15,/works/OL3681919W,Tony van Verre ontmoet Jan Terlouw,Jan Terlouw,1.0000,1980,/books/OL3899338M,Tony van Verre ontmoet Jan Terlouw,tussentijds.,dut,1.0000,9026984294,Gooise Uitgeverij,1980,,,NOT_PROBED,,,,,NO,NO,155.0000,164.0000,REJECT,No cover candidate.,
NL,YOUTH,Jan Terlouw,1,10,15,/works/OL3681920W,Voor alle kinderen,Jan Terlouw,1.0000,1989,/books/OL1223026M,Voor alle kinderen,de rechten van het kind,dut,1.0000,9060697227,Lemniscaat,1989,,,NOT_PROBED,,,,,NO,NO,155.0000,164.0000,REJECT,No cover candidate.,
NL,YOUTH,Joke van Leeuwen,1,8,12,/works/OL45172099W,Aan de andere oever van het verlangen,Joke van Leeuwen | Annemarie Estor,1.0000,2016,/books/OL61595154M,Aan de andere oever van het verlangen,Arabische auteurs verleiden Vlaamse auteurs,dut,1.0000,9789492339218,Uitgeverij P.,2016,,,NOT_PROBED,,,,,NO,NO,155.0000,164.0000,REJECT,No cover candidate.,
NL,YOUTH,Joke van Leeuwen,1,8,12,/works/OL45979238W,Aangeraakt,Jef Blancke | Joke van Leeuwen,1.0000,2016,/books/OL62546075M,Aangeraakt,,dut,1.0000,9789492339065,Uitgeverij P,2016,,,NOT_PROBED,,,,,NO,NO,155.0000,164.0000,REJECT,No cover candidate.,
NL,YOUTH,Joke van Leeuwen,1,8,12,/works/OL973902W,De metro van Magnus,Joke van Leeuwen,1.0000,1981,/books/OL3115771M,De metro van Magnus,,dut,1.0000,9062071988,Omniboek,1981,,,NOT_PROBED,,,,,NO,NO,155.0000,164.0000,REJECT,No cover candidate.,
NL,YOUTH,Joke van Leeuwen,1,8,12,/works/OL43958735W,De onervarenen,Joke van Leeuwen,1.0000,2015,/books/OL59951583M,De onervarenen,,dut,1.0000,9789021400242,Em. Querido's Uitgeverij BV,2015,,,NOT_PROBED,,,,,NO,NO,155.0000,164.0000,REJECT,No cover candidate.,
NL,YOUTH,Joke van Leeuwen,1,8,12,/works/OL973900W,Deesje,Joke van Leeuwen,1.0000,1985,/books/OL2318821M,Deesje,,dut,1.0000,9021473151,Querido,1985,,,NOT_PROBED,,,,,NO,NO,155.0000,164.0000,REJECT,No cover candidate.,
NL,YOUTH,Joke van Leeuwen,1,8,12,/works/OL973904W,Een huis met zeven kamers,Joke van Leeuwen,1.0000,1980,/books/OL2984673M,Een huis met zeven kamers,,dut,1.0000,906207197X,Omniboek,1980,,,NOT_PROBED,,,,,NO,NO,155.0000,164.0000,REJECT,No cover candidate.,
NL,YOUTH,Joke van Leeuwen,1,8,12,/works/OL973905W,Een sok met streepjes,Joke van Leeuwen,1.0000,1999,/books/OL134749M,Een sok met streepjes,,dut,1.0000,9027642397,Zwijsen,1999,,,NOT_PROBED,,,,,NO,NO,155.0000,164.0000,REJECT,No cover candidate.,
NL,YOUTH,Joke van Leeuwen,1,8,12,/works/OL22368342W,Grijp de dag aan,Joke van Leeuwen,1.0000,2010,/books/OL30452815M,Grijp de dag aan,gedichten en beelden,dut,1.0000,9021438852,Querido,2010,,,NOT_PROBED,,,,,NO,NO,155.0000,164.0000,REJECT,No cover candidate.,
NL,YOUTH,Joke van Leeuwen,1,8,12,/works/OL32161048W,Half in de zee,Joke van Leeuwen,1.0000,2012,/books/OL43899126M,Half in de zee,[gedichten en beelden],dut,1.0000,9789021442204,Querido,2012,,,NOT_PROBED,,,,,NO,NO,155.0000,164.0000,REJECT,No cover candidate.,
NL,YOUTH,Joke van Leeuwen,1,8,12,/works/OL43682784W,Het moet nog ergens liggen,Joke van Leeuwen,1.0000,2016,/books/OL59545771M,Het moet nog ergens liggen,,dut,1.0000,9789021403977,Em. Querido's Uitgeverij BV,2016,,,NOT_PROBED,,,,,NO,NO,155.0000,164.0000,REJECT,No cover candidate.,
NL,YOUTH,Joke van Leeuwen,1,8,12,/works/OL973907W,Het weer en de tijd,Joke van Leeuwen,1.0000,1993,/books/OL20868806M,Het weer en de tijd,,dut,1.0000,9074336051,Em.Querido's Uitgeverij,1993,,,NOT_PROBED,,,,,NO,NO,155.0000,164.0000,REJECT,No cover candidate.,
NL,YOUTH,Joke van Leeuwen,1,8,12,/works/OL44790269W,Hier,Joke van Leeuwen,1.0000,2018,/books/OL61150428M,Hier,,dut,1.0000,9789021409580,Em. Querido's Uitgeverij BV,2018,,,NOT_PROBED,,,,,NO,NO,155.0000,164.0000,REJECT,No cover candidate.,
NL,YOUTH,Joke van Leeuwen,1,8,12,/works/OL22381798W,Hoe is 't?,Joke van Leeuwen,1.0000,2010,/books/OL30467698M,Hoe is 't?,gedichten in 't stad,dut,1.0000,9789021438016,Querido,2010,,,NOT_PROBED,,,,,NO,NO,155.0000,164.0000,REJECT,No cover candidate.,
NL,YOUTH,Joke van Leeuwen,1,8,12,/works/OL973908W,Iep!,Joke van Leeuwen,1.0000,1997,/books/OL312191M,Iep!,,dut,1.0000,9021473267,Querido,1997,,,NOT_PROBED,,,,,NO,NO,155.0000,164.0000,REJECT,No cover candidate.,
NL,YOUTH,Joke van Leeuwen,1,8,12,/works/OL973909W,Kukel,Joke van Leeuwen,1.0000,1999,/books/OL134748M,Kukel,,dut,1.0000,9021473321,Querido,1999,,,NOT_PROBED,,,,,NO,NO,155.0000,164.0000,REJECT,No cover candidate.,
NL,YOUTH,Joke van Leeuwen,1,8,12,/works/OL973910W,Laatste lezers,Joke van Leeuwen,1.0000,1994,/books/OL859465M,Laatste lezers,gedichten,dut,1.0000,9021473232,Querido,1994,,,NOT_PROBED,,,,,NO,NO,155.0000,164.0000,REJECT,No cover candidate.,
NL,YOUTH,Joke van Leeuwen,1,8,12,/works/OL45109358W,Levenslust,Joke van Leeuwen,1.0000,2019,/books/OL61520566M,Levenslust,Een gedicht,dut,1.0000,9789021418155,Querido,2019,,,NOT_PROBED,,,,,NO,NO,155.0000,164.0000,REJECT,No cover candidate.,
NL,YOUTH,Joke van Leeuwen,1,8,12,/works/OL23127204W,"Maar ik ben Frederik, zei Frederik",Joke van Leeuwen,1.0000,2013,/books/OL30967960M,"Maar ik ben Frederik, zei Frederik",,dut,1.0000,9789045116044,Em. Querido's Uitgeverij BV,2013,,,NOT_PROBED,,,,,NO,NO,155.0000,164.0000,REJECT,No cover candidate.,
NL,YOUTH,Joke van Leeuwen,1,8,12,/works/OL44226172W,Mijn leven als mens,Joke van Leeuwen,1.0000,2021,/books/OL60458627M,Mijn leven als mens,,dut,1.0000,9789021426433,Em. Querido's Uitgeverij BV,2021,,,NOT_PROBED,,,,,NO,NO,155.0000,164.0000,REJECT,No cover candidate.,
NL,YOUTH,Joke van Leeuwen,1,8,12,/works/OL45800589W,Toen ik,Joke van Leeuwen,1.0000,2018,/books/OL62336664M,Toen ik,,dut,1.0000,9789045121024,Em. Querido's Kinderboekenuitgeverij,2018,,,NOT_PROBED,,,,,NO,NO,155.0000,164.0000,REJECT,No cover candidate.,
NL,YOUTH,Joke van Leeuwen,1,8,12,/works/OL44715929W,Woorden op bezoek,Joke van Leeuwen,1.0000,2015,/books/OL61064281M,Woorden op bezoek,(met een keuze uit de beelden),dut,1.0000,9789041740977,Uitgeverij Rainbow,2015,,,NOT_PROBED,,,,,NO,NO,155.0000,164.0000,REJECT,No cover candidate.,
NL,YOUTH,Joke van Leeuwen,1,8,12,/works/OL39008760W,Wuif de mussen uit,Joke van Leeuwen,1.0000,2006,/books/OL53114094M,Wuif de mussen uit,gedichten en beelden,dut,1.0000,902147302X,Querido,2006,,,NOT_PROBED,,,,,NO,NO,155.0000,164.0000,REJECT,No cover candidate.,
NL,YOUTH,Paul van Loon,1,10,15,/works/OL2286358W,De grijpgrip,Paul van Loon,1.0000,2000,/books/OL6873088M,De grijpgrip,,dut,1.0000,9066922907,Elzenga,2000,,,NOT_PROBED,,,,,NO,NO,155.0000,164.0000,REJECT,No cover candidate.,
NL,YOUTH,Paul van Loon,1,10,15,/works/OL2286366W,Weg met die krokodil!,Paul van Loon,1.0000,1993,/books/OL1218873M,Weg met die krokodil!,,dut,1.0000,9066921013,Elzenga,1993,,,NOT_PROBED,,,,,NO,NO,155.0000,164.0000,REJECT,No cover candidate.,
NL,YOUTH,Thea Beckman,1,10,15,/works/OL17211843W,Geef me de ruimte!,Thea Beckman,1.0000,1987,/books/OL31839842M,Geef me de ruimte!,,dut,1.0000,9789060692738,Lemniscaat,1987-01-31,,,NOT_PROBED,,,,,NO,NO,155.0000,164.0000,REJECT,No cover candidate.,
NL,YOUTH,Thea Beckman,1,10,15,/works/OL45476471W,Het Gulden Vlies van Thule,Thea Beckman,1.0000,1989,/books/OL61957924M,Het Gulden Vlies van Thule,,dut,1.0000,9789047750505,Lemniscaat,1989,,,NOT_PROBED,,,,,NO,NO,155.0000,164.0000,REJECT,No cover candidate.,
NL,YOUTH,Paul van Loon,1,10,15,/works/OL13836970W,De urban decision room,Peter-Paul van Loon,0.9600,2008,/books/OL23613547M,De urban decision room,"een stedebouwkundig sturingsinstrument : experiment stadshavengebied Rotterdam, Heijsehaven",mul | dut | eng,1.0000,9789051995190,IOS Press,2008,,,NOT_PROBED,,,,,NO,NO,154.2000,163.2000,REJECT,No cover candidate.,
NL,YOUTH,Guus Kuijer,1,10,15,/works/OL38867777W,Het dochtertje van de wasvrouw,Guus Kuijer,1.0000,1973,/books/OL52922040M,Het dochtertje van de wasvrouw,,dut,1.0000,,Meulenhoff,1973,,,NOT_PROBED,,,,,NO,NO,149.0000,153.0000,REJECT,No cover candidate.,
NL,YOUTH,Joke van Leeuwen,1,8,12,/works/OL973906W,Het verhaal van Bobbel die een bakfiets woonde en rijk wilde worden,Joke van Leeuwen,1.0000,1988,/books/OL2124056M,Het verhaal van Bobbel die een bakfiets woonde en rijk wilde worden,,dut,1.0000,,Querido,1988,,,NOT_PROBED,,,,,NO,NO,149.0000,153.0000,REJECT,No cover candidate.,
NL,YOUTH,Joke van Leeuwen,1,8,12,/works/OL42343539W,Leestekenen,Joke van Leeuwen,1.0000,2003,/books/OL57443770M,Leestekenen,,dut,1.0000,,Querido,2003,,,NOT_PROBED,,,,,NO,NO,149.0000,153.0000,REJECT,No cover candidate.,
NL,YOUTH,Anna Woltz,2,7,10,/works/OL19735880W,Alaska,Anna Woltz,1.0000,2016,/books/OL26948969M,Alaska,,dut,1.0000,9789045119762,Querido Kinderboek,2016,,13871913,VALID_COVER,317,500,JPEG,data/cache/nl-mass-editorial-engine/covers/NL-OL26948969M.jpeg,NO,NO,147.0000,181.0000,AUTO_ACCEPT,Strong author/title/language match and validated physical cover.,
NL,YOUTH,Anna Woltz,2,7,10,/works/OL24445927W,Alles kookt over,Anna Woltz,1.0000,2002,/books/OL32378359M,Alles kookt over,,dut,1.0000,9789025835637,Leopold,2002,,11039211,VALID_COVER,320,500,JPEG,data/cache/nl-mass-editorial-engine/covers/NL-OL32378359M.jpeg,NO,NO,147.0000,181.0000,AUTO_ACCEPT,Strong author/title/language match and validated physical cover.,
NL,YOUTH,Anna Woltz,2,7,10,/works/OL24436565W,De pizza-spion,Anna Woltz,1.0000,2009,/books/OL32366360M,De pizza-spion,,dut,1.0000,9789025855260,Leopold,2009,,11015109,VALID_COVER,326,500,JPEG,data/cache/nl-mass-editorial-engine/covers/NL-OL32366360M.jpeg,NO,NO,147.0000,181.0000,AUTO_ACCEPT,Strong author/title/language match and validated physical cover.,
NL,YOUTH,Anna Woltz,2,7,10,/works/OL26179854W,"Evi, Nick en ik",Anna Woltz,1.0000,2011,/books/OL35329473M,"Evi, Nick en ik",,dut,1.0000,9789025857943,Leopold,2011,,12147373,VALID_COVER,325,500,JPEG,data/cache/nl-mass-editorial-engine/covers/NL-OL35329473M.jpeg,NO,NO,147.0000,181.0000,AUTO_ACCEPT,Strong author/title/language match and validated physical cover.,
NL,YOUTH,Anna Woltz,2,7,10,/works/OL26179734W,Het geheim van held nummer zes,Anna Woltz,1.0000,2011,/books/OL35329350M,Het geheim van held nummer zes,,dut,1.0000,9789025858490,Leopold,2011,,12147155,VALID_COVER,318,500,JPEG,data/cache/nl-mass-editorial-engine/covers/NL-OL35329350M.jpeg,NO,NO,147.0000,181.0000,AUTO_ACCEPT,Strong author/title/language match and validated physical cover.,
NL,YOUTH,Anna Woltz,2,7,10,/works/OL26182149W,Het geheim van ons vuur,Anna Woltz,1.0000,2004,/books/OL35331922M,Het geheim van ons vuur,,dut,1.0000,9789025844561,Leopold,2004,,12151311,VALID_COVER,330,500,JPEG,data/cache/nl-mass-editorial-engine/covers/NL-OL35331922M.jpeg,NO,NO,147.0000,181.0000,AUTO_ACCEPT,Strong author/title/language match and validated physical cover.,
NL,YOUTH,Anna Woltz,2,7,10,/works/OL26190777W,Meisje van Mars,Anna Woltz,1.0000,2011,/books/OL35341119M,Meisje van Mars,,dut,1.0000,9789045112930,Querido,2011,,12167527,VALID_COVER,285,500,JPEG,data/cache/nl-mass-editorial-engine/covers/NL-OL35341119M.jpeg,NO,NO,147.0000,181.0000,AUTO_ACCEPT,Strong author/title/language match and validated physical cover.,
NL,YOUTH,Anna Woltz,2,7,10,/works/OL28166582W,Tien dagen in een gestolen auto,Anna Woltz,1.0000,2008,/books/OL38561063M,Tien dagen in een gestolen auto,,dut,1.0000,9789025852238,Leopold,2008,,12796304,VALID_COVER,313,500,JPEG,data/cache/nl-mass-editorial-engine/covers/NL-OL38561063M.jpeg,NO,NO,147.0000,181.0000,AUTO_ACCEPT,Strong author/title/language match and validated physical cover.,
NL,YOUTH,Benny Lindelauf,2,6,9,/works/OL26179867W,Door en door winter,Benny Lindelauf,1.0000,2007,/books/OL35329486M,Door en door winter,,dut,1.0000,9789045105871,Querido,2007,,12147393,VALID_COVER,362,500,JPEG,data/cache/nl-mass-editorial-engine/covers/NL-OL35329486M.jpeg,NO,NO,147.0000,181.0000,AUTO_ACCEPT,Strong author/title/language match and validated physical cover.,
NL,YOUTH,Carry Slee,2,8,12,/works/OL27677647W,100% Timboektoe,Carry Slee,1.0000,2006,/books/OL37738148M,100% Timboektoe,,dut,1.0000,9789049921644,Slee,2006,,12655053,VALID_COVER,312,500,JPEG,data/cache/nl-mass-editorial-engine/covers/NL-OL37738148M.jpeg,NO,NO,147.0000,181.0000,AUTO_ACCEPT,Strong author/title/language match and validated physical cover.,
NL,YOUTH,Carry Slee,2,8,12,/works/OL973937W,Afblijven,Carry Slee,1.0000,2000,/books/OL32818366M,Afblijven,de filmeditie,dut,1.0000,9789049921491,Slee,2006,,11451032,VALID_COVER,318,500,JPEG,data/cache/nl-mass-editorial-engine/covers/NL-OL32818366M.jpeg,NO,NO,147.0000,181.0000,AUTO_ACCEPT,Strong author/title/language match and validated physical cover.,
NL,YOUTH,Carry Slee,2,8,12,/works/OL24251025W,Bikkels,Carry Slee,1.0000,1999,/books/OL32080906M,Bikkels,,dut,1.0000,9789074336499,Stichting Collectieve Propaganda van het Nederlandse Boek,1999,,10733957,VALID_COVER,304,500,JPEG,data/cache/nl-mass-editorial-engine/covers/NL-OL32080906M.jpeg,NO,NO,147.0000,181.0000,AUTO_ACCEPT,Strong author/title/language match and validated physical cover.,
NL,YOUTH,Carry Slee,2,8,12,/works/OL24739344W,Brainwash,Carry Slee,1.0000,2012,/books/OL32844524M,Brainwash,,dut,1.0000,9789049925826,Slee,2012,,11477416,VALID_COVER,300,500,JPEG,data/cache/nl-mass-editorial-engine/covers/NL-OL32844524M.jpeg,NO,NO,147.0000,181.0000,AUTO_ACCEPT,Strong author/title/language match and validated physical cover.,
NL,YOUTH,Carry Slee,2,8,12,/works/OL24754168W,Confetti conflict,Carry Slee,1.0000,2005,/books/OL32867207M,Confetti conflict,,dut,1.0000,9789049920807,Pimento,2005,,11499899,VALID_COVER,293,500,JPEG,data/cache/nl-mass-editorial-engine/covers/NL-OL32867207M.jpeg,NO,NO,147.0000,181.0000,AUTO_ACCEPT,Strong author/title/language match and validated physical cover.,
NL,YOUTH,Carry Slee,2,8,12,/works/OL24821242W,Dat heb ik weer!,Carry Slee,1.0000,2010,/books/OL35638782M,Dat heb ik weer!,"Crazy ouders, mega misverstanden en een valse gossip queen / [testjes Nadja Slee ; ill. Kristel Steenbergen]",dut,1.0000,9789049923877,Slee,2010,,12345847,VALID_COVER,291,500,JPEG,data/cache/nl-mass-editorial-engine/covers/NL-OL35638782M.jpeg,NO,NO,147.0000,181.0000,AUTO_ACCEPT,Strong author/title/language match and validated physical cover.,
NL,YOUTH,Carry Slee,2,8,12,/works/OL26181402W,De kleuters van De Grote Beer,Carry Slee,1.0000,2015,/books/OL35331119M,De kleuters van De Grote Beer,,dut,1.0000,9789048831876,Carry Slee,2015,,12149962,VALID_COVER,309,500,JPEG,data/cache/nl-mass-editorial-engine/covers/NL-OL35331119M.jpeg,NO,NO,147.0000,181.0000,AUTO_ACCEPT,Strong author/title/language match and validated physical cover.,
NL,YOUTH,Carry Slee,2,8,12,/works/OL24749585W,De smoezenkampioen,Carry Slee,1.0000,1994,/books/OL35329065M,De smoezenkampioen,,dut,1.0000,9789026901126,Van Holkema & Warendorf,1994,,12146793,VALID_COVER,330,500,JPEG,data/cache/nl-mass-editorial-engine/covers/NL-OL35329065M.jpeg,NO,NO,147.0000,181.0000,AUTO_ACCEPT,Strong author/title/language match and validated physical cover.,
NL,YOUTH,Carry Slee,2,8,12,/works/OL24708209W,De toegift,Carry Slee,1.0000,2006,/books/OL32797215M,De toegift,,dut,1.0000,9789049999650,Pimento,2006,,11429423,VALID_COVER,312,500,JPEG,data/cache/nl-mass-editorial-engine/covers/NL-OL32797215M.jpeg,NO,NO,147.0000,181.0000,AUTO_ACCEPT,Strong author/title/language match and validated physical cover.,
NL,YOUTH,Carry Slee,2,8,12,/works/OL26193529W,Dief is lief,Carry Slee,1.0000,2008,/books/OL35344163M,Dief is lief,,dut,1.0000,9789049922931,Slee,2008,,12172092,VALID_COVER,304,500,JPEG,data/cache/nl-mass-editorial-engine/covers/NL-OL35344163M.jpeg,NO,NO,147.0000,181.0000,AUTO_ACCEPT,Strong author/title/language match and validated physical cover.,
NL,YOUTH,Carry Slee,2,8,12,/works/OL973938W,Dochter van Eva,Carry Slee,1.0000,2002,/books/OL3750819M,Dochter van Eva,,dut,1.0000,9044602098,Prometheus,2002,,10636692,VALID_COVER,304,500,JPEG,data/cache/nl-mass-editorial-engine/covers/NL-OL3750819M.jpeg,NO,NO,147.0000,181.0000,AUTO_ACCEPT,Strong author/title/language match and validated physical cover.,
NL,YOUTH,Carry Slee,2,8,12,/works/OL24823438W,Dokter Speur,Carry Slee,1.0000,2005,/books/OL32988547M,Dokter Speur,,dut,1.0000,9789049920319,Pimento,2005,,11621516,VALID_COVER,315,500,JPEG,data/cache/nl-mass-editorial-engine/covers/NL-OL32988547M.jpeg,NO,NO,147.0000,181.0000,AUTO_ACCEPT,Strong author/title/language match and validated physical cover.,
NL,YOUTH,Carry Slee,2,8,12,/works/OL26181947W,Een krokodil in de heg,Carry Slee,1.0000,2006,/books/OL35331689M,Een krokodil in de heg,,dut,1.0000,9789049921590,Slee,2006,,12150940,VALID_COVER,371,500,JPEG,data/cache/nl-mass-editorial-engine/covers/NL-OL35331689M.jpeg,NO,NO,147.0000,181.0000,AUTO_ACCEPT,Strong author/title/language match and validated physical cover.,
NL,YOUTH,Carry Slee,2,8,12,/works/OL27678014W,Fatale liefde,Carry Slee,1.0000,2010,/books/OL37738575M,Fatale liefde,,dut,1.0000,9789049924218,Slee,2010,,12655824,VALID_COVER,289,500,JPEG,data/cache/nl-mass-editorial-engine/covers/NL-OL37738575M.jpeg,NO,NO,147.0000,181.0000,AUTO_ACCEPT,Strong author/title/language match and validated physical cover.,
NL,YOUTH,Carry Slee,2,8,12,/works/OL24721010W,Feestkriebels,Carry Slee,1.0000,2008,/books/OL32817209M,Feestkriebels,,dut,1.0000,9789049922900,Slee,2008,,11449315,VALID_COVER,262,500,JPEG,data/cache/nl-mass-editorial-engine/covers/NL-OL32817209M.jpeg,NO,NO,147.0000,181.0000,AUTO_ACCEPT,Strong author/title/language match and validated physical cover.,
NL,YOUTH,Carry Slee,2,8,12,/works/OL26189341W,Fleur,Carry Slee,1.0000,2006,/books/OL35339571M,Fleur,,dut,1.0000,9789049921811,Slee,2006,,12164562,VALID_COVER,336,500,JPEG,data/cache/nl-mass-editorial-engine/covers/NL-OL35339571M.jpeg,NO,NO,147.0000,181.0000,AUTO_ACCEPT,Strong author/title/language match and validated physical cover.,
NL,YOUTH,Carry Slee,2,8,12,/works/OL26177574W,Geklutste geheimen met strafwerk toe,Carry Slee,1.0000,1999,/books/OL35327023M,Geklutste geheimen met strafwerk toe,,dut,1.0000,9789026992346,Van Holkema & Warendorf,1999,,12143711,VALID_COVER,301,500,JPEG,data/cache/nl-mass-editorial-engine/covers/NL-OL35327023M.jpeg,NO,NO,147.0000,181.0000,AUTO_ACCEPT,Strong author/title/language match and validated physical cover.,
NL,YOUTH,Carry Slee,2,8,12,/works/OL26182753W,Hebbes,Carry Slee,1.0000,2002,/books/OL35639135M,Hebbes,,dut,1.0000,9789049925512,Slee,2012,,12346417,VALID_COVER,303,500,JPEG,data/cache/nl-mass-editorial-engine/covers/NL-OL35639135M.jpeg,NO,NO,147.0000,181.0000,AUTO_ACCEPT,Strong author/title/language match and validated physical cover.,
NL,YOUTH,Carry Slee,2,8,12,/works/OL24762210W,Hieperdepiep!,Carry Slee,1.0000,2014,/books/OL32879780M,Hieperdepiep!,feestvieren met Iris & Michiel,dut,1.0000,9789049926830,Carry Slee,2014,,11511649,VALID_COVER,258,500,JPEG,data/cache/nl-mass-editorial-engine/covers/NL-OL32879780M.jpeg,NO,NO,147.0000,181.0000,AUTO_ACCEPT,Strong author/title/language match and validated physical cover.,
NL,YOUTH,Carry Slee,2,8,12,/works/OL26181097W,Hokus pokus ... plas!,Carry Slee,1.0000,2000,/books/OL35330809M,Hokus pokus ... plas!,,dut,1.0000,9789049921460,Slee,2007,,12149435,VALID_COVER,311,500,JPEG,data/cache/nl-mass-editorial-engine/covers/NL-OL35330809M.jpeg,NO,NO,147.0000,181.0000,AUTO_ACCEPT,Strong author/title/language match and validated physical cover.,
NL,YOUTH,Carry Slee,2,8,12,/works/OL24753388W,Kaatje Knal en de Biefstukbende,Carry Slee,1.0000,2006,/books/OL32866296M,Kaatje Knal en de Biefstukbende,,dut,1.0000,9789049921149,Pimento,2006,,11498520,VALID_COVER,303,500,JPEG,data/cache/nl-mass-editorial-engine/covers/NL-OL32866296M.jpeg,NO,NO,147.0000,181.0000,AUTO_ACCEPT,Strong author/title/language match and validated physical cover.,
NL,YOUTH,Carry Slee,2,8,12,/works/OL27677556W,Kappen!,Carry Slee,1.0000,2008,/books/OL37738018M,Kappen!,,dut,1.0000,9789049923273,Slee,2008,,12654867,VALID_COVER,296,500,JPEG,data/cache/nl-mass-editorial-engine/covers/NL-OL37738018M.jpeg,NO,NO,147.0000,181.0000,AUTO_ACCEPT,Strong author/title/language match and validated physical cover.,
NL,YOUTH,Carry Slee,2,8,12,/works/OL24754099W,Kilometers cola en knetterende ruzie,Carry Slee,1.0000,1994,/books/OL35336625M,Kilometers cola en knetterende ruzie,,dut,1.0000,9789026901133,Van Holkema & Warendorf,1994,,12159344,VALID_COVER,291,500,JPEG,data/cache/nl-mass-editorial-engine/covers/NL-OL35336625M.jpeg,NO,NO,147.0000,181.0000,AUTO_ACCEPT,Strong author/title/language match and validated physical cover.,
NL,YOUTH,Carry Slee,2,8,12,/works/OL24738223W,Kindertelefoon-tips van Carry Slee,Carry Slee,1.0000,2007,/books/OL32843242M,Kindertelefoon-tips van Carry Slee,,dut,1.0000,9789049922436,SWP,2007,,11475503,VALID_COVER,303,500,JPEG,data/cache/nl-mass-editorial-engine/covers/NL-OL32843242M.jpeg,NO,NO,147.0000,181.0000,AUTO_ACCEPT,Strong author/title/language match and validated physical cover.,
NL,YOUTH,Carry Slee,2,8,12,/works/OL26178174W,Lover of loser,Carry Slee,1.0000,2006,/books/OL35327646M,Lover of loser,your choice,dut,1.0000,9789049921446,Pimento,2006,,12144655,VALID_COVER,297,500,JPEG,data/cache/nl-mass-editorial-engine/covers/NL-OL35327646M.jpeg,NO,NO,147.0000,181.0000,AUTO_ACCEPT,Strong author/title/language match and validated physical cover.,
NL,YOUTH,Carry Slee,2,8,12,/works/OL26187118W,"Mam, je wordt oma!",Carry Slee,1.0000,2010,/books/OL35337192M,"Mam, je wordt oma!",,dut,1.0000,9789049924454,Slee,2010,,12160352,VALID_COVER,299,500,JPEG,data/cache/nl-mass-editorial-engine/covers/NL-OL35337192M.jpeg,NO,NO,147.0000,181.0000,AUTO_ACCEPT,Strong author/title/language match and validated physical cover.,
NL,YOUTH,Carry Slee,2,8,12,/works/OL20660639W,Markies Kattenpies,Carry Slee,1.0000,1999,/books/OL32698354M,Markies Kattenpies,,dut,1.0000,9789064940699,Prometheus Kinderboeken,2003,,11321498,VALID_COVER,305,500,JPEG,data/cache/nl-mass-editorial-engine/covers/NL-OL32698354M.jpeg,NO,NO,147.0000,181.0000,AUTO_ACCEPT,Strong author/title/language match and validated physical cover.,
NL,YOUTH,Carry Slee,2,8,12,/works/OL26183725W,Megacool opkikkerboek van Britt en Masja,Carry Slee,1.0000,2011,/books/OL35333604M,Megacool opkikkerboek van Britt en Masja,,dut,1.0000,9789049925109,Pimento,2011,,12154049,VALID_COVER,497,500,JPEG,data/cache/nl-mass-editorial-engine/covers/NL-OL35333604M.jpeg,NO,NO,147.0000,181.0000,AUTO_ACCEPT,Strong author/title/language match and validated physical cover.,
NL,YOUTH,Carry Slee,2,8,12,/works/OL28170347W,Missing Timboektoe,Carry Slee,1.0000,2007,/books/OL38565763M,Missing Timboektoe,,dut,1.0000,9789049922566,Slee,2007,,12802999,VALID_COVER,330,500,JPEG,data/cache/nl-mass-editorial-engine/covers/NL-OL38565763M.jpeg,NO,NO,147.0000,181.0000,AUTO_ACCEPT,Strong author/title/language match and validated physical cover.,
NL,YOUTH,Carry Slee,2,8,12,/works/OL24651297W,Opa en oma komen logeren,Carry Slee,1.0000,2003,/books/OL35326465M,Opa en oma komen logeren,,dut,1.0000,9789049922221,Slee,2007,,12142813,VALID_COVER,258,500,JPEG,data/cache/nl-mass-editorial-engine/covers/NL-OL35326465M.jpeg,NO,NO,147.0000,181.0000,AUTO_ACCEPT,Strong author/title/language match and validated physical cover.,
NL,YOUTH,Carry Slee,2,8,12,/works/OL26398509W,Pak de kip,Carry Slee,1.0000,2004,/books/OL35639381M,Pak de kip,,dut,1.0000,9789064941320,Slee,2004,,12346851,VALID_COVER,296,500,JPEG,data/cache/nl-mass-editorial-engine/covers/NL-OL35639381M.jpeg,NO,NO,147.0000,181.0000,AUTO_ACCEPT,Strong author/title/language match and validated physical cover.,
NL,YOUTH,Carry Slee,2,8,12,/works/OL26180341W,Paniek,Carry Slee,1.0000,2001,/books/OL38560586M,Paniek,,dut,1.0000,9789049923754,Slee,2009,,12795576,VALID_COVER,287,500,JPEG,data/cache/nl-mass-editorial-engine/covers/NL-OL38560586M.jpeg,NO,NO,147.0000,181.0000,AUTO_ACCEPT,Strong author/title/language match and validated physical cover.,
NL,YOUTH,Carry Slee,2,8,12,/works/OL973941W,Pijnstillers,Carry Slee,1.0000,1998,/books/OL32708318M,Pijnstillers,,dut,1.0000,9789049920845,Pimento,2005,,11335064,VALID_COVER,299,500,JPEG,data/cache/nl-mass-editorial-engine/covers/NL-OL32708318M.jpeg,NO,NO,147.0000,181.0000,AUTO_ACCEPT,Strong author/title/language match and validated physical cover.,
NL,YOUTH,Carry Slee,2,8,12,/works/OL20660641W,Radeloos,Carry Slee,1.0000,2003,/books/OL27935745M,Radeloos,,dut,1.0000,9064940894,Prometheus,2003,,9324284,VALID_COVER,310,500,JPEG,data/cache/nl-mass-editorial-engine/covers/NL-OL27935745M.jpeg,NO,NO,147.0000,181.0000,AUTO_ACCEPT,Strong author/title/language match and validated physical cover.,
NL,YOUTH,Carry Slee,2,8,12,/works/OL23780645W,Razend,Carry Slee,1.0000,2000,/books/OL31515930M,Razend,,dut,1.0000,9026993390,Van Holkema & Warendorf,2000,,13060940,VALID_COVER,309,500,JPEG,data/cache/nl-mass-editorial-engine/covers/NL-OL31515930M.jpeg,NO,NO,147.0000,181.0000,AUTO_ACCEPT,Strong author/title/language match and validated physical cover.,
NL,YOUTH,Carry Slee,2,8,12,/works/OL26179330W,Rekenen in het oerwoud,Carry Slee,1.0000,1997,/books/OL35328909M,Rekenen in het oerwoud,,dut,1.0000,9789026989254,Van Holkema & Warendorf,1997,,12146566,VALID_COVER,318,500,JPEG,data/cache/nl-mass-editorial-engine/covers/NL-OL35328909M.jpeg,NO,NO,147.0000,181.0000,AUTO_ACCEPT,Strong author/title/language match and validated physical cover.,
NL,YOUTH,Carry Slee,2,8,12,/works/OL973942W,Ridder Schijtebroek,Carry Slee,1.0000,1994,/books/OL919524M,Ridder Schijtebroek,,dut,1.0000,9026910657,Van Holkema & Warendorf,1994,,12156786,VALID_COVER,326,500,JPEG,data/cache/nl-mass-editorial-engine/covers/NL-OL919524M.jpeg,NO,NO,147.0000,181.0000,AUTO_ACCEPT,Strong author/title/language match and validated physical cover.,
NL,YOUTH,Carry Slee,2,8,12,/works/OL24717751W,Rood met witte stippen,Carry Slee,1.0000,2007,/books/OL32811933M,Rood met witte stippen,een boekje over de herfst,dut,1.0000,9789049922238,Slee,2007,,11444663,VALID_COVER,262,500,JPEG,data/cache/nl-mass-editorial-engine/covers/NL-OL32811933M.jpeg,NO,NO,147.0000,181.0000,AUTO_ACCEPT,Strong author/title/language match and validated physical cover.,
NL,YOUTH,Carry Slee,2,8,12,/works/OL26179053W,Schreeuwende slaapzakken en stiekeme stropers,Carry Slee,1.0000,2007,/books/OL35328600M,Schreeuwende slaapzakken en stiekeme stropers,,dut,1.0000,9789049922665,Slee,2007,,12146114,VALID_COVER,300,500,JPEG,data/cache/nl-mass-editorial-engine/covers/NL-OL35328600M.jpeg,NO,NO,147.0000,181.0000,AUTO_ACCEPT,Strong author/title/language match and validated physical cover.,
NL,YOUTH,Carry Slee,2,8,12,/works/OL24851546W,"Sneeuwman, pak me dan",Carry Slee,1.0000,2008,/books/OL33031312M,"Sneeuwman, pak me dan",,dut,1.0000,9789049923143,Slee,2008,,11715427,VALID_COVER,265,500,JPEG,data/cache/nl-mass-editorial-engine/covers/NL-OL33031312M.jpeg,NO,NO,147.0000,181.0000,AUTO_ACCEPT,Strong author/title/language match and validated physical cover.,
NL,YOUTH,Carry Slee,2,8,12,/works/OL973945W,Spijt!,Carry Slee,1.0000,1997,/books/OL61125599M,Spijt!,,dut,1.0000,9789049924058,Dutch Media uitgevers,26 February 2010,,15162118,VALID_COVER,355,500,JPEG,data/cache/nl-mass-editorial-engine/covers/NL-OL61125599M.jpeg,NO,NO,147.0000,181.0000,AUTO_ACCEPT,Strong author/title/language match and validated physical cover.,
NL,YOUTH,Carry Slee,2,8,12,/works/OL27060726W,Strijken,Carry Slee,1.0000,2013,/books/OL36693517M,Strijken,,dut,1.0000,9789029588508,Uitgeverij De Arbeiderspers,2013,,12579459,VALID_COVER,309,500,JPEG,data/cache/nl-mass-editorial-engine/covers/NL-OL36693517M.jpeg,NO,NO,147.0000,181.0000,AUTO_ACCEPT,Strong author/title/language match and validated physical cover.,
NL,YOUTH,Carry Slee,2,8,12,/works/OL24302953W,Timboektoe,Carry Slee,1.0000,2007,/books/OL32147582M,Timboektoe,de filmeditie,dut,1.0000,9789049922351,Slee,2007,,10813986,VALID_COVER,330,500,JPEG,data/cache/nl-mass-editorial-engine/covers/NL-OL32147582M.jpeg,NO,NO,147.0000,181.0000,AUTO_ACCEPT,Strong author/title/language match and validated physical cover.,
NL,YOUTH,Carry Slee,2,8,12,/works/OL26188189W,Timboektoe rocks!,Carry Slee,1.0000,2007,/books/OL35338313M,Timboektoe rocks!,,dut,1.0000,9789049922115,Slee,2007,,12162392,VALID_COVER,317,500,JPEG,data/cache/nl-mass-editorial-engine/covers/NL-OL35338313M.jpeg,NO,NO,147.0000,181.0000,AUTO_ACCEPT,Strong author/title/language match and validated physical cover.,
NL,YOUTH,Carry Slee,2,8,12,/works/OL26180543W,Toine,Carry Slee,1.0000,2006,/books/OL35330196M,Toine,,dut,1.0000,9789049921798,Slee,2006,,12148469,VALID_COVER,341,500,JPEG,data/cache/nl-mass-editorial-engine/covers/NL-OL35330196M.jpeg,NO,NO,147.0000,181.0000,AUTO_ACCEPT,Strong author/title/language match and validated physical cover.,
NL,YOUTH,Carry Slee,2,8,12,/works/OL24728790W,Vals,Carry Slee,1.0000,2006,/books/OL32829103M,Vals,,dut,1.0000,9789049921750,Slee,2006,,11460701,VALID_COVER,312,500,JPEG,data/cache/nl-mass-editorial-engine/covers/NL-OL32829103M.jpeg,NO,NO,147.0000,181.0000,AUTO_ACCEPT,Strong author/title/language match and validated physical cover.,
NL,YOUTH,Carry Slee,2,8,12,/works/OL26193840W,We zijn er bijna!,Carry Slee,1.0000,2007,/books/OL35344511M,We zijn er bijna!,,dut,1.0000,9789049922245,Slee,2007,,12172748,VALID_COVER,264,500,JPEG,data/cache/nl-mass-editorial-engine/covers/NL-OL35344511M.jpeg,NO,NO,147.0000,181.0000,AUTO_ACCEPT,Strong author/title/language match and validated physical cover.,
NL,YOUTH,Carry Slee,2,8,12,/works/OL24762132W,Zin in zomer,Carry Slee,1.0000,2007,/books/OL32879688M,Zin in zomer,,dut,1.0000,9789049922344,Pimento,2007,,11511493,VALID_COVER,302,500,JPEG,data/cache/nl-mass-editorial-engine/covers/NL-OL32879688M.jpeg,NO,NO,147.0000,181.0000,AUTO_ACCEPT,Strong author/title/language match and validated physical cover.,
NL,YOUTH,Edward van de Vendel,2,7,10,/works/OL26169987W,Ajax wint altijd,Edward van de Vendel,1.0000,2009,/books/OL35318883M,Ajax wint altijd,,dut,1.0000,9789045109916,Querido,2009,,12129831,VALID_COVER,340,500,JPEG,data/cache/nl-mass-editorial-engine/covers/NL-OL35318883M.jpeg,NO,NO,147.0000,181.0000,AUTO_ACCEPT,Strong author/title/language match and validated physical cover.,
NL,YOUTH,Edward van de Vendel,2,7,10,/works/OL26179267W,Betrap me,Edward van de Vendel,1.0000,1996,/books/OL35328846M,Betrap me,,dut,1.0000,9789021484914,Querido,1996,,12146470,VALID_COVER,324,500,JPEG,data/cache/nl-mass-editorial-engine/covers/NL-OL35328846M.jpeg,NO,NO,147.0000,181.0000,AUTO_ACCEPT,Strong author/title/language match and validated physical cover.,
NL,YOUTH,Edward van de Vendel,2,7,10,/works/OL26194241W,Chatbox,Edward van de Vendel,1.0000,2006,/books/OL35344942M,Chatbox,de gedichten van Tycho Zeling,dut,1.0000,9789045103174,Querido,2006,,12173635,VALID_COVER,293,500,JPEG,data/cache/nl-mass-editorial-engine/covers/NL-OL35344942M.jpeg,NO,NO,147.0000,181.0000,AUTO_ACCEPT,Strong author/title/language match and validated physical cover.,
NL,YOUTH,Edward van de Vendel,2,7,10,/works/OL973953W,De dagen van de bluegrassliefde,Edward van de Vendel,1.0000,1999,/books/OL6826061M,De dagen van de bluegrassliefde,,dut,1.0000,9021485109,Querido,1999,,13218187,VALID_COVER,360,500,JPEG,data/cache/nl-mass-editorial-engine/covers/NL-OL6826061M.jpeg,NO,NO,147.0000,181.0000,AUTO_ACCEPT,Strong author/title/language match and validated physical cover.,
NL,YOUTH,Edward van de Vendel,2,7,10,/works/OL26191935W,De raadsels van Sam,Edward van de Vendel,1.0000,2012,/books/OL35342357M,De raadsels van Sam,,dut,1.0000,9789045113258,Querido,2012,,12169754,VALID_COVER,305,500,JPEG,data/cache/nl-mass-editorial-engine/covers/NL-OL35342357M.jpeg,NO,NO,147.0000,181.0000,AUTO_ACCEPT,Strong author/title/language match and validated physical cover.,
NL,YOUTH,Edward van de Vendel,2,7,10,/works/OL27303334W,Een verhaal met een tong,Edward van de Vendel,1.0000,2006,/books/OL37064194M,Een verhaal met een tong,,dut,1.0000,9789056378356,Lemniscaat],2006,,12636072,VALID_COVER,280,500,JPEG,data/cache/nl-mass-editorial-engine/covers/NL-OL37064194M.jpeg,NO,NO,147.0000,181.0000,AUTO_ACCEPT,Strong author/title/language match and validated physical cover.,
NL,YOUTH,Edward van de Vendel,2,7,10,/works/OL24311765W,Gloei,Edward van de Vendel | Floor de Goede,1.0000,2020,/books/OL32160629M,Gloei,interviews en gedichten,dut,1.0000,9789045124537,Querido's,2020,,10827971,VALID_COVER,120,184,JPEG,data/cache/nl-mass-editorial-engine/covers/NL-OL32160629M.jpeg,NO,NO,147.0000,181.0000,AUTO_ACCEPT,Strong author/title/language match and validated physical cover.,
NL,YOUTH,Edward van de Vendel,2,7,10,/works/OL24641796W,Gooi dit boek maar uit het raam,Edward van de Vendel,1.0000,2005,/books/OL32700268M,Gooi dit boek maar uit het raam,,dut,1.0000,9789027660251,Zwijsen,2005,,11324661,VALID_COVER,311,500,JPEG,data/cache/nl-mass-editorial-engine/covers/NL-OL32700268M.jpeg,NO,NO,147.0000,181.0000,AUTO_ACCEPT,Strong author/title/language match and validated physical cover.,
NL,YOUTH,Edward van de Vendel,2,7,10,/works/OL26181632W,Onder schot,Edward van de Vendel,1.0000,2009,/books/OL35331356M,Onder schot,,dut,1.0000,9789025855253,Leopold,2009,,12150361,VALID_COVER,316,500,JPEG,data/cache/nl-mass-editorial-engine/covers/NL-OL35331356M.jpeg,NO,NO,147.0000,181.0000,AUTO_ACCEPT,Strong author/title/language match and validated physical cover.,
NL,YOUTH,Edward van de Vendel,2,7,10,/works/OL24847104W,Prins Nul,Edward van de Vendel,1.0000,2004,/books/OL33024987M,Prins Nul,,dut,1.0000,9789027675460,Zwijsen,2004,,11698928,VALID_COVER,296,500,JPEG,data/cache/nl-mass-editorial-engine/covers/NL-OL33024987M.jpeg,NO,NO,147.0000,181.0000,AUTO_ACCEPT,Strong author/title/language match and validated physical cover.,
NL,YOUTH,Edward van de Vendel,2,7,10,/works/OL28606968W,Sofie en de dolfijnen,Edward van de Vendel,1.0000,2014,/books/OL39224368M,Sofie en de dolfijnen,,dut,1.0000,9789045116914,Em. Querido's Uitgeverij BV,2014,,12859762,VALID_COVER,390,500,JPEG,data/cache/nl-mass-editorial-engine/covers/NL-OL39224368M.jpeg,NO,NO,147.0000,181.0000,AUTO_ACCEPT,Strong author/title/language match and validated physical cover.,
NL,YOUTH,Edward van de Vendel,2,7,10,/works/OL28765417W,Stem op de okapi,Edward van de Vendel,1.0000,2015,/books/OL39479123M,Stem op de okapi,,dut,1.0000,9789045117324,Em. Querido's Kinderboeken Uitgeverij,2015,,12882637,VALID_COVER,397,500,JPEG,data/cache/nl-mass-editorial-engine/covers/NL-OL39479123M.jpeg,NO,NO,147.0000,181.0000,AUTO_ACCEPT,Strong author/title/language match and validated physical cover.,
NL,YOUTH,Edward van de Vendel,2,7,10,/works/OL22912798W,Vasco het voetbalvarkentje,Edward van de Vendel,1.0000,2015,/books/OL30822636M,Vasco het voetbalvarkentje,,dut,1.0000,9789058388568,De Eenhoorn,2015,,11931383,VALID_COVER,482,500,JPEG,data/cache/nl-mass-editorial-engine/covers/NL-OL30822636M.jpeg,NO,NO,147.0000,181.0000,AUTO_ACCEPT,Strong author/title/language match and validated physical cover.,
NL,YOUTH,Edward van de Vendel,2,7,10,/works/OL24739601W,"Voor jou, voor wie anders?",Edward van de Vendel,1.0000,2008,/books/OL32844853M,"Voor jou, voor wie anders?",,dut,1.0000,9789047700838,Lemniscaat,2008,,11477864,VALID_COVER,500,425,JPEG,data/cache/nl-mass-editorial-engine/covers/NL-OL32844853M.jpeg,NO,NO,147.0000,181.0000,AUTO_ACCEPT,Strong author/title/language match and validated physical cover.,
NL,YOUTH,Edward van de Vendel,2,7,10,/works/OL24307363W,Wat rijmt er op puree?,Edward van de Vendel,1.0000,2005,/books/OL32153115M,Wat rijmt er op puree?,,dut,1.0000,9789059650176,Stichting Collectieve Propaganda van het Nederlandse Boek,2005,,10821320,VALID_COVER,297,500,JPEG,data/cache/nl-mass-editorial-engine/covers/NL-OL32153115M.jpeg,NO,NO,147.0000,181.0000,AUTO_ACCEPT,Strong author/title/language match and validated physical cover.,
NL,YOUTH,Edward van de Vendel,2,7,10,/works/OL26181411W,Wie wil er met ons trouwen?,Edward van de Vendel,1.0000,2008,/books/OL35331128M,Wie wil er met ons trouwen?,,dut,1.0000,9789045107387,Querido,2008,,12149975,VALID_COVER,300,500,JPEG,data/cache/nl-mass-editorial-engine/covers/NL-OL35331128M.jpeg,NO,NO,147.0000,181.0000,AUTO_ACCEPT,Strong author/title/language match and validated physical cover.,
NL,YOUTH,Jacques Vriens,2,8,12,/works/OL24753834W,Apenkooien en propjes gooien,Jacques Vriens,1.0000,2010,/books/OL32866819M,Apenkooien en propjes gooien,de leukste versjes en verhalen over school,dut,1.0000,9789047512394,Van Holkema & Warendorf,2010,,11499317,VALID_COVER,500,491,JPEG,data/cache/nl-mass-editorial-engine/covers/NL-OL32866819M.jpeg,NO,NO,147.0000,181.0000,AUTO_ACCEPT,Strong author/title/language match and validated physical cover.,
NL,YOUTH,Jacques Vriens,2,8,12,/works/OL26177670W,Bonje in het bonshotel,Jacques Vriens,1.0000,2009,/books/OL35327123M,Bonje in het bonshotel,,dut,1.0000,9789047511212,Van Holkema & Warendorf,2009,,12143874,VALID_COVER,292,500,JPEG,data/cache/nl-mass-editorial-engine/covers/NL-OL35327123M.jpeg,NO,NO,147.0000,181.0000,AUTO_ACCEPT,Strong author/title/language match and validated physical cover.,
NL,YOUTH,Jacques Vriens,2,8,12,/works/OL24820811W,"Dag, Sinterklaasje",Jacques Vriens,1.0000,1986,/books/OL32984744M,"Dag, Sinterklaasje",,dut,1.0000,9789026903625,Van Holkema & Warendorf,1986,,11614061,VALID_COVER,263,500,JPEG,data/cache/nl-mass-editorial-engine/covers/NL-OL32984744M.jpeg,NO,NO,147.0000,181.0000,AUTO_ACCEPT,Strong author/title/language match and validated physical cover.,
NL,YOUTH,Jacques Vriens,2,8,12,/works/OL26181744W,De beste schoolverhalen van Jacques Vriens,Jacques Vriens,1.0000,2007,/books/OL35331492M,De beste schoolverhalen van Jacques Vriens,,dut,1.0000,9789047503361,Van Holkema & Warendorf,2007,,12150555,VALID_COVER,310,500,JPEG,data/cache/nl-mass-editorial-engine/covers/NL-OL35331492M.jpeg,NO,NO,147.0000,181.0000,AUTO_ACCEPT,Strong author/title/language match and validated physical cover.,
NL,YOUTH,Jacques Vriens,2,8,12,/works/OL24757860W,De dikke bende van De Korenwolf,Jacques Vriens,1.0000,2005,/books/OL32873062M,De dikke bende van De Korenwolf,,dut,1.0000,9789026998850,<<Van>> Holkema & Warendorf,2005,,11505462,VALID_COVER,306,500,JPEG,data/cache/nl-mass-editorial-engine/covers/NL-OL32873062M.jpeg,NO,NO,147.0000,181.0000,AUTO_ACCEPT,Strong author/title/language match and validated physical cover.,
NL,YOUTH,Jacques Vriens,2,8,12,/works/OL24821725W,De jacht op de afgepakte sterren,Jacques Vriens,1.0000,2003,/books/OL32985977M,De jacht op de afgepakte sterren,,dut,1.0000,9789026996689,Van Holkema & Warendorf,2003,,11616732,VALID_COVER,305,500,JPEG,data/cache/nl-mass-editorial-engine/covers/NL-OL32985977M.jpeg,NO,NO,147.0000,181.0000,AUTO_ACCEPT,Strong author/title/language match and validated physical cover.,
NL,YOUTH,Jacques Vriens,2,8,12,/works/OL26398494W,De ontsnapping van de brullende muis,Jacques Vriens,1.0000,2010,/books/OL35639366M,De ontsnapping van de brullende muis,,dut,1.0000,9789047513735,Van Holkema & Warendorf,2010,,12346831,VALID_COVER,301,500,JPEG,data/cache/nl-mass-editorial-engine/covers/NL-OL35639366M.jpeg,NO,NO,147.0000,181.0000,AUTO_ACCEPT,Strong author/title/language match and validated physical cover.,
NL,YOUTH,Jacques Vriens,2,8,12,/works/OL26398651W,De ontvoering van de zwarte prinses,Jacques Vriens,1.0000,2006,/books/OL35639557M,De ontvoering van de zwarte prinses,,dut,1.0000,9789026917028,Van Holkema & Warendorf,2006,,12347112,VALID_COVER,294,500,JPEG,data/cache/nl-mass-editorial-engine/covers/NL-OL35639557M.jpeg,NO,NO,147.0000,181.0000,AUTO_ACCEPT,Strong author/title/language match and validated physical cover.,
NL,YOUTH,Jacques Vriens,2,8,12,/works/OL23780650W,De verdwijning van de mislukte barbie,Jacques Vriens,1.0000,2001,/books/OL31515935M,De verdwijning van de mislukte barbie,,dut,1.0000,9026993358,Van Holkema & Warendorf,2001,,11933694,VALID_COVER,297,500,JPEG,data/cache/nl-mass-editorial-engine/covers/NL-OL31515935M.jpeg,NO,NO,147.0000,181.0000,AUTO_ACCEPT,Strong author/title/language match and validated physical cover.,
NL,YOUTH,Jacques Vriens,2,8,12,/works/OL26398219W,De vlucht van de knorrige kelner,Jacques Vriens,1.0000,2008,/books/OL35639060M,De vlucht van de knorrige kelner,,dut,1.0000,9789047505914,Van Holkema & Warendorf,2008,,12346274,VALID_COVER,296,500,JPEG,data/cache/nl-mass-editorial-engine/covers/NL-OL35639060M.jpeg,NO,NO,147.0000,181.0000,AUTO_ACCEPT,Strong author/title/language match and validated physical cover.,
NL,YOUTH,Jacques Vriens,2,8,12,/works/OL26377173W,Die rotschool met die fijne klas,Jacques Vriens,1.0000,1995,/books/OL35616118M,Die rotschool met die fijne klas,,dut,1.0000,9789026911095,Van Holkema & Warendorf,1995,,12323116,VALID_COVER,304,500,JPEG,data/cache/nl-mass-editorial-engine/covers/NL-OL35616118M.jpeg,NO,NO,147.0000,181.0000,AUTO_ACCEPT,Strong author/title/language match and validated physical cover.,
NL,YOUTH,Jacques Vriens,2,8,12,/works/OL26177680W,Eindelijk actie,Jacques Vriens,1.0000,2003,/books/OL35327134M,Eindelijk actie,,dut,1.0000,9789026997440,Van Holkema & Warendorf,2003,,12143889,VALID_COVER,310,500,JPEG,data/cache/nl-mass-editorial-engine/covers/NL-OL35327134M.jpeg,NO,NO,147.0000,181.0000,AUTO_ACCEPT,Strong author/title/language match and validated physical cover.,
NL,YOUTH,Jacques Vriens,2,8,12,/works/OL24754236W,Ha/Bah naar school,Jacques Vriens,1.0000,1995,/books/OL32867279M,Ha/Bah naar school,,dut,1.0000,9789026911101,Van Holkema & Warendorf,1995,,11500019,VALID_COVER,297,500,JPEG,data/cache/nl-mass-editorial-engine/covers/NL-OL32867279M.jpeg,NO,NO,147.0000,181.0000,AUTO_ACCEPT,Strong author/title/language match and validated physical cover.,
NL,YOUTH,Jacques Vriens,2,8,12,/works/OL26187689W,Het achtste groepie tegen het soepie,Jacques Vriens,1.0000,1995,/books/OL35337803M,Het achtste groepie tegen het soepie,,dut,1.0000,9789026911118,Van Holkema & Warendorf,1995,,12161527,VALID_COVER,307,500,JPEG,data/cache/nl-mass-editorial-engine/covers/NL-OL35337803M.jpeg,NO,NO,147.0000,181.0000,AUTO_ACCEPT,Strong author/title/language match and validated physical cover.,
NL,YOUTH,Jacques Vriens,2,8,12,/works/OL24754892W,Het geheime weekboek van groep acht,Jacques Vriens,1.0000,2010,/books/OL32868075M,Het geheime weekboek van groep acht,,dut,1.0000,9789047512844,Van Holkema & Warendorf,2010,,11501242,VALID_COVER,292,500,JPEG,data/cache/nl-mass-editorial-engine/covers/NL-OL32868075M.jpeg,NO,NO,147.0000,181.0000,AUTO_ACCEPT,Strong author/title/language match and validated physical cover.,
NL,YOUTH,Jacques Vriens,2,8,12,/works/OL26398022W,Het raadsel van de Regenboog,Jacques Vriens,1.0000,2001,/books/OL35638830M,Het raadsel van de Regenboog,,dut,1.0000,9789026989223,Van Holkema & Warendorf,2001,,12345949,VALID_COVER,293,500,JPEG,data/cache/nl-mass-editorial-engine/covers/NL-OL35638830M.jpeg,NO,NO,147.0000,181.0000,AUTO_ACCEPT,Strong author/title/language match and validated physical cover.,
NL,YOUTH,Jacques Vriens,2,8,12,/works/OL24832739W,Ik wil mijn poes terug,Jacques Vriens,1.0000,1987,/books/OL33002678M,Ik wil mijn poes terug,Geen schoenen voor Bram,dut,1.0000,9789026902505,Van Holkema & Warendorf,1987,,11650615,VALID_COVER,410,500,JPEG,data/cache/nl-mass-editorial-engine/covers/NL-OL33002678M.jpeg,NO,NO,147.0000,181.0000,AUTO_ACCEPT,Strong author/title/language match and validated physical cover.,
NL,YOUTH,Jacques Vriens,2,8,12,/works/OL24679160W,Lampkapje & de Wolf,Jacques Vriens,1.0000,2013,/books/OL32756136M,Lampkapje & de Wolf,,dut,1.0000,9789047518914,Van Holkema & Warendorf,2013,,11382049,VALID_COVER,365,500,JPEG,data/cache/nl-mass-editorial-engine/covers/NL-OL32756136M.jpeg,NO,NO,147.0000,181.0000,AUTO_ACCEPT,Strong author/title/language match and validated physical cover.,
NL,YOUTH,Jacques Vriens,2,8,12,/works/OL26179134W,Max en de ontplofte vriendschap,Jacques Vriens,1.0000,2014,/books/OL35328685M,Max en de ontplofte vriendschap,,dut,1.0000,9789000333202,Van Holkema & Warendorf,2014,,12146247,VALID_COVER,481,500,JPEG,data/cache/nl-mass-editorial-engine/covers/NL-OL35328685M.jpeg,NO,NO,147.0000,181.0000,AUTO_ACCEPT,Strong author/title/language match and validated physical cover.,
NL,YOUTH,Jacques Vriens,2,8,12,/works/OL26181162W,Menno zet zijn schoenen,Jacques Vriens,1.0000,2000,/books/OL35330881M,Menno zet zijn schoenen,,dut,1.0000,9789000033379,Van Goor,2000,,12149548,VALID_COVER,321,500,JPEG,data/cache/nl-mass-editorial-engine/covers/NL-OL35330881M.jpeg,NO,NO,147.0000,181.0000,AUTO_ACCEPT,Strong author/title/language match and validated physical cover.,
NL,YOUTH,Jacques Vriens,2,8,12,/works/OL27062919W,"Napoleon, de stoerste kater van de hele buurt",Jacques Vriens,1.0000,1994,/books/OL36696239M,"Napoleon, de stoerste kater van de hele buurt",,dut,1.0000,9789000030217,Piccolo,1994,,12584274,VALID_COVER,330,500,JPEG,data/cache/nl-mass-editorial-engine/covers/NL-OL36696239M.jpeg,NO,NO,147.0000,181.0000,AUTO_ACCEPT,Strong author/title/language match and validated physical cover.,
NL,YOUTH,Jacques Vriens,2,8,12,/works/OL29237572W,"O, dennenboom",Jacques Vriens,1.0000,1998,/books/OL40214275M,"O, dennenboom",,dut,1.0000,9789026987816,Van Holkema & Warendorf,1998,,12970646,VALID_COVER,269,500,JPEG,data/cache/nl-mass-editorial-engine/covers/NL-OL40214275M.jpeg,NO,NO,147.0000,181.0000,AUTO_ACCEPT,Strong author/title/language match and validated physical cover.,
NL,YOUTH,Jacques Vriens,2,8,12,/works/OL26455760W,Sint en de verdwenen Wammes,Jacques Vriens,1.0000,2007,/books/OL35743036M,Sint en de verdwenen Wammes,,dut,1.0000,9789047504214,"Uitgeverij Van Holkema & Warendorf, Unieboek BV",2007,,12493854,VALID_COVER,342,500,JPEG,data/cache/nl-mass-editorial-engine/covers/NL-OL35743036M.jpeg,NO,NO,147.0000,181.0000,AUTO_ACCEPT,Strong author/title/language match and validated physical cover.,
NL,YOUTH,Jacques Vriens,2,8,12,/works/OL24444970W,Tien torens diep,Jacques Vriens,1.0000,2004,/books/OL32377176M,Tien torens diep,een verhaal over vriendschap,dut,1.0000,9789026998003,Van Holkema & Warendorf,2004,,11036739,VALID_COVER,304,500,JPEG,data/cache/nl-mass-editorial-engine/covers/NL-OL32377176M.jpeg,NO,NO,147.0000,181.0000,AUTO_ACCEPT,Strong author/title/language match and validated physical cover.,
NL,YOUTH,Jacques Vriens,2,8,12,/works/OL27973549W,"Vaders, moeders? Hardgekookte eieren!",Jacques Vriens,1.0000,2011,/books/OL38244361M,"Vaders, moeders? Hardgekookte eieren!",,dut,1.0000,9789047506454,Van Holkema & Warendorf,2011,,12789081,VALID_COVER,331,500,JPEG,data/cache/nl-mass-editorial-engine/covers/NL-OL38244361M.jpeg,NO,NO,147.0000,181.0000,AUTO_ACCEPT,Strong author/title/language match and validated physical cover.,
NL,YOUTH,Marc de Bel,2,8,12,/works/OL27974374W,Blinker en de Blixvaten,Marc De Bel,1.0000,2008,/books/OL38245224M,Blinker en de Blixvaten,,dut,1.0000,9789022322192,Manteau,2008,,12790869,VALID_COVER,308,500,JPEG,data/cache/nl-mass-editorial-engine/covers/NL-OL38245224M.jpeg,NO,NO,147.0000,181.0000,AUTO_ACCEPT,Strong author/title/language match and validated physical cover.,
NL,YOUTH,Marc de Bel,2,8,12,/works/OL16797759W,De Kracht van Ajajatsoe,Marc de Bel,1.0000,1989,/books/OL25419259M,De Kracht van Ajajatsoe,,dut,1.0000,9789065658296,Davidsfonds/Infodok,1997,,7243832,VALID_COVER,128,200,JPEG,data/cache/nl-mass-editorial-engine/covers/NL-OL25419259M.jpeg,NO,NO,147.0000,181.0000,AUTO_ACCEPT,Strong author/title/language match and validated physical cover.,
NL,YOUTH,Marc de Bel,2,8,12,/works/OL26183832W,De kroketraket,Marc De Bel,1.0000,2010,/books/OL35333738M,De kroketraket,,dut,1.0000,9789059326095,Abimo,2010,,12154234,VALID_COVER,334,500,JPEG,data/cache/nl-mass-editorial-engine/covers/NL-OL35333738M.jpeg,NO,NO,147.0000,181.0000,AUTO_ACCEPT,Strong author/title/language match and validated physical cover.,
NL,YOUTH,Marc de Bel,2,8,12,/works/OL28941637W,Faalplezier en andere leuke dingen die kinderen mij hebben geleerd,Marc De Bel,1.0000,2014,/books/OL39794916M,Faalplezier en andere leuke dingen die kinderen mij hebben geleerd,,dut,1.0000,9789462342675,Abimo,2014,,12906020,VALID_COVER,491,500,JPEG,data/cache/nl-mass-editorial-engine/covers/NL-OL39794916M.jpeg,NO,NO,147.0000,181.0000,AUTO_ACCEPT,Strong author/title/language match and validated physical cover.,
NL,YOUTH,Marc de Bel,2,8,12,/works/OL16797758W,Het Ei van Oom Trotter,Marc de Bel,1.0000,1987,/books/OL25419258M,Het Ei van Oom Trotter,,dut,1.0000,9789065658326,Davidsfonds/Infodok,1987,,7243830,VALID_COVER,300,430,JPEG,data/cache/nl-mass-editorial-engine/covers/NL-OL25419258M.jpeg,NO,NO,147.0000,181.0000,AUTO_ACCEPT,Strong author/title/language match and validated physical cover.,
NL,YOUTH,Marc de Bel,2,8,12,/works/OL26195059W,Het verhaal van Hebbert Wezel,Marc De Bel,1.0000,2003,/books/OL35345862M,Het verhaal van Hebbert Wezel,,dut,1.0000,9789077060308,Tingel,2003,,12175846,VALID_COVER,322,500,JPEG,data/cache/nl-mass-editorial-engine/covers/NL-OL35345862M.jpeg,NO,NO,147.0000,181.0000,AUTO_ACCEPT,Strong author/title/language match and validated physical cover.,
NL,YOUTH,Marc de Bel,2,8,12,/works/OL27974492W,Kriepel de minisaurus,Marc De Bel,1.0000,2012,/books/OL38245350M,Kriepel de minisaurus,,dut,1.0000,9789059328976,Abimo,2012,,12791149,VALID_COVER,324,500,JPEG,data/cache/nl-mass-editorial-engine/covers/NL-OL38245350M.jpeg,NO,NO,147.0000,181.0000,AUTO_ACCEPT,Strong author/title/language match and validated physical cover.,
NL,YOUTH,Marc de Bel,2,8,12,/works/OL27679862W,Vanilla P.,Marc De Bel,1.0000,1994,/books/OL37744729M,Vanilla P.,,dut,1.0000,9789065656056,Davidsfonds/Infodok,1994,,12657557,VALID_COVER,300,500,JPEG,data/cache/nl-mass-editorial-engine/covers/NL-OL37744729M.jpeg,NO,NO,147.0000,181.0000,AUTO_ACCEPT,Strong author/title/language match and validated physical cover.,
NL,YOUTH,Marc de Bel,2,8,12,/works/OL16797757W,Blinker en de Bakfietsbioscoop,Marc De Bel,1.0000,1989,/books/OL25419257M,Blinker en de Bakfietsbioscoop,,dut,1.0000,,Davidsfonds/Infodok,1989,,7243826,VALID_COVER,172,264,JPEG,data/cache/nl-mass-editorial-engine/covers/NL-OL25419257M.jpeg,NO,NO,141.0000,170.0000,AUTO_ACCEPT,Strong author/title/language match and validated physical cover.,
NL,YOUTH,Marc de Bel,2,8,12,/works/OL16797756W,Blinker en het BagBag Juweel,Marc de Bel,1.0000,1991,/books/OL25419256M,Blinker en het BagBag Juweel,,dut,1.0000,9789065658340,Davidsfonds/Infodok,1991,,7243825,IMAGE_TOO_SMALL,95,146,JPEG,,NO,NO,147.0000,156.0000,REJECT,Physical cover validation failed: IMAGE_TOO_SMALL,
NL,YOUTH,Carry Slee,2,8,12,/works/OL973940W,Meester Paardenpoep,Carry Slee,1.0000,1999,/books/OL134759M,Meester Paardenpoep,,dut,1.0000,9026991487,Van Holkema & Warendorf,1999,,,NOT_PROBED,,,,,NO,NO,135.0000,144.0000,REJECT,No cover candidate.,
NL,YOUTH,Carry Slee,2,8,12,/works/OL16800958W,Moederkruid,Carry Slee,1.0000,2001,/books/OL25423187M,Moederkruid,,dut,1.0000,9789044600087,Prometheus,2001,,,NOT_PROBED,,,,,NO,NO,135.0000,144.0000,REJECT,No cover candidate.,
NL,YOUTH,Edward van de Vendel,2,7,10,/works/OL19943875W,De gelukvinder,Edward van de Vendel,1.0000,2009,/books/OL27124308M,De gelukvinder,,dut,1.0000,9789021437316,Querido,2009,,,NOT_PROBED,,,,,NO,NO,135.0000,144.0000,REJECT,No cover candidate.,
NL,YOUTH,Edward van de Vendel,2,7,10,/works/OL45142133W,De zombietrein en andere stripgedichten,Edward van de Vendel | Floor de Goede,1.0000,2017,/books/OL61559138M,De zombietrein en andere stripgedichten,,dut,1.0000,9789045119564,Em. Querido's Kinderboeken Uitgeverij,2017,,,NOT_PROBED,,,,,NO,NO,135.0000,144.0000,REJECT,No cover candidate.,
NL,YOUTH,Edward van de Vendel,2,7,10,/works/OL973954W,Gijsbrecht,Edward van de Vendel,1.0000,1998,/books/OL134763M,Gijsbrecht,naar Vondels Gysbreght van Aemstel,dut,1.0000,9021485095,Querido,1998,,,NOT_PROBED,,,,,NO,NO,135.0000,144.0000,REJECT,No cover candidate.,
NL,YOUTH,Edward van de Vendel,2,7,10,/works/OL43743614W,Misjka,Edward van de Vendel | Anoush Elman,1.0000,2022,/books/OL59629672M,Misjka,,dut,1.0000,9789045127903,Querido,2022,,,NOT_PROBED,,,,,NO,NO,135.0000,144.0000,REJECT,No cover candidate.,
NL,YOUTH,Jacques Vriens,2,8,12,/works/OL1735741W,De vader-en-moeder-wedstrijd,Jacques Vriens,1.0000,1985,/books/OL2318625M,De vader-en-moeder-wedstrijd,,dut,1.0000,9026916434,Van Holkema & Warendorf,1985,,,NOT_PROBED,,,,,NO,NO,135.0000,144.0000,REJECT,No cover candidate.,
NL,YOUTH,Jacques Vriens,2,8,12,/works/OL1735742W,Een bende in de bovenbouw,Jacques Vriens,1.0000,1988,/books/OL1935743M,Een bende in de bovenbouw,,dut,1.0000,9026916256,Van Holkema & Warendorf,1988,,,NOT_PROBED,,,,,NO,NO,135.0000,144.0000,REJECT,No cover candidate.,
NL,YOUTH,Jacques Vriens,2,8,12,/works/OL1735748W,En de groeten van groep acht,Jacques Vriens,1.0000,1994,/books/OL919552M,En de groeten van groep acht,,dut,1.0000,9026910525,Van Holkema & Warendorf,1994,,,NOT_PROBED,,,,,NO,NO,135.0000,144.0000,REJECT,No cover candidate.,
NL,YOUTH,Jacques Vriens,2,8,12,/works/OL1735743W,Ik ben ook op jou,Jacques Vriens,1.0000,1992,/books/OL1032064M,Ik ben ook op jou,,dut,1.0000,9000028841,Van Goor,1992,,,NOT_PROBED,,,,,NO,NO,135.0000,144.0000,REJECT,No cover candidate.,
NL,YOUTH,Jacques Vriens,2,8,12,/works/OL1735744W,Meester Jaap,Jacques Vriens,1.0000,1997,/books/OL312135M,Meester Jaap,,dut,1.0000,9026988834,Van Holkema & Warendorf,1997,,,NOT_PROBED,,,,,NO,NO,135.0000,144.0000,REJECT,No cover candidate.,
NL,YOUTH,Jacques Vriens,2,8,12,/works/OL1735746W,Weg uit de Peel,Jacques Vriens,1.0000,1997,/books/OL493166M,Weg uit de Peel,,dut,1.0000,9026989822,Van Holkema & Warendorf,1997,,,NOT_PROBED,,,,,NO,NO,135.0000,144.0000,REJECT,No cover candidate.,
NL,YOUTH,Jacques Vriens,2,8,12,/works/OL1735747W,Zondagmorgen,Jacques Vriens,1.0000,1978,/books/OL4159279M,Zondagmorgen,,dut,1.0000,9026909861,Van Holkema & Warendorf,1978,,,NOT_PROBED,,,,,NO,NO,135.0000,144.0000,REJECT,No cover candidate.,
