language,source_stage,target_index,category,target_author,target_work,work_key,edition_key,edition_title,edition_languages,isbn,publisher,publish_date,page_count,cover_id,cover_state,cover_local_path,page_count_state,page_count_source
DE,INITIAL,5,GERMAN_LANGUAGE_CANON,Friedrich Schiller,Die Räuber,/works/OL207633W,/books/OL16368186M,Die Räuber,ger,0631018506,B. Blackwell,1972,122,12651476,VALID_COVER,data/audit/reconstruction-DE-candidate-covers/DE-005-OL16368186M.jpeg,RECOVERED,OPEN_LIBRARY_EDITION:number_of_pages
DE,INITIAL,6,GERMAN_LANGUAGE_CANON,Friedrich Schiller,Wilhelm Tell,/works/OL207638W,/books/OL23403781M,Schillers Wilhelm Tell,eng | ger,,D. C. Heath & co.,1900,333,8974155,VALID_COVER,data/audit/reconstruction-DE-candidate-covers/DE-006-OL23403781M.jpeg,RECOVERED,OPEN_LIBRARY_EDITION:number_of_pages
DE,INITIAL,8,GERMAN_LANGUAGE_CANON,Gotthold Ephraim Lessing,Nathan der Weise,/works/OL34604237W,/books/OL46922653M,Nathan der Weise,ger,9781507824771,,1904,116,15120920,VALID_COVER,data/audit/reconstruction-DE-candidate-covers/DE-008-OL46922653M.jpeg,RECOVERED,OPEN_LIBRARY_EDITION:number_of_pages
DE,INITIAL,9,GERMAN_LANGUAGE_CANON,Gotthold Ephraim Lessing,Emilia Galotti,/works/OL25280813W,/books/OL50648202M,Emilia Galotti,ger,9783112638774,"de Gruyter GmbH, Walter",1842,65,14704575,VALID_COVER,data/audit/reconstruction-DE-candidate-covers/DE-009-OL50648202M.jpeg,RECOVERED,OPEN_LIBRARY_EDITION:pagination
DE,INITIAL,10,GERMAN_LANGUAGE_CANON,Heinrich von Kleist,Michael Kohlhaas,/works/OL1451547W,/books/OL5546874M,Michael Kohlhaas.,ger | eng,,Oxford University Press,1967,180,8259240,VALID_COVER,data/audit/reconstruction-DE-candidate-covers/DE-010-OL5546874M.jpeg,RECOVERED,OPEN_LIBRARY_EDITION:number_of_pages
DE,INITIAL,11,GERMAN_LANGUAGE_CANON,Heinrich von Kleist,Der zerbrochne Krug,/works/OL1451535W,/books/OL22202430M,Der zerbrochne Krug,ger,387877334X,Stroemfeld/Roter Stern,1995,448,5483180,VALID_COVER,data/audit/reconstruction-DE-candidate-covers/DE-011-OL22202430M.jpeg,RECOVERED,OPEN_LIBRARY_EDITION:number_of_pages
DE,INITIAL,12,GERMAN_LANGUAGE_CANON,E. T. A. Hoffmann,Der Sandmann,/works/OL969770W,/books/OL1965318M,Der Sandmann,ger,3458326340,Insel,1986,83,1010629,VALID_COVER,data/audit/reconstruction-DE-candidate-covers/DE-012-OL1965318M.jpeg,RECOVERED,OPEN_LIBRARY_EDITION:number_of_pages
DE,INITIAL,13,GERMAN_LANGUAGE_CANON,E. T. A. Hoffmann,Die Elixiere des Teufels,/works/OL969620W,/books/OL9849862M,Die Elixiere des Teufels / Lebens- Ansichten des Katers Murr.,ger,9783538053922,Artemis & Winkler,"October 1, 1997",766,2216659,VALID_COVER,data/audit/reconstruction-DE-candidate-covers/DE-013-OL9849862M.jpeg,RECOVERED,OPEN_LIBRARY_EDITION:number_of_pages
DE,INITIAL,14,GERMAN_LANGUAGE_CANON,Georg Büchner,Woyzeck,/works/OL771125W,/books/OL4029320M,Woyzeck,eng | ger,0413388204,Eyre Methuen,1979,40,261247,VALID_COVER,data/audit/reconstruction-DE-candidate-covers/DE-014-OL4029320M.jpeg,RECOVERED,OPEN_LIBRARY_EDITION:number_of_pages
DE,INITIAL,15,GERMAN_LANGUAGE_CANON,Georg Büchner,Dantons Tod,/works/OL771124W,/books/OL23412378M,Dantons Tod,ger,,Insel-Verlag,1920,79,5762446,VALID_COVER,data/audit/reconstruction-DE-candidate-covers/DE-015-OL23412378M.jpeg,RECOVERED,OPEN_LIBRARY_EDITION:number_of_pages
DE,INITIAL,16,GERMAN_LANGUAGE_CANON,Heinrich Heine,Buch der Lieder,/works/OL26440415W,/books/OL39807809M,Buch der Lieder,ger,9783822411452,Manfred-Pawlak-Taschenbuch Verlagsgesellschaft,1984,298,12924376,VALID_COVER,data/audit/reconstruction-DE-candidate-covers/DE-016-OL39807809M.jpeg,RECOVERED,OPEN_LIBRARY_EDITION:number_of_pages
DE,INITIAL,17,GERMAN_LANGUAGE_CANON,Heinrich Heine,Deutschland. Ein Wintermärchen,/works/OL30154982W,/books/OL62523283M,Deutschland. Ein Wintermärchen,ger,3150022533,Philipp Reclam jun.,1982,96,15252017,VALID_COVER,data/audit/reconstruction-DE-candidate-covers/DE-017-OL62523283M.jpeg,RECOVERED,OPEN_LIBRARY_EDITION:number_of_pages
DE,INITIAL,18,GERMAN_LANGUAGE_CANON,Theodor Fontane,Effi Briest,/works/OL37539939W,/books/OL50566000M,Effi Briest,ger,9787810952439,Fontane,1905,374,14951493,VALID_COVER,data/audit/reconstruction-DE-candidate-covers/DE-018-OL50566000M.jpeg,RECOVERED,OPEN_LIBRARY_EDITION:number_of_pages
DE,INITIAL,19,GERMAN_LANGUAGE_CANON,Theodor Fontane,"Irrungen, Wirrungen",/works/OL24200703W,/books/OL39804285M,"Irrungen, Wirrungen",ger,9783123517310,Klett-Schulbuchverl.,2004,192,12919906,VALID_COVER,data/audit/reconstruction-DE-candidate-covers/DE-019-OL39804285M.jpeg,RECOVERED,OPEN_LIBRARY_EDITION:number_of_pages
DE,INITIAL,20,GERMAN_LANGUAGE_CANON,Gottfried Keller,Der grüne Heinrich,/works/OL8356644W,/books/OL9021451M,Der grüne Heinrich. Roman.,ger,9783257226416,Diogenes Verlag,"October 1, 1993",916,998971,VALID_COVER,data/audit/reconstruction-DE-candidate-covers/DE-020-OL9021451M.jpeg,RECOVERED,OPEN_LIBRARY_EDITION:number_of_pages
DE,INITIAL,21,GERMAN_LANGUAGE_CANON,Gottfried Keller,Romeo und Julia auf dem Dorfe,/works/OL7963783W,/books/OL32358629M,Romeo und Julia auf dem Dorfe,ger,9783866471146,Anaconda,2007,95,10997800,VALID_COVER,data/audit/reconstruction-DE-candidate-covers/DE-021-OL32358629M.jpeg,RECOVERED,OPEN_LIBRARY_EDITION:number_of_pages
DE,INITIAL,22,GERMAN_LANGUAGE_CANON,Adalbert Stifter,Nachsommer,/works/OL20782611W,/books/OL32986387M,Der nachsommer,ger,,P. List,1950,943,11617487,VALID_COVER,data/audit/reconstruction-DE-candidate-covers/DE-022-OL32986387M.jpeg,RECOVERED,OPEN_LIBRARY_EDITION:number_of_pages
DE,INITIAL,23,GERMAN_LANGUAGE_CANON,Theodor Storm,Der Schimmelreiter,/works/OL23380233W,/books/OL31953524M,Der Schimmelreiter,ger,9780245521270,Harrap,1982,127,10634589,VALID_COVER,data/audit/reconstruction-DE-candidate-covers/DE-023-OL31953524M.jpeg,RECOVERED,OPEN_LIBRARY_EDITION:number_of_pages
DE,INITIAL,24,GERMAN_LANGUAGE_CANON,Arthur Schnitzler,Leutnant Gustl,/works/OL24964496W,/books/OL33185979M,Leutnant Gustl,ger,,S. Fischer,1914,72,11893478,VALID_COVER,data/audit/reconstruction-DE-candidate-covers/DE-024-OL33185979M.jpeg,RECOVERED,OPEN_LIBRARY_EDITION:number_of_pages
DE,INITIAL,25,GERMAN_LANGUAGE_CANON,Arthur Schnitzler,Fräulein Else,/works/OL61413W,/books/OL4770970M,Fräulein Else,eng | ger,0404056113,Simon and Schuster,1971,145,8326266,VALID_COVER,data/audit/reconstruction-DE-candidate-covers/DE-025-OL4770970M.jpeg,RECOVERED,OPEN_LIBRARY_EDITION:number_of_pages
DE,INITIAL,26,GERMAN_LANGUAGE_CANON,Hugo von Hofmannsthal,Jedermann,/works/OL43318572W,/books/OL9019316M,jedermann,ger,9783150180372,reclam,2000,93,997679,VALID_COVER,data/audit/reconstruction-DE-candidate-covers/DE-026-OL9019316M.jpeg,RECOVERED,OPEN_LIBRARY_EDITION:number_of_pages
DE,INITIAL,27,GERMAN_LANGUAGE_CANON,Rainer Maria Rilke,Die Aufzeichnungen des Malte Laurids Brigge,/works/OL22058286W,/books/OL30093611M,Die Aufzeichnungen des Malte Laurids Brigge,ger,9783518391938,Suhrkamp,1996,226,10421485,VALID_COVER,data/audit/reconstruction-DE-candidate-covers/DE-027-OL30093611M.jpeg,RECOVERED,OPEN_LIBRARY_EDITION:number_of_pages
DE,INITIAL,28,GERMAN_LANGUAGE_CANON,Rainer Maria Rilke,Duineser Elegien,/works/OL3801010W,/books/OL24593986M,Duineser Elegien =,eng | ger,,Printed for the Hogarth Press,1931,132,14824931,VALID_COVER,data/audit/reconstruction-DE-candidate-covers/DE-028-OL24593986M.jpeg,RECOVERED,OPEN_LIBRARY_EDITION:number_of_pages
DE,INITIAL,29,GERMAN_LANGUAGE_CANON,Thomas Mann,Buddenbrooks,/works/OL15381711W,/books/OL8937526M,Die Buddenbrooks,ger,9783804417311,Bange,"January 1, 2002",124,1028130,VALID_COVER,data/audit/reconstruction-DE-candidate-covers/DE-029-OL8937526M.jpeg,RECOVERED,OPEN_LIBRARY_EDITION:number_of_pages
DE,INITIAL,30,GERMAN_LANGUAGE_CANON,Thomas Mann,Der Tod in Venedig,/works/OL14867028W,/books/OL9013673M,Der Tod in Venedig und andere Erzählungen.,ger,9783100488121,"Fischer (S.), Frankfurt","February 1, 2000",367,995573,VALID_COVER,data/audit/reconstruction-DE-candidate-covers/DE-030-OL9013673M.jpeg,RECOVERED,OPEN_LIBRARY_EDITION:number_of_pages
DE,INITIAL,31,GERMAN_LANGUAGE_CANON,Hermann Hesse,Unterm Rad,/works/OL24857878W,/books/OL33039898M,Unterm Rad,ger,,Suhrkamp,1964,219,11735943,VALID_COVER,data/audit/reconstruction-DE-candidate-covers/DE-031-OL33039898M.jpeg,RECOVERED,OPEN_LIBRARY_EDITION:number_of_pages
DE,INITIAL,33,GERMAN_LANGUAGE_CANON,Franz Kafka,Die Verwandlung,/works/OL30025146W,/books/OL41274517M,Die Verwandlung,ger,9781092787130,Independently Published,2019,91,13638782,VALID_COVER,data/audit/reconstruction-DE-candidate-covers/DE-033-OL41274517M.jpeg,RECOVERED,OPEN_LIBRARY_EDITION:number_of_pages
DE,INITIAL,34,GERMAN_LANGUAGE_CANON,Franz Kafka,Der Prozess,/works/OL33094027W,/books/OL44963358M,Der Prozess,ger,9783878775003,Stroemfeld Verlag,2008,411,13825843,VALID_COVER,data/audit/reconstruction-DE-candidate-covers/DE-034-OL44963358M.jpeg,RECOVERED,OPEN_LIBRARY_EDITION:number_of_pages
DE,INITIAL,35,GERMAN_LANGUAGE_CANON,Franz Kafka,Das Schloss,/works/OL24259440W,/books/OL32091680M,Das Schloß,ger,9783596126637,Fischer Taschenbuch-Verl.,1996,357,10746476,VALID_COVER,data/audit/reconstruction-DE-candidate-covers/DE-035-OL32091680M.jpeg,RECOVERED,OPEN_LIBRARY_EDITION:number_of_pages
DE,INITIAL,37,TWENTIETH_CENTURY,Thomas Mann,Doktor Faustus,/works/OL14866725W,/books/OL9013631M,Doktor Faustus ( Frankfurter Ausgabe).,ger,9783100482204,"Fischer (S.), Frankfurt","January 1, 1980",746,995535,VALID_COVER,data/audit/reconstruction-DE-candidate-covers/DE-037-OL9013631M.jpeg,RECOVERED,OPEN_LIBRARY_EDITION:number_of_pages
DE,INITIAL,41,TWENTIETH_CENTURY,Erich Maria Remarque,Im Westen nichts Neues,/works/OL1209288W,/books/OL27794450M,Im westen nichts neues,ger,,Propyläen-verlag,1929,288,9301147,VALID_COVER,data/audit/reconstruction-DE-candidate-covers/DE-041-OL27794450M.jpeg,RECOVERED,OPEN_LIBRARY_EDITION:number_of_pages
DE,INITIAL,43,TWENTIETH_CENTURY,Bertolt Brecht,Der gute Mensch von Sezuan,/works/OL8089139W,/books/OL9050194M,Der Gute Mensch Von Sezuan,ger,9783518100738,Distribooks Int'l+inc,1964,144,10461283,VALID_COVER,data/audit/reconstruction-DE-candidate-covers/DE-043-OL9050194M.jpeg,RECOVERED,OPEN_LIBRARY_EDITION:number_of_pages
DE,INITIAL,44,TWENTIETH_CENTURY,Heinrich Böll,Die verlorene Ehre der Katharina Blum,/works/OL15394878W,/books/OL14972544M,Die verlorene Ehre der Katharina Blum,ger,0245535470,Harrap,1980,,10608277,VALID_COVER,data/audit/reconstruction-DE-candidate-covers/DE-044-OL14972544M.jpeg,NO_PAGE_COUNT,
DE,INITIAL,45,TWENTIETH_CENTURY,Heinrich Böll,Ansichten eines Clowns,/works/OL8114847W,/books/OL9861826M,Ansichten Eines Clowns,ger,9783462021950,Distribooks Int'l+inc,,247,2206980,VALID_COVER,data/audit/reconstruction-DE-candidate-covers/DE-045-OL9861826M.jpeg,RECOVERED,OPEN_LIBRARY_EDITION:number_of_pages
DE,INITIAL,46,TWENTIETH_CENTURY,Günter Grass,Die Blechtrommel,/works/OL67334W,/books/OL38213423M,Die Blechtrommel,ger,9783436004781,Fischer,1962,492,15140972,VALID_COVER,data/audit/reconstruction-DE-candidate-covers/DE-046-OL38213423M.jpeg,RECOVERED,OPEN_LIBRARY_EDITION:number_of_pages
DE,INITIAL,47,TWENTIETH_CENTURY,Günter Grass,Katz und Maus,/works/OL16915317W,/books/OL9043263M,Katz und Maus,ger,9783472611486,Luchterhand,1982,,9839515,VALID_COVER,data/audit/reconstruction-DE-candidate-covers/DE-047-OL9043263M.jpeg,NO_PAGE_COUNT,
DE,INITIAL,48,TWENTIETH_CENTURY,Max Frisch,Stiller,/works/OL865476W,/books/OL24943592M,I'm not Stiller,eng | ger,9780394702193,Vintage Books,1958,404,6956198,VALID_COVER,data/audit/reconstruction-DE-candidate-covers/DE-048-OL24943592M.jpeg,RECOVERED,OPEN_LIBRARY_EDITION:number_of_pages
DE,INITIAL,49,TWENTIETH_CENTURY,Max Frisch,Homo faber,/works/OL18169803W,/books/OL9018865M,Homo Faber,ger,9783150081792,"Reclam, Ditzingen","December 16, 1999",196,996975,VALID_COVER,data/audit/reconstruction-DE-candidate-covers/DE-049-OL9018865M.jpeg,RECOVERED,OPEN_LIBRARY_EDITION:number_of_pages
DE,INITIAL,50,TWENTIETH_CENTURY,Friedrich Dürrenmatt,Der Richter und sein Henker,/works/OL8584542W,/books/OL14972899M,Der Richter und sein Henker,ger,0245574360,Harrap,1962,,11407415,VALID_COVER,data/audit/reconstruction-DE-candidate-covers/DE-050-OL14972899M.jpeg,NO_PAGE_COUNT,
DE,INITIAL,51,TWENTIETH_CENTURY,Friedrich Dürrenmatt,Der Besuch der alten Dame,/works/OL16030304W,/books/OL24944210M,Der Besuch der alten Dame,ger,3257208359,Diogenes,1985,152,6877722,VALID_COVER,data/audit/reconstruction-DE-candidate-covers/DE-051-OL24944210M.jpeg,RECOVERED,OPEN_LIBRARY_EDITION:number_of_pages
DE,INITIAL,53,TWENTIETH_CENTURY,Paul Celan,Mohn und Gedächtnis,/works/OL11330229W,/books/OL14983614M,Mohn und Gedächtnis,ger,3421060649,Deutsche Verlags-Anstalt,1994,79,15019605,VALID_COVER,data/audit/reconstruction-DE-candidate-covers/DE-053-OL14983614M.jpeg,RECOVERED,OPEN_LIBRARY_EDITION:number_of_pages
DE,INITIAL,54,TWENTIETH_CENTURY,Anna Seghers,Das siebte Kreuz,/works/OL8769634W,/books/OL15447121M,Das siebte Kreuz,ger,3472611081,Luchterhand,1987,288,9818349,VALID_COVER,data/audit/reconstruction-DE-candidate-covers/DE-054-OL15447121M.jpeg,RECOVERED,OPEN_LIBRARY_EDITION:number_of_pages
DE,INITIAL,55,TWENTIETH_CENTURY,Stefan Zweig,Schachnovelle,/works/OL19070206W,/books/OL26726926M,Schachnovelle,ger,9783100970916,Fisher Verlag,"Jan 01, 1959",109,8384249,VALID_COVER,data/audit/reconstruction-DE-candidate-covers/DE-055-OL26726926M.jpeg,RECOVERED,OPEN_LIBRARY_EDITION:number_of_pages
DE,INITIAL,57,TWENTIETH_CENTURY,Robert Musil,Der Mann ohne Eigenschaften,/works/OL17816164W,/books/OL3071515M,Der Mann ohne Eigenschaften,ger,3498092855,Rowohlt,1981,2159,1013650,VALID_COVER,data/audit/reconstruction-DE-candidate-covers/DE-057-OL3071515M.jpeg,RECOVERED,OPEN_LIBRARY_EDITION:number_of_pages
DE,INITIAL,60,TWENTIETH_CENTURY,Wolfgang Borchert,Draußen vor der Tür,/works/OL2808141W,/books/OL22243563M,Draussen vor der Tür,ger,0174445822,Nelson,1984,,10594646,VALID_COVER,data/audit/reconstruction-DE-candidate-covers/DE-060-OL22243563M.jpeg,NO_PAGE_COUNT,
DE,INITIAL,61,TWENTIETH_CENTURY,Christa Wolf,Der geteilte Himmel,/works/OL751408W,/books/OL14453238M,Der geteilte Himmel,ger,8742976626,Grafisk Institut,1978,80,11339620,VALID_COVER,data/audit/reconstruction-DE-candidate-covers/DE-061-OL14453238M.jpeg,RECOVERED,OPEN_LIBRARY_EDITION:number_of_pages
DE,INITIAL,62,TWENTIETH_CENTURY,Christa Wolf,Kassandra,/works/OL11020114W,/books/OL18369458M,Cassandra,eng | ger,0374119562,"Farrar, Straus, Giroux",1984,305,9479919,VALID_COVER,data/audit/reconstruction-DE-candidate-covers/DE-062-OL18369458M.jpeg,RECOVERED,OPEN_LIBRARY_EDITION:number_of_pages
DE,INITIAL,63,TWENTIETH_CENTURY,Siegfried Lenz,Deutschstunde,/works/OL17922381W,/books/OL26495839M,Deutschstunde,ger,9783423134118,Deutscher Taschenbuch,2009,572,8248471,VALID_COVER,data/audit/reconstruction-DE-candidate-covers/DE-063-OL26495839M.jpeg,RECOVERED,OPEN_LIBRARY_EDITION:number_of_pages
DE,INITIAL,64,TWENTIETH_CENTURY,Uwe Johnson,Mutmassungen über Jakob,/works/OL155603W,/books/OL15260870M,Mutmassungen über Jakob,ger,3436004634,Fischer,1962,210,15022171,VALID_COVER,data/audit/reconstruction-DE-candidate-covers/DE-064-OL15260870M.jpeg,RECOVERED,OPEN_LIBRARY_EDITION:number_of_pages
DE,INITIAL,65,TWENTIETH_CENTURY,Peter Handke,Die Angst des Tormanns beim Elfmeter,/works/OL854279W,/books/OL21838300M,Die Angst des Tormanns beim Elfmeter,ger,3518065270,Suhrkamp,1970,,10074761,VALID_COVER,data/audit/reconstruction-DE-candidate-covers/DE-065-OL21838300M.jpeg,NO_PAGE_COUNT,
DE,INITIAL,66,CONTEMPORARY,Patrick Süskind,Das Parfum,/works/OL4042514W,/books/OL9046812M,"Oldenbourg Interpretationen, Bd.78, Das Parfum",ger,9783486886771,Oldenbourg Schulbuchverlag,"January 1, 1996",192,1012334,VALID_COVER,data/audit/reconstruction-DE-candidate-covers/DE-066-OL9046812M.jpeg,RECOVERED,OPEN_LIBRARY_EDITION:number_of_pages
DE,INITIAL,67,CONTEMPORARY,Bernhard Schlink,Der Vorleser,/works/OL14871157W,/books/OL18666592M,Der Vorleser,ger,9783257229530,Diogenes,1997-06-30,208,8782586,VALID_COVER,data/audit/reconstruction-DE-candidate-covers/DE-067-OL18666592M.jpeg,RECOVERED,OPEN_LIBRARY_EDITION:number_of_pages
DE,INITIAL,68,CONTEMPORARY,Daniel Kehlmann,Die Vermessung der Welt,/works/OL991402W,/books/OL30749128M,Die Vermessung der Welt,ger,9783499253270,Rowohlt Taschenbuch,2012,206,14121543,VALID_COVER,data/audit/reconstruction-DE-candidate-covers/DE-068-OL30749128M.jpeg,RECOVERED,OPEN_LIBRARY_EDITION:number_of_pages
DE,INITIAL,74,CONTEMPORARY,Elfriede Jelinek,Die Klavierspielerin,/works/OL72168W,/books/OL15447083M,Die Klavierspielerin,ger,3499158124,Rowohlt,1996,283,9442697,VALID_COVER,data/audit/reconstruction-DE-candidate-covers/DE-074-OL15447083M.jpeg,RECOVERED,OPEN_LIBRARY_EDITION:number_of_pages
DE,INITIAL,77,CONTEMPORARY,Juli Zeh,Unterleuten,/works/OL20051146W,/books/OL27231169M,Unterleuten,ger,9783630874876,Luchterhand,2016-03-08,640,14408266,VALID_COVER,data/audit/reconstruction-DE-candidate-covers/DE-077-OL27231169M.jpeg,RECOVERED,OPEN_LIBRARY_EDITION:number_of_pages
DE,INITIAL,78,CONTEMPORARY,Saša Stanišić,Herkunft,/works/OL26233063W,/books/OL35390159M,Herkunft,ger,9783844533026,der Hörverlag,"Mar 18, 2019",,12232730,VALID_COVER,data/audit/reconstruction-DE-candidate-covers/DE-078-OL35390159M.jpeg,NO_PAGE_COUNT,
DE,INITIAL,79,CONTEMPORARY,Robert Seethaler,Ein ganzes Leben,/works/OL20678248W,/books/OL27475074M,Ein ganzes Leben,ger,9783446246454,Hanser Berlin,"Sep 30, 2015",,8933199,VALID_COVER,data/audit/reconstruction-DE-candidate-covers/DE-079-OL27475074M.jpeg,NO_PAGE_COUNT,
DE,INITIAL,80,CONTEMPORARY,Wolfgang Herrndorf,Tschick,/works/OL16621819W,/books/OL25302940M,Tschick,ger,9783871347108,Rowohlt,2010,260,8418261,VALID_COVER,data/audit/reconstruction-DE-candidate-covers/DE-080-OL25302940M.jpeg,RECOVERED,OPEN_LIBRARY_EDITION:number_of_pages
DE,INITIAL,81,PHILOSOPHY_ESSAYS,Immanuel Kant,Kritik der reinen Vernunft,/works/OL99844W,/books/OL14017114M,Kritik der reinen Vernunft,ger,,Mayer & Müller,1889,723,5784520,VALID_COVER,data/audit/reconstruction-DE-candidate-covers/DE-081-OL14017114M.jpeg,RECOVERED,OPEN_LIBRARY_EDITION:number_of_pages
DE,INITIAL,82,PHILOSOPHY_ESSAYS,Immanuel Kant,Grundlegung zur Metaphysik der Sitten,/works/OL99719W,/books/OL23306057M,Immanuel Kant's Grundlegung zur metaphysik der sitten,ger,,L. Heimann,1870,351,6516648,VALID_COVER,data/audit/reconstruction-DE-candidate-covers/DE-082-OL23306057M.jpeg,RECOVERED,OPEN_LIBRARY_EDITION:number_of_pages
DE,INITIAL,83,PHILOSOPHY_ESSAYS,Georg Wilhelm Friedrich Hegel,Phänomenologie des Geistes,/works/OL678515W,/books/OL33200102M,Phänomenologie des Geistes,ger,,F. Meiner,1907,532,11909106,VALID_COVER,data/audit/reconstruction-DE-candidate-covers/DE-083-OL33200102M.jpeg,RECOVERED,OPEN_LIBRARY_EDITION:number_of_pages
DE,INITIAL,84,PHILOSOPHY_ESSAYS,Arthur Schopenhauer,Die Welt als Wille und Vorstellung,/works/OL1183478W,/books/OL9015137M,Die Welt als Wille und Vorstellung 1/2,ger,9783895082658,Konemann,February 1998,,1035945,VALID_COVER,data/audit/reconstruction-DE-candidate-covers/DE-084-OL9015137M.jpeg,NO_PAGE_COUNT,
DE,INITIAL,85,PHILOSOPHY_ESSAYS,Friedrich Nietzsche,Also sprach Zarathustra,/works/OL98130W,/books/OL7125075M,Thus spoke Zarathustra,eng | ger,,Modern Library,1917,368,5639596,VALID_COVER,data/audit/reconstruction-DE-candidate-covers/DE-085-OL7125075M.jpeg,RECOVERED,OPEN_LIBRARY_EDITION:number_of_pages
DE,INITIAL,86,PHILOSOPHY_ESSAYS,Friedrich Nietzsche,Jenseits von Gut und Böse,/works/OL28774947W,/books/OL39492566M,Jenseits von Gut und Böse,ger,9783866470460,Anaconda,2006,384,12902647,VALID_COVER,data/audit/reconstruction-DE-candidate-covers/DE-086-OL39492566M.jpeg,RECOVERED,OPEN_LIBRARY_EDITION:number_of_pages
DE,INITIAL,87,PHILOSOPHY_ESSAYS,Friedrich Nietzsche,Zur Genealogie der Moral,/works/OL15326017W,/books/OL9849138M,Jenseits von Gut und Böse / Zur Genealogie der Moral,ger,9783520076113,Kröner,1991,452,13129860,VALID_COVER,data/audit/reconstruction-DE-candidate-covers/DE-087-OL9849138M.jpeg,RECOVERED,OPEN_LIBRARY_EDITION:number_of_pages
DE,INITIAL,88,PHILOSOPHY_ESSAYS,Martin Heidegger,Sein und Zeit,/works/OL77609W,/books/OL14887435M,Being and time,eng | ger,0060638508,Harper and Row,1962,589,8622466,VALID_COVER,data/audit/reconstruction-DE-candidate-covers/DE-088-OL14887435M.jpeg,RECOVERED,OPEN_LIBRARY_EDITION:number_of_pages
DE,INITIAL,89,PHILOSOPHY_ESSAYS,Hannah Arendt,Vita activa,/works/OL10460638W,/books/OL15267196M,Vita Activa,ger,3492005179,R. Piper & Co.,1985,375,14331070,VALID_COVER,data/audit/reconstruction-DE-candidate-covers/DE-089-OL15267196M.jpeg,RECOVERED,OPEN_LIBRARY_EDITION:number_of_pages
DE,INITIAL,90,PHILOSOPHY_ESSAYS,Hannah Arendt,Elemente und Ursprünge totaler Herrschaft,/works/OL10460635W,/books/OL21843653M,Elemente und Ursprünge totaler Herrschaft.,ger,3548131824,Ullstein,1975,,8090678,VALID_COVER,data/audit/reconstruction-DE-candidate-covers/DE-090-OL21843653M.jpeg,NO_PAGE_COUNT,
DE,INITIAL,91,PHILOSOPHY_ESSAYS,Walter Benjamin,Das Kunstwerk im Zeitalter seiner technischen Reproduzierbarkeit,/works/OL156203W,/books/OL32626196M,Das Kunstwerk im Zeitalter seiner technischen Reproduzierbarkeit,ger,9783518100288,Suhrkamp,2018,107,11260612,VALID_COVER,data/audit/reconstruction-DE-candidate-covers/DE-091-OL32626196M.jpeg,RECOVERED,OPEN_LIBRARY_EDITION:number_of_pages
DE,INITIAL,93,PHILOSOPHY_ESSAYS,Jürgen Habermas,Strukturwandel der Öffentlichkeit,/works/OL15682223W,/books/OL35348922M,Strukturwandel der Öffentlichkeit,ger,9783472610250,Luchterhand,1976,399,12186124,VALID_COVER,data/audit/reconstruction-DE-candidate-covers/DE-093-OL35348922M.jpeg,RECOVERED,OPEN_LIBRARY_EDITION:number_of_pages
DE,INITIAL,94,PHILOSOPHY_ESSAYS,Sigmund Freud,Das Unbehagen in der Kultur,/works/OL17910901W,/books/OL26486124M,Das Unbehagen in der Kultur,ger,9783596902071,Fischer Taschenbuch Verlag,2015,190,8230692,VALID_COVER,data/audit/reconstruction-DE-candidate-covers/DE-094-OL26486124M.jpeg,RECOVERED,OPEN_LIBRARY_EDITION:number_of_pages
DE,INITIAL,95,PHILOSOPHY_ESSAYS,Karl Marx,Das Kapital,/works/OL27710906W,/books/OL10500600M,Das Kapital,ger,9780543779267,Adamant Media Corporation,"April 2, 2002",532,2474705,VALID_COVER,data/audit/reconstruction-DE-candidate-covers/DE-095-OL10500600M.jpeg,RECOVERED,OPEN_LIBRARY_EDITION:number_of_pages
DE,INITIAL,99,HISTORY_SOCIETY,Golo Mann,Deutsche Geschichte des 19. und 20. Jahrhunderts,/works/OL754768W,/books/OL15250052M,Deutsche Geschichte des 19. und 20. Jahrhunderts.,ger,3103479018,S. Fischer,1971,,8384250,VALID_COVER,data/audit/reconstruction-DE-candidate-covers/DE-099-OL15250052M.jpeg,NO_PAGE_COUNT,
DE,INITIAL,102,HISTORY_SOCIETY,Marion Gräfin Dönhoff,Kindheit in Ostpreußen,/works/OL969883W,/books/OL2262662M,Kindheit in Ostpreussen,ger,3886803325,Siedler,1988,221,2252752,VALID_COVER,data/audit/reconstruction-DE-candidate-covers/DE-102-OL2262662M.jpeg,RECOVERED,OPEN_LIBRARY_EDITION:number_of_pages
DE,INITIAL,104,YOUTH,Erich Kästner,Emil und die Detektive,/works/OL18900172W,/books/OL17214518M,Emil und die Detektive,ger,8711088230,Aschehoug,1994,96,13066498,VALID_COVER,data/audit/reconstruction-DE-candidate-covers/DE-104-OL17214518M.jpeg,RECOVERED,OPEN_LIBRARY_EDITION:number_of_pages
DE,INITIAL,105,YOUTH,Erich Kästner,Das doppelte Lottchen,/works/OL970185W,/books/OL8935789M,Das Doppelte Lottchen,ger,9783791530116,Cecilie Dressler Verlag,1998,169,1027358,VALID_COVER,data/audit/reconstruction-DE-candidate-covers/DE-105-OL8935789M.jpeg,RECOVERED,OPEN_LIBRARY_EDITION:number_of_pages
DE,INITIAL,106,YOUTH,Michael Ende,Momo,/works/OL43430453W,/books/OL59170678M,Momo,ger,9783522460514,"Thienemann [Stuttgart, Wien, Bern]",2023,32,15088802,VALID_COVER,data/audit/reconstruction-DE-candidate-covers/DE-106-OL59170678M.jpeg,RECOVERED,OPEN_LIBRARY_EDITION:number_of_pages
DE,INITIAL,108,YOUTH,Otfried Preußler,Krabat,/works/OL30329043W,/books/OL41692444M,Krabat - Schulausgabe,ger,9783522202275,Thienemanns (K.) Verlag,"Jul 15, 2016",272,14571604,VALID_COVER,data/audit/reconstruction-DE-candidate-covers/DE-108-OL41692444M.jpeg,RECOVERED,OPEN_LIBRARY_EDITION:number_of_pages
DE,INITIAL,109,SCIENCE_CULTURE,Alexander von Humboldt,Kosmos,/works/OL1554090W,/books/OL13568056M,Kosmos,ger,,Cotta,1845,,8242805,VALID_COVER,data/audit/reconstruction-DE-candidate-covers/DE-109-OL13568056M.jpeg,NO_PAGE_COUNT,
DE,INITIAL,112,SCIENCE_CULTURE,Konrad Lorenz,Das sogenannte Böse,/works/OL3506031W,/books/OL19612684M,Das sogenannte Böse.,ger,3423010002,Deutscher Taschbuch Verlaf,1985,261,14941296,VALID_COVER,data/audit/reconstruction-DE-candidate-covers/DE-112-OL19612684M.jpeg,RECOVERED,OPEN_LIBRARY_EDITION:number_of_pages
DE,INITIAL,113,SCIENCE_CULTURE,Werner Heisenberg,Der Teil und das Ganze,/works/OL16991054W,/books/OL25569705M,Der Teil und das Ganze,ger,9783492030809,Piper,1986,336,8637010,VALID_COVER,data/audit/reconstruction-DE-candidate-covers/DE-113-OL25569705M.jpeg,RECOVERED,OPEN_LIBRARY_EDITION:number_of_pages
DE,RECOVERY,3,GERMAN_LANGUAGE_CANON,Johann Wolfgang von Goethe,Wilhelm Meisters Lehrjahre,/works/OL37823773W,/books/OL51035711M,Wilhelm Meisters Lehrjahre,ger,9781911495321,"Bollinger, Max",2016,560,14670130,VALID_COVER,data/audit/reconstruction-DE-recovery-covers/DE-recovery-003-OL51035711M.jpeg,RECOVERED,OPEN_LIBRARY_EDITION:pagination
DE,RECOVERY,4,GERMAN_LANGUAGE_CANON,Johann Wolfgang von Goethe,Wahlverwandtschaften,/works/OL29845013W,/books/OL41607262M,Die Wahlverwandtschaften,ger,9781697822137,Independently Published,2019,267,13696875,VALID_COVER,data/audit/reconstruction-DE-recovery-covers/DE-recovery-004-OL41607262M.jpeg,RECOVERED,OPEN_LIBRARY_EDITION:number_of_pages
DE,RECOVERY,7,GERMAN_LANGUAGE_CANON,Friedrich Schiller,Maria Stuart,/works/OL28461899W,/books/OL38988824M,Maria Stuart,ger,9780274121953,"Creative Media Partners, LLC",2018,274,13891050,VALID_COVER,data/audit/reconstruction-DE-recovery-covers/DE-recovery-007-OL38988824M.jpeg,RECOVERED,OPEN_LIBRARY_EDITION:number_of_pages
DE,RECOVERY,36,TWENTIETH_CENTURY,Thomas Mann,Der Zauberberg,/works/OL15381708W,/books/OL12985146M,Der Zauberberg. 8 Cassetten.,ger,9783895848131,HÖR Verlag,"November 30, 2000",,3281186,VALID_COVER,data/audit/reconstruction-DE-recovery-covers/DE-recovery-036-OL12985146M.jpeg,NO_PAGE_COUNT,
DE,RECOVERY,38,TWENTIETH_CENTURY,Hermann Hesse,Der Steppenwolf,/works/OL872773W,/books/OL32986439M,Der Steppenwolf,ger,,Suhrkamp,1961,266,14851503,VALID_COVER,data/audit/reconstruction-DE-recovery-covers/DE-recovery-038-OL32986439M.jpeg,RECOVERED,OPEN_LIBRARY_EDITION:number_of_pages
DE,RECOVERY,39,TWENTIETH_CENTURY,Hermann Hesse,Das Glasperlenspiel,/works/OL872724W,/books/OL45617050M,Das Glasperlenspiel,ger,,Suhrkamp,1962,774,14941168,VALID_COVER,data/audit/reconstruction-DE-recovery-covers/DE-recovery-039-OL45617050M.jpeg,RECOVERED,OPEN_LIBRARY_EDITION:number_of_pages
DE,RECOVERY,40,TWENTIETH_CENTURY,Alfred Döblin,Berlin Alexanderplatz,/works/OL15681816W,/books/OL12739745M,"Oldenbourg Interpretationen, Bd.74, Berlin Alexanderplatz",ger,9783486886733,Oldenbourg Schulbuchverlag,"January 1, 1995",158,3214068,VALID_COVER,data/audit/reconstruction-DE-recovery-covers/DE-recovery-040-OL12739745M.jpeg,RECOVERED,OPEN_LIBRARY_EDITION:number_of_pages
DE,RECOVERY,42,TWENTIETH_CENTURY,Bertolt Brecht,Mutter Courage und ihre Kinder,/works/OL15117155W,/books/OL9042726M,"Mutter Courage und ihre Kinder, 2 Cassetten",ger,9783464614587,Cornelsen,"January 1, 2001",,2207304,VALID_COVER,data/audit/reconstruction-DE-recovery-covers/DE-recovery-042-OL9042726M.jpeg,NO_PAGE_COUNT,
DE,RECOVERY,58,TWENTIETH_CENTURY,Joseph Roth,Radetzkymarsch,/works/OL466942W,/books/OL5312884M,The Radetzky march,eng | ger,0879510153,Overlook Press,1974,318,6555394,VALID_COVER,data/audit/reconstruction-DE-recovery-covers/DE-recovery-058-OL5312884M.jpeg,RECOVERED,OPEN_LIBRARY_EDITION:number_of_pages
DE,RECOVERY,92,PHILOSOPHY_ESSAYS,Theodor W. Adorno,Minima Moralia,/works/OL542175W,/books/OL21197997M,Mi nima moralia,ger | eng,3518065114,Suhrkamp,1997,302,11395718,VALID_COVER,data/audit/reconstruction-DE-recovery-covers/DE-recovery-092-OL21197997M.jpeg,RECOVERED,OPEN_LIBRARY_EDITION:number_of_pages
DE,RECOVERY,98,HISTORY_SOCIETY,Joachim Fest,Hitler,/works/OL2004994W,/books/OL9445890M,Hitler. Die Propyläen- Biographie,ger,9783549074183,Propyläen,"September 1, 1995",1190,2230925,VALID_COVER,data/audit/reconstruction-DE-recovery-covers/DE-recovery-098-OL9445890M.jpeg,RECOVERED,OPEN_LIBRARY_EDITION:number_of_pages
DE,REPLACEMENT,,SCIENCE_CULTURE,Alexander von Humboldt,Ansichten der Natur,/works/OL27699036W,/books/OL37779866M,Ansichten der Natur,ger,978-3868204490,Nikol,05. Januar 2018,168,12687222,VALID_COVER,data/audit/reconstruction-DE-replacement-covers/DE-replacement-SCIENCE_CULTURE-01-OL37779866M.jpeg,RECOVERED,OPEN_LIBRARY_EDITION:number_of_pages
DE,REPLACEMENT,,TWENTIETH_CENTURY,Anna Seghers,Transit,/works/OL8769633W,/books/OL16387546M,Transit,ger,,Luchterhand,1963,290,9672443,VALID_COVER,data/audit/reconstruction-DE-replacement-covers/DE-replacement-TWENTIETH_CENTURY-03-OL16387546M.jpeg,RECOVERED,OPEN_LIBRARY_EDITION:number_of_pages
DE,REPLACEMENT,,CONTEMPORARY,Bernhard Schlink,Liebesfluchten,/works/OL14871150W,/books/OL3989865M,Liebesfluchten,ger,3257062303,Diogenes,2000,307,998484,VALID_COVER,data/audit/reconstruction-DE-replacement-covers/DE-replacement-CONTEMPORARY-02-OL3989865M.jpeg,RECOVERED,OPEN_LIBRARY_EDITION:number_of_pages
DE,REPLACEMENT,,CONTEMPORARY,Christian Kracht,Faserland,/works/OL3123543W,/books/OL47310153M,Faserland,ger,9783423129824,Deutscher Taschenbuch Verlag,2009-03,157,13774825,VALID_COVER,data/audit/reconstruction-DE-replacement-covers/DE-replacement-CONTEMPORARY-13-OL47310153M.jpeg,RECOVERED,OPEN_LIBRARY_EDITION:number_of_pages
DE,REPLACEMENT,,CONTEMPORARY,Daniel Kehlmann,Ruhm,/works/OL991404W,/books/OL39819657M,Ruhm,ger,9783498035433,Rowohlt Verlag GmbH,2009,203,12942846,VALID_COVER,data/audit/reconstruction-DE-replacement-covers/DE-replacement-CONTEMPORARY-03-OL39819657M.jpeg,RECOVERED,OPEN_LIBRARY_EDITION:number_of_pages
DE,REPLACEMENT,,CONTEMPORARY,Elfriede Jelinek,Die Kinder der Toten,/works/OL72161W,/books/OL1025058M,Die Kinder der Toten,ger,349803328X,Rowohlt,1995,666,3865562,VALID_COVER,data/audit/reconstruction-DE-replacement-covers/DE-replacement-CONTEMPORARY-06-OL1025058M.jpeg,RECOVERED,OPEN_LIBRARY_EDITION:number_of_pages
DE,REPLACEMENT,,HISTORY_SOCIETY,Golo Mann,Wallenstein,/works/OL754765W,/books/OL5354530M,Wallenstein,ger,3100479033,S. Fischer,1971,1367,14574060,VALID_COVER,data/audit/reconstruction-DE-replacement-covers/DE-replacement-HISTORY_SOCIETY-04-OL5354530M.jpeg,RECOVERED,OPEN_LIBRARY_EDITION:number_of_pages
DE,REPLACEMENT,,HISTORY_SOCIETY,Heinrich August Winkler,Der lange Weg nach Westen,/works/OL2843438W,/books/OL16477283M,Der lange Weg nach Westen,ger,3893314636,Bundeszentrale für Politische Bildung,2002,,5341115,VALID_COVER,data/audit/reconstruction-DE-replacement-covers/DE-replacement-HISTORY_SOCIETY-06-OL16477283M.jpeg,NO_PAGE_COUNT,
DE,REPLACEMENT,,TWENTIETH_CENTURY,Heinrich Böll,Billard um halb zehn,/works/OL16042102W,/books/OL24943189M,Billard um Halb zehn,ger,9783426000083,Droemer Knaur,1963,213,6949059,VALID_COVER,data/audit/reconstruction-DE-replacement-covers/DE-replacement-TWENTIETH_CENTURY-04-OL24943189M.jpeg,RECOVERED,OPEN_LIBRARY_EDITION:number_of_pages
DE,REPLACEMENT,,CONTEMPORARY,Herta Müller,Der Mensch ist ein großer Fasan auf der Welt,/works/OL9271128W,/books/OL26535984M,Der Mensch ist ein grosser Fasan auf der Welt,ger,9783596181612,Fischer-Taschenbuch-Verlag,2009,110,9676237,VALID_COVER,data/audit/reconstruction-DE-replacement-covers/DE-replacement-CONTEMPORARY-07-OL26535984M.jpeg,RECOVERED,OPEN_LIBRARY_EDITION:number_of_pages
DE,REPLACEMENT,,CONTEMPORARY,Judith Hermann,"Sommerhaus, später",/works/OL689589W,/books/OL61153299M,Sommerhaus später,ger,3596223946,S. Fischer,1998-12,187,15163279,VALID_COVER,data/audit/reconstruction-DE-replacement-covers/DE-replacement-CONTEMPORARY-12-OL61153299M.jpeg,RECOVERED,OPEN_LIBRARY_EDITION:number_of_pages
DE,REPLACEMENT,,CONTEMPORARY,Juli Zeh,Spieltrieb,/works/OL11748753W,/books/OL24377574M,Spieltrieb,ger,9783442733699,btb,2006,565,6627982,VALID_COVER,data/audit/reconstruction-DE-replacement-covers/DE-replacement-CONTEMPORARY-14-OL24377574M.jpeg,RECOVERED,OPEN_LIBRARY_EDITION:number_of_pages
DE,REPLACEMENT,,SCIENCE_CULTURE,Konrad Lorenz,"Er redete mit dem Vieh, den Vögeln und den Fischen",/works/OL3506028W,/books/OL19630075M,"Er redete mit dem Vieh, den Vögeln und den Fischen",ger,3423001739,Deutscher Taschenbuch Verlag,1964,145,8223486,VALID_COVER,data/audit/reconstruction-DE-replacement-covers/DE-replacement-SCIENCE_CULTURE-04-OL19630075M.jpeg,RECOVERED,OPEN_LIBRARY_EDITION:number_of_pages
DE,REPLACEMENT,,GERMAN_LANGUAGE_CANON,Novalis,Heinrich von Ofterdingen,/works/OL24269113W,/books/OL35722481M,Heinrich von Ofterdingen,ger,9783518188804,Suhrkamp,2007,253,12458798,VALID_COVER,data/audit/reconstruction-DE-replacement-covers/DE-replacement-GERMAN_LANGUAGE_CANON-01-OL35722481M.jpeg,RECOVERED,OPEN_LIBRARY_EDITION:number_of_pages
DE,REPLACEMENT,,YOUTH,Otfried Preußler,Die kleine Hexe,/works/OL2589222W,/books/OL23042013M,Die kleine Hexe,ger,352210580X,K. Thienemanns,1957,127,7393510,VALID_COVER,data/audit/reconstruction-DE-replacement-covers/DE-replacement-YOUTH-01-OL23042013M.jpeg,RECOVERED,OPEN_LIBRARY_EDITION:number_of_pages
DE,REPLACEMENT,,HISTORY_SOCIETY,Sebastian Haffner,Anmerkungen zu Hitler,/works/OL1167202W,/books/OL4333220M,Anmerkungen zu Hitler,ger,3463007193,Kindler,1978,203,10564404,VALID_COVER,data/audit/reconstruction-DE-replacement-covers/DE-replacement-HISTORY_SOCIETY-01-OL4333220M.jpeg,RECOVERED,OPEN_LIBRARY_EDITION:number_of_pages
DE,REPLACEMENT,,TWENTIETH_CENTURY,Stefan Zweig,Die Welt von Gestern,/works/OL20358185W,/books/OL28200925M,Die Welt von Gestern,ger,9783100024091,"FISCHER, S.","Nov 01, 2017",700,10136386,VALID_COVER,data/audit/reconstruction-DE-replacement-covers/DE-replacement-TWENTIETH_CENTURY-01-OL28200925M.jpeg,RECOVERED,OPEN_LIBRARY_EDITION:number_of_pages
DE,REPLACEMENT,,HISTORY_SOCIETY,Victor Klemperer,Ich will Zeugnis ablegen bis zum letzten,/works/OL801444W,/books/OL9024805M,Ich will Zeugnis ablegen bis zum letzten,ger,9783351023409,Aufbau-Verlag,1998,1691,999642,VALID_COVER,data/audit/reconstruction-DE-replacement-covers/DE-replacement-HISTORY_SOCIETY-02-OL9024805M.jpeg,RECOVERED,OPEN_LIBRARY_EDITION:number_of_pages
DE,REPLACEMENT,,HISTORY_SOCIETY,Willy Brandt,Links und frei,/works/OL402049W,/books/OL3198527M,Links und frei,ger,3455087434,Hoffmann und Campe,1982,462,4235604,VALID_COVER,data/audit/reconstruction-DE-replacement-covers/DE-replacement-HISTORY_SOCIETY-05-OL3198527M.jpeg,RECOVERED,OPEN_LIBRARY_EDITION:number_of_pages
ES,INITIAL,2,SPANISH_CANON,Miguel de Cervantes,Novelas ejemplares,/works/OL14873259W,/books/OL9118235M,Novelas Ejemplares,spa,9788423905676,Espasa-Calpe,1983,,7260401,VALID_COVER,data/audit/reconstruction-ES-candidate-covers/ES-002-OL9118235M.jpeg,NO_PAGE_COUNT,
ES,INITIAL,3,SPANISH_CANON,Miguel de Cervantes,La Galatea,/works/OL793640W,/books/OL32359319M,La galatea,spa,,Rodriguez,1914,361,11781757,VALID_COVER,data/audit/reconstruction-ES-candidate-covers/ES-003-OL32359319M.jpeg,RECOVERED,OPEN_LIBRARY_EDITION:number_of_pages
ES,INITIAL,4,SPANISH_CANON,Miguel de Cervantes,Los trabajos de Persiles y Sigismunda,/works/OL793870W,/books/OL4471560M,Los trabajos de Persiles y Sigismunda,spa,,Editorial Castalia,1969,480,5813083,VALID_COVER,data/audit/reconstruction-ES-candidate-covers/ES-004-OL4471560M.jpeg,RECOVERED,OPEN_LIBRARY_EDITION:number_of_pages
ES,INITIAL,5,SPANISH_CANON,Lope de Vega,Fuenteovejuna,/works/OL8089380W,/books/OL13193330M,Fuenteovejuna,spa,9788420726335,Continental Book Company,June 1998,,5259164,VALID_COVER,data/audit/reconstruction-ES-candidate-covers/ES-005-OL13193330M.jpeg,NO_PAGE_COUNT,
ES,INITIAL,6,SPANISH_CANON,Lope de Vega,El perro del hortelano,/works/OL914694W,/books/OL26692389M,El perro del hortelano,spa,9788497404310,Castalia,2011,217,8361295,VALID_COVER,data/audit/reconstruction-ES-candidate-covers/ES-006-OL26692389M.jpeg,RECOVERED,OPEN_LIBRARY_EDITION:number_of_pages
ES,INITIAL,7,SPANISH_CANON,Lope de Vega,La dama boba,/works/OL914552W,/books/OL353542M,Lady Nitwit,eng | spa,0927534746,Bilingual Press,1998,182,12367615,VALID_COVER,data/audit/reconstruction-ES-candidate-covers/ES-007-OL353542M.jpeg,RECOVERED,OPEN_LIBRARY_EDITION:number_of_pages
ES,INITIAL,8,SPANISH_CANON,Pedro Calderón de la Barca,La vida es sueño,/works/OL22161450W,/books/OL31048303M,La vida es sueño,spa,9788497404105,Editorial Castalia,2012,285,14595213,VALID_COVER,data/audit/reconstruction-ES-candidate-covers/ES-008-OL31048303M.jpeg,RECOVERED,OPEN_LIBRARY_EDITION:number_of_pages
ES,INITIAL,9,SPANISH_CANON,Pedro Calderón de la Barca,El alcalde de Zalamea,/works/OL10252233W,/books/OL22158214M,El alcalde de Zalamea,spa,8420727776,Anaya,1987,,5258940,VALID_COVER,data/audit/reconstruction-ES-candidate-covers/ES-009-OL22158214M.jpeg,NO_PAGE_COUNT,
ES,INITIAL,10,SPANISH_CANON,Pedro Calderón de la Barca,El gran teatro del mundo,/works/OL9114919W,/books/OL4840103M,El gran teatro del mundo,spa,8437600294,Ediciones Cátedra,1974,156,1047420,VALID_COVER,data/audit/reconstruction-ES-candidate-covers/ES-010-OL4840103M.jpeg,RECOVERED,OPEN_LIBRARY_EDITION:number_of_pages
ES,INITIAL,11,SPANISH_CANON,Tirso de Molina,El burlador de Sevilla,/works/OL638607W,/books/OL317343M,El burlador de Sevilla y convidado de piedra,spa,8470397737,Editorial Castalia,1997,231,11022292,VALID_COVER,data/audit/reconstruction-ES-candidate-covers/ES-011-OL317343M.jpeg,RECOVERED,OPEN_LIBRARY_EDITION:number_of_pages
ES,INITIAL,12,SPANISH_CANON,Fernando de Rojas,La Celestina,/works/OL8302251W,/books/OL13234064M,LA Celestina,spa,9788432069802,"Espasa Calpe Mexicana, S.A.",September 1995,,12667644,VALID_COVER,data/audit/reconstruction-ES-candidate-covers/ES-012-OL13234064M.jpeg,NO_PAGE_COUNT,
ES,INITIAL,13,SPANISH_CANON,Garcilaso de la Vega,Églogas,/works/OL9008675W,/books/OL13365123M,Églogas,spa,9788498162394,Linkgua S.L.,"January 1, 2007",108,3335736,VALID_COVER,data/audit/reconstruction-ES-candidate-covers/ES-013-OL13365123M.jpeg,RECOVERED,OPEN_LIBRARY_EDITION:number_of_pages
ES,INITIAL,14,SPANISH_CANON,San Juan de la Cruz,Cántico espiritual,/works/OL9122588W,/books/OL9153812M,Cantico espiritual,spa,9788496290174,Linkgua US,"January 24, 2007",220,2273042,VALID_COVER,data/audit/reconstruction-ES-candidate-covers/ES-014-OL9153812M.jpeg,RECOVERED,OPEN_LIBRARY_EDITION:number_of_pages
ES,INITIAL,17,SPANISH_CANON,Francisco de Quevedo,Sueños,/works/OL144959W,/books/OL1523600M,Sueños y discursos,spa,8470396641,Editorial Castalia,1993,1786,3960936,VALID_COVER,data/audit/reconstruction-ES-candidate-covers/ES-017-OL1523600M.jpeg,RECOVERED,OPEN_LIBRARY_EDITION:number_of_pages
ES,INITIAL,18,SPANISH_CANON,Luis de Góngora,Soledades,/works/OL9114997W,/books/OL9130082M,Soledades / Loneliness,spa,9788437601991,Ediciones Catedra S.A.,"June 30, 2004",174,2270380,VALID_COVER,data/audit/reconstruction-ES-candidate-covers/ES-018-OL9130082M.jpeg,RECOVERED,OPEN_LIBRARY_EDITION:number_of_pages
ES,INITIAL,19,SPANISH_CANON,Luis de Góngora,Fábula de Polifemo y Galatea,/works/OL2208037W,/books/OL3235091M,Fábula de Polifemo y Galatea,spa,843760379X,Cátedra,1983,173,4909765,VALID_COVER,data/audit/reconstruction-ES-candidate-covers/ES-019-OL3235091M.jpeg,RECOVERED,OPEN_LIBRARY_EDITION:number_of_pages
ES,INITIAL,20,SPANISH_CANON,José Cadalso,Cartas marruecas,/works/OL7567258W,/books/OL22450063M,Cartas marruecas / Noches lúgubres,spa,8437601452,Cátedra,1981,348,9246576,VALID_COVER,data/audit/reconstruction-ES-candidate-covers/ES-020-OL22450063M.jpeg,RECOVERED,OPEN_LIBRARY_EDITION:number_of_pages
ES,INITIAL,21,SPANISH_CANON,Leandro Fernández de Moratín,El sí de las niñas,/works/OL9117884W,/books/OL13056777M,El Si de Las Ninas,spa,9789561313767,Andres Bello,September 1998,,14632569,VALID_COVER,data/audit/reconstruction-ES-candidate-covers/ES-021-OL13056777M.jpeg,NO_PAGE_COUNT,
ES,INITIAL,22,SPANISH_CANON,Gustavo Adolfo Bécquer,Rimas y leyendas,/works/OL23779668W,/books/OL35328792M,Rimas y leyendas,spa,9789706271228,Época,1997,270,12146387,VALID_COVER,data/audit/reconstruction-ES-candidate-covers/ES-022-OL35328792M.jpeg,RECOVERED,OPEN_LIBRARY_EDITION:number_of_pages
ES,INITIAL,23,SPANISH_CANON,Benito Pérez Galdós,Fortunata y Jacinta,/works/OL815451W,/books/OL17918771M,Fortunata y Jacinta,spa | eng,8430621695,Taurus,1986,409,5388859,VALID_COVER,data/audit/reconstruction-ES-candidate-covers/ES-023-OL17918771M.jpeg,RECOVERED,OPEN_LIBRARY_EDITION:number_of_pages
ES,INITIAL,24,SPANISH_CANON,Benito Pérez Galdós,Misericordia,/works/OL7999209W,/books/OL9149202M,Misericordia,spa,9789561311824,Edicomunicacion,February 1998,,4916067,VALID_COVER,data/audit/reconstruction-ES-candidate-covers/ES-024-OL9149202M.jpeg,NO_PAGE_COUNT,
ES,INITIAL,25,SPANISH_CANON,Benito Pérez Galdós,Doña Perfecta,/works/OL16251424W,/books/OL22124910M,Dona Perfecta,spa,,D.C. Heath and company,1940,200,11010753,VALID_COVER,data/audit/reconstruction-ES-candidate-covers/ES-025-OL22124910M.jpeg,RECOVERED,OPEN_LIBRARY_EDITION:number_of_pages
ES,INITIAL,26,SPANISH_CANON,Benito Pérez Galdós,Tristana,/works/OL815443W,/books/OL14637522M,Tristana,spa,,Impr. de la Guirnalda,1892,252,9540696,VALID_COVER,data/audit/reconstruction-ES-candidate-covers/ES-026-OL14637522M.jpeg,RECOVERED,OPEN_LIBRARY_EDITION:number_of_pages
ES,INITIAL,28,SPANISH_CANON,Emilia Pardo Bazán,Los pazos de Ulloa,/works/OL637777W,/books/OL16169748M,Los Pazos de Ulloa,spa,0821911295,Universidad de Salamanca,1994,120,6661403,VALID_COVER,data/audit/reconstruction-ES-candidate-covers/ES-028-OL16169748M.jpeg,RECOVERED,OPEN_LIBRARY_EDITION:number_of_pages
ES,INITIAL,29,SPANISH_CANON,Emilia Pardo Bazán,La madre naturaleza,/works/OL637715W,/books/OL23309112M,La madre naturaleza,spa,,V. Prieto y Compañia,1910,375,6528155,VALID_COVER,data/audit/reconstruction-ES-candidate-covers/ES-029-OL23309112M.jpeg,RECOVERED,OPEN_LIBRARY_EDITION:number_of_pages
ES,INITIAL,30,SPANISH_CANON,Vicente Blasco Ibáñez,La barraca,/works/OL8253743W,/books/OL13192527M,La Barraca/ The Shack,spa,9788420657844,Alianza Editorial,"June 30, 2004",198,5258705,VALID_COVER,data/audit/reconstruction-ES-candidate-covers/ES-030-OL13192527M.jpeg,RECOVERED,OPEN_LIBRARY_EDITION:number_of_pages
ES,INITIAL,31,SPANISH_CANON,Vicente Blasco Ibáñez,Cañas y barro,/works/OL12416301W,/books/OL18444312M,Cañas y Barro,spa,8481302600,Bibliotex,2011,,7387161,VALID_COVER,data/audit/reconstruction-ES-candidate-covers/ES-031-OL18444312M.jpeg,NO_PAGE_COUNT,
ES,INITIAL,32,SPANISH_CANON,Miguel de Unamuno,Niebla,/works/OL9124012W,/books/OL9199641M,Niebla,spa,9789871187201,Terramar Ediciones,July 2005,239,1055752,VALID_COVER,data/audit/reconstruction-ES-candidate-covers/ES-032-OL9199641M.jpeg,RECOVERED,OPEN_LIBRARY_EDITION:number_of_pages
ES,INITIAL,33,SPANISH_CANON,Miguel de Unamuno,"San Manuel Bueno, mártir",/works/OL503616W,/books/OL25002204M,"San Manuel Bueno, mártir",spa | eng,9781589770591,Cervantes & Co,2009,101,13346195,VALID_COVER,data/audit/reconstruction-ES-candidate-covers/ES-033-OL25002204M.jpeg,RECOVERED,OPEN_LIBRARY_EDITION:number_of_pages
ES,INITIAL,34,SPANISH_CANON,Miguel de Unamuno,Abel Sánchez,/works/OL9124014W,/books/OL13198361M,Abel Sanchez,spa,9789872160340,Santiago Rueda,December 2004,95,3360362,VALID_COVER,data/audit/reconstruction-ES-candidate-covers/ES-034-OL13198361M.jpeg,RECOVERED,OPEN_LIBRARY_EDITION:number_of_pages
ES,INITIAL,35,SPANISH_CANON,Pío Baroja,El árbol de la ciencia,/works/OL745027W,/books/OL11040483M,El árbol de la ciencia,spa,9780785950073,French & European Publications,1990,256,15153890,VALID_COVER,data/audit/reconstruction-ES-candidate-covers/ES-035-OL11040483M.jpeg,RECOVERED,OPEN_LIBRARY_EDITION:number_of_pages
ES,INITIAL,37,SPANISH_CANON,Ramón del Valle-Inclán,Luces de bohemia,/works/OL26419966W,/books/OL10293903M,Luces De Bohemia = Bohemian Lights,eng | spa,9780292746107,Univ of Texas Press,June 1976,266,10577773,VALID_COVER,data/audit/reconstruction-ES-candidate-covers/ES-037-OL10293903M.jpeg,RECOVERED,OPEN_LIBRARY_EDITION:number_of_pages
ES,INITIAL,39,SPANISH_CANON,Antonio Machado,Campos de Castilla,/works/OL6359127W,/books/OL9130317M,Campos de Castilla,spa,9788437608662,Ediciones Catedra S.A.,"June 30, 2006",298,1047499,VALID_COVER,data/audit/reconstruction-ES-candidate-covers/ES-039-OL9130317M.jpeg,RECOVERED,OPEN_LIBRARY_EDITION:number_of_pages
ES,INITIAL,40,SPANISH_CANON,Antonio Machado,"Soledades, galerías y otros poemas",/works/OL1344066W,/books/OL33212864M,"Soledades, Galerías y otros poemas",spa,,Calpe,1919,85,11923533,VALID_COVER,data/audit/reconstruction-ES-candidate-covers/ES-040-OL33212864M.jpeg,RECOVERED,OPEN_LIBRARY_EDITION:number_of_pages
ES,INITIAL,41,SPANISH_CANON,Juan Ramón Jiménez,Platero y yo,/works/OL27155514W,/books/OL13276149M,Platero y yo,spa,9788466751865,Anaya,2006,64,7289997,VALID_COVER,data/audit/reconstruction-ES-candidate-covers/ES-041-OL13276149M.jpeg,RECOVERED,OPEN_LIBRARY_EDITION:number_of_pages
ES,INITIAL,42,SPANISH_CANON,Juan Ramón Jiménez,Diario de un poeta recién casado,/works/OL17000421W,/books/OL25574583M,Diario de un poeta recién casado (1916),spa,,Casa Editorial Calleja,1917,281,9721227,VALID_COVER,data/audit/reconstruction-ES-candidate-covers/ES-042-OL25574583M.jpeg,RECOVERED,OPEN_LIBRARY_EDITION:number_of_pages
ES,INITIAL,43,SPANISH_CANON,Federico García Lorca,Romancero gitano,/works/OL29858167W,/books/OL41241592M,Romancero Gitano,spa,9781081253707,Independently Published,2019,56,15098226,VALID_COVER,data/audit/reconstruction-ES-candidate-covers/ES-043-OL41241592M.jpeg,RECOVERED,OPEN_LIBRARY_EDITION:pagination
ES,INITIAL,44,SPANISH_CANON,Federico García Lorca,La casa de Bernarda Alba,/works/OL10342793W,/books/OL13273456M,LA Casa De Bernarda Alba,spa,9788449411359,Losada,July 2000,144,5268227,VALID_COVER,data/audit/reconstruction-ES-candidate-covers/ES-044-OL13273456M.jpeg,RECOVERED,OPEN_LIBRARY_EDITION:number_of_pages
ES,INITIAL,45,SPANISH_CANON,Federico García Lorca,Bodas de sangre,/works/OL10342794W,/books/OL39203840M,Bodas de sangre,spa | eng,9781589770874,Cervantes & Co.,2011,125,15251274,VALID_COVER,data/audit/reconstruction-ES-candidate-covers/ES-045-OL39203840M.jpeg,RECOVERED,OPEN_LIBRARY_EDITION:number_of_pages
ES,INITIAL,47,LATIN_AMERICAN_CANON,Jorge Luis Borges,El Aleph,/works/OL110969W,/books/OL37789016M,El Aleph,spa,9788495594112,Sol 90,2000,140,14826417,VALID_COVER,data/audit/reconstruction-ES-candidate-covers/ES-047-OL37789016M.jpeg,RECOVERED,OPEN_LIBRARY_EDITION:number_of_pages
ES,INITIAL,48,LATIN_AMERICAN_CANON,Jorge Luis Borges,Historia universal de la infamia,/works/OL110966W,/books/OL13191337M,Historia universal de la infamia,spa,9788420613536,Alianza Editorial,1991,139,11422385,VALID_COVER,data/audit/reconstruction-ES-candidate-covers/ES-048-OL13191337M.jpeg,RECOVERED,OPEN_LIBRARY_EDITION:number_of_pages
ES,INITIAL,49,LATIN_AMERICAN_CANON,Julio Cortázar,Rayuela,/works/OL14860424W,/books/OL47684105M,Rayuela,spa,9789681902001,Alfaguara,2000,600,15103307,VALID_COVER,data/audit/reconstruction-ES-candidate-covers/ES-049-OL47684105M.jpeg,RECOVERED,OPEN_LIBRARY_EDITION:number_of_pages
ES,INITIAL,50,LATIN_AMERICAN_CANON,Julio Cortázar,Bestiario,/works/OL14860383W,/books/OL5277374M,"Relatos: Bestiario, 1951.",spa,,Editorial Sudamericana,1970,647,9789900,VALID_COVER,data/audit/reconstruction-ES-candidate-covers/ES-050-OL5277374M.jpeg,RECOVERED,OPEN_LIBRARY_EDITION:number_of_pages
ES,INITIAL,51,LATIN_AMERICAN_CANON,Julio Cortázar,Final del juego,/works/OL276963W,/books/OL25570054M,Final del juego,spa,,Editorial Sudamericana,1974,195,9625010,VALID_COVER,data/audit/reconstruction-ES-candidate-covers/ES-051-OL25570054M.jpeg,RECOVERED,OPEN_LIBRARY_EDITION:number_of_pages
ES,INITIAL,52,LATIN_AMERICAN_CANON,Gabriel García Márquez,Cien años de soledad,/works/OL28027117W,/books/OL9153311M,Cien anos de soledad,spa,9788495761378,Ediciones Norte,"April 1, 2004",118,4918600,VALID_COVER,data/audit/reconstruction-ES-candidate-covers/ES-052-OL9153311M.jpeg,RECOVERED,OPEN_LIBRARY_EDITION:number_of_pages
ES,INITIAL,53,LATIN_AMERICAN_CANON,Gabriel García Márquez,El coronel no tiene quien le escriba,/works/OL20800146W,/books/OL1326812M,El coronel no tiene quien le escriba ; Cien años de soledad,spa,9802761109,Biblioteca Ayacucho,1989,360,3921791,VALID_COVER,data/audit/reconstruction-ES-candidate-covers/ES-053-OL1326812M.jpeg,RECOVERED,OPEN_LIBRARY_EDITION:number_of_pages
ES,INITIAL,54,LATIN_AMERICAN_CANON,Gabriel García Márquez,Crónica de una muerte anunciada,/works/OL274574W,/books/OL9724283M,Crónica de una muerte anunciada,spa | eng,0801315891,Longman,1996,141,8489909,VALID_COVER,data/audit/reconstruction-ES-candidate-covers/ES-054-OL9724283M.jpeg,RECOVERED,OPEN_LIBRARY_EDITION:number_of_pages
ES,INITIAL,55,LATIN_AMERICAN_CANON,Gabriel García Márquez,El amor en los tiempos del cólera,/works/OL274518W,/books/OL39225070M,El amor en los tiempos del cólera,spa,9972402323,Peisa,2002,,15224051,VALID_COVER,data/audit/reconstruction-ES-candidate-covers/ES-055-OL39225070M.jpeg,NO_PAGE_COUNT,
ES,INITIAL,56,LATIN_AMERICAN_CANON,Mario Vargas Llosa,La ciudad y los perros,/works/OL857544W,/books/OL12986660M,La ciudad y los perros,spa,8432220639,Seix Barral,1985,351,12518806,VALID_COVER,data/audit/reconstruction-ES-candidate-covers/ES-056-OL12986660M.jpeg,RECOVERED,OPEN_LIBRARY_EDITION:number_of_pages
ES,INITIAL,57,LATIN_AMERICAN_CANON,Mario Vargas Llosa,La casa verde,/works/OL857541W,/books/OL26570367M,La casa verde,spa,,Seix Barral,1968,430,10053046,VALID_COVER,data/audit/reconstruction-ES-candidate-covers/ES-057-OL26570367M.jpeg,RECOVERED,OPEN_LIBRARY_EDITION:number_of_pages
ES,INITIAL,58,LATIN_AMERICAN_CANON,Mario Vargas Llosa,Conversación en La Catedral,/works/OL857552W,/books/OL9548770M,Conversación en La Catedral,spa,9789681905859,Alfaguara,July 1999,500,2295281,VALID_COVER,data/audit/reconstruction-ES-candidate-covers/ES-058-OL9548770M.jpeg,RECOVERED,OPEN_LIBRARY_EDITION:number_of_pages
ES,INITIAL,60,LATIN_AMERICAN_CANON,Juan Rulfo,Pedro Páramo,/works/OL1731094W,/books/OL14419991M,Obra completa,spa,8466001417,Biblioteca Ayacucho,1985,299,5290983,VALID_COVER,data/audit/reconstruction-ES-candidate-covers/ES-060-OL14419991M.jpeg,RECOVERED,OPEN_LIBRARY_EDITION:number_of_pages
ES,INITIAL,61,LATIN_AMERICAN_CANON,Juan Rulfo,El llano en llamas,/works/OL1731074W,/books/OL18371505M,El llano en llamas,eng | spa,9681602072,Fondo de Cultura Economica,1953,191,14952973,VALID_COVER,data/audit/reconstruction-ES-candidate-covers/ES-061-OL18371505M.jpeg,RECOVERED,OPEN_LIBRARY_EDITION:number_of_pages
ES,INITIAL,62,LATIN_AMERICAN_CANON,Alejo Carpentier,El reino de este mundo,/works/OL17680024W,/books/OL26283381M,El reino de este mundo,spa,,Edhasa,1979,,15122610,VALID_COVER,data/audit/reconstruction-ES-candidate-covers/ES-062-OL26283381M.jpeg,NO_PAGE_COUNT,
ES,INITIAL,64,LATIN_AMERICAN_CANON,Miguel Ángel Asturias,El señor Presidente,/works/OL11019086W,/books/OL14419994M,Tres obras,spa,8466001409,Biblioteca Ayacucho,1985,573,9889139,VALID_COVER,data/audit/reconstruction-ES-candidate-covers/ES-064-OL14419994M.jpeg,RECOVERED,OPEN_LIBRARY_EDITION:number_of_pages
ES,INITIAL,65,LATIN_AMERICAN_CANON,Miguel Ángel Asturias,Hombres de maíz,/works/OL17717451W,/books/OL26318832M,Hombres de maíz,spa,9788492589975,Leer-e,2010,,7993378,VALID_COVER,data/audit/reconstruction-ES-candidate-covers/ES-065-OL26318832M.jpeg,NO_PAGE_COUNT,
ES,INITIAL,66,LATIN_AMERICAN_CANON,Rómulo Gallegos,Doña Bárbara,/works/OL1277046W,/books/OL17101420M,Doña Bárbara,spa,9780307472304,Random House,2008,,9850833,VALID_COVER,data/audit/reconstruction-ES-candidate-covers/ES-066-OL17101420M.jpeg,NO_PAGE_COUNT,
ES,INITIAL,67,LATIN_AMERICAN_CANON,José Eustasio Rivera,La vorágine,/works/OL10341971W,/books/OL14419993M,La vorágine,spa,8466001387,Biblioteca Ayacucho,1985,295,5291169,VALID_COVER,data/audit/reconstruction-ES-candidate-covers/ES-067-OL14419993M.jpeg,RECOVERED,OPEN_LIBRARY_EDITION:number_of_pages
ES,INITIAL,68,LATIN_AMERICAN_CANON,Horacio Quiroga,Cuentos de amor de locura y de muerte,/works/OL830685W,/books/OL5187026M,Cuentos de amor,spa,,Editorial Losada,1969,170,6997323,VALID_COVER,data/audit/reconstruction-ES-candidate-covers/ES-068-OL5187026M.jpeg,RECOVERED,OPEN_LIBRARY_EDITION:number_of_pages
ES,INITIAL,69,LATIN_AMERICAN_CANON,Horacio Quiroga,Cuentos de la selva,/works/OL830719W,/books/OL13166878M,Cuentos De La Selva,spa,9789806423862,Nacional El Editorial,April 2001,98,5254906,VALID_COVER,data/audit/reconstruction-ES-candidate-covers/ES-069-OL13166878M.jpeg,RECOVERED,OPEN_LIBRARY_EDITION:number_of_pages
ES,INITIAL,70,LATIN_AMERICAN_CANON,Rubén Darío,Azul...,/works/OL15239288W,/books/OL550212M,Azul--,spa,843761371X,Cátedra,1995,466,4908535,VALID_COVER,data/audit/reconstruction-ES-candidate-covers/ES-070-OL550212M.jpeg,RECOVERED,OPEN_LIBRARY_EDITION:number_of_pages
ES,INITIAL,71,LATIN_AMERICAN_CANON,Rubén Darío,Prosas profanas,/works/OL15239101W,/books/OL17934439M,Azul ; Prosas profanas,spa,8420512001,Alhambra,1985,260,5388749,VALID_COVER,data/audit/reconstruction-ES-candidate-covers/ES-071-OL17934439M.jpeg,RECOVERED,OPEN_LIBRARY_EDITION:number_of_pages
ES,INITIAL,72,LATIN_AMERICAN_CANON,Pablo Neruda,Veinte poemas de amor y una canción desesperada,/works/OL979517W,/books/OL18371347M,Veinte poemas de amor y una cancion desesperada,spa,8432203270,Seix Barral,1992,53,15091373,VALID_COVER,data/audit/reconstruction-ES-candidate-covers/ES-072-OL18371347M.jpeg,RECOVERED,OPEN_LIBRARY_EDITION:number_of_pages
ES,INITIAL,73,LATIN_AMERICAN_CANON,Pablo Neruda,Residencia en la tierra,/works/OL979744W,/books/OL5310011M,Residence on earth (Residencia en la tierra).,eng | spa,0811204669,New Directions Pub. Corp.,1973,359,4501403,VALID_COVER,data/audit/reconstruction-ES-candidate-covers/ES-073-OL5310011M.jpeg,RECOVERED,OPEN_LIBRARY_EDITION:number_of_pages
ES,INITIAL,74,LATIN_AMERICAN_CANON,Gabriela Mistral,Desolación,/works/OL574386W,/books/OL15462921M,Desolacion ; Ternura ; Tala ; Lugar,spa,9684322801,Editorial Porrua,1998,251,5309026,VALID_COVER,data/audit/reconstruction-ES-candidate-covers/ES-074-OL15462921M.jpeg,RECOVERED,OPEN_LIBRARY_EDITION:number_of_pages
ES,INITIAL,75,LATIN_AMERICAN_CANON,Gabriela Mistral,Tala,/works/OL574385W,/books/OL6037428M,Tala,spa,,Editorial Losada,1946,163,9725148,VALID_COVER,data/audit/reconstruction-ES-candidate-covers/ES-075-OL6037428M.jpeg,RECOVERED,OPEN_LIBRARY_EDITION:number_of_pages
ES,INITIAL,76,LATIN_AMERICAN_CANON,César Vallejo,Los heraldos negros,/works/OL990923W,/books/OL829170M,Los heraldos negros,spa,8479790296,Anaya & M. Muchnik,1992,140,3824706,VALID_COVER,data/audit/reconstruction-ES-candidate-covers/ES-076-OL829170M.jpeg,RECOVERED,OPEN_LIBRARY_EDITION:number_of_pages
ES,INITIAL,77,LATIN_AMERICAN_CANON,César Vallejo,Trilce,/works/OL990922W,/books/OL1710586M,Trilce,eng | spa,1878818120,Sheep Meadow Press,1992,171,924846,VALID_COVER,data/audit/reconstruction-ES-candidate-covers/ES-077-OL1710586M.jpeg,RECOVERED,OPEN_LIBRARY_EDITION:number_of_pages
ES,INITIAL,78,LATIN_AMERICAN_CANON,Octavio Paz,El laberinto de la soledad,/works/OL743255W,/books/OL13241483M,El Laberinto De LA Soledad,spa,9788437501789,Lectorum Pubns Inc (J),June 1983,,3327237,VALID_COVER,data/audit/reconstruction-ES-candidate-covers/ES-078-OL13241483M.jpeg,NO_PAGE_COUNT,
ES,INITIAL,79,LATIN_AMERICAN_CANON,Octavio Paz,Piedra de sol,/works/OL743248W,/books/OL1550306M,Sunstone =,eng | spa,0811211975,New Directions Pub. Corp.,1991,59,4704563,VALID_COVER,data/audit/reconstruction-ES-candidate-covers/ES-079-OL1550306M.jpeg,RECOVERED,OPEN_LIBRARY_EDITION:number_of_pages
ES,INITIAL,80,LATIN_AMERICAN_CANON,José Martí,Versos sencillos,/works/OL10342126W,/books/OL22995735M,Versos sencillos,spa,9591000731,Editorial Letras Cubanas,1993,71,14585816,VALID_COVER,data/audit/reconstruction-ES-candidate-covers/ES-080-OL22995735M.jpeg,RECOVERED,OPEN_LIBRARY_EDITION:number_of_pages
ES,INITIAL,81,LATIN_AMERICAN_CANON,José Martí,Nuestra América,/works/OL7503488W,/books/OL11756130M,Nuestra América,spa,9781414700953,Athena Books,"June 10, 2004",220,2785924,VALID_COVER,data/audit/reconstruction-ES-candidate-covers/ES-081-OL11756130M.jpeg,RECOVERED,OPEN_LIBRARY_EDITION:number_of_pages
ES,INITIAL,82,LATIN_AMERICAN_CANON,Adolfo Bioy Casares,La invención de Morel,/works/OL14944491W,/books/OL32114260M,La invención de Morel,spa,9789500426831,Emecé,2005,173,10774384,VALID_COVER,data/audit/reconstruction-ES-candidate-covers/ES-082-OL32114260M.jpeg,RECOVERED,OPEN_LIBRARY_EDITION:number_of_pages
ES,INITIAL,83,LATIN_AMERICAN_CANON,Silvina Ocampo,La furia,/works/OL877128W,/books/OL12956463M,La furia y otros cuentos/ The Fury and Other Stories,spa,9789500727846,Sudamericana,"November 30, 2006",278,3345418,VALID_COVER,data/audit/reconstruction-ES-candidate-covers/ES-083-OL12956463M.jpeg,RECOVERED,OPEN_LIBRARY_EDITION:number_of_pages
ES,INITIAL,84,LATIN_AMERICAN_CANON,Ernesto Sábato,El túnel,/works/OL31698831W,/books/OL43384183M,El túnel / Sobre héroes y tumbas,spa,8432224197,Seix Barral,1985,,13028842,VALID_COVER,data/audit/reconstruction-ES-candidate-covers/ES-084-OL43384183M.jpeg,NO_PAGE_COUNT,
ES,INITIAL,86,LATIN_AMERICAN_CANON,Augusto Roa Bastos,Yo el Supremo,/works/OL19744887W,/books/OL26957954M,"Yo, el Supremo",spa,9788420479774,Real Academia Española,2017,785,14537201,VALID_COVER,data/audit/reconstruction-ES-candidate-covers/ES-086-OL26957954M.jpeg,RECOVERED,OPEN_LIBRARY_EDITION:number_of_pages
ES,INITIAL,87,LATIN_AMERICAN_CANON,Carlos Fuentes,La muerte de Artemio Cruz,/works/OL872098W,/books/OL13118176M,La Muerte de Artemio Cruz,spa,9789681907266,Santillana USA Publishing Company,June 2001,444,10659909,VALID_COVER,data/audit/reconstruction-ES-candidate-covers/ES-087-OL13118176M.jpeg,RECOVERED,OPEN_LIBRARY_EDITION:number_of_pages
ES,INITIAL,88,LATIN_AMERICAN_CANON,Carlos Fuentes,Aura,/works/OL872225W,/books/OL7424009M,Aura,eng | spa,9780374511715,"Farrar, Straus and Giroux",1986,160,224610,VALID_COVER,data/audit/reconstruction-ES-candidate-covers/ES-088-OL7424009M.jpeg,RECOVERED,OPEN_LIBRARY_EDITION:number_of_pages
ES,INITIAL,89,LATIN_AMERICAN_CANON,José Donoso,El obsceno pájaro de la noche,/works/OL17920438W,/books/OL26494195M,El obsceno pájaro de la noche,spa,8481303283,"Bibliotex, S.L. (Biblioteca El Mundo)",2001,415,8245143,VALID_COVER,data/audit/reconstruction-ES-candidate-covers/ES-089-OL26494195M.jpeg,RECOVERED,OPEN_LIBRARY_EDITION:number_of_pages
ES,INITIAL,90,LATIN_AMERICAN_CANON,Manuel Puig,Boquitas pintadas,/works/OL10443956W,/books/OL22198629M,Boquitas pintadas,spa,8432230049,Seix Barral,1989,258,14578626,VALID_COVER,data/audit/reconstruction-ES-candidate-covers/ES-090-OL22198629M.jpeg,RECOVERED,OPEN_LIBRARY_EDITION:number_of_pages
ES,INITIAL,91,SPAIN_MODERN_CONTEMPORARY,Camilo José Cela,La familia de Pascual Duarte,/works/OL8688184W,/books/OL9117936M,La Familia De Pascual Duarte,spa,9788423307326,Continental Book Company,"July 1, 1993",188,1046883,VALID_COVER,data/audit/reconstruction-ES-candidate-covers/ES-091-OL9117936M.jpeg,RECOVERED,OPEN_LIBRARY_EDITION:number_of_pages
ES,INITIAL,92,SPAIN_MODERN_CONTEMPORARY,Camilo José Cela,La colmena,/works/OL20047953W,/books/OL27227978M,La colmena,spa,9788420420684,Real Academia Española,2016,511,13822959,VALID_COVER,data/audit/reconstruction-ES-candidate-covers/ES-092-OL27227978M.jpeg,RECOVERED,OPEN_LIBRARY_EDITION:number_of_pages
ES,INITIAL,94,SPAIN_MODERN_CONTEMPORARY,Ana María Matute,Primera memoria,/works/OL979974W,/books/OL26561806M,Primera memoria,spa,,,1964,245,9484893,VALID_COVER,data/audit/reconstruction-ES-candidate-covers/ES-094-OL26561806M.jpeg,RECOVERED,OPEN_LIBRARY_EDITION:number_of_pages
ES,INITIAL,95,SPAIN_MODERN_CONTEMPORARY,Ana María Matute,Olvidado rey Gudú,/works/OL19079991W,/books/OL26739754M,Olvidado Rey Gudú,spa,9788423974993,Austral,2001,938,8396583,VALID_COVER,data/audit/reconstruction-ES-candidate-covers/ES-095-OL26739754M.jpeg,RECOVERED,OPEN_LIBRARY_EDITION:number_of_pages
ES,INITIAL,96,SPAIN_MODERN_CONTEMPORARY,Carmen Martín Gaite,Entre visillos,/works/OL17956667W,/books/OL45666498M,Entre visillos,spa,,Destino,1958,256,15242186,VALID_COVER,data/audit/reconstruction-ES-candidate-covers/ES-096-OL45666498M.jpeg,RECOVERED,OPEN_LIBRARY_EDITION:number_of_pages
ES,INITIAL,97,SPAIN_MODERN_CONTEMPORARY,Carmen Martín Gaite,El cuarto de atrás,/works/OL19121884W,/books/OL14672181M,El cuarto de atrás,spa,8487007457,iberCaja,1991,76,14563055,VALID_COVER,data/audit/reconstruction-ES-candidate-covers/ES-097-OL14672181M.jpeg,RECOVERED,OPEN_LIBRARY_EDITION:number_of_pages
ES,INITIAL,98,SPAIN_MODERN_CONTEMPORARY,Juan Goytisolo,Señas de identidad,/works/OL915704W,/books/OL9381001M,Senas de Identidad,spa,9788439701088,Mondadori (IT),November 1998,,4969745,VALID_COVER,data/audit/reconstruction-ES-candidate-covers/ES-098-OL9381001M.jpeg,NO_PAGE_COUNT,
ES,INITIAL,99,SPAIN_MODERN_CONTEMPORARY,Juan Marsé,Últimas tardes con Teresa,/works/OL10788926W,/books/OL26549795M,Últimas tardes con Teresa,spa,,Editorial Seix Barral,1966,334,9506653,VALID_COVER,data/audit/reconstruction-ES-candidate-covers/ES-099-OL26549795M.jpeg,RECOVERED,OPEN_LIBRARY_EDITION:number_of_pages
ES,INITIAL,100,SPAIN_MODERN_CONTEMPORARY,Juan Marsé,Si te dicen que caí,/works/OL1413203W,/books/OL24766491M,The fallen,eng | spa,9780316546768,"Little, Brown",1979,334,6820343,VALID_COVER,data/audit/reconstruction-ES-candidate-covers/ES-100-OL24766491M.jpeg,RECOVERED,OPEN_LIBRARY_EDITION:number_of_pages
ES,INITIAL,102,SPAIN_MODERN_CONTEMPORARY,Miguel Delibes,Los santos inocentes,/works/OL1338306W,/books/OL13189467M,Los santos inocentes,spa,9788408061878,Planeta,2007,176,3324809,VALID_COVER,data/audit/reconstruction-ES-candidate-covers/ES-102-OL13189467M.jpeg,RECOVERED,OPEN_LIBRARY_EDITION:number_of_pages
ES,INITIAL,103,SPAIN_MODERN_CONTEMPORARY,Miguel Delibes,Cinco horas con Mario,/works/OL1338173W,/books/OL32980157M,Cinco horas con Mario,spa,,Destino,1967,296,11604428,VALID_COVER,data/audit/reconstruction-ES-candidate-covers/ES-103-OL32980157M.jpeg,RECOVERED,OPEN_LIBRARY_EDITION:number_of_pages
ES,INITIAL,104,SPAIN_MODERN_CONTEMPORARY,Javier Marías,Corazón tan blanco,/works/OL953028W,/books/OL25376798M,Corazón tan blanco,spa,9780307951380,Vintage Español,2012,,15122516,VALID_COVER,data/audit/reconstruction-ES-candidate-covers/ES-104-OL25376798M.jpeg,NO_PAGE_COUNT,
ES,INITIAL,105,SPAIN_MODERN_CONTEMPORARY,Javier Marías,Mañana en la batalla piensa en mí,/works/OL953050W,/books/OL876573M,Mañana en la batalla piensa en mí,spa,8433909681,Anagrama,1994,367,10671895,VALID_COVER,data/audit/reconstruction-ES-candidate-covers/ES-105-OL876573M.jpeg,RECOVERED,OPEN_LIBRARY_EDITION:number_of_pages
ES,INITIAL,106,SPAIN_MODERN_CONTEMPORARY,Antonio Muñoz Molina,El invierno en Lisboa,/works/OL704390W,/books/OL9121163M,El invierno en Lisboa,spa,9788432245930,Planeta Pub Corp,September 1995,187,4905004,VALID_COVER,data/audit/reconstruction-ES-candidate-covers/ES-106-OL9121163M.jpeg,RECOVERED,OPEN_LIBRARY_EDITION:number_of_pages
ES,INITIAL,107,SPAIN_MODERN_CONTEMPORARY,Antonio Muñoz Molina,El jinete polaco,/works/OL704391W,/books/OL9116186M,El jinete polaco,spa,9788408040347,Planeta,2003,,2269351,VALID_COVER,data/audit/reconstruction-ES-candidate-covers/ES-107-OL9116186M.jpeg,NO_PAGE_COUNT,
ES,INITIAL,108,SPAIN_MODERN_CONTEMPORARY,Almudena Grandes,Las edades de Lulú,/works/OL12302188W,/books/OL17925928M,Las edades de Lulú,spa,8472233642,Tusquets,1989,260,15003477,VALID_COVER,data/audit/reconstruction-ES-candidate-covers/ES-108-OL17925928M.jpeg,RECOVERED,OPEN_LIBRARY_EDITION:number_of_pages
ES,INITIAL,109,SPAIN_MODERN_CONTEMPORARY,Almudena Grandes,El corazón helado,/works/OL2454380W,/books/OL18006401M,El corazón helado,spa,9788483103739,"TusQuets Editores, S.A.",2008,933,8099963,VALID_COVER,data/audit/reconstruction-ES-candidate-covers/ES-109-OL18006401M.jpeg,RECOVERED,OPEN_LIBRARY_EDITION:number_of_pages
ES,INITIAL,110,SPAIN_MODERN_CONTEMPORARY,Javier Cercas,Soldados de Salamina,/works/OL1647068W,/books/OL26381269M,Soldados de Salamina,spa,9788437637242,Cátedra,2017,450,8073124,VALID_COVER,data/audit/reconstruction-ES-candidate-covers/ES-110-OL26381269M.jpeg,RECOVERED,OPEN_LIBRARY_EDITION:number_of_pages
ES,INITIAL,111,SPAIN_MODERN_CONTEMPORARY,Rosa Montero,La loca de la casa,/works/OL991947W,/books/OL24911999M,La loca de la casa,spa,8420466646,Alfaguara,2003,271,12776187,VALID_COVER,data/audit/reconstruction-ES-candidate-covers/ES-111-OL24911999M.jpeg,RECOVERED,OPEN_LIBRARY_EDITION:number_of_pages
ES,INITIAL,112,SPAIN_MODERN_CONTEMPORARY,Eduardo Mendoza,La verdad sobre el caso Savolta,/works/OL2457396W,/books/OL51012468M,La verdad sobre el caso Savolta,spa,8423972860,Espasa-Calpe,1995,400,14578627,VALID_COVER,data/audit/reconstruction-ES-candidate-covers/ES-112-OL51012468M.jpeg,RECOVERED,OPEN_LIBRARY_EDITION:number_of_pages
ES,INITIAL,113,SPAIN_MODERN_CONTEMPORARY,Eduardo Mendoza,La ciudad de los prodigios,/works/OL17923935W,/books/OL35724824M,La ciudad de los prodigios,spa,9788432215407,Seix Barral,2000,475,12462003,VALID_COVER,data/audit/reconstruction-ES-candidate-covers/ES-113-OL35724824M.jpeg,RECOVERED,OPEN_LIBRARY_EDITION:number_of_pages
ES,INITIAL,115,SPAIN_MODERN_CONTEMPORARY,Arturo Pérez-Reverte,El club Dumas,/works/OL857568W,/books/OL35626625M,El club Dumas,spa,9788466320702,Punto de Lectura,"Jan 04, 2010",464,12333660,VALID_COVER,data/audit/reconstruction-ES-candidate-covers/ES-115-OL35626625M.jpeg,RECOVERED,OPEN_LIBRARY_EDITION:number_of_pages
ES,INITIAL,116,LATIN_AMERICA_MODERN_CONTEMPORARY,Isabel Allende,La casa de los espíritus,/works/OL1905255W,/books/OL58656056M,La casa de los espíritus,spa,,,1985,386,15215112,VALID_COVER,data/audit/reconstruction-ES-candidate-covers/ES-116-OL58656056M.jpeg,RECOVERED,OPEN_LIBRARY_EDITION:number_of_pages
ES,INITIAL,118,LATIN_AMERICA_MODERN_CONTEMPORARY,Roberto Bolaño,Los detectives salvajes,/works/OL712032W,/books/OL18587552M,Los detectives salvajes,spa,9788433966636,Anagrama,2005,609,15210072,VALID_COVER,data/audit/reconstruction-ES-candidate-covers/ES-118-OL18587552M.jpeg,RECOVERED,OPEN_LIBRARY_EDITION:number_of_pages
ES,INITIAL,120,LATIN_AMERICA_MODERN_CONTEMPORARY,Laura Esquivel,Como agua para chocolate,/works/OL953162W,/books/OL1677633M,Como agua para chocolate,spa,9789684061408,Editorial Planeta Mexicana,1996-05,244,12388144,VALID_COVER,data/audit/reconstruction-ES-candidate-covers/ES-120-OL1677633M.jpeg,RECOVERED,OPEN_LIBRARY_EDITION:number_of_pages
ES,INITIAL,121,LATIN_AMERICA_MODERN_CONTEMPORARY,Elena Poniatowska,La noche de Tlatelolco,/works/OL1871247W,/books/OL9174307M,La noche de Tlatelolco,spa,9789684112209,Giron Books,September 1999,288,10470526,VALID_COVER,data/audit/reconstruction-ES-candidate-covers/ES-121-OL9174307M.jpeg,RECOVERED,OPEN_LIBRARY_EDITION:number_of_pages
ES,INITIAL,122,LATIN_AMERICA_MODERN_CONTEMPORARY,Elena Poniatowska,Hasta no verte Jesús mío,/works/OL9137020W,/books/OL13191683M,Hasta No Verte Jesus Mio,spa,9788420631332,Alianza Editorial,June 1994,,6773035,VALID_COVER,data/audit/reconstruction-ES-candidate-covers/ES-122-OL13191683M.jpeg,NO_PAGE_COUNT,
ES,INITIAL,123,LATIN_AMERICA_MODERN_CONTEMPORARY,Gioconda Belli,La mujer habitada,/works/OL676251W,/books/OL20753943M,La mujer habitada,spa,8478882774,Emecé Editores,1996,458,4914034,VALID_COVER,data/audit/reconstruction-ES-candidate-covers/ES-123-OL20753943M.jpeg,RECOVERED,OPEN_LIBRARY_EDITION:number_of_pages
ES,INITIAL,124,LATIN_AMERICA_MODERN_CONTEMPORARY,Gioconda Belli,El país bajo mi piel,/works/OL676250W,/books/OL13186410M,El país Bajo mi piel,spa,9788401014338,"Plaza & Janes Editores, S.A.",2000,430,8063221,VALID_COVER,data/audit/reconstruction-ES-candidate-covers/ES-124-OL13186410M.jpeg,RECOVERED,OPEN_LIBRARY_EDITION:number_of_pages
ES,INITIAL,125,LATIN_AMERICA_MODERN_CONTEMPORARY,Álvaro Mutis,La nieve del almirante,/works/OL953874W,/books/OL2453953M,La nieve del almirante,spa,8420631760,Alianza,1986,145,8063655,VALID_COVER,data/audit/reconstruction-ES-candidate-covers/ES-125-OL2453953M.jpeg,RECOVERED,OPEN_LIBRARY_EDITION:number_of_pages
ES,INITIAL,126,LATIN_AMERICA_MODERN_CONTEMPORARY,Álvaro Mutis,Ilona llega con la lluvia,/works/OL953878W,/books/OL2102267M,Ilona llega con la lluvia,spa,8439712278,Mondadori,1988,140,9609366,VALID_COVER,data/audit/reconstruction-ES-candidate-covers/ES-126-OL2102267M.jpeg,RECOVERED,OPEN_LIBRARY_EDITION:number_of_pages
ES,INITIAL,127,LATIN_AMERICA_MODERN_CONTEMPORARY,Sergio Ramírez,"Margarita, está linda la mar",/works/OL2186718W,/books/OL452774M,"Margarita, está linda la mar",spa,8420483818,Santillana,1998,373,1046760,VALID_COVER,data/audit/reconstruction-ES-candidate-covers/ES-127-OL452774M.jpeg,RECOVERED,OPEN_LIBRARY_EDITION:number_of_pages
ES,INITIAL,128,LATIN_AMERICA_MODERN_CONTEMPORARY,Fernando Vallejo,La virgen de los sicarios,/works/OL2421156W,/books/OL9544837M,La Virgen de Los Sicarios/ Our Lady of the Assassins,spa,9788466368506,Punto de Lectura,"January 1, 2001",144,2270966,VALID_COVER,data/audit/reconstruction-ES-candidate-covers/ES-128-OL9544837M.jpeg,RECOVERED,OPEN_LIBRARY_EDITION:number_of_pages
ES,INITIAL,130,LATIN_AMERICA_MODERN_CONTEMPORARY,Juan Gabriel Vásquez,El ruido de las cosas al caer,/works/OL16421046W,/books/OL25155486M,El ruido de las cosas al caer,spa,8420475076,Alfaguara,2011,272,7363148,VALID_COVER,data/audit/reconstruction-ES-candidate-covers/ES-130-OL25155486M.jpeg,RECOVERED,OPEN_LIBRARY_EDITION:number_of_pages
ES,INITIAL,131,LATIN_AMERICA_MODERN_CONTEMPORARY,Juan Gabriel Vásquez,La forma de las ruinas,/works/OL20029688W,/books/OL27209736M,La forma de las ruinas,spa,9786073139687,,2016,547,13019617,VALID_COVER,data/audit/reconstruction-ES-candidate-covers/ES-131-OL27209736M.jpeg,RECOVERED,OPEN_LIBRARY_EDITION:number_of_pages
ES,INITIAL,133,LATIN_AMERICA_MODERN_CONTEMPORARY,Mariana Enríquez,Las cosas que perdimos en el fuego,/works/OL17319533W,/books/OL25894501M,Las cosas que perdimos en el fuego,spa,9788433998064,Anagrama,2016,200,14430190,VALID_COVER,data/audit/reconstruction-ES-candidate-covers/ES-133-OL25894501M.jpeg,RECOVERED,OPEN_LIBRARY_EDITION:number_of_pages
ES,INITIAL,135,LATIN_AMERICA_MODERN_CONTEMPORARY,Alejandro Zambra,Bonsái,/works/OL11877394W,/books/OL22664261M,Bonsái,spa,8433971298,Editorial Anagrama,2006,94,8083076,VALID_COVER,data/audit/reconstruction-ES-candidate-covers/ES-135-OL22664261M.jpeg,RECOVERED,OPEN_LIBRARY_EDITION:number_of_pages
ES,INITIAL,136,LATIN_AMERICA_MODERN_CONTEMPORARY,Alejandro Zambra,Formas de volver a casa,/works/OL16609694W,/books/OL25292672M,Formas de volver a casa,spa,9788433972279,Anagrama,2011,164,8083078,VALID_COVER,data/audit/reconstruction-ES-candidate-covers/ES-136-OL25292672M.jpeg,RECOVERED,OPEN_LIBRARY_EDITION:number_of_pages
ES,INITIAL,137,LATIN_AMERICA_MODERN_CONTEMPORARY,Juan Villoro,El testigo,/works/OL700379W,/books/OL3460761M,El testigo,spa,8433968688,Editorial Anagrama,2004,470,2270224,VALID_COVER,data/audit/reconstruction-ES-candidate-covers/ES-137-OL3460761M.jpeg,RECOVERED,OPEN_LIBRARY_EDITION:number_of_pages
ES,INITIAL,138,LATIN_AMERICA_MODERN_CONTEMPORARY,Cristina Rivera Garza,Nadie me verá llorar,/works/OL845487W,/books/OL9144163M,Nadie Me Vera Llorar,spa,9788483102480,TusQuets,"September 1, 2004",,12181178,VALID_COVER,data/audit/reconstruction-ES-candidate-covers/ES-138-OL9144163M.jpeg,NO_PAGE_COUNT,
ES,INITIAL,139,LATIN_AMERICA_MODERN_CONTEMPORARY,Fernanda Melchor,Temporada de huracanes,/works/OL17792692W,/books/OL58462895M,Temporada de huracanes,spa,9786073810586,Debolsillo,2022,224,15253620,VALID_COVER,data/audit/reconstruction-ES-candidate-covers/ES-139-OL58462895M.jpeg,RECOVERED,OPEN_LIBRARY_EDITION:number_of_pages
ES,INITIAL,140,LATIN_AMERICA_MODERN_CONTEMPORARY,Guadalupe Nettel,El cuerpo en que nací,/works/OL16573946W,/books/OL25261608M,El cuerpo en que nací,spa,9788433972316,Editorial Anagrama,2011,196,11461842,VALID_COVER,data/audit/reconstruction-ES-candidate-covers/ES-140-OL25261608M.jpeg,RECOVERED,OPEN_LIBRARY_EDITION:number_of_pages
ES,INITIAL,141,ESSAYS_PHILOSOPHY,José Ortega y Gasset,La rebelión de las masas,/works/OL504349W,/books/OL445176M,La rebelión de las masas,spa,8470397885,Editorial Castalia,1998,375,1047940,VALID_COVER,data/audit/reconstruction-ES-candidate-covers/ES-141-OL445176M.jpeg,RECOVERED,OPEN_LIBRARY_EDITION:number_of_pages
ES,INITIAL,142,ESSAYS_PHILOSOPHY,José Ortega y Gasset,Meditaciones del Quijote,/works/OL504313W,/books/OL1998353M,Meditaciones del Quijote,spa,8437604818,Cátedra,1984,247,13165017,VALID_COVER,data/audit/reconstruction-ES-candidate-covers/ES-142-OL1998353M.jpeg,RECOVERED,OPEN_LIBRARY_EDITION:number_of_pages
ES,INITIAL,143,ESSAYS_PHILOSOPHY,María Zambrano,Claros del bosque,/works/OL938939W,/books/OL4496766M,Claros del bosque,spa,8432203394,Seix Barral,1977,159,4409878,VALID_COVER,data/audit/reconstruction-ES-candidate-covers/ES-143-OL4496766M.jpeg,RECOVERED,OPEN_LIBRARY_EDITION:number_of_pages
ES,INITIAL,145,ESSAYS_PHILOSOPHY,Miguel de Unamuno,Del sentimiento trágico de la vida,/works/OL503529W,/books/OL25587297M,Del sentimiento tragico de la vida,spa,,Renacimiento,1930,320,9750523,VALID_COVER,data/audit/reconstruction-ES-candidate-covers/ES-145-OL25587297M.jpeg,RECOVERED,OPEN_LIBRARY_EDITION:number_of_pages
ES,INITIAL,146,ESSAYS_PHILOSOPHY,Octavio Paz,El arco y la lira,/works/OL743213W,/books/OL18327308M,The bow and the lyre (El arco y la lira),eng | spa,0292707096,University of Texas Press,1973,281,10046924,VALID_COVER,data/audit/reconstruction-ES-candidate-covers/ES-146-OL18327308M.jpeg,RECOVERED,OPEN_LIBRARY_EDITION:number_of_pages
ES,INITIAL,147,ESSAYS_PHILOSOPHY,Jorge Luis Borges,Otras inquisiciones,/works/OL26390878W,/books/OL26320969M,Inquisiciones / Otras inquisiciones,spa,9788499089546,Debolsillo,2013-07,,13403332,VALID_COVER,data/audit/reconstruction-ES-candidate-covers/ES-147-OL26320969M.jpeg,NO_PAGE_COUNT,
ES,INITIAL,149,ESSAYS_PHILOSOPHY,Mario Vargas Llosa,La verdad de las mentiras,/works/OL857566W,/books/OL16141002M,La verdad de las mentiras,spa,9788466369398,"Santillana Ediciones Generales, S.L. (Punto de Lectura)",2007,438,8145364,VALID_COVER,data/audit/reconstruction-ES-candidate-covers/ES-149-OL16141002M.jpeg,RECOVERED,OPEN_LIBRARY_EDITION:number_of_pages
ES,INITIAL,150,ESSAYS_PHILOSOPHY,Fernando Savater,Ética para Amador,/works/OL2184619W,/books/OL30530119M,Ética para Amador,spa,9789686640373,Ariel,"Sep 30, 1991",189,10463612,VALID_COVER,data/audit/reconstruction-ES-candidate-covers/ES-150-OL30530119M.jpeg,RECOVERED,OPEN_LIBRARY_EDITION:number_of_pages
ES,INITIAL,151,ESSAYS_PHILOSOPHY,Eduardo Galeano,Las venas abiertas de América Latina,/works/OL698173W,/books/OL15462897M,Las venas abiertas de América Latina,spa,9682319005,Siglo Veintiuno,1999,486,14828515,VALID_COVER,data/audit/reconstruction-ES-candidate-covers/ES-151-OL15462897M.jpeg,RECOVERED,OPEN_LIBRARY_EDITION:number_of_pages
ES,INITIAL,152,ESSAYS_PHILOSOPHY,José Carlos Mariátegui,Siete ensayos de interpretación de la realidad peruana,/works/OL9234668W,/books/OL13198757M,Siete Ensayos de Interpretacion de La Realidad Peruana,spa,9789872238438,Ediciones El Andariego,August 2006,,3360575,VALID_COVER,data/audit/reconstruction-ES-candidate-covers/ES-152-OL13198757M.jpeg,NO_PAGE_COUNT,
ES,INITIAL,153,HISTORY_SOCIETY,Bartolomé de las Casas,Brevísima relación de la destrucción de las Indias,/works/OL957329W,/books/OL9153810M,Brevisima relacion de la destruccion de las Indias,spa,9788496290099,Linkgua US,"February 22, 2006",96,2273040,VALID_COVER,data/audit/reconstruction-ES-candidate-covers/ES-153-OL9153810M.jpeg,RECOVERED,OPEN_LIBRARY_EDITION:number_of_pages
ES,INITIAL,154,HISTORY_SOCIETY,Bernal Díaz del Castillo,Historia verdadera de la conquista de la Nueva España,/works/OL24494192W,/books/OL43433050M,Historia verdadera de la conquista de la Nueva España,spa,8423912744,Espasa Calpe,1968,636,13029022,VALID_COVER,data/audit/reconstruction-ES-candidate-covers/ES-154-OL43433050M.jpeg,RECOVERED,OPEN_LIBRARY_EDITION:number_of_pages
ES,INITIAL,155,HISTORY_SOCIETY,Domingo Faustino Sarmiento,Facundo,/works/OL27707852W,/books/OL9199465M,Facundo,spa,9789871136001,Stockcero,May 2003,204,1055680,VALID_COVER,data/audit/reconstruction-ES-candidate-covers/ES-155-OL9199465M.jpeg,RECOVERED,OPEN_LIBRARY_EDITION:number_of_pages
ES,INITIAL,156,HISTORY_SOCIETY,Rodolfo Walsh,Operación Masacre,/works/OL952656W,/books/OL22164350M,Operación masacre,spa,950515352X,Ediciones de La Flor,1986,213,5407661,VALID_COVER,data/audit/reconstruction-ES-candidate-covers/ES-156-OL22164350M.jpeg,RECOVERED,OPEN_LIBRARY_EDITION:number_of_pages
ES,INITIAL,157,HISTORY_SOCIETY,Manuel Chaves Nogales,A sangre y fuego,/works/OL3051151W,/books/OL62086421M,A sangre y fuego,spa,8467020660,Espasa-Calpe,2006,256,15229803,VALID_COVER,data/audit/reconstruction-ES-candidate-covers/ES-157-OL62086421M.jpeg,RECOVERED,OPEN_LIBRARY_EDITION:number_of_pages
ES,INITIAL,158,HISTORY_SOCIETY,Arturo Barea,La forja de un rebelde,/works/OL1202287W,/books/OL21856126M,La forja de un rebelde,spa,9788485137633,Turner,1977,416,12858510,VALID_COVER,data/audit/reconstruction-ES-candidate-covers/ES-158-OL21856126M.jpeg,RECOVERED,OPEN_LIBRARY_EDITION:number_of_pages
ES,INITIAL,160,HISTORY_SOCIETY,Manuel Azaña,La velada en Benicarló,/works/OL1430242W,/books/OL26695238M,La velada en Benicarló,spa,9788470391842,Castalia,1974,203,12840791,VALID_COVER,data/audit/reconstruction-ES-candidate-covers/ES-160-OL26695238M.jpeg,RECOVERED,OPEN_LIBRARY_EDITION:number_of_pages
ES,INITIAL,161,YOUTH,Ana María Matute,Paulina,/works/OL979955W,/books/OL136333M,Paulina,spa,8426430279,Editorial Lumen,1998,145,12888356,VALID_COVER,data/audit/reconstruction-ES-candidate-covers/ES-161-OL136333M.jpeg,RECOVERED,OPEN_LIBRARY_EDITION:number_of_pages
ES,INITIAL,162,YOUTH,Ana María Matute,El polizón del Ulises,/works/OL979932W,/books/OL9415073M,El Polizon Del Ulises,spa,9788426430229,Lumeneditorial,April 1998,121,14320245,VALID_COVER,data/audit/reconstruction-ES-candidate-covers/ES-162-OL9415073M.jpeg,RECOVERED,OPEN_LIBRARY_EDITION:number_of_pages
ES,INITIAL,163,YOUTH,Juan Muñoz Martín,Fray Perico y su borrico,/works/OL9114663W,/books/OL9129564M,Fray Perico y su borrico,spa,9788434894099,Ediciones SM,2005,128,12739890,VALID_COVER,data/audit/reconstruction-ES-candidate-covers/ES-163-OL9129564M.jpeg,RECOVERED,OPEN_LIBRARY_EDITION:number_of_pages
ES,INITIAL,164,YOUTH,Elvira Lindo,Manolito Gafotas,/works/OL16295477W,/books/OL24044957M,Manolito Gafotas,spa,9788422657101,Círculo de Lectores,1995,157,8086918,VALID_COVER,data/audit/reconstruction-ES-candidate-covers/ES-164-OL24044957M.jpeg,RECOVERED,OPEN_LIBRARY_EDITION:pagination
ES,INITIAL,165,YOUTH,Jordi Sierra i Fabra,Kafka y la muñeca viajera,/works/OL707255W,/books/OL13311452M,Kafka y la muñeca viajera,spa,9788478449859,Siruela,"February 28, 2006",145,12717018,VALID_COVER,data/audit/reconstruction-ES-candidate-covers/ES-165-OL13311452M.jpeg,RECOVERED,OPEN_LIBRARY_EDITION:number_of_pages
ES,INITIAL,166,YOUTH,Laura Gallego García,Finis Mundi,/works/OL8120687W,/books/OL27103205M,Finis Mundi,spa,9788434870116,SM,2002,247,14624010,VALID_COVER,data/audit/reconstruction-ES-candidate-covers/ES-166-OL27103205M.jpeg,RECOVERED,OPEN_LIBRARY_EDITION:number_of_pages
ES,INITIAL,167,YOUTH,María Isabel Molina,El señor del cero,/works/OL9058616W,/books/OL13118044M,El Señor Del Cero,spa,9789681903886,Santillana USA Publishing Company,November 2002,153,3353789,VALID_COVER,data/audit/reconstruction-ES-candidate-covers/ES-167-OL13118044M.jpeg,RECOVERED,OPEN_LIBRARY_EDITION:number_of_pages
ES,INITIAL,169,GRAPHIC,Quino,Mafalda,/works/OL27715892W,/books/OL37812886M,Mafalda,spa,9786074213034,Tusquets editores,2012,668,12716890,VALID_COVER,data/audit/reconstruction-ES-candidate-covers/ES-169-OL37812886M.jpeg,RECOVERED,OPEN_LIBRARY_EDITION:number_of_pages
ES,INITIAL,172,GRAPHIC,Paco Roca,Los surcos del azar,/works/OL16812961W,/books/OL25438593M,Los surcos del azar,spa,9788415685364,Astiberri,2013,328,7272392,VALID_COVER,data/audit/reconstruction-ES-candidate-covers/ES-172-OL25438593M.jpeg,RECOVERED,OPEN_LIBRARY_EDITION:number_of_pages
ES,INITIAL,173,GRAPHIC,Miguelanxo Prado,Trazo de tiza,/works/OL2206759W,/books/OL25380027M,Trazo de Tiza,spa,9788467908053,Norma,2012,93,7152150,VALID_COVER,data/audit/reconstruction-ES-candidate-covers/ES-173-OL25380027M.jpeg,RECOVERED,OPEN_LIBRARY_EDITION:number_of_pages
ES,RECOVERY,36,SPANISH_CANON,Pío Baroja,Zalacaín el aventurero,/works/OL23303833W,/books/OL32346226M,Zalacaín el aventurero,spa,9788489669949,El País,2003,221,10970474,VALID_COVER,data/audit/reconstruction-ES-recovery-covers/ES-recovery-036-OL32346226M.jpeg,RECOVERED,OPEN_LIBRARY_EDITION:number_of_pages
ES,RECOVERY,85,LATIN_AMERICAN_CANON,Ernesto Sábato,Sobre héroes y tumbas,/works/OL617876W,/books/OL24927818M,Sobre héroes y tumbas,spa,9788432230141,Seix Barral,1988,509,15240286,VALID_COVER,data/audit/reconstruction-ES-recovery-covers/ES-recovery-085-OL24927818M.jpeg,RECOVERED,OPEN_LIBRARY_EDITION:number_of_pages
ES,RECOVERY,170,GRAPHIC,Héctor Germán Oesterheld,El Eternauta,/works/OL16497355W,/books/OL32721673M,El eternauta,spa,9789879085332,Doedytores,2012,351,11348505,VALID_COVER,data/audit/reconstruction-ES-recovery-covers/ES-recovery-170-OL32721673M.jpeg,RECOVERED,OPEN_LIBRARY_EDITION:number_of_pages
ES,REPLACEMENT,,LATIN_AMERICAN_CANON,Alejo Carpentier,El siglo de las luces,/works/OL580120W,/books/OL28701120M,El siglo de las luces,spa,,Seix Barral,1965,365,15154043,VALID_COVER,data/audit/reconstruction-ES-replacement-covers/ES-replacement-LATIN_AMERICAN_CANON-04-OL28701120M.jpeg,RECOVERED,OPEN_LIBRARY_EDITION:number_of_pages
ES,REPLACEMENT,,SPAIN_MODERN_CONTEMPORARY,Antonio Muñoz Molina,Plenilunio,/works/OL704393W,/books/OL16098708M,Plenilunio,spa,9788420471266,Alfaguara,2006,395,15115780,VALID_COVER,data/audit/reconstruction-ES-replacement-covers/ES-replacement-SPAIN_MODERN_CONTEMPORARY-05-OL16098708M.jpeg,RECOVERED,OPEN_LIBRARY_EDITION:number_of_pages
ES,REPLACEMENT,,GRAPHIC,Carlos Giménez,Paracuellos,/works/OL17368458W,/books/OL25947385M,Todo Paracuellos,spa,9788483463246,Random House Mondadori,2016,607,7446757,VALID_COVER,data/audit/reconstruction-ES-replacement-covers/ES-replacement-GRAPHIC-03-OL25947385M.jpeg,RECOVERED,OPEN_LIBRARY_EDITION:number_of_pages
ES,REPLACEMENT,,SPAIN_MODERN_CONTEMPORARY,Carmen Martín Gaite,Nubosidad variable,/works/OL77397W,/books/OL22173856M,Nubosidad variable,spa,8433914650,Anagrama,1997,391,12706071,VALID_COVER,data/audit/reconstruction-ES-replacement-covers/ES-replacement-SPAIN_MODERN_CONTEMPORARY-03-OL22173856M.jpeg,RECOVERED,OPEN_LIBRARY_EDITION:number_of_pages
ES,REPLACEMENT,,HISTORY_SOCIETY,Eduardo Galeano,Memoria del fuego,/works/OL17769735W,/books/OL26366696M,Memoria del fuego,spa,9789876291125,Siglo Veintiuno Argentina Editores,2010,,8052810,VALID_COVER,data/audit/reconstruction-ES-replacement-covers/ES-replacement-HISTORY_SOCIETY-01-OL26366696M.jpeg,NO_PAGE_COUNT,
ES,REPLACEMENT,,LATIN_AMERICA_MODERN_CONTEMPORARY,Elena Poniatowska,Leonora,/works/OL16815973W,/books/OL27133962M,Leonora,spa,9786070706325,Seix Barral,2011,510,12513636,VALID_COVER,data/audit/reconstruction-ES-replacement-covers/ES-replacement-LATIN_AMERICA_MODERN_CONTEMPORARY-03-OL27133962M.jpeg,RECOVERED,OPEN_LIBRARY_EDITION:number_of_pages
ES,REPLACEMENT,,SPANISH_CANON,Fray Luis de León,De los nombres de Cristo,/works/OL34551640W,/books/OL9131441M,de los Nombres de Cristo (Clasicos Espanoles),spa,9788441000063,PML Ediciones,January 1999,187,1047577,VALID_COVER,data/audit/reconstruction-ES-replacement-covers/ES-replacement-SPANISH_CANON-02-OL9131441M.jpeg,RECOVERED,OPEN_LIBRARY_EDITION:number_of_pages
ES,REPLACEMENT,,LATIN_AMERICAN_CANON,Jorge Luis Borges,El libro de arena,/works/OL104863W,/books/OL9808124M,El Libro De Arena,spa,9788423338719,Destino Ediciones,2006-10,188,12774154,VALID_COVER,data/audit/reconstruction-ES-replacement-covers/ES-replacement-LATIN_AMERICAN_CANON-01-OL9808124M.jpeg,RECOVERED,OPEN_LIBRARY_EDITION:number_of_pages
ES,REPLACEMENT,,ESSAYS_PHILOSOPHY,José Ortega y Gasset,España invertebrada,/works/OL504329W,/books/OL24138983M,España invertebrada,spa,,Calpe,1921,170,6497518,VALID_COVER,data/audit/reconstruction-ES-replacement-covers/ES-replacement-ESSAYS_PHILOSOPHY-02-OL24138983M.jpeg,RECOVERED,OPEN_LIBRARY_EDITION:number_of_pages
ES,REPLACEMENT,,LATIN_AMERICA_MODERN_CONTEMPORARY,Juan Gabriel Vásquez,Los informantes,/works/OL1663451W,/books/OL25890460M,Los informantes,spa,9788420467153,Alfaguara,2014,,7394633,VALID_COVER,data/audit/reconstruction-ES-replacement-covers/ES-replacement-LATIN_AMERICA_MODERN_CONTEMPORARY-08-OL25890460M.jpeg,NO_PAGE_COUNT,
ES,REPLACEMENT,,YOUTH,Laura Gallego García,Memorias de Idhún: La Resistencia,/works/OL19934481W,/books/OL27115149M,Memorias de Idhún,spa,9788467535259,Ediciones SM,2009,56,12947547,VALID_COVER,data/audit/reconstruction-ES-replacement-covers/ES-replacement-YOUTH-01-OL27115149M.jpeg,RECOVERED,OPEN_LIBRARY_EDITION:number_of_pages
ES,REPLACEMENT,,LATIN_AMERICA_MODERN_CONTEMPORARY,Laura Restrepo,La novia oscura,/works/OL97953W,/books/OL22252876M,La novia oscura,spa,0060514310,Alfaguara,2002,451,9708656,VALID_COVER,data/audit/reconstruction-ES-replacement-covers/ES-replacement-LATIN_AMERICA_MODERN_CONTEMPORARY-04-OL22252876M.jpeg,RECOVERED,OPEN_LIBRARY_EDITION:number_of_pages
ES,REPLACEMENT,,SPANISH_CANON,Lope de Vega,Peribáñez y el comendador de Ocaña,/works/OL914625W,/books/OL16737049M,Peribañez y el comendador de Ocaña,spa,,Hermanos,1916,243,9656496,VALID_COVER,data/audit/reconstruction-ES-replacement-covers/ES-replacement-SPANISH_CANON-05-OL16737049M.jpeg,RECOVERED,OPEN_LIBRARY_EDITION:number_of_pages
ES,REPLACEMENT,,ESSAYS_PHILOSOPHY,María Zambrano,Persona y democracia,/works/OL938969W,/books/OL1787185M,Persona y democracia,spa,8476581009,Anthropos,1988,167,4016176,VALID_COVER,data/audit/reconstruction-ES-replacement-covers/ES-replacement-ESSAYS_PHILOSOPHY-01-OL1787185M.jpeg,RECOVERED,OPEN_LIBRARY_EDITION:number_of_pages
ES,REPLACEMENT,,LATIN_AMERICA_MODERN_CONTEMPORARY,Mariana Enríquez,Nuestra parte de noche,/works/OL20901051W,/books/OL45187611M,Nuestra parte de noche,spa,9786075574585,Editorial Anagrama,2021,,13123316,VALID_COVER,data/audit/reconstruction-ES-replacement-covers/ES-replacement-LATIN_AMERICA_MODERN_CONTEMPORARY-09-OL45187611M.jpeg,NO_PAGE_COUNT,
ES,REPLACEMENT,,LATIN_AMERICAN_CANON,Mario Vargas Llosa,Pantaleón y las visitadoras,/works/OL857652W,/books/OL26293262M,Pantaleón y las visitadoras,spa,8432202525,Seix Barral,1973,309,12540951,VALID_COVER,data/audit/reconstruction-ES-replacement-covers/ES-replacement-LATIN_AMERICAN_CANON-03-OL26293262M.jpeg,RECOVERED,OPEN_LIBRARY_EDITION:number_of_pages
ES,REPLACEMENT,,SPAIN_MODERN_CONTEMPORARY,Miguel Delibes,La sombra del ciprés es alargada,/works/OL27720741W,/books/OL37831145M,La sombra del ciprés es alargada / Sobre las piedras grises / Las últimas horas,spa,8432026840,Destino,1991,768,12726974,VALID_COVER,data/audit/reconstruction-ES-replacement-covers/ES-replacement-SPAIN_MODERN_CONTEMPORARY-01-OL37831145M.jpeg,RECOVERED,OPEN_LIBRARY_EDITION:number_of_pages
ES,REPLACEMENT,,SPANISH_CANON,Pedro Calderón de la Barca,El médico de su honra,/works/OL10341481W,/books/OL22668889M,El médico de su honra,spa,9781589770423,Cervantes & Co.,2007,209,12834692,VALID_COVER,data/audit/reconstruction-ES-replacement-covers/ES-replacement-SPANISH_CANON-04-OL22668889M.jpeg,RECOVERED,OPEN_LIBRARY_EDITION:number_of_pages
ES,REPLACEMENT,,LATIN_AMERICA_MODERN_CONTEMPORARY,Roberto Bolaño,Estrella distante,/works/OL712028W,/books/OL9669370M,Estrella distante,spa,9788433910400,Anagrama,August 1999,162,15106951,VALID_COVER,data/audit/reconstruction-ES-replacement-covers/ES-replacement-LATIN_AMERICA_MODERN_CONTEMPORARY-02-OL9669370M.jpeg,RECOVERED,OPEN_LIBRARY_EDITION:number_of_pages
ES,REPLACEMENT,,SPANISH_CANON,Tirso de Molina,Don Gil de las calzas verdes,/works/OL638459W,/books/OL13365303M,Don Gil de las calzas verdes,spa,9788498164893,Linkgua S.L.,"January 1, 2007",160,3335841,VALID_COVER,data/audit/reconstruction-ES-replacement-covers/ES-replacement-SPANISH_CANON-06-OL13365303M.jpeg,RECOVERED,OPEN_LIBRARY_EDITION:number_of_pages
IT,FINAL_GAP,,YOUTH,Gianni Rodari,Grammatica della fantasia,/works/OL29317167W,/books/OL40296613M,Grammatica della fantasia,ita,9788879262439,Einaudi ragazzi,1997,203,13002465,VALID_COVER,data/audit/reconstruction-IT-final-gap-covers/IT-final-gap-YOUTH-02-OL40296613M.jpeg,RECOVERED,OPEN_LIBRARY_EDITION:number_of_pages
IT,FINAL_GAP,,GRAPHIC,Guido Crepax,Valentina,/works/OL3835050W,/books/OL22687250M,Guido Crepax,ita,9788888482958,C. Cambi,2008,255,13268279,VALID_COVER,data/audit/reconstruction-IT-final-gap-covers/IT-final-gap-GRAPHIC-10-OL22687250M.jpeg,RECOVERED,OPEN_LIBRARY_EDITION:number_of_pages
IT,FINAL_GAP,,YOUTH,Italo Calvino,Fiabe italiane,/works/OL8969792W,/books/OL13428900M,Le piu belle fiabe itali,ita,9788828600930,"Einaudi Scuola, Elemond Divisione Scuola",,,12685935,VALID_COVER,data/audit/reconstruction-IT-final-gap-covers/IT-final-gap-YOUTH-01-OL13428900M.jpeg,NO_PAGE_COUNT,
IT,FINAL_GAP,,TWENTIETH_CENTURY,Vasco Pratolini,Cronache di poveri amanti,/works/OL27713538W,/books/OL37807392M,Cronache di poveri amanti,ita,9788804414674,Mondadori,1996,493,12714833,VALID_COVER,data/audit/reconstruction-IT-final-gap-covers/IT-final-gap-TWENTIETH_CENTURY-03-OL37807392M.jpeg,RECOVERED,OPEN_LIBRARY_EDITION:number_of_pages
IT,FINAL_GAP,,GRAPHIC,Zerocalcare,Dodici,/works/OL22913083W,/books/OL30822902M,Dodici,ita,9788865431801,Bao Publishing,2013,95,13900798,VALID_COVER,data/audit/reconstruction-IT-final-gap-covers/IT-final-gap-GRAPHIC-01-OL30822902M.jpeg,RECOVERED,OPEN_LIBRARY_EDITION:number_of_pages
IT,INITIAL,2,ITALIAN_CANON,Dante Alighieri,Vita nuova,/works/OL93228W,/books/OL6928163M,The New life of Dante Alighieri,eng | ita,,"Houghton, Mifflin",1892,168,5862743,VALID_COVER,data/audit/reconstruction-IT-candidate-covers/IT-002-OL6928163M.jpeg,RECOVERED,OPEN_LIBRARY_EDITION:number_of_pages
IT,INITIAL,4,ITALIAN_CANON,Dante Alighieri,Rime,/works/OL93128W,/books/OL20601610M,Le Rime,ita,,P. Fiaccardori,1842,238,9547742,VALID_COVER,data/audit/reconstruction-IT-candidate-covers/IT-004-OL20601610M.jpeg,RECOVERED,OPEN_LIBRARY_EDITION:number_of_pages
IT,INITIAL,5,ITALIAN_CANON,Francesco Petrarca,Canzoniere,/works/OL20267865W,/books/OL35736305M,Canzoniere,ita,9788807820557,Feltrinelli,1992,333,12480840,VALID_COVER,data/audit/reconstruction-IT-candidate-covers/IT-005-OL35736305M.jpeg,RECOVERED,OPEN_LIBRARY_EDITION:number_of_pages
IT,INITIAL,7,ITALIAN_CANON,Giovanni Boccaccio,Decameron,/works/OL7180581W,/books/OL24434701M,Novelle scelte dal Decamerone,ita,,Sansoni,1911,341,7208079,VALID_COVER,data/audit/reconstruction-IT-candidate-covers/IT-007-OL24434701M.jpeg,RECOVERED,OPEN_LIBRARY_EDITION:number_of_pages
IT,INITIAL,8,ITALIAN_CANON,Giovanni Boccaccio,Elegia di Madonna Fiammetta,/works/OL20653675W,/books/OL27927324M,L'elegia di madonna Fiammetta,ita,,G. Laterza,1939,262,9300414,VALID_COVER,data/audit/reconstruction-IT-candidate-covers/IT-008-OL27927324M.jpeg,RECOVERED,OPEN_LIBRARY_EDITION:number_of_pages
IT,INITIAL,9,ITALIAN_CANON,Giovanni Boccaccio,Corbaccio,/works/OL24177954W,/books/OL37812813M,Elegia di madonna Fiammetta ; Corbaccio,ita,9788811583585,Garzanti,1988,300,12716798,VALID_COVER,data/audit/reconstruction-IT-candidate-covers/IT-009-OL37812813M.jpeg,RECOVERED,OPEN_LIBRARY_EDITION:number_of_pages
IT,INITIAL,10,ITALIAN_CANON,Ludovico Ariosto,Orlando furioso,/works/OL2899874W,/books/OL24614367M,The Orlando furioso,eng | ita,,Bohn,1872,,7209743,VALID_COVER,data/audit/reconstruction-IT-candidate-covers/IT-010-OL24614367M.jpeg,NO_PAGE_COUNT,
IT,INITIAL,12,ITALIAN_CANON,Torquato Tasso,Gerusalemme liberata,/works/OL20121848W,/books/OL27301793M,La Gerusalemme liberata,ita,,Edoardo Perino,1890,410,8776143,VALID_COVER,data/audit/reconstruction-IT-candidate-covers/IT-012-OL27301793M.jpeg,RECOVERED,OPEN_LIBRARY_EDITION:number_of_pages
IT,INITIAL,14,ITALIAN_CANON,Niccolò Machiavelli,Il Principe,/works/OL15390915W,/books/OL24368954M,Il principe e le deche,ita,,Instituto editoriale italiano,19uu,498,6600736,VALID_COVER,data/audit/reconstruction-IT-candidate-covers/IT-014-OL24368954M.jpeg,RECOVERED,OPEN_LIBRARY_EDITION:number_of_pages
IT,INITIAL,15,ITALIAN_CANON,Niccolò Machiavelli,Discorsi sopra la prima deca di Tito Livio,/works/OL1089260W,/books/OL2500577M,Discorsi sopra la prima deca di Tito Livio,ita,8817124753,Biblioteca universale Rizzoli,1984,685,4139575,VALID_COVER,data/audit/reconstruction-IT-candidate-covers/IT-015-OL2500577M.jpeg,RECOVERED,OPEN_LIBRARY_EDITION:number_of_pages
IT,INITIAL,16,ITALIAN_CANON,Niccolò Machiavelli,La Mandragola,/works/OL15243974W,/books/OL19981606M,La mandragola,ita,8817122882,Rizzoli,1990,220,13566190,VALID_COVER,data/audit/reconstruction-IT-candidate-covers/IT-016-OL19981606M.jpeg,RECOVERED,OPEN_LIBRARY_EDITION:number_of_pages
IT,INITIAL,18,ITALIAN_CANON,Francesco Guicciardini,Storia d'Italia,/works/OL915322W,/books/OL6931703M,Storia d'Italia,ita,,"Cantone Ticino, Tip. Elvetica",1836,,9716396,VALID_COVER,data/audit/reconstruction-IT-candidate-covers/IT-018-OL6931703M.jpeg,NO_PAGE_COUNT,
IT,INITIAL,20,ITALIAN_CANON,Galileo Galilei,Dialogo sopra i due massimi sistemi del mondo,/works/OL9209956W,/books/OL14905942M,Dialogo sopra i due massimi sistemi del mondo,ita,8876921109,Studio Tesi,1988,643,5295154,VALID_COVER,data/audit/reconstruction-IT-candidate-covers/IT-020-OL14905942M.jpeg,RECOVERED,OPEN_LIBRARY_EDITION:number_of_pages
IT,INITIAL,21,ITALIAN_CANON,Galileo Galilei,Il Saggiatore,/works/OL24863310W,/books/OL38208842M,Il Saggiatore,ita,9788807820366,Feltrinelli,1992,329,12752855,VALID_COVER,data/audit/reconstruction-IT-candidate-covers/IT-021-OL38208842M.jpeg,RECOVERED,OPEN_LIBRARY_EDITION:number_of_pages
IT,INITIAL,22,ITALIAN_CANON,Giambattista Marino,Adone,/works/OL12769849W,/books/OL39490055M,L'Adone,ita,,Sine nomine,1680,,12898977,VALID_COVER,data/audit/reconstruction-IT-candidate-covers/IT-022-OL39490055M.jpeg,NO_PAGE_COUNT,
IT,INITIAL,23,ITALIAN_CANON,Carlo Goldoni,La locandiera,/works/OL24689984W,/books/OL32769984M,La locandiera,ita,9788877158154,Guerra,2004,190,11399028,VALID_COVER,data/audit/reconstruction-IT-candidate-covers/IT-023-OL32769984M.jpeg,RECOVERED,OPEN_LIBRARY_EDITION:number_of_pages
IT,INITIAL,25,ITALIAN_CANON,Giuseppe Parini,Il giorno,/works/OL739290W,/books/OL89460M,Il giorno,ita,8877468165,Fondazione Pietro Bembo,1996,,4885393,VALID_COVER,data/audit/reconstruction-IT-candidate-covers/IT-025-OL89460M.jpeg,NO_PAGE_COUNT,
IT,INITIAL,27,ITALIAN_CANON,Vittorio Alfieri,Mirra,/works/OL1250098W,/books/OL2096767M,Mirra,ita,8806599844,G. Einaudi,1988,92,4073286,VALID_COVER,data/audit/reconstruction-IT-candidate-covers/IT-027-OL2096767M.jpeg,RECOVERED,OPEN_LIBRARY_EDITION:number_of_pages
IT,INITIAL,28,ITALIAN_CANON,Ugo Foscolo,Ultime lettere di Jacopo Ortis,/works/OL11385137W,/books/OL15086381M,Ultime lettere di Jacopo Ortis.,ita,,Berthoud,1818,188,11934725,VALID_COVER,data/audit/reconstruction-IT-candidate-covers/IT-028-OL15086381M.jpeg,RECOVERED,OPEN_LIBRARY_EDITION:number_of_pages
IT,INITIAL,29,ITALIAN_CANON,Ugo Foscolo,Dei Sepolcri,/works/OL15667699W,/books/OL24598455M,Dei Sepolcri,ita,,Tedeschi,1889,153,9804728,VALID_COVER,data/audit/reconstruction-IT-candidate-covers/IT-029-OL24598455M.jpeg,RECOVERED,OPEN_LIBRARY_EDITION:number_of_pages
IT,INITIAL,30,ITALIAN_CANON,Alessandro Manzoni,I promessi sposi,/works/OL16470621W,/books/OL25604744M,I promessi sposi,ita,,Tip. Roux e Favale,1881,47,9497441,VALID_COVER,data/audit/reconstruction-IT-candidate-covers/IT-030-OL25604744M.jpeg,RECOVERED,OPEN_LIBRARY_EDITION:number_of_pages
IT,INITIAL,32,ITALIAN_CANON,Giacomo Leopardi,Canti,/works/OL19767644W,/books/OL32370158M,Canti,ita,9788811581024,Garzanti,1988,411,11023185,VALID_COVER,data/audit/reconstruction-IT-candidate-covers/IT-032-OL32370158M.jpeg,RECOVERED,OPEN_LIBRARY_EDITION:number_of_pages
IT,INITIAL,33,ITALIAN_CANON,Giacomo Leopardi,Operette morali,/works/OL15102115W,/books/OL21198457M,Operette morali =,eng | ita,0231057067,Columbia University Press,1983,265,4279742,VALID_COVER,data/audit/reconstruction-IT-candidate-covers/IT-033-OL21198457M.jpeg,RECOVERED,OPEN_LIBRARY_EDITION:number_of_pages
IT,INITIAL,36,ITALIAN_CANON,Giovanni Verga,Vita dei campi,/works/OL479230W,/books/OL2233248M,Vita dei campi,ita,8800811418,Banco di Sicilia,1987,248,4099324,VALID_COVER,data/audit/reconstruction-IT-candidate-covers/IT-036-OL2233248M.jpeg,RECOVERED,OPEN_LIBRARY_EDITION:number_of_pages
IT,INITIAL,37,ITALIAN_CANON,Giovanni Verga,Novelle rusticane,/works/OL479242W,/books/OL16739250M,Novelle rusticane,ita,,Casanova,1885,267,5973368,VALID_COVER,data/audit/reconstruction-IT-candidate-covers/IT-037-OL16739250M.jpeg,RECOVERED,OPEN_LIBRARY_EDITION:number_of_pages
IT,INITIAL,38,ITALIAN_CANON,Carlo Collodi,Le avventure di Pinocchio,/works/OL24205632W,/books/OL31972103M,Le avventure di Pinocchio,ita,9788809205321,Giunti,1994,210,10649332,VALID_COVER,data/audit/reconstruction-IT-candidate-covers/IT-038-OL31972103M.jpeg,RECOVERED,OPEN_LIBRARY_EDITION:number_of_pages
IT,INITIAL,39,ITALIAN_CANON,Edmondo De Amicis,Cuore,/works/OL8347320W,/books/OL9315206M,Cuore,ita,9780543888792,Adamant Media Corporation,"August 24, 2001",348,1276954,VALID_COVER,data/audit/reconstruction-IT-candidate-covers/IT-039-OL9315206M.jpeg,RECOVERED,OPEN_LIBRARY_EDITION:number_of_pages
IT,INITIAL,40,ITALIAN_CANON,Gabriele D'Annunzio,Il piacere,/works/OL27679291W,/books/OL38211551M,Il piacere,ita,9788879837699,Newton Compton,1995,268,12758237,VALID_COVER,data/audit/reconstruction-IT-candidate-covers/IT-040-OL38211551M.jpeg,RECOVERED,OPEN_LIBRARY_EDITION:number_of_pages
IT,INITIAL,41,ITALIAN_CANON,Gabriele D'Annunzio,Alcyone,/works/OL36887933W,/books/OL49823969M,Alcyone,ita,9788804500001,Oscar Mondadori,1982,767,14866041,VALID_COVER,data/audit/reconstruction-IT-candidate-covers/IT-041-OL49823969M.jpeg,RECOVERED,OPEN_LIBRARY_EDITION:number_of_pages
IT,INITIAL,42,ITALIAN_CANON,Giovanni Pascoli,Myricae,/works/OL979197W,/books/OL22513224M,Tutte le poesie,ita,8882893367,Grandi tascabili economici Newton,2001,1257,4251174,VALID_COVER,data/audit/reconstruction-IT-candidate-covers/IT-042-OL22513224M.jpeg,RECOVERED,OPEN_LIBRARY_EDITION:number_of_pages
IT,INITIAL,43,ITALIAN_CANON,Giovanni Pascoli,Canti di Castelvecchio,/works/OL13160294W,/books/OL20554002M,Canti di Castelvecchio,ita,,N. Zanichelli,1905,252,9756268,VALID_COVER,data/audit/reconstruction-IT-candidate-covers/IT-043-OL20554002M.jpeg,RECOVERED,OPEN_LIBRARY_EDITION:number_of_pages
IT,INITIAL,44,ITALIAN_CANON,Antonio Fogazzaro,Piccolo mondo antico,/works/OL2068288W,/books/OL13502334M,The patriot =,eng | ita,,Copp Clark,1906,433,5932116,VALID_COVER,data/audit/reconstruction-IT-candidate-covers/IT-044-OL13502334M.jpeg,RECOVERED,OPEN_LIBRARY_EDITION:number_of_pages
IT,INITIAL,45,ITALIAN_CANON,Grazia Deledda,Canne al vento,/works/OL1438050W,/books/OL39485072M,Canne al vento,ita,9788823902756,Orsa Maggiore,1993,212,12890201,VALID_COVER,data/audit/reconstruction-IT-candidate-covers/IT-045-OL39485072M.jpeg,RECOVERED,OPEN_LIBRARY_EDITION:number_of_pages
IT,INITIAL,46,ITALIAN_CANON,Grazia Deledda,Elias Portolu,/works/OL24463802W,/books/OL32406019M,Elias Portolu,ita,9788804093671,Mondadori,1994,191,11067984,VALID_COVER,data/audit/reconstruction-IT-candidate-covers/IT-046-OL32406019M.jpeg,RECOVERED,OPEN_LIBRARY_EDITION:number_of_pages
IT,INITIAL,48,ITALIAN_CANON,Italo Svevo,Senilità,/works/OL13755524W,/books/OL33029818M,Senilità,ita,9788804258568,Mondadori,1985,212,11711687,VALID_COVER,data/audit/reconstruction-IT-candidate-covers/IT-048-OL33029818M.jpeg,RECOVERED,OPEN_LIBRARY_EDITION:number_of_pages
IT,INITIAL,49,ITALIAN_CANON,Italo Svevo,La coscienza di Zeno,/works/OL11644065W,/books/OL22817163M,La coscienza di Zeno.,ita,8804492945,Mondadori,1988,413,14410143,VALID_COVER,data/audit/reconstruction-IT-candidate-covers/IT-049-OL22817163M.jpeg,RECOVERED,OPEN_LIBRARY_EDITION:number_of_pages
IT,INITIAL,50,ITALIAN_CANON,Luigi Pirandello,Il fu Mattia Pascal,/works/OL24844346W,/books/OL33219871M,Il fu Mattia Pascal,ita,9788823902787,Orsa Maggiore,1993,240,11931419,VALID_COVER,data/audit/reconstruction-IT-candidate-covers/IT-050-OL33219871M.jpeg,RECOVERED,OPEN_LIBRARY_EDITION:number_of_pages
IT,INITIAL,52,ITALIAN_CANON,Luigi Pirandello,Sei personaggi in cerca d'autore,/works/OL19769965W,/books/OL27886371M,Sei personaggi in cerca d'autore,ita | eng,9788846718181,ETS,2007,239,13429933,VALID_COVER,data/audit/reconstruction-IT-candidate-covers/IT-052-OL27886371M.jpeg,RECOVERED,OPEN_LIBRARY_EDITION:number_of_pages
IT,INITIAL,53,ITALIAN_CANON,Luigi Pirandello,Enrico IV,/works/OL100428W,/books/OL16595588M,Enrico IV,ita,8806132598,G. Einaudi,1993,70,5344003,VALID_COVER,data/audit/reconstruction-IT-candidate-covers/IT-053-OL16595588M.jpeg,RECOVERED,OPEN_LIBRARY_EDITION:number_of_pages
IT,INITIAL,54,ITALIAN_CANON,Umberto Saba,Il Canzoniere,/works/OL27734337W,/books/OL37858614M,Il canzoniere,ita,9788806224714,Einaudi,2014,636,12734194,VALID_COVER,data/audit/reconstruction-IT-candidate-covers/IT-054-OL37858614M.jpeg,RECOVERED,OPEN_LIBRARY_EDITION:number_of_pages
IT,INITIAL,55,ITALIAN_CANON,Guido Gozzano,I colloqui,/works/OL15469354W,/books/OL24434627M,I colloqui,ita,,Treves,1917,156,7059820,VALID_COVER,data/audit/reconstruction-IT-candidate-covers/IT-055-OL24434627M.jpeg,RECOVERED,OPEN_LIBRARY_EDITION:number_of_pages
IT,INITIAL,56,TWENTIETH_CENTURY,Giuseppe Ungaretti,L'Allegria,/works/OL2066829W,/books/OL16593114M,L' allegria,ita,8804351322,Mondadori,1992,121,5343887,VALID_COVER,data/audit/reconstruction-IT-candidate-covers/IT-056-OL16593114M.jpeg,RECOVERED,OPEN_LIBRARY_EDITION:number_of_pages
IT,INITIAL,57,TWENTIETH_CENTURY,Eugenio Montale,Ossi di seppia,/works/OL610100W,/books/OL13427640M,Ossi Di Seppia,ita,9788804343592,Mondadori Italian,1991,142,5283977,VALID_COVER,data/audit/reconstruction-IT-candidate-covers/IT-057-OL13427640M.jpeg,RECOVERED,OPEN_LIBRARY_EDITION:number_of_pages
IT,INITIAL,58,TWENTIETH_CENTURY,Eugenio Montale,Le occasioni,/works/OL610103W,/books/OL757487M,Le occasioni,ita,8806126148,G. Einaudi,1996,249,3802074,VALID_COVER,data/audit/reconstruction-IT-candidate-covers/IT-058-OL757487M.jpeg,RECOVERED,OPEN_LIBRARY_EDITION:number_of_pages
IT,INITIAL,60,TWENTIETH_CENTURY,Alberto Moravia,Gli indifferenti,/works/OL24708554W,/books/OL32797630M,Gli indifferenti,ita,9788481304831,Gruppo editoriale L'Espresso,2002,286,11430093,VALID_COVER,data/audit/reconstruction-IT-candidate-covers/IT-060-OL32797630M.jpeg,RECOVERED,OPEN_LIBRARY_EDITION:number_of_pages
IT,INITIAL,64,TWENTIETH_CENTURY,Elio Vittorini,Conversazione in Sicilia,/works/OL24819498W,/books/OL32982918M,Conversazione in Sicilia,ita,9788817669207,Rizzoli editore,1986,236,11610219,VALID_COVER,data/audit/reconstruction-IT-candidate-covers/IT-064-OL32982918M.jpeg,RECOVERED,OPEN_LIBRARY_EDITION:number_of_pages
IT,INITIAL,65,TWENTIETH_CENTURY,Elio Vittorini,Uomini e no,/works/OL2238015W,/books/OL22827787M,Uomini e no,ita,8804330937,Arnoldo Mondadori,1990,,12815372,VALID_COVER,data/audit/reconstruction-IT-candidate-covers/IT-065-OL22827787M.jpeg,NO_PAGE_COUNT,
IT,INITIAL,66,TWENTIETH_CENTURY,Beppe Fenoglio,Il partigiano Johnny,/works/OL10302784W,/books/OL13427956M,Il Partigiano Johnny,ita,9788806134709,Einaudi,1994,527,13005670,VALID_COVER,data/audit/reconstruction-IT-candidate-covers/IT-066-OL13427956M.jpeg,RECOVERED,OPEN_LIBRARY_EDITION:number_of_pages
IT,INITIAL,67,TWENTIETH_CENTURY,Beppe Fenoglio,Una questione privata,/works/OL8637659W,/books/OL9176409M,Una Questione Privata,ita,9788806117856,Einaudi,"December 31, 1998",,4925349,VALID_COVER,data/audit/reconstruction-IT-candidate-covers/IT-067-OL9176409M.jpeg,NO_PAGE_COUNT,
IT,INITIAL,68,TWENTIETH_CENTURY,Carlo Emilio Gadda,Quer pasticciaccio brutto de via Merulana,/works/OL794064W,/books/OL17381557M,Quer pasticciaccio brutto de via Merulana,ita,8811667011,Garzanti,1987,,12783435,VALID_COVER,data/audit/reconstruction-IT-candidate-covers/IT-068-OL17381557M.jpeg,NO_PAGE_COUNT,
IT,INITIAL,69,TWENTIETH_CENTURY,Carlo Emilio Gadda,La cognizione del dolore,/works/OL794088W,/books/OL2240525M,La cognizione del dolore,ita,8806598422,Einaudi,1987,578,4100609,VALID_COVER,data/audit/reconstruction-IT-candidate-covers/IT-069-OL2240525M.jpeg,RECOVERED,OPEN_LIBRARY_EDITION:number_of_pages
IT,INITIAL,70,TWENTIETH_CENTURY,Giorgio Bassani,Il giardino dei Finzi-Contini,/works/OL21138680W,/books/OL38610416M,Il giardino dei Finzi-Contini,ita | eng,,Einaudi,1962,295,14914302,VALID_COVER,data/audit/reconstruction-IT-candidate-covers/IT-070-OL38610416M.jpeg,RECOVERED,OPEN_LIBRARY_EDITION:number_of_pages
IT,INITIAL,71,TWENTIETH_CENTURY,Giuseppe Tomasi di Lampedusa,Il Gattopardo,/works/OL2386322W,/books/OL22126176M,Il gattopardo,ita,880781028X,Feltrinelli,1963,247,8015480,VALID_COVER,data/audit/reconstruction-IT-candidate-covers/IT-071-OL22126176M.jpeg,RECOVERED,OPEN_LIBRARY_EDITION:number_of_pages
IT,INITIAL,72,TWENTIETH_CENTURY,Primo Levi,Se questo è un uomo,/works/OL860066W,/books/OL35605422M,Se questo è un uomo,ita,9788806219352,Einaudi,2014,219,12311586,VALID_COVER,data/audit/reconstruction-IT-candidate-covers/IT-072-OL35605422M.jpeg,RECOVERED,OPEN_LIBRARY_EDITION:number_of_pages
IT,INITIAL,73,TWENTIETH_CENTURY,Primo Levi,La tregua,/works/OL860032W,/books/OL756300M,Se questo è un uomo / La tregua,ita,8806116053,Einaudi,1989,362,1049023,VALID_COVER,data/audit/reconstruction-IT-candidate-covers/IT-073-OL756300M.jpeg,RECOVERED,OPEN_LIBRARY_EDITION:number_of_pages
IT,INITIAL,76,TWENTIETH_CENTURY,Italo Calvino,Le città invisibili,/works/OL15297W,/books/OL21148363M,Invisible cities,eng | ita,0151452903,Harcourt Brace Jovanovich,1974,165,11712445,VALID_COVER,data/audit/reconstruction-IT-candidate-covers/IT-076-OL21148363M.jpeg,RECOVERED,OPEN_LIBRARY_EDITION:number_of_pages
IT,INITIAL,77,TWENTIETH_CENTURY,Elsa Morante,L'isola di Arturo,/works/OL2883788W,/books/OL768247M,L' isola di Arturo,ita,8806409077,Einaudi,1957,386,12701600,VALID_COVER,data/audit/reconstruction-IT-candidate-covers/IT-077-OL768247M.jpeg,RECOVERED,OPEN_LIBRARY_EDITION:number_of_pages
IT,INITIAL,79,TWENTIETH_CENTURY,Pier Paolo Pasolini,Ragazzi di vita,/works/OL669436W,/books/OL4677082M,Ragazzi di vita,ita,9788811688358,Garzanti,1976,260,8142991,VALID_COVER,data/audit/reconstruction-IT-candidate-covers/IT-079-OL4677082M.jpeg,RECOVERED,OPEN_LIBRARY_EDITION:number_of_pages
IT,INITIAL,81,TWENTIETH_CENTURY,Leonardo Sciascia,Il giorno della civetta,/works/OL11021574W,/books/OL14459791M,Il giorno della civetta,ita,8806032690,G. Einaudi,1972,120,12159317,VALID_COVER,data/audit/reconstruction-IT-candidate-covers/IT-081-OL14459791M.jpeg,RECOVERED,OPEN_LIBRARY_EDITION:number_of_pages
IT,INITIAL,82,TWENTIETH_CENTURY,Leonardo Sciascia,A ciascuno il suo,/works/OL10448166W,/books/OL16176274M,A ciascuno il suo.,ita,8481304913,La Biblioteca di Republica,2002,126,15201672,VALID_COVER,data/audit/reconstruction-IT-candidate-covers/IT-082-OL16176274M.jpeg,RECOVERED,OPEN_LIBRARY_EDITION:number_of_pages
IT,INITIAL,85,TWENTIETH_CENTURY,Natalia Ginzburg,Le piccole virtù,/works/OL1449790W,/books/OL33012553M,Le piccole virtù,ita,9788806056971,Einaudi,1984,129,11668638,VALID_COVER,data/audit/reconstruction-IT-candidate-covers/IT-085-OL33012553M.jpeg,RECOVERED,OPEN_LIBRARY_EDITION:number_of_pages
IT,INITIAL,86,TWENTIETH_CENTURY,Dino Buzzati,Il deserto dei Tartari,/works/OL1437341W,/books/OL772990M,Il deserto dei Tartari,ita,8804327030,A. Mondadori,1989,234,1048984,VALID_COVER,data/audit/reconstruction-IT-candidate-covers/IT-086-OL772990M.jpeg,RECOVERED,OPEN_LIBRARY_EDITION:number_of_pages
IT,INITIAL,87,TWENTIETH_CENTURY,Dino Buzzati,Sessanta racconti,/works/OL27774140W,/books/OL37923621M,Sessanta racconti,ita,9788852039669,Mondadori,2014,,12749517,VALID_COVER,data/audit/reconstruction-IT-candidate-covers/IT-087-OL37923621M.jpeg,NO_PAGE_COUNT,
IT,INITIAL,88,TWENTIETH_CENTURY,Curzio Malaparte,Kaputt,/works/OL19932352W,/books/OL27113085M,Kaputt,ita,9788845923715,Adelphi,2009,476,15212153,VALID_COVER,data/audit/reconstruction-IT-candidate-covers/IT-088-OL27113085M.jpeg,RECOVERED,OPEN_LIBRARY_EDITION:number_of_pages
IT,INITIAL,89,TWENTIETH_CENTURY,Curzio Malaparte,La pelle,/works/OL19768172W,/books/OL39816885M,La pelle,ita,9788845930379,Adelphi,2010,379,12939762,VALID_COVER,data/audit/reconstruction-IT-candidate-covers/IT-089-OL39816885M.jpeg,RECOVERED,OPEN_LIBRARY_EDITION:number_of_pages
IT,INITIAL,90,TWENTIETH_CENTURY,Giorgio Bassani,Gli occhiali d'oro,/works/OL136819W,/books/OL774502M,Gli occhiali d'oro,ita,8804418540,A. Mondadori,1996,114,11016597,VALID_COVER,data/audit/reconstruction-IT-candidate-covers/IT-090-OL774502M.jpeg,RECOVERED,OPEN_LIBRARY_EDITION:number_of_pages
IT,INITIAL,91,TWENTIETH_CENTURY,Alberto Moravia,La romana,/works/OL14857509W,/books/OL22215528M,La romana,ita,8845207064,Bompiani,1993,,13067219,VALID_COVER,data/audit/reconstruction-IT-candidate-covers/IT-091-OL22215528M.jpeg,NO_PAGE_COUNT,
IT,INITIAL,93,TWENTIETH_CENTURY,Elio Vittorini,Le donne di Messina,/works/OL2238009W,/books/OL20088585M,Le donne di Messina,ita,8804297638,Arnoldo Mondadori Editore,1987,,12471117,VALID_COVER,data/audit/reconstruction-IT-candidate-covers/IT-093-OL20088585M.jpeg,NO_PAGE_COUNT,
IT,INITIAL,94,TWENTIETH_CENTURY,Elsa Morante,Menzogna e sortilegio,/works/OL2883791W,/books/OL24971676M,Menzogna e sortilegio,ita,9788806136024,Einaudi,1994,723,6887314,VALID_COVER,data/audit/reconstruction-IT-candidate-covers/IT-094-OL24971676M.jpeg,RECOVERED,OPEN_LIBRARY_EDITION:number_of_pages
IT,INITIAL,95,TWENTIETH_CENTURY,Mario Soldati,Le lettere da Capri,/works/OL2881397W,/books/OL767006M,Le lettere da Capri,ita,8845227723,Bompiani,1996,250,3803703,VALID_COVER,data/audit/reconstruction-IT-candidate-covers/IT-095-OL767006M.jpeg,RECOVERED,OPEN_LIBRARY_EDITION:number_of_pages
IT,INITIAL,96,CONTEMPORARY,Umberto Eco,Il nome della rosa,/works/OL8996439W,/books/OL773050M,Il nome della rosa,ita,8845207056,Bompiani,1989,533,10144473,VALID_COVER,data/audit/reconstruction-IT-candidate-covers/IT-096-OL773050M.jpeg,RECOVERED,OPEN_LIBRARY_EDITION:number_of_pages
IT,INITIAL,97,CONTEMPORARY,Umberto Eco,Il pendolo di Foucault,/works/OL8996438W,/books/OL9188417M,Il Pendolo Di Foucault,ita,9788845247491,Tascabili Bompiani,June 2001,687,1049164,VALID_COVER,data/audit/reconstruction-IT-candidate-covers/IT-097-OL9188417M.jpeg,RECOVERED,OPEN_LIBRARY_EDITION:number_of_pages
IT,INITIAL,99,CONTEMPORARY,Antonio Tabucchi,Sostiene Pereira,/works/OL550573W,/books/OL37796093M,Sostiene Pereira,ita,9788807883040,Feltrinelli,2013,214,12704965,VALID_COVER,data/audit/reconstruction-IT-candidate-covers/IT-099-OL37796093M.jpeg,RECOVERED,OPEN_LIBRARY_EDITION:number_of_pages
IT,INITIAL,101,CONTEMPORARY,Claudio Magris,Danubio,/works/OL21893677W,/books/OL31921218M,Danubio,ita,9788497890212,"Editoriale FVG, Divisione di Trieste",2003,415,10604390,VALID_COVER,data/audit/reconstruction-IT-candidate-covers/IT-101-OL31921218M.jpeg,RECOVERED,OPEN_LIBRARY_EDITION:number_of_pages
IT,INITIAL,102,CONTEMPORARY,Claudio Magris,Microcosmi,/works/OL18898619W,/books/OL760429M,Microcosmi,ita,8811662583,Garzanti,1997,275,3802511,VALID_COVER,data/audit/reconstruction-IT-candidate-covers/IT-102-OL760429M.jpeg,RECOVERED,OPEN_LIBRARY_EDITION:number_of_pages
IT,INITIAL,103,CONTEMPORARY,Elena Ferrante,L'amica geniale,/works/OL16520879W,/books/OL62515388M,L'amica geniale,ita,9788866320951,Edizioni e/o,"October 1, 2011",400,15251367,VALID_COVER,data/audit/reconstruction-IT-candidate-covers/IT-103-OL62515388M.jpeg,RECOVERED,OPEN_LIBRARY_EDITION:number_of_pages
IT,INITIAL,106,CONTEMPORARY,Elena Ferrante,Storia della bambina perduta,/works/OL17264238W,/books/OL27197292M,Storia della bambina perduta,ita,9788866325512,e/o Edizioni,2014,451,14820917,VALID_COVER,data/audit/reconstruction-IT-candidate-covers/IT-106-OL27197292M.jpeg,RECOVERED,OPEN_LIBRARY_EDITION:number_of_pages
IT,INITIAL,107,CONTEMPORARY,Andrea Camilleri,La forma dell'acqua,/works/OL15013396W,/books/OL543562M,La forma dell'acqua,ita,8838910170,Sellerio,1994,173,1049112,VALID_COVER,data/audit/reconstruction-IT-candidate-covers/IT-107-OL543562M.jpeg,RECOVERED,OPEN_LIBRARY_EDITION:number_of_pages
IT,INITIAL,108,CONTEMPORARY,Andrea Camilleri,Il cane di terracotta,/works/OL26174266W,/books/OL35323475M,Il cane di terracotta,ita,9788838922299,Sellerio,2007,279,12137303,VALID_COVER,data/audit/reconstruction-IT-candidate-covers/IT-108-OL35323475M.jpeg,RECOVERED,OPEN_LIBRARY_EDITION:number_of_pages
IT,INITIAL,109,CONTEMPORARY,Alessandro Baricco,Seta,/works/OL876504W,/books/OL35733993M,Seta,ita,9788807880896,Feltrinelli,2014-02,112,13441164,VALID_COVER,data/audit/reconstruction-IT-candidate-covers/IT-109-OL35733993M.jpeg,RECOVERED,OPEN_LIBRARY_EDITION:number_of_pages
IT,INITIAL,110,CONTEMPORARY,Alessandro Baricco,Oceano mare,/works/OL876498W,/books/OL9176974M,Oceano Mare,ita,9788817106108,Biblioteca Universale Rizzoli,2003-04,227,12993292,VALID_COVER,data/audit/reconstruction-IT-candidate-covers/IT-110-OL9176974M.jpeg,RECOVERED,OPEN_LIBRARY_EDITION:number_of_pages
IT,INITIAL,111,CONTEMPORARY,Niccolò Ammaniti,Io non ho paura,/works/OL9012760W,/books/OL9347320M,Io Non Ho Paura,ita,9788806188672,Einaudi,July 2007,,4966797,VALID_COVER,data/audit/reconstruction-IT-candidate-covers/IT-111-OL9347320M.jpeg,NO_PAGE_COUNT,
IT,INITIAL,112,CONTEMPORARY,Niccolò Ammaniti,Come Dio comanda,/works/OL971132W,/books/OL20691726M,Come Dio comanda,ita,9788804502791,Mondadori,2006,495,9499298,VALID_COVER,data/audit/reconstruction-IT-candidate-covers/IT-112-OL20691726M.jpeg,RECOVERED,OPEN_LIBRARY_EDITION:number_of_pages
IT,INITIAL,114,CONTEMPORARY,Margaret Mazzantini,Venuto al mondo,/works/OL669814W,/books/OL23179013M,Venuto al mondo,ita,9788804573708,Mondadori,2008,529,9754556,VALID_COVER,data/audit/reconstruction-IT-candidate-covers/IT-114-OL23179013M.jpeg,RECOVERED,OPEN_LIBRARY_EDITION:number_of_pages
IT,INITIAL,118,CONTEMPORARY,Erri De Luca,Montedidio,/works/OL22454W,/books/OL15387774M,Montedidio,ita,8807016001,Feltrinelli,2001,142,5307395,VALID_COVER,data/audit/reconstruction-IT-candidate-covers/IT-118-OL15387774M.jpeg,RECOVERED,OPEN_LIBRARY_EDITION:number_of_pages
IT,INITIAL,121,ESSAYS_PHILOSOPHY,Giambattista Vico,Principi di scienza nuova,/works/OL582463W,/books/OL23367530M,Principi di scienza nuova di Giambattista Vico d'intorno alla comune natura delle nazioni colla vita dell'autore scritta da lui medesimo.,ita,,G. Silvestri,1816,,6117576,VALID_COVER,data/audit/reconstruction-IT-candidate-covers/IT-121-OL23367530M.jpeg,NO_PAGE_COUNT,
IT,INITIAL,122,ESSAYS_PHILOSOPHY,Cesare Beccaria,Dei delitti e delle pene,/works/OL1223677W,/books/OL24144349M,Dei delitti e delle pene.,ita,,Dal Molini ...,1780,190,6323012,VALID_COVER,data/audit/reconstruction-IT-candidate-covers/IT-122-OL24144349M.jpeg,RECOVERED,OPEN_LIBRARY_EDITION:number_of_pages
IT,INITIAL,123,ESSAYS_PHILOSOPHY,Benedetto Croce,Estetica come scienza dell'espressione e linguistica generale,/works/OL15465982W,/books/OL24431821M,Estetica come scienza dell'espressione e linguistica generale,ita,,Gius. Laterza,1922,560,7038877,VALID_COVER,data/audit/reconstruction-IT-candidate-covers/IT-123-OL24431821M.jpeg,RECOVERED,OPEN_LIBRARY_EDITION:number_of_pages
IT,INITIAL,124,ESSAYS_PHILOSOPHY,Antonio Gramsci,Quaderni del carcere,/works/OL19897982W,/books/OL27083873M,Quaderni del carcere,ita,9788806186494,Einaudi,2007,3370,8712065,VALID_COVER,data/audit/reconstruction-IT-candidate-covers/IT-124-OL27083873M.jpeg,RECOVERED,OPEN_LIBRARY_EDITION:number_of_pages
IT,INITIAL,128,ESSAYS_PHILOSOPHY,Italo Calvino,Lezioni americane,/works/OL10423758W,/books/OL2110785M,Lezioni americane,ita,881159815X,Garzanti,1988,121,4075397,VALID_COVER,data/audit/reconstruction-IT-candidate-covers/IT-128-OL2110785M.jpeg,RECOVERED,OPEN_LIBRARY_EDITION:number_of_pages
IT,INITIAL,129,ESSAYS_PHILOSOPHY,Pier Paolo Pasolini,Scritti corsari,/works/OL669430W,/books/OL27279310M,Scritti corsari,ita,9788811666295,Garzanti,"Aug 24, 2002",248,8761546,VALID_COVER,data/audit/reconstruction-IT-candidate-covers/IT-129-OL27279310M.jpeg,RECOVERED,OPEN_LIBRARY_EDITION:number_of_pages
IT,INITIAL,130,ESSAYS_PHILOSOPHY,Primo Levi,I sommersi e i salvati,/works/OL860027W,/books/OL2424397M,I sommersi e i salvati,ita,8806593080,Einaudi,1986,167,10233749,VALID_COVER,data/audit/reconstruction-IT-candidate-covers/IT-130-OL2424397M.jpeg,RECOVERED,OPEN_LIBRARY_EDITION:number_of_pages
IT,INITIAL,131,ESSAYS_PHILOSOPHY,Giordano Bruno,La cena de le ceneri,/works/OL959909W,/books/OL18427450M,La cena de le ceneri,ita,8804394897,Mondadori,1995,109,13484375,VALID_COVER,data/audit/reconstruction-IT-candidate-covers/IT-131-OL18427450M.jpeg,RECOVERED,OPEN_LIBRARY_EDITION:number_of_pages
IT,INITIAL,133,ESSAYS_PHILOSOPHY,Tommaso Campanella,La città del Sole,/works/OL752625W,/books/OL21488707M,La Citta del sole,eng | ita,0520040341,University of California Press,1981,144,11662787,VALID_COVER,data/audit/reconstruction-IT-candidate-covers/IT-133-OL21488707M.jpeg,RECOVERED,OPEN_LIBRARY_EDITION:number_of_pages
IT,INITIAL,135,ESSAYS_PHILOSOPHY,Norberto Bobbio,Il futuro della democrazia,/works/OL718127W,/books/OL2601697M,Il futuro della democrazia,ita,8806057545,G. Einaudi,1984,170,13548353,VALID_COVER,data/audit/reconstruction-IT-candidate-covers/IT-135-OL2601697M.jpeg,RECOVERED,OPEN_LIBRARY_EDITION:number_of_pages
IT,INITIAL,136,HISTORY_SOCIETY,Carlo Levi,Cristo si è fermato a Eboli,/works/OL14857542W,/books/OL6806883M,L' invenzione della verità,ita,8876943323,Edizioni dell'orso,1998,183,4532686,VALID_COVER,data/audit/reconstruction-IT-candidate-covers/IT-136-OL6806883M.jpeg,RECOVERED,OPEN_LIBRARY_EDITION:number_of_pages
IT,INITIAL,137,HISTORY_SOCIETY,Emilio Lussu,Un anno sull'Altipiano,/works/OL16974264W,/books/OL25560928M,Un anno sull'Altipiano,ita,9788806173142,Einaudi,2008,215,10020445,VALID_COVER,data/audit/reconstruction-IT-candidate-covers/IT-137-OL25560928M.jpeg,RECOVERED,OPEN_LIBRARY_EDITION:number_of_pages
IT,INITIAL,141,HISTORY_SOCIETY,Ernesto De Martino,La terra del rimorso,/works/OL2162755W,/books/OL19099213M,La terra del rimorso,ita,8842803537,Il saggiatore,2000,396,13844058,VALID_COVER,data/audit/reconstruction-IT-candidate-covers/IT-141-OL19099213M.jpeg,RECOVERED,OPEN_LIBRARY_EDITION:number_of_pages
IT,INITIAL,142,HISTORY_SOCIETY,Leonardo Sciascia,L'affaire Moro,/works/OL665660W,/books/OL13430424M,L'affaire Moro (Piccola Biblioteca Adelphi),ita,9788845910838,Adelphi,"April 1, 1998",196,3336649,VALID_COVER,data/audit/reconstruction-IT-candidate-covers/IT-142-OL13430424M.jpeg,RECOVERED,OPEN_LIBRARY_EDITION:number_of_pages
IT,INITIAL,146,YOUTH,Gianni Rodari,Favole al telefono,/works/OL2284481W,/books/OL23038938M,Favole al telefono,ita,8879262017,Einaudi Ragazzi,1995,172,9447803,VALID_COVER,data/audit/reconstruction-IT-candidate-covers/IT-146-OL23038938M.jpeg,RECOVERED,OPEN_LIBRARY_EDITION:number_of_pages
IT,INITIAL,149,YOUTH,Gianni Rodari,Gelsomino nel paese dei bugiardi,/works/OL2284432W,/books/OL3362530M,Gelsomino nel paese dei bugiardi,ita,9788835949732,Editori Riuniti,2000,168,15229032,VALID_COVER,data/audit/reconstruction-IT-candidate-covers/IT-149-OL3362530M.jpeg,RECOVERED,OPEN_LIBRARY_EDITION:number_of_pages
IT,INITIAL,152,YOUTH,Bianca Pitzorno,Ascolta il mio cuore,/works/OL24408622W,/books/OL32811994M,Ascolta il mio cuore,ita,9788804456049,Mondadori,1998,392,11444763,VALID_COVER,data/audit/reconstruction-IT-candidate-covers/IT-152-OL32811994M.jpeg,RECOVERED,OPEN_LIBRARY_EDITION:number_of_pages
IT,INITIAL,153,YOUTH,Roberto Piumini,Lo stralisco,/works/OL19523722W,/books/OL531120M,Lo stralisco,ita,8806138693,Einaudi,1995,197,13511405,VALID_COVER,data/audit/reconstruction-IT-candidate-covers/IT-153-OL531120M.jpeg,RECOVERED,OPEN_LIBRARY_EDITION:number_of_pages
IT,INITIAL,156,GRAPHIC,Hugo Pratt,Una ballata del mare salato,/works/OL19554807M,/books/OL19554807M,Corto Maltese,ita,8886456379,Lizard,1998,255,5479190,VALID_COVER,data/audit/reconstruction-IT-candidate-covers/IT-156-OL19554807M.jpeg,RECOVERED,OPEN_LIBRARY_EDITION:number_of_pages
IT,INITIAL,157,GRAPHIC,Hugo Pratt,Corte sconta detta arcana,/works/OL16978179W,/books/OL25562872M,Corto Maltese,ita,9788887715125,Lizard Edizioni,2002,102,9564141,VALID_COVER,data/audit/reconstruction-IT-candidate-covers/IT-157-OL25562872M.jpeg,RECOVERED,OPEN_LIBRARY_EDITION:number_of_pages
IT,INITIAL,160,GRAPHIC,Zerocalcare,La profezia dell'armadillo,/works/OL32232720W,/books/OL43976995M,La profezia dell'armadillo,ita,9788865431030,Bao Publishing,2012,143,13160647,VALID_COVER,data/audit/reconstruction-IT-candidate-covers/IT-160-OL43976995M.jpeg,RECOVERED,OPEN_LIBRARY_EDITION:number_of_pages
IT,INITIAL,163,GRAPHIC,Manuele Fior,Cinquemila chilometri al secondo,/works/OL20451427W,/books/OL27676055M,Cinquemila chilometri al secondo,ita,9788876181719,Coconino Press,"Aug 01, 2010",143,9117676,VALID_COVER,data/audit/reconstruction-IT-candidate-covers/IT-163-OL27676055M.jpeg,RECOVERED,OPEN_LIBRARY_EDITION:number_of_pages
IT,RECOVERY,3,ITALIAN_CANON,Dante Alighieri,Convivio,/works/OL93222W,/books/OL23291081M,The convivio of Dante Aliaghieri.,ita,,Dent,1912,446,5754781,VALID_COVER,data/audit/reconstruction-IT-recovery-covers/IT-recovery-003-OL23291081M.jpeg,RECOVERED,OPEN_LIBRARY_EDITION:number_of_pages
IT,RECOVERY,13,ITALIAN_CANON,Torquato Tasso,Aminta,/works/OL17863250W,/books/OL26446303M,Aminta,ita,,Della stampa di Roberto ed Andrea Foulis,1753,74,8167296,VALID_COVER,data/audit/reconstruction-IT-recovery-covers/IT-recovery-013-OL26446303M.jpeg,RECOVERED,OPEN_LIBRARY_EDITION:number_of_pages
IT,RECOVERY,19,ITALIAN_CANON,Benvenuto Cellini,Vita,/works/OL15471265W,/books/OL24436338M,Vita,ita,,Tip. all'insegna di Dante,1832,,7223529,VALID_COVER,data/audit/reconstruction-IT-recovery-covers/IT-recovery-019-OL24436338M.jpeg,NO_PAGE_COUNT,
IT,RECOVERY,26,ITALIAN_CANON,Vittorio Alfieri,Saul,/works/OL4017120W,/books/OL13428286M,Saul,ita,9788811583967,Garzanti,1990,98,5284024,VALID_COVER,data/audit/reconstruction-IT-recovery-covers/IT-recovery-026-OL13428286M.jpeg,RECOVERED,OPEN_LIBRARY_EDITION:number_of_pages
IT,RECOVERY,31,ITALIAN_CANON,Alessandro Manzoni,Adelchi,/works/OL644385W,/books/OL14908609M,Adelchi,ita,8811584302,Garzanti,1991,148,5295170,VALID_COVER,data/audit/reconstruction-IT-recovery-covers/IT-recovery-031-OL14908609M.jpeg,RECOVERED,OPEN_LIBRARY_EDITION:number_of_pages
IT,RECOVERY,105,CONTEMPORARY,Elena Ferrante,Storia di chi fugge e di chi resta,/works/OL17081245W,/books/OL27158290M,Storia di chi fugge e di chi resta,ita,9788866324119,e/o Edizioni,2013,382,14820920,VALID_COVER,data/audit/reconstruction-IT-recovery-covers/IT-recovery-105-OL27158290M.jpeg,RECOVERED,OPEN_LIBRARY_EDITION:number_of_pages
IT,RECOVERY,113,CONTEMPORARY,Margaret Mazzantini,Non ti muovere,/works/OL669818W,/books/OL15384344M,Non ti muovere,ita,8804489472,Mondadori,2001,295,15087927,VALID_COVER,data/audit/reconstruction-IT-recovery-covers/IT-recovery-113-OL15384344M.jpeg,RECOVERED,OPEN_LIBRARY_EDITION:number_of_pages
IT,RECOVERY,115,CONTEMPORARY,Roberto Saviano,Gomorra,/works/OL26199256W,/books/OL35350766M,Gomorra,ita,9788804569152,O. Mondadori,2010,395,12191346,VALID_COVER,data/audit/reconstruction-IT-recovery-covers/IT-recovery-115-OL35350766M.jpeg,RECOVERED,OPEN_LIBRARY_EDITION:number_of_pages
IT,RECOVERY,138,HISTORY_SOCIETY,Mario Rigoni Stern,Il sergente nella neve,/works/OL602169W,/books/OL19030984M,Il sergente nella neve,ita,8806160311,Einaudi,2001,139,9688656,VALID_COVER,data/audit/reconstruction-IT-recovery-covers/IT-recovery-138-OL19030984M.jpeg,RECOVERED,OPEN_LIBRARY_EDITION:number_of_pages
IT,RECOVERY,143,HISTORY_SOCIETY,Antonio Gramsci,Lettere dal carcere,/works/OL77382W,/books/OL5085359M,Letters from prison.,eng | ita,006012539X,Harper & Row,1973,292,13026579,VALID_COVER,data/audit/reconstruction-IT-recovery-covers/IT-recovery-143-OL5085359M.jpeg,RECOVERED,OPEN_LIBRARY_EDITION:number_of_pages
IT,REPLACEMENT,,TWENTIETH_CENTURY,Alberto Moravia,Agostino,/works/OL14857506W,/books/OL19019061M,Agostino,ita,9788845246326,Bompiani,2000,126,12631426,VALID_COVER,data/audit/reconstruction-IT-replacement-covers/IT-replacement-TWENTIETH_CENTURY-05-OL19019061M.jpeg,RECOVERED,OPEN_LIBRARY_EDITION:number_of_pages
IT,REPLACEMENT,,ITALIAN_CANON,Alessandro Manzoni,Il conte di Carmagnola,/works/OL644377W,/books/OL16001013M,Il conte di Carmagnola,ita,8831752065,Marsilio,1989,269,5316174,VALID_COVER,data/audit/reconstruction-IT-replacement-covers/IT-replacement-ITALIAN_CANON-10-OL16001013M.jpeg,RECOVERED,OPEN_LIBRARY_EDITION:number_of_pages
IT,REPLACEMENT,,CONTEMPORARY,Andrea Camilleri,Il ladro di merendine,/works/OL27972869W,/books/OL38243413M,Il ladro di merendine,ita,9788838932243,Sellerio,2014,289,12788096,VALID_COVER,data/audit/reconstruction-IT-replacement-covers/IT-replacement-CONTEMPORARY-08-OL38243413M.jpeg,RECOVERED,OPEN_LIBRARY_EDITION:number_of_pages
IT,REPLACEMENT,,CONTEMPORARY,Andrea Camilleri,La voce del violino,/works/OL27973653W,/books/OL38244469M,La voce del violino,ita,9788838932144,Sellerio,2014,241,12789360,VALID_COVER,data/audit/reconstruction-IT-replacement-covers/IT-replacement-CONTEMPORARY-09-OL38244469M.jpeg,RECOVERED,OPEN_LIBRARY_EDITION:number_of_pages
IT,REPLACEMENT,,CONTEMPORARY,Antonio Tabucchi,Piccoli equivoci senza importanza,/works/OL550537W,/books/OL2616122M,Piccoli equivoci senza importanza,ita,8807013061,Feltrinelli,1985,153,11023862,VALID_COVER,data/audit/reconstruction-IT-replacement-covers/IT-replacement-CONTEMPORARY-03-OL2616122M.jpeg,RECOVERED,OPEN_LIBRARY_EDITION:number_of_pages
IT,REPLACEMENT,,CONTEMPORARY,Antonio Tabucchi,Si sta facendo sempre più tardi,/works/OL550540W,/books/OL9176540M,SI Sta Facendo Sempre Piu' Tardi,ita,9788807015908,Feltrinelli,January 2001,228,5363086,VALID_COVER,data/audit/reconstruction-IT-replacement-covers/IT-replacement-CONTEMPORARY-04-OL9176540M.jpeg,RECOVERED,OPEN_LIBRARY_EDITION:number_of_pages
IT,REPLACEMENT,,ESSAYS_PHILOSOPHY,Benedetto Croce,Breviario di estetica,/works/OL28945953W,/books/OL39800763M,Breviario di estetica,ita,9788842004240,Laterza,1988,155,15218920,VALID_COVER,data/audit/reconstruction-IT-replacement-covers/IT-replacement-ESSAYS_PHILOSOPHY-01-OL39800763M.jpeg,RECOVERED,OPEN_LIBRARY_EDITION:number_of_pages
IT,REPLACEMENT,,HISTORY_SOCIETY,Benedetto Croce,Storia d'Europa nel secolo decimonono,/works/OL1107881W,/books/OL6278051M,Storia d'Europa nel secolo decimonono.,ita,,G. Laterza & figli,1932,366,14917615,VALID_COVER,data/audit/reconstruction-IT-replacement-covers/IT-replacement-HISTORY_SOCIETY-08-OL6278051M.jpeg,RECOVERED,OPEN_LIBRARY_EDITION:number_of_pages
IT,REPLACEMENT,,YOUTH,Bianca Pitzorno,Extraterrestre alla pari,/works/OL10262811W,/books/OL24656955M,Extraterrestre alla pari,ita,9788879262279,Einaudi Ragazzi,1996,234,6771735,VALID_COVER,data/audit/reconstruction-IT-replacement-covers/IT-replacement-YOUTH-06-OL24656955M.jpeg,RECOVERED,OPEN_LIBRARY_EDITION:number_of_pages
IT,REPLACEMENT,,TWENTIETH_CENTURY,Carlo Emilio Gadda,L'Adalgisa,/works/OL28201456W,/books/OL43924221M,L'Adalgisa,ita,9788845926808,Adelphi,2012,352,13220142,VALID_COVER,data/audit/reconstruction-IT-replacement-covers/IT-replacement-TWENTIETH_CENTURY-10-OL43924221M.jpeg,RECOVERED,OPEN_LIBRARY_EDITION:number_of_pages
IT,REPLACEMENT,,ITALIAN_CANON,Carlo Goldoni,La bottega del caffè,/works/OL654714W,/books/OL862921M,La bottega del caffè,ita,8831758179,Marsilio,1994,272,3829179,VALID_COVER,data/audit/reconstruction-IT-replacement-covers/IT-replacement-ITALIAN_CANON-07-OL862921M.jpeg,RECOVERED,OPEN_LIBRARY_EDITION:number_of_pages
IT,REPLACEMENT,,TWENTIETH_CENTURY,Cesare Pavese,Il mestiere di vivere,/works/OL24341014W,/books/OL32222366M,Il mestiere di vivere,ita,9788806153236,Einaudi,"Apr 20, 2000",570,10864224,VALID_COVER,data/audit/reconstruction-IT-replacement-covers/IT-replacement-TWENTIETH_CENTURY-06-OL32222366M.jpeg,RECOVERED,OPEN_LIBRARY_EDITION:number_of_pages
IT,REPLACEMENT,,TWENTIETH_CENTURY,Cesare Pavese,La casa in collina,/works/OL10422835W,/books/OL22164380M,La casa in collina,ita,8806118293,Giulio Einaudi,1990,165,14997669,VALID_COVER,data/audit/reconstruction-IT-replacement-covers/IT-replacement-TWENTIETH_CENTURY-07-OL22164380M.jpeg,RECOVERED,OPEN_LIBRARY_EDITION:number_of_pages
IT,REPLACEMENT,,CONTEMPORARY,Claudio Magris,Alla cieca,/works/OL19925304W,/books/OL3453903M,Alla cieca,ita,8811662176,Garzanti,2005,335,4266992,VALID_COVER,data/audit/reconstruction-IT-replacement-covers/IT-replacement-CONTEMPORARY-05-OL3453903M.jpeg,RECOVERED,OPEN_LIBRARY_EDITION:number_of_pages
IT,REPLACEMENT,,TWENTIETH_CENTURY,Dino Buzzati,Un amore,/works/OL29233908W,/books/OL40210151M,Un amore,ita,9788804458203,Mondadori,2000,269,12965068,VALID_COVER,data/audit/reconstruction-IT-replacement-covers/IT-replacement-TWENTIETH_CENTURY-21-OL40210151M.jpeg,RECOVERED,OPEN_LIBRARY_EDITION:number_of_pages
IT,REPLACEMENT,,CONTEMPORARY,Elena Ferrante,I giorni dell'abbandono,/works/OL8958583W,/books/OL39800103M,I giorni dell'abbandono,ita,9788876419911,Edizioni e/o,2011,213,12915028,VALID_COVER,data/audit/reconstruction-IT-replacement-covers/IT-replacement-CONTEMPORARY-06-OL39800103M.jpeg,RECOVERED,OPEN_LIBRARY_EDITION:number_of_pages
IT,REPLACEMENT,,CONTEMPORARY,Elena Ferrante,La figlia oscura,/works/OL8958584W,/books/OL16292424M,La figlia oscura,ita,8876417532,Edizioni e/ o,2006,141,13265480,VALID_COVER,data/audit/reconstruction-IT-replacement-covers/IT-replacement-CONTEMPORARY-07-OL16292424M.jpeg,RECOVERED,OPEN_LIBRARY_EDITION:number_of_pages
IT,REPLACEMENT,,TWENTIETH_CENTURY,Elio Vittorini,Il garofano rosso,/works/OL2238014W,/books/OL774155M,Il garofano rosso,ita,8804064730,A. Mondadori,1995,209,12655360,VALID_COVER,data/audit/reconstruction-IT-replacement-covers/IT-replacement-TWENTIETH_CENTURY-08-OL774155M.jpeg,RECOVERED,OPEN_LIBRARY_EDITION:number_of_pages
IT,REPLACEMENT,,HISTORY_SOCIETY,Emilio Lussu,Marcia su Roma e dintorni,/works/OL11106178W,/books/OL18272962M,Marcia su Roma e dintorni,ita,8806444956,Einaudi,1975,188,12346242,VALID_COVER,data/audit/reconstruction-IT-replacement-covers/IT-replacement-HISTORY_SOCIETY-02-OL18272962M.jpeg,RECOVERED,OPEN_LIBRARY_EDITION:number_of_pages
IT,REPLACEMENT,,HISTORY_SOCIETY,Ernesto De Martino,Sud e magia,/works/OL2162754W,/books/OL3551141M,Sud e magia,ita,8807102900,Feltrinelli,2000,205,4287125,VALID_COVER,data/audit/reconstruction-IT-replacement-covers/IT-replacement-HISTORY_SOCIETY-05-OL3551141M.jpeg,RECOVERED,OPEN_LIBRARY_EDITION:number_of_pages
IT,REPLACEMENT,,TWENTIETH_CENTURY,Gesualdo Bufalino,Le menzogne della notte,/works/OL2104554W,/books/OL2094642M,Le menzogne della notte,ita,,Bompiani,1988,154,12595574,VALID_COVER,data/audit/reconstruction-IT-replacement-covers/IT-replacement-TWENTIETH_CENTURY-22-OL2094642M.jpeg,RECOVERED,OPEN_LIBRARY_EDITION:number_of_pages
IT,REPLACEMENT,,ITALIAN_CANON,Giacomo Leopardi,Paralipomeni della Batracomiomachia,/works/OL15102107W,/books/OL6528756M,Paralipomeni della Batracomiomachia,ita,,Baudry,1842,136,9914705,VALID_COVER,data/audit/reconstruction-IT-replacement-covers/IT-replacement-ITALIAN_CANON-11-OL6528756M.jpeg,RECOVERED,OPEN_LIBRARY_EDITION:number_of_pages
IT,REPLACEMENT,,ESSAYS_PHILOSOPHY,Giacomo Leopardi,Pensieri,/works/OL15102111W,/books/OL4265812M,Pensieri,eng | ita,0807108855,Louisiana State University Press,1981,172,7364699,VALID_COVER,data/audit/reconstruction-IT-replacement-covers/IT-replacement-ESSAYS_PHILOSOPHY-09-OL4265812M.jpeg,RECOVERED,OPEN_LIBRARY_EDITION:number_of_pages
IT,REPLACEMENT,,YOUTH,Gianni Rodari,La torta in cielo,/works/OL29235134W,/books/OL40211526M,La torta in cielo,ita,9788879261944,Einaudi ragazzi,1995,92,12966526,VALID_COVER,data/audit/reconstruction-IT-replacement-covers/IT-replacement-YOUTH-02-OL40211526M.jpeg,RECOVERED,OPEN_LIBRARY_EDITION:number_of_pages
IT,REPLACEMENT,,ITALIAN_CANON,Giovanni Boccaccio,Ninfale fiesolano,/works/OL7180518W,/books/OL14074615M,The nymph of Fiesole (Il ninfale fiesolano),eng | ita,,Columbia University Press,1960,149,13027181,VALID_COVER,data/audit/reconstruction-IT-replacement-covers/IT-replacement-ITALIAN_CANON-02-OL14074615M.jpeg,RECOVERED,OPEN_LIBRARY_EDITION:number_of_pages
IT,REPLACEMENT,,GRAPHIC,Gipi,LMVDM,/works/OL28962033W,/books/OL39821495M,LMVDM,ita,9788876181252,Coconino Press,2008,143,13316327,VALID_COVER,data/audit/reconstruction-IT-replacement-covers/IT-replacement-GRAPHIC-03-OL39821495M.jpeg,RECOVERED,OPEN_LIBRARY_EDITION:number_of_pages
IT,REPLACEMENT,,GRAPHIC,Igort,Quaderni giapponesi,/works/OL20051600W,/books/OL27231622M,Quaderni giapponesi,ita,9788876182693,Coconino Press,2015,182,13833441,VALID_COVER,data/audit/reconstruction-IT-replacement-covers/IT-replacement-GRAPHIC-08-OL27231622M.jpeg,RECOVERED,OPEN_LIBRARY_EDITION:number_of_pages
IT,REPLACEMENT,,HISTORY_SOCIETY,Leonardo Sciascia,Porte aperte,/works/OL665725W,/books/OL9188439M,Porte Aperte,ita,9788845902628,Adelphi,"January 1, 1993",,12596510,VALID_COVER,data/audit/reconstruction-IT-replacement-covers/IT-replacement-HISTORY_SOCIETY-09-OL9188439M.jpeg,NO_PAGE_COUNT,
IT,REPLACEMENT,,TWENTIETH_CENTURY,Leonardo Sciascia,Todo modo,/works/OL10448167W,/books/OL20944428M,One way or another,eng | ita,0060138041,Harper & Row,1977,117,14402399,VALID_COVER,data/audit/reconstruction-IT-replacement-covers/IT-replacement-TWENTIETH_CENTURY-19-OL20944428M.jpeg,RECOVERED,OPEN_LIBRARY_EDITION:number_of_pages
IT,REPLACEMENT,,ITALIAN_CANON,Ludovico Ariosto,Cinque canti,/works/OL2899861W,/books/OL1119322M,Cinque canti =,eng | ita,0520200071,University of California Press,1996,349,325441,VALID_COVER,data/audit/reconstruction-IT-replacement-covers/IT-replacement-ITALIAN_CANON-03-OL1119322M.jpeg,RECOVERED,OPEN_LIBRARY_EDITION:number_of_pages
IT,REPLACEMENT,,ESSAYS_PHILOSOPHY,Norberto Bobbio,Politica e cultura,/works/OL718134W,/books/OL19970904M,Politica e cultura,ita,8806172921,Einaudi,2005,320,15040569,VALID_COVER,data/audit/reconstruction-IT-replacement-covers/IT-replacement-ESSAYS_PHILOSOPHY-10-OL19970904M.jpeg,RECOVERED,OPEN_LIBRARY_EDITION:number_of_pages
IT,REPLACEMENT,,ESSAYS_PHILOSOPHY,Pier Paolo Pasolini,Empirismo eretico,/works/OL669433W,/books/OL16251653M,Empirismo eretico,ita,8811675448,Garzanti,2000,300,5329287,VALID_COVER,data/audit/reconstruction-IT-replacement-covers/IT-replacement-ESSAYS_PHILOSOPHY-05-OL16251653M.jpeg,RECOVERED,OPEN_LIBRARY_EDITION:number_of_pages
IT,REPLACEMENT,,TWENTIETH_CENTURY,Primo Levi,Il sistema periodico,/works/OL860022W,/books/OL24950218M,Il sistema periodico,ita,9788806537364,Einaudi,1975,238,6947878,VALID_COVER,data/audit/reconstruction-IT-replacement-covers/IT-replacement-TWENTIETH_CENTURY-12-OL24950218M.jpeg,RECOVERED,OPEN_LIBRARY_EDITION:number_of_pages
IT,REPLACEMENT,,ESSAYS_PHILOSOPHY,Primo Levi,L'altrui mestiere,/works/OL860038W,/books/OL2614610M,L' altrui mestiere,ita,8806580248,Einaudi,1985,252,10043219,VALID_COVER,data/audit/reconstruction-IT-replacement-covers/IT-replacement-ESSAYS_PHILOSOPHY-06-OL2614610M.jpeg,RECOVERED,OPEN_LIBRARY_EDITION:number_of_pages
IT,REPLACEMENT,,TWENTIETH_CENTURY,Primo Levi,"Se non ora, quando?",/works/OL860049W,/books/OL15102628M,"If Not Now, When?",eng | ita,9780671493363,Summit Books,1985,349,15120521,VALID_COVER,data/audit/reconstruction-IT-replacement-covers/IT-replacement-TWENTIETH_CENTURY-13-OL15102628M.jpeg,RECOVERED,OPEN_LIBRARY_EDITION:number_of_pages
IT,REPLACEMENT,,YOUTH,Silvana Gandolfi,Pasta di drago,/works/OL2284257W,/books/OL42864736M,Pasta di drago,ita,9788877824981,Salani,1996,208,13016121,VALID_COVER,data/audit/reconstruction-IT-replacement-covers/IT-replacement-YOUTH-09-OL42864736M.jpeg,RECOVERED,OPEN_LIBRARY_EDITION:number_of_pages
IT,REPLACEMENT,,YOUTH,Stefano Benni,Margherita Dolcevita,/works/OL959601W,/books/OL18489858M,Margherita Dolcevita,ita,880701677X,Feltrinelli,2005,206,5422115,VALID_COVER,data/audit/reconstruction-IT-replacement-covers/IT-replacement-YOUTH-12-OL18489858M.jpeg,RECOVERED,OPEN_LIBRARY_EDITION:number_of_pages
IT,REPLACEMENT,,ITALIAN_CANON,Torquato Tasso,Rime,/works/OL15470041W,/books/OL24435179M,Rime,ita,,Romagnoli,1898,,7034031,VALID_COVER,data/audit/reconstruction-IT-replacement-covers/IT-replacement-ITALIAN_CANON-04-OL24435179M.jpeg,NO_PAGE_COUNT,
IT,REPLACEMENT,,ITALIAN_CANON,Ugo Foscolo,Le Grazie,/works/OL1446493W,/books/OL18455854M,Le Grazie,ita,8800412009,Le Monnier,1987,241,5419976,VALID_COVER,data/audit/reconstruction-IT-replacement-covers/IT-replacement-ITALIAN_CANON-09-OL18455854M.jpeg,RECOVERED,OPEN_LIBRARY_EDITION:number_of_pages
IT,REPLACEMENT,,GRAPHIC,Zerocalcare,Dimentica il mio nome,/works/OL24346541W,/books/OL32236261M,Dimentica il mio nome,ita,9788865432549,Bao Publishing,"Oct 01, 2014",235,10870361,VALID_COVER,data/audit/reconstruction-IT-replacement-covers/IT-replacement-GRAPHIC-06-OL32236261M.jpeg,RECOVERED,OPEN_LIBRARY_EDITION:number_of_pages
IT,REPLACEMENT,,GRAPHIC,Zerocalcare,Macerie prime,/works/OL20777174W,/books/OL28119539M,Macerie prime,ita,9788865439760,Bao Publishing,"Nov 13, 2017",185,9853733,VALID_COVER,data/audit/reconstruction-IT-replacement-covers/IT-replacement-GRAPHIC-05-OL28119539M.jpeg,RECOVERED,OPEN_LIBRARY_EDITION:number_of_pages
LA,FINAL_SLOT,,,Érasme,Adagia,/works/OL34093188W,/books/OL46170324M,"Desiderii Erasmi Roterodami Opera Omnia Emendatiora et Auctiora ... : Doctorumque, Notis Illustrata",lat,9781015985957,"Creative Media Partners, LLC",2022,674,13678482,VALID_COVER,data/audit/reconstruction-LA-final-slot-covers/LA-final-slot-1-OL46170324M.jpeg,RECOVERED,OPEN_LIBRARY_EDITION:number_of_pages
LA,INITIAL,2,CLASSICAL_LITERATURE,Virgile,Georgica,/works/OL15237410W,/books/OL23283223M,Bucolica und Georgica,lat,,Teubner,1876,160,8236986,VALID_COVER,data/audit/reconstruction-LA-candidate-covers/LA-02-OL23283223M.jpeg,RECOVERED,OPEN_LIBRARY_EDITION:number_of_pages
LA,INITIAL,3,CLASSICAL_LITERATURE,Virgile,Eclogae,/works/OL15237297W,/books/OL16488077M,P. Vergilii Maronis Eclogae,lat,,Macmillan,1967,117,9429224,VALID_COVER,data/audit/reconstruction-LA-candidate-covers/LA-03-OL16488077M.jpeg,RECOVERED,OPEN_LIBRARY_EDITION:number_of_pages
LA,INITIAL,4,CLASSICAL_LITERATURE,Ovide,Ars Amatoria,/works/OL441929W,/books/OL18766711M,Carmina amatoria,lat,3598712316,Saur,2003,374,5434926,VALID_COVER,data/audit/reconstruction-LA-candidate-covers/LA-04-OL18766711M.jpeg,RECOVERED,OPEN_LIBRARY_EDITION:number_of_pages
LA,INITIAL,5,CLASSICAL_LITERATURE,Horace,Carmina,/works/OL88217W,/books/OL23284205M,"Carmina, liber Epodon",lat | eng,,University Press,1914,410,5755029,VALID_COVER,data/audit/reconstruction-LA-candidate-covers/LA-05-OL23284205M.jpeg,RECOVERED,OPEN_LIBRARY_EDITION:number_of_pages
LA,INITIAL,7,CLASSICAL_LITERATURE,Plaute,Miles Gloriosus,/works/OL481470W,/books/OL23319457M,Miles gloriosus,lat,,Teubner,1881,106,6539552,VALID_COVER,data/audit/reconstruction-LA-candidate-covers/LA-07-OL23319457M.jpeg,RECOVERED,OPEN_LIBRARY_EDITION:number_of_pages
LA,INITIAL,8,CLASSICAL_LITERATURE,Plaute,Menaechmi,/works/OL481478W,/books/OL23319020M,Menaechmi,lat | eng,,Clarendon Press,1918,226,8242877,VALID_COVER,data/audit/reconstruction-LA-candidate-covers/LA-08-OL23319020M.jpeg,RECOVERED,OPEN_LIBRARY_EDITION:number_of_pages
LA,INITIAL,9,CLASSICAL_LITERATURE,Térence,Andria,/works/OL15238972W,/books/OL7396754M,Comoediae,eng | lat,9780198146360,"Oxford University Press, USA","November 11, 1993",344,128723,VALID_COVER,data/audit/reconstruction-LA-candidate-covers/LA-09-OL7396754M.jpeg,RECOVERED,OPEN_LIBRARY_EDITION:number_of_pages
LA,INITIAL,10,CLASSICAL_LITERATURE,Sénèque,Medea,/works/OL102320W,/books/OL2741454M,Medea,eng | lat,080149432X,Cornell University Press,1986,116,565505,VALID_COVER,data/audit/reconstruction-LA-candidate-covers/LA-10-OL2741454M.jpeg,RECOVERED,OPEN_LIBRARY_EDITION:number_of_pages
LA,INITIAL,11,CLASSICAL_LITERATURE,Sénèque,Phaedra,/works/OL102316W,/books/OL2189003M,Phaedra,eng | lat,0521200857,Cambridge University Press,1990,219,333852,VALID_COVER,data/audit/reconstruction-LA-candidate-covers/LA-11-OL2189003M.jpeg,RECOVERED,OPEN_LIBRARY_EDITION:number_of_pages
LA,INITIAL,12,CLASSICAL_LITERATURE,Lucain,Pharsalia,/works/OL2566239W,/books/OL24872182M,Pharsalia,lat,,Sijthoff,1896,,6864709,VALID_COVER,data/audit/reconstruction-LA-candidate-covers/LA-12-OL24872182M.jpeg,NO_PAGE_COUNT,
LA,INITIAL,14,CLASSICAL_LITERATURE,Pétrone,Satyricon,/works/OL24087002W,/books/OL31783743M,Petronii Arbitri Satyricon reliquiae,lat,9783598712579,K.G. Saur,2003,195,13164606,VALID_COVER,data/audit/reconstruction-LA-candidate-covers/LA-14-OL31783743M.jpeg,RECOVERED,OPEN_LIBRARY_EDITION:number_of_pages
LA,INITIAL,15,CLASSICAL_LITERATURE,Catulle,Carmina,/works/OL15229222W,/books/OL23284188M,Carmina,lat,,Bell,1899,89,8235319,VALID_COVER,data/audit/reconstruction-LA-candidate-covers/LA-15-OL23284188M.jpeg,RECOVERED,OPEN_LIBRARY_EDITION:number_of_pages
LA,INITIAL,16,CLASSICAL_LITERATURE,Juvénal,Saturae,/works/OL15236602W,/books/OL23331355M,saturae,lat,,teubner,1889,313,6094345,VALID_COVER,data/audit/reconstruction-LA-candidate-covers/LA-16-OL23331355M.jpeg,RECOVERED,OPEN_LIBRARY_EDITION:number_of_pages
LA,INITIAL,17,CLASSICAL_LITERATURE,Martial,Epigrammata,/works/OL2241482W,/books/OL23297764M,Epigrammata,lat,,[Didot],1825,,6495971,VALID_COVER,data/audit/reconstruction-LA-candidate-covers/LA-17-OL23297764M.jpeg,NO_PAGE_COUNT,
LA,INITIAL,19,PHILOSOPHY_RHETORIC,Cicéron,De Officiis,/works/OL67551W,/books/OL18716582M,De officiis,eng | lat,0674990331,Harvard University Press,1975,423,15151596,VALID_COVER,data/audit/reconstruction-LA-candidate-covers/LA-19-OL18716582M.jpeg,RECOVERED,OPEN_LIBRARY_EDITION:number_of_pages
LA,INITIAL,20,PHILOSOPHY_RHETORIC,Cicéron,De Re Publica,/works/OL67541W,/books/OL20299107M,De re publica; De legibus,eng | lat,0674992350,Cambridge University Press,1928,533,9319089,VALID_COVER,data/audit/reconstruction-LA-candidate-covers/LA-20-OL20299107M.jpeg,RECOVERED,OPEN_LIBRARY_EDITION:number_of_pages
LA,INITIAL,22,PHILOSOPHY_RHETORIC,Cicéron,De Oratore,/works/OL15733517W,/books/OL16337448M,Cicero.,lat | eng,0674993829,Harvard University Press,1942,,5436909,VALID_COVER,data/audit/reconstruction-LA-candidate-covers/LA-22-OL16337448M.jpeg,NO_PAGE_COUNT,
LA,INITIAL,23,PHILOSOPHY_RHETORIC,Cicéron,Tusculanae Disputationes,/works/OL67547W,/books/OL23351713M,Tusculan disputations,lat | eng,,Rivington,1851,298,6105272,VALID_COVER,data/audit/reconstruction-LA-candidate-covers/LA-23-OL23351713M.jpeg,RECOVERED,OPEN_LIBRARY_EDITION:number_of_pages
LA,INITIAL,25,PHILOSOPHY_RHETORIC,Sénèque,De Brevitate Vitae,/works/OL15222849W,/books/OL19138611M,De otio ; De brevitate vitae,lat | eng,0521582237,Cambridge University Press,2003,271,5450431,VALID_COVER,data/audit/reconstruction-LA-candidate-covers/LA-25-OL19138611M.jpeg,RECOVERED,OPEN_LIBRARY_EDITION:number_of_pages
LA,INITIAL,26,PHILOSOPHY_RHETORIC,Sénèque,De Clementia,/works/OL102313W,/books/OL19701018M,De clementia =,ger | lat,3150083850,Reclam,1970,116,9840998,VALID_COVER,data/audit/reconstruction-LA-candidate-covers/LA-26-OL19701018M.jpeg,RECOVERED,OPEN_LIBRARY_EDITION:number_of_pages
LA,INITIAL,27,PHILOSOPHY_RHETORIC,Lucrèce,De Rerum Natura,/works/OL1548597W,/books/OL22092465M,De rerum natura.,lat,,The University Press,1889,120,10276248,VALID_COVER,data/audit/reconstruction-LA-candidate-covers/LA-27-OL22092465M.jpeg,RECOVERED,OPEN_LIBRARY_EDITION:number_of_pages
LA,INITIAL,29,PHILOSOPHY_RHETORIC,Quintilien,Institutio Oratoria,/works/OL1153439W,/books/OL7149233M,The Institutio Oratoria of Quintilian,eng | lat,0674991389,Harvard University Press,1920,,4546737,VALID_COVER,data/audit/reconstruction-LA-candidate-covers/LA-29-OL7149233M.jpeg,NO_PAGE_COUNT,
LA,INITIAL,30,PHILOSOPHY_RHETORIC,Quintilien,Declamationes,/works/OL10314001W,/books/OL23293221M,Declamationes quae supersunt CXLV,lat,,Teubner,1884,524,5755129,VALID_COVER,data/audit/reconstruction-LA-candidate-covers/LA-30-OL23293221M.jpeg,RECOVERED,OPEN_LIBRARY_EDITION:number_of_pages
LA,INITIAL,32,PHILOSOPHY_RHETORIC,Augustin,Confessiones,/works/OL137872W,/books/OL13990517M,Confessiones,lat,,J.H. Parker,1838,323,8236919,VALID_COVER,data/audit/reconstruction-LA-candidate-covers/LA-32-OL13990517M.jpeg,RECOVERED,OPEN_LIBRARY_EDITION:number_of_pages
LA,INITIAL,33,HISTORY,Tite-Live,Ab Urbe Condita,/works/OL21230694W,/books/OL28754886M,Ab urbe condita,lat,,E Typographeo Clarendoniano,1964,,10355803,VALID_COVER,data/audit/reconstruction-LA-candidate-covers/LA-33-OL28754886M.jpeg,NO_PAGE_COUNT,
LA,INITIAL,36,HISTORY,Tacite,Historiae,/works/OL8312680W,/books/OL15574919M,Histoires,fre | lat,2251013415,Les Belles Lettres,1989,,5314247,VALID_COVER,data/audit/reconstruction-LA-candidate-covers/LA-36-OL15574919M.jpeg,NO_PAGE_COUNT,
LA,INITIAL,37,HISTORY,Tacite,Germania,/works/OL1108319W,/books/OL23294351M,"Dialogus ; Argicola ; and, Germania",eng | lat,,Clarendon Press,1908,143,6033503,VALID_COVER,data/audit/reconstruction-LA-candidate-covers/LA-37-OL23294351M.jpeg,RECOVERED,OPEN_LIBRARY_EDITION:number_of_pages
LA,INITIAL,38,HISTORY,Salluste,Bellum Catilinae,/works/OL15225211W,/books/OL17923759M,Sallust's Bellum Catilinae,eng | lat,9780195320848,Oxford University Press,2007,252,5389840,VALID_COVER,data/audit/reconstruction-LA-candidate-covers/LA-38-OL17923759M.jpeg,RECOVERED,OPEN_LIBRARY_EDITION:number_of_pages
LA,INITIAL,39,HISTORY,Salluste,Bellum Iugurthinum,/works/OL15225196W,/books/OL22160359M,Bellum Iugurthinum,ger | lat,3533021777,Winter,1971,389,4504951,VALID_COVER,data/audit/reconstruction-LA-candidate-covers/LA-39-OL22160359M.jpeg,RECOVERED,OPEN_LIBRARY_EDITION:number_of_pages
LA,INITIAL,40,HISTORY,Suétone,De Vita Caesarum,/works/OL812798W,/books/OL14434421M,De vita Caesarum,lat,3519018276,in aedibus B.G. Teubneri,1978,359,12958430,VALID_COVER,data/audit/reconstruction-LA-candidate-covers/LA-40-OL14434421M.jpeg,RECOVERED,OPEN_LIBRARY_EDITION:number_of_pages
LA,INITIAL,41,HISTORY,Jules César,De Bello Gallico,/works/OL6286792W,/books/OL24396658M,De bello Gallico,lat | eng,,University Press,1901,,6651402,VALID_COVER,data/audit/reconstruction-LA-candidate-covers/LA-41-OL24396658M.jpeg,NO_PAGE_COUNT,
LA,INITIAL,42,HISTORY,Jules César,De Bello Civili,/works/OL10307104W,/books/OL23293165M,De bello civili commentariorum I,lat | eng,,Macmillan,1891,141,6483137,VALID_COVER,data/audit/reconstruction-LA-candidate-covers/LA-42-OL23293165M.jpeg,RECOVERED,OPEN_LIBRARY_EDITION:number_of_pages
LA,INITIAL,43,LATE_MEDIEVAL_RENAISSANCE,Thomas d'Aquin,Summa Theologiae,/works/OL15314568W,/books/OL15031111M,Summa theologiae,mul | eng | lat,0413356108,Blackfriars in conjunction with Eyre & Spottiswoode,1980,383,9320028,VALID_COVER,data/audit/reconstruction-LA-candidate-covers/LA-43-OL15031111M.jpeg,RECOVERED,OPEN_LIBRARY_EDITION:number_of_pages
LA,INITIAL,44,LATE_MEDIEVAL_RENAISSANCE,Érasme,Moriae Encomium,/works/OL15925931W,/books/OL24832130M,"Moriae encomium, id est, Stulticiae laudatio, ludicra declamatione tractata",lat | grc,,Apud Hieronymum Frobenium et Nicolaum Episcopium,1540,377,6855126,VALID_COVER,data/audit/reconstruction-LA-candidate-covers/LA-44-OL24832130M.jpeg,RECOVERED,OPEN_LIBRARY_EDITION:number_of_pages
LA,INITIAL,48,SCIENCE_CIVILISATION,Vitruve,De Architectura,/works/OL21477895W,/books/OL29099189M,Vitruvii de Architectura Libri Decem,lat,9783110984224,"De Gruyter, Inc.",1912,302,11937392,VALID_COVER,data/audit/reconstruction-LA-candidate-covers/LA-48-OL29099189M.jpeg,RECOVERED,OPEN_LIBRARY_EDITION:number_of_pages
LA,INITIAL,49,SCIENCE_CIVILISATION,Nicolas Copernic,De Revolutionibus Orbium Coelestium,/works/OL1429609W,/books/OL9690465M,De Revolutionibus Orbium Coelestium,lat | eng,9781891788147,Octavo,"March 15, 1999",205,2095715,VALID_COVER,data/audit/reconstruction-LA-candidate-covers/LA-49-OL9690465M.jpeg,RECOVERED,OPEN_LIBRARY_EDITION:number_of_pages
LA,INITIAL,50,SCIENCE_CIVILISATION,Isaac Newton,Philosophiae Naturalis Principia Mathematica,/works/OL104736W,/books/OL5215953M,Philosophiae naturalis principia mathematica.,lat | eng,0674664752,Harvard University Press,1972,916,5813766,VALID_COVER,data/audit/reconstruction-LA-candidate-covers/LA-50-OL5215953M.jpeg,RECOVERED,OPEN_LIBRARY_EDITION:number_of_pages
LA,RECOVERY,1,CLASSICAL_LITERATURE,Virgile,Aeneis,/works/OL21106794W,/books/OL30662650M,Aeneid,lat,9781585102143,Focus Publishing/R. Pullins Company,2012,523,13521512,VALID_COVER,data/audit/reconstruction-LA-recovery-covers/LA-recovery-01-OL30662650M.jpeg,RECOVERED,OPEN_LIBRARY_EDITION:number_of_pages
LA,RECOVERY,6,CLASSICAL_LITERATURE,Horace,Sermones,/works/OL16568834W,/books/OL25256520M,Satires,lat | eng,9780521452205,Cambridge University Press,2012,370,13761213,VALID_COVER,data/audit/reconstruction-LA-recovery-covers/LA-recovery-06-OL25256520M.jpeg,RECOVERED,OPEN_LIBRARY_EDITION:number_of_pages
LA,RECOVERY,13,CLASSICAL_LITERATURE,Apulée,Metamorphoses,/works/OL658250W,/books/OL23319237M,"Metamorphoseon, Libri XI",lat,,Teubner,1897,292,6539065,VALID_COVER,data/audit/reconstruction-LA-recovery-covers/LA-recovery-13-OL23319237M.jpeg,RECOVERED,OPEN_LIBRARY_EDITION:number_of_pages
LA,RECOVERY,18,CLASSICAL_LITERATURE,Properce,Elegiae,/works/OL17618122W,/books/OL26222651M,Carmina,lat,,University Press,1907,,7898175,VALID_COVER,data/audit/reconstruction-LA-recovery-covers/LA-recovery-18-OL26222651M.jpeg,NO_PAGE_COUNT,
LA,RECOVERY,21,PHILOSOPHY_RHETORIC,Cicéron,De Legibus,/works/OL67533W,/books/OL23293411M,De legibus libri,lat,,Vahlen,1871,167,6486774,VALID_COVER,data/audit/reconstruction-LA-recovery-covers/LA-recovery-21-OL23293411M.jpeg,RECOVERED,OPEN_LIBRARY_EDITION:number_of_pages
LA,RECOVERY,24,PHILOSOPHY_RHETORIC,Sénèque,Epistulae Morales ad Lucilium,/works/OL15222827W,/books/OL13439155M,Ad Lucilium epistulae morates,eng | lat,0674990862,Harvard University Press,1917,10,5285663,VALID_COVER,data/audit/reconstruction-LA-recovery-covers/LA-recovery-24-OL13439155M.jpeg,RECOVERED,OPEN_LIBRARY_EDITION:number_of_pages
LA,RECOVERY,28,PHILOSOPHY_RHETORIC,Lucrèce,De Rerum Natura — alternate scholarly edition,/works/OL1548597W,/books/OL23293716M,"De rerum natura, libri sex",lat,,Barth,1837,342,5755146,VALID_COVER,data/audit/reconstruction-LA-recovery-covers/LA-recovery-28-OL23293716M.jpeg,RECOVERED,OPEN_LIBRARY_EDITION:number_of_pages
LA,RECOVERY,31,PHILOSOPHY_RHETORIC,Boèce,De Consolatione Philosophiae,/works/OL1393130W,/books/OL1590858M,Consolatio philosophiae,lat,0929524373,"Thomas Library, Bryn Mawr College",1990,2,13194261,VALID_COVER,data/audit/reconstruction-LA-recovery-covers/LA-recovery-31-OL1590858M.jpeg,RECOVERED,OPEN_LIBRARY_EDITION:number_of_pages
LA,RECOVERY,34,HISTORY,Tite-Live,Ab Urbe Condita — alternate volume or edition,/works/OL1261147W,/books/OL24627508M,Ab urbe condita liber I,lat | eng,,Clarendon Press,1917,198,7168850,VALID_COVER,data/audit/reconstruction-LA-recovery-covers/LA-recovery-34-OL24627508M.jpeg,RECOVERED,OPEN_LIBRARY_EDITION:number_of_pages
LA,RECOVERY,35,HISTORY,Tacite,Annales,/works/OL15902600W,/books/OL23277601M,"The Annals, book IV",lat | eng,,Univ. Press,1915,152,8237894,VALID_COVER,data/audit/reconstruction-LA-recovery-covers/LA-recovery-35-OL23277601M.jpeg,RECOVERED,OPEN_LIBRARY_EDITION:number_of_pages
LA,RECOVERY,47,LATE_MEDIEVAL_RENAISSANCE,Bède le Vénérable,Historia Ecclesiastica Gentis Anglorum,/works/OL1322922W,/books/OL1047579M,Bede's ecclesiastical history of the English people,eng | lat,0198221738,Clarendon Press,1992,618,4604889,VALID_COVER,data/audit/reconstruction-LA-recovery-covers/LA-recovery-47-OL1047579M.jpeg,RECOVERED,OPEN_LIBRARY_EDITION:number_of_pages
LA,REPLACEMENT,,,Érasme,Colloquia familiaria,/works/OL37684059W,/books/OL50818108M,Colloquia Familiaria...,lat,9781019436578,"Creative Media Partners, LLC",2023,496,14721528,VALID_COVER,data/audit/reconstruction-LA-replacement-covers/LA-replacement-1-OL50818108M.jpeg,RECOVERED,OPEN_LIBRARY_EDITION:pagination
