target_index,language,category,priority,target_author,target_work,query_mode,work_key,work_title,work_authors,edition_key,edition_title,edition_subtitle,edition_languages,isbn,publisher,publish_date,page_count,cover_id,title_score,author_score,candidate_score,cover_state,cover_width,cover_height,cover_format,cover_local_path,candidate_state,acquisition_search_state
2,ES,SPANISH_CANON,1,Miguel de Cervantes,Novelas ejemplares,TITLE_AUTHOR,/works/OL793871W,La gitanilla,Miguel de Cervantes Saavedra,/books/OL14824177M,La Gitanilla,from his 'Novelas ejemplares' (slightly abridged),spa,,Harrap,1924,,,0.95,0.95,0.861,NOT_PROBED,,,,,REJECTED_CANDIDATE,
2,ES,SPANISH_CANON,1,Miguel de Cervantes,Novelas ejemplares,TITLE_AUTHOR,/works/OL17199558W,Rinconete y Cortadillo y otras novelas ejemplares,Miguel de Cervantes Saavedra,/books/OL25771233M,Rinconete y Cortadillo y otras novelas ejemplares,,spa,9788468206851,Vicens Vives,2015,,7367838,0.95,0.95,0.9460000000000001,VALID_COVER,380,500,JPEG,data/audit/reconstruction-ES-candidate-covers/ES-002-OL25771233M.jpeg,USABLE_CANDIDATE,
2,ES,SPANISH_CANON,1,Miguel de Cervantes,Novelas ejemplares,BROAD,/works/OL15233914W,Rinconete y Cortadillo,Miguel de Cervantes Saavedra,/books/OL2591582M,"Novelas ejemplares, Rinconete y Cortadillo",,spa,8473200551,Tárraco,1984,,,0.95,0.95,0.891,NOT_PROBED,,,,,REJECTED_CANDIDATE,
2,ES,SPANISH_CANON,1,Miguel de Cervantes,Novelas ejemplares,TITLE_ONLY,/works/OL503626W,Tres novelas ejemplares y un prólogo,Miguel de Unamuno,/books/OL26561075M,Tres novelas ejemplares y un prólogo. --,,eng | spa | fre,,Espasa-Calpe,1961,,9314346,0.95,0.6666666666666666,0.8423333333333334,VALID_COVER,296,500,JPEG,data/audit/reconstruction-ES-candidate-covers/ES-002-OL26561075M.jpeg,USABLE_CANDIDATE,
2,ES,SPANISH_CANON,1,Miguel de Cervantes,Novelas ejemplares,TITLE_AUTHOR,/works/OL29174044W,Novelas Ejemplares,Miguel de Cervantes Saavedra,/books/OL40190507M,Novelas Ejemplares,,spa,9798352736425,Independently Published,2022,,,1.0,0.95,0.917,NOT_PROBED,,,,,REJECTED_CANDIDATE,
2,ES,SPANISH_CANON,1,Miguel de Cervantes,Novelas ejemplares,TITLE_ONLY,/works/OL31010113W,Novelas Ejemplares,Harry Andrews | Miguel de Cervantes Saavedra,/books/OL42592064M,Novelas Ejemplares,,spa,9798688282894,Independently Published,2020,,,1.0,0.95,0.917,NOT_PROBED,,,,,REJECTED_CANDIDATE,
2,ES,SPANISH_CANON,1,Miguel de Cervantes,Novelas ejemplares,TITLE_AUTHOR,/works/OL38463747W,Novelas ejemplares,Miguel de Cervantes Saavedra,/books/OL52579941M,Novelas ejemplares,,spa,,Calpe,1900,,,1.0,0.95,0.887,NOT_PROBED,,,,,REJECTED_CANDIDATE,
2,ES,SPANISH_CANON,1,Miguel de Cervantes,Novelas ejemplares,TITLE_ONLY,/works/OL40551725W,Novelas Ejemplares,Miguel de Cervantes Saavedra | Luis García,/books/OL55209881M,Novelas Ejemplares,,spa,9781544952956,CreateSpace Independent Publishing Platform,2017,,,1.0,0.95,0.917,NOT_PROBED,,,,,REJECTED_CANDIDATE,
2,ES,SPANISH_CANON,1,Miguel de Cervantes,Novelas ejemplares,TITLE_AUTHOR,/works/OL14873259W,Novelas Ejemplares,Miguel de Cervantes Saavedra,/books/OL9118235M,Novelas Ejemplares,,spa,9788423905676,Espasa-Calpe,1983,,7260401,1.0,0.95,0.9720000000000001,VALID_COVER,225,353,JPEG,data/audit/reconstruction-ES-candidate-covers/ES-002-OL9118235M.jpeg,USABLE_CANDIDATE,
2,ES,SPANISH_CANON,1,Miguel de Cervantes,Novelas ejemplares,TITLE_AUTHOR,/works/OL273392W,Novelas ejemplares,Miguel de Cervantes Saavedra,/books/OL9130091M,Novelas Ejemplares,1,eng | spa,9788437602219,Ediciones Catedra,November 1999,,1047439,1.0,0.95,0.9720000000000001,VALID_COVER,313,500,JPEG,data/audit/reconstruction-ES-candidate-covers/ES-002-OL9130091M.jpeg,USABLE_CANDIDATE,
3,ES,SPANISH_CANON,1,Miguel de Cervantes,La Galatea,BROAD,/works/OL793742W,Primera parte de La Galatea,Miguel de Cervantes Saavedra,/books/OL18073447M,Primera parte de La Galatea.,,spa,,,1585,,,0.95,0.95,0.836,NOT_PROBED,,,,,REJECTED_CANDIDATE,
3,ES,SPANISH_CANON,1,Miguel de Cervantes,La Galatea,BROAD,/works/OL793640W,La Galatea,Miguel de Cervantes Saavedra | Roger Grass,/books/OL32359319M,La galatea,,spa,,Rodriguez,1914,,11781757,1.0,0.95,0.9420000000000001,VALID_COVER,306,500,JPEG,data/audit/reconstruction-ES-candidate-covers/ES-003-OL32359319M.jpeg,USABLE_CANDIDATE,
3,ES,SPANISH_CANON,1,Miguel de Cervantes,La Galatea,BROAD,/works/OL38644593W,Primera parte de La Galatea,Miguel de Cervantes Saavedra,/books/OL52600588M,Primera parte de La Galatea,,spa,,Kraus Reprint Corp.,1967,,,0.95,0.95,0.861,NOT_PROBED,,,,,REJECTED_CANDIDATE,
3,ES,SPANISH_CANON,1,Miguel de Cervantes,La Galatea,TITLE_ONLY,/works/OL38704278W,La Galatea,Miguel de Cervantes Saavedra,/books/OL52691906M,La Galatea,,spa,,Impr. de B. Rodríguez,1914,,,1.0,0.95,0.887,NOT_PROBED,,,,,REJECTED_CANDIDATE,
3,ES,SPANISH_CANON,1,Miguel de Cervantes,La Galatea,BROAD,/works/OL43171114W,Primera parte de La Galatea,Miguel de Cervantes Saavedra,/books/OL58798329M,Primera parte de La Galatea,dividido en seys libros,spa,,The Hispanic Society of America,1904,,,0.95,0.95,0.861,NOT_PROBED,,,,,REJECTED_CANDIDATE,
3,ES,SPANISH_CANON,1,Miguel de Cervantes,La Galatea,BROAD,/works/OL45649821W,La Galatea de Miguel de Cervantes,Florian | Miguel de Cervantes Saavedra | Casiano Pellicer,/books/OL62159378M,La Galatea de Miguel de Cervantes,"imitada, compendiada, concludia",spa,,En la imprenta de M. Carey.,1810,,,0.95,0.95,0.861,NOT_PROBED,,,,,REJECTED_CANDIDATE,
4,ES,SPANISH_CANON,1,Miguel de Cervantes,Los trabajos de Persiles y Sigismunda,TITLE_AUTHOR,/works/OL32445518W,Los trabajos de Persiles y Sigismunda,Miguel de Cervantes Saavedra,/books/OL44223314M,Los trabajos de Persiles y Sigismunda,,spa,9788467051605,Real Academia Española,2017,,,1.0,0.95,0.917,NOT_PROBED,,,,,REJECTED_CANDIDATE,
4,ES,SPANISH_CANON,1,Miguel de Cervantes,Los trabajos de Persiles y Sigismunda,TITLE_AUTHOR,/works/OL793870W,Los trabajos de Persiles y Sigismunda,Miguel de Cervantes Saavedra,/books/OL4471560M,Los trabajos de Persiles y Sigismunda,,spa,,Editorial Castalia,1969,,5813083,1.0,0.95,0.9420000000000001,VALID_COVER,307,500,JPEG,data/audit/reconstruction-ES-candidate-covers/ES-004-OL4471560M.jpeg,USABLE_CANDIDATE,
4,ES,SPANISH_CANON,1,Miguel de Cervantes,Los trabajos de Persiles y Sigismunda,TITLE_AUTHOR,/works/OL34252108W,Los Trabajos de Persiles y Sigismunda,Miguel de Cervantes Saavedra,/books/OL46436835M,Los Trabajos de Persiles y Sigismunda,Historia Setentrional...,spa,9781018671956,"Creative Media Partners, LLC",2022,,,1.0,0.95,0.917,NOT_PROBED,,,,,REJECTED_CANDIDATE,
4,ES,SPANISH_CANON,1,Miguel de Cervantes,Los trabajos de Persiles y Sigismunda,TITLE_AUTHOR,/works/OL40156918W,Los Trabajos de Persiles y Sigismunda,Miguel de Cervantes Saavedra,/books/OL54643736M,Los Trabajos de Persiles y Sigismunda,,spa,9781523771776,CreateSpace Independent Publishing Platform,2016,,,1.0,0.95,0.917,NOT_PROBED,,,,,REJECTED_CANDIDATE,
4,ES,SPANISH_CANON,1,Miguel de Cervantes,Los trabajos de Persiles y Sigismunda,TITLE_AUTHOR,/works/OL40274254W,Los Trabajos de Persiles y Sigismunda,Miguel de Cervantes Saavedra,/books/OL54840429M,Los Trabajos de Persiles y Sigismunda,,spa,9781974554973,CreateSpace Independent Publishing Platform,2017,,,1.0,0.95,0.917,NOT_PROBED,,,,,REJECTED_CANDIDATE,
4,ES,SPANISH_CANON,1,Miguel de Cervantes,Los trabajos de Persiles y Sigismunda,TITLE_AUTHOR,/works/OL40467550W,Los Trabajos de Persiles y Sigismunda,Miguel de Cervantes Saavedra,/books/OL55090093M,Los Trabajos de Persiles y Sigismunda,,spa,9781979349444,CreateSpace Independent Publishing Platform,2017,,,1.0,0.95,0.917,NOT_PROBED,,,,,REJECTED_CANDIDATE,
4,ES,SPANISH_CANON,1,Miguel de Cervantes,Los trabajos de Persiles y Sigismunda,TITLE_AUTHOR,/works/OL40753633W,Los Trabajos de Persiles y Sigismunda,Miguel de Cervantes Saavedra,/books/OL55439775M,Los Trabajos de Persiles y Sigismunda,,spa,9781985640719,CreateSpace Independent Publishing Platform,2018,,,1.0,0.95,0.917,NOT_PROBED,,,,,REJECTED_CANDIDATE,
4,ES,SPANISH_CANON,1,Miguel de Cervantes,Los trabajos de Persiles y Sigismunda,TITLE_AUTHOR,/works/OL40898486W,Los Trabajos de Persiles y Sigismunda,Miguel de Cervantes Saavedra,/books/OL55594419M,Los Trabajos de Persiles y Sigismunda,,spa,9781981579648,CreateSpace Independent Publishing Platform,2017,,,1.0,0.95,0.917,NOT_PROBED,,,,,REJECTED_CANDIDATE,
4,ES,SPANISH_CANON,1,Miguel de Cervantes,Los trabajos de Persiles y Sigismunda,TITLE_AUTHOR,/works/OL41262559W,Los Trabajos de Persiles y Sigismunda,Miguel de Cervantes Saavedra,/books/OL56142158M,Los Trabajos de Persiles y Sigismunda,,spa,9781541372672,CreateSpace Independent Publishing Platform,2016,,,1.0,0.95,0.917,NOT_PROBED,,,,,REJECTED_CANDIDATE,
4,ES,SPANISH_CANON,1,Miguel de Cervantes,Los trabajos de Persiles y Sigismunda,TITLE_AUTHOR,/works/OL41473177W,Los Trabajos de Persiles y Sigismunda,Miguel de Cervantes Saavedra,/books/OL56379015M,Los Trabajos de Persiles y Sigismunda,,spa,9781985201453,CreateSpace Independent Publishing Platform,2018,,,1.0,0.95,0.917,NOT_PROBED,,,,,REJECTED_CANDIDATE,
5,ES,SPANISH_CANON,1,Lope de Vega,Fuenteovejuna,TITLE_AUTHOR,/works/OL914490W,"El mejor alcalde, el rey / Fuente Ovejuna",Lope de Vega,/books/OL13000137M,"El mejor alcalde, el rey / Fuenteovejuna",,spa,9789508520128,Espasa-Calpe Argentina,1993,,12360839,0.95,1.0,0.9590000000000001,VALID_COVER,229,350,JPEG,data/audit/reconstruction-ES-candidate-covers/ES-005-OL13000137M.jpeg,USABLE_CANDIDATE,
5,ES,SPANISH_CANON,1,Lope de Vega,Fuenteovejuna,TITLE_ONLY,/works/OL8089380W,Fuenteovejuna,Lope de Vega,/books/OL13193330M,Fuenteovejuna,,spa,9788420726335,Continental Book Company,June 1998,,5259164,1.0,1.0,0.9850000000000001,VALID_COVER,128,175,JPEG,data/audit/reconstruction-ES-candidate-covers/ES-005-OL13193330M.jpeg,USABLE_CANDIDATE,
5,ES,SPANISH_CANON,1,Lope de Vega,Fuenteovejuna,TITLE_AUTHOR,/works/OL914869W,Comedias,Lope de Vega,/books/OL21521792M,Teatro,Fuenteovejuna; Peribañez y el comendador de Ocaña; La dema boba; Elcaballero de Olmedo,spa,840200749X,Bruguera,1979,,,0.95,1.0,0.904,NOT_PROBED,,,,,REJECTED_CANDIDATE,
5,ES,SPANISH_CANON,1,Lope de Vega,Fuenteovejuna,TITLE_AUTHOR,/works/OL29610294W,Fuente Ovejuna,Lope de Vega,/books/OL41890545M,Fuenteovejuna,,spa,9781657797406,Independently Published,2020,,,1.0,1.0,0.93,NOT_PROBED,,,,,REJECTED_CANDIDATE,
5,ES,SPANISH_CANON,1,Lope de Vega,Fuenteovejuna,TITLE_AUTHOR,/works/OL30532270W,Fuenteovejuna,Lope De LOPE DE VEGA,/books/OL42182400M,Fuenteovejuna,,spa,9798657490305,Independently Published,2020,,,1.0,0.95,0.917,NOT_PROBED,,,,,REJECTED_CANDIDATE,
5,ES,SPANISH_CANON,1,Lope de Vega,Fuenteovejuna,TITLE_AUTHOR,/works/OL914532W,Fuenteovejuna,Lope de Vega,/books/OL43488022M,FUENTEOVEJUNA,,spa,9505810131,Ediciones Colihue,1997,,13029125,1.0,1.0,0.9850000000000001,VALID_COVER,363,500,JPEG,data/audit/reconstruction-ES-candidate-covers/ES-005-OL43488022M.jpeg,USABLE_CANDIDATE,
5,ES,SPANISH_CANON,1,Lope de Vega,Fuenteovejuna,TITLE_AUTHOR,/works/OL39712182W,Fuenteovejuna,Lope de Vega | Philip Bates,/books/OL55427365M,Fuenteovejuna,,spa,9781536890310,CreateSpace Independent Publishing Platform,2016,,,1.0,1.0,0.93,NOT_PROBED,,,,,REJECTED_CANDIDATE,
5,ES,SPANISH_CANON,1,Lope de Vega,Fuenteovejuna,TITLE_AUTHOR,/works/OL36109648W,Fuenteovejuna,Cristian Valle | Félix Lope de Vega,/books/OL55806451M,Fuenteovejuna,,spa,9781545343401,CreateSpace Independent Publishing Platform,2017,,,1.0,0.95,0.917,NOT_PROBED,,,,,REJECTED_CANDIDATE,
5,ES,SPANISH_CANON,1,Lope de Vega,Fuenteovejuna,TITLE_AUTHOR,/works/OL41131918W,Fuente Ovejuna,Lope de Vega,/books/OL56668747M,Fuenteovejuna,,spa,9781516849154,CreateSpace Independent Publishing Platform,2015,,,1.0,1.0,0.93,NOT_PROBED,,,,,REJECTED_CANDIDATE,
5,ES,SPANISH_CANON,1,Lope de Vega,Fuenteovejuna,TITLE_AUTHOR,/works/OL914529W,Fuenteovejuna / El villano en su rincón,Lope de Vega,/books/OL9119444M,Fuenteovejuna / El villano en su rincón,,spa,9788426106865,Juventud,1998,,12294746,0.95,1.0,0.9590000000000001,VALID_COVER,323,500,JPEG,data/audit/reconstruction-ES-candidate-covers/ES-005-OL9119444M.jpeg,USABLE_CANDIDATE,
5,ES,SPANISH_CANON,1,Lope de Vega,Fuenteovejuna,TITLE_AUTHOR,/works/OL914527W,Fuente Ovejuna,Lope de Vega,/books/OL9800587M,Fuenteovejuna,A Dual-Language Book,eng | spa,9780486420929,Dover Publications,"June 18, 2002",,1256400,1.0,1.0,0.9850000000000001,VALID_COVER,315,500,JPEG,data/audit/reconstruction-ES-candidate-covers/ES-005-OL9800587M.jpeg,USABLE_CANDIDATE,
6,ES,SPANISH_CANON,1,Lope de Vega,El perro del hortelano,TITLE_AUTHOR,/works/OL21364715W,La dama boba / El perro del hortelano,Lope de Vega,/books/OL19122155M,La dama boba / El perro del hortelano,,spa,8483080605,Hermes,2001,,,0.95,1.0,0.904,NOT_PROBED,,,,,REJECTED_CANDIDATE,
6,ES,SPANISH_CANON,1,Lope de Vega,El perro del hortelano,BROAD,/works/OL914694W,El perro del hortelano,Lope de Vega,/books/OL26692389M,El perro del hortelano,,spa,9788497404310,Castalia,2011,,8361295,1.0,1.0,0.9850000000000001,VALID_COVER,322,500,JPEG,data/audit/reconstruction-ES-candidate-covers/ES-006-OL26692389M.jpeg,USABLE_CANDIDATE,
6,ES,SPANISH_CANON,1,Lope de Vega,El perro del hortelano,TITLE_AUTHOR,/works/OL914694W,El perro del hortelano,Lope de Vega,/books/OL3859491M,El perro del hortelano,a critical edition,spa | eng,0729300951,Tamesis Texts Ltd.,1981,,4334264,1.0,1.0,0.9850000000000001,VALID_COVER,128,197,JPEG,data/audit/reconstruction-ES-candidate-covers/ES-006-OL3859491M.jpeg,USABLE_CANDIDATE,
6,ES,SPANISH_CANON,1,Lope de Vega,El perro del hortelano,TITLE_AUTHOR,/works/OL914499W,El perro del hortelano / El castigo sin venganza,Lope de Vega,/books/OL4382695M,El perro del hortelano / El castigo sin venganza,,spa,8470391011,Castalia,1970,,12366258,0.95,1.0,0.9590000000000001,VALID_COVER,285,500,JPEG,data/audit/reconstruction-ES-candidate-covers/ES-006-OL4382695M.jpeg,USABLE_CANDIDATE,
6,ES,SPANISH_CANON,1,Lope de Vega,El perro del hortelano,TITLE_AUTHOR,/works/OL34731656W,El perro del hortelano,Lope de Vega,/books/OL47079938M,El perro del hortelano,comedia,spa,,Sine nomine,1700,,13441253,1.0,1.0,0.9550000000000001,VALID_COVER,350,500,JPEG,data/audit/reconstruction-ES-candidate-covers/ES-006-OL47079938M.jpeg,USABLE_CANDIDATE,
6,ES,SPANISH_CANON,1,Lope de Vega,El perro del hortelano,TITLE_AUTHOR,/works/OL42266918W,El perro del hortelano,Lope de Vega,/books/OL57328815M,El perro del hortelano,comedia en tres actos y en verso,spa,,"Revista de Archivos, Bibliotecas y Museos",1903,,,1.0,1.0,0.9,NOT_PROBED,,,,,REJECTED_CANDIDATE,
6,ES,SPANISH_CANON,1,Lope de Vega,El perro del hortelano,TITLE_AUTHOR,/works/OL914501W,El perro del hortelano / El arenal del Sevilla,Lope de Vega,/books/OL9835131M,El perro del hortelano / El arenal de Sevilla,,spa,9788423903542,Espasa-Calpe,1977,,12366223,0.95,1.0,0.9590000000000001,VALID_COVER,317,500,JPEG,data/audit/reconstruction-ES-candidate-covers/ES-006-OL9835131M.jpeg,USABLE_CANDIDATE,
7,ES,SPANISH_CANON,1,Lope de Vega,La dama boba,TITLE_AUTHOR,/works/OL21364715W,La dama boba / El perro del hortelano,Lope de Vega,/books/OL19122155M,La dama boba / El perro del hortelano,,spa,8483080605,Hermes,2001,,,0.95,1.0,0.904,NOT_PROBED,,,,,REJECTED_CANDIDATE,
7,ES,SPANISH_CANON,1,Lope de Vega,La dama boba,TITLE_AUTHOR,/works/OL914445W,La dama boba / La niña de plata,Lope de Vega,/books/OL22796370M,La dama boba / La niña de plata,,spa,,Espasa-Calpe,1958,,,0.95,1.0,0.874,NOT_PROBED,,,,,REJECTED_CANDIDATE,
7,ES,SPANISH_CANON,1,Lope de Vega,La dama boba,TITLE_AUTHOR,/works/OL17983261W,Fuente Ovejuna / La dama boba,Lope de Vega,/books/OL26570270M,Fuente Ovejuna and La dama boba,in the original Spanish,spa | eng,,Dell,1964,,12294727,0.95,1.0,0.929,VALID_COVER,333,500,JPEG,data/audit/reconstruction-ES-candidate-covers/ES-007-OL26570270M.jpeg,USABLE_CANDIDATE,
7,ES,SPANISH_CANON,1,Lope de Vega,La dama boba,TITLE_AUTHOR,/works/OL914474W,El caballero de Olmedo / La dama boba,Lope de Vega,/books/OL3060163M,El caballero de Olmedo / La dama boba,,spa,8485900464,Ediciones Fraile,1981,,,0.95,1.0,0.904,NOT_PROBED,,,,,REJECTED_CANDIDATE,
7,ES,SPANISH_CANON,1,Lope de Vega,La dama boba,TITLE_AUTHOR,/works/OL914552W,La dama boba,Lope de Vega,/books/OL353542M,Lady Nitwit,La dama boba,eng | spa,0927534746,Bilingual Press,1998,,12367615,1.0,1.0,0.9850000000000001,VALID_COVER,342,496,JPEG,data/audit/reconstruction-ES-candidate-covers/ES-007-OL353542M.jpeg,USABLE_CANDIDATE,
7,ES,SPANISH_CANON,1,Lope de Vega,La dama boba,TITLE_AUTHOR,/works/OL11270955W,La dama boba / Los melindres de Belisa,Lope de Vega,/books/OL35657545M,La dama boba / Los melindres de Belisa,,spa,,Magisterio Español,1967,,12364466,0.95,1.0,0.929,VALID_COVER,292,470,JPEG,data/audit/reconstruction-ES-candidate-covers/ES-007-OL35657545M.jpeg,USABLE_CANDIDATE,
7,ES,SPANISH_CANON,1,Lope de Vega,La dama boba,TITLE_AUTHOR,/works/OL35517970W,La dama boba,Lope de Vega,/books/OL47948291M,La dama boba,,spa,,,1613,,,1.0,1.0,0.875,NOT_PROBED,,,,,REJECTED_CANDIDATE,
8,ES,SPANISH_CANON,1,Pedro Calderón de la Barca,La vida es sueño,TITLE_AUTHOR,/works/OL10341555W,Vida es sueño,Pedro Calderón de la Barca,/books/OL18071781M,Homenage á Calderon.  Monografías,La vida es sueño.,spa,,Impr. y litog. de N. González,1881,,5985299,0.95,1.0,0.929,VALID_COVER,303,500,JPEG,data/audit/reconstruction-ES-candidate-covers/ES-008-OL18071781M.jpeg,USABLE_CANDIDATE,
8,ES,SPANISH_CANON,1,Pedro Calderón de la Barca,La vida es sueño,TITLE_ONLY,/works/OL18877036W,La vida es sueño,Pedro Calderón de la Barca,/books/OL22381779M,La vida es sueño,,spa | eng,9781589770126,Cervantes & Co.,2003,,,1.0,1.0,0.93,NOT_PROBED,,,,,REJECTED_CANDIDATE,
8,ES,SPANISH_CANON,1,Pedro Calderón de la Barca,La vida es sueño,TITLE_AUTHOR,/works/OL22161450W,La vida es sueño,Pedro Calderón de la Barca,/books/OL31048303M,La vida es sueño,,spa,9788497404105,Editorial Castalia,2012,,14595213,1.0,1.0,0.9850000000000001,VALID_COVER,323,500,JPEG,data/audit/reconstruction-ES-candidate-covers/ES-008-OL31048303M.jpeg,USABLE_CANDIDATE,
8,ES,SPANISH_CANON,1,Pedro Calderón de la Barca,La vida es sueño,TITLE_AUTHOR,/works/OL23950715W,La vida es sueño,Pedro Calderón de la Barca,/books/OL32115936M,La vida es sueño,,spa,9789685146289,Leyenda,2009,,10776223,1.0,1.0,0.9850000000000001,VALID_COVER,294,500,JPEG,data/audit/reconstruction-ES-candidate-covers/ES-008-OL32115936M.jpeg,USABLE_CANDIDATE,
8,ES,SPANISH_CANON,1,Pedro Calderón de la Barca,La vida es sueño,TITLE_AUTHOR,/works/OL22636124W,La vida es sueño,Pedro Calderón de la Barca,/books/OL4506454M,La vida es sueño,,spa,8470381563,M. Casanovas,1978,,,1.0,1.0,0.93,NOT_PROBED,,,,,REJECTED_CANDIDATE,
8,ES,SPANISH_CANON,1,Pedro Calderón de la Barca,La vida es sueño,TITLE_ONLY,/works/OL43770052W,La vida es sueño,Pedro Calderón de la Barca,/books/OL59665205M,La vida es sueño,comedia,spa,,M. Saurí,1875,,,1.0,1.0,0.9,NOT_PROBED,,,,,REJECTED_CANDIDATE,
8,ES,SPANISH_CANON,1,Pedro Calderón de la Barca,La vida es sueño,TITLE_AUTHOR,/works/OL10341558W,La vida es sueño,Pedro Calderón de la Barca,/books/OL6950209M,La vida es sueño,,spa | eng,,American book company,1904,,9523758,1.0,1.0,0.9550000000000001,VALID_COVER,358,500,JPEG,data/audit/reconstruction-ES-candidate-covers/ES-008-OL6950209M.jpeg,USABLE_CANDIDATE,
8,ES,SPANISH_CANON,1,Pedro Calderón de la Barca,La vida es sueño,TITLE_AUTHOR,/works/OL10341528W,La Vida Es Sueño / Life is a Dream,Pedro Calderón de la Barca,/books/OL9138264M,La Vida Es Sueno / Life is a Dream,,spa,9789505810420,Ediciones del Pensamiento Nacional,January 1982,,1052146,0.95,1.0,0.9590000000000001,VALID_COVER,293,475,JPEG,data/audit/reconstruction-ES-candidate-covers/ES-008-OL9138264M.jpeg,USABLE_CANDIDATE,
9,ES,SPANISH_CANON,1,Pedro Calderón de la Barca,El alcalde de Zalamea,TITLE_AUTHOR,/works/OL10341558W,La vida es sueño,Pedro Calderón de la Barca,/books/OL18032096M,La vida es sueño,and El Alcalde de Zalamea.,spa,,Dell Pub. Co.,1964,,10356537,0.95,1.0,0.929,VALID_COVER,302,500,JPEG,data/audit/reconstruction-ES-candidate-covers/ES-009-OL18032096M.jpeg,USABLE_CANDIDATE,
9,ES,SPANISH_CANON,1,Pedro Calderón de la Barca,El alcalde de Zalamea,TITLE_AUTHOR,/works/OL10341555W,Vida es sueño,Pedro Calderón de la Barca,/books/OL1824227M,La vida es sueño ; El alcalde de Zalamea,,spa,8473930657,E. Escolar,1980,,,0.95,1.0,0.904,NOT_PROBED,,,,,REJECTED_CANDIDATE,
9,ES,SPANISH_CANON,1,Pedro Calderón de la Barca,El alcalde de Zalamea,BROAD,/works/OL10341558W,La vida es sueño,Pedro Calderón de la Barca,/books/OL18874743M,La vida es sueño,El alcalde de Zalamea,spa,,Espasa-Calpe,1964,,,0.95,1.0,0.874,NOT_PROBED,,,,,REJECTED_CANDIDATE,
9,ES,SPANISH_CANON,1,Pedro Calderón de la Barca,El alcalde de Zalamea,TITLE_AUTHOR,/works/OL10252233W,El Alcalde De Zalamea,Pedro Calderón de la Barca,/books/OL22158214M,El alcalde de Zalamea,,spa,8420727776,Anaya,1987,,5258940,1.0,1.0,0.9850000000000001,VALID_COVER,128,187,JPEG,data/audit/reconstruction-ES-candidate-covers/ES-009-OL22158214M.jpeg,USABLE_CANDIDATE,
9,ES,SPANISH_CANON,1,Pedro Calderón de la Barca,El alcalde de Zalamea,TITLE_AUTHOR,/works/OL10341556W,El alcalde de Zalamea,Pedro Calderón de la Barca,/books/OL23388069M,El alcalde de Zalamea,,spa,,The University press,1921,,6129639,1.0,1.0,0.9550000000000001,VALID_COVER,328,500,JPEG,data/audit/reconstruction-ES-candidate-covers/ES-009-OL23388069M.jpeg,USABLE_CANDIDATE,
9,ES,SPANISH_CANON,1,Pedro Calderón de la Barca,El alcalde de Zalamea,TITLE_AUTHOR,/works/OL19683979W,El alcalde de Zalamea,Pedro Calderón de la Barca,/books/OL26900029M,El alcalde de Zalamea,,spa,,Ebro,1965,,,1.0,1.0,0.9,NOT_PROBED,,,,,REJECTED_CANDIDATE,
9,ES,SPANISH_CANON,1,Pedro Calderón de la Barca,El alcalde de Zalamea,TITLE_ONLY,/works/OL9109049W,El Alcalde De Zalamea,Le La Barca,/books/OL3055320M,El alcalde de Zalamea,,spa,8432038628,Planeta,1982,,11831804,1.0,0.5945945945945946,0.8795945945945947,VALID_COVER,291,500,JPEG,data/audit/reconstruction-ES-candidate-covers/ES-009-OL3055320M.jpeg,REJECTED_CANDIDATE,
9,ES,SPANISH_CANON,1,Pedro Calderón de la Barca,El alcalde de Zalamea,TITLE_AUTHOR,/works/OL24142539W,La vida es sueño,Pedro Calderón de la Barca,/books/OL33011069M,La vida es sueño,El alcalde de Zalamea ; El pintor de su deshonra,spa,9788426432186,Editorial Lumen,1988,,11666072,0.95,1.0,0.9590000000000001,VALID_COVER,444,500,JPEG,data/audit/reconstruction-ES-candidate-covers/ES-009-OL33011069M.jpeg,USABLE_CANDIDATE,
9,ES,SPANISH_CANON,1,Pedro Calderón de la Barca,El alcalde de Zalamea,TITLE_AUTHOR,/works/OL22161450W,La vida es sueño,Pedro Calderón de la Barca,/books/OL6417255M,La vida es sueño,"El alcalde de Zalamea, El mágico prodigioso.",spa,,"Editorial Losado, s.a.",1939,,,0.95,1.0,0.874,NOT_PROBED,,,,,REJECTED_CANDIDATE,
10,ES,SPANISH_CANON,1,Pedro Calderón de la Barca,El gran teatro del mundo,TITLE_AUTHOR,/works/OL10341552W,La dama duende,Pedro Calderón de la Barca,/books/OL15038651M,La dama duende,El gran teatro del mundo; El principe constante,spa,,S.A.E.T.A.,1945,,,0.95,1.0,0.874,NOT_PROBED,,,,,REJECTED_CANDIDATE,
10,ES,SPANISH_CANON,1,Pedro Calderón de la Barca,El gran teatro del mundo,TITLE_AUTHOR,/works/OL10341546W,La devoción de la cruz,Pedro Calderón de la Barca,/books/OL18028960M,La devoción de la Cruz.,El gran teatro del mundo.,spa,,Espasa-Calpe,1967,,,0.95,1.0,0.874,NOT_PROBED,,,,,REJECTED_CANDIDATE,
10,ES,SPANISH_CANON,1,Pedro Calderón de la Barca,El gran teatro del mundo,TITLE_AUTHOR,/works/OL19632790W,El gran teatro del mundo,Pedro Calderón de la Barca,/books/OL26853719M,El gran teatro del mundo,auto sacramental alegórico,spa,,Editorial Plutarco,1931,,8541062,1.0,1.0,0.9550000000000001,VALID_COVER,253,500,JPEG,data/audit/reconstruction-ES-candidate-covers/ES-010-OL26853719M.jpeg,USABLE_CANDIDATE,
10,ES,SPANISH_CANON,1,Pedro Calderón de la Barca,El gran teatro del mundo,TITLE_AUTHOR,/works/OL19682854W,El gran teatro del mundo,Pedro Calderón de la Barca,/books/OL26899053M,El gran teatro del mundo,,spa,,Retorno,1973,,,1.0,1.0,0.9,NOT_PROBED,,,,,REJECTED_CANDIDATE,
10,ES,SPANISH_CANON,1,Pedro Calderón de la Barca,El gran teatro del mundo,TITLE_AUTHOR,/works/OL32102242W,El gran teatro del mundo,Pedro Calderón de la Barca,/books/OL43835433M,El gran teatro del mundo,,spa,9783967280234,Edition Reichenberger,2021,,,1.0,1.0,0.93,NOT_PROBED,,,,,REJECTED_CANDIDATE,
10,ES,SPANISH_CANON,1,Pedro Calderón de la Barca,El gran teatro del mundo,TITLE_AUTHOR,/works/OL9114919W,El gran teatro del mundo/ El gran mercado del mundo/ The Great Theater of the World/ The World is a Fair,Pedro Calderón de la Barca,/books/OL4840103M,El gran teatro del mundo,El gran mercado del mundo,spa,8437600294,Ediciones Cátedra,1974,,1047420,1.0,1.0,0.9850000000000001,VALID_COVER,309,500,JPEG,data/audit/reconstruction-ES-candidate-covers/ES-010-OL4840103M.jpeg,USABLE_CANDIDATE,
10,ES,SPANISH_CANON,1,Pedro Calderón de la Barca,El gran teatro del mundo,TITLE_AUTHOR,/works/OL22532552W,El gran teatro del mundo,Pedro Calderón de la Barca,/books/OL5151849M,El gran teatro del mundo.,,spa,8470900544,Ediciones Istmo,1974,,,1.0,1.0,0.93,NOT_PROBED,,,,,REJECTED_CANDIDATE,
10,ES,SPANISH_CANON,1,Pedro Calderón de la Barca,El gran teatro del mundo,TITLE_AUTHOR,/works/OL42483976W,El gran teatro del mundo,Pedro Calderón de la Barca,/books/OL57654908M,El gran teatro del mundo,,spa,,Anaya,1958,,,1.0,1.0,0.9,NOT_PROBED,,,,,REJECTED_CANDIDATE,
10,ES,SPANISH_CANON,1,Pedro Calderón de la Barca,El gran teatro del mundo,TITLE_AUTHOR,/works/OL10341542W,El gran teatro del mundo,Pedro Calderón de la Barca,/books/OL745972M,El gran teatro del mundo,,spa,847423803X,Crítica,1997,,3800802,1.0,1.0,0.9850000000000001,VALID_COVER,128,214,JPEG,data/audit/reconstruction-ES-candidate-covers/ES-010-OL745972M.jpeg,USABLE_CANDIDATE,
11,ES,SPANISH_CANON,1,Tirso de Molina,El burlador de Sevilla,BROAD,/works/OL9103059W,El Burlador de Sevilla y Convidado de Piedra,Tirso de Molina,/books/OL12959891M,El Burlador de Sevilla y Convidado de Piedra,,spa,9789501322200,Kapelusz,January 1998,,,0.95,1.0,0.904,NOT_PROBED,,,,,REJECTED_CANDIDATE,
11,ES,SPANISH_CANON,1,Tirso de Molina,El burlador de Sevilla,BROAD,/works/OL638603W,El vergonzoso en palacio,Tirso de Molina,/books/OL13534189M,El vergonzoso en palacio,El burlador de Sevilla y convidado de piedra,spa,,Espasa-Calpe,1970,,,0.95,1.0,0.874,NOT_PROBED,,,,,REJECTED_CANDIDATE,
11,ES,SPANISH_CANON,1,Tirso de Molina,El burlador de Sevilla,BROAD,/works/OL15362341W,El Burlador de Sevilla y convidado de Piedra,Tirso de Molina,/books/OL24348795M,El Burlador de Sevilla y convidado de Piedra,comedia famosa,spa,,Garnier,1910,,6495432,0.95,1.0,0.929,VALID_COVER,293,500,JPEG,data/audit/reconstruction-ES-candidate-covers/ES-011-OL24348795M.jpeg,USABLE_CANDIDATE,
11,ES,SPANISH_CANON,1,Tirso de Molina,El burlador de Sevilla,BROAD,/works/OL17748280W,"El burlador de Sevilla, y convidado de piedra",Tirso de Molina,/books/OL26346152M,"El burlador de Sevilla, y convidado de piedra",,spa,,"En la Imprenta de Joseph Padrino, mercader de libros, en calle de Genova.",1748,,8028930,0.95,1.0,0.929,VALID_COVER,340,500,JPEG,data/audit/reconstruction-ES-candidate-covers/ES-011-OL26346152M.jpeg,USABLE_CANDIDATE,
11,ES,SPANISH_CANON,1,Tirso de Molina,El burlador de Sevilla,BROAD,/works/OL638606W,El burlador de Sevilla,Tirso de Molina | José Zorrilla,/books/OL27930352M,El burlador de Sevilla,El condenado por desconfiado ; La prudencia en la mujer,spa,,Editorial Losada,1966,,9312329,1.0,1.0,0.9550000000000001,VALID_COVER,295,500,JPEG,data/audit/reconstruction-ES-candidate-covers/ES-011-OL27930352M.jpeg,USABLE_CANDIDATE,
11,ES,SPANISH_CANON,1,Tirso de Molina,El burlador de Sevilla,BROAD,/works/OL638607W,Burlador de Sevilla,Tirso de Molina,/books/OL317343M,El burlador de Sevilla y convidado de piedra,,spa,8470397737,Editorial Castalia,1997,,11022292,0.95,1.0,0.9590000000000001,VALID_COVER,322,500,JPEG,data/audit/reconstruction-ES-candidate-covers/ES-011-OL317343M.jpeg,USABLE_CANDIDATE,
12,ES,SPANISH_CANON,1,Fernando de Rojas,La Celestina,TITLE_AUTHOR,/works/OL31951278W,Celestina,Fernando de Rojas,/books/OL11420423M,La Celestina,,spa,9780821911310,EMC Publishing,1994,,,1.0,1.0,0.93,NOT_PROBED,,,,,REJECTED_CANDIDATE,
12,ES,SPANISH_CANON,1,Fernando de Rojas,La Celestina,TITLE_AUTHOR,/works/OL8302251W,La Celestina,Fernando De Rojas,/books/OL13234064M,LA Celestina,,spa,9788432069802,"Espasa Calpe Mexicana, S.A.",September 1995,,12667644,1.0,1.0,0.9850000000000001,VALID_COVER,285,500,JPEG,data/audit/reconstruction-ES-candidate-covers/ES-012-OL13234064M.jpeg,USABLE_CANDIDATE,
12,ES,SPANISH_CANON,1,Fernando de Rojas,La Celestina,BROAD,/works/OL938934W,La Celestina,Fernando de Rojas,/books/OL22452690M,La Celestina,,spa,843203844X,Planeta,1980,,4405636,1.0,1.0,0.9850000000000001,VALID_COVER,128,200,JPEG,data/audit/reconstruction-ES-candidate-covers/ES-012-OL22452690M.jpeg,USABLE_CANDIDATE,
12,ES,SPANISH_CANON,1,Fernando de Rojas,La Celestina,TITLE_ONLY,/works/OL22269105W,La Celestina,Fernando de Rojas,/books/OL35732491M,La Celestina,,spa,9789709087895,Grupo Editorial Exodo,2002,,12474303,1.0,1.0,0.9850000000000001,VALID_COVER,322,500,JPEG,data/audit/reconstruction-ES-candidate-covers/ES-012-OL35732491M.jpeg,USABLE_CANDIDATE,
12,ES,SPANISH_CANON,1,Fernando de Rojas,La Celestina,TITLE_AUTHOR,/works/OL34622664W,La Celestina,Fernando de Rojas,/books/OL62201285M,La Celestina,,spa,,La Lectura,1931,,15232693,1.0,1.0,0.9550000000000001,VALID_COVER,310,500,JPEG,data/audit/reconstruction-ES-candidate-covers/ES-012-OL62201285M.jpeg,USABLE_CANDIDATE,
13,ES,SPANISH_CANON,1,Garcilaso de la Vega,Églogas,TITLE_AUTHOR,/works/OL9008675W,Églogas,Garcilaso de la Vega,/books/OL13365123M,Églogas,,spa,9788498162394,Linkgua S.L.,"January 1, 2007",,3335736,1.0,1.0,0.9850000000000001,VALID_COVER,323,500,JPEG,data/audit/reconstruction-ES-candidate-covers/ES-013-OL13365123M.jpeg,USABLE_CANDIDATE,
13,ES,SPANISH_CANON,1,Garcilaso de la Vega,Églogas,TITLE_AUTHOR,/works/OL9008674W,Eglogas,Garcilaso de la Vega,/books/OL13770228M,Eglogas,,spa,,Narcea,1972,,,1.0,1.0,0.9,NOT_PROBED,,,,,REJECTED_CANDIDATE,
13,ES,SPANISH_CANON,1,Garcilaso de la Vega,Églogas,TITLE_ONLY,/works/OL847652W,Églogas,"Vega, Garcilaso de la",/books/OL14645105M,Églogas.,,spa,,Angel Estrada,1943,,,1.0,0.75,0.8350000000000001,NOT_PROBED,,,,,REJECTED_CANDIDATE,
13,ES,SPANISH_CANON,1,Garcilaso de la Vega,Églogas,TITLE_ONLY,/works/OL847678W,Las églogas,"Vega, Garcilaso de la",/books/OL16736045M,Las Églogas,,spa,,Amphion,1945,,,0.95,0.75,0.809,NOT_PROBED,,,,,REJECTED_CANDIDATE,
13,ES,SPANISH_CANON,1,Garcilaso de la Vega,Églogas,TITLE_AUTHOR,/works/OL28631430W,Églogas,Garcilaso de la Vega | Manuel Ojeda y Siles,/books/OL39284086M,Églogas,,spa,9788498971873,"Linkgua Ediciones, S.L.",2014,,,1.0,1.0,0.93,NOT_PROBED,,,,,REJECTED_CANDIDATE,
13,ES,SPANISH_CANON,1,Garcilaso de la Vega,Églogas,TITLE_AUTHOR,/works/OL29447028W,Eglogas,Garcilaso de la Vega,/books/OL40540371M,Eglogas,,spa,9781976734540,Independently Published,2017,,,1.0,1.0,0.93,NOT_PROBED,,,,,REJECTED_CANDIDATE,
13,ES,SPANISH_CANON,1,Garcilaso de la Vega,Églogas,TITLE_AUTHOR,/works/OL40400198W,Églogas,Garcilaso de la Vega,/books/OL54945773M,Églogas,,spa,9781502566744,CreateSpace Independent Publishing Platform,2014,,,1.0,1.0,0.93,NOT_PROBED,,,,,REJECTED_CANDIDATE,
13,ES,SPANISH_CANON,1,Garcilaso de la Vega,Églogas,TITLE_AUTHOR,/works/OL42814601W,Las églogas,Garcilaso de la Vega | Fernando de Herrera,/books/OL58305240M,Las églogas,,spa,,C. Bouret,1939,,,0.95,1.0,0.874,NOT_PROBED,,,,,REJECTED_CANDIDATE,
14,ES,SPANISH_CANON,1,San Juan de la Cruz,Cántico espiritual,TITLE_AUTHOR,/works/OL13033565W,Cántico espiritual,San Juan de La Cruz,/books/OL20249412M,Cántico espiritual,,spa,8441000565,Olympia Ediciones,1995,,,1.0,1.0,0.93,NOT_PROBED,,,,,REJECTED_CANDIDATE,
14,ES,SPANISH_CANON,1,San Juan de la Cruz,Cántico espiritual,TITLE_AUTHOR,/works/OL25488938W,Cántico espiritual,San Juan De La Cruz,/books/OL34188865M,Cántico espiritual,Nueva edición de Lola Josa a la luz de la mística hebrea,spa,9788426409553,Penguin Random House Grupo Editorial,2021,,,1.0,1.0,0.93,NOT_PROBED,,,,,REJECTED_CANDIDATE,
14,ES,SPANISH_CANON,1,San Juan de la Cruz,Cántico espiritual,TITLE_AUTHOR,/works/OL29740476W,Poesía,San Juan de la Cruz,/books/OL40909014M,Poesía,"Cántico Espiritual, Noche Oscura, Llama de Amor Viva, Coplas y Glosas",spa,9781521550120,Independently Published,2017,,,0.95,1.0,0.904,NOT_PROBED,,,,,REJECTED_CANDIDATE,
14,ES,SPANISH_CANON,1,San Juan de la Cruz,Cántico espiritual,TITLE_AUTHOR,/works/OL41272515W,Cantico Espiritual (Spanish Edition),San Juan de la Cruz,/books/OL56061774M,Cantico Espiritual (Spanish Edition),,spa,9781978281950,CreateSpace Independent Publishing Platform,2017,,,0.95,1.0,0.904,NOT_PROBED,,,,,REJECTED_CANDIDATE,
14,ES,SPANISH_CANON,1,San Juan de la Cruz,Cántico espiritual,TITLE_AUTHOR,/works/OL9122588W,Cantico espiritual,San Juan de La Cruz,/books/OL9153812M,Cantico espiritual,,spa,9788496290174,Linkgua US,"January 24, 2007",,2273042,1.0,1.0,0.9850000000000001,VALID_COVER,323,500,JPEG,data/audit/reconstruction-ES-candidate-covers/ES-014-OL9153812M.jpeg,USABLE_CANDIDATE,
15,ES,SPANISH_CANON,1,Santa Teresa de Jesús,Libro de la vida,TITLE_AUTHOR,/works/OL35835963W,Libro de la Vida the Life of Saint Teresa of Avila by Herself (Edición en Español) Ilustrado,Santa Teresa de Jesús,/books/OL48368636M,Libro de la Vida the Life of Saint Teresa of Avila by Herself (Edición en Español) Ilustrado,,spa,9798715333827,Independently Published,2021,,,0.95,1.0,0.904,NOT_PROBED,,,,,REJECTED_CANDIDATE,
15,ES,SPANISH_CANON,1,Santa Teresa de Jesús,Libro de la vida,TITLE_AUTHOR,/works/OL40197580W,Libro de la Vida,Santa Teresa de Jesus,/books/OL54692844M,Libro de la Vida,,spa,9781979143097,CreateSpace Independent Publishing Platform,2017,,,1.0,1.0,0.93,NOT_PROBED,,,,,REJECTED_CANDIDATE,
15,ES,SPANISH_CANON,1,Santa Teresa de Jesús,Libro de la vida,TITLE_AUTHOR,/works/OL40343046W,Libro de la Vida (Spanish Edition),Santa Teresa de Jesus,/books/OL55888836M,Libro de la Vida (Spanish Edition),,spa,9781537746517,CreateSpace Independent Publishing Platform,2016,,,0.95,1.0,0.904,NOT_PROBED,,,,,REJECTED_CANDIDATE,
16,ES,SPANISH_CANON,1,Francisco de Quevedo,El Buscón,TITLE_AUTHOR,/works/OL9104718W,El Buscon y Escritos Breves,Francisco de Quevedo,/books/OL12952120M,El Buscon y Escritos Breves,,spa,9789500303477,Losada,November 1991,,,0.95,1.0,0.904,NOT_PROBED,,,,,REJECTED_CANDIDATE,
16,ES,SPANISH_CANON,1,Francisco de Quevedo,El Buscón,TITLE_AUTHOR,/works/OL15287360W,El Buscón y Escritos breves,Francisco de Quevedo,/books/OL17978880M,El Buscón y Escritos breves,,spa,,Editorial Losada,1951,,,0.95,1.0,0.874,NOT_PROBED,,,,,REJECTED_CANDIDATE,
16,ES,SPANISH_CANON,1,Francisco de Quevedo,El Buscón,TITLE_AUTHOR,/works/OL40440147W,Antología Francisco de Quevedo,Francisco de Quevedo,/books/OL54994863M,Antología Francisco de Quevedo,el Buscón,spa,9781542651127,CreateSpace Independent Publishing Platform,2017,,,0.95,1.0,0.904,NOT_PROBED,,,,,REJECTED_CANDIDATE,
16,ES,SPANISH_CANON,1,Francisco de Quevedo,El Buscón,TITLE_AUTHOR,/works/OL45186757W,El buscón,Francisco de Quevedo,/books/OL61612402M,El buscón,y escritos breves,spa,,Losada,1979,,,1.0,1.0,0.9,NOT_PROBED,,,,,REJECTED_CANDIDATE,
17,ES,SPANISH_CANON,1,Francisco de Quevedo,Sueños,TITLE_AUTHOR,/works/OL144961W,Historia de la vida del Buscón,Francisco de Quevedo,/books/OL13534168M,Vida del Buscón ; Sueños y discursos,,spa,,Aguilar,1964,,,0.95,1.0,0.874,NOT_PROBED,,,,,REJECTED_CANDIDATE,
17,ES,SPANISH_CANON,1,Francisco de Quevedo,Sueños,TITLE_AUTHOR,/works/OL144959W,Sueños,Francisco de Quevedo,/books/OL1523600M,Sueños y discursos,,spa,8470396641,Editorial Castalia,1993,,3960936,1.0,1.0,0.9850000000000001,VALID_COVER,128,205,JPEG,data/audit/reconstruction-ES-candidate-covers/ES-017-OL1523600M.jpeg,USABLE_CANDIDATE,
17,ES,SPANISH_CANON,1,Francisco de Quevedo,Sueños,TITLE_AUTHOR,/works/OL19682980W,Los sueños,Francisco de Quevedo,/books/OL27793638M,Los Sueños,,spa,,Ebro,1963,,,0.95,1.0,0.874,NOT_PROBED,,,,,REJECTED_CANDIDATE,
17,ES,SPANISH_CANON,1,Francisco de Quevedo,Sueños,TITLE_AUTHOR,/works/OL35855409W,Los Sueños,Francisco de Quevedo,/books/OL48416545M,Los Sueños,Nueva Edición,spa,9798737168414,Independently Published,2021,,,0.95,1.0,0.904,NOT_PROBED,,,,,REJECTED_CANDIDATE,
17,ES,SPANISH_CANON,1,Francisco de Quevedo,Sueños,TITLE_AUTHOR,/works/OL27522178W,Los Sueños,Francisco de Quevedo,/books/OL52601129M,Los sueños,,spa,,Editorial R. Sopena,1967,,,0.95,1.0,0.874,NOT_PROBED,,,,,REJECTED_CANDIDATE,
17,ES,SPANISH_CANON,1,Francisco de Quevedo,Sueños,TITLE_AUTHOR,/works/OL144958W,Los sueños,Francisco de Quevedo,/books/OL6600350M,Los sueños,,spa,,"Ediciones de ""La Lectura""",1916,,9599841,0.95,1.0,0.929,VALID_COVER,291,500,JPEG,data/audit/reconstruction-ES-candidate-covers/ES-017-OL6600350M.jpeg,USABLE_CANDIDATE,
18,ES,SPANISH_CANON,1,Luis de Góngora,Soledades,BROAD,/works/OL2208033W,Las soledades,Luis de Góngora y Argote,/books/OL16393773M,Las soledades.,,spa,,Sociedad de Estudios y Publicaciones,1956,,,0.95,0.95,0.861,NOT_PROBED,,,,,REJECTED_CANDIDATE,
18,ES,SPANISH_CANON,1,Luis de Góngora,Soledades,BROAD,/works/OL2208037W,Polifemo,Luis de Góngora y Argote | Alfonso Callejo | Maria Teresa Pajares,/books/OL2269120M,"Fábula de Polyfemo y Galathea ; y, Las soledades",,spa,0942260678,Hispanic Seminary of Medieval Studies,1985,,,0.95,0.95,0.891,NOT_PROBED,,,,,REJECTED_CANDIDATE,
18,ES,SPANISH_CANON,1,Luis de Góngora,Soledades,BROAD,/works/OL35840076W,Soledades,Luis de Góngora,/books/OL48447875M,Soledades,Biblioteca - Luis de Góngora,spa,9798711378143,Independently Published,2021,,,1.0,1.0,0.93,NOT_PROBED,,,,,REJECTED_CANDIDATE,
18,ES,SPANISH_CANON,1,Luis de Góngora,Soledades,BROAD,/works/OL30882737W,Soledades,Luis de Góngora y Argote,/books/OL50323289M,SOLEDADES,,spa,8475060323,TURNER,1981,,,1.0,0.95,0.917,NOT_PROBED,,,,,REJECTED_CANDIDATE,
18,ES,SPANISH_CANON,1,Luis de Góngora,Soledades,BROAD,/works/OL9114997W,Soledades / Loneliness,Luis de Góngora y Argote,/books/OL9130082M,Soledades / Loneliness,,spa,9788437601991,Ediciones Catedra S.A.,"June 30, 2004",,2270380,0.95,0.95,0.9460000000000001,VALID_COVER,309,500,JPEG,data/audit/reconstruction-ES-candidate-covers/ES-018-OL9130082M.jpeg,USABLE_CANDIDATE,
19,ES,SPANISH_CANON,1,Luis de Góngora,Fábula de Polifemo y Galatea,TITLE_AUTHOR,/works/OL2207987W,Fábula de Polifemo y Galatea [por] Luis de Góngora,Luis de Góngora y Argote,/books/OL17384484M,Fábula de Polifemo y Galatea [por] Luis de Góngora,,spa,,Indice,1923,,,0.95,0.95,0.861,NOT_PROBED,,,,,REJECTED_CANDIDATE,
19,ES,SPANISH_CANON,1,Luis de Góngora,Fábula de Polifemo y Galatea,TITLE_AUTHOR,/works/OL15682667W,Fábula de Polifemo y Galatea,Luis de Góngora y Argote,/books/OL20084726M,Fábula de Polifemo y Galatea,,spa,,Plus Ultra,1973,,,1.0,0.95,0.887,NOT_PROBED,,,,,REJECTED_CANDIDATE,
19,ES,SPANISH_CANON,1,Luis de Góngora,Fábula de Polifemo y Galatea,TITLE_AUTHOR,/works/OL2208039W,Poems,Luis de Góngora y Argote,/books/OL3065863M,Poesía,"Soledades, Fábula de Polifemo y Galatea, Panegírico al duque de Lerma y otros poemas",spa,8430641122,Taurus,1981,,4903976,0.95,0.95,0.9460000000000001,VALID_COVER,128,228,JPEG,data/audit/reconstruction-ES-candidate-covers/ES-019-OL3065863M.jpeg,USABLE_CANDIDATE,
19,ES,SPANISH_CANON,1,Luis de Góngora,Fábula de Polifemo y Galatea,BROAD,/works/OL2208037W,Polifemo,Luis de Góngora y Argote | Alfonso Callejo | Maria Teresa Pajares,/books/OL3235091M,Fábula de Polifemo y Galatea,,spa,843760379X,Cátedra,1983,,4909765,1.0,0.95,0.9720000000000001,VALID_COVER,128,212,JPEG,data/audit/reconstruction-ES-candidate-covers/ES-019-OL3235091M.jpeg,USABLE_CANDIDATE,
19,ES,SPANISH_CANON,1,Luis de Góngora,Fábula de Polifemo y Galatea,TITLE_AUTHOR,/works/OL32041247W,Fábula de Polifemo y Galatea,Luis de Góngora y Argote,/books/OL43763565M,Fábula de Polifemo y Galatea,,spa,,Indice,1923,,,1.0,0.95,0.887,NOT_PROBED,,,,,REJECTED_CANDIDATE,
19,ES,SPANISH_CANON,1,Luis de Góngora,Fábula de Polifemo y Galatea,TITLE_AUTHOR,/works/OL41484755W,Fábula de Polifemo y Galatea,Luis de Góngora,/books/OL56340393M,Fábula de Polifemo y Galatea,,spa,9781517387211,CreateSpace Independent Publishing Platform,2015,,,1.0,1.0,0.93,NOT_PROBED,,,,,REJECTED_CANDIDATE,
19,ES,SPANISH_CANON,1,Luis de Góngora,Fábula de Polifemo y Galatea,TITLE_AUTHOR,/works/OL41756453W,Fábula de Polifemo y Galatea,Luis de Góngora y Argote,/books/OL56696675M,Fábula de Polifemo y Galatea,,spa,9781726255943,CreateSpace Independent Publishing Platform,2018,,,1.0,0.95,0.917,NOT_PROBED,,,,,REJECTED_CANDIDATE,
19,ES,SPANISH_CANON,1,Luis de Góngora,Fábula de Polifemo y Galatea,TITLE_AUTHOR,/works/OL3176255W,Poesia,Luis de Góngora y Argote,/books/OL9120402M,Poesia,"Soledades, Fabula de Polifemo y Galatea, Panegirico al duque de Lerma y otros poemas (Temas de Espana)",spa,9788430641123,Taurus,1981,,4903977,0.95,0.95,0.9460000000000001,VALID_COVER,128,228,JPEG,data/audit/reconstruction-ES-candidate-covers/ES-019-OL9120402M.jpeg,USABLE_CANDIDATE,
19,ES,SPANISH_CANON,1,Luis de Góngora,Fábula de Polifemo y Galatea,TITLE_AUTHOR,/works/OL9114991W,Fabula De Polifemo Y Galatea,Luis de Góngora y Argote,/books/OL9130147M,Fabula De Polifemo Y Galatea,,spa,9788437603797,Catedra,January 1990,,4909766,1.0,0.95,0.9720000000000001,VALID_COVER,128,212,JPEG,data/audit/reconstruction-ES-candidate-covers/ES-019-OL9130147M.jpeg,USABLE_CANDIDATE,
20,ES,SPANISH_CANON,1,José Cadalso,Cartas marruecas,TITLE_AUTHOR,/works/OL25053512W,Cartas marruecas / Los eruditos a la violeta,José Cadalso,/books/OL18879142M,"Cartas marruecas / Los eruditos a la violeta; o, Curso completo de todas las ciencia",,spa,,Aguilar,1961,,,0.95,1.0,0.874,NOT_PROBED,,,,,REJECTED_CANDIDATE,
20,ES,SPANISH_CANON,1,José Cadalso,Cartas marruecas,TITLE_AUTHOR,/works/OL7567258W,Cartas marruecas / Noches lúgubres,José Cadalso,/books/OL22450063M,Cartas marruecas / Noches lúgubres,,spa,8437601452,Cátedra,1981,,9246576,0.95,1.0,0.9590000000000001,VALID_COVER,295,500,JPEG,data/audit/reconstruction-ES-candidate-covers/ES-020-OL22450063M.jpeg,USABLE_CANDIDATE,
20,ES,SPANISH_CANON,1,José Cadalso,Cartas marruecas,TITLE_AUTHOR,/works/OL25053538W,Cartas marruecas / Defensa de la nación española contra la Carta persiana LXXVIII de Montesquieu,José Cadalso,/books/OL2423976M,Cartas marruecas / Defensa de la nación española contra la Carta persiana LXXVIII de Montesquieu,,spa,8433410849,Júcar,1985,,,0.95,1.0,0.904,NOT_PROBED,,,,,REJECTED_CANDIDATE,
20,ES,SPANISH_CANON,1,José Cadalso,Cartas marruecas,TITLE_AUTHOR,/works/OL1308875W,Cartas marruecas,José Cadalso,/books/OL26462126M,Cartas marruecas,,spa,,en la Imprenta de Piferrer,1796,,8192897,1.0,1.0,0.9550000000000001,VALID_COVER,325,500,JPEG,data/audit/reconstruction-ES-candidate-covers/ES-020-OL26462126M.jpeg,USABLE_CANDIDATE,
20,ES,SPANISH_CANON,1,José Cadalso,Cartas marruecas,TITLE_AUTHOR,/works/OL33002556W,Cártas Marruécas y poesías seléctas. ...,José Cadalso,/books/OL44859602M,Cártas Marruécas y poesías seléctas. ...,"Nuéva edición con nótas y acéntos de prosódia, al úso de los estudiántes en las académias, colégios y universidádes de los Estádos Unídos de la América Setentrionál",spa,,De la imprénta de Munroe y Francis. ...,1827,,,0.95,1.0,0.874,NOT_PROBED,,,,,REJECTED_CANDIDATE,
20,ES,SPANISH_CANON,1,José Cadalso,Cartas marruecas,TITLE_AUTHOR,/works/OL35830780W,Cartas Marruecas (Ilustrado),José Cadalso,/books/OL48359575M,Cartas Marruecas (Ilustrado),,spa,9798679804722,Independently Published,2020,,,0.95,1.0,0.904,NOT_PROBED,,,,,REJECTED_CANDIDATE,
20,ES,SPANISH_CANON,1,José Cadalso,Cartas marruecas,TITLE_AUTHOR,/works/OL37725289W,Cártas Marruécas y Poesías Seléctas... .,José Cadalso | Francis Sales,/books/OL51424525M,Cártas Marruécas y Poesías Seléctas... .,"Nuéva Edición con Nótas y Acéntos de Prosódia, Al Úso de Los Estudiántes en Las Académias, Colégios y Universidádes de Los Estádos unídos de la América Setentrionál",spa,9781020191930,"Creative Media Partners, LLC",2023,,,0.95,1.0,0.904,NOT_PROBED,,,,,REJECTED_CANDIDATE,
20,ES,SPANISH_CANON,1,José Cadalso,Cartas marruecas,TITLE_ONLY,/works/OL37670059W,Cartas Marruecas...,Joseph Cadahalso,/books/OL51446896M,Cartas Marruecas...,,spa,9781022294141,"Creative Media Partners, LLC",2023,,,1.0,0.8571428571428571,0.8928571428571429,NOT_PROBED,,,,,REJECTED_CANDIDATE,
20,ES,SPANISH_CANON,1,José Cadalso,Cartas marruecas,TITLE_AUTHOR,/works/OL41421617W,Cartas Marruecas,Jose Cadalso,/books/OL56256720M,Cartas Marruecas,,spa,9781505395044,CreateSpace Independent Publishing Platform,2014,,,1.0,1.0,0.93,NOT_PROBED,,,,,REJECTED_CANDIDATE,
21,ES,SPANISH_CANON,1,Leandro Fernández de Moratín,El sí de las niñas,TITLE_AUTHOR,/works/OL9117884W,El Si de Las Ninas,Leandro Fernández de Moratín,/books/OL13056777M,El Si de Las Ninas,,spa,9789561313767,Andres Bello,September 1998,,14632569,1.0,1.0,0.9850000000000001,VALID_COVER,326,500,JPEG,data/audit/reconstruction-ES-candidate-covers/ES-021-OL13056777M.jpeg,USABLE_CANDIDATE,
21,ES,SPANISH_CANON,1,Leandro Fernández de Moratín,El sí de las niñas,TITLE_AUTHOR,/works/OL976470W,La comedia nueva,Leandro Fernández de Moratín,/books/OL22063281M,La comedia nueva,El sí de las niñas,spa,8474236010,Crítica,1990,,4911996,0.95,1.0,0.9590000000000001,VALID_COVER,128,208,JPEG,data/audit/reconstruction-ES-candidate-covers/ES-021-OL22063281M.jpeg,USABLE_CANDIDATE,
21,ES,SPANISH_CANON,1,Leandro Fernández de Moratín,El sí de las niñas,TITLE_AUTHOR,/works/OL976467W,El si de las niñas,Leandro Fernández de Moratín,/books/OL2814383M,El si de las niñas,,spa,,Editorial A. Bello,1983,,,1.0,1.0,0.9,NOT_PROBED,,,,,REJECTED_CANDIDATE,
21,ES,SPANISH_CANON,1,Leandro Fernández de Moratín,El sí de las niñas,TITLE_AUTHOR,/works/OL6365850W,La comedia nueva o el café,Leandro Fernández de Moratín,/books/OL32792282M,La comedia nueva o el café,El sí de las niñas,spa,9788423930586,Espasa-Calpe,1973,,11424642,0.95,1.0,0.9590000000000001,VALID_COVER,301,500,JPEG,data/audit/reconstruction-ES-candidate-covers/ES-021-OL32792282M.jpeg,USABLE_CANDIDATE,
21,ES,SPANISH_CANON,1,Leandro Fernández de Moratín,El sí de las niñas,BROAD,/works/OL35747213W,Leandro Fernández de MoratíN. el Sí de Las Niñas,Leandro Fernández de Moratín | Félix Gerónimo,/books/OL48233898M,Leandro Fernández de MoratíN. el Sí de Las Niñas,Comedia,spa,9798718063868,Independently Published,2021,,,0.95,1.0,0.904,NOT_PROBED,,,,,REJECTED_CANDIDATE,
21,ES,SPANISH_CANON,1,Leandro Fernández de Moratín,El sí de las niñas,TITLE_AUTHOR,/works/OL42253319W,El sí de las niñas,Leandro Fernández de Moratín,/books/OL57706078M,El sí de las niñas,,spa,,Ediciones Anaya,1965,,,1.0,1.0,0.9,NOT_PROBED,,,,,REJECTED_CANDIDATE,
21,ES,SPANISH_CANON,1,Leandro Fernández de Moratín,El sí de las niñas,TITLE_AUTHOR,/works/OL976432W,El sí de las ninas,Leandro Fernández de Moratín | Moratina F. Leandro,/books/OL6611863M,El sí de las niñas,comedia en tres actos,spa | eng,,H. Holt and company,1918,,9667535,1.0,1.0,0.9550000000000001,VALID_COVER,347,500,JPEG,data/audit/reconstruction-ES-candidate-covers/ES-021-OL6611863M.jpeg,USABLE_CANDIDATE,
21,ES,SPANISH_CANON,1,Leandro Fernández de Moratín,El sí de las niñas,TITLE_AUTHOR,/works/OL976468W,Comedia nueva,Leandro Fernández de Moratín,/books/OL6749570M,La comedia nueva and El sí de las niñas,,spa,,The Century co.,1930,,9455105,0.95,1.0,0.929,NOT_PROBED,,,,,REJECTED_CANDIDATE,
21,ES,SPANISH_CANON,1,Leandro Fernández de Moratín,El sí de las niñas,TITLE_AUTHOR,/works/OL9104858W,El Sí de las Niñas,Leandro Fernández de Moratín,/books/OL9117702M,El Sí de las Niñas,,spa,9788420726342,Continental Book Company,June 1998,,4904182,1.0,1.0,0.9850000000000001,VALID_COVER,128,181,JPEG,data/audit/reconstruction-ES-candidate-covers/ES-021-OL9117702M.jpeg,USABLE_CANDIDATE,
21,ES,SPANISH_CANON,1,Leandro Fernández de Moratín,El sí de las niñas,TITLE_AUTHOR,/works/OL9104861W,El Si de las Ninas,Leandro Fernández de Moratín,/books/OL9475962M,El Si de las Ninas,,spa,9788441000551,PML Ediciones,January 1999,,2270513,1.0,1.0,0.9850000000000001,VALID_COVER,286,475,JPEG,data/audit/reconstruction-ES-candidate-covers/ES-021-OL9475962M.jpeg,USABLE_CANDIDATE,
22,ES,SPANISH_CANON,1,Gustavo Adolfo Bécquer,Rimas y leyendas,TITLE_AUTHOR,/works/OL10551587W,Rimas y leyendas,Gustavo Adolfo Bécquer,/books/OL13767975M,Rimas y leyendas.,,spa,,Ebro,1962,,,1.0,1.0,0.9,NOT_PROBED,,,,,REJECTED_CANDIDATE,
22,ES,SPANISH_CANON,1,Gustavo Adolfo Bécquer,Rimas y leyendas,BROAD,/works/OL10342573W,Rimas y leyendas,Gustavo Adolfo Bécquer,/books/OL22938449M,Rimas y leyendas,,spa,8420725935,Anaya,1985,,,1.0,1.0,0.93,NOT_PROBED,,,,,REJECTED_CANDIDATE,
22,ES,SPANISH_CANON,1,Gustavo Adolfo Bécquer,Rimas y leyendas,TITLE_AUTHOR,/works/OL22665933W,Rimas y Leyendas,Gustavo Adolfo Bécquer,/books/OL34073978M,Rimas y leyendas,,spa,9788491050339,Penguin Random House Grupo Editorial,2016,,,1.0,1.0,0.93,NOT_PROBED,,,,,REJECTED_CANDIDATE,
22,ES,SPANISH_CANON,1,Gustavo Adolfo Bécquer,Rimas y leyendas,TITLE_AUTHOR,/works/OL23779668W,Rimas y leyendas,Gustavo Adolfo Bécquer,/books/OL35328792M,Rimas y leyendas,,spa,9789706271228,Época,1997,,12146387,1.0,1.0,0.9850000000000001,VALID_COVER,320,500,JPEG,data/audit/reconstruction-ES-candidate-covers/ES-022-OL35328792M.jpeg,USABLE_CANDIDATE,
22,ES,SPANISH_CANON,1,Gustavo Adolfo Bécquer,Rimas y leyendas,TITLE_AUTHOR,/works/OL629345W,Rimas y leyendas,Gustavo Adolfo Bécquer,/books/OL35352451M,Rimas y leyendas,,spa,8423900037,Espasa-Calpe,1981,,12193887,1.0,1.0,0.9850000000000001,VALID_COVER,312,500,JPEG,data/audit/reconstruction-ES-candidate-covers/ES-022-OL35352451M.jpeg,USABLE_CANDIDATE,
22,ES,SPANISH_CANON,1,Gustavo Adolfo Bécquer,Rimas y leyendas,TITLE_ONLY,/works/OL42475535W,Rimas y leyendas,Gustavo Adolfo Bécquer | Ildefonso Manuel Gil,/books/OL58654174M,Rimas y leyendas,,spa,,Editorial Ebro,1943,,,1.0,1.0,0.9,NOT_PROBED,,,,,REJECTED_CANDIDATE,
22,ES,SPANISH_CANON,1,Gustavo Adolfo Bécquer,Rimas y leyendas,TITLE_AUTHOR,/works/OL629346W,Rimas,Gustavo Adolfo Bécquer,/books/OL6825781M,Rimas,"y, Leyendas : escogidas",spa,8488964137,Ediciones Carisma Libros,1998,,,0.95,1.0,0.904,NOT_PROBED,,,,,REJECTED_CANDIDATE,
22,ES,SPANISH_CANON,1,Gustavo Adolfo Bécquer,Rimas y leyendas,TITLE_AUTHOR,/works/OL10342573W,Rimas y leyendas,Gustavo Adolfo Bécquer,/books/OL9117701M,Rimas Y Leyendas (Biblioteca Didactica Anaya),,spa,9788420725932,Continental Book Company,June 1998,,4903732,1.0,1.0,0.9850000000000001,VALID_COVER,128,183,JPEG,data/audit/reconstruction-ES-candidate-covers/ES-022-OL9117701M.jpeg,USABLE_CANDIDATE,
22,ES,SPANISH_CANON,1,Gustavo Adolfo Bécquer,Rimas y leyendas,TITLE_AUTHOR,/works/OL227562W,Rimas y Leyendas,Gustavo Adolfo Bécquer,/books/OL9133939M,Rimas y Leyendas,,spa,9788466303880,Punto de lectura / Suma de letras,October 2001,,1047732,1.0,1.0,0.9850000000000001,VALID_COVER,296,475,JPEG,data/audit/reconstruction-ES-candidate-covers/ES-022-OL9133939M.jpeg,USABLE_CANDIDATE,
23,ES,SPANISH_CANON,1,Benito Pérez Galdós,Fortunata y Jacinta,BROAD,/works/OL10420623W,Fortunata y Jacinta,Benito Pérez Galdós,/books/OL13819567M,Fortunata y Jacinta,dos historias de casadas.,spa,,Espasa-Calpe,1951,,,1.0,1.0,0.9,NOT_PROBED,,,,,REJECTED_CANDIDATE,
23,ES,SPANISH_CANON,1,Benito Pérez Galdós,Fortunata y Jacinta,TITLE_AUTHOR,/works/OL815451W,Fortunata y Jacinta,Benito Pérez Galdós,/books/OL17918771M,Fortunata y Jacinta,,spa | eng,8430621695,Taurus,1986,,5388859,1.0,1.0,0.9850000000000001,VALID_COVER,128,204,JPEG,data/audit/reconstruction-ES-candidate-covers/ES-023-OL17918771M.jpeg,USABLE_CANDIDATE,
23,ES,SPANISH_CANON,1,Benito Pérez Galdós,Fortunata y Jacinta,TITLE_AUTHOR,/works/OL25635607W,Fortunata y Jacinta / Fortunata and Jacinta,Benito Pérez Galdós,/books/OL34402619M,Fortunata y Jacinta / Fortunata and Jacinta,,spa,9788491053682,Penguin Random House Grupo Editorial,2019,,,0.95,1.0,0.904,NOT_PROBED,,,,,REJECTED_CANDIDATE,
23,ES,SPANISH_CANON,1,Benito Pérez Galdós,Fortunata y Jacinta,TITLE_AUTHOR,/works/OL30856537W,Fortunata y Jacinta,Benito Pérez Galdós,/books/OL42393778M,Fortunata y Jacinta,,spa,9798577424893,Independently Published,2020,,,1.0,1.0,0.93,NOT_PROBED,,,,,REJECTED_CANDIDATE,
23,ES,SPANISH_CANON,1,Benito Pérez Galdós,Fortunata y Jacinta,TITLE_AUTHOR,/works/OL35787374W,Fortunata y Jacinta,Benito Pérez Galdós,/books/OL48290466M,Fortunata y Jacinta,,spa,9798577425098,Independently Published,2020,,,1.0,1.0,0.93,NOT_PROBED,,,,,REJECTED_CANDIDATE,
23,ES,SPANISH_CANON,1,Benito Pérez Galdós,Fortunata y Jacinta,TITLE_AUTHOR,/works/OL41073035W,Fortunata y Jacinta,Benito Pérez Galdós,/books/OL55879212M,Fortunata y Jacinta,,spa,9781502930163,CreateSpace Independent Publishing Platform,2014,,,1.0,1.0,0.93,NOT_PROBED,,,,,REJECTED_CANDIDATE,
23,ES,SPANISH_CANON,1,Benito Pérez Galdós,Fortunata y Jacinta,TITLE_AUTHOR,/works/OL7999129W,Fortunata y Jacinta,Benito Pérez Galdós,/books/OL9145696M,Fortunata y Jacinta,,spa,9788484036531,Edimat Libros,"September 28, 2004",,8296945,1.0,1.0,0.9850000000000001,VALID_COVER,340,500,JPEG,data/audit/reconstruction-ES-candidate-covers/ES-023-OL9145696M.jpeg,USABLE_CANDIDATE,
24,ES,SPANISH_CANON,1,Benito Pérez Galdós,Misericordia,TITLE_AUTHOR,/works/OL10420625W,Misericordia,Benito Pérez Galdós,/books/OL13746332M,Misericordia,,spa,,Nelson Editores,1951,,,1.0,1.0,0.9,NOT_PROBED,,,,,REJECTED_CANDIDATE,
24,ES,SPANISH_CANON,1,Benito Pérez Galdós,Misericordia,TITLE_AUTHOR,/works/OL815447W,Misericordia,Benito Pérez Galdós,/books/OL24625586M,Misericordia,,spa,,T. Nelson and Sons,1913,,7206145,1.0,1.0,0.9550000000000001,VALID_COVER,325,500,JPEG,data/audit/reconstruction-ES-candidate-covers/ES-024-OL24625586M.jpeg,USABLE_CANDIDATE,
24,ES,SPANISH_CANON,1,Benito Pérez Galdós,Misericordia,BROAD,/works/OL29792786W,Benito Pérez Galdós - Misericordia,Benito Pérez Galdós,/books/OL41007254M,Benito Pérez Galdós - Misericordia,,spa,9781096065210,Independently Published,2019,,,0.95,1.0,0.904,NOT_PROBED,,,,,REJECTED_CANDIDATE,
24,ES,SPANISH_CANON,1,Benito Pérez Galdós,Misericordia,TITLE_AUTHOR,/works/OL30584084W,Benito Pérez Galdós - Misericordia,Benito Pérez Galdós,/books/OL42048950M,Benito Pérez Galdós - Misericordia,,spa,9798663093767,Independently Published,2020,,,0.95,1.0,0.904,NOT_PROBED,,,,,REJECTED_CANDIDATE,
24,ES,SPANISH_CANON,1,Benito Pérez Galdós,Misericordia,BROAD,/works/OL30707559W,Benito Pérez Galdós - Misericordia,Benito Pérez Galdós,/books/OL42224517M,Benito Pérez Galdós - Misericordia,,spa,9798616846167,Independently Published,2020,,,0.95,1.0,0.904,NOT_PROBED,,,,,REJECTED_CANDIDATE,
24,ES,SPANISH_CANON,1,Benito Pérez Galdós,Misericordia,BROAD,/works/OL34511570W,Benito Pérez Galdós - Misericordia,Benito Pérez Galdós,/books/OL46816687M,Benito Pérez Galdós - Misericordia,,spa,9798612976349,Independently Published,2020,,,0.95,1.0,0.904,NOT_PROBED,,,,,REJECTED_CANDIDATE,
24,ES,SPANISH_CANON,1,Benito Pérez Galdós,Misericordia,BROAD,/works/OL36383185W,Benito Pérez Galdós - Misericordia,Benito Pérez Galdós,/books/OL49160337M,Benito Pérez Galdós - Misericordia,,spa,9798601634823,Independently Published,2020,,,0.95,1.0,0.904,NOT_PROBED,,,,,REJECTED_CANDIDATE,
24,ES,SPANISH_CANON,1,Benito Pérez Galdós,Misericordia,TITLE_AUTHOR,/works/OL40810750W,Misericordia,Benito Pérez Galdós,/books/OL55549464M,Misericordia,,spa,9781508999386,CreateSpace Independent Publishing Platform,2015,,,1.0,1.0,0.93,NOT_PROBED,,,,,REJECTED_CANDIDATE,
24,ES,SPANISH_CANON,1,Benito Pérez Galdós,Misericordia,TITLE_AUTHOR,/works/OL7999209W,Misericordia,Benito Pérez Galdós,/books/OL9149202M,Misericordia,,spa,9789561311824,Edicomunicacion,February 1998,,4916067,1.0,1.0,0.9850000000000001,VALID_COVER,128,201,JPEG,data/audit/reconstruction-ES-candidate-covers/ES-024-OL9149202M.jpeg,USABLE_CANDIDATE,
25,ES,SPANISH_CANON,1,Benito Pérez Galdós,Doña Perfecta,TITLE_AUTHOR,/works/OL16251424W,Dona Perfecta,Benito Pérez Galdós,/books/OL22124910M,Dona Perfecta,"adapted for early reading with notes, exercises, and vocabulary",spa,,D.C. Heath and company,1940,,11010753,1.0,1.0,0.9550000000000001,VALID_COVER,314,500,JPEG,data/audit/reconstruction-ES-candidate-covers/ES-025-OL22124910M.jpeg,USABLE_CANDIDATE,
25,ES,SPANISH_CANON,1,Benito Pérez Galdós,Doña Perfecta,TITLE_AUTHOR,/works/OL20549725W,Doña Perfecta,Benito Pérez Galdós,/books/OL27931053M,Doña perfecta,,spa,,Hernando,1964,,9314691,1.0,1.0,0.9550000000000001,VALID_COVER,309,500,JPEG,data/audit/reconstruction-ES-candidate-covers/ES-025-OL27931053M.jpeg,USABLE_CANDIDATE,
25,ES,SPANISH_CANON,1,Benito Pérez Galdós,Doña Perfecta,BROAD,/works/OL29792784W,Benito Pérez Galdós - Doña Perfecta,Benito Pérez Galdós,/books/OL40975822M,Benito Pérez Galdós - Doña Perfecta,,spa,9781096062400,Independently Published,2019,,,0.95,1.0,0.904,NOT_PROBED,,,,,REJECTED_CANDIDATE,
25,ES,SPANISH_CANON,1,Benito Pérez Galdós,Doña Perfecta,TITLE_AUTHOR,/works/OL30324777W,Benito Pérez Galdós - Doña Perfecta,Benito Pérez Galdós,/books/OL41871965M,Benito Pérez Galdós - Doña Perfecta,,spa,9798612623304,Independently Published,2020,,,0.95,1.0,0.904,NOT_PROBED,,,,,REJECTED_CANDIDATE,
25,ES,SPANISH_CANON,1,Benito Pérez Galdós,Doña Perfecta,BROAD,/works/OL34359945W,Doña Perfecta,Benito Pérez Galdós,/books/OL46729929M,Doña Perfecta,Benito Pérez Galdós,spa,9781656998828,Independently Published,2020,,,1.0,1.0,0.93,NOT_PROBED,,,,,REJECTED_CANDIDATE,
25,ES,SPANISH_CANON,1,Benito Pérez Galdós,Doña Perfecta,TITLE_AUTHOR,/works/OL815454W,Doña Perfecta,Benito Pérez Galdós,/books/OL6933822M,Doña Perfecta,,spa | eng,,American Book Company,1903,,5864368,1.0,1.0,0.9550000000000001,VALID_COVER,312,500,JPEG,data/audit/reconstruction-ES-candidate-covers/ES-025-OL6933822M.jpeg,USABLE_CANDIDATE,
26,ES,SPANISH_CANON,1,Benito Pérez Galdós,Tristana,TITLE_AUTHOR,/works/OL815443W,Tristana,Benito Pérez Galdós,/books/OL14637522M,Tristana,,spa,,Impr. de la Guirnalda,1892,,9540696,1.0,1.0,0.9550000000000001,VALID_COVER,324,500,JPEG,data/audit/reconstruction-ES-candidate-covers/ES-026-OL14637522M.jpeg,USABLE_CANDIDATE,
26,ES,SPANISH_CANON,1,Benito Pérez Galdós,Tristana,TITLE_AUTHOR,/works/OL29691150W,Tristana,Benito Pérez Galdós,/books/OL40845690M,Tristana,,spa,9781520444284,Independently Published,2015,,,1.0,1.0,0.93,NOT_PROBED,,,,,REJECTED_CANDIDATE,
26,ES,SPANISH_CANON,1,Benito Pérez Galdós,Tristana,BROAD,/works/OL29808391W,Benito Pérez Galdós - Tristana,Benito Pérez Galdós,/books/OL40992941M,Benito Pérez Galdós - Tristana,,spa,9781094611815,Independently Published,2019,,,0.95,1.0,0.904,NOT_PROBED,,,,,REJECTED_CANDIDATE,
26,ES,SPANISH_CANON,1,Benito Pérez Galdós,Tristana,TITLE_AUTHOR,/works/OL29821507W,Benito Pérez Galdós - Tristana,Benito Pérez Galdós,/books/OL41164247M,Benito Pérez Galdós - Tristana,,spa,9781096065227,Independently Published,2019,,,0.95,1.0,0.904,NOT_PROBED,,,,,REJECTED_CANDIDATE,
26,ES,SPANISH_CANON,1,Benito Pérez Galdós,Tristana,BROAD,/works/OL30283719W,Benito Pérez Galdós - Tristana,Benito Pérez Galdós,/books/OL41632409M,Benito Pérez Galdós - Tristana,,spa,9781654931100,Independently Published,2020,,,0.95,1.0,0.904,NOT_PROBED,,,,,REJECTED_CANDIDATE,
26,ES,SPANISH_CANON,1,Benito Pérez Galdós,Tristana,TITLE_AUTHOR,/works/OL30308744W,Benito P�rez Gald�s - Tristana,Benito Pérez Galdós,/books/OL41739411M,Benito P�rez Gald�s - Tristana,,spa,9781671185050,Independently Published,2019,,,0.95,1.0,0.904,NOT_PROBED,,,,,REJECTED_CANDIDATE,
26,ES,SPANISH_CANON,1,Benito Pérez Galdós,Tristana,TITLE_AUTHOR,/works/OL30435142W,Benito P�rez Gald�s - Tristana,Benito Pérez Galdós,/books/OL41909920M,Benito P�rez Gald�s - Tristana,,spa,9781712755501,Independently Published,2019,,,0.95,1.0,0.904,NOT_PROBED,,,,,REJECTED_CANDIDATE,
26,ES,SPANISH_CANON,1,Benito Pérez Galdós,Tristana,TITLE_AUTHOR,/works/OL30973293W,Tristana,Benito Pérez Galdós,/books/OL42546267M,Tristana,,spa,9781694478115,Independently Published,2019,,,1.0,1.0,0.93,NOT_PROBED,,,,,REJECTED_CANDIDATE,
26,ES,SPANISH_CANON,1,Benito Pérez Galdós,Tristana,BROAD,/works/OL35899657W,Benito Pérez Galdós - Tristana,Benito Pérez Galdós,/books/OL48459070M,Benito Pérez Galdós - Tristana,,spa,9798731720809,Independently Published,2021,,,0.95,1.0,0.904,NOT_PROBED,,,,,REJECTED_CANDIDATE,
26,ES,SPANISH_CANON,1,Benito Pérez Galdós,Tristana,TITLE_AUTHOR,/works/OL41283482W,Tristana,Benito Pérez Galdós,/books/OL56105102M,Tristana,,spa,9781517764005,CreateSpace Independent Publishing Platform,2015,,,1.0,1.0,0.93,NOT_PROBED,,,,,REJECTED_CANDIDATE,
28,ES,SPANISH_CANON,1,Emilia Pardo Bazán,Los pazos de Ulloa,TITLE_AUTHOR,/works/OL637777W,Los Pazos de Ulloa,Emilia Pardo Bazán,/books/OL16169748M,Los Pazos de Ulloa,,spa,0821911295,Universidad de Salamanca,1994,,6661403,1.0,1.0,0.9850000000000001,VALID_COVER,301,500,JPEG,data/audit/reconstruction-ES-candidate-covers/ES-028-OL16169748M.jpeg,USABLE_CANDIDATE,
28,ES,SPANISH_CANON,1,Emilia Pardo Bazán,Los pazos de Ulloa,TITLE_AUTHOR,/works/OL637726W,Los pazos de Ulloa. Nota preliminar de F. S. R,Emilia Pardo Bazán | Claudia Sabater Baudete,/books/OL26199714M,Los Pazos de Ulloa : novela original : precedida de unos apuntes autobiogra ficos ; [y La Madre Naturaleza : (2a. parte de Los Pazos de Ulloa)],,spa,,Daniel Cortezo y Ca. Editores,1886,,7883076,0.95,1.0,0.929,VALID_COVER,310,500,JPEG,data/audit/reconstruction-ES-candidate-covers/ES-028-OL26199714M.jpeg,USABLE_CANDIDATE,
28,ES,SPANISH_CANON,1,Emilia Pardo Bazán,Los pazos de Ulloa,TITLE_AUTHOR,/works/OL637715W,La madre naturaleza,Emilia Pardo Bazán,/books/OL36551418M,La madre naturaleza,(segunda parte de los Pazos de Ulloa),spa,9798492450571,Independently Published,2021,,,0.95,1.0,0.904,NOT_PROBED,,,,,REJECTED_CANDIDATE,
28,ES,SPANISH_CANON,1,Emilia Pardo Bazán,Los pazos de Ulloa,BROAD,/works/OL36221312W,Los Pazos de Ulloa,A. R. S. BEL | Ferdinand Du Chevalier | Johannes Plenio | Emilia Pardo Bazán,/books/OL48947355M,Los Pazos de Ulloa,Emilia Pardo Bazán,spa,9798521721757,Independently Published,2021,,,1.0,1.0,0.93,NOT_PROBED,,,,,REJECTED_CANDIDATE,
28,ES,SPANISH_CANON,1,Emilia Pardo Bazán,Los pazos de Ulloa,TITLE_AUTHOR,/works/OL40430061W,Los Pazos de Ulloa,Emilia Pardo Bazán,/books/OL55246115M,Los Pazos de Ulloa,,spa,9781535215718,CreateSpace Independent Publishing Platform,2016,,,1.0,1.0,0.93,NOT_PROBED,,,,,REJECTED_CANDIDATE,
28,ES,SPANISH_CANON,1,Emilia Pardo Bazán,Los pazos de Ulloa,TITLE_AUTHOR,/works/OL40698420W,Los Pazos de Ulloa,Emilia Pardo Bazán,/books/OL55337454M,Los Pazos de Ulloa,,spa,9781543258806,CreateSpace Independent Publishing Platform,2017,,,1.0,1.0,0.93,NOT_PROBED,,,,,REJECTED_CANDIDATE,
28,ES,SPANISH_CANON,1,Emilia Pardo Bazán,Los pazos de Ulloa,TITLE_AUTHOR,/works/OL41147861W,Los Pazos de Ulloa,Emilia Pardo Bazán,/books/OL56107956M,Los Pazos de Ulloa,,spa,9781530901548,CreateSpace Independent Publishing Platform,2016,,,1.0,1.0,0.93,NOT_PROBED,,,,,REJECTED_CANDIDATE,
29,ES,SPANISH_CANON,1,Emilia Pardo Bazán,La madre naturaleza,TITLE_AUTHOR,/works/OL637715W,La madre naturaleza,Emilia Pardo Bazán,/books/OL23309112M,La madre naturaleza,,spa,,V. Prieto y Compañia,1910,,6528155,1.0,1.0,0.9550000000000001,VALID_COVER,285,500,JPEG,data/audit/reconstruction-ES-candidate-covers/ES-029-OL23309112M.jpeg,USABLE_CANDIDATE,
29,ES,SPANISH_CANON,1,Emilia Pardo Bazán,La madre naturaleza,TITLE_AUTHOR,/works/OL637726W,Los pazos de Ulloa. Nota preliminar de F. S. R,Emilia Pardo Bazán | Claudia Sabater Baudete,/books/OL26199714M,Los Pazos de Ulloa : novela original : precedida de unos apuntes autobiogra ficos ; [y La Madre Naturaleza : (2a. parte de Los Pazos de Ulloa)],,spa,,Daniel Cortezo y Ca. Editores,1886,,7883076,0.95,1.0,0.929,VALID_COVER,310,500,JPEG,data/audit/reconstruction-ES-candidate-covers/ES-029-OL26199714M.jpeg,USABLE_CANDIDATE,
29,ES,SPANISH_CANON,1,Emilia Pardo Bazán,La madre naturaleza,TITLE_AUTHOR,/works/OL41621770W,Colección Pardo BazáN. la Madre Naturaleza,Emilia Pardo Bazán,/books/OL56518538M,Colección Pardo BazáN. la Madre Naturaleza,,spa,9781978207639,CreateSpace Independent Publishing Platform,2017,,,0.95,1.0,0.904,NOT_PROBED,,,,,REJECTED_CANDIDATE,
30,ES,SPANISH_CANON,1,Vicente Blasco Ibáñez,La barraca,TITLE_AUTHOR,/works/OL8253743W,La Barraca/ The Shack,Vicente Blasco Ibáñez,/books/OL13192527M,La Barraca/ The Shack,,spa,9788420657844,Alianza Editorial,"June 30, 2004",,5258705,0.95,1.0,0.9590000000000001,VALID_COVER,128,200,JPEG,data/audit/reconstruction-ES-candidate-covers/ES-030-OL13192527M.jpeg,USABLE_CANDIDATE,
30,ES,SPANISH_CANON,1,Vicente Blasco Ibáñez,La barraca,TITLE_AUTHOR,/works/OL10422640W,La barraca,Vicente Blasco Ibáñez,/books/OL13890198M,La barraca,novela,spa,,Planeta,1958,,,1.0,1.0,0.9,NOT_PROBED,,,,,REJECTED_CANDIDATE,
30,ES,SPANISH_CANON,1,Vicente Blasco Ibáñez,La barraca,TITLE_AUTHOR,/works/OL739844W,The cabin,Vicente Blasco Ibáñez,/books/OL14780113M,The Cabin,[La Barraca],eng | spa,,Knopf,1922,,6935068,0.95,1.0,0.929,VALID_COVER,331,500,JPEG,data/audit/reconstruction-ES-candidate-covers/ES-030-OL14780113M.jpeg,USABLE_CANDIDATE,
30,ES,SPANISH_CANON,1,Vicente Blasco Ibáñez,La barraca,TITLE_AUTHOR,/works/OL739861W,La barraca,Vicente Blasco Ibáñez,/books/OL24995066M,La barraca,Novela,spa,,Sempere,1901,,6936147,1.0,1.0,0.9550000000000001,VALID_COVER,293,500,JPEG,data/audit/reconstruction-ES-candidate-covers/ES-030-OL24995066M.jpeg,USABLE_CANDIDATE,
31,ES,SPANISH_CANON,1,Vicente Blasco Ibáñez,Cañas y barro,BROAD,/works/OL10422658W,Can as y barro,Vicente Blasco Ibáñez,/books/OL13720951M,Canas y barro.,,spa,,Editorial Planeta,1954,,,1.0,1.0,0.9,NOT_PROBED,,,,,REJECTED_CANDIDATE,
31,ES,SPANISH_CANON,1,Vicente Blasco Ibáñez,Cañas y barro,BROAD,/works/OL240034W,Cañas y barro,Vicente Blasco Ibáñez,/books/OL14780117M,Cañas y Barro,novela.,spa,,Prometeo,1916,,6936057,1.0,1.0,0.9550000000000001,VALID_COVER,322,500,JPEG,data/audit/reconstruction-ES-candidate-covers/ES-031-OL14780117M.jpeg,USABLE_CANDIDATE,
31,ES,SPANISH_CANON,1,Vicente Blasco Ibáñez,Cañas y barro,BROAD,/works/OL12416301W,Cañas y barro,Vicente Blasco Ibáñez,/books/OL18444312M,Cañas y Barro,,spa,8481302600,Bibliotex,2011,,7387161,1.0,1.0,0.9850000000000001,VALID_COVER,296,500,JPEG,data/audit/reconstruction-ES-candidate-covers/ES-031-OL18444312M.jpeg,USABLE_CANDIDATE,
31,ES,SPANISH_CANON,1,Vicente Blasco Ibáñez,Cañas y barro,BROAD,/works/OL25523640W,CaÑas y Barro,Vicente Blasco Ibáñez,/books/OL34235915M,CaÑas y Barro,Special Edition,spa,9798662870291,Independently Published,2020,,,1.0,1.0,0.93,NOT_PROBED,,,,,REJECTED_CANDIDATE,
31,ES,SPANISH_CANON,1,Vicente Blasco Ibáñez,Cañas y barro,BROAD,/works/OL26631292W,Cañas y Barro,Vicente Blasco Ibáñez,/books/OL36060047M,Cañas y Barro,Novela,spa,9798456757586,Independently Published,2021,,,1.0,1.0,0.93,NOT_PROBED,,,,,REJECTED_CANDIDATE,
31,ES,SPANISH_CANON,1,Vicente Blasco Ibáñez,Cañas y barro,BROAD,/works/OL29732397W,Cañas y Barro,Vicente Blasco Ibáñez,/books/OL40899240M,Cañas y Barro,,spa,9781520291024,Independently Published,2017,,,1.0,1.0,0.93,NOT_PROBED,,,,,REJECTED_CANDIDATE,
31,ES,SPANISH_CANON,1,Vicente Blasco Ibáñez,Cañas y barro,BROAD,/works/OL30654477W,CaÑas y Barro,Vicente Blasco Ibáñez,/books/OL42135990M,CaÑas y Barro,,spa,9798611463888,Independently Published,2020,,,1.0,1.0,0.93,NOT_PROBED,,,,,REJECTED_CANDIDATE,
31,ES,SPANISH_CANON,1,Vicente Blasco Ibáñez,Cañas y barro,BROAD,/works/OL41681291W,Cañas y Barro,Vicente Blasco Ibáñez,/books/OL56616862M,Cañas y Barro,,spa,9781976587115,CreateSpace Independent Publishing Platform,2017,,,1.0,1.0,0.93,NOT_PROBED,,,,,REJECTED_CANDIDATE,
32,ES,SPANISH_CANON,1,Miguel de Unamuno,Niebla,BROAD,/works/OL30803970W,Miguel de Unamuno,Miguel de Unamuno | Félix Gerónimo,/books/OL42324908M,Miguel de Unamuno,Niebla,spa,9798555349804,Independently Published,2020,,,0.95,1.0,0.904,NOT_PROBED,,,,,REJECTED_CANDIDATE,
32,ES,SPANISH_CANON,1,Miguel de Unamuno,Niebla,TITLE_AUTHOR,/works/OL41212380W,Niebla,Miguel de Unamuno,/books/OL55985158M,Niebla,,spa,9781974337187,CreateSpace Independent Publishing Platform,2017,,,1.0,1.0,0.93,NOT_PROBED,,,,,REJECTED_CANDIDATE,
32,ES,SPANISH_CANON,1,Miguel de Unamuno,Niebla,TITLE_AUTHOR,/works/OL41289853W,Niebla (Spanish Edition),Miguel de Unamuno,/books/OL56275026M,Niebla (Spanish Edition),,spa,9781530872411,CreateSpace Independent Publishing Platform,2016,,,0.95,1.0,0.904,NOT_PROBED,,,,,REJECTED_CANDIDATE,
32,ES,SPANISH_CANON,1,Miguel de Unamuno,Niebla,TITLE_AUTHOR,/works/OL41560445W,Niebla,Miguel de Unamuno,/books/OL56825372M,Niebla,,spa,9781726232234,CreateSpace Independent Publishing Platform,2018,,,1.0,1.0,0.93,NOT_PROBED,,,,,REJECTED_CANDIDATE,
32,ES,SPANISH_CANON,1,Miguel de Unamuno,Niebla,TITLE_AUTHOR,/works/OL503577W,Obras completas,Miguel de Unamuno,/books/OL9152006M,"Obras completas, Volumen I",Paz en la guerra / Amor y pedagogía / Niebla / Abel Sánchez / La tía Tula,spa,8475064094,"Turner, Fundación José Antonio de Castro",1995,,12717284,0.95,1.0,0.9590000000000001,VALID_COVER,325,500,JPEG,data/audit/reconstruction-ES-candidate-covers/ES-032-OL9152006M.jpeg,USABLE_CANDIDATE,
32,ES,SPANISH_CANON,1,Miguel de Unamuno,Niebla,TITLE_AUTHOR,/works/OL9124012W,Niebla,Miguel de Unamuno,/books/OL9199641M,Niebla,,spa,9789871187201,Terramar Ediciones,July 2005,,1055752,1.0,1.0,0.9850000000000001,VALID_COVER,347,500,JPEG,data/audit/reconstruction-ES-candidate-covers/ES-032-OL9199641M.jpeg,USABLE_CANDIDATE,
32,ES,SPANISH_CANON,1,Miguel de Unamuno,Niebla,TITLE_AUTHOR,/works/OL8218915W,Abel Sánchez / Niebla / Tres novelas ejemplares y un prólogo,Miguel de Unamuno,/books/OL9595241M,Niebla/Abel Sanchez,,spa,9789684328198,Porrua,November 2000,,2295440,0.95,1.0,0.9590000000000001,VALID_COVER,294,475,JPEG,data/audit/reconstruction-ES-candidate-covers/ES-032-OL9595241M.jpeg,USABLE_CANDIDATE,
33,ES,SPANISH_CANON,1,Miguel de Unamuno,"San Manuel Bueno, mártir",TITLE_AUTHOR,/works/OL503627W,"La tía Tula / San Manuel Bueno, mártir",Miguel de Unamuno,/books/OL13280622M,"La tía Tula / San Manuel Bueno, mártir",,spa,9788473395625,Akal,1981,,12717327,0.95,1.0,0.9590000000000001,VALID_COVER,320,500,JPEG,data/audit/reconstruction-ES-candidate-covers/ES-033-OL13280622M.jpeg,USABLE_CANDIDATE,
33,ES,SPANISH_CANON,1,Miguel de Unamuno,"San Manuel Bueno, mártir",TITLE_AUTHOR,/works/OL503661W,Dos novelas cortas,Miguel de Unamuno,/books/OL20051309M,Dos novelas cortas,"San Manuel Bueno, mártir [and] Nada menos que todo un hombre",spa | eng,0471005975,Wiley,1961,,10576585,0.95,1.0,0.9590000000000001,VALID_COVER,339,500,JPEG,data/audit/reconstruction-ES-candidate-covers/ES-033-OL20051309M.jpeg,USABLE_CANDIDATE,
33,ES,SPANISH_CANON,1,Miguel de Unamuno,"San Manuel Bueno, mártir",TITLE_AUTHOR,/works/OL503502W,"Abel Sánchez / Cómo se hace una novela / San Manuel Bueno, mártir / Otras prosas",Miguel de Unamuno,/books/OL24912458M,"Abel Sánchez / Cómo se hace una novela / San Manuel Bueno, mártir / Otras prosas",,spa,9788484327509,Crítica,2006,,,0.95,1.0,0.904,NOT_PROBED,,,,,REJECTED_CANDIDATE,
33,ES,SPANISH_CANON,1,Miguel de Unamuno,"San Manuel Bueno, mártir",TITLE_AUTHOR,/works/OL503616W,"San Manuel Bueno, mártir",Miguel de Unamuno,/books/OL25002204M,"San Manuel Bueno, mártir",,spa | eng,9781589770591,Cervantes & Co,2009,,13346195,1.0,1.0,0.9850000000000001,VALID_COVER,336,500,JPEG,data/audit/reconstruction-ES-candidate-covers/ES-033-OL25002204M.jpeg,USABLE_CANDIDATE,
33,ES,SPANISH_CANON,1,Miguel de Unamuno,"San Manuel Bueno, mártir",TITLE_AUTHOR,/works/OL503617W,"La novela de Don Sandalio, jugador de ajedrez / San Manuel Bueno, mártir",Miguel de Unamuno,/books/OL2856842M,"San Manuel Bueno, mártir ; and, La novela de don Sandalio, jugador de ajedrez",,spa,0719010926,Manchester University Press,1984,,14514909,0.95,1.0,0.9590000000000001,VALID_COVER,293,500,JPEG,data/audit/reconstruction-ES-candidate-covers/ES-033-OL2856842M.jpeg,USABLE_CANDIDATE,
33,ES,SPANISH_CANON,1,Miguel de Unamuno,"San Manuel Bueno, mártir",TITLE_AUTHOR,/works/OL503520W,"Cómo se hace una novela / La tía Tula / San Manuel Bueno, mártir / Tres historias más",Miguel de Unamuno,/books/OL31999596M,"Cómo se hace una novela ; La tía Tula ; San Manuel Bueno, mártir ; y tres historias más",,spa,9789700716152,Editorial Porrúa,1999,,10669710,0.95,1.0,0.9590000000000001,VALID_COVER,303,500,JPEG,data/audit/reconstruction-ES-candidate-covers/ES-033-OL31999596M.jpeg,USABLE_CANDIDATE,
33,ES,SPANISH_CANON,1,Miguel de Unamuno,"San Manuel Bueno, mártir",TITLE_AUTHOR,/works/OL503679W,"San Manuel Bueno, mártir / Cómo se hace una novela",Miguel de Unamuno,/books/OL5152879M,"San Manuel Bueno, mártir",Cómo se hace una novela,spa,8420610275,Alianza Editorial,1974,,12760292,1.0,1.0,0.9850000000000001,VALID_COVER,289,500,JPEG,data/audit/reconstruction-ES-candidate-covers/ES-033-OL5152879M.jpeg,USABLE_CANDIDATE,
33,ES,SPANISH_CANON,1,Miguel de Unamuno,"San Manuel Bueno, mártir",TITLE_AUTHOR,/works/OL503577W,Obras completas,Miguel de Unamuno,/books/OL9136919M,"Obras completas, Volumen II","El espejo de la muerte / Tulio Montalbán y Julio Macedo / Tres novelas ejemplares y un prólogo / San Manuel Bueno, mártir, y tres historias más / Cuentos",spa,8475064094,"Turner, Fundación José Antonio de Castro",1995,,12717287,0.95,1.0,0.9590000000000001,NOT_PROBED,,,,,REJECTED_CANDIDATE,
34,ES,SPANISH_CANON,1,Miguel de Unamuno,Abel Sánchez,TITLE_AUTHOR,/works/OL9124014W,Abel Sanchez,Miguel de Unamuno,/books/OL13198361M,Abel Sanchez,,spa,9789872160340,Santiago Rueda,December 2004,,3360362,1.0,1.0,0.9850000000000001,VALID_COVER,128,180,JPEG,data/audit/reconstruction-ES-candidate-covers/ES-034-OL13198361M.jpeg,USABLE_CANDIDATE,
34,ES,SPANISH_CANON,1,Miguel de Unamuno,Abel Sánchez,TITLE_AUTHOR,/works/OL503589W,Niebla,Miguel de Unamuno,/books/OL20341853M,Niebla,Abel Sanchez.,spa,,Aguilar,1969,,,0.95,1.0,0.874,NOT_PROBED,,,,,REJECTED_CANDIDATE,
34,ES,SPANISH_CANON,1,Miguel de Unamuno,Abel Sánchez,TITLE_AUTHOR,/works/OL503503W,Abel Sánchez,Miguel de Unamuno,/books/OL24138932M,Abel Sánchez,una historia de pasión,spa,,Renacimiento,1917,,6318719,1.0,1.0,0.9550000000000001,VALID_COVER,298,500,JPEG,data/audit/reconstruction-ES-candidate-covers/ES-034-OL24138932M.jpeg,USABLE_CANDIDATE,
34,ES,SPANISH_CANON,1,Miguel de Unamuno,Abel Sánchez,BROAD,/works/OL503503W,Abel Sánchez,Miguel de Unamuno,/books/OL40211827M,Abel Sánchez,,spa,9788420683522,Alianza Editorial,2014,,15127638,1.0,1.0,0.9850000000000001,VALID_COVER,327,500,JPEG,data/audit/reconstruction-ES-candidate-covers/ES-034-OL40211827M.jpeg,USABLE_CANDIDATE,
34,ES,SPANISH_CANON,1,Miguel de Unamuno,Abel Sánchez,TITLE_ONLY,/works/OL41334432W,Abel Sánchez,Miguel de Unamuno,/books/OL56143817M,Abel Sánchez,,spa,9781545000540,Pixabay,2017,,,1.0,1.0,0.93,NOT_PROBED,,,,,REJECTED_CANDIDATE,
34,ES,SPANISH_CANON,1,Miguel de Unamuno,Abel Sánchez,TITLE_AUTHOR,/works/OL41599652W,Abel Sánchez,Miguel de Unamuno | Edinson Saguez,/books/OL56489758M,Abel Sánchez,,spa,9781532828423,CreateSpace Independent Publishing Platform,2016,,,1.0,1.0,0.93,NOT_PROBED,,,,,REJECTED_CANDIDATE,
34,ES,SPANISH_CANON,1,Miguel de Unamuno,Abel Sánchez,TITLE_AUTHOR,/works/OL41458478W,Abel Sanchez,Miguel de Unamuno,/books/OL56634100M,Abel Sanchez,,spa,9781511769549,CreateSpace Independent Publishing Platform,2015,,,1.0,1.0,0.93,NOT_PROBED,,,,,REJECTED_CANDIDATE,
34,ES,SPANISH_CANON,1,Miguel de Unamuno,Abel Sánchez,TITLE_AUTHOR,/works/OL41747529W,Abel Sanchez (Spanish Edition),Miguel de Unamuno,/books/OL56684540M,Abel Sanchez (Spanish Edition),,spa,9781986188333,CreateSpace Independent Publishing Platform,2018,,,0.95,1.0,0.904,NOT_PROBED,,,,,REJECTED_CANDIDATE,
34,ES,SPANISH_CANON,1,Miguel de Unamuno,Abel Sánchez,TITLE_AUTHOR,/works/OL503577W,Obras completas,Miguel de Unamuno,/books/OL9152006M,"Obras completas, Volumen I",Paz en la guerra / Amor y pedagogía / Niebla / Abel Sánchez / La tía Tula,spa,8475064094,"Turner, Fundación José Antonio de Castro",1995,,12717284,0.95,1.0,0.9590000000000001,VALID_COVER,325,500,JPEG,data/audit/reconstruction-ES-candidate-covers/ES-034-OL9152006M.jpeg,USABLE_CANDIDATE,
34,ES,SPANISH_CANON,1,Miguel de Unamuno,Abel Sánchez,TITLE_AUTHOR,/works/OL8218915W,Abel Sánchez / Niebla / Tres novelas ejemplares y un prólogo,Miguel de Unamuno,/books/OL9595241M,Niebla/Abel Sanchez,,spa,9789684328198,Porrua,November 2000,,2295440,0.95,1.0,0.9590000000000001,VALID_COVER,294,475,JPEG,data/audit/reconstruction-ES-candidate-covers/ES-034-OL9595241M.jpeg,USABLE_CANDIDATE,
35,ES,SPANISH_CANON,1,Pío Baroja,El árbol de la ciencia,TITLE_AUTHOR,/works/OL745027W,El árbol de la ciencia,Pío Baroja,/books/OL11040483M,El árbol de la ciencia,,spa,9780785950073,French & European Publications,1990,,15153890,1.0,1.0,0.9850000000000001,VALID_COVER,336,500,JPEG,data/audit/reconstruction-ES-candidate-covers/ES-035-OL11040483M.jpeg,USABLE_CANDIDATE,
35,ES,SPANISH_CANON,1,Pío Baroja,El árbol de la ciencia,TITLE_AUTHOR,/works/OL8253706W,La Raza / The Race,Pío Baroja,/books/OL13321621M,La Raza / The Race,La dama errante. La ciudad de la niebla. El arbol de la ciencia. / The wandering lady. The city of fog. The tree of Science (Andanzas) (Andanzas),spa,9788483103258,TusQuets,"January 30, 2006",,3332207,0.95,1.0,0.9590000000000001,VALID_COVER,334,500,JPEG,data/audit/reconstruction-ES-candidate-covers/ES-035-OL13321621M.jpeg,USABLE_CANDIDATE,
35,ES,SPANISH_CANON,1,Pío Baroja,El árbol de la ciencia,TITLE_AUTHOR,/works/OL43189665W,El arbol de la ciencia. Guia para acercarnos a Baroja y El arbol de la ciencia,Pío Baroja | A. M. Vazquez-Bigi,/books/OL58821106M,El arbol de la ciencia. Guia para acercarnos a Baroja y El arbol de la ciencia,,spa,,Las Americas,1968,,,0.95,1.0,0.874,NOT_PROBED,,,,,REJECTED_CANDIDATE,
36,ES,SPANISH_CANON,1,Pío Baroja,Zalacaín el aventurero,BROAD,/works/OL10335855W,Zalacaín el aventurero,Pío Baroja,/books/OL20320837M,Zalacaín el aventurero,,spa,,Appleton,1926,,,1.0,1.0,0.9,NOT_PROBED,,,,,REJECTED_CANDIDATE,
36,ES,SPANISH_CANON,1,Pío Baroja,Zalacaín el aventurero,BROAD,/works/OL27603531W,Zalacaín el Aventurero,Pío Baroja,/books/OL37641052M,Zalacaín el Aventurero,,spa,9781077373228,Independently Published,2019,,,1.0,1.0,0.93,NOT_PROBED,,,,,REJECTED_CANDIDATE,
36,ES,SPANISH_CANON,1,Pío Baroja,Zalacaín el aventurero,BROAD,/works/OL26935281W,Pío Baroja - Zalacaín el Aventurero,Pío Baroja,/books/OL40727979M,Pío Baroja - Zalacaín el Aventurero,,spa,9781797858647,Independently Published,2019,,,0.95,1.0,0.904,NOT_PROBED,,,,,REJECTED_CANDIDATE,
36,ES,SPANISH_CANON,1,Pío Baroja,Zalacaín el aventurero,BROAD,/works/OL29842278W,Pío Baroja - Zalacaín el Aventurero,Pío Baroja,/books/OL41038752M,Pío Baroja - Zalacaín el Aventurero,,spa,9781096061342,Independently Published,2019,,,0.95,1.0,0.904,NOT_PROBED,,,,,REJECTED_CANDIDATE,
36,ES,SPANISH_CANON,1,Pío Baroja,Zalacaín el aventurero,BROAD,/works/OL30322389W,Pío Baroja - Zalacaín el Aventurero,Pío Baroja,/books/OL41683396M,Pío Baroja - Zalacaín el Aventurero,,spa,9781654564728,Independently Published,2020,,,0.95,1.0,0.904,NOT_PROBED,,,,,REJECTED_CANDIDATE,
36,ES,SPANISH_CANON,1,Pío Baroja,Zalacaín el aventurero,BROAD,/works/OL36228612W,Zalacaín el Aventurero,Pío Baroja,/books/OL49107180M,Zalacaín el Aventurero,,spa,9798597835013,Independently Published,2021,,,1.0,1.0,0.93,NOT_PROBED,,,,,REJECTED_CANDIDATE,
37,ES,SPANISH_CANON,1,Ramón del Valle-Inclán,Luces de bohemia,TITLE_AUTHOR,/works/OL26419966W,Luces de bohemia,Ramón del Valle-Inclán,/books/OL10293903M,Luces De Bohemia = Bohemian Lights,Esperpento (Edinburgh Bilingual Library ; 10),eng | spa,9780292746107,Univ of Texas Press,June 1976,,10577773,1.0,1.0,0.9850000000000001,VALID_COVER,274,500,JPEG,data/audit/reconstruction-ES-candidate-covers/ES-037-OL10293903M.jpeg,USABLE_CANDIDATE,
37,ES,SPANISH_CANON,1,Ramón del Valle-Inclán,Luces de bohemia,TITLE_AUTHOR,/works/OL11081189W,Romance de lobos / Divinas palabras / Luces de Bohemia,Ramón del Valle Inclán,/books/OL16398089M,Romance de lobos / Divinas palabras / Luces de Bohemia,,spa,,Aguilar,1971,,,0.95,1.0,0.874,NOT_PROBED,,,,,REJECTED_CANDIDATE,
37,ES,SPANISH_CANON,1,Ramón del Valle-Inclán,Luces de bohemia,BROAD,/works/OL13155043W,Luces de Bohemia,Ramón del Valle Inclán,/books/OL20537870M,Ramón del Valle-Inclán,,spa,,Espasa-Calpe,1973,,,1.0,1.0,0.9,NOT_PROBED,,,,,REJECTED_CANDIDATE,
37,ES,SPANISH_CANON,1,Ramón del Valle-Inclán,Luces de bohemia,TITLE_AUTHOR,/works/OL35105381W,Luces de bohemia / Divinas palabras,Ramón del Valle Inclán,/books/OL5301108M,Divinas palabras and Luces de bohemia,,spa,,Las Américas,1972,,12795410,0.95,1.0,0.929,VALID_COVER,355,500,JPEG,data/audit/reconstruction-ES-candidate-covers/ES-037-OL5301108M.jpeg,USABLE_CANDIDATE,
37,ES,SPANISH_CANON,1,Ramón del Valle-Inclán,Luces de bohemia,TITLE_AUTHOR,/works/OL44499715W,Luces de Bohemia,Ramón del Valle Inclán,/books/OL60773155M,Luces de Bohemia,esperpento,spa,,Editorial Rua Nueva,1944,,,1.0,1.0,0.9,NOT_PROBED,,,,,REJECTED_CANDIDATE,
37,ES,SPANISH_CANON,1,Ramón del Valle-Inclán,Luces de bohemia,TITLE_AUTHOR,/works/OL45456043W,Luces de Bohemia,Ramón del Valle-Inclán,/books/OL61933450M,Luces de Bohemia,esperpento,spa,,Editorial Rua Nueva,1944,,,1.0,1.0,0.9,NOT_PROBED,,,,,REJECTED_CANDIDATE,
38,ES,SPANISH_CANON,1,Ramón del Valle-Inclán,Sonata de otoño,TITLE_AUTHOR,/works/OL30877334W,"Marqués de Bradomín, Coloquios Románticos",Ramón del Valle Inclán,/books/OL42421649M,"Marqués de Bradomín, Coloquios Románticos",Adaptación Teatral de la «Sonata de Otoño»,spa,9798728632214,Independently Published,2021,,,0.95,1.0,0.904,NOT_PROBED,,,,,REJECTED_CANDIDATE,
38,ES,SPANISH_CANON,1,Ramón del Valle-Inclán,Sonata de otoño,TITLE_AUTHOR,/works/OL30686251W,Sonata de otoño,Ramón del Valle Inclán,/books/OL54744839M,Sonata de Otoño,,spa,9781530772506,CreateSpace Independent Publishing Platform,2016,,,1.0,1.0,0.93,NOT_PROBED,,,,,REJECTED_CANDIDATE,
38,ES,SPANISH_CANON,1,Ramón del Valle-Inclán,Sonata de otoño,TITLE_AUTHOR,/works/OL40372206W,Sonata de Otoño,Ramón del Valle Inclán,/books/OL54910640M,Sonata de Otoño,Memorias Del Marqués de Bradomín,spa,9781533574572,CreateSpace Independent Publishing Platform,2016,,,1.0,1.0,0.93,NOT_PROBED,,,,,REJECTED_CANDIDATE,
39,ES,SPANISH_CANON,1,Antonio Machado,Campos de Castilla,TITLE_AUTHOR,/works/OL1344055W,Poesías completas,Antonio Machado,/books/OL18296335M,Poesías completas,Soledades / Galerías / Campos de Castilla,spa,9788467021509,Espasa-Calpe,2006,,13494283,0.95,1.0,0.9590000000000001,VALID_COVER,320,500,JPEG,data/audit/reconstruction-ES-candidate-covers/ES-039-OL18296335M.jpeg,USABLE_CANDIDATE,
39,ES,SPANISH_CANON,1,Antonio Machado,Campos de Castilla,TITLE_AUTHOR,/works/OL29685681W,Antonio Machado - Campos de Castilla,Antonio Machado,/books/OL41539751M,Antonio Machado - Campos de Castilla,,spa,9781696088787,Independently Published,2019,,,0.95,1.0,0.904,NOT_PROBED,,,,,REJECTED_CANDIDATE,
39,ES,SPANISH_CANON,1,Antonio Machado,Campos de Castilla,BROAD,/works/OL30455462W,Campos de Castilla,Antonio Machado,/books/OL42142812M,Campos de Castilla,Antonio Machado,spa,9781654478810,Independently Published,2020,,,1.0,1.0,0.93,NOT_PROBED,,,,,REJECTED_CANDIDATE,
39,ES,SPANISH_CANON,1,Antonio Machado,Campos de Castilla,TITLE_AUTHOR,/works/OL30455462W,Campos de Castilla,Antonio Machado,/books/OL42424198M,Campos de Castilla,,spa,9798717875011,Independently Published,2021,,,1.0,1.0,0.93,NOT_PROBED,,,,,REJECTED_CANDIDATE,
39,ES,SPANISH_CANON,1,Antonio Machado,Campos de Castilla,TITLE_AUTHOR,/works/OL32495282W,Campos de Castilla,Nuevo Amanecer | Antonio MACHADO,/books/OL44288379M,Campos de Castilla,,spa,9798360049234,Independently Published,2022,,,1.0,1.0,0.93,NOT_PROBED,,,,,REJECTED_CANDIDATE,
39,ES,SPANISH_CANON,1,Antonio Machado,Campos de Castilla,BROAD,/works/OL34427334W,Antonio Machado - Campos de Castilla,Antonio Machado,/books/OL46831319M,Antonio Machado - Campos de Castilla,,spa,9798612623014,Independently Published,2020,,,0.95,1.0,0.904,NOT_PROBED,,,,,REJECTED_CANDIDATE,
39,ES,SPANISH_CANON,1,Antonio Machado,Campos de Castilla,TITLE_AUTHOR,/works/OL35668397W,Campos de Castilla,Antonio Machado,/books/OL56634216M,Campos de Castilla,,spa,9781511908252,CreateSpace Independent Publishing Platform,2015,,,1.0,1.0,0.93,NOT_PROBED,,,,,REJECTED_CANDIDATE,
39,ES,SPANISH_CANON,1,Antonio Machado,Campos de Castilla,TITLE_AUTHOR,/works/OL38648929W,Campos de Castilla,Antonio Machado,/books/OL59949358M,Campos de Castilla,,spa,,Taurus,1970,,,1.0,1.0,0.9,NOT_PROBED,,,,,REJECTED_CANDIDATE,
39,ES,SPANISH_CANON,1,Antonio Machado,Campos de Castilla,TITLE_AUTHOR,/works/OL1344024W,Campos de Castilla,Antonio Machado,/books/OL6649543M,Campos de Castilla,,spa,,Renacimiento,1912,,9760997,1.0,1.0,0.9550000000000001,VALID_COVER,305,500,JPEG,data/audit/reconstruction-ES-candidate-covers/ES-039-OL6649543M.jpeg,USABLE_CANDIDATE,
39,ES,SPANISH_CANON,1,Antonio Machado,Campos de Castilla,TITLE_AUTHOR,/works/OL6359127W,Campos de Castilla,Antonio Machado,/books/OL9130317M,Campos de Castilla,,spa,9788437608662,Ediciones Catedra S.A.,"June 30, 2006",,1047499,1.0,1.0,0.9850000000000001,VALID_COVER,316,500,JPEG,data/audit/reconstruction-ES-candidate-covers/ES-039-OL9130317M.jpeg,USABLE_CANDIDATE,
40,ES,SPANISH_CANON,1,Antonio Machado,"Soledades, galerías y otros poemas",TITLE_AUTHOR,/works/OL1344066W,Soledades / Galerías / Otros poemas,Antonio Machado,/books/OL33212864M,"Soledades, Galerías y otros poemas",,spa,,Calpe,1919,,11923533,1.0,1.0,0.9550000000000001,VALID_COVER,314,500,JPEG,data/audit/reconstruction-ES-candidate-covers/ES-040-OL33212864M.jpeg,USABLE_CANDIDATE,
40,ES,SPANISH_CANON,1,Antonio Machado,"Soledades, galerías y otros poemas",TITLE_AUTHOR,/works/OL25936514W,"Machado in Two : Soledades, Galerías y Otros Poemas y Campos de Castilla",Antonio Machado,/books/OL35006219M,"Machado in Two : Soledades, Galerías y Otros Poemas y Campos de Castilla",Conócelo a Través de Sus Obras Mas Importantes,spa,9798521345359,Independently Published,2021,,,0.95,1.0,0.904,NOT_PROBED,,,,,REJECTED_CANDIDATE,
40,ES,SPANISH_CANON,1,Antonio Machado,"Soledades, galerías y otros poemas",TITLE_AUTHOR,/works/OL28400969W,"OBRAS MAESTRAS de la POESÍa ESPAÑOLA : Rimas de Bécquer, Libro de Poemas de Lorca y Soledades, Galerías y Otros Poemas de Antonio Machado",Antonio Machado | Federico García Lorca | Gustavo Adolfo Becquer,/books/OL38901404M,"OBRAS MAESTRAS de la POESÍa ESPAÑOLA : Rimas de Bécquer, Libro de Poemas de Lorca y Soledades, Galerías y Otros Poemas de Antonio Machado",Rimas de Becquer con Ilustraciones,spa,9798742705994,Independently Published,2021,,,0.95,1.0,0.904,NOT_PROBED,,,,,REJECTED_CANDIDATE,
40,ES,SPANISH_CANON,1,Antonio Machado,"Soledades, galerías y otros poemas",TITLE_AUTHOR,/works/OL30671013W,Soledades Galerías y Otros Poemas,Antonio Machado,/books/OL42156944M,Soledades Galerías y Otros Poemas,,spa,9798600856011,Independently Published,2020,,,1.0,1.0,0.93,NOT_PROBED,,,,,REJECTED_CANDIDATE,
40,ES,SPANISH_CANON,1,Antonio Machado,"Soledades, galerías y otros poemas",TITLE_AUTHOR,/works/OL30898280W,"Machado in Two : Soledades, Galerías y Otros Poemas y Campos de Castilla",Antonio Machado,/books/OL42450055M,"Machado in Two : Soledades, Galerías y Otros Poemas y Campos de Castilla",Conócelo a Través de Sus Obras Mas Importantes,spa,9798671197785,Independently Published,2020,,,0.95,1.0,0.904,NOT_PROBED,,,,,REJECTED_CANDIDATE,
40,ES,SPANISH_CANON,1,Antonio Machado,"Soledades, galerías y otros poemas",TITLE_AUTHOR,/works/OL35790880W,"Soledades, Galerías y Otros Poemas",Antonio Machado,/books/OL48340881M,"Soledades, Galerías y Otros Poemas",,spa,9798719629964,Independently Published,2021,,,1.0,1.0,0.93,NOT_PROBED,,,,,REJECTED_CANDIDATE,
40,ES,SPANISH_CANON,1,Antonio Machado,"Soledades, galerías y otros poemas",TITLE_AUTHOR,/works/OL35830730W,"Soledades, Galerías y Otros Poemas (Ilustrado)",Antonio Machado,/books/OL48359512M,"Soledades, Galerías y Otros Poemas (Ilustrado)",,spa,9798683665159,Independently Published,2020,,,0.95,1.0,0.904,NOT_PROBED,,,,,REJECTED_CANDIDATE,
40,ES,SPANISH_CANON,1,Antonio Machado,"Soledades, galerías y otros poemas",TITLE_AUTHOR,/works/OL42483839W,"Soledades, Galerías y otros poemas",Antonio Machado,/books/OL57654681M,"Soledades, Galerías y otros poemas",,spa,,Calpe,1919,,,1.0,1.0,0.9,NOT_PROBED,,,,,REJECTED_CANDIDATE,
41,ES,SPANISH_CANON,1,Juan Ramón Jiménez,Platero y yo,TITLE_AUTHOR,/works/OL27155514W,Platero y yo,Juan Ramón Jiménez | Concha Lopez Narvaez,/books/OL13276149M,Platero y yo,contado por Concha López Narváez,spa,9788466751865,Anaya,2006,,7289997,1.0,1.0,0.9850000000000001,VALID_COVER,129,164,JPEG,data/audit/reconstruction-ES-candidate-covers/ES-041-OL13276149M.jpeg,USABLE_CANDIDATE,
41,ES,SPANISH_CANON,1,Juan Ramón Jiménez,Platero y yo,TITLE_AUTHOR,/works/OL35093658W,Platero y yo,Juan Ramón Jiménez,/books/OL1709918M,Platero y yo / Platero and I,,eng | spa,0395623650,Clarion Books,1994,,256168,1.0,1.0,0.9850000000000001,VALID_COVER,337,500,JPEG,data/audit/reconstruction-ES-candidate-covers/ES-041-OL1709918M.jpeg,USABLE_CANDIDATE,
41,ES,SPANISH_CANON,1,Juan Ramón Jiménez,Platero y yo,TITLE_ONLY,/works/OL39815735W,Platero y Yo,Juan Jiménez | Mariana Roo,/books/OL54233065M,Platero y Yo,Elegía Andaluza,spa,9781460970867,CreateSpace Independent Publishing Platform,2011,,,1.0,0.8,0.878,NOT_PROBED,,,,,REJECTED_CANDIDATE,
41,ES,SPANISH_CANON,1,Juan Ramón Jiménez,Platero y yo,TITLE_AUTHOR,/works/OL43711986W,Platero y yo (1907-1916),Juan Ramón Jiménez,/books/OL59586491M,Platero y yo (1907-1916),,spa,,Editorial Losada,1942,,,0.95,1.0,0.874,NOT_PROBED,,,,,REJECTED_CANDIDATE,
41,ES,SPANISH_CANON,1,Juan Ramón Jiménez,Platero y yo,BROAD,/works/OL35093658W,Platero y yo,Juan Ramón Jiménez,/books/OL6651237M,Platero y yo,,spa,,D.C. Heath & Co.,1922,,9500207,1.0,1.0,0.9550000000000001,VALID_COVER,309,500,JPEG,data/audit/reconstruction-ES-candidate-covers/ES-041-OL6651237M.jpeg,USABLE_CANDIDATE,
41,ES,SPANISH_CANON,1,Juan Ramón Jiménez,Platero y yo,TITLE_AUTHOR,/works/OL10342913W,Platero y yo / Trescientos poemas,Juan Ramón Jiménez,/books/OL9174508M,Platero y yo / Trescientos poemas,,spa,9789684323575,Porrúa,2000,,,0.95,1.0,0.904,NOT_PROBED,,,,,REJECTED_CANDIDATE,
42,ES,SPANISH_CANON,1,Juan Ramón Jiménez,Diario de un poeta recién casado,TITLE_AUTHOR,/works/OL10342883W,Diario de un poeta recién casado (1916),Juan Ramón Jiménez,/books/OL15338428M,Diario de un poeta recién casado (1916),,spa,,Casa Editorial Calleja,1917,,,0.95,1.0,0.874,NOT_PROBED,,,,,REJECTED_CANDIDATE,
42,ES,SPANISH_CANON,1,Juan Ramón Jiménez,Diario de un poeta recién casado,TITLE_AUTHOR,/works/OL16593639W,Diario de un poeta recién casado (1916-1917),Juan Ramón Jiménez,/books/OL25277870M,Diario de un poeta recién casado (1916-1917),,spa,9788475220451,Visor Libros,2011,,,0.95,1.0,0.904,NOT_PROBED,,,,,REJECTED_CANDIDATE,
42,ES,SPANISH_CANON,1,Juan Ramón Jiménez,Diario de un poeta recién casado,TITLE_AUTHOR,/works/OL17000421W,Diario de un poeta recién casado (1916),Juan Ramón Jiménez,/books/OL25574583M,Diario de un poeta recién casado (1916),,spa,,Casa Editorial Calleja,1917,,9721227,0.95,1.0,0.929,VALID_COVER,330,500,JPEG,data/audit/reconstruction-ES-candidate-covers/ES-042-OL25574583M.jpeg,USABLE_CANDIDATE,
42,ES,SPANISH_CANON,1,Juan Ramón Jiménez,Diario de un poeta recién casado,TITLE_AUTHOR,/works/OL44991093W,... Diario de un poeta recién casado (1916),Juan Ramón Jiménez,/books/OL61383770M,... Diario de un poeta recién casado (1916),,spa,,Calleja,1917,,,0.95,1.0,0.874,NOT_PROBED,,,,,REJECTED_CANDIDATE,
42,ES,SPANISH_CANON,1,Juan Ramón Jiménez,Diario de un poeta recién casado,TITLE_AUTHOR,/works/OL938903W,Diario de un poeta reciencasado,Juan Ramón Jiménez,/books/OL6612473M,... Diario de un poeta recién casado (1916),,spa,,Calleja,1917,,,0.9841269841269841,1.0,0.8917460317460317,NOT_PROBED,,,,,REJECTED_CANDIDATE,
43,ES,SPANISH_CANON,1,Federico García Lorca,Romancero gitano,TITLE_AUTHOR,/works/OL10437145W,Poems,Federico García Lorca,/books/OL13816099M,Romancero gitano,Poema del cante jondo.,spa,,Espasa Calpe,1972,,,1.0,1.0,0.9,NOT_PROBED,,,,,REJECTED_CANDIDATE,
43,ES,SPANISH_CANON,1,Federico García Lorca,Romancero gitano,TITLE_AUTHOR,/works/OL722516W,Gypsy ballads,Federico García Lorca,/books/OL1595375M,Gypsy ballads =,Romancero gitano,eng | spa,0856684902,Aris & Phillips,1990,,651184,0.95,1.0,0.9590000000000001,VALID_COVER,339,475,JPEG,data/audit/reconstruction-ES-candidate-covers/ES-043-OL1595375M.jpeg,USABLE_CANDIDATE,
43,ES,SPANISH_CANON,1,Federico García Lorca,Romancero gitano,TITLE_AUTHOR,/works/OL10342791W,Romancero gitano (1924-1927),Federico García Lorca,/books/OL18073902M,Romancero gitano (1924-1927),,spa,,Editorial moderna,1900,,5985528,0.95,1.0,0.929,VALID_COVER,360,500,JPEG,data/audit/reconstruction-ES-candidate-covers/ES-043-OL18073902M.jpeg,USABLE_CANDIDATE,
43,ES,SPANISH_CANON,1,Federico García Lorca,Romancero gitano,TITLE_AUTHOR,/works/OL10342796W,Poems,Federico García Lorca | Francisco Garcia Lorca,/books/OL22832156M,Romancero gitano,Poema del cante jondo.,spa,,Losada,1961,,,1.0,1.0,0.9,NOT_PROBED,,,,,REJECTED_CANDIDATE,
43,ES,SPANISH_CANON,1,Federico García Lorca,Romancero gitano,TITLE_AUTHOR,/works/OL722447W,Poema del Cante Jondo. Romancero gitano,Federico García Lorca,/books/OL25445409M,Poema del Cante Jondo. Romancero gitano,,spa,9788437601144,Ediciones Cátedra,1989,,7280165,0.95,1.0,0.9590000000000001,VALID_COVER,304,500,JPEG,data/audit/reconstruction-ES-candidate-covers/ES-043-OL25445409M.jpeg,USABLE_CANDIDATE,
43,ES,SPANISH_CANON,1,Federico García Lorca,Romancero gitano,TITLE_AUTHOR,/works/OL29490210W,Romancero Gitano,Federico García Lorca,/books/OL40650785M,Romancero Gitano,,spa,9781980845089,Independently Published,2018,,,1.0,1.0,0.93,NOT_PROBED,,,,,REJECTED_CANDIDATE,
43,ES,SPANISH_CANON,1,Federico García Lorca,Romancero gitano,TITLE_AUTHOR,/works/OL29592226W,Romancero Gitano,Federico García Lorca,/books/OL40816166M,Romancero Gitano,,spa,9781980382591,Independently Published,2018,,,1.0,1.0,0.93,NOT_PROBED,,,,,REJECTED_CANDIDATE,
43,ES,SPANISH_CANON,1,Federico García Lorca,Romancero gitano,TITLE_AUTHOR,/works/OL29858167W,Romancero Gitano,Federico García Lorca,/books/OL41241592M,Romancero Gitano,,spa,9781081253707,Independently Published,2019,,15098226,1.0,1.0,0.9850000000000001,VALID_COVER,333,500,JPEG,data/audit/reconstruction-ES-candidate-covers/ES-043-OL41241592M.jpeg,USABLE_CANDIDATE,
43,ES,SPANISH_CANON,1,Federico García Lorca,Romancero gitano,TITLE_AUTHOR,/works/OL722550W,Poems,Federico García Lorca,/books/OL4502230M,Romancero gitano ; Poema del cante jondo,,spa,8423920399,Espasa-Calpe,1978,,11707350,0.95,1.0,0.9590000000000001,VALID_COVER,316,500,JPEG,data/audit/reconstruction-ES-candidate-covers/ES-043-OL4502230M.jpeg,USABLE_CANDIDATE,
43,ES,SPANISH_CANON,1,Federico García Lorca,Romancero gitano,BROAD,/works/OL35839309W,Romancero Gitano,Federico Federico,/books/OL48437015M,Romancero Gitano,Federico García Lorca,spa,9798579551696,Independently Published,2020,,,1.0,0.631578947368421,0.8342105263157895,NOT_PROBED,,,,,REJECTED_CANDIDATE,
44,ES,SPANISH_CANON,1,Federico García Lorca,La casa de Bernarda Alba,BROAD,/works/OL10342793W,La casa de Bernarda Alba,Federico García Lorca,/books/OL13273456M,LA Casa De Bernarda Alba,,spa,9788449411359,Losada,July 2000,,5268227,1.0,1.0,0.9850000000000001,VALID_COVER,128,196,JPEG,data/audit/reconstruction-ES-candidate-covers/ES-044-OL13273456M.jpeg,USABLE_CANDIDATE,
44,ES,SPANISH_CANON,1,Federico García Lorca,La casa de Bernarda Alba,BROAD,/works/OL722547W,Bodas de sangre,Federico García Lorca | David Johnston,/books/OL1770843M,Bodas de sangre ; La casa de Bernarda Alba,,spa,,Las Americas Pub. Co.,1964,,,0.95,1.0,0.874,NOT_PROBED,,,,,REJECTED_CANDIDATE,
44,ES,SPANISH_CANON,1,Federico García Lorca,La casa de Bernarda Alba,BROAD,/works/OL15144405W,La casa de Bernarda Alba,Federico García Lorca,/books/OL37072276M,La casa de Bernarda Alba,,spa,9788853009883,Cideb Editrice,2009,,12641733,1.0,1.0,0.9850000000000001,VALID_COVER,351,500,JPEG,data/audit/reconstruction-ES-candidate-covers/ES-044-OL37072276M.jpeg,USABLE_CANDIDATE,
44,ES,SPANISH_CANON,1,Federico García Lorca,La casa de Bernarda Alba,BROAD,/works/OL722411W,The House of Bernarda Alba (Nick Hern Books),Federico García Lorca | Alba Longa,/books/OL40205686M,La casa de Bernarda Alba,,spa,9789681506018,Editores Mexicanos Unidos,1985,,12958652,1.0,1.0,0.9850000000000001,VALID_COVER,292,500,JPEG,data/audit/reconstruction-ES-candidate-covers/ES-044-OL40205686M.jpeg,USABLE_CANDIDATE,
44,ES,SPANISH_CANON,1,Federico García Lorca,La casa de Bernarda Alba,BROAD,/works/OL30543584W,Federico García Lorca - la Casa de Bernarda Alba,Federico García Lorca,/books/OL42127002M,Federico García Lorca - la Casa de Bernarda Alba,,spa,9798662694682,Independently Published,2020,,15098197,0.95,1.0,0.9590000000000001,VALID_COVER,333,500,JPEG,data/audit/reconstruction-ES-candidate-covers/ES-044-OL42127002M.jpeg,USABLE_CANDIDATE,
44,ES,SPANISH_CANON,1,Federico García Lorca,La casa de Bernarda Alba,BROAD,/works/OL722546W,Yerma,Federico García Lorca,/books/OL4620214M,Yerma ; La casa de Bernarda Alba ; Doña Rosita la soltera,,spa,8426571565,E.M.E.S.A.,1974,,12697680,0.95,1.0,0.9590000000000001,VALID_COVER,302,500,JPEG,data/audit/reconstruction-ES-candidate-covers/ES-044-OL4620214M.jpeg,USABLE_CANDIDATE,
44,ES,SPANISH_CANON,1,Federico García Lorca,La casa de Bernarda Alba,BROAD,/works/OL722545W,La casa de Bernarda Alba,Federico García Lorca,/books/OL4986665M,La casa de Bernarda Alba,,spa,8437600685,Ediciones Cátedra,1976,,5331683,1.0,1.0,0.9850000000000001,VALID_COVER,128,211,JPEG,data/audit/reconstruction-ES-candidate-covers/ES-044-OL4986665M.jpeg,USABLE_CANDIDATE,
44,ES,SPANISH_CANON,1,Federico García Lorca,La casa de Bernarda Alba,BROAD,/works/OL722531W,Lorca,Federico García Lorca,/books/OL8796457M,Lorca,La casa de Bernarda Alba,spa,9781585101436,Focus Publishing/R. Pullins Co.,"June 2, 2005",,849745,0.95,1.0,0.9590000000000001,NOT_PROBED,,,,,REJECTED_CANDIDATE,
45,ES,SPANISH_CANON,1,Federico García Lorca,Bodas de sangre,TITLE_AUTHOR,/works/OL722550W,Poems,Federico García Lorca,/books/OL18381626M,Libro de poemas,Poema del cante jondo ; Romancero gitano ; Poeta en Nueva York ; Odas ; Llanto por Sánchez Mejías ; Bodas de sangre ; Yerma,spa,968432118X,Editorial Porrúa,1991,,,0.95,1.0,0.904,NOT_PROBED,,,,,REJECTED_CANDIDATE,
45,ES,SPANISH_CANON,1,Federico García Lorca,Bodas de sangre,BROAD,/works/OL10342794W,Bodas de sangre,Federico García Lorca,/books/OL24385440M,Bodas de sangre,,spa,,Losada,1944,,6636576,1.0,1.0,0.9550000000000001,VALID_COVER,302,500,JPEG,data/audit/reconstruction-ES-candidate-covers/ES-045-OL24385440M.jpeg,USABLE_CANDIDATE,
45,ES,SPANISH_CANON,1,Federico García Lorca,Bodas de sangre,TITLE_AUTHOR,/works/OL10342794W,Bodas de sangre,Federico García Lorca,/books/OL39203840M,Bodas de sangre,Tragedia en tres actos y siete cuadros,spa | eng,9781589770874,Cervantes & Co.,2011,,15251274,1.0,1.0,0.9850000000000001,VALID_COVER,327,500,JPEG,data/audit/reconstruction-ES-candidate-covers/ES-045-OL39203840M.jpeg,USABLE_CANDIDATE,
45,ES,SPANISH_CANON,1,Federico García Lorca,Bodas de sangre,TITLE_AUTHOR,/works/OL10342717W,"Bodas de sangre, et Yerma",Federico García Lorca,/books/OL42921705M,Bodas de Sangre / Yerma,,spa,9789871258161,GZ,1989,,13027643,0.95,1.0,0.9590000000000001,VALID_COVER,350,500,JPEG,data/audit/reconstruction-ES-candidate-covers/ES-045-OL42921705M.jpeg,USABLE_CANDIDATE,
45,ES,SPANISH_CANON,1,Federico García Lorca,Bodas de sangre,TITLE_AUTHOR,/works/OL30176900W,Bodas de Sangre,Federico García Lorca | Oscar Piris Agustí | Félix Gerónimo,/books/OL56622035M,Bodas de Sangre,,spa,9781986230728,CreateSpace Independent Publishing Platform,2018,,15087514,1.0,1.0,0.9850000000000001,VALID_COVER,323,500,JPEG,data/audit/reconstruction-ES-candidate-covers/ES-045-OL56622035M.jpeg,USABLE_CANDIDATE,
45,ES,SPANISH_CANON,1,Federico García Lorca,Bodas de sangre,TITLE_AUTHOR,/works/OL722549W,Plays,Federico García Lorca | Ann MacLaren,/books/OL6397226M,Bodas de sangre,Amor de don Perlimplín con Belisa en su jardín ; Retablillo de don Cristóbal,spa,,Editorial Losada,1938,,,1.0,1.0,0.9,NOT_PROBED,,,,,REJECTED_CANDIDATE,
46,ES,LATIN_AMERICAN_CANON,1,Jorge Luis Borges,Ficciones,TITLE_AUTHOR,/works/OL40315721W,Ficciones,Jorge Luis Borges,/books/OL55735919M,Ficciones,,spa,9781514648360,CreateSpace Independent Publishing Platform,2015,,,1.0,1.0,0.93,NOT_PROBED,,,,,REJECTED_CANDIDATE,
46,ES,LATIN_AMERICAN_CANON,1,Jorge Luis Borges,Ficciones,TITLE_AUTHOR,/works/OL45316687W,Ficciones (1935-1944),Jorge Luis Borges,/books/OL61769427M,Ficciones (1935-1944),,spa,,Sur,1944,,,0.95,1.0,0.874,NOT_PROBED,,,,,REJECTED_CANDIDATE,
46,ES,LATIN_AMERICAN_CANON,1,Jorge Luis Borges,Ficciones,TITLE_AUTHOR,/works/OL45340838W,Ficciones,Jorge Luis Borges,/books/OL61797755M,Ficciones,,spa,,Alianza Editorial,1982,,,1.0,1.0,0.9,NOT_PROBED,,,,,REJECTED_CANDIDATE,
47,ES,LATIN_AMERICAN_CANON,1,Jorge Luis Borges,El Aleph,TITLE_AUTHOR,/works/OL23045967W,El aleph borgiano,Jorge Luis Borges,/books/OL2138226M,El aleph borgiano,,spa,,Biblioteca Luis-Angel Arango,1987,,,0.95,1.0,0.874,NOT_PROBED,,,,,REJECTED_CANDIDATE,
47,ES,LATIN_AMERICAN_CANON,1,Jorge Luis Borges,El Aleph,TITLE_AUTHOR,/works/OL110969W,El Aleph,Jorge Luis Borges,/books/OL37789016M,El Aleph,,spa,9788495594112,Sol 90,2000,,14826417,1.0,1.0,0.9850000000000001,VALID_COVER,297,500,JPEG,data/audit/reconstruction-ES-candidate-covers/ES-047-OL37789016M.jpeg,USABLE_CANDIDATE,
47,ES,LATIN_AMERICAN_CANON,1,Jorge Luis Borges,El Aleph,TITLE_AUTHOR,/works/OL38971431W,Ficciones ; El aleph ; El informe de Brodie,Jorge Luis Borges,/books/OL53066299M,Ficciones ; El aleph ; El informe de Brodie,,spa,9789802764266,Biblioteca Ayacucho,2006,,,0.95,1.0,0.904,NOT_PROBED,,,,,REJECTED_CANDIDATE,
48,ES,LATIN_AMERICAN_CANON,1,Jorge Luis Borges,Historia universal de la infamia,TITLE_AUTHOR,/works/OL110966W,Historia universal de la infamia,Jorge Luis Borges,/books/OL13191337M,Historia universal de la infamia,,spa,9788420613536,Alianza Editorial,1991,,11422385,1.0,1.0,0.9850000000000001,VALID_COVER,307,500,JPEG,data/audit/reconstruction-ES-candidate-covers/ES-048-OL13191337M.jpeg,USABLE_CANDIDATE,
48,ES,LATIN_AMERICAN_CANON,1,Jorge Luis Borges,Historia universal de la infamia,TITLE_AUTHOR,/works/OL13575332W,Obras completas. Historia universal de la infamia,Jorge Luis Borges,/books/OL22105598M,Historia universal de la infamia,,spa,,Emecé Editores,1966-11,,12856938,1.0,1.0,0.9550000000000001,VALID_COVER,315,500,JPEG,data/audit/reconstruction-ES-candidate-covers/ES-048-OL22105598M.jpeg,USABLE_CANDIDATE,
48,ES,LATIN_AMERICAN_CANON,1,Jorge Luis Borges,Historia universal de la infamia,TITLE_AUTHOR,/works/OL35308261W,Historia universal de la infamia / Hombre de la esquina rosada,Jorge Luis Borges,/books/OL47721066M,Historia universal de la infamia: suivie de Hombre de la esquina rosada,,fre | spa,9782266137058,Pocket,2008,,14592133,0.95,1.0,0.9590000000000001,VALID_COVER,304,500,JPEG,data/audit/reconstruction-ES-candidate-covers/ES-048-OL47721066M.jpeg,USABLE_CANDIDATE,
48,ES,LATIN_AMERICAN_CANON,1,Jorge Luis Borges,Historia universal de la infamia,TITLE_AUTHOR,/works/OL110958W,El informe de Brodie / Historia universal de la infamia,Jorge Luis Borges,/books/OL5376622M,El informe de Brodie.,Historia universal de la infamia.,spa,,Plaza & Janés,1971,,9627297,0.95,1.0,0.929,VALID_COVER,315,500,JPEG,data/audit/reconstruction-ES-candidate-covers/ES-048-OL5376622M.jpeg,USABLE_CANDIDATE,
49,ES,LATIN_AMERICAN_CANON,1,Julio Cortázar,Rayuela,TITLE_AUTHOR,/works/OL14860360W,"Cuaderno de bitácora de ""Rayuela""",Julio Cortázar,/books/OL2895534M,"Cuaderno de bitácora de ""Rayuela""",,spa,9500701871,Editorial Sudamericana,1983,,7963425,0.95,1.0,0.9590000000000001,VALID_COVER,320,500,JPEG,data/audit/reconstruction-ES-candidate-covers/ES-049-OL2895534M.jpeg,USABLE_CANDIDATE,
49,ES,LATIN_AMERICAN_CANON,1,Julio Cortázar,Rayuela,BROAD,/works/OL14860424W,Rayuela,Julio Cortázar,/books/OL47684105M,Rayuela,,spa,9789681902001,Alfaguara,2000,,15103307,1.0,1.0,0.9850000000000001,VALID_COVER,291,500,JPEG,data/audit/reconstruction-ES-candidate-covers/ES-049-OL47684105M.jpeg,USABLE_CANDIDATE,
50,ES,LATIN_AMERICAN_CANON,1,Julio Cortázar,Bestiario,TITLE_AUTHOR,/works/OL14860382W,Relatos,Julio Cortázar,/books/OL16581632M,Relatos,"Bestiario, 1951. Las armas secretas, 1959. Final del juego, 1964. Todos los fuegos el fuego, 1966.",spa,,Editorial Sudamericana,1970,,,0.95,1.0,0.874,NOT_PROBED,,,,,REJECTED_CANDIDATE,
50,ES,LATIN_AMERICAN_CANON,1,Julio Cortázar,Bestiario,TITLE_AUTHOR,/works/OL14860383W,"Relatos: Bestiario, 1951",Julio Cortázar,/books/OL5277374M,"Relatos: Bestiario, 1951.","Las armas secretas, 1959. Final del juego, 1964. Todos los fuegos el fuego, 1966.",spa,,Editorial Sudamericana,1970,,9789900,0.95,1.0,0.929,VALID_COVER,269,500,JPEG,data/audit/reconstruction-ES-candidate-covers/ES-050-OL5277374M.jpeg,USABLE_CANDIDATE,
51,ES,LATIN_AMERICAN_CANON,1,Julio Cortázar,Final del juego,TITLE_ONLY,/works/OL10441683W,Final del juego,Julio Corta zar,/books/OL13663979M,Final del juego.,,spa,,Editorial Sudamericana,1964,,,1.0,0.9655172413793104,0.8910344827586207,NOT_PROBED,,,,,REJECTED_CANDIDATE,
51,ES,LATIN_AMERICAN_CANON,1,Julio Cortázar,Final del juego,TITLE_ONLY,/works/OL10756915W,Final del juego; cuentos,Julio Corta zar,/books/OL14138234M,Final del juego; cuentos.,,spa,,Editorial Sudamericana,1966,,,0.95,0.9655172413793104,0.8650344827586207,NOT_PROBED,,,,,REJECTED_CANDIDATE,
51,ES,LATIN_AMERICAN_CANON,1,Julio Cortázar,Final del juego,TITLE_ONLY,/works/OL10756920W,Final del juego,Julio Corta zar,/books/OL14438812M,Final del juego.,,spa,,Editorial Sudamericana,1970,,,1.0,0.9655172413793104,0.8910344827586207,NOT_PROBED,,,,,REJECTED_CANDIDATE,
51,ES,LATIN_AMERICAN_CANON,1,Julio Cortázar,Final del juego,TITLE_AUTHOR,/works/OL14860382W,Relatos,Julio Cortázar,/books/OL16581632M,Relatos,"Bestiario, 1951. Las armas secretas, 1959. Final del juego, 1964. Todos los fuegos el fuego, 1966.",spa,,Editorial Sudamericana,1970,,,0.95,1.0,0.874,NOT_PROBED,,,,,REJECTED_CANDIDATE,
51,ES,LATIN_AMERICAN_CANON,1,Julio Cortázar,Final del juego,TITLE_AUTHOR,/works/OL276963W,Final del juego,Julio Cortázar,/books/OL25570054M,Final del juego,,spa,,Editorial Sudamericana,1974,,9625010,1.0,1.0,0.9550000000000001,VALID_COVER,320,500,JPEG,data/audit/reconstruction-ES-candidate-covers/ES-051-OL25570054M.jpeg,USABLE_CANDIDATE,
51,ES,LATIN_AMERICAN_CANON,1,Julio Cortázar,Final del juego,TITLE_AUTHOR,/works/OL14860383W,"Relatos: Bestiario, 1951",Julio Cortázar,/books/OL5277374M,"Relatos: Bestiario, 1951.","Las armas secretas, 1959. Final del juego, 1964. Todos los fuegos el fuego, 1966.",spa,,Editorial Sudamericana,1970,,9789900,0.95,1.0,0.929,VALID_COVER,269,500,JPEG,data/audit/reconstruction-ES-candidate-covers/ES-051-OL5277374M.jpeg,USABLE_CANDIDATE,
51,ES,LATIN_AMERICAN_CANON,1,Julio Cortázar,Final del juego,TITLE_AUTHOR,/works/OL14944513W,Ceremonias - Final del Juego y Las Armas Secretas,Julio Cortázar,/books/OL9138776M,Ceremonias - Final del Juego y Las Armas Secretas,,spa,9789507312656,Editorial Seix Barral,June 2000,,,0.95,1.0,0.904,NOT_PROBED,,,,,REJECTED_CANDIDATE,
52,ES,LATIN_AMERICAN_CANON,1,Gabriel García Márquez,Cien años de soledad,TITLE_AUTHOR,/works/OL25917022W,Cien años de Soledad. Edición Conmemorativa de la RAE / One Hundred Years of Sol Itude. Conmemorative Edition,Gabriel García Márquez,/books/OL34980171M,Cien años de Soledad. Edición Conmemorativa de la RAE / One Hundred Years of Sol Itude. Conmemorative Edition,,spa,9781644734728,Penguin Random House Grupo Editorial,2021,,13215914,0.95,1.0,0.9590000000000001,VALID_COVER,351,500,JPEG,data/audit/reconstruction-ES-candidate-covers/ES-052-OL34980171M.jpeg,USABLE_CANDIDATE,
52,ES,LATIN_AMERICAN_CANON,1,Gabriel García Márquez,Cien años de soledad,TITLE_ONLY,/works/OL40332828W,Cien años de Soledad,Gabriel Márquez,/books/OL54861597M,Cien años de Soledad,,spa,9781508912330,CreateSpace Independent Publishing Platform,2015,,,1.0,0.8108108108108109,0.8808108108108109,NOT_PROBED,,,,,REJECTED_CANDIDATE,
52,ES,LATIN_AMERICAN_CANON,1,Gabriel García Márquez,Cien años de soledad,TITLE_AUTHOR,/works/OL40693424W,Cien años de Soledad,Gabriel García Márquez,/books/OL55316217M,Cien años de Soledad,,spa,9781532996467,CreateSpace Independent Publishing Platform,2016,,,1.0,1.0,0.93,NOT_PROBED,,,,,REJECTED_CANDIDATE,
52,ES,LATIN_AMERICAN_CANON,1,Gabriel García Márquez,Cien años de soledad,TITLE_ONLY,/works/OL40848841W,Cien años de Soledad,Gabriel Marquez,/books/OL56834967M,Cien años de Soledad,,spa,9781727878011,CreateSpace Independent Publishing Platform,2018,,,1.0,0.8108108108108109,0.8808108108108109,NOT_PROBED,,,,,REJECTED_CANDIDATE,
52,ES,LATIN_AMERICAN_CANON,1,Gabriel García Márquez,Cien años de soledad,TITLE_AUTHOR,/works/OL28027117W,Cien Años de Soledad,Gabriel García Márquez,/books/OL9153311M,Cien anos de soledad,"Analisis y estudio sobre la obra, el autor y su epoca (Compendios Vosgos series)",spa,9788495761378,Ediciones Norte,"April 1, 2004",,4918600,1.0,1.0,0.9850000000000001,VALID_COVER,128,182,JPEG,data/audit/reconstruction-ES-candidate-covers/ES-052-OL9153311M.jpeg,USABLE_CANDIDATE,
53,ES,LATIN_AMERICAN_CANON,1,Gabriel García Márquez,El coronel no tiene quien le escriba,BROAD,/works/OL20800146W,El coronel no tiene quien le escriba / Cien años de soledad,Gabriel García Márquez,/books/OL1326812M,El coronel no tiene quien le escriba ; Cien años de soledad,,spa,9802761109,Biblioteca Ayacucho,1989,,3921791,0.95,1.0,0.9590000000000001,VALID_COVER,128,194,JPEG,data/audit/reconstruction-ES-candidate-covers/ES-053-OL1326812M.jpeg,USABLE_CANDIDATE,
53,ES,LATIN_AMERICAN_CANON,1,Gabriel García Márquez,El coronel no tiene quien le escriba,BROAD,/works/OL38405487W,El coronel no tiene quien le escriba. La hojarasca,Gabriel García Márquez,/books/OL52249501M,El coronel no tiene quien le escriba. La hojarasca,,spa,9789500767187,Sudamericana,2022,,,0.95,1.0,0.904,NOT_PROBED,,,,,REJECTED_CANDIDATE,
53,ES,LATIN_AMERICAN_CANON,1,Gabriel García Márquez,El coronel no tiene quien le escriba,BROAD,/works/OL43652145W,El coronel no tiene quien le escriba,Gabriel García Márquez,/books/OL60303313M,El Coronel no tiene quien le escriba,,spa,,Editorial Sudamericana,1974,,,1.0,1.0,0.9,NOT_PROBED,,,,,REJECTED_CANDIDATE,
54,ES,LATIN_AMERICAN_CANON,1,Gabriel García Márquez,Crónica de una muerte anunciada,TITLE_AUTHOR,/works/OL274574W,Crónica de una muerte anunciada,Gabriel García Márquez,/books/OL9724283M,Crónica de una muerte anunciada,,spa | eng,0801315891,Longman,1996,,8489909,1.0,1.0,0.9850000000000001,VALID_COVER,338,500,JPEG,data/audit/reconstruction-ES-candidate-covers/ES-054-OL9724283M.jpeg,USABLE_CANDIDATE,
55,ES,LATIN_AMERICAN_CANON,1,Gabriel García Márquez,El amor en los tiempos del cólera,BROAD,/works/OL274518W,El amor en los tiempos del cólera,Gabriel García Márquez,/books/OL39225070M,El amor en los tiempos del cólera,,spa,9972402323,Peisa,2002,,15224051,1.0,1.0,0.9850000000000001,VALID_COVER,286,500,JPEG,data/audit/reconstruction-ES-candidate-covers/ES-055-OL39225070M.jpeg,USABLE_CANDIDATE,
56,ES,LATIN_AMERICAN_CANON,1,Mario Vargas Llosa,La ciudad y los perros,TITLE_AUTHOR,/works/OL857544W,La ciudad y los perros,Mario Vargas Llosa,/books/OL12986660M,La ciudad y los perros,,spa,8432220639,Seix Barral,1985,,12518806,1.0,1.0,0.9850000000000001,VALID_COVER,323,500,JPEG,data/audit/reconstruction-ES-candidate-covers/ES-056-OL12986660M.jpeg,USABLE_CANDIDATE,
56,ES,LATIN_AMERICAN_CANON,1,Mario Vargas Llosa,La ciudad y los perros,TITLE_AUTHOR,/works/OL857551W,Obras escogidas,Mario Vargas Llosa,/books/OL36648654M,Obras escogidas: novelas y cuentos,Vol. 1: La ciudad y los perros / La casa verde / Los cachorros / Los jefes,spa,,Aguilar,1973,,12540968,0.95,1.0,0.929,VALID_COVER,335,500,JPEG,data/audit/reconstruction-ES-candidate-covers/ES-056-OL36648654M.jpeg,USABLE_CANDIDATE,
56,ES,LATIN_AMERICAN_CANON,1,Mario Vargas Llosa,La ciudad y los perros,TITLE_AUTHOR,/works/OL32033194W,La ciudad y los perros,Mario Vargas Llosa,/books/OL43753645M,La ciudad y los perros,,spa,,Seix Barral,1963,,,1.0,1.0,0.9,NOT_PROBED,,,,,REJECTED_CANDIDATE,
56,ES,LATIN_AMERICAN_CANON,1,Mario Vargas Llosa,La ciudad y los perros,TITLE_AUTHOR,/works/OL38624469W,La ciudad y los perros,Mario Vargas Llosa,/books/OL52566511M,La ciudad y los perros,,spa,,Sudamericana,1969,,,1.0,1.0,0.9,NOT_PROBED,,,,,REJECTED_CANDIDATE,
57,ES,LATIN_AMERICAN_CANON,1,Mario Vargas Llosa,La casa verde,TITLE_AUTHOR,/works/OL857541W,La casa verde,Mario Vargas Llosa,/books/OL26570367M,La casa verde,,spa,,Seix Barral,1968,,10053046,1.0,1.0,0.9550000000000001,VALID_COVER,325,500,JPEG,data/audit/reconstruction-ES-candidate-covers/ES-057-OL26570367M.jpeg,USABLE_CANDIDATE,
57,ES,LATIN_AMERICAN_CANON,1,Mario Vargas Llosa,La casa verde,TITLE_AUTHOR,/works/OL857551W,Obras escogidas,Mario Vargas Llosa,/books/OL36648654M,Obras escogidas: novelas y cuentos,Vol. 1: La ciudad y los perros / La casa verde / Los cachorros / Los jefes,spa,,Aguilar,1973,,12540968,0.95,1.0,0.929,VALID_COVER,335,500,JPEG,data/audit/reconstruction-ES-candidate-covers/ES-057-OL36648654M.jpeg,USABLE_CANDIDATE,
57,ES,LATIN_AMERICAN_CANON,1,Mario Vargas Llosa,La casa verde,TITLE_AUTHOR,/works/OL34700813W,La casa verde,Mario Vargas Llosa,/books/OL47041349M,La casa verde,,spa,,Seix Barral,1978,,,1.0,1.0,0.9,NOT_PROBED,,,,,REJECTED_CANDIDATE,
57,ES,LATIN_AMERICAN_CANON,1,Mario Vargas Llosa,La casa verde,TITLE_AUTHOR,/works/OL42700831W,La casa verde,Mario Vargas Llosa,/books/OL58076743M,La casa verde,,spa,,,1967,,,1.0,1.0,0.875,NOT_PROBED,,,,,REJECTED_CANDIDATE,
58,ES,LATIN_AMERICAN_CANON,1,Mario Vargas Llosa,Conversación en La Catedral,TITLE_AUTHOR,/works/OL17856658W,"Conversación en La Catedral, Volumen 2",Mario Vargas Llosa,/books/OL32089102M,Conversación en La Catedral,Volumen II,spa,,Seix Barral,1971,,10743580,1.0,1.0,0.9550000000000001,VALID_COVER,328,500,JPEG,data/audit/reconstruction-ES-candidate-covers/ES-058-OL32089102M.jpeg,USABLE_CANDIDATE,
58,ES,LATIN_AMERICAN_CANON,1,Mario Vargas Llosa,Conversación en La Catedral,TITLE_AUTHOR,/works/OL857551W,Obras escogidas,Mario Vargas Llosa,/books/OL4129148M,Obras escogidas: novelas y cuentos,Vol. 2: Conversación en La Catedral / La orgía perpetua / Pantaleón y las visitadoras,spa,8403041357,Aguilar,1978,,12540967,0.95,1.0,0.9590000000000001,VALID_COVER,303,500,JPEG,data/audit/reconstruction-ES-candidate-covers/ES-058-OL4129148M.jpeg,USABLE_CANDIDATE,
58,ES,LATIN_AMERICAN_CANON,1,Mario Vargas Llosa,Conversación en La Catedral,TITLE_AUTHOR,/works/OL31695278W,Los jefes / Los cachorros / Conversación en La Catedral,Mario Vargas Llosa,/books/OL43380295M,Los jefes / Los cachorros / Conversación en La Catedral,Vol 17,spa,8432224170,Editorial Seix Barral,1985,,13028819,0.95,1.0,0.9590000000000001,VALID_COVER,327,500,JPEG,data/audit/reconstruction-ES-candidate-covers/ES-058-OL43380295M.jpeg,USABLE_CANDIDATE,
58,ES,LATIN_AMERICAN_CANON,1,Mario Vargas Llosa,Conversación en La Catedral,TITLE_AUTHOR,/works/OL34995594W,"Conversación en La Catedral, Volumen 1",Mario Vargas Llosa,/books/OL5227729M,Conversación en la Catedral,Volumen I,spa,,Seix Barral,1970,,9566267,1.0,1.0,0.9550000000000001,VALID_COVER,320,500,JPEG,data/audit/reconstruction-ES-candidate-covers/ES-058-OL5227729M.jpeg,USABLE_CANDIDATE,
58,ES,LATIN_AMERICAN_CANON,1,Mario Vargas Llosa,Conversación en La Catedral,TITLE_AUTHOR,/works/OL33166537W,Conversación en la catedral,Mario Vargas Llosa,/books/OL52566520M,Conversación en la catedral,,spa,,Seix Barral,1970,,,1.0,1.0,0.9,NOT_PROBED,,,,,REJECTED_CANDIDATE,
58,ES,LATIN_AMERICAN_CANON,1,Mario Vargas Llosa,Conversación en La Catedral,BROAD,/works/OL857552W,Conversación en La Catedral,Mario Vargas Llosa,/books/OL9548770M,Conversación en La Catedral,,spa,9789681905859,Alfaguara,July 1999,,2295281,1.0,1.0,0.9850000000000001,VALID_COVER,285,475,JPEG,data/audit/reconstruction-ES-candidate-covers/ES-058-OL9548770M.jpeg,USABLE_CANDIDATE,
60,ES,LATIN_AMERICAN_CANON,1,Juan Rulfo,Pedro Páramo,BROAD,/works/OL1731094W,Obra completa,Juan Rulfo,/books/OL14419991M,Obra completa,"El llano en llamas, Pedro Páramo, otros textos",spa,8466001417,Biblioteca Ayacucho,1985,,5290983,0.95,1.0,0.9590000000000001,VALID_COVER,128,210,JPEG,data/audit/reconstruction-ES-candidate-covers/ES-060-OL14419991M.jpeg,USABLE_CANDIDATE,
61,ES,LATIN_AMERICAN_CANON,1,Juan Rulfo,El llano en llamas,BROAD,/works/OL1731097W,Pedro Páramo / El llano en llamas,Juan Rulfo,/books/OL13188580M,Pedro Paramo Y El Llano En Llamas,,eng | spa,9788408026716,Booket,September 1995,,5257422,0.95,1.0,0.9590000000000001,VALID_COVER,128,205,JPEG,data/audit/reconstruction-ES-candidate-covers/ES-061-OL13188580M.jpeg,USABLE_CANDIDATE,
61,ES,LATIN_AMERICAN_CANON,1,Juan Rulfo,El llano en llamas,TITLE_AUTHOR,/works/OL1731094W,Obra completa,Juan Rulfo,/books/OL14419991M,Obra completa,"El llano en llamas, Pedro Páramo, otros textos",spa,8466001417,Biblioteca Ayacucho,1985,,5290983,0.95,1.0,0.9590000000000001,VALID_COVER,128,210,JPEG,data/audit/reconstruction-ES-candidate-covers/ES-061-OL14419991M.jpeg,USABLE_CANDIDATE,
61,ES,LATIN_AMERICAN_CANON,1,Juan Rulfo,El llano en llamas,TITLE_AUTHOR,/works/OL1731074W,El llano en llamas,Juan Rulfo,/books/OL18371505M,El llano en llamas,,eng | spa,9681602072,Fondo de Cultura Economica,1953,,14952973,1.0,1.0,0.9850000000000001,VALID_COVER,326,500,JPEG,data/audit/reconstruction-ES-candidate-covers/ES-061-OL18371505M.jpeg,USABLE_CANDIDATE,
61,ES,LATIN_AMERICAN_CANON,1,Juan Rulfo,El llano en llamas,BROAD,/works/OL1731119W,Pedro Páramo,Juan Rulfo,/books/OL21923801M,Pedro Páramo,y El llano en llamas,spa,8432021180,Editorial Planeta,1975,,,0.95,1.0,0.904,NOT_PROBED,,,,,REJECTED_CANDIDATE,
61,ES,LATIN_AMERICAN_CANON,1,Juan Rulfo,El llano en llamas,TITLE_AUTHOR,/works/OL1731097W,Pedro Páramo / El llano en llamas,Juan Rulfo,/books/OL32132355M,Pedro Páramo y El llano en llamas,,spa,9788432071331,Planeta,1980,,10795118,0.95,1.0,0.9590000000000001,VALID_COVER,282,500,JPEG,data/audit/reconstruction-ES-candidate-covers/ES-061-OL32132355M.jpeg,USABLE_CANDIDATE,
61,ES,LATIN_AMERICAN_CANON,1,Juan Rulfo,El llano en llamas,TITLE_AUTHOR,/works/OL17795326W,El llano en llamas (Selección),Juan Rulfo,/books/OL3651392M,El llano en llamas (Selección),,spa,8475229808,Visor Libros,2001,,8077851,0.95,1.0,0.9590000000000001,VALID_COVER,200,200,JPEG,data/audit/reconstruction-ES-candidate-covers/ES-061-OL3651392M.jpeg,USABLE_CANDIDATE,
61,ES,LATIN_AMERICAN_CANON,1,Juan Rulfo,El llano en llamas,TITLE_AUTHOR,/works/OL1731119W,Pedro Páramo,Juan Rulfo,/books/OL3748014M,Pedro Páramo,El llano en llamas,spa,840804575X,Planeta,2002,,4318088,0.95,1.0,0.9590000000000001,VALID_COVER,128,192,JPEG,data/audit/reconstruction-ES-candidate-covers/ES-061-OL3748014M.jpeg,USABLE_CANDIDATE,
61,ES,LATIN_AMERICAN_CANON,1,Juan Rulfo,El llano en llamas,TITLE_AUTHOR,/works/OL44893883W,"El llano en llamas, y otras cuentos",Juan Rulfo,/books/OL61270165M,"El llano en llamas, y otras cuentos",,spa,,Fondo de Cultura Economica,1955,,,0.95,1.0,0.874,NOT_PROBED,,,,,REJECTED_CANDIDATE,
61,ES,LATIN_AMERICAN_CANON,1,Juan Rulfo,El llano en llamas,TITLE_AUTHOR,/works/OL45195979W,El llano en llamas,Juan Rulfo,/books/OL62145428M,El llano en llamas,,spa,,Fondo de Cultura Economica,1967,,,1.0,1.0,0.9,NOT_PROBED,,,,,REJECTED_CANDIDATE,
62,ES,LATIN_AMERICAN_CANON,1,Alejo Carpentier,El reino de este mundo,TITLE_AUTHOR,/works/OL580013W,El reino de este mundo / Alejo Carpentier,Alejo Carpentier,/books/OL13534294M,El reino de este mundo / Alejo Carpentier.,,spa,,Arco,1968,,,0.95,1.0,0.874,NOT_PROBED,,,,,REJECTED_CANDIDATE,
62,ES,LATIN_AMERICAN_CANON,1,Alejo Carpentier,El reino de este mundo,TITLE_AUTHOR,/works/OL580001W,Dos novelas: el reino de este mundo / el acoso,Alejo Carpentier,/books/OL14342594M,Dos novelas: el reino de este mundo / el acoso.,,spa,,Arte y literatura,1976,,,0.95,1.0,0.874,NOT_PROBED,,,,,REJECTED_CANDIDATE,
62,ES,LATIN_AMERICAN_CANON,1,Alejo Carpentier,El reino de este mundo,TITLE_AUTHOR,/works/OL17680024W,El reino de este mundo,Alejo Carpentier,/books/OL26283381M,El reino de este mundo,,spa,,Edhasa,1979,,15122610,1.0,1.0,0.9550000000000001,VALID_COVER,289,500,JPEG,data/audit/reconstruction-ES-candidate-covers/ES-062-OL26283381M.jpeg,USABLE_CANDIDATE,
62,ES,LATIN_AMERICAN_CANON,1,Alejo Carpentier,El reino de este mundo,TITLE_AUTHOR,/works/OL21365786W,El reino de este mundo / Los pasos perdidos,Alejo Carpentier,/books/OL28941561M,El reino de este mundo / Los pasos perdidos,,spa,9789682316883,Siglo XXI Ediciones,,,,0.95,1.0,0.889,NOT_PROBED,,,,,REJECTED_CANDIDATE,
63,ES,LATIN_AMERICAN_CANON,1,Alejo Carpentier,Los pasos perdidos,TITLE_AUTHOR,/works/OL21365786W,El reino de este mundo / Los pasos perdidos,Alejo Carpentier,/books/OL28941561M,El reino de este mundo / Los pasos perdidos,,spa,9789682316883,Siglo XXI Ediciones,,,,0.95,1.0,0.889,NOT_PROBED,,,,,REJECTED_CANDIDATE,
63,ES,LATIN_AMERICAN_CANON,1,Alejo Carpentier,Los pasos perdidos,TITLE_AUTHOR,/works/OL45639329W,Sisyphus in Los Pasos Perdidos,Birgitta Vance | Alejo Carpentier,/books/OL62146542M,Sisyphus in Los Pasos Perdidos,,spa,,"State University College of New York, Brockport",1972,,,0.95,1.0,0.874,NOT_PROBED,,,,,REJECTED_CANDIDATE,
64,ES,LATIN_AMERICAN_CANON,1,Miguel Ángel Asturias,El señor Presidente,TITLE_AUTHOR,/works/OL11019086W,Tres obras,Miguel Ángel Asturias,/books/OL14419994M,Tres obras,Leyendas de Guatemala ; El Alhajadito ; El Senõr Presidente,spa,8466001409,Biblioteca Ayacucho,1985,,9889139,0.95,1.0,0.9590000000000001,VALID_COVER,307,500,JPEG,data/audit/reconstruction-ES-candidate-covers/ES-064-OL14419994M.jpeg,USABLE_CANDIDATE,
64,ES,LATIN_AMERICAN_CANON,1,Miguel Ángel Asturias,El señor Presidente,TITLE_AUTHOR,/works/OL938588W,El Señor Presidente,Miguel Ángel Asturias,/books/OL5909595M,El señor presidente.,,eng | spa,,Atheneum,1964,,9828408,1.0,1.0,0.9550000000000001,VALID_COVER,335,500,JPEG,data/audit/reconstruction-ES-candidate-covers/ES-064-OL5909595M.jpeg,USABLE_CANDIDATE,
65,ES,LATIN_AMERICAN_CANON,1,Miguel Ángel Asturias,Hombres de maíz,TITLE_AUTHOR,/works/OL17345339W,Hombre de Maíz,Miguel Ángel Asturias,/books/OL25922622M,Hombre de Maíz,,spa,9788481303674,"Bibliotex, S.L.",2001,,7424099,0.9655172413793104,1.0,0.9670689655172415,VALID_COVER,350,500,JPEG,data/audit/reconstruction-ES-candidate-covers/ES-065-OL25922622M.jpeg,USABLE_CANDIDATE,
65,ES,LATIN_AMERICAN_CANON,1,Miguel Ángel Asturias,Hombres de maíz,TITLE_AUTHOR,/works/OL17717451W,Hombres de maíz,Miguel Ángel Asturias,/books/OL26318832M,Hombres de maíz,,spa,9788492589975,Leer-e,2010,,7993378,1.0,1.0,0.9850000000000001,VALID_COVER,120,169,JPEG,data/audit/reconstruction-ES-candidate-covers/ES-065-OL26318832M.jpeg,USABLE_CANDIDATE,
65,ES,LATIN_AMERICAN_CANON,1,Miguel Ángel Asturias,Hombres de maíz,TITLE_AUTHOR,/works/OL17971317W,Hombres de maíz. --,Miguel Ángel Asturias,/books/OL26561808M,Hombres de maíz. --,,spa,,,1968,,,1.0,1.0,0.875,NOT_PROBED,,,,,REJECTED_CANDIDATE,
65,ES,LATIN_AMERICAN_CANON,1,Miguel Ángel Asturias,Hombres de maíz,TITLE_AUTHOR,/works/OL17971318W,Hombres de maíz. --,Miguel Ángel Asturias,/books/OL26561809M,Hombres de maíz. --,,spa,,,1968,,,1.0,1.0,0.875,NOT_PROBED,,,,,REJECTED_CANDIDATE,
65,ES,LATIN_AMERICAN_CANON,1,Miguel Ángel Asturias,Hombres de maíz,TITLE_AUTHOR,/works/OL23335029W,Hombres de maíz,Miguel Ángel Asturias,/books/OL31185186M,Hombres de maíz,,spa,9788437632544,Cátedra,2014,,13785900,1.0,1.0,0.9850000000000001,VALID_COVER,305,500,JPEG,data/audit/reconstruction-ES-candidate-covers/ES-065-OL31185186M.jpeg,USABLE_CANDIDATE,
65,ES,LATIN_AMERICAN_CANON,1,Miguel Ángel Asturias,Hombres de maíz,TITLE_AUTHOR,/works/OL24160120W,Hombres de maíz,Miguel Ángel Asturias,/books/OL31885797M,Hombres de maíz,,spa,9788483773222,"Editorial ""Piedra Santa""",1991,,10567076,1.0,1.0,0.9850000000000001,VALID_COVER,358,500,JPEG,data/audit/reconstruction-ES-candidate-covers/ES-065-OL31885797M.jpeg,USABLE_CANDIDATE,
65,ES,LATIN_AMERICAN_CANON,1,Miguel Ángel Asturias,Hombres de maíz,TITLE_AUTHOR,/works/OL38631359W,Hombres de maíz,Miguel Angel Asturias,/books/OL52788551M,Hombres de maíz,,spa,,Losada,1966,,,1.0,1.0,0.9,NOT_PROBED,,,,,REJECTED_CANDIDATE,
66,ES,LATIN_AMERICAN_CANON,1,Rómulo Gallegos,Doña Bárbara,BROAD,/works/OL1277046W,Doña Bárbara,Rómulo Gallegos,/books/OL17101420M,Doña Bárbara,,spa,9780307472304,Random House,2008,,9850833,1.0,1.0,0.9850000000000001,VALID_COVER,303,500,JPEG,data/audit/reconstruction-ES-candidate-covers/ES-066-OL17101420M.jpeg,USABLE_CANDIDATE,
66,ES,LATIN_AMERICAN_CANON,1,Rómulo Gallegos,Doña Bárbara,TITLE_AUTHOR,/works/OL1277035W,Doña Bárbara,Rómulo Gallegos,/books/OL22821571M,Dona Bárbara,,spa,,Fondo de Cultura Económica,1973,,,1.0,1.0,0.9,NOT_PROBED,,,,,REJECTED_CANDIDATE,
66,ES,LATIN_AMERICAN_CANON,1,Rómulo Gallegos,Doña Bárbara,TITLE_AUTHOR,/works/OL15934876W,Doña Barbara,Rómulo Gallegos,/books/OL24840952M,Doña Barbara,,eng | spa,9780844611945,Peter Smith,1948,,6857854,1.0,1.0,0.9850000000000001,VALID_COVER,350,500,JPEG,data/audit/reconstruction-ES-candidate-covers/ES-066-OL24840952M.jpeg,USABLE_CANDIDATE,
67,ES,LATIN_AMERICAN_CANON,1,José Eustasio Rivera,La vorágine,TITLE_AUTHOR,/works/OL10341971W,La vorágine,Jose Eustasio Rivera,/books/OL14419993M,La vorágine,,spa,8466001387,Biblioteca Ayacucho,1985,,5291169,1.0,1.0,0.9850000000000001,VALID_COVER,128,208,JPEG,data/audit/reconstruction-ES-candidate-covers/ES-067-OL14419993M.jpeg,USABLE_CANDIDATE,
67,ES,LATIN_AMERICAN_CANON,1,José Eustasio Rivera,La vorágine,TITLE_AUTHOR,/works/OL1933249W,La vorágine,Jose Eustasio Rivera,/books/OL1631053M,La vorágine,,spa,8437609356,Cátedra,1990,,2270418,1.0,1.0,0.9850000000000001,VALID_COVER,285,475,JPEG,data/audit/reconstruction-ES-candidate-covers/ES-067-OL1631053M.jpeg,USABLE_CANDIDATE,
67,ES,LATIN_AMERICAN_CANON,1,José Eustasio Rivera,La vorágine,TITLE_AUTHOR,/works/OL17799958W,La vorágine,Jose Eustasio Rivera,/books/OL26389510M,La vorágine,,spa,9586837602,Pontificia Universidad Javeriana,2005,,8083920,1.0,1.0,0.9850000000000001,VALID_COVER,128,269,JPEG,data/audit/reconstruction-ES-candidate-covers/ES-067-OL26389510M.jpeg,USABLE_CANDIDATE,
67,ES,LATIN_AMERICAN_CANON,1,José Eustasio Rivera,La vorágine,TITLE_AUTHOR,/works/OL17962628W,La vorágine. --,Jose Eustasio Rivera,/books/OL26554780M,La vorágine. --,,spa,,,1968,,10358933,1.0,1.0,0.93,VALID_COVER,278,500,JPEG,data/audit/reconstruction-ES-candidate-covers/ES-067-OL26554780M.jpeg,USABLE_CANDIDATE,
67,ES,LATIN_AMERICAN_CANON,1,José Eustasio Rivera,La vorágine,TITLE_AUTHOR,/works/OL43512134W,La vorágine,José Eustasio Rivera,/books/OL62142473M,La Vorágine,,spa,,Editorial Losada,1949,,,1.0,1.0,0.9,NOT_PROBED,,,,,REJECTED_CANDIDATE,
67,ES,LATIN_AMERICAN_CANON,1,José Eustasio Rivera,La vorágine,TITLE_AUTHOR,/works/OL8534633W,La Voragine / the Whirlpool,Jose Eustasio Rivera,/books/OL9150385M,La Voragine / the Whirlpool,,spa,9789583006708,Panamericana Editorial,September 2003,,8067917,0.95,1.0,0.9590000000000001,VALID_COVER,300,454,JPEG,data/audit/reconstruction-ES-candidate-covers/ES-067-OL9150385M.jpeg,USABLE_CANDIDATE,
68,ES,LATIN_AMERICAN_CANON,1,Horacio Quiroga,Cuentos de amor de locura y de muerte,TITLE_AUTHOR,/works/OL35749438W,Cuentos de Amor de Locura y de Muerte,Horacio Quiroga,/books/OL48272308M,"Cuentos de Amor, de Locura y de Muerte",,spa,9798714542732,Independently Published,2021,,,1.0,1.0,0.93,NOT_PROBED,,,,,REJECTED_CANDIDATE,
68,ES,LATIN_AMERICAN_CANON,1,Horacio Quiroga,Cuentos de amor de locura y de muerte,TITLE_AUTHOR,/works/OL830685W,Cuentos de amor,Horacio Quiroga,/books/OL5187026M,Cuentos de amor,"de locura, y de muerte.",spa,,Editorial Losada,1969,,6997323,1.0,1.0,0.9550000000000001,VALID_COVER,335,500,JPEG,data/audit/reconstruction-ES-candidate-covers/ES-068-OL5187026M.jpeg,USABLE_CANDIDATE,
68,ES,LATIN_AMERICAN_CANON,1,Horacio Quiroga,Cuentos de amor de locura y de muerte,TITLE_AUTHOR,/works/OL40780523W,"Cuentos de Amor, de Locura y de Muerte",Horacio Quiroga,/books/OL55893444M,"Cuentos de Amor, de Locura y de Muerte",,spa,9781547147687,CreateSpace Independent Publishing Platform,2017,,,1.0,1.0,0.93,NOT_PROBED,,,,,REJECTED_CANDIDATE,
68,ES,LATIN_AMERICAN_CANON,1,Horacio Quiroga,Cuentos de amor de locura y de muerte,TITLE_AUTHOR,/works/OL41478478W,"Cuentos de Amor, de Locura y de Muerte",Horacio Quiroga,/books/OL56372007M,"Cuentos de Amor, de Locura y de Muerte",,spa,9781545319376,CreateSpace Independent Publishing Platform,2017,,,1.0,1.0,0.93,NOT_PROBED,,,,,REJECTED_CANDIDATE,
69,ES,LATIN_AMERICAN_CANON,1,Horacio Quiroga,Cuentos de la selva,TITLE_AUTHOR,/works/OL830593W,Cuentos De LA Selva (Intemporales),Horacio Quiroga,/books/OL12952488M,Cuentos De LA Selva (Intemporales),,spa,9789500362689,Losada/Argentina,June 1999,,5229350,0.95,1.0,0.9590000000000001,VALID_COVER,128,195,JPEG,data/audit/reconstruction-ES-candidate-covers/ES-069-OL12952488M.jpeg,USABLE_CANDIDATE,
69,ES,LATIN_AMERICAN_CANON,1,Horacio Quiroga,Cuentos de la selva,TITLE_AUTHOR,/works/OL830650W,La Tortuga Gigante (Cuentos De La Selva),Horacio Quiroga,/books/OL12952714M,La Tortuga Gigante (Cuentos De La Selva),,spa,9789500392969,Losada,November 2004,,3344429,0.95,1.0,0.9590000000000001,VALID_COVER,500,488,JPEG,data/audit/reconstruction-ES-candidate-covers/ES-069-OL12952714M.jpeg,USABLE_CANDIDATE,
69,ES,LATIN_AMERICAN_CANON,1,Horacio Quiroga,Cuentos de la selva,TITLE_AUTHOR,/works/OL830719W,Cuentos de la selva,Horacio Quiroga,/books/OL13166878M,Cuentos De La Selva,,spa,9789806423862,Nacional El Editorial,April 2001,,5254906,1.0,1.0,0.9850000000000001,VALID_COVER,128,190,JPEG,data/audit/reconstruction-ES-candidate-covers/ES-069-OL13166878M.jpeg,USABLE_CANDIDATE,
69,ES,LATIN_AMERICAN_CANON,1,Horacio Quiroga,Cuentos de la selva,TITLE_AUTHOR,/works/OL830720W,Short stories,Horacio Quiroga,/books/OL22282279M,Nuevos cuentos de la selva,,spa,9879172132,Solaris,1997,,,0.95,1.0,0.904,NOT_PROBED,,,,,REJECTED_CANDIDATE,
69,ES,LATIN_AMERICAN_CANON,1,Horacio Quiroga,Cuentos de la selva,TITLE_AUTHOR,/works/OL29506796W,Horacio Quiroga - Cuentos de la Selva,Horacio Quiroga,/books/OL40611022M,Horacio Quiroga - Cuentos de la Selva,,spa,9781730859809,Independently Published,2018,,,0.95,1.0,0.904,NOT_PROBED,,,,,REJECTED_CANDIDATE,
69,ES,LATIN_AMERICAN_CANON,1,Horacio Quiroga,Cuentos de la selva,TITLE_AUTHOR,/works/OL30385907W,Horacio Quiroga - Cuentos de la Selva,Horacio Quiroga,/books/OL42009358M,Horacio Quiroga - Cuentos de la Selva,,spa,9781712755723,Independently Published,2019,,,0.95,1.0,0.904,NOT_PROBED,,,,,REJECTED_CANDIDATE,
69,ES,LATIN_AMERICAN_CANON,1,Horacio Quiroga,Cuentos de la selva,TITLE_AUTHOR,/works/OL39740438W,Cuentos de la Selva,Horacio Quiroga,/books/OL55185729M,Cuentos de la Selva,,spa,9781721728800,CreateSpace Independent Publishing Platform,2018,,,1.0,1.0,0.93,NOT_PROBED,,,,,REJECTED_CANDIDATE,
69,ES,LATIN_AMERICAN_CANON,1,Horacio Quiroga,Cuentos de la selva,TITLE_AUTHOR,/works/OL37987218W,Cuentos de la Selva,Horacio Quiroga | Alba Longa,/books/OL56304977M,Cuentos de la Selva,,spa,9781976438387,CreateSpace Independent Publishing Platform,2017,,,1.0,1.0,0.93,NOT_PROBED,,,,,REJECTED_CANDIDATE,
69,ES,LATIN_AMERICAN_CANON,1,Horacio Quiroga,Cuentos de la selva,TITLE_AUTHOR,/works/OL37380113W,Cuentos de la selva,Horacio Quiroga,/books/OL57129752M,Cuentos de la selva,,spa,,Ediciones de la Plaza,1978,,,1.0,1.0,0.9,NOT_PROBED,,,,,REJECTED_CANDIDATE,
70,ES,LATIN_AMERICAN_CANON,1,Rubén Darío,Azul...,TITLE_AUTHOR,/works/OL12957719W,Azul ..,Rubén Darío,/books/OL20136785M,Azul...,,spa,,Espasa-Calpe,1966,,,1.0,1.0,0.9,NOT_PROBED,,,,,REJECTED_CANDIDATE,
70,ES,LATIN_AMERICAN_CANON,1,Rubén Darío,Azul...,TITLE_AUTHOR,/works/OL30805159W,Azul,Rubén Darío,/books/OL42781247M,Azul,,spa,9780274650101,"Creative Media Partners, LLC",2018,,,1.0,1.0,0.93,NOT_PROBED,,,,,REJECTED_CANDIDATE,
70,ES,LATIN_AMERICAN_CANON,1,Rubén Darío,Azul...,TITLE_AUTHOR,/works/OL15239288W,Poems,Rubén Darío | Angel Battistessa | Angel J Battistessa | Corregidor,/books/OL550212M,Azul--,Cantos de vida y esperanza,spa,843761371X,Cátedra,1995,,4908535,1.0,1.0,0.9850000000000001,VALID_COVER,128,213,JPEG,data/audit/reconstruction-ES-candidate-covers/ES-070-OL550212M.jpeg,USABLE_CANDIDATE,
70,ES,LATIN_AMERICAN_CANON,1,Rubén Darío,Azul...,TITLE_AUTHOR,/works/OL40024797W,Azul,Rubén Darío,/books/OL55947567M,Azul,,spa,9781539785385,CreateSpace Independent Publishing Platform,2016,,,1.0,1.0,0.93,NOT_PROBED,,,,,REJECTED_CANDIDATE,
70,ES,LATIN_AMERICAN_CANON,1,Rubén Darío,Azul...,TITLE_AUTHOR,/works/OL8253141W,Azul...,Rubén Darío,/books/OL9131616M,Azul...,,spa,9788441413344,Edaf S.A.,"June 6, 2003",,2270570,1.0,1.0,0.9850000000000001,VALID_COVER,298,500,JPEG,data/audit/reconstruction-ES-candidate-covers/ES-070-OL9131616M.jpeg,USABLE_CANDIDATE,
71,ES,LATIN_AMERICAN_CANON,1,Rubén Darío,Prosas profanas,BROAD,/works/OL15239285W,Prosas profanas,Rubén Darío,/books/OL16819739M,Prosas profanas,,spa,,Editorial Mundo latino,1917,,6283173,1.0,1.0,0.9550000000000001,VALID_COVER,318,500,JPEG,data/audit/reconstruction-ES-candidate-covers/ES-071-OL16819739M.jpeg,USABLE_CANDIDATE,
71,ES,LATIN_AMERICAN_CANON,1,Rubén Darío,Prosas profanas,BROAD,/works/OL15239101W,Azul ; Prosas profanas,Rubén Darío,/books/OL17934439M,Azul ; Prosas profanas,,spa,8420512001,Alhambra,1985,,5388749,0.95,1.0,0.9590000000000001,VALID_COVER,128,191,JPEG,data/audit/reconstruction-ES-candidate-covers/ES-071-OL17934439M.jpeg,USABLE_CANDIDATE,
71,ES,LATIN_AMERICAN_CANON,1,Rubén Darío,Prosas profanas,BROAD,/works/OL15239288W,Poems,Rubén Darío | Angel Battistessa | Angel J Battistessa | Corregidor,/books/OL21299091M,Azul.,Prosas profanas.,spa,,"[Editorial ""Las grandes obras""",1900,,,0.95,1.0,0.874,NOT_PROBED,,,,,REJECTED_CANDIDATE,
71,ES,LATIN_AMERICAN_CANON,1,Rubén Darío,Prosas profanas,TITLE_ONLY,/works/OL17354582W,Prosas profanas y otros poemas,Rube n Dari o,/books/OL25932425M,Prosas profanas y otros poemas,,spa,,Libreri a de la V. de C. Bouret,1908,,7432252,0.95,0.9166666666666666,0.9073333333333333,VALID_COVER,308,500,JPEG,data/audit/reconstruction-ES-candidate-covers/ES-071-OL25932425M.jpeg,USABLE_CANDIDATE,
71,ES,LATIN_AMERICAN_CANON,1,Rubén Darío,Prosas profanas,BROAD,/works/OL29780771W,Ruben Dario - Prosas Profanas,Ruben Dario,/books/OL41130498M,Ruben Dario - Prosas Profanas,,spa,9781091142220,Independently Published,2019,,,0.95,1.0,0.904,NOT_PROBED,,,,,REJECTED_CANDIDATE,
71,ES,LATIN_AMERICAN_CANON,1,Rubén Darío,Prosas profanas,BROAD,/works/OL30425559W,Ruben Dario - Prosas Profanas,Ruben Dario,/books/OL41907771M,Ruben Dario - Prosas Profanas,,spa,9781710230321,Independently Published,2019,,,0.95,1.0,0.904,NOT_PROBED,,,,,REJECTED_CANDIDATE,
71,ES,LATIN_AMERICAN_CANON,1,Rubén Darío,Prosas profanas,BROAD,/works/OL29882676W,Ruben Dario - Prosas Profanas,Rubén Darío,/books/OL42075637M,Ruben Dario - Prosas Profanas,,spa,9798685676283,Independently Published,2020,,,0.95,1.0,0.904,NOT_PROBED,,,,,REJECTED_CANDIDATE,
71,ES,LATIN_AMERICAN_CANON,1,Rubén Darío,Prosas profanas,BROAD,/works/OL15239282W,Prosas profanas y otros poemas,Rubén Darío,/books/OL434923M,Prosas profanas y otros poemas,,spa,842397426X,Espasa Calpe,1998,,3748986,0.95,1.0,0.9590000000000001,VALID_COVER,128,209,JPEG,data/audit/reconstruction-ES-candidate-covers/ES-071-OL434923M.jpeg,USABLE_CANDIDATE,
71,ES,LATIN_AMERICAN_CANON,1,Rubén Darío,Prosas profanas,BROAD,/works/OL40376891W,Prosas Profanas,Rubén Darío,/books/OL54916352M,Prosas Profanas,,spa,9781544693521,CreateSpace Independent Publishing Platform,2017,,,1.0,1.0,0.93,NOT_PROBED,,,,,REJECTED_CANDIDATE,
71,ES,LATIN_AMERICAN_CANON,1,Rubén Darío,Prosas profanas,BROAD,/works/OL40918180W,Prosas Profanas,Ruben Dario | Maanto,/books/OL55603051M,Prosas Profanas,,spa,9781987492750,CreateSpace Independent Publishing Platform,2018,,,1.0,1.0,0.93,NOT_PROBED,,,,,REJECTED_CANDIDATE,
72,ES,LATIN_AMERICAN_CANON,1,Pablo Neruda,Veinte poemas de amor y una canción desesperada,BROAD,/works/OL979517W,Veinte poemas de amor y una canción desesperada,Pablo Neruda,/books/OL18371347M,Veinte poemas de amor y una cancion desesperada,,spa,8432203270,Seix Barral,1992,,15091373,1.0,1.0,0.9850000000000001,VALID_COVER,330,500,JPEG,data/audit/reconstruction-ES-candidate-covers/ES-072-OL18371347M.jpeg,USABLE_CANDIDATE,
72,ES,LATIN_AMERICAN_CANON,1,Pablo Neruda,Veinte poemas de amor y una canción desesperada,TITLE_AUTHOR,/works/OL42550151W,Veinte Poemas de Amor y una Canción Desesperada y Cien Sonetos de Amor / Twenty Love Poems and a Song of Despair and 100 Love Sonnets,Pablo Neruda,/books/OL57758732M,Veinte Poemas de Amor y una Canción Desesperada y Cien Sonetos de Amor / Twenty Love Poems and a Song of Despair and 100 Love Sonnets,,spa,9798890983107,Knopf Doubleday Publishing Group,2025,,,0.95,1.0,0.904,NOT_PROBED,,,,,REJECTED_CANDIDATE,
73,ES,LATIN_AMERICAN_CANON,1,Pablo Neruda,Residencia en la tierra,TITLE_AUTHOR,/works/OL14958704W,"Pablo Neruda, Héctor Eandi",Pablo Neruda,/books/OL3799360M,"Pablo Neruda, Héctor Eandi","correspondencia durante ""Residencia en la tierra""",spa,,Editorial Sudamericana,1980,,,0.95,1.0,0.874,NOT_PROBED,,,,,REJECTED_CANDIDATE,
73,ES,LATIN_AMERICAN_CANON,1,Pablo Neruda,Residencia en la tierra,TITLE_AUTHOR,/works/OL37446103W,Residencia en la tierra (1925-1935),Pablo Neruda,/books/OL50459007M,Residencia en la tierra (1925-1935),,spa,,Editorial Losada,1976,,,0.95,1.0,0.874,NOT_PROBED,,,,,REJECTED_CANDIDATE,
73,ES,LATIN_AMERICAN_CANON,1,Pablo Neruda,Residencia en la tierra,TITLE_AUTHOR,/works/OL979744W,Residencia en la tierra,Pablo Neruda,/books/OL5310011M,Residence on earth (Residencia en la tierra).,,eng | spa,0811204669,New Directions Pub. Corp.,1973,,4501403,1.0,1.0,0.9850000000000001,VALID_COVER,128,196,JPEG,data/audit/reconstruction-ES-candidate-covers/ES-073-OL5310011M.jpeg,USABLE_CANDIDATE,
73,ES,LATIN_AMERICAN_CANON,1,Pablo Neruda,Residencia en la tierra,TITLE_AUTHOR,/works/OL45195062W,Residencia en la tierra,Pablo Neruda,/books/OL61622608M,Residencia en la tierra,,spa,,Ediciones Ercilla,1939,,,1.0,1.0,0.9,NOT_PROBED,,,,,REJECTED_CANDIDATE,
74,ES,LATIN_AMERICAN_CANON,1,Gabriela Mistral,Desolación,TITLE_AUTHOR,/works/OL574386W,Poems,Gabriela Mistral,/books/OL15462921M,Desolacion ; Ternura ; Tala ; Lugar,,spa,9684322801,Editorial Porrua,1998,,5309026,0.95,1.0,0.9590000000000001,VALID_COVER,128,202,JPEG,data/audit/reconstruction-ES-candidate-covers/ES-074-OL15462921M.jpeg,USABLE_CANDIDATE,
74,ES,LATIN_AMERICAN_CANON,1,Gabriela Mistral,Desolación,TITLE_AUTHOR,/works/OL19979955W,Desolation,Gabriela Mistral,/books/OL27160104M,Desolation,a bilingual edition of Desolación (1923),eng | spa,9781891270246,Latin American Literary Review Press,2014,,,0.95,1.0,0.904,NOT_PROBED,,,,,REJECTED_CANDIDATE,
74,ES,LATIN_AMERICAN_CANON,1,Gabriela Mistral,Desolación,TITLE_AUTHOR,/works/OL574387W,Desolación,Gabriela Mistral,/books/OL2822647M,Desolación,,spa,968434144X,Premià Editora,1980,,,1.0,1.0,0.93,NOT_PROBED,,,,,REJECTED_CANDIDATE,
74,ES,LATIN_AMERICAN_CANON,1,Gabriela Mistral,Desolación,TITLE_AUTHOR,/works/OL24822235W,Desolación,Gabriela Mistral,/books/OL32986636M,Desolación,Ternura ; Tala ; Lagar,spa,,Editorial Porrúa,1973,,11618024,1.0,1.0,0.9550000000000001,VALID_COVER,305,500,JPEG,data/audit/reconstruction-ES-candidate-covers/ES-074-OL32986636M.jpeg,USABLE_CANDIDATE,
74,ES,LATIN_AMERICAN_CANON,1,Gabriela Mistral,Desolación,BROAD,/works/OL31937092W,Desolación,Gabriela Mistral,/books/OL43652757M,Desolación,[por] Gabriela Mistral [pseud.],spa,,Nascimento,1926,,,1.0,1.0,0.9,NOT_PROBED,,,,,REJECTED_CANDIDATE,
74,ES,LATIN_AMERICAN_CANON,1,Gabriela Mistral,Desolación,TITLE_AUTHOR,/works/OL38780885W,Desolación,Gabriela Mistral,/books/OL57864917M,Desolación,texto completo,spa,,Editorial Andrés Bello,1988,,,1.0,1.0,0.9,NOT_PROBED,,,,,REJECTED_CANDIDATE,
74,ES,LATIN_AMERICAN_CANON,1,Gabriela Mistral,Desolación,TITLE_AUTHOR,/works/OL45602006W,Desolacion,Gabriela Mistral,/books/OL62100551M,Desolacion,poemas,spa,,Instituto de las espanas en los Estados Unidos,1922,,,1.0,1.0,0.9,NOT_PROBED,,,,,REJECTED_CANDIDATE,
74,ES,LATIN_AMERICAN_CANON,1,Gabriela Mistral,Desolación,TITLE_AUTHOR,/works/OL574288W,Desolacion ; Ternura ; Tala ; Lagar,Gabriela Mistral,/books/OL9178380M,Desolacion ; Ternura ; Tala ; Lagar,,spa,9789700767604,Porrua,"Aug 15, 2016",,4926600,0.95,1.0,0.9590000000000001,VALID_COVER,128,199,JPEG,data/audit/reconstruction-ES-candidate-covers/ES-074-OL9178380M.jpeg,USABLE_CANDIDATE,
75,ES,LATIN_AMERICAN_CANON,1,Gabriela Mistral,Tala,TITLE_AUTHOR,/works/OL30660078W,Tala,Gabriela Mistral,/books/OL42143253M,Tala,Premio Nobel,spa,9798628313275,Independently Published,2020,,,1.0,1.0,0.93,NOT_PROBED,,,,,REJECTED_CANDIDATE,
75,ES,LATIN_AMERICAN_CANON,1,Gabriela Mistral,Tala,TITLE_AUTHOR,/works/OL31538462W,Tala,Gabriela Mistral,/books/OL43205176M,Tala,,spa,,Editorial Andres Bello,1979,,,1.0,1.0,0.9,NOT_PROBED,,,,,REJECTED_CANDIDATE,
75,ES,LATIN_AMERICAN_CANON,1,Gabriela Mistral,Tala,TITLE_AUTHOR,/works/OL42662452W,Tala,Gabriela Mistral,/books/OL59625252M,Tala,,spa,,Ercilla,1997,,,1.0,1.0,0.9,NOT_PROBED,,,,,REJECTED_CANDIDATE,
75,ES,LATIN_AMERICAN_CANON,1,Gabriela Mistral,Tala,TITLE_AUTHOR,/works/OL574385W,Tala,Gabriela Mistral,/books/OL6037428M,Tala,poemas,spa,,Editorial Losada,1946,,9725148,1.0,1.0,0.9550000000000001,VALID_COVER,308,500,JPEG,data/audit/reconstruction-ES-candidate-covers/ES-075-OL6037428M.jpeg,USABLE_CANDIDATE,
76,ES,LATIN_AMERICAN_CANON,1,César Vallejo,Los heraldos negros,TITLE_AUTHOR,/works/OL990914W,"Los heraldos negros, 1918",César Vallejo,/books/OL13534615M,"Los heraldos negros, 1918",,spa,,Editorial Losada,1966,,,0.95,1.0,0.874,NOT_PROBED,,,,,REJECTED_CANDIDATE,
76,ES,LATIN_AMERICAN_CANON,1,César Vallejo,Los heraldos negros,TITLE_AUTHOR,/works/OL990905W,Los heraldos negros ; Trilce,César Vallejo,/books/OL20100434M,"Los heraldos negros, Trilce.",,spa,8476682735,Laia,1989,,,0.95,1.0,0.904,NOT_PROBED,,,,,REJECTED_CANDIDATE,
76,ES,LATIN_AMERICAN_CANON,1,César Vallejo,Los heraldos negros,TITLE_AUTHOR,/works/OL24840660W,"Los heraldos negros, 1918",César Vallejo,/books/OL33014935M,"Los heraldos negros, 1918",,spa,,Losada,1961,,11673476,0.95,1.0,0.929,VALID_COVER,312,500,JPEG,data/audit/reconstruction-ES-candidate-covers/ES-076-OL33014935M.jpeg,USABLE_CANDIDATE,
76,ES,LATIN_AMERICAN_CANON,1,César Vallejo,Los heraldos negros,TITLE_AUTHOR,/works/OL30894380W,Los Heraldos Negros,César Vallejo,/books/OL42444257M,Los Heraldos Negros,,spa,9798691711282,Independently Published,2020,,,1.0,1.0,0.93,NOT_PROBED,,,,,REJECTED_CANDIDATE,
76,ES,LATIN_AMERICAN_CANON,1,César Vallejo,Los heraldos negros,TITLE_AUTHOR,/works/OL34911720W,Trilce,César Vallejo,/books/OL48768686M,Trilce,Los Heraldos Negros Obras Clasicas,spa,9798546237332,Independently Published,2021,,,0.95,1.0,0.904,NOT_PROBED,,,,,REJECTED_CANDIDATE,
76,ES,LATIN_AMERICAN_CANON,1,César Vallejo,Los heraldos negros,TITLE_AUTHOR,/works/OL38484652W,Los heraldos negros,César Vallejo,/books/OL52589866M,Los heraldos negros,,spa,,Perú Nuevo,1961,,,1.0,1.0,0.9,NOT_PROBED,,,,,REJECTED_CANDIDATE,
76,ES,LATIN_AMERICAN_CANON,1,César Vallejo,Los heraldos negros,TITLE_AUTHOR,/works/OL44890229W,Los heraldos negros,César Vallejo,/books/OL61265857M,Los heraldos negros,,spa,,Ediciones Peru,1962,,,1.0,1.0,0.9,NOT_PROBED,,,,,REJECTED_CANDIDATE,
76,ES,LATIN_AMERICAN_CANON,1,César Vallejo,Los heraldos negros,BROAD,/works/OL990923W,Heraldos negros,César Vallejo,/books/OL829170M,Los heraldos negros,,spa,8479790296,Anaya & M. Muchnik,1992,,3824706,1.0,1.0,0.9850000000000001,VALID_COVER,128,230,JPEG,data/audit/reconstruction-ES-candidate-covers/ES-076-OL829170M.jpeg,USABLE_CANDIDATE,
76,ES,LATIN_AMERICAN_CANON,1,César Vallejo,Los heraldos negros,TITLE_AUTHOR,/works/OL284896W,Los Heraldos Negros,César Vallejo,/books/OL9576195M,Los Heraldos Negros,,spa,9788437616698,Catedra,"January 1, 1998",,4990237,1.0,1.0,0.9850000000000001,VALID_COVER,128,221,JPEG,data/audit/reconstruction-ES-candidate-covers/ES-076-OL9576195M.jpeg,USABLE_CANDIDATE,
77,ES,LATIN_AMERICAN_CANON,1,César Vallejo,Trilce,TITLE_AUTHOR,/works/OL990922W,Trilce,César Vallejo,/books/OL1710586M,Trilce,,eng | spa,1878818120,Sheep Meadow Press,1992,,924846,1.0,1.0,0.9850000000000001,VALID_COVER,307,475,JPEG,data/audit/reconstruction-ES-candidate-covers/ES-077-OL1710586M.jpeg,USABLE_CANDIDATE,
77,ES,LATIN_AMERICAN_CANON,1,César Vallejo,Trilce,TITLE_AUTHOR,/works/OL990905W,Los heraldos negros ; Trilce,César Vallejo,/books/OL17433142M,heraldos negros ; Trilce,,spa,,Ediciones Peisa,1974,,,0.95,1.0,0.874,NOT_PROBED,,,,,REJECTED_CANDIDATE,
77,ES,LATIN_AMERICAN_CANON,1,César Vallejo,Trilce,TITLE_AUTHOR,/works/OL990923W,Heraldos negros,César Vallejo,/books/OL18483211M,Los heraldos negros.,Trilce,spa,,El Bardo,1972,,,0.95,1.0,0.874,NOT_PROBED,,,,,REJECTED_CANDIDATE,
77,ES,LATIN_AMERICAN_CANON,1,César Vallejo,Trilce,TITLE_AUTHOR,/works/OL16917181W,Trilce,César Vallejo,/books/OL25535282M,Trilce,,spa,9788498974829,Linkgua Ediciones S.L.,2009,,9737144,1.0,1.0,0.9850000000000001,VALID_COVER,351,500,JPEG,data/audit/reconstruction-ES-candidate-covers/ES-077-OL25535282M.jpeg,USABLE_CANDIDATE,
77,ES,LATIN_AMERICAN_CANON,1,César Vallejo,Trilce,TITLE_AUTHOR,/works/OL37017242W,Trilce,César Vallejo,/books/OL49971451M,Trilce,,eng | que | spa,9789972236389,"Universidad Ricardo Palma, Editorial Universitaria",2008,,,1.0,1.0,0.93,NOT_PROBED,,,,,REJECTED_CANDIDATE,
77,ES,LATIN_AMERICAN_CANON,1,César Vallejo,Trilce,TITLE_AUTHOR,/works/OL40159390W,Trilce,César Vallejo,/books/OL54646685M,Trilce,,spa,9781530753048,CreateSpace Independent Publishing Platform,2016,,,1.0,1.0,0.93,NOT_PROBED,,,,,REJECTED_CANDIDATE,
78,ES,LATIN_AMERICAN_CANON,1,Octavio Paz,El laberinto de la soledad,TITLE_AUTHOR,/works/OL743255W,El laberinto de la soledad,Octavio Paz,/books/OL13241483M,El Laberinto De LA Soledad,,spa,9788437501789,Lectorum Pubns Inc (J),June 1983,,3327237,1.0,1.0,0.9850000000000001,VALID_COVER,303,475,JPEG,data/audit/reconstruction-ES-candidate-covers/ES-078-OL13241483M.jpeg,USABLE_CANDIDATE,
78,ES,LATIN_AMERICAN_CANON,1,Octavio Paz,El laberinto de la soledad,TITLE_AUTHOR,/works/OL743246W,Essays,Octavio Paz,/books/OL16531423M,El laberinto de la soledad ; Posdata ; Vuelta a El laberinto de la soledad,,spa,9681607899,"Fondo de Cultura Economica, 1981.",1981,,5343164,0.95,1.0,0.9590000000000001,VALID_COVER,128,184,JPEG,data/audit/reconstruction-ES-candidate-covers/ES-078-OL16531423M.jpeg,USABLE_CANDIDATE,
78,ES,LATIN_AMERICAN_CANON,1,Octavio Paz,El laberinto de la soledad,TITLE_AUTHOR,/works/OL743252W,The Labyrinth of Solitude,Octavio Paz,/books/OL23069270M,"El laberinto de la soledad ; con, Postdata ; y, Vuelta a El laberinto de la soledad",,spa,9681663047,Fondo de Cultura Económica,2000,,,0.95,1.0,0.904,NOT_PROBED,,,,,REJECTED_CANDIDATE,
78,ES,LATIN_AMERICAN_CANON,1,Octavio Paz,El laberinto de la soledad,TITLE_AUTHOR,/works/OL20655061W,El laberinto de la soledad,Octavio Paz,/books/OL27928995M,El laberinto de la soledad,,spa,,Fondo de Cultura Económica,1976,,9306051,1.0,1.0,0.9550000000000001,VALID_COVER,300,500,JPEG,data/audit/reconstruction-ES-candidate-covers/ES-078-OL27928995M.jpeg,USABLE_CANDIDATE,
78,ES,LATIN_AMERICAN_CANON,1,Octavio Paz,El laberinto de la soledad,TITLE_AUTHOR,/works/OL20953052W,El laberinto de la soledad,Octavio Paz,/books/OL28386665M,El laberinto de la soledad,"postdata ; vuelta a ""el laberinto de la soledad""",spa,9786071601476,Fondo De Cultura Económica,2009,,13780220,1.0,1.0,0.9850000000000001,VALID_COVER,312,500,JPEG,data/audit/reconstruction-ES-candidate-covers/ES-078-OL28386665M.jpeg,USABLE_CANDIDATE,
78,ES,LATIN_AMERICAN_CANON,1,Octavio Paz,El laberinto de la soledad,TITLE_AUTHOR,/works/OL33265115W,El laberinto de la soledad,Octavio Paz,/books/OL50302837M,EL LABERINTO DE LA SOLEDAD,"POSDATA, VUELTA A EL LABERINTO DE LA SOLEDAD",spa,,Fondo de Cultura Económica,1981,,,1.0,1.0,0.9,NOT_PROBED,,,,,REJECTED_CANDIDATE,
78,ES,LATIN_AMERICAN_CANON,1,Octavio Paz,El laberinto de la soledad,TITLE_AUTHOR,/works/OL742966W,El Laberinto De LA Soledad/Postdata/Vuelta a El Laberinto De LA Soledad (Coleccion Popular),Octavio Paz,/books/OL9172530M,El Laberinto De LA Soledad/Postdata/Vuelta a El Laberinto De LA Soledad (Coleccion Popular),,spa,9789681639372,"Fondo de Cultura Economica, Mexico",August 1995,,1053913,0.95,1.0,0.9590000000000001,VALID_COVER,312,475,JPEG,data/audit/reconstruction-ES-candidate-covers/ES-078-OL9172530M.jpeg,USABLE_CANDIDATE,
79,ES,LATIN_AMERICAN_CANON,1,Octavio Paz,Piedra de sol,TITLE_AUTHOR,/works/OL743248W,Piedra de sol,Octavio Paz,/books/OL1550306M,Sunstone =,Piedra de sol,eng | spa,0811211975,New Directions Pub. Corp.,1991,,4704563,1.0,1.0,0.9850000000000001,VALID_COVER,128,169,JPEG,data/audit/reconstruction-ES-candidate-covers/ES-079-OL1550306M.jpeg,USABLE_CANDIDATE,
79,ES,LATIN_AMERICAN_CANON,1,Octavio Paz,Piedra de sol,TITLE_AUTHOR,/works/OL11024123W,Piedra de sol. The sun stone,Octavio Paz,/books/OL21921420M,Piedra de sol. The sun stone,,spa,0950081701,Cosmos Publications,1969,,13267313,0.95,1.0,0.9590000000000001,VALID_COVER,404,500,JPEG,data/audit/reconstruction-ES-candidate-covers/ES-079-OL21921420M.jpeg,USABLE_CANDIDATE,
79,ES,LATIN_AMERICAN_CANON,1,Octavio Paz,Piedra de sol,TITLE_AUTHOR,/works/OL28810999W,Lecturas de Piedra de Sol,Octavio Paz,/books/OL39570557M,Lecturas de Piedra de Sol,Edición Conmemorativa del Poema de Octavio Paz,spa,9789681685195,Fondo de Cultura Economica,2007,,,0.95,1.0,0.904,NOT_PROBED,,,,,REJECTED_CANDIDATE,
80,ES,LATIN_AMERICAN_CANON,1,José Martí,Versos sencillos,TITLE_AUTHOR,/works/OL858781W,Ismaelillo,José Martí | Ivan A. Schulman,/books/OL18792005M,Ismaelillo,Versos libres ; Versos sencillos,spa,8437603676,Catedra,1999,,5435613,0.95,1.0,0.9590000000000001,VALID_COVER,128,207,JPEG,data/audit/reconstruction-ES-candidate-covers/ES-080-OL18792005M.jpeg,USABLE_CANDIDATE,
80,ES,LATIN_AMERICAN_CANON,1,José Martí,Versos sencillos,TITLE_AUTHOR,/works/OL10342126W,Versos sencillos,José Martí,/books/OL22995735M,Versos sencillos,,spa,9591000731,Editorial Letras Cubanas,1993,,14585816,1.0,1.0,0.9850000000000001,VALID_COVER,306,500,JPEG,data/audit/reconstruction-ES-candidate-covers/ES-080-OL22995735M.jpeg,USABLE_CANDIDATE,
80,ES,LATIN_AMERICAN_CANON,1,José Martí,Versos sencillos,TITLE_AUTHOR,/works/OL10342128W,Ismaelillo,José Martí,/books/OL23063838M,Ismaelillo ; Versos libres ; Versos sencillos,,spa,8489163391,JM ediciones,1999,,,0.95,1.0,0.904,NOT_PROBED,,,,,REJECTED_CANDIDATE,
80,ES,LATIN_AMERICAN_CANON,1,José Martí,Versos sencillos,TITLE_AUTHOR,/works/OL23338767W,Ismaelillo,José Martí,/books/OL31189380M,Ismaelillo,Versos libres ; Versos sencillos,spa,9788436267433,Universidad Nacional de Educación a Distancia,2014,,,0.95,1.0,0.904,NOT_PROBED,,,,,REJECTED_CANDIDATE,
80,ES,LATIN_AMERICAN_CANON,1,José Martí,Versos sencillos,TITLE_AUTHOR,/works/OL33166534W,Versos sencillos,José Martí,/books/OL45047809M,Versos sencillos,,spa,,Florida International University,1991,,,1.0,1.0,0.9,NOT_PROBED,,,,,REJECTED_CANDIDATE,
80,ES,LATIN_AMERICAN_CANON,1,José Martí,Versos sencillos,TITLE_AUTHOR,/works/OL858784W,Versos sencillos,José Martí | Manuel A. Tellechea | Anne Fountain,/books/OL675972M,Versos sencillos =,Simple verses,eng | spa,9781558852181,Arte Público Press,1997,,785717,1.0,1.0,0.9850000000000001,VALID_COVER,306,475,JPEG,data/audit/reconstruction-ES-candidate-covers/ES-080-OL675972M.jpeg,USABLE_CANDIDATE,
80,ES,LATIN_AMERICAN_CANON,1,José Martí,Versos sencillos,BROAD,/works/OL7503480W,Versos sencillos,José Martí,/books/OL8139325M,Versos Sencillos,A Dual-language Edition,spa,9780786423866,McFarland & Company,"August 30, 2005",,542162,1.0,1.0,0.9850000000000001,VALID_COVER,334,500,JPEG,data/audit/reconstruction-ES-candidate-covers/ES-080-OL8139325M.jpeg,USABLE_CANDIDATE,
81,ES,LATIN_AMERICAN_CANON,1,José Martí,Nuestra América,TITLE_AUTHOR,/works/OL7503488W,Nuestra América,José Martí,/books/OL11756130M,Nuestra América,Volumen 3,spa,9781414700953,Athena Books,"June 10, 2004",,2785924,1.0,1.0,0.9850000000000001,VALID_COVER,333,500,JPEG,data/audit/reconstruction-ES-candidate-covers/ES-081-OL11756130M.jpeg,USABLE_CANDIDATE,
81,ES,LATIN_AMERICAN_CANON,1,José Martí,Nuestra América,TITLE_AUTHOR,/works/OL10441763W,Nuestra America,José Martí,/books/OL13914531M,Nuestra America,,spa,,"Universidad Nacional Auto noma de Me xico, Centro de Estudios Latinoamericanos",1978,,,1.0,1.0,0.9,NOT_PROBED,,,,,REJECTED_CANDIDATE,
81,ES,LATIN_AMERICAN_CANON,1,José Martí,Nuestra América,BROAD,/works/OL7503488W,Nuestra América,José Martí,/books/OL16583143M,Nuestra América,,spa,,Biblioteca Ayacucho,1985,,,1.0,1.0,0.9,NOT_PROBED,,,,,REJECTED_CANDIDATE,
81,ES,LATIN_AMERICAN_CANON,1,José Martí,Nuestra América,TITLE_AUTHOR,/works/OL858707W,Nuestra America,José Martí,/books/OL20901350M,Nuestra America.,,spa,,Ediciones Ariel,1970,,,1.0,1.0,0.9,NOT_PROBED,,,,,REJECTED_CANDIDATE,
81,ES,LATIN_AMERICAN_CANON,1,José Martí,Nuestra América,TITLE_AUTHOR,/works/OL10342130W,Nuestra América,José Martí,/books/OL22142269M,Nuestra América.,,spa,,Editorial Losada,1939,,,1.0,1.0,0.9,NOT_PROBED,,,,,REJECTED_CANDIDATE,
81,ES,LATIN_AMERICAN_CANON,1,José Martí,Nuestra América,TITLE_AUTHOR,/works/OL858774W,Política de nuestra América,José Martí,/books/OL22347229M,Política de nuestra América,,spa,9682306108,Siglo Veintiuno,1989,,5246489,0.95,1.0,0.9590000000000001,VALID_COVER,128,200,JPEG,data/audit/reconstruction-ES-candidate-covers/ES-081-OL22347229M.jpeg,USABLE_CANDIDATE,
81,ES,LATIN_AMERICAN_CANON,1,José Martí,Nuestra América,TITLE_AUTHOR,/works/OL22628429W,José Martí,José Martí,/books/OL30652951M,José Martí,nuestra América combate,spa | eng,9789592710894,Centro de Estudios Martianos,2009,,,0.95,1.0,0.904,NOT_PROBED,,,,,REJECTED_CANDIDATE,
81,ES,LATIN_AMERICAN_CANON,1,José Martí,Nuestra América,TITLE_AUTHOR,/works/OL858785W,Nuestra América,José Martí,/books/OL4458890M,Nuestra América,,spa,,Biblioteca Ayacucho,1977,,6724717,1.0,1.0,0.9550000000000001,VALID_COVER,334,500,JPEG,data/audit/reconstruction-ES-candidate-covers/ES-081-OL4458890M.jpeg,USABLE_CANDIDATE,
81,ES,LATIN_AMERICAN_CANON,1,José Martí,Nuestra América,TITLE_AUTHOR,/works/OL33232961W,Por nuestra América,José Martí,/books/OL50397272M,Por nuestra américa,,spa,,El Buho,1986,,,0.95,1.0,0.874,NOT_PROBED,,,,,REJECTED_CANDIDATE,
82,ES,LATIN_AMERICAN_CANON,1,Adolfo Bioy Casares,La invención de Morel,BROAD,/works/OL20252511M,La invención de Morel,Adolfo Bioy Casares,/books/OL20252511M,La invención de Morel,novela.,spa,,Emecé,1968,,,1.0,1.0,0.9,NOT_PROBED,,,,,REJECTED_CANDIDATE,
82,ES,LATIN_AMERICAN_CANON,1,Adolfo Bioy Casares,La invención de Morel,BROAD,/works/OL14944402W,La invención de Morel ; El gran serafín,Adolfo Bioy Casares,/books/OL3094701M,La invención de Morel ; El gran serafín,,spa,8437603390,Cátedra,1982,,1047456,0.95,1.0,0.9590000000000001,VALID_COVER,312,500,JPEG,data/audit/reconstruction-ES-candidate-covers/ES-082-OL3094701M.jpeg,USABLE_CANDIDATE,
82,ES,LATIN_AMERICAN_CANON,1,Adolfo Bioy Casares,La invención de Morel,BROAD,/works/OL14944491W,La invención de Morel,Adolfo Bioy Casares,/books/OL32114260M,La invención de Morel,,spa,9789500426831,Emecé,2005,,10774384,1.0,1.0,0.9850000000000001,VALID_COVER,292,500,JPEG,data/audit/reconstruction-ES-candidate-covers/ES-082-OL32114260M.jpeg,USABLE_CANDIDATE,
82,ES,LATIN_AMERICAN_CANON,1,Adolfo Bioy Casares,La invención de Morel,BROAD,/works/OL45575102W,La invención de morel / Plan de evasión / La trama celeste,Adolfo Bioy Casares,/books/OL62069667M,La invención de morel / Plan de evasión / La trama celeste,,spa,,Biblioteca Ayacucho,2002,,15224418,0.95,1.0,0.929,VALID_COVER,322,500,JPEG,data/audit/reconstruction-ES-candidate-covers/ES-082-OL62069667M.jpeg,USABLE_CANDIDATE,
83,ES,LATIN_AMERICAN_CANON,1,Silvina Ocampo,La furia,TITLE_AUTHOR,/works/OL877128W,La furia y otros cuentos/ The Fury and Other Stories,Silvina Ocampo,/books/OL12956463M,La furia y otros cuentos/ The Fury and Other Stories,,spa,9789500727846,Sudamericana,"November 30, 2006",,3345418,0.95,1.0,0.9590000000000001,VALID_COVER,328,500,JPEG,data/audit/reconstruction-ES-candidate-covers/ES-083-OL12956463M.jpeg,USABLE_CANDIDATE,
83,ES,LATIN_AMERICAN_CANON,1,Silvina Ocampo,La furia,TITLE_AUTHOR,/works/OL877127W,La furia y altros cuentos,Silvina Ocampo,/books/OL13862547M,La furia y altros cuentos.,,spa,,Alianza,1982,,,0.95,1.0,0.874,NOT_PROBED,,,,,REJECTED_CANDIDATE,
83,ES,LATIN_AMERICAN_CANON,1,Silvina Ocampo,La furia,TITLE_AUTHOR,/works/OL877162W,La furia y otros cuentos,Silvina Ocampo,/books/OL17741850M,La furia y otros cuentos,,spa,8420630845,Alianza Editorial,1996,,5381758,0.95,1.0,0.9590000000000001,VALID_COVER,128,175,JPEG,data/audit/reconstruction-ES-candidate-covers/ES-083-OL17741850M.jpeg,USABLE_CANDIDATE,
84,ES,LATIN_AMERICAN_CANON,1,Ernesto Sábato,El túnel,BROAD,/works/OL31698831W,El túnel / Sobre héroes y tumbas,Ernesto Sabato,/books/OL43384183M,El túnel / Sobre héroes y tumbas,vol 19,spa,8432224197,Seix Barral,1985,,13028842,0.95,1.0,0.9590000000000001,VALID_COVER,326,500,JPEG,data/audit/reconstruction-ES-candidate-covers/ES-084-OL43384183M.jpeg,USABLE_CANDIDATE,
85,ES,LATIN_AMERICAN_CANON,1,Ernesto Sábato,Sobre héroes y tumbas,TITLE_AUTHOR,/works/OL31698831W,El túnel / Sobre héroes y tumbas,Ernesto Sabato,/books/OL43384183M,El túnel / Sobre héroes y tumbas,vol 19,spa,8432224197,Seix Barral,1985,,13028842,0.95,1.0,0.9590000000000001,VALID_COVER,326,500,JPEG,data/audit/reconstruction-ES-candidate-covers/ES-085-OL43384183M.jpeg,USABLE_CANDIDATE,
85,ES,LATIN_AMERICAN_CANON,1,Ernesto Sábato,Sobre héroes y tumbas,TITLE_AUTHOR,/works/OL38521749W,Un dios desconocido ; Romance de la muerte de Juan Lavalle,Ernesto Sabato,/books/OL52420082M,Un dios desconocido ; Romance de la muerte de Juan Lavalle,de Sobre héroes y tumbas,spa,,A. Dabini,1980,,,0.95,1.0,0.874,NOT_PROBED,,,,,REJECTED_CANDIDATE,
86,ES,LATIN_AMERICAN_CANON,1,Augusto Roa Bastos,Yo el Supremo,TITLE_AUTHOR,/works/OL10992051W,Textos sobre el texto,"Seminario sobre ""Yo el Supremo"" de Augusto Roa Bastos (2nd 1977 Universite  de Poitiers)",/books/OL14352974M,Textos sobre el texto,"2o Seminario sobre ""Yo el Supremo"" de Augusto Roa Bastos, realizado en abril de 1977 bajo la direccio n del Prof. Alain Sicard.",spa,,"Universite  de Poitiers, Centre de Recherches Latino-Ame ricaines",1980,,,0.95,0.95,0.861,NOT_PROBED,,,,,REJECTED_CANDIDATE,
86,ES,LATIN_AMERICAN_CANON,1,Augusto Roa Bastos,Yo el Supremo,BROAD,/works/OL18998726W,Augusto Roa Bastos,Augusto Antonio Roa Bastos,/books/OL16355614M,Augusto Roa Bastos,"la obra posterior a ""Yo el supremo"" : coloquio internacional, [Universidad de Poitiers, febrero de 1996]",fre | spa,2910050076,"Centre de recherches latino-américaines, Université de Poitiers",1999,,,0.95,0.8181818181818182,0.8567272727272728,NOT_PROBED,,,,,REJECTED_CANDIDATE,
86,ES,LATIN_AMERICAN_CANON,1,Augusto Roa Bastos,Yo el Supremo,BROAD,/works/OL1673983W,"Yo, el Supremo",Augusto Antonio Roa Bastos,/books/OL1823063M,Yo el supremo,,spa,8437604222,Cátedra,1983,,4909540,1.0,0.8181818181818182,0.9377272727272729,VALID_COVER,128,212,JPEG,data/audit/reconstruction-ES-candidate-covers/ES-086-OL1823063M.jpeg,USABLE_CANDIDATE,
86,ES,LATIN_AMERICAN_CANON,1,Augusto Roa Bastos,Yo el Supremo,TITLE_AUTHOR,/works/OL12961581W,"Seminario sobre 'Yo el Supremo' de Augusto Roa Bastos, organizado en abril de 1976",Seminario sobre 'Yo el Supremo' de Augusto Roa Bastos (1976 Université de Poitiers),/books/OL20011851M,"Seminario sobre 'Yo el Supremo' de Augusto Roa Bastos, organizado en abril de 1976.",,spa,,"Université de Poitiers, Centre de Recherches Latino-Américaines",1976,,,0.95,0.95,0.861,NOT_PROBED,,,,,REJECTED_CANDIDATE,
86,ES,LATIN_AMERICAN_CANON,1,Augusto Roa Bastos,Yo el Supremo,TITLE_ONLY,/works/OL10443984W,Yo el supremo,Augusto Antonio Roa Bastos | Milagros Ezquerro | Iris Giménez,/books/OL22623656M,Yo el supremo,,spa,8437604222,Catedra,1987,,4909542,1.0,0.8181818181818182,0.9377272727272729,VALID_COVER,128,212,JPEG,data/audit/reconstruction-ES-candidate-covers/ES-086-OL22623656M.jpeg,USABLE_CANDIDATE,
86,ES,LATIN_AMERICAN_CANON,1,Augusto Roa Bastos,Yo el Supremo,TITLE_ONLY,/works/OL17000062W,"Yo, el Supremo",Augusto Antonio Roa Bastos,/books/OL25574269M,"Yo, el Supremo",,spa,9789681320058,Diana,1990,,9574731,1.0,0.8181818181818182,0.9377272727272729,VALID_COVER,303,500,JPEG,data/audit/reconstruction-ES-candidate-covers/ES-086-OL25574269M.jpeg,USABLE_CANDIDATE,
86,ES,LATIN_AMERICAN_CANON,1,Augusto Roa Bastos,Yo el Supremo,TITLE_AUTHOR,/works/OL19744887W,"Yo, el Supremo",Augusto Roa Bastos,/books/OL26957954M,"Yo, el Supremo",,spa,9788420479774,Real Academia Española,2017,,14537201,1.0,1.0,0.9850000000000001,VALID_COVER,287,500,JPEG,data/audit/reconstruction-ES-candidate-covers/ES-086-OL26957954M.jpeg,USABLE_CANDIDATE,
86,ES,LATIN_AMERICAN_CANON,1,Augusto Roa Bastos,Yo el Supremo,TITLE_ONLY,/works/OL19912036W,"Yo, el Supremo",Augusto Antonio Roa Bastos,/books/OL27096636M,"Yo, el Supremo",,spa,9788483465516,Debolsillo,2008,,8736349,1.0,0.8181818181818182,0.9377272727272729,VALID_COVER,354,500,JPEG,data/audit/reconstruction-ES-candidate-covers/ES-086-OL27096636M.jpeg,USABLE_CANDIDATE,
86,ES,LATIN_AMERICAN_CANON,1,Augusto Roa Bastos,Yo el Supremo,TITLE_ONLY,/works/OL23751304W,Yo el supremo,Augusto Antonio Roa Bastos,/books/OL3987194M,Yo el supremo,La tierra sin mal,spa,,Editorial El Lector,1998,,,1.0,0.8181818181818182,0.8527272727272728,NOT_PROBED,,,,,REJECTED_CANDIDATE,
86,ES,LATIN_AMERICAN_CANON,1,Augusto Roa Bastos,Yo el Supremo,TITLE_AUTHOR,/works/OL6501743W,"Seminario sobre Yo, el Supremo de Augusto Roa Bastos","Seminario sobre Yo, el Supremo de Augusto Roa Bastos Université de Poitiers 1976.",/books/OL4331612M,"Seminario sobre Yo, el Supremo de Augusto Roa Bastos",,spa,,Centre de recherches latino-américaines de l'Université de Poitiers,1976,,9450561,0.95,0.95,0.916,VALID_COVER,338,500,JPEG,data/audit/reconstruction-ES-candidate-covers/ES-086-OL4331612M.jpeg,USABLE_CANDIDATE,
86,ES,LATIN_AMERICAN_CANON,1,Augusto Roa Bastos,Yo el Supremo,BROAD,/works/OL7975934W,Yo El Supremo,Augusto Antonio Roa Bastos,/books/OL9391870M,Yo El Supremo,,spa,9789500702775,Aims Intl Books Corp,January 1992,,,1.0,0.8181818181818182,0.8827272727272728,NOT_PROBED,,,,,REJECTED_CANDIDATE,
87,ES,LATIN_AMERICAN_CANON,1,Carlos Fuentes,La muerte de Artemio Cruz,TITLE_AUTHOR,/works/OL872098W,La Muerte de Artemio Cruz,Carlos Fuentes,/books/OL13118176M,La Muerte de Artemio Cruz,,spa,9789681907266,Santillana USA Publishing Company,June 2001,,10659909,1.0,1.0,0.9850000000000001,VALID_COVER,329,500,JPEG,data/audit/reconstruction-ES-candidate-covers/ES-087-OL13118176M.jpeg,USABLE_CANDIDATE,
87,ES,LATIN_AMERICAN_CANON,1,Carlos Fuentes,La muerte de Artemio Cruz,TITLE_AUTHOR,/works/OL11015368W,La muerte de Artemio Cruz / Aura,Carlos Fuentes,/books/OL15573824M,La muerte de Artemio Cruz / Aura,Aura,spa,9802761125,Biblioteca Ayacucho,1990,,5314209,0.95,1.0,0.9590000000000001,VALID_COVER,128,206,JPEG,data/audit/reconstruction-ES-candidate-covers/ES-087-OL15573824M.jpeg,USABLE_CANDIDATE,
87,ES,LATIN_AMERICAN_CANON,1,Carlos Fuentes,La muerte de Artemio Cruz,TITLE_AUTHOR,/works/OL19669755W,La muerte de Artemio Cruz,Carlos Fuentes,/books/OL26888084M,La muerte de Artemio Cruz,,spa,,Fondo de Cultura Económica,1970,,,1.0,1.0,0.9,NOT_PROBED,,,,,REJECTED_CANDIDATE,
87,ES,LATIN_AMERICAN_CANON,1,Carlos Fuentes,La muerte de Artemio Cruz,TITLE_AUTHOR,/works/OL24277130W,La muerte de Artemio Cruz,Carlos Fuentes,/books/OL32114680M,La muerte de Artemio Cruz,,spa,9789870407256,"Distribuidora y Editora Aguilar, Altea, Taurus, Alfaguara",2007,,10774817,1.0,1.0,0.9850000000000001,VALID_COVER,304,500,JPEG,data/audit/reconstruction-ES-candidate-covers/ES-087-OL32114680M.jpeg,USABLE_CANDIDATE,
87,ES,LATIN_AMERICAN_CANON,1,Carlos Fuentes,La muerte de Artemio Cruz,TITLE_AUTHOR,/works/OL38759799W,La muerte de Artemio Cruz,Carlos Fuentes,/books/OL52769708M,La muerte de Artemio Cruz,,spa,,Fondo de Cultura Económica,1987,,,1.0,1.0,0.9,NOT_PROBED,,,,,REJECTED_CANDIDATE,
87,ES,LATIN_AMERICAN_CANON,1,Carlos Fuentes,La muerte de Artemio Cruz,TITLE_AUTHOR,/works/OL872224W,La muerte de Artemio Cruz,Carlos Fuentes,/books/OL5903643M,La muerte de Artemio Cruz,,spa | eng,,Fondo de Cultura Económica,1962,,14921984,1.0,1.0,0.9550000000000001,VALID_COVER,324,500,JPEG,data/audit/reconstruction-ES-candidate-covers/ES-087-OL5903643M.jpeg,USABLE_CANDIDATE,
87,ES,LATIN_AMERICAN_CANON,1,Carlos Fuentes,La muerte de Artemio Cruz,TITLE_AUTHOR,/works/OL872099W,La muerte de Artemio Cruz,Carlos Fuentes,/books/OL9130458M,La muerte de Artemio Cruz,,spa,9788437613932,Ediciones Catedra S.A.,November 2004,,2270440,1.0,1.0,0.9850000000000001,VALID_COVER,282,475,JPEG,data/audit/reconstruction-ES-candidate-covers/ES-087-OL9130458M.jpeg,USABLE_CANDIDATE,
88,ES,LATIN_AMERICAN_CANON,1,Carlos Fuentes,Aura,TITLE_AUTHOR,/works/OL872225W,Aura,Carlos Fuentes,/books/OL7424009M,Aura,,eng | spa,9780374511715,"Farrar, Straus and Giroux",1986,,224610,1.0,1.0,0.9850000000000001,VALID_COVER,311,475,JPEG,data/audit/reconstruction-ES-candidate-covers/ES-088-OL7424009M.jpeg,USABLE_CANDIDATE,
89,ES,LATIN_AMERICAN_CANON,1,José Donoso,El obsceno pájaro de la noche,BROAD,/works/OL477451W,El lugar sin límites ; El obsceno pájaro de la noche,José Donoso,/books/OL1322504M,El lugar sin límites ; El obsceno pájaro de la noche,,spa,,Biblioteca Ayacucho,1990,,,0.95,1.0,0.874,NOT_PROBED,,,,,REJECTED_CANDIDATE,
89,ES,LATIN_AMERICAN_CANON,1,José Donoso,El obsceno pájaro de la noche,TITLE_AUTHOR,/works/OL477451W,El lugar sin límites ; El obsceno pájaro de la noche,José Donoso,/books/OL1326932M,El lugar sin límites ; El obsceno pájaro de la noche,,spa,9802761265,Biblioteca Ayacucho,1990,,3921550,0.95,1.0,0.9590000000000001,VALID_COVER,128,211,JPEG,data/audit/reconstruction-ES-candidate-covers/ES-089-OL1326932M.jpeg,USABLE_CANDIDATE,
89,ES,LATIN_AMERICAN_CANON,1,José Donoso,El obsceno pájaro de la noche,TITLE_AUTHOR,/works/OL10334422W,El obsceno pájaro de la noche,José Donoso,/books/OL17883121M,El obsceno pájaro de la noche.,,spa,,Editorial Seix Barral,1970,,,1.0,1.0,0.9,NOT_PROBED,,,,,REJECTED_CANDIDATE,
89,ES,LATIN_AMERICAN_CANON,1,José Donoso,El obsceno pájaro de la noche,TITLE_AUTHOR,/works/OL10448316W,El obsceno pa jaro de la noche,Jose Donoso,/books/OL18340872M,El obsceno pajaro de la noche,,spa,8432202045,Seix Barral,1992,,,1.0,1.0,0.93,NOT_PROBED,,,,,REJECTED_CANDIDATE,
89,ES,LATIN_AMERICAN_CANON,1,José Donoso,El obsceno pájaro de la noche,TITLE_AUTHOR,/works/OL10334414W,El obsceno pajaro de la noche,José Donoso,/books/OL19788150M,El obsceno pajaro de la noche,,spa,8432202045,Editorial Seix Barral,1981,,,1.0,1.0,0.93,NOT_PROBED,,,,,REJECTED_CANDIDATE,
89,ES,LATIN_AMERICAN_CANON,1,José Donoso,El obsceno pájaro de la noche,TITLE_AUTHOR,/works/OL17920438W,El obsceno pájaro de la noche,José Donoso,/books/OL26494195M,El obsceno pájaro de la noche,,spa,8481303283,"Bibliotex, S.L. (Biblioteca El Mundo)",2001,,8245143,1.0,1.0,0.9850000000000001,VALID_COVER,350,500,JPEG,data/audit/reconstruction-ES-candidate-covers/ES-089-OL26494195M.jpeg,USABLE_CANDIDATE,
89,ES,LATIN_AMERICAN_CANON,1,José Donoso,El obsceno pájaro de la noche,TITLE_AUTHOR,/works/OL477477W,El obsceno pájaro de la noche,José Donoso,/books/OL4456615M,El obsceno pájaro de la noche,,spa,8470176986,Argos Vergara,1979,,13268865,1.0,1.0,0.9850000000000001,VALID_COVER,305,500,JPEG,data/audit/reconstruction-ES-candidate-covers/ES-089-OL4456615M.jpeg,USABLE_CANDIDATE,
89,ES,LATIN_AMERICAN_CANON,1,José Donoso,El obsceno pájaro de la noche,TITLE_AUTHOR,/works/OL44666102W,El obsceno pájaro de la noche,José Donoso,/books/OL61006450M,El obsceno pájaro de la noche,[novela,spa,,Seix Barral,1971,,,1.0,1.0,0.9,NOT_PROBED,,,,,REJECTED_CANDIDATE,
89,ES,LATIN_AMERICAN_CANON,1,José Donoso,El obsceno pájaro de la noche,TITLE_AUTHOR,/works/OL477470W,Obsceno pájaro de la noche,José Donoso | Donoso | Jose Donoso | José Donoso | Leonard Mades | Megan McDowell | Hardie St. Martin,/books/OL9112052M,El Obsceno Pajaro De LA Noche/the Obscene Bird of the Night,,spa,9788401428531,Distribooks Inc,June 1994,,4901117,0.95,1.0,0.9590000000000001,VALID_COVER,128,196,JPEG,data/audit/reconstruction-ES-candidate-covers/ES-089-OL9112052M.jpeg,USABLE_CANDIDATE,
89,ES,LATIN_AMERICAN_CANON,1,José Donoso,El obsceno pájaro de la noche,TITLE_AUTHOR,/works/OL8061454W,El Obsceno Pajaro De LA Noche,José Donoso,/books/OL9149379M,El Obsceno Pajaro De LA Noche,,eng | spa,9789562390330,Aguilar Chilena de Ediciones,April 2001,,4916046,1.0,1.0,0.9850000000000001,VALID_COVER,128,218,JPEG,data/audit/reconstruction-ES-candidate-covers/ES-089-OL9149379M.jpeg,USABLE_CANDIDATE,
90,ES,LATIN_AMERICAN_CANON,1,Manuel Puig,Boquitas pintadas,TITLE_AUTHOR,/works/OL27225W,Boquitas Pintadas / Little Painted Lips,Manuel Puig,/books/OL13123426M,Boquitas Pintadas / Little Painted Lips,,spa,9789685957649,Debolsillo,"April 30, 2005",,5248613,0.95,1.0,0.9590000000000001,VALID_COVER,128,194,JPEG,data/audit/reconstruction-ES-candidate-covers/ES-090-OL13123426M.jpeg,USABLE_CANDIDATE,
90,ES,LATIN_AMERICAN_CANON,1,Manuel Puig,Boquitas pintadas,BROAD,/works/OL10443956W,Boquitas pintadas,Manuel Puig,/books/OL22198629M,Boquitas pintadas,,spa,8432230049,Seix Barral,1989,,14578626,1.0,1.0,0.9850000000000001,VALID_COVER,297,500,JPEG,data/audit/reconstruction-ES-candidate-covers/ES-090-OL22198629M.jpeg,USABLE_CANDIDATE,
90,ES,LATIN_AMERICAN_CANON,1,Manuel Puig,Boquitas pintadas,TITLE_AUTHOR,/works/OL17790344W,Boquitas pintadas,Manuel Puig,/books/OL26379662M,Boquitas pintadas,,spa,8432230049,Seix Barral,1989,,8070839,1.0,1.0,0.9850000000000001,VALID_COVER,218,218,JPEG,data/audit/reconstruction-ES-candidate-covers/ES-090-OL26379662M.jpeg,USABLE_CANDIDATE,
90,ES,LATIN_AMERICAN_CANON,1,Manuel Puig,Boquitas pintadas,TITLE_AUTHOR,/works/OL17959506W,Boquitas pintadas,Manuel Puig,/books/OL26551939M,Boquitas pintadas,folletín,spa,,Editorial Sudamericana,1974,,,1.0,1.0,0.9,NOT_PROBED,,,,,REJECTED_CANDIDATE,
90,ES,LATIN_AMERICAN_CANON,1,Manuel Puig,Boquitas pintadas,TITLE_AUTHOR,/works/OL27319041W,BOQUITAS PINTADAS,Manuel Puig,/books/OL37088903M,BOQUITAS PINTADAS,,spa,9788432207778,Editorial Seix Barral,2011,,,1.0,1.0,0.93,NOT_PROBED,,,,,REJECTED_CANDIDATE,
90,ES,LATIN_AMERICAN_CANON,1,Manuel Puig,Boquitas pintadas,TITLE_AUTHOR,/works/OL27238W,Boquitas pintadas,Manuel Puig,/books/OL9138816M,Boquitas Pintadas,,spa,9789507314308,Editorial Seix Barral,June 2004,,1052200,1.0,1.0,0.9850000000000001,VALID_COVER,294,500,JPEG,data/audit/reconstruction-ES-candidate-covers/ES-090-OL9138816M.jpeg,USABLE_CANDIDATE,
91,ES,SPAIN_MODERN_CONTEMPORARY,2,Camilo José Cela,La familia de Pascual Duarte,TITLE_AUTHOR,/works/OL19682813W,La familia de Pascual Duarte,Camilo José Cela,/books/OL26899022M,La familia de Pascual Duarte,,spa,,Destino,1942,,,1.0,1.0,0.9,NOT_PROBED,,,,,REJECTED_CANDIDATE,
91,ES,SPAIN_MODERN_CONTEMPORARY,2,Camilo José Cela,La familia de Pascual Duarte,TITLE_AUTHOR,/works/OL31662169W,La familia de Pascual Duarte,Camilo José Cela,/books/OL43343790M,La familia de Pascual Duarte,,spa,,Aldecoa,1942,,,1.0,1.0,0.9,NOT_PROBED,,,,,REJECTED_CANDIDATE,
91,ES,SPAIN_MODERN_CONTEMPORARY,2,Camilo José Cela,La familia de Pascual Duarte,TITLE_AUTHOR,/works/OL944359W,La familia de Pascual Duarte,Camilo José Cela,/books/OL5819776M,La familia de Pascual Duarte,,spa,,Círculo de Lectores,1972,,15121161,1.0,1.0,0.9550000000000001,VALID_COVER,306,500,JPEG,data/audit/reconstruction-ES-candidate-covers/ES-091-OL5819776M.jpeg,USABLE_CANDIDATE,
91,ES,SPAIN_MODERN_CONTEMPORARY,2,Camilo José Cela,La familia de Pascual Duarte,TITLE_AUTHOR,/works/OL8688184W,La Familia De Pascual Duarte,Camilo José Cela,/books/OL9117936M,La Familia De Pascual Duarte,,spa,9788423307326,Continental Book Company,"July 1, 1993",,1046883,1.0,1.0,0.9850000000000001,VALID_COVER,284,475,JPEG,data/audit/reconstruction-ES-candidate-covers/ES-091-OL9117936M.jpeg,USABLE_CANDIDATE,
92,ES,SPAIN_MODERN_CONTEMPORARY,2,Camilo José Cela,La colmena,TITLE_AUTHOR,/works/OL8688194W,La Colmena,Camilo José Cela,/books/OL13228175M,LA Colmena,,spa,9788427908918,Lectorum Pubns Inc (J),June 1985,,,1.0,1.0,0.93,NOT_PROBED,,,,,REJECTED_CANDIDATE,
92,ES,SPAIN_MODERN_CONTEMPORARY,2,Camilo José Cela,La colmena,TITLE_AUTHOR,/works/OL10434206W,La colmena,Camilo José Cela,/books/OL13818928M,La colmena.,,spa,,Alfaguara,1971,,,1.0,1.0,0.9,NOT_PROBED,,,,,REJECTED_CANDIDATE,
92,ES,SPAIN_MODERN_CONTEMPORARY,2,Camilo José Cela,La colmena,TITLE_AUTHOR,/works/OL944358W,La colmena,Camilo José Cela,/books/OL20710162M,La colmena,,spa,,Noguer,1963,,14361513,1.0,1.0,0.9550000000000001,VALID_COVER,345,500,JPEG,data/audit/reconstruction-ES-candidate-covers/ES-092-OL20710162M.jpeg,USABLE_CANDIDATE,
92,ES,SPAIN_MODERN_CONTEMPORARY,2,Camilo José Cela,La colmena,TITLE_AUTHOR,/works/OL20047953W,La colmena,Camilo José Cela,/books/OL27227978M,La colmena,,spa,9788420420684,Real Academia Española,2016,,13822959,1.0,1.0,0.9850000000000001,VALID_COVER,302,500,JPEG,data/audit/reconstruction-ES-candidate-covers/ES-092-OL27227978M.jpeg,USABLE_CANDIDATE,
92,ES,SPAIN_MODERN_CONTEMPORARY,2,Camilo José Cela,La colmena,TITLE_AUTHOR,/works/OL38632611W,La colmena,Camilo José Cela,/books/OL52768436M,La colmena,,spa,,Editorial Noguer,1966,,,1.0,1.0,0.9,NOT_PROBED,,,,,REJECTED_CANDIDATE,
92,ES,SPAIN_MODERN_CONTEMPORARY,2,Camilo José Cela,La colmena,TITLE_AUTHOR,/works/OL8046305W,LA Colmena,Camilo José Cela,/books/OL7700914M,La Colmena,,spa,9780679767534,Santillana USA Pub Co Inc,January 1996,,4654019,1.0,1.0,0.9850000000000001,VALID_COVER,128,203,JPEG,data/audit/reconstruction-ES-candidate-covers/ES-092-OL7700914M.jpeg,USABLE_CANDIDATE,
93,ES,SPAIN_MODERN_CONTEMPORARY,2,Carmen Laforet,Nada,TITLE_AUTHOR,/works/OL38730824W,Nada,Carmen Laforet,/books/OL57460936M,Nada,,spa,,Ediciones Destino,1947,,,1.0,1.0,0.9,NOT_PROBED,,,,,REJECTED_CANDIDATE,
94,ES,SPAIN_MODERN_CONTEMPORARY,2,Ana María Matute,Primera memoria,TITLE_AUTHOR,/works/OL44018902W,Los mercaderes (Los soldados lloran de noche / Primera memoria),Ana María Matute,/books/OL17846350M,Los mercaderes.,,spa,,Ediciones Destino,1969,,,0.95,1.0,0.874,NOT_PROBED,,,,,REJECTED_CANDIDATE,
94,ES,SPAIN_MODERN_CONTEMPORARY,2,Ana María Matute,Primera memoria,BROAD,/works/OL979962W,Los mercaderes (La trampa / Los soldados lloran de noche / Primera memoria),Ana María Matute,/books/OL17986880M,Los mercaderes.,,spa,,Ediciones Destino,1966,,,0.95,1.0,0.874,NOT_PROBED,,,,,REJECTED_CANDIDATE,
94,ES,SPAIN_MODERN_CONTEMPORARY,2,Ana María Matute,Primera memoria,TITLE_AUTHOR,/works/OL979946W,Los mercaderes (La trampa / Los soldados lloran de noche / Primera memoria),Ana María Matute,/books/OL218564M,Los mercaderes,,spa,,Ediciones Destino,1960,,,0.95,1.0,0.874,NOT_PROBED,,,,,REJECTED_CANDIDATE,
94,ES,SPAIN_MODERN_CONTEMPORARY,2,Ana María Matute,Primera memoria,TITLE_AUTHOR,/works/OL979974W,Primera memoria,Ana María Matute,/books/OL26561806M,Primera memoria,,spa,,,1964,,9484893,1.0,1.0,0.93,VALID_COVER,312,500,JPEG,data/audit/reconstruction-ES-candidate-covers/ES-094-OL26561806M.jpeg,USABLE_CANDIDATE,
94,ES,SPAIN_MODERN_CONTEMPORARY,2,Ana María Matute,Primera memoria,TITLE_AUTHOR,/works/OL36934343W,Primera memoria,Ana María Matute,/books/OL49876697M,Primera memoria,,spa,,Ediciones Destino,1999,,,1.0,1.0,0.9,NOT_PROBED,,,,,REJECTED_CANDIDATE,
95,ES,SPAIN_MODERN_CONTEMPORARY,2,Ana María Matute,Olvidado rey Gudú,TITLE_AUTHOR,/works/OL19079991W,Olvidado Rey Gudú,Ana María Matute,/books/OL26739754M,Olvidado Rey Gudú,,spa,9788423974993,Austral,2001,,8396583,1.0,1.0,0.9850000000000001,VALID_COVER,200,313,JPEG,data/audit/reconstruction-ES-candidate-covers/ES-095-OL26739754M.jpeg,USABLE_CANDIDATE,
95,ES,SPAIN_MODERN_CONTEMPORARY,2,Ana María Matute,Olvidado rey Gudú,TITLE_AUTHOR,/works/OL979963W,Olvidado rey Gudú,Ana María Matute,/books/OL728219M,Olvidado rey Gudú,,spa,8423976645,Espasa-Calpe,1996,,8574556,1.0,1.0,0.9850000000000001,VALID_COVER,206,308,JPEG,data/audit/reconstruction-ES-candidate-covers/ES-095-OL728219M.jpeg,USABLE_CANDIDATE,
96,ES,SPAIN_MODERN_CONTEMPORARY,2,Carmen Martín Gaite,Entre visillos,TITLE_AUTHOR,/works/OL17956667W,Entre visillos,Carmen Martín Gaite,/books/OL45666498M,Entre visillos,,spa,,Destino,1958,,15242186,1.0,1.0,0.9550000000000001,VALID_COVER,334,500,JPEG,data/audit/reconstruction-ES-candidate-covers/ES-096-OL45666498M.jpeg,USABLE_CANDIDATE,
97,ES,SPAIN_MODERN_CONTEMPORARY,2,Carmen Martín Gaite,El cuarto de atrás,TITLE_AUTHOR,/works/OL19121884W,El cuarto de atrás,Carmen Martín Gaite | Javier Lucea García | Ramón Acín | María Rosario Ferré Chiné,/books/OL14672181M,El cuarto de atrás,aproximación a la narrativa de Carmen Martín Gaite,spa,8487007457,iberCaja,1991,,14563055,1.0,1.0,0.9850000000000001,VALID_COVER,309,500,JPEG,data/audit/reconstruction-ES-candidate-covers/ES-097-OL14672181M.jpeg,USABLE_CANDIDATE,
97,ES,SPAIN_MODERN_CONTEMPORARY,2,Carmen Martín Gaite,El cuarto de atrás,TITLE_AUTHOR,/works/OL77404W,El cuarto de atrás,Carmen Martín Gaite,/books/OL9117964M,El cuarto de atrás,,spa,9788423311019,Destino,1997,,15242266,1.0,1.0,0.9850000000000001,VALID_COVER,307,500,JPEG,data/audit/reconstruction-ES-candidate-covers/ES-097-OL9117964M.jpeg,USABLE_CANDIDATE,
98,ES,SPAIN_MODERN_CONTEMPORARY,2,Juan Goytisolo,Señas de identidad,TITLE_AUTHOR,/works/OL10440312W,Señas de identidad,Juan Goytisolo,/books/OL20538445M,Señas de identidad.,,spa,,Editorial Joaquín,1975,,,1.0,1.0,0.9,NOT_PROBED,,,,,REJECTED_CANDIDATE,
98,ES,SPAIN_MODERN_CONTEMPORARY,2,Juan Goytisolo,Señas de identidad,TITLE_ONLY,/works/OL10534175W,Senas de identidad,Juan Goytisola,/books/OL21627155M,Senas de identidad.,,spa,8470177109,Argos Vergara,1979,,,1.0,0.9285714285714286,0.9114285714285715,NOT_PROBED,,,,,REJECTED_CANDIDATE,
98,ES,SPAIN_MODERN_CONTEMPORARY,2,Juan Goytisolo,Señas de identidad,TITLE_AUTHOR,/works/OL11070405W,Señas de identidad,Juan Goytisolo,/books/OL22069788M,Señas de identidad,,spa,8470177109,Argos Vergara,1979,,,1.0,1.0,0.93,NOT_PROBED,,,,,REJECTED_CANDIDATE,
98,ES,SPAIN_MODERN_CONTEMPORARY,2,Juan Goytisolo,Señas de identidad,TITLE_AUTHOR,/works/OL20548977W,Señas de identidad,Juan Goytisolo,/books/OL27792327M,Señas de identidad,,spa,,J. Moritz,1966,,,1.0,1.0,0.9,NOT_PROBED,,,,,REJECTED_CANDIDATE,
98,ES,SPAIN_MODERN_CONTEMPORARY,2,Juan Goytisolo,Señas de identidad,TITLE_AUTHOR,/works/OL915704W,Senas de identidad,Juan Goytisolo,/books/OL9381001M,Senas de Identidad,,spa,9788439701088,Mondadori (IT),November 1998,,4969745,1.0,1.0,0.9850000000000001,VALID_COVER,128,222,JPEG,data/audit/reconstruction-ES-candidate-covers/ES-098-OL9381001M.jpeg,USABLE_CANDIDATE,
99,ES,SPAIN_MODERN_CONTEMPORARY,2,Juan Marsé,Últimas tardes con Teresa,TITLE_AUTHOR,/works/OL10788926W,Últimas tardes con Teresa,Juan Marsé,/books/OL26549795M,Últimas tardes con Teresa,,spa,,Editorial Seix Barral,1966,,9506653,1.0,1.0,0.9550000000000001,VALID_COVER,304,500,JPEG,data/audit/reconstruction-ES-candidate-covers/ES-099-OL26549795M.jpeg,USABLE_CANDIDATE,
100,ES,SPAIN_MODERN_CONTEMPORARY,2,Juan Marsé,Si te dicen que caí,TITLE_AUTHOR,/works/OL1413203W,Si te dicen que caí,Juan Marsé,/books/OL24766491M,The fallen,,eng | spa,9780316546768,"Little, Brown",1979,,6820343,1.0,1.0,0.9850000000000001,VALID_COVER,335,500,JPEG,data/audit/reconstruction-ES-candidate-covers/ES-100-OL24766491M.jpeg,USABLE_CANDIDATE,
101,ES,SPAIN_MODERN_CONTEMPORARY,2,Miguel Delibes,El camino,TITLE_AUTHOR,/works/OL38632824W,El camino,Miguel Delibes,/books/OL52581138M,El camino,,spa,,Ediciones Destino,1965,,,1.0,1.0,0.9,NOT_PROBED,,,,,REJECTED_CANDIDATE,
102,ES,SPAIN_MODERN_CONTEMPORARY,2,Miguel Delibes,Los santos inocentes,TITLE_AUTHOR,/works/OL1338306W,Los santos inocentes,Miguel Delibes,/books/OL13189467M,Los santos inocentes,,spa,9788408061878,Planeta,2007,,3324809,1.0,1.0,0.9850000000000001,VALID_COVER,327,500,JPEG,data/audit/reconstruction-ES-candidate-covers/ES-102-OL13189467M.jpeg,USABLE_CANDIDATE,
102,ES,SPAIN_MODERN_CONTEMPORARY,2,Miguel Delibes,Los santos inocentes,TITLE_AUTHOR,/works/OL1338231W,Los santos inocentes,Miguel Delibes | Isabel Santos Gargallo,/books/OL9680885M,Los santos inocentes: Nivel 5,,spa,9788497130325,Alfaguara,2006,,2273241,1.0,1.0,0.9850000000000001,VALID_COVER,324,500,JPEG,data/audit/reconstruction-ES-candidate-covers/ES-102-OL9680885M.jpeg,USABLE_CANDIDATE,
103,ES,SPAIN_MODERN_CONTEMPORARY,2,Miguel Delibes,Cinco horas con Mario,TITLE_AUTHOR,/works/OL1338173W,Cinco horas con Mario,Miguel Delibes,/books/OL32980157M,Cinco horas con Mario,,spa,,Destino,1967,,11604428,1.0,1.0,0.9550000000000001,VALID_COVER,300,500,JPEG,data/audit/reconstruction-ES-candidate-covers/ES-103-OL32980157M.jpeg,USABLE_CANDIDATE,
103,ES,SPAIN_MODERN_CONTEMPORARY,2,Miguel Delibes,Cinco horas con Mario,TITLE_AUTHOR,/works/OL38647633W,Cinco horas con Mario,Miguel Delibes,/books/OL52605399M,Cinco horas con Mario,,spa,,Ediciones Destino,1971,,,1.0,1.0,0.9,NOT_PROBED,,,,,REJECTED_CANDIDATE,
104,ES,SPAIN_MODERN_CONTEMPORARY,2,Javier Marías,Corazón tan blanco,BROAD,/works/OL953028W,Corazón tan blanco,Javier Marías,/books/OL25376798M,Corazón tan blanco,,spa,9780307951380,Vintage Español,2012,,15122516,1.0,1.0,0.9850000000000001,VALID_COVER,322,500,JPEG,data/audit/reconstruction-ES-candidate-covers/ES-104-OL25376798M.jpeg,USABLE_CANDIDATE,
104,ES,SPAIN_MODERN_CONTEMPORARY,2,Javier Marías,Corazón tan blanco,BROAD,/works/OL32483410W,Corazón Tan Blanco (Edición Especial 25 Aniversario) / a Heart So White,Javier Marías,/books/OL44272009M,Corazón Tan Blanco (Edición Especial 25 Aniversario) / a Heart So White,,spa,9788420423814,Penguin Random House Grupo Editorial,2017,,,0.95,1.0,0.904,NOT_PROBED,,,,,REJECTED_CANDIDATE,
105,ES,SPAIN_MODERN_CONTEMPORARY,2,Javier Marías,Mañana en la batalla piensa en mí,TITLE_AUTHOR,/works/OL953050W,Mañana en la batalla piensa en mí,Javier Marías,/books/OL876573M,Mañana en la batalla piensa en mí,,spa,8433909681,Anagrama,1994,,10671895,1.0,1.0,0.9850000000000001,VALID_COVER,135,235,JPEG,data/audit/reconstruction-ES-candidate-covers/ES-105-OL876573M.jpeg,USABLE_CANDIDATE,
106,ES,SPAIN_MODERN_CONTEMPORARY,2,Antonio Muñoz Molina,El invierno en Lisboa,TITLE_AUTHOR,/works/OL704390W,El invierno en Lisboa,Antonio Muñoz Molina,/books/OL9121163M,El invierno en Lisboa,,spa,9788432245930,Planeta Pub Corp,September 1995,,4905004,1.0,1.0,0.9850000000000001,VALID_COVER,128,200,JPEG,data/audit/reconstruction-ES-candidate-covers/ES-106-OL9121163M.jpeg,USABLE_CANDIDATE,
107,ES,SPAIN_MODERN_CONTEMPORARY,2,Antonio Muñoz Molina,El jinete polaco,TITLE_AUTHOR,/works/OL704391W,El jinete polaco,Antonio Muñoz Molina,/books/OL9116186M,El jinete polaco,,spa,9788408040347,Planeta,2003,,2269351,1.0,1.0,0.9850000000000001,VALID_COVER,292,475,JPEG,data/audit/reconstruction-ES-candidate-covers/ES-107-OL9116186M.jpeg,USABLE_CANDIDATE,
108,ES,SPAIN_MODERN_CONTEMPORARY,2,Almudena Grandes,Las edades de Lulú,TITLE_AUTHOR,/works/OL12302188W,Las edades de Lulú,Almudena Grandes,/books/OL17925928M,Las edades de Lulú,,spa,8472233642,Tusquets,1989,,15003477,1.0,1.0,0.9850000000000001,VALID_COVER,309,500,JPEG,data/audit/reconstruction-ES-candidate-covers/ES-108-OL17925928M.jpeg,USABLE_CANDIDATE,
108,ES,SPAIN_MODERN_CONTEMPORARY,2,Almudena Grandes,Las edades de Lulú,TITLE_AUTHOR,/works/OL19731582W,Las edades de Lulú,Almudena Grandes,/books/OL36694038M,Las edades de Lulú,,spa,9788483835579,Tusquets,2010,,12580405,1.0,1.0,0.9850000000000001,VALID_COVER,319,500,JPEG,data/audit/reconstruction-ES-candidate-covers/ES-108-OL36694038M.jpeg,USABLE_CANDIDATE,
108,ES,SPAIN_MODERN_CONTEMPORARY,2,Almudena Grandes,Las edades de Lulú,TITLE_AUTHOR,/works/OL2454387W,Las Edades de Lulu (Fabula),Almudena Grandes,/books/OL9135655M,Las Edades de Lulu (Fabula),,spa,9788472237483,Astran,"January 1, 1994",,1047971,0.95,1.0,0.9590000000000001,IMAGE_TOO_SMALL,117,180,JPEG,,REJECTED_CANDIDATE,
108,ES,SPAIN_MODERN_CONTEMPORARY,2,Almudena Grandes,Las edades de Lulú,TITLE_AUTHOR,/works/OL2454385W,Las Edades De Lulu,Almudena Grandes,/books/OL9199663M,Las Edades de Lulu,,spa,9789871210077,TusQuets,May 2005,,1055758,1.0,1.0,0.9850000000000001,IMAGE_TOO_SMALL,117,180,JPEG,,REJECTED_CANDIDATE,
109,ES,SPAIN_MODERN_CONTEMPORARY,2,Almudena Grandes,El corazón helado,TITLE_AUTHOR,/works/OL2454380W,El corazón helado,Almudena Grandes,/books/OL18006401M,El corazón helado,,spa,9788483103739,"TusQuets Editores, S.A.",2008,,8099963,1.0,1.0,0.9850000000000001,VALID_COVER,350,500,JPEG,data/audit/reconstruction-ES-candidate-covers/ES-109-OL18006401M.jpeg,USABLE_CANDIDATE,
109,ES,SPAIN_MODERN_CONTEMPORARY,2,Almudena Grandes,El corazón helado,TITLE_AUTHOR,/works/OL17631900W,El corazón helado,Almudena Grandes,/books/OL26237346M,El corazón helado,,spa,9788467224191,Círculo de Lectores,2007,,7906886,1.0,1.0,0.9850000000000001,VALID_COVER,350,500,JPEG,data/audit/reconstruction-ES-candidate-covers/ES-109-OL26237346M.jpeg,USABLE_CANDIDATE,
109,ES,SPAIN_MODERN_CONTEMPORARY,2,Almudena Grandes,El corazón helado,TITLE_AUTHOR,/works/OL2454381W,El Corazon Helado/ The Frozen Heart,Almudena Grandes,/books/OL9704781M,El Corazon Helado/ The Frozen Heart,,spa,9788483103739,TusQuets,"June 30, 2006",,2272120,0.95,1.0,0.9590000000000001,VALID_COVER,340,500,JPEG,data/audit/reconstruction-ES-candidate-covers/ES-109-OL9704781M.jpeg,USABLE_CANDIDATE,
110,ES,SPAIN_MODERN_CONTEMPORARY,2,Javier Cercas,Soldados de Salamina,TITLE_AUTHOR,/works/OL1647068W,Soldados de Salamina,Javier Cercas | Elisabeth Beyer | Aleksandar Grujicic | José Pablo García,/books/OL26381269M,Soldados de Salamina,,spa,9788437637242,Cátedra,2017,,8073124,1.0,1.0,0.9850000000000001,VALID_COVER,200,327,JPEG,data/audit/reconstruction-ES-candidate-covers/ES-110-OL26381269M.jpeg,USABLE_CANDIDATE,
110,ES,SPAIN_MODERN_CONTEMPORARY,2,Javier Cercas,Soldados de Salamina,BROAD,/works/OL1647059W,Diálogos de Salamina,Javier Cercas,/books/OL3758045M,Diálogos de Salamina,un paseo por el cine y la literatura,spa,8483108097,Plot Ediciones,2003,,,0.75,1.0,0.8,NOT_PROBED,,,,,REJECTED_CANDIDATE,
111,ES,SPAIN_MODERN_CONTEMPORARY,2,Rosa Montero,La loca de la casa,TITLE_AUTHOR,/works/OL991947W,La loca de la casa,Rosa Montero,/books/OL24911999M,La loca de la casa,,spa,8420466646,Alfaguara,2003,,12776187,1.0,1.0,0.9850000000000001,VALID_COVER,277,500,JPEG,data/audit/reconstruction-ES-candidate-covers/ES-111-OL24911999M.jpeg,USABLE_CANDIDATE,
112,ES,SPAIN_MODERN_CONTEMPORARY,2,Eduardo Mendoza,La verdad sobre el caso Savolta,TITLE_AUTHOR,/works/OL2457396W,La verdad sobre el caso Savolta,Eduardo Mendoza,/books/OL51012468M,La verdad sobre el caso Savolta,,spa,8423972860,Espasa-Calpe,1995,,14578627,1.0,1.0,0.9850000000000001,VALID_COVER,315,500,JPEG,data/audit/reconstruction-ES-candidate-covers/ES-112-OL51012468M.jpeg,USABLE_CANDIDATE,
113,ES,SPAIN_MODERN_CONTEMPORARY,2,Eduardo Mendoza,La ciudad de los prodigios,TITLE_AUTHOR,/works/OL17923935W,La ciudad de los prodigios,Eduardo Mendoza,/books/OL35724824M,La ciudad de los prodigios,,spa,9788432215407,Seix Barral,2000,,12462003,1.0,1.0,0.9850000000000001,VALID_COVER,311,500,JPEG,data/audit/reconstruction-ES-candidate-covers/ES-113-OL35724824M.jpeg,USABLE_CANDIDATE,
113,ES,SPAIN_MODERN_CONTEMPORARY,2,Eduardo Mendoza,La ciudad de los prodigios,TITLE_AUTHOR,/works/OL2457392W,La ciudad de los prodigios,Eduardo Mendoza,/books/OL9121145M,LA Ciudad De Los Prodigios,,spa,9788432231513,Editorial Seix Barral,May 2003,,1047179,1.0,1.0,0.9850000000000001,VALID_COVER,268,420,JPEG,data/audit/reconstruction-ES-candidate-covers/ES-113-OL9121145M.jpeg,USABLE_CANDIDATE,
113,ES,SPAIN_MODERN_CONTEMPORARY,2,Eduardo Mendoza,La ciudad de los prodigios,TITLE_AUTHOR,/works/OL2457357W,La Ciudad De Los Prodigios (Campana De Verano 05),Eduardo Mendoza,/books/OL9658456M,La Ciudad De Los Prodigios (Campana De Verano 05),,spa,9788432216855,Seix Barral,"June 7, 2005",,2270080,0.95,1.0,0.9590000000000001,IMAGE_TOO_SMALL,93,150,JPEG,,REJECTED_CANDIDATE,
115,ES,SPAIN_MODERN_CONTEMPORARY,2,Arturo Pérez-Reverte,El club Dumas,TITLE_AUTHOR,/works/OL857568W,El Club Dumas,Arturo Pérez-Reverte,/books/OL35626625M,El club Dumas,,spa,9788466320702,Punto de Lectura,"Jan 04, 2010",,12333660,1.0,1.0,0.9850000000000001,VALID_COVER,328,500,JPEG,data/audit/reconstruction-ES-candidate-covers/ES-115-OL35626625M.jpeg,USABLE_CANDIDATE,
116,ES,LATIN_AMERICA_MODERN_CONTEMPORARY,2,Isabel Allende,La casa de los espíritus,BROAD,/works/OL1905255W,La casa de los espíritus,Isabel Allende,/books/OL58656056M,La casa de los espíritus,,spa,,,1985,,15215112,1.0,1.0,0.93,VALID_COVER,321,500,JPEG,data/audit/reconstruction-ES-candidate-covers/ES-116-OL58656056M.jpeg,USABLE_CANDIDATE,
118,ES,LATIN_AMERICA_MODERN_CONTEMPORARY,2,Roberto Bolaño,Los detectives salvajes,TITLE_AUTHOR,/works/OL712032W,Los detectives salvajes,Roberto Bolaño,/books/OL18587552M,Los detectives salvajes,,spa,9788433966636,Anagrama,2005,,15210072,1.0,1.0,0.9850000000000001,VALID_COVER,313,500,JPEG,data/audit/reconstruction-ES-candidate-covers/ES-118-OL18587552M.jpeg,USABLE_CANDIDATE,
120,ES,LATIN_AMERICA_MODERN_CONTEMPORARY,2,Laura Esquivel,Como agua para chocolate,TITLE_AUTHOR,/works/OL953162W,Como agua para chocolate,Laura Esquivel,/books/OL1677633M,Como agua para chocolate,,spa,9789684061408,Editorial Planeta Mexicana,1996-05,,12388144,1.0,1.0,0.9850000000000001,VALID_COVER,355,500,JPEG,data/audit/reconstruction-ES-candidate-covers/ES-120-OL1677633M.jpeg,USABLE_CANDIDATE,
120,ES,LATIN_AMERICA_MODERN_CONTEMPORARY,2,Laura Esquivel,Como agua para chocolate,TITLE_AUTHOR,/works/OL26387177W,Como agua para chocolate,Laura Esquivel,/books/OL37070776M,Como agua para chocolate,"novela de entregas mensuales con recetas, amores y remedios caseros",spa,9786073130288,Penguin Random House,2015,,12641199,1.0,1.0,0.9850000000000001,VALID_COVER,325,500,JPEG,data/audit/reconstruction-ES-candidate-covers/ES-120-OL37070776M.jpeg,USABLE_CANDIDATE,
120,ES,LATIN_AMERICA_MODERN_CONTEMPORARY,2,Laura Esquivel,Como agua para chocolate,TITLE_AUTHOR,/works/OL44583168W,Mi Negro Pasado (Como Agua para Chocolate 2) / My Dark Past (Like Water for Chocolate 2),Laura Esquivel,/books/OL60894757M,Mi Negro Pasado (Como Agua para Chocolate 2) / My Dark Past (Like Water for Chocolate 2),,spa,9786073195874,Penguin Random House Grupo Editorial,2025,,,0.95,1.0,0.904,NOT_PROBED,,,,,REJECTED_CANDIDATE,
121,ES,LATIN_AMERICA_MODERN_CONTEMPORARY,2,Elena Poniatowska,La noche de Tlatelolco,BROAD,/works/OL45315528W,La noche de Tlatelolco,Elena Poniatowska,/books/OL61768003M,La noche de Tlatelolco,testimonios de historia oral,spa,,Era,1984,,,1.0,1.0,0.9,NOT_PROBED,,,,,REJECTED_CANDIDATE,
121,ES,LATIN_AMERICA_MODERN_CONTEMPORARY,2,Elena Poniatowska,La noche de Tlatelolco,BROAD,/works/OL1871247W,La noche de Tlatelolco,Elena Poniatowska,/books/OL9174307M,La noche de Tlatelolco,,spa,9789684112209,Giron Books,September 1999,,10470526,1.0,1.0,0.9850000000000001,VALID_COVER,343,500,JPEG,data/audit/reconstruction-ES-candidate-covers/ES-121-OL9174307M.jpeg,USABLE_CANDIDATE,
122,ES,LATIN_AMERICA_MODERN_CONTEMPORARY,2,Elena Poniatowska,Hasta no verte Jesús mío,TITLE_ONLY,/works/OL9137020W,Hasta No Verte Jesus Mio,Elena Poniastowska,/books/OL13191683M,Hasta No Verte Jesus Mio,,spa,9788420631332,Alianza Editorial,June 1994,,6773035,1.0,0.9714285714285714,0.9775714285714286,VALID_COVER,343,500,JPEG,data/audit/reconstruction-ES-candidate-covers/ES-122-OL13191683M.jpeg,USABLE_CANDIDATE,
122,ES,LATIN_AMERICA_MODERN_CONTEMPORARY,2,Elena Poniatowska,Hasta no verte Jesús mío,TITLE_ONLY,/works/OL7501966W,Hasta No Verte Jesus Mio,Elena Pontiatowska,/books/OL9146131M,Hasta No Verte Jesus Mio,,spa,9788484508298,Distribooks,January 2002,,4915336,1.0,0.9714285714285714,0.9775714285714286,VALID_COVER,128,200,JPEG,data/audit/reconstruction-ES-candidate-covers/ES-122-OL9146131M.jpeg,USABLE_CANDIDATE,
123,ES,LATIN_AMERICA_MODERN_CONTEMPORARY,2,Gioconda Belli,La mujer habitada,TITLE_AUTHOR,/works/OL676251W,Mujer habitada,Gioconda Belli,/books/OL20753943M,La mujer habitada,,spa,8478882774,Emecé Editores,1996,,4914034,1.0,1.0,0.9850000000000001,VALID_COVER,128,209,JPEG,data/audit/reconstruction-ES-candidate-covers/ES-123-OL20753943M.jpeg,USABLE_CANDIDATE,
123,ES,LATIN_AMERICA_MODERN_CONTEMPORARY,2,Gioconda Belli,La mujer habitada,TITLE_AUTHOR,/works/OL28587157W,La mujer habitada,Gioconda Belli,/books/OL39196887M,La mujer habitada,,spa,9781681651484,Seix Barral,2015,,12825695,1.0,1.0,0.9850000000000001,VALID_COVER,298,500,JPEG,data/audit/reconstruction-ES-candidate-covers/ES-123-OL39196887M.jpeg,USABLE_CANDIDATE,
124,ES,LATIN_AMERICA_MODERN_CONTEMPORARY,2,Gioconda Belli,El país bajo mi piel,TITLE_AUTHOR,/works/OL676250W,El país bajo mi piel,Gioconda Belli,/books/OL13186410M,El país Bajo mi piel,,spa,9788401014338,"Plaza & Janes Editores, S.A.",2000,,8063221,1.0,1.0,0.9850000000000001,VALID_COVER,146,227,JPEG,data/audit/reconstruction-ES-candidate-covers/ES-124-OL13186410M.jpeg,USABLE_CANDIDATE,
124,ES,LATIN_AMERICA_MODERN_CONTEMPORARY,2,Gioconda Belli,El país bajo mi piel,TITLE_AUTHOR,/works/OL17717607W,El país bajo mi piel,Gioconda Belli,/books/OL26318990M,El país bajo mi piel : memorias de amor y de guerra,,spa,9788481363982,Txalaparta,2010,,7993523,1.0,1.0,0.9850000000000001,VALID_COVER,218,218,JPEG,data/audit/reconstruction-ES-candidate-covers/ES-124-OL26318990M.jpeg,USABLE_CANDIDATE,
124,ES,LATIN_AMERICA_MODERN_CONTEMPORARY,2,Gioconda Belli,El país bajo mi piel,TITLE_AUTHOR,/works/OL676224W,El pais bajo  mi piel,Gioconda Belli,/books/OL8362790M,El pais bajo  mi piel,,spa,9781400034390,Vintage,"October 14, 2003",,745021,1.0,1.0,0.9850000000000001,VALID_COVER,309,475,JPEG,data/audit/reconstruction-ES-candidate-covers/ES-124-OL8362790M.jpeg,USABLE_CANDIDATE,
125,ES,LATIN_AMERICA_MODERN_CONTEMPORARY,2,Álvaro Mutis,La nieve del almirante,TITLE_AUTHOR,/works/OL953874W,La nieve del almirante,Alvaro Mutis,/books/OL2453953M,La nieve del almirante,,spa,8420631760,Alianza,1986,,8063655,1.0,1.0,0.9850000000000001,VALID_COVER,218,218,JPEG,data/audit/reconstruction-ES-candidate-covers/ES-125-OL2453953M.jpeg,USABLE_CANDIDATE,
125,ES,LATIN_AMERICA_MODERN_CONTEMPORARY,2,Álvaro Mutis,La nieve del almirante,TITLE_AUTHOR,/works/OL17782867W,La nieve del almirante,Alvaro Mutis,/books/OL26372323M,La nieve del almirante,,spa,9788466307659,Suma de Letras,2002,,8060665,1.0,1.0,0.9850000000000001,VALID_COVER,278,500,JPEG,data/audit/reconstruction-ES-candidate-covers/ES-125-OL26372323M.jpeg,USABLE_CANDIDATE,
126,ES,LATIN_AMERICA_MODERN_CONTEMPORARY,2,Álvaro Mutis,Ilona llega con la lluvia,TITLE_AUTHOR,/works/OL953878W,Ilona llega con la lluvia,Alvaro Mutis,/books/OL2102267M,Ilona llega con la lluvia,,spa,8439712278,Mondadori,1988,,9609366,1.0,1.0,0.9850000000000001,VALID_COVER,293,500,JPEG,data/audit/reconstruction-ES-candidate-covers/ES-126-OL2102267M.jpeg,USABLE_CANDIDATE,
126,ES,LATIN_AMERICA_MODERN_CONTEMPORARY,2,Álvaro Mutis,Ilona llega con la lluvia,TITLE_AUTHOR,/works/OL953820W,Analisis De Ilona Llega Con La Lluvia,Alvaro Mutis,/books/OL9150562M,Analisis De Ilona Llega Con La Lluvia,"Abdul Bashur, Sonador De Navios (Centro Literario)",spa,9789583014277,Panamericana Editorial,"July 30, 2004",,2293041,0.95,1.0,0.9590000000000001,VALID_COVER,120,180,JPEG,data/audit/reconstruction-ES-candidate-covers/ES-126-OL9150562M.jpeg,USABLE_CANDIDATE,
127,ES,LATIN_AMERICA_MODERN_CONTEMPORARY,2,Sergio Ramírez,"Margarita, está linda la mar",TITLE_AUTHOR,/works/OL2186718W,"Margarita, está linda la mar",Sergio Ramírez,/books/OL452774M,"Margarita, está linda la mar",,spa,8420483818,Santillana,1998,,1046760,1.0,1.0,0.9850000000000001,VALID_COVER,301,500,JPEG,data/audit/reconstruction-ES-candidate-covers/ES-127-OL452774M.jpeg,USABLE_CANDIDATE,
127,ES,LATIN_AMERICA_MODERN_CONTEMPORARY,2,Sergio Ramírez,"Margarita, está linda la mar",TITLE_AUTHOR,/works/OL36925056W,"Margarita, está linda la mar",Sergio Ramírez,/books/OL49865760M,"Margarita, está linda la mar",,spa,9592600341,Casa de las Américas,2001,,,1.0,1.0,0.93,NOT_PROBED,,,,,REJECTED_CANDIDATE,
128,ES,LATIN_AMERICA_MODERN_CONTEMPORARY,2,Fernando Vallejo,La virgen de los sicarios,TITLE_AUTHOR,/works/OL2421156W,La Virgen de los Sicarios / Our Lady of the Assassins,Fernando Vallejo | Fernando Vallejo,/books/OL9544837M,La Virgen de Los Sicarios/ Our Lady of the Assassins,,spa,9788466368506,Punto de Lectura,"January 1, 2001",,2270966,0.95,1.0,0.9590000000000001,VALID_COVER,329,500,JPEG,data/audit/reconstruction-ES-candidate-covers/ES-128-OL9544837M.jpeg,USABLE_CANDIDATE,
130,ES,LATIN_AMERICA_MODERN_CONTEMPORARY,2,Juan Gabriel Vásquez,El ruido de las cosas al caer,TITLE_AUTHOR,/works/OL16421046W,El ruido de las cosas al caer,Juan Gabriel Vásquez,/books/OL25155486M,El ruido de las cosas al caer,,spa,8420475076,Alfaguara,2011,,7363148,1.0,1.0,0.9850000000000001,VALID_COVER,235,377,JPEG,data/audit/reconstruction-ES-candidate-covers/ES-130-OL25155486M.jpeg,USABLE_CANDIDATE,
130,ES,LATIN_AMERICA_MODERN_CONTEMPORARY,2,Juan Gabriel Vásquez,El ruido de las cosas al caer,TITLE_AUTHOR,/works/OL19954654W,El ruido de las cosas al caer,Juan Gabriel Vásquez,/books/OL27134940M,El ruido de las cosas al caer,,spa,9781616056117,Alfaguara,2011,,9530663,1.0,1.0,0.9850000000000001,VALID_COVER,319,500,JPEG,data/audit/reconstruction-ES-candidate-covers/ES-130-OL27134940M.jpeg,USABLE_CANDIDATE,
131,ES,LATIN_AMERICA_MODERN_CONTEMPORARY,2,Juan Gabriel Vásquez,La forma de las ruinas,TITLE_AUTHOR,/works/OL20029688W,La forma de las ruinas,Juan Gabriel Vásquez,/books/OL27209736M,La forma de las ruinas,,spa,9786073139687,,2016,,13019617,1.0,1.0,0.9600000000000001,VALID_COVER,285,500,JPEG,data/audit/reconstruction-ES-candidate-covers/ES-131-OL27209736M.jpeg,USABLE_CANDIDATE,
133,ES,LATIN_AMERICA_MODERN_CONTEMPORARY,2,Mariana Enríquez,Las cosas que perdimos en el fuego,TITLE_AUTHOR,/works/OL17319533W,Las cosas que perdimos en el fuego,Mariana Enríquez,/books/OL25894501M,Las cosas que perdimos en el fuego,,spa,9788433998064,Anagrama,2016,,14430190,1.0,1.0,0.9850000000000001,VALID_COVER,318,500,JPEG,data/audit/reconstruction-ES-candidate-covers/ES-133-OL25894501M.jpeg,USABLE_CANDIDATE,
133,ES,LATIN_AMERICA_MODERN_CONTEMPORARY,2,Mariana Enríquez,Las cosas que perdimos en el fuego,TITLE_AUTHOR,/works/OL38390349W,Las Cosas Que Perdimos en el Fuego,Mariana Enríquez | Lucas Nine,/books/OL52221173M,Las Cosas Que Perdimos en el Fuego,Stories,spa,9788419409256,Salamandra Black,2024,,14746037,1.0,1.0,0.9850000000000001,VALID_COVER,286,400,JPEG,data/audit/reconstruction-ES-candidate-covers/ES-133-OL52221173M.jpeg,USABLE_CANDIDATE,
135,ES,LATIN_AMERICA_MODERN_CONTEMPORARY,2,Alejandro Zambra,Bonsái,TITLE_AUTHOR,/works/OL11877394W,Bonsái,Alejandro Zambra,/books/OL22664261M,Bonsái,,spa,8433971298,Editorial Anagrama,2006,,8083076,1.0,1.0,0.9850000000000001,VALID_COVER,218,218,JPEG,data/audit/reconstruction-ES-candidate-covers/ES-135-OL22664261M.jpeg,USABLE_CANDIDATE,
135,ES,LATIN_AMERICA_MODERN_CONTEMPORARY,2,Alejandro Zambra,Bonsái,TITLE_AUTHOR,/works/OL21821831W,Bonsai y la Vida Privada de los Arboles,Alejandro Zambra,/books/OL29732177M,Bonsai y la Vida Privada de los Arboles,,spa,9788433977960,Editorial Anagrama S.A.,2016,,,0.95,1.0,0.904,NOT_PROBED,,,,,REJECTED_CANDIDATE,
135,ES,LATIN_AMERICA_MODERN_CONTEMPORARY,2,Alejandro Zambra,Bonsái,TITLE_AUTHOR,/works/OL43406067W,Bonsái,Alejandro Zambra,/books/OL59123167M,Bonsái,,spa,9788433999559,Anagrama,2006,,15087666,1.0,1.0,0.9850000000000001,VALID_COVER,312,500,JPEG,data/audit/reconstruction-ES-candidate-covers/ES-135-OL59123167M.jpeg,USABLE_CANDIDATE,
136,ES,LATIN_AMERICA_MODERN_CONTEMPORARY,2,Alejandro Zambra,Formas de volver a casa,TITLE_AUTHOR,/works/OL16609694W,Formas de volver a casa,Alejandro Zambra,/books/OL25292672M,Formas de volver a casa,,spa,9788433972279,Anagrama,2011,,8083078,1.0,1.0,0.9850000000000001,VALID_COVER,218,218,JPEG,data/audit/reconstruction-ES-candidate-covers/ES-136-OL25292672M.jpeg,USABLE_CANDIDATE,
136,ES,LATIN_AMERICA_MODERN_CONTEMPORARY,2,Alejandro Zambra,Formas de volver a casa,TITLE_AUTHOR,/works/OL17596695W,Formas de volver a casa,Alejandro Zambra,/books/OL26200047M,Formas de volver a casa,,spa,,Anagrama,2014,,7883251,1.0,1.0,0.9550000000000001,VALID_COVER,300,455,JPEG,data/audit/reconstruction-ES-candidate-covers/ES-136-OL26200047M.jpeg,USABLE_CANDIDATE,
136,ES,LATIN_AMERICA_MODERN_CONTEMPORARY,2,Alejandro Zambra,Formas de volver a casa,TITLE_AUTHOR,/works/OL19978291W,Formas de volver a casa,Alejandro Zambra,/books/OL27158445M,Formas de volver a casa,,spa,9788433977434,Editorial Anagrama,2011,,11633981,1.0,1.0,0.9850000000000001,VALID_COVER,322,500,JPEG,data/audit/reconstruction-ES-candidate-covers/ES-136-OL27158445M.jpeg,USABLE_CANDIDATE,
137,ES,LATIN_AMERICA_MODERN_CONTEMPORARY,2,Juan Villoro,El testigo,TITLE_AUTHOR,/works/OL700379W,El testigo,Juan Villoro,/books/OL3460761M,El testigo,,spa,8433968688,Editorial Anagrama,2004,,2270224,1.0,1.0,0.9850000000000001,VALID_COVER,317,500,JPEG,data/audit/reconstruction-ES-candidate-covers/ES-137-OL3460761M.jpeg,USABLE_CANDIDATE,
138,ES,LATIN_AMERICA_MODERN_CONTEMPORARY,2,Cristina Rivera Garza,Nadie me verá llorar,TITLE_AUTHOR,/works/OL845487W,Nadie Me Vera Llorar,Cristina Rivera Garza,/books/OL9144163M,Nadie Me Vera Llorar,,spa,9788483102480,TusQuets,"September 1, 2004",,12181178,1.0,1.0,0.9850000000000001,VALID_COVER,334,500,JPEG,data/audit/reconstruction-ES-candidate-covers/ES-138-OL9144163M.jpeg,USABLE_CANDIDATE,
139,ES,LATIN_AMERICA_MODERN_CONTEMPORARY,2,Fernanda Melchor,Temporada de huracanes,TITLE_AUTHOR,/works/OL17792692W,Temporada de huracanes,Fernanda Melchor,/books/OL58462895M,Temporada de huracanes,,spa,9786073810586,Debolsillo,2022,,15253620,1.0,1.0,0.9850000000000001,VALID_COVER,328,500,JPEG,data/audit/reconstruction-ES-candidate-covers/ES-139-OL58462895M.jpeg,USABLE_CANDIDATE,
140,ES,LATIN_AMERICA_MODERN_CONTEMPORARY,2,Guadalupe Nettel,El cuerpo en que nací,TITLE_ONLY,/works/OL16573946W,El cuerpo en que nací,Guadalupe Nettel,/books/OL25261608M,El cuerpo en que nací,,spa,9788433972316,Editorial Anagrama,2011,,11461842,1.0,1.0,0.9850000000000001,VALID_COVER,297,500,JPEG,data/audit/reconstruction-ES-candidate-covers/ES-140-OL25261608M.jpeg,USABLE_CANDIDATE,
141,ES,ESSAYS_PHILOSOPHY,2,José Ortega y Gasset,La rebelión de las masas,BROAD,/works/OL504313W,Meditaciones del Quijote,José Ortega y Gasset,/books/OL30724330M,Meditaciones del Quijote,¿Qué es la filosofía? ; La rebelión de las masas ; Pidiendo un Goethe desde dentro ; En torno a Galileo ; Historia como sistema ; Ideas y creencias,spa,9788424923327,Editorial Gredos,2012,,,0.95,1.0,0.904,NOT_PROBED,,,,,REJECTED_CANDIDATE,
141,ES,ESSAYS_PHILOSOPHY,2,José Ortega y Gasset,La rebelión de las masas,BROAD,/works/OL504349W,La rebelión de las masas,José Ortega y Gasset,/books/OL445176M,La rebelión de las masas,,spa,8470397885,Editorial Castalia,1998,,1047940,1.0,1.0,0.9850000000000001,VALID_COVER,286,500,JPEG,data/audit/reconstruction-ES-candidate-covers/ES-141-OL445176M.jpeg,USABLE_CANDIDATE,
141,ES,ESSAYS_PHILOSOPHY,2,José Ortega y Gasset,La rebelión de las masas,BROAD,/works/OL43059044W,La rebelión de las masas,José Ortega y Gasset,/books/OL58655218M,"La rebelión de las masas: (con un prólogo para Franceses, un epílogo para Ingleses y un apéndice: Dinámica del Tiempo)",,spa,,Espasa-Calpe,1979,,,1.0,1.0,0.9,NOT_PROBED,,,,,REJECTED_CANDIDATE,
141,ES,ESSAYS_PHILOSOPHY,2,José Ortega y Gasset,La rebelión de las masas,BROAD,/works/OL44716329W,La rebelión de las masas,José Ortega y Gasset,/books/OL61064745M,La rebelión de las masas,,spa,,Revista de Occidente,1930,,,1.0,1.0,0.9,NOT_PROBED,,,,,REJECTED_CANDIDATE,
142,ES,ESSAYS_PHILOSOPHY,2,José Ortega y Gasset,Meditaciones del Quijote,BROAD,/works/OL504313W,Meditaciones del Quijote,José Ortega y Gasset,/books/OL1998353M,Meditaciones del Quijote,,spa,8437604818,Cátedra,1984,,13165017,1.0,1.0,0.9850000000000001,VALID_COVER,299,500,JPEG,data/audit/reconstruction-ES-candidate-covers/ES-142-OL1998353M.jpeg,USABLE_CANDIDATE,
142,ES,ESSAYS_PHILOSOPHY,2,José Ortega y Gasset,Meditaciones del Quijote,BROAD,/works/OL31776624W,Meditaciones del Quijote,José Ortega y Gasset,/books/OL43470930M,Meditaciones del Quijote,"edición facsímil, conmemorativa del centenario de su publicación",spa,9788420689500,Alianza Editorial,2014,,,1.0,1.0,0.93,NOT_PROBED,,,,,REJECTED_CANDIDATE,
142,ES,ESSAYS_PHILOSOPHY,2,José Ortega y Gasset,Meditaciones del Quijote,BROAD,/works/OL10334518W,Meditaciones del Quijote e Ideas sobre la novela,José Ortega y Gasset,/books/OL4635168M,Meditaciones del Quijote e Ideas sobre la novela,,spa,8429210288,Revista de Occidente,1975,,,0.95,1.0,0.904,NOT_PROBED,,,,,REJECTED_CANDIDATE,
142,ES,ESSAYS_PHILOSOPHY,2,José Ortega y Gasset,Meditaciones del Quijote,BROAD,/works/OL38634950W,Meditaciones del Quijote,José Ortega y Gasset,/books/OL52585262M,Meditaciones del Quijote,Comentario,spa,,Ediciones de la Universidad de Puerto Rico,1957,,,1.0,1.0,0.9,NOT_PROBED,,,,,REJECTED_CANDIDATE,
142,ES,ESSAYS_PHILOSOPHY,2,José Ortega y Gasset,Meditaciones del Quijote,BROAD,/works/OL40677837W,Meditaciones Del Quijote,Jose Ortega y Gasset,/books/OL55296519M,Meditaciones Del Quijote,,spa,9781514133149,CreateSpace Independent Publishing Platform,2015,,,1.0,1.0,0.93,NOT_PROBED,,,,,REJECTED_CANDIDATE,
142,ES,ESSAYS_PHILOSOPHY,2,José Ortega y Gasset,Meditaciones del Quijote,BROAD,/works/OL42867011W,Meditaciones del Quijote,José Ortega y Gasset | Julián Marías,/books/OL60284742M,Meditaciones del Quijote,,spa,,Imprenta Clásica Española,1914,,,1.0,1.0,0.9,NOT_PROBED,,,,,REJECTED_CANDIDATE,
143,ES,ESSAYS_PHILOSOPHY,2,María Zambrano,Claros del bosque,TITLE_AUTHOR,/works/OL938939W,Claros del bosque,María Zambrano,/books/OL4496766M,Claros del bosque,,spa,8432203394,Seix Barral,1977,,4409878,1.0,1.0,0.9850000000000001,VALID_COVER,128,201,JPEG,data/audit/reconstruction-ES-candidate-covers/ES-143-OL4496766M.jpeg,USABLE_CANDIDATE,
144,ES,ESSAYS_PHILOSOPHY,2,María Zambrano,El hombre y lo divino,TITLE_AUTHOR,/works/OL938945W,El hombre y lo divino,María Zambrano,/books/OL19705710M,El hombre y lo divino,,spa,968,Fondo de cultura económica,1973,,,1.0,1.0,0.93,NOT_PROBED,,,,,REJECTED_CANDIDATE,
144,ES,ESSAYS_PHILOSOPHY,2,María Zambrano,El hombre y lo divino,TITLE_AUTHOR,/works/OL38887526W,El hombre y lo divino,María Zambrano,/books/OL52950570M,El hombre y lo divino,,spa,,Fondo de Cultura Economica,1966,,,1.0,1.0,0.9,NOT_PROBED,,,,,REJECTED_CANDIDATE,
144,ES,ESSAYS_PHILOSOPHY,2,María Zambrano,El hombre y lo divino,TITLE_AUTHOR,/works/OL8358333W,El Hombre y Lo Divino (Breviarios del Fondo de Cultura Economica),María Zambrano,/books/OL9486834M,El Hombre y Lo Divino (Breviarios del Fondo de Cultura Economica),,spa,9789681611248,Fondo de Cultura Economica USA,March 1997,,,0.95,1.0,0.904,NOT_PROBED,,,,,REJECTED_CANDIDATE,
145,ES,ESSAYS_PHILOSOPHY,2,Miguel de Unamuno,Del sentimiento trágico de la vida,BROAD,/works/OL503529W,Del sentimiento trágico de la vida en los hombres y en los pueblos,Miguel de Unamuno,/books/OL25587297M,Del sentimiento tragico de la vida,,spa,,Renacimiento,1930,,9750523,1.0,1.0,0.9550000000000001,VALID_COVER,324,500,JPEG,data/audit/reconstruction-ES-candidate-covers/ES-145-OL25587297M.jpeg,USABLE_CANDIDATE,
145,ES,ESSAYS_PHILOSOPHY,2,Miguel de Unamuno,Del sentimiento trágico de la vida,TITLE_AUTHOR,/works/OL29426740W,Del Sentimiento Trágico de la Vida,David García Fernández | Miguel de Unamuno,/books/OL40603170M,Del Sentimiento Trágico de la Vida,,spa,9781980932857,Independently Published,2018,,,1.0,1.0,0.93,NOT_PROBED,,,,,REJECTED_CANDIDATE,
145,ES,ESSAYS_PHILOSOPHY,2,Miguel de Unamuno,Del sentimiento trágico de la vida,TITLE_AUTHOR,/works/OL30480816W,Del Sentimiento TrÁgico de la Vida,Miguel de Unamuno,/books/OL41904211M,Del Sentimiento TrÁgico de la Vida,,spa,9798626791860,Independently Published,2020,,,1.0,1.0,0.93,NOT_PROBED,,,,,REJECTED_CANDIDATE,
145,ES,ESSAYS_PHILOSOPHY,2,Miguel de Unamuno,Del sentimiento trágico de la vida,TITLE_AUTHOR,/works/OL30496092W,Del Sentimiento Trágico de la Vida,Miguel de Unamuno,/books/OL42447435M,Del Sentimiento Trágico de la Vida,,spa,9798595455343,Independently Published,2021,,,1.0,1.0,0.93,NOT_PROBED,,,,,REJECTED_CANDIDATE,
145,ES,ESSAYS_PHILOSOPHY,2,Miguel de Unamuno,Del sentimiento trágico de la vida,TITLE_ONLY,/works/OL34519330W,Del Sentimiento Trágico de la Vida,Miguel de Unamuno,/books/OL46828098M,Del Sentimiento Trágico de la Vida,,spa,9798370650918,Independently Published,2022,,,1.0,1.0,0.93,NOT_PROBED,,,,,REJECTED_CANDIDATE,
145,ES,ESSAYS_PHILOSOPHY,2,Miguel de Unamuno,Del sentimiento trágico de la vida,TITLE_AUTHOR,/works/OL36211883W,Del Sentimiento Trágico de la Vida,Miguel de Unamuno,/books/OL50728712M,Del Sentimiento Trágico de la Vida,,spa,9788418933905,Editorial Alma,2024,,,1.0,1.0,0.93,NOT_PROBED,,,,,REJECTED_CANDIDATE,
145,ES,ESSAYS_PHILOSOPHY,2,Miguel de Unamuno,Del sentimiento trágico de la vida,TITLE_AUTHOR,/works/OL41180982W,Del Sentimiento Tragico de la Vida (Spanish Edition),Miguel de Unamuno,/books/OL56172437M,Del Sentimiento Tragico de la Vida (Spanish Edition),,spa,9781534665958,CreateSpace Independent Publishing Platform,2016,,,0.95,1.0,0.904,NOT_PROBED,,,,,REJECTED_CANDIDATE,
145,ES,ESSAYS_PHILOSOPHY,2,Miguel de Unamuno,Del sentimiento trágico de la vida,TITLE_AUTHOR,/works/OL41328683W,Del Sentimiento Trágico de la Vida,Miguel de Unamuno,/books/OL56354798M,Del Sentimiento Trágico de la Vida,,spa,9781987692594,CreateSpace Independent Publishing Platform,2018,,,1.0,1.0,0.93,NOT_PROBED,,,,,REJECTED_CANDIDATE,
145,ES,ESSAYS_PHILOSOPHY,2,Miguel de Unamuno,Del sentimiento trágico de la vida,TITLE_AUTHOR,/works/OL41259489W,Del Sentimiento Tragico de la Vida,Miguel de Unamuno,/books/OL56410270M,Del Sentimiento Tragico de la Vida,,spa,9781500833879,CreateSpace Independent Publishing Platform,2014,,,1.0,1.0,0.93,NOT_PROBED,,,,,REJECTED_CANDIDATE,
146,ES,ESSAYS_PHILOSOPHY,2,Octavio Paz,El arco y la lira,TITLE_AUTHOR,/works/OL743095W,El arco y la lira,Octavio Paz,/books/OL16673155M,El arco y la lira: el poema,la revelación poética; poesía e historia.,spa,,Fondo de Cultura Económica,1970,,,1.0,1.0,0.9,NOT_PROBED,,,,,REJECTED_CANDIDATE,
146,ES,ESSAYS_PHILOSOPHY,2,Octavio Paz,El arco y la lira,TITLE_AUTHOR,/works/OL743213W,Arco y la lira,Octavio Paz,/books/OL18327308M,The bow and the lyre (El arco y la lira),"the poem, the poetic revelation, poetry and history.",eng | spa,0292707096,University of Texas Press,1973,,10046924,0.95,1.0,0.9590000000000001,VALID_COVER,324,500,JPEG,data/audit/reconstruction-ES-candidate-covers/ES-146-OL18327308M.jpeg,USABLE_CANDIDATE,
146,ES,ESSAYS_PHILOSOPHY,2,Octavio Paz,El arco y la lira,TITLE_AUTHOR,/works/OL743237W,El arco y la lira,Octavio Paz,/books/OL20406799M,El Arco y la lira,,spa,968,Fondo de Cultura Económica,1972,,,1.0,1.0,0.93,NOT_PROBED,,,,,REJECTED_CANDIDATE,
146,ES,ESSAYS_PHILOSOPHY,2,Octavio Paz,El arco y la lira,TITLE_AUTHOR,/works/OL31892140W,El arco y la lira,Octavio Paz,/books/OL43601471M,El arco y la lira,"el poema, la revelacion poetica, poesia e historia",spa,,Fondo de Cultura Económica,1982,,,1.0,1.0,0.9,NOT_PROBED,,,,,REJECTED_CANDIDATE,
146,ES,ESSAYS_PHILOSOPHY,2,Octavio Paz,El arco y la lira,TITLE_AUTHOR,/works/OL38755089W,El arco y la lira,Octavio Paz,/books/OL52763117M,El arco y la lira,el poema; la revelación poetica; poesía e historia,spa,,Fondo de Cúltura Económica,1973,,,1.0,1.0,0.9,NOT_PROBED,,,,,REJECTED_CANDIDATE,
146,ES,ESSAYS_PHILOSOPHY,2,Octavio Paz,El arco y la lira,TITLE_AUTHOR,/works/OL44526623W,El arco y la lira,Octavio Paz,/books/OL60804141M,El arco y la lira,"el poema, la revelación poética, poesía e historia",spa,,Fondo de Cultura Economica,1970,,,1.0,1.0,0.9,NOT_PROBED,,,,,REJECTED_CANDIDATE,
146,ES,ESSAYS_PHILOSOPHY,2,Octavio Paz,El arco y la lira,TITLE_AUTHOR,/works/OL742962W,El arco y la lira (Seccion de Lengua y Estudios Literarios),Octavio Paz,/books/OL9172383M,El arco y la lira (Seccion de Lengua y Estudios Literarios),,spa,9789681607821,"Fondo de Cultura Economica, Mexico","September 29, 2005",,1053900,0.95,1.0,0.9590000000000001,VALID_COVER,326,500,JPEG,data/audit/reconstruction-ES-candidate-covers/ES-146-OL9172383M.jpeg,USABLE_CANDIDATE,
147,ES,ESSAYS_PHILOSOPHY,2,Jorge Luis Borges,Otras inquisiciones,TITLE_AUTHOR,/works/OL110917W,Otras inquisiciones,Jorge Luis Borges,/books/OL14455919M,Otras inquisiciones,,spa,,Emecé Editores,1966,,10831380,1.0,1.0,0.9550000000000001,VALID_COVER,336,500,JPEG,data/audit/reconstruction-ES-candidate-covers/ES-147-OL14455919M.jpeg,USABLE_CANDIDATE,
147,ES,ESSAYS_PHILOSOPHY,2,Jorge Luis Borges,Otras inquisiciones,TITLE_AUTHOR,/works/OL26390878W,INQUISICIONES/ OTRAS INQUISICIONES,Jorge Luis Borges,/books/OL26320969M,Inquisiciones / Otras inquisiciones,,spa,9788499089546,Debolsillo,2013-07,,13403332,0.95,1.0,0.9590000000000001,VALID_COVER,328,500,JPEG,data/audit/reconstruction-ES-candidate-covers/ES-147-OL26320969M.jpeg,USABLE_CANDIDATE,
148,ES,ESSAYS_PHILOSOPHY,2,Carlos Fuentes,La nueva novela hispanoamericana,TITLE_ONLY,/works/OL10445830W,La nueva novela hispanoamericana,Carlos Fuentes,/books/OL13947520M,La nueva novela hispanoamericana,,spa,,Mortiz,1969,,,1.0,1.0,0.9,NOT_PROBED,,,,,REJECTED_CANDIDATE,
148,ES,ESSAYS_PHILOSOPHY,2,Carlos Fuentes,La nueva novela hispanoamericana,TITLE_ONLY,/works/OL872222W,La nueva novela hispanoamericana,Carlos Fuentes,/books/OL23335150M,La nueva novela hispanoamericana,,spa,9682701422,J. Mortiz,1980,,,1.0,1.0,0.93,NOT_PROBED,,,,,REJECTED_CANDIDATE,
148,ES,ESSAYS_PHILOSOPHY,2,Carlos Fuentes,La nueva novela hispanoamericana,TITLE_ONLY,/works/OL19683114W,La nueva novela hispanoamericana,Carlos Fuentes,/books/OL26899307M,La nueva novela hispanoamericana,,spa,,Mortiz,1969,,,1.0,1.0,0.9,NOT_PROBED,,,,,REJECTED_CANDIDATE,
148,ES,ESSAYS_PHILOSOPHY,2,Carlos Fuentes,La nueva novela hispanoamericana,TITLE_ONLY,/works/OL31527890W,La nueva novela hispanoamericana \,Carlos Fuentes,/books/OL43193451M,La nueva novela hispanoamericana \,,spa,,J. Mortiz,1980,,,1.0,1.0,0.9,NOT_PROBED,,,,,REJECTED_CANDIDATE,
148,ES,ESSAYS_PHILOSOPHY,2,Carlos Fuentes,La nueva novela hispanoamericana,TITLE_ONLY,/works/OL37465296W,La nueva novela hispanoamericana,Carlos Fuentes,/books/OL50484001M,La nueva novela hispanoamericana,,spa,,J. Mortiz,1974,,,1.0,1.0,0.9,NOT_PROBED,,,,,REJECTED_CANDIDATE,
149,ES,ESSAYS_PHILOSOPHY,2,Mario Vargas Llosa,La verdad de las mentiras,BROAD,/works/OL857566W,La verdad de las mentiras,Mario Vargas Llosa,/books/OL16141002M,La verdad de las mentiras,,spa,9788466369398,"Santillana Ediciones Generales, S.L. (Punto de Lectura)",2007,,8145364,1.0,1.0,0.9850000000000001,VALID_COVER,350,500,JPEG,data/audit/reconstruction-ES-candidate-covers/ES-149-OL16141002M.jpeg,USABLE_CANDIDATE,
149,ES,ESSAYS_PHILOSOPHY,2,Mario Vargas Llosa,La verdad de las mentiras,TITLE_AUTHOR,/works/OL857566W,La verdad de las mentiras,Mario Vargas Llosa,/books/OL18341363M,La verdad de las mentiras,ensayos sobre literatura,spa,8432206180,Seix Barral,1993,,5413478,1.0,1.0,0.9850000000000001,VALID_COVER,128,201,JPEG,data/audit/reconstruction-ES-candidate-covers/ES-149-OL18341363M.jpeg,USABLE_CANDIDATE,
149,ES,ESSAYS_PHILOSOPHY,2,Mario Vargas Llosa,La verdad de las mentiras,TITLE_AUTHOR,/works/OL38811469W,La verdad de las mentiras,Mario Vargas Llosa,/books/OL52843386M,La verdad de las mentiras,ensayos sobre la novela moderna,spa,,PEISA,1993,,,1.0,1.0,0.9,NOT_PROBED,,,,,REJECTED_CANDIDATE,
150,ES,ESSAYS_PHILOSOPHY,2,Fernando Savater,Ética para Amador,TITLE_AUTHOR,/works/OL2184619W,Ethique à l'usage de mon fils - Politique à l'usage de mon fils,Fernando Savater | Portuguese,/books/OL30530119M,Ética para Amador,,spa,9789686640373,Ariel,"Sep 30, 1991",,10463612,1.0,1.0,0.9850000000000001,VALID_COVER,312,500,JPEG,data/audit/reconstruction-ES-candidate-covers/ES-150-OL30530119M.jpeg,USABLE_CANDIDATE,
151,ES,ESSAYS_PHILOSOPHY,2,Eduardo Galeano,Las venas abiertas de América Latina,TITLE_AUTHOR,/works/OL698173W,Las venas abiertas de América Latina,Eduardo Galeano,/books/OL15462897M,Las venas abiertas de América Latina,,spa,9682319005,Siglo Veintiuno,1999,,14828515,1.0,1.0,0.9850000000000001,VALID_COVER,304,500,JPEG,data/audit/reconstruction-ES-candidate-covers/ES-151-OL15462897M.jpeg,USABLE_CANDIDATE,
151,ES,ESSAYS_PHILOSOPHY,2,Eduardo Galeano,Las venas abiertas de América Latina,TITLE_AUTHOR,/works/OL698135W,De Las venas abiertas de América Latina a Memoria del fuego,Eduardo Galeano,/books/OL2264562M,De Las venas abiertas de América Latina a Memoria del fuego,charla,spa,,Universidad de la República,1987,,,0.95,1.0,0.874,NOT_PROBED,,,,,REJECTED_CANDIDATE,
152,ES,ESSAYS_PHILOSOPHY,2,José Carlos Mariátegui,Siete ensayos de interpretación de la realidad peruana,TITLE_AUTHOR,/works/OL9234668W,Siete Ensayos de Interpretacion de La Realidad Peruana,Jose Carlos Mariategui,/books/OL13198757M,Siete Ensayos de Interpretacion de La Realidad Peruana,,spa,9789872238438,Ediciones El Andariego,August 2006,,3360575,1.0,1.0,0.9850000000000001,VALID_COVER,333,500,JPEG,data/audit/reconstruction-ES-candidate-covers/ES-152-OL13198757M.jpeg,USABLE_CANDIDATE,
152,ES,ESSAYS_PHILOSOPHY,2,José Carlos Mariátegui,Siete ensayos de interpretación de la realidad peruana,TITLE_AUTHOR,/works/OL10603881W,Siete ensayos de interpretacion de la realidad peruana,Jose  Carlos Mariategui,/books/OL13839326M,Siete ensayos de interpretacion de la realidad peruana.,,spa,,Biblioteca Amauta,1965,,,1.0,1.0,0.9,NOT_PROBED,,,,,REJECTED_CANDIDATE,
152,ES,ESSAYS_PHILOSOPHY,2,José Carlos Mariátegui,Siete ensayos de interpretación de la realidad peruana,TITLE_AUTHOR,/works/OL2944154W,7 [i.e. Siete] ensayos de interpretación de la realidad peruana,José Carlos Mariátegui,/books/OL18431923M,7 [I.e. Siete] ensayos de interpretación de la realidad peruana.,,spa,,"Biblioteca ""Amauta""",1944,,,0.95,1.0,0.874,NOT_PROBED,,,,,REJECTED_CANDIDATE,
152,ES,ESSAYS_PHILOSOPHY,2,José Carlos Mariátegui,Siete ensayos de interpretación de la realidad peruana,TITLE_AUTHOR,/works/OL12946066W,Siete ensayos de interpretación de la realidad peruana,José Carlos Mariateguí,/books/OL19964169M,Siete ensayos de interpretación de la realidad peruana.,,spa,,Amauta,1959,,,1.0,1.0,0.9,NOT_PROBED,,,,,REJECTED_CANDIDATE,
152,ES,ESSAYS_PHILOSOPHY,2,José Carlos Mariátegui,Siete ensayos de interpretación de la realidad peruana,TITLE_ONLY,/works/OL28631848W,Siete Ensayos de Interpretación de la Realidad Peruana,José Carlos Mariátegui y Martín,/books/OL39284687M,Siete Ensayos de Interpretación de la Realidad Peruana,,spa,9788498169706,"Linkgua Ediciones, S.L.",2014,,,1.0,0.95,0.917,NOT_PROBED,,,,,REJECTED_CANDIDATE,
152,ES,ESSAYS_PHILOSOPHY,2,José Carlos Mariátegui,Siete ensayos de interpretación de la realidad peruana,TITLE_AUTHOR,/works/OL2944165W,7 ensayos de interpretación de la realidad peruana,José Carlos Mariátegui,/books/OL4150185M,7 ensayos de interpretación de la realidad peruana,,spa,846600033X,Biblioteca Ayacucho,1979,,4369782,0.9423076923076923,1.0,0.9550000000000001,VALID_COVER,128,202,JPEG,data/audit/reconstruction-ES-candidate-covers/ES-152-OL4150185M.jpeg,USABLE_CANDIDATE,
152,ES,ESSAYS_PHILOSOPHY,2,José Carlos Mariátegui,Siete ensayos de interpretación de la realidad peruana,TITLE_AUTHOR,/works/OL2944167W,Siete ensayos de interpretación de la realidad peruana,José Carlos Mariátegui,/books/OL4624421M,Siete ensayos de interpretación de la realidad peruana,,spa,8474230012,Editorial Crítica,1976,,7955505,1.0,1.0,0.9850000000000001,VALID_COVER,301,500,JPEG,data/audit/reconstruction-ES-candidate-covers/ES-152-OL4624421M.jpeg,USABLE_CANDIDATE,
152,ES,ESSAYS_PHILOSOPHY,2,José Carlos Mariátegui,Siete ensayos de interpretación de la realidad peruana,TITLE_AUTHOR,/works/OL38793894W,Siete ensayos de interpretación de la realidad peruana,José Carlos Mariátegui,/books/OL52818659M,Siete ensayos de interpretación de la realidad peruana,,spa,,Biblioteca de Marcha,1970,,,1.0,1.0,0.9,NOT_PROBED,,,,,REJECTED_CANDIDATE,
152,ES,ESSAYS_PHILOSOPHY,2,José Carlos Mariátegui,Siete ensayos de interpretación de la realidad peruana,TITLE_AUTHOR,/works/OL2944124W,7 [siete] ensayos de interpretacion de la realidad peruana,José Carlos Mariátegui,/books/OL6468386M,7 [siete] ensayos de interpretacion de la realidad peruana.,,spa,,"Biblioteca ""Amauta,""",1944,,,0.95,1.0,0.874,NOT_PROBED,,,,,REJECTED_CANDIDATE,
153,ES,HISTORY_SOCIETY,2,Bartolomé de las Casas,Brevísima relación de la destrucción de las Indias,BROAD,/works/OL23117077W,Brevísima relación de la destruición de las Indias,Bartolomé de las Casas,/books/OL30958894M,Brevísima relación de la destruición de las Indias,,spa,9788415863014,Real Academia Española,2013,,13201430,0.98,1.0,0.9746000000000001,VALID_COVER,300,500,JPEG,data/audit/reconstruction-ES-candidate-covers/ES-153-OL30958894M.jpeg,USABLE_CANDIDATE,
153,ES,HISTORY_SOCIETY,2,Bartolomé de las Casas,Brevísima relación de la destrucción de las Indias,BROAD,/works/OL30195880W,Brevísima Relación de la Destrucción de Las Indias,Maritza Ramirez | Theodor de Bry | Bartolomé de las Casas,/books/OL46602509M,Brevísima Relación de la Destrucción de Las Indias,,spa,9788498970203,"Linkgua Ediciones, S.L.",2014,,,1.0,1.0,0.93,NOT_PROBED,,,,,REJECTED_CANDIDATE,
153,ES,HISTORY_SOCIETY,2,Bartolomé de las Casas,Brevísima relación de la destrucción de las Indias,BROAD,/works/OL37465340W,Brevísima relación de la destrucción de las Indias,Bartolomé de las Casas,/books/OL50484052M,Brevísima relación de la destrucción de las Indias,,spa,,Editorial Universitaria de Buenos Aires,1966,,,1.0,1.0,0.9,NOT_PROBED,,,,,REJECTED_CANDIDATE,
153,ES,HISTORY_SOCIETY,2,Bartolomé de las Casas,Brevísima relación de la destrucción de las Indias,BROAD,/works/OL40153708W,Brevisima Relacion de la Destruccion de Las Indias,Bartolomé de Las Casas,/books/OL54639769M,Brevisima Relacion de la Destruccion de Las Indias,,spa,9781519327970,CreateSpace Independent Publishing Platform,2015,,,1.0,1.0,0.93,NOT_PROBED,,,,,REJECTED_CANDIDATE,
153,ES,HISTORY_SOCIETY,2,Bartolomé de las Casas,Brevísima relación de la destrucción de las Indias,BROAD,/works/OL40682314W,Brevisima Relacion de la Destruccion de Las Indias,Fray Bartolomé de las Casas,/books/OL55302099M,Brevisima Relacion de la Destruccion de Las Indias,Documento Historico,spa,9781517345839,CreateSpace Independent Publishing Platform,2015,,,1.0,0.95,0.917,NOT_PROBED,,,,,REJECTED_CANDIDATE,
153,ES,HISTORY_SOCIETY,2,Bartolomé de las Casas,Brevísima relación de la destrucción de las Indias,BROAD,/works/OL41235917W,Brevísima Relación de la Destrucción de Las Indias,Bartolome de las Casas,/books/OL56014834M,Brevísima Relación de la Destrucción de Las Indias,,spa,9781508954736,CreateSpace Independent Publishing Platform,2015,,,1.0,1.0,0.93,NOT_PROBED,,,,,REJECTED_CANDIDATE,
153,ES,HISTORY_SOCIETY,2,Bartolomé de las Casas,Brevísima relación de la destrucción de las Indias,BROAD,/works/OL42357636W,Brevísima relación de la destrucción de las Indias,Bartolomé de las Casas,/books/OL57466331M,Brevísima relación de la destrucción de las Indias,,spa,,Grupo Editorial Huaca Prieta,2005,,,1.0,1.0,0.9,NOT_PROBED,,,,,REJECTED_CANDIDATE,
153,ES,HISTORY_SOCIETY,2,Bartolomé de las Casas,Brevísima relación de la destrucción de las Indias,BROAD,/works/OL957329W,"An account, much abbreviated, of the destruction of the Indies, with related texts",Bartolomé de las Casas | Franklin W. Knight | Andrew Hurley,/books/OL9153810M,Brevisima relacion de la destruccion de las Indias,,spa,9788496290099,Linkgua US,"February 22, 2006",,2273040,1.0,1.0,0.9850000000000001,VALID_COVER,323,500,JPEG,data/audit/reconstruction-ES-candidate-covers/ES-153-OL9153810M.jpeg,USABLE_CANDIDATE,
154,ES,HISTORY_SOCIETY,2,Bernal Díaz del Castillo,Historia verdadera de la conquista de la Nueva España,TITLE_AUTHOR,/works/OL2974718W,Historia verdadera de la conquista de la Nueva España,Bernal Díaz del Castillo,/books/OL25844130M,Historia verdadera de la conquista de la Nueva España,,spa,,Librería de Rosa,1837,,7378838,1.0,1.0,0.9550000000000001,VALID_COVER,284,500,JPEG,data/audit/reconstruction-ES-candidate-covers/ES-154-OL25844130M.jpeg,USABLE_CANDIDATE,
154,ES,HISTORY_SOCIETY,2,Bernal Díaz del Castillo,Historia verdadera de la conquista de la Nueva España,TITLE_AUTHOR,/works/OL28033189W,Historia Verdadera de la Conquista de la Nueva España I,Bernal Díaz del Castillo,/books/OL38354752M,Historia Verdadera de la Conquista de la Nueva España I,,spa,9788499531762,"Linkgua Ediciones, S.L.",2014,,13533018,0.95,1.0,0.9590000000000001,VALID_COVER,354,500,JPEG,data/audit/reconstruction-ES-candidate-covers/ES-154-OL38354752M.jpeg,USABLE_CANDIDATE,
154,ES,HISTORY_SOCIETY,2,Bernal Díaz del Castillo,Historia verdadera de la conquista de la Nueva España,TITLE_AUTHOR,/works/OL28033199W,Historia Verdadera de la Conquista de la Nueva España II,Bernal Diaz del Castillo,/books/OL38354762M,Historia Verdadera de la Conquista de la Nueva España II,,spa,9788499539065,"Linkgua Ediciones, S.L.",2014,,,0.95,1.0,0.904,NOT_PROBED,,,,,REJECTED_CANDIDATE,
154,ES,HISTORY_SOCIETY,2,Bernal Díaz del Castillo,Historia verdadera de la conquista de la Nueva España,TITLE_AUTHOR,/works/OL28683704W,Historia Verdadera de la Conquista de la Nueva España II,Bernal Díaz del Castillo,/books/OL39366618M,Historia Verdadera de la Conquista de la Nueva España II,,spa,9788499531755,"Linkgua Ediciones, S.L.",2014,,,0.95,1.0,0.904,NOT_PROBED,,,,,REJECTED_CANDIDATE,
154,ES,HISTORY_SOCIETY,2,Bernal Díaz del Castillo,Historia verdadera de la conquista de la Nueva España,TITLE_AUTHOR,/works/OL24494192W,Historia verdadera de la conquista de la Nueva España,Bernal Díaz del Castillo,/books/OL43433050M,Historia verdadera de la conquista de la Nueva España,,spa,8423912744,Espasa Calpe,1968,,13029022,1.0,1.0,0.9850000000000001,VALID_COVER,313,500,JPEG,data/audit/reconstruction-ES-candidate-covers/ES-154-OL43433050M.jpeg,USABLE_CANDIDATE,
154,ES,HISTORY_SOCIETY,2,Bernal Díaz del Castillo,Historia verdadera de la conquista de la Nueva España,TITLE_AUTHOR,/works/OL34074766W,Historia Verdadera de la Conquista de la Nueva España; Volume 1,Bernal Díaz del Castillo,/books/OL46141838M,Historia Verdadera de la Conquista de la Nueva España; Volume 1,,spa,9781015455085,"Creative Media Partners, LLC",2022,,13532945,0.95,1.0,0.9590000000000001,VALID_COVER,334,500,JPEG,data/audit/reconstruction-ES-candidate-covers/ES-154-OL46141838M.jpeg,USABLE_CANDIDATE,
154,ES,HISTORY_SOCIETY,2,Bernal Díaz del Castillo,Historia verdadera de la conquista de la Nueva España,TITLE_AUTHOR,/works/OL34074888W,Historia Verdadera de la Conquista de la Nueva España; Volume 2,Bernal Díaz del Castillo,/books/OL46142156M,Historia Verdadera de la Conquista de la Nueva España; Volume 2,,spa,9781015519848,"Creative Media Partners, LLC",2022,,13532900,0.95,1.0,0.9590000000000001,VALID_COVER,315,500,JPEG,data/audit/reconstruction-ES-candidate-covers/ES-154-OL46142156M.jpeg,USABLE_CANDIDATE,
155,ES,HISTORY_SOCIETY,2,Domingo Faustino Sarmiento,Facundo,TITLE_AUTHOR,/works/OL1161949W,"Facundo, civilización y barbarie",Domingo Faustino Sarmiento,/books/OL16615600M,"Facundo, civilización y barbarie",vida de Juan Facundo Quiroga.,spa,,Editorial Porrúa,1966,,,0.95,1.0,0.874,NOT_PROBED,,,,,REJECTED_CANDIDATE,
155,ES,HISTORY_SOCIETY,2,Domingo Faustino Sarmiento,Facundo,TITLE_AUTHOR,/works/OL1161937W,"Facundo, civilización y barbárie",Domingo Faustino Sarmiento,/books/OL18352876M,"Facundo, civilización y barbárie",,spa,8432039594,Planeta,1986,,8079209,0.95,1.0,0.9590000000000001,VALID_COVER,200,200,JPEG,data/audit/reconstruction-ES-candidate-covers/ES-155-OL18352876M.jpeg,USABLE_CANDIDATE,
155,ES,HISTORY_SOCIETY,2,Domingo Faustino Sarmiento,Facundo,TITLE_AUTHOR,/works/OL16029175W,"Facundo, civilización y barbarie",Domingo Faustino Sarmiento,/books/OL24931839M,"Facundo, civilización y barbarie",vida de Juan Facundo Quiroga,spa,9789684326019,Editorial Porrúa,1996,,6875496,0.95,1.0,0.9590000000000001,VALID_COVER,318,500,JPEG,data/audit/reconstruction-ES-candidate-covers/ES-155-OL24931839M.jpeg,USABLE_CANDIDATE,
155,ES,HISTORY_SOCIETY,2,Domingo Faustino Sarmiento,Facundo,TITLE_AUTHOR,/works/OL22375903W,"Facundo, o, Civilización y barbarie",Domingo Faustino Sarmiento,/books/OL30461543M,"Facundo, o, Civilización y barbarie",,spa,9789871518197,EDUVIM,2009,,13335136,0.95,1.0,0.9590000000000001,VALID_COVER,200,286,JPEG,data/audit/reconstruction-ES-candidate-covers/ES-155-OL30461543M.jpeg,USABLE_CANDIDATE,
155,ES,HISTORY_SOCIETY,2,Domingo Faustino Sarmiento,Facundo,TITLE_AUTHOR,/works/OL19771114W,Facundo,Domingo Faustino Sarmiento,/books/OL43531937M,Facundo,,spa,,Casa de las Américas,1982,,,1.0,1.0,0.9,NOT_PROBED,,,,,REJECTED_CANDIDATE,
155,ES,HISTORY_SOCIETY,2,Domingo Faustino Sarmiento,Facundo,TITLE_AUTHOR,/works/OL40297381W,Facundo,Domingo Faustino Sarmiento,/books/OL56392147M,Facundo,,spa,9781530879212,CreateSpace Independent Publishing Platform,2016,,,1.0,1.0,0.93,NOT_PROBED,,,,,REJECTED_CANDIDATE,
155,ES,HISTORY_SOCIETY,2,Domingo Faustino Sarmiento,Facundo,TITLE_AUTHOR,/works/OL38870971W,Facundo,Domingo Faustino Sarmiento,/books/OL57712379M,Facundo,,spa,,Sociedad de Bibliófilos Argentinos,1935,,,1.0,1.0,0.9,NOT_PROBED,,,,,REJECTED_CANDIDATE,
155,ES,HISTORY_SOCIETY,2,Domingo Faustino Sarmiento,Facundo,TITLE_AUTHOR,/works/OL34650905W,Facundo,Domingo Faustino Sarmiento,/books/OL62355483M,Facundo,,spa,,Ediciones Estrada,1953,,,1.0,1.0,0.9,NOT_PROBED,,,,,REJECTED_CANDIDATE,
155,ES,HISTORY_SOCIETY,2,Domingo Faustino Sarmiento,Facundo,TITLE_AUTHOR,/works/OL1161881W,"Facundo, or, civilization and barbarism",Domingo Faustino Sarmiento | Domingo Faustino Sarmiento | Domingo F. Sarmiento | 12,/books/OL6322587M,Facundo,,fre | spa,,Institut international de coopération intellectuelle,1934,,5817472,1.0,1.0,0.9550000000000001,VALID_COVER,301,500,JPEG,data/audit/reconstruction-ES-candidate-covers/ES-155-OL6322587M.jpeg,USABLE_CANDIDATE,
155,ES,HISTORY_SOCIETY,2,Domingo Faustino Sarmiento,Facundo,TITLE_AUTHOR,/works/OL27707852W,Facundo,Domingo Faustino Sarmiento | Juan Carlos Casas,/books/OL9199465M,Facundo,Civilizacion y Barbarie en Las Pampas Argentinas,spa,9789871136001,Stockcero,May 2003,,1055680,1.0,1.0,0.9850000000000001,VALID_COVER,333,500,JPEG,data/audit/reconstruction-ES-candidate-covers/ES-155-OL9199465M.jpeg,USABLE_CANDIDATE,
156,ES,HISTORY_SOCIETY,2,Rodolfo Walsh,Operación Masacre,TITLE_ONLY,/works/OL11081422W,Operación masacre,Rodolfo J Walsh,/books/OL14547948M,Operación masacre,,spa,,Ediciones De La Flor,1973,,,1.0,0.9285714285714286,0.8814285714285715,NOT_PROBED,,,,,REJECTED_CANDIDATE,
156,ES,HISTORY_SOCIETY,2,Rodolfo Walsh,Operación Masacre,TITLE_ONLY,/works/OL952656W,Operación masacre,Rodolfo J. Walsh,/books/OL22164350M,Operación masacre,,spa,950515352X,Ediciones de La Flor,1986,,5407661,1.0,0.9285714285714286,0.9664285714285715,VALID_COVER,128,182,JPEG,data/audit/reconstruction-ES-candidate-covers/ES-156-OL22164350M.jpeg,USABLE_CANDIDATE,
156,ES,HISTORY_SOCIETY,2,Rodolfo Walsh,Operación Masacre,TITLE_ONLY,/works/OL18769206W,Operación masacre,Rodolfo J. Walsh,/books/OL24046534M,Operación masacre,,spa,9788496822511,451 Editores,2008,,13067704,1.0,0.9285714285714286,0.9664285714285715,VALID_COVER,298,500,JPEG,data/audit/reconstruction-ES-candidate-covers/ES-156-OL24046534M.jpeg,USABLE_CANDIDATE,
156,ES,HISTORY_SOCIETY,2,Rodolfo Walsh,Operación Masacre,TITLE_ONLY,/works/OL15113367W,Operación Masacre seguido de La campaña periodística,Rodolfo J. Walsh,/books/OL24120262M,Operación Masacre seguido de La campaña periodística,,spa,9789505153329,Ediciones de la Flor,2009,,,0.95,0.9285714285714286,0.8854285714285715,NOT_PROBED,,,,,REJECTED_CANDIDATE,
156,ES,HISTORY_SOCIETY,2,Rodolfo Walsh,Operación Masacre,TITLE_ONLY,/works/OL19683842W,Operación masacre,Rodolfo J. Walsh,/books/OL26899916M,Operación masacre,,spa,,Ediciones de La Flor,1972,,,1.0,0.9285714285714286,0.8814285714285715,NOT_PROBED,,,,,REJECTED_CANDIDATE,
156,ES,HISTORY_SOCIETY,2,Rodolfo Walsh,Operación Masacre,TITLE_ONLY,/works/OL45781879W,Operación masacre,Rodolfo Walsh,/books/OL62314167M,Operación masacre,,spa,,Casa de las Américas,1970,,,1.0,1.0,0.9,NOT_PROBED,,,,,REJECTED_CANDIDATE,
156,ES,HISTORY_SOCIETY,2,Rodolfo Walsh,Operación Masacre,TITLE_ONLY,/works/OL9119792W,Operacion Masacre/ Massacre Operation,Rodolfo Walsh,/books/OL9137777M,Operacion Masacre/ Massacre Operation,,spa,9789505153527,De La Flor,"June 30, 2006",,5407659,0.95,1.0,0.9590000000000001,VALID_COVER,128,182,JPEG,data/audit/reconstruction-ES-candidate-covers/ES-156-OL9137777M.jpeg,USABLE_CANDIDATE,
157,ES,HISTORY_SOCIETY,2,Manuel Chaves Nogales,A sangre y fuego,TITLE_ONLY,/works/OL2466157W,A sangre y fuego,Manuel Echeverría,/books/OL4001211M,A sangre y fuego,,spa,9706512691,Océano,1999,,4351441,1.0,0.631578947368421,0.8892105263157896,VALID_COVER,128,199,JPEG,data/audit/reconstruction-ES-candidate-covers/ES-157-OL4001211M.jpeg,USABLE_CANDIDATE,
157,ES,HISTORY_SOCIETY,2,Manuel Chaves Nogales,A sangre y fuego,TITLE_AUTHOR,/works/OL3051151W,A sangre y fuego,Manuel Chaves Nogales,/books/OL62086421M,A sangre y fuego,,spa,8467020660,Espasa-Calpe,2006,,15229803,1.0,1.0,0.9850000000000001,VALID_COVER,261,391,JPEG,data/audit/reconstruction-ES-candidate-covers/ES-157-OL62086421M.jpeg,USABLE_CANDIDATE,
158,ES,HISTORY_SOCIETY,2,Arturo Barea,La forja de un rebelde,TITLE_AUTHOR,/works/OL1202287W,La llama,Arturo Barea,/books/OL21856126M,La forja de un rebelde,La llama,spa,9788485137633,Turner,1977,,12858510,1.0,1.0,0.9850000000000001,VALID_COVER,313,500,JPEG,data/audit/reconstruction-ES-candidate-covers/ES-158-OL21856126M.jpeg,USABLE_CANDIDATE,
158,ES,HISTORY_SOCIETY,2,Arturo Barea,La forja de un rebelde,TITLE_AUTHOR,/works/OL1202292W,La ruta,Arturo Barea,/books/OL4045025M,La forja de un rebelde,La ruta,spa,8485137639,Turner,1977,,9804485,1.0,1.0,0.9850000000000001,VALID_COVER,303,500,JPEG,data/audit/reconstruction-ES-candidate-covers/ES-158-OL4045025M.jpeg,USABLE_CANDIDATE,
160,ES,HISTORY_SOCIETY,2,Manuel Azaña,La velada en Benicarló,TITLE_AUTHOR,/works/OL1430242W,La velada en Benicarló,Manuel Azaña,/books/OL26695238M,La velada en Benicarló,Diálogo de la guerra de España,spa,9788470391842,Castalia,1974,,12840791,1.0,1.0,0.9850000000000001,VALID_COVER,326,500,JPEG,data/audit/reconstruction-ES-candidate-covers/ES-160-OL26695238M.jpeg,USABLE_CANDIDATE,
160,ES,HISTORY_SOCIETY,2,Manuel Azaña,La velada en Benicarló,BROAD,/works/OL1430242W,La velada en Benicarló,Manuel Azaña,/books/OL3823899M,La velada en Benicarló,,spa,842392081X,Espasa-Calpe,1981,,4903459,1.0,1.0,0.9850000000000001,VALID_COVER,128,195,JPEG,data/audit/reconstruction-ES-candidate-covers/ES-160-OL3823899M.jpeg,USABLE_CANDIDATE,
160,ES,HISTORY_SOCIETY,2,Manuel Azaña,La velada en Benicarló,TITLE_AUTHOR,/works/OL30983818W,Conocer A... Manuel AzañA. la Velada en Benicarló. Carta a Ángel Ossorio,Servando Gotor | Manuel Azaña,/books/OL42559309M,Conocer A... Manuel AzañA. la Velada en Benicarló. Carta a Ángel Ossorio,Edición Especial Divulgativa. Exhaustivamente Anotada y con Profusas Referencias Bibliográficas,spa,9798527322972,Independently Published,2021,,,0.95,1.0,0.904,NOT_PROBED,,,,,REJECTED_CANDIDATE,
160,ES,HISTORY_SOCIETY,2,Manuel Azaña,La velada en Benicarló,TITLE_AUTHOR,/works/OL28759545W,"Memorias políticas y de guerra, vol. 4",Manuel Azaña,/books/OL4977651M,"Memorias políticas y de guerra, vol. 4",Cuaderno de la Pobleta: 1937; Cuaderno de Pedralbes: 1938-39; La velada en Benicarló,spa,9788420201757,Afrodisio Aguado,1976,,,0.95,1.0,0.904,NOT_PROBED,,,,,REJECTED_CANDIDATE,
161,ES,YOUTH,3,Ana María Matute,Paulina,TITLE_AUTHOR,/works/OL8697185W,Paulina,Ana María Matute,/books/OL13226277M,Paulina,,spa,9788426437662,Lumeneditorial,"October 16, 2002",,,1.0,1.0,0.93,NOT_PROBED,,,,,REJECTED_CANDIDATE,
161,ES,YOUTH,3,Ana María Matute,Paulina,TITLE_AUTHOR,/works/OL979955W,Paulina,Ana María Matute,/books/OL136333M,Paulina,,spa,8426430279,Editorial Lumen,1998,,12888356,1.0,1.0,0.9850000000000001,VALID_COVER,431,500,JPEG,data/audit/reconstruction-ES-candidate-covers/ES-161-OL136333M.jpeg,USABLE_CANDIDATE,
161,ES,YOUTH,3,Ana María Matute,Paulina,TITLE_AUTHOR,/works/OL38633712W,"Paulina, el mundo y las estrellas",Ana María Matute,/books/OL52582779M,"Paulina, el mundo y las estrellas",,spa,,Garbo,1960,,,0.95,1.0,0.874,NOT_PROBED,,,,,REJECTED_CANDIDATE,
161,ES,YOUTH,3,Ana María Matute,Paulina,TITLE_AUTHOR,/works/OL8217012W,Paulina / Paulina (Grandes Autores),Ana María Matute,/books/OL9119681M,Paulina / Paulina (Grandes Autores),,spa,9788426430274,Lectorum Publications,January 2000,,,0.95,1.0,0.904,NOT_PROBED,,,,,REJECTED_CANDIDATE,
162,ES,YOUTH,3,Ana María Matute,El polizón del Ulises,TITLE_AUTHOR,/works/OL979932W,"El polizón del ""Ulises""",Ana María Matute,/books/OL9415073M,El Polizon Del Ulises,,spa,9788426430229,Lumeneditorial,April 1998,,14320245,1.0,1.0,0.9850000000000001,VALID_COVER,436,500,JPEG,data/audit/reconstruction-ES-candidate-covers/ES-162-OL9415073M.jpeg,USABLE_CANDIDATE,
163,ES,YOUTH,3,Juan Muñoz Martín,Fray Perico y su borrico,BROAD,/works/OL9114663W,Fray Perico y su borrico,Juan Muñoz Martín,/books/OL9129564M,Fray Perico y su borrico,,spa,9788434894099,Ediciones SM,2005,,12739890,1.0,1.0,0.9850000000000001,VALID_COVER,303,500,JPEG,data/audit/reconstruction-ES-candidate-covers/ES-163-OL9129564M.jpeg,USABLE_CANDIDATE,
164,ES,YOUTH,3,Elvira Lindo,Manolito Gafotas,TITLE_AUTHOR,/works/OL953170W,¡Cómo molo!,Elvira Lindo | Emilio González Urberuaga,/books/OL13190277M,¡Cómo molo!,(Otra de Manolito Gafotas),spa,9788420444390,Alfaguara,1999,,13440728,0.95,1.0,0.9590000000000001,VALID_COVER,368,500,JPEG,data/audit/reconstruction-ES-candidate-covers/ES-164-OL13190277M.jpeg,USABLE_CANDIDATE,
164,ES,YOUTH,3,Elvira Lindo,Manolito Gafotas,TITLE_AUTHOR,/works/OL16295477W,Manolito Gafotas,Elvira Lindo,/books/OL24044957M,Manolito Gafotas,,spa,9788422657101,Círculo de Lectores,1995,,8086918,1.0,1.0,0.9850000000000001,VALID_COVER,350,500,JPEG,data/audit/reconstruction-ES-candidate-covers/ES-164-OL24044957M.jpeg,USABLE_CANDIDATE,
164,ES,YOUTH,3,Elvira Lindo,Manolito Gafotas,TITLE_AUTHOR,/works/OL16812510W,Manolito gafotas,Elvira Lindo | Emilio Urberuaga,/books/OL25438063M,Manolito gafotas,,spa,9788432214233,Seix Barral,2013,,7271695,1.0,1.0,0.9850000000000001,VALID_COVER,143,244,JPEG,data/audit/reconstruction-ES-candidate-covers/ES-164-OL25438063M.jpeg,USABLE_CANDIDATE,
164,ES,YOUTH,3,Elvira Lindo,Manolito Gafotas,TITLE_AUTHOR,/works/OL11773970W,Manolito Gafotas,Elvira Lindo,/books/OL28754186M,Manolito Gafotas,,spa,9780761457305,Amazon Publishing,2010,,14494163,1.0,1.0,0.9850000000000001,VALID_COVER,292,500,JPEG,data/audit/reconstruction-ES-candidate-covers/ES-164-OL28754186M.jpeg,USABLE_CANDIDATE,
164,ES,YOUTH,3,Elvira Lindo,Manolito Gafotas,TITLE_AUTHOR,/works/OL26442188W,Manolito Gafotas,Elvira Lindo,/books/OL35727208M,Manolito Gafotas,,spa,9788420474021,Alfaguara,2008,,12466499,1.0,1.0,0.9850000000000001,VALID_COVER,306,500,JPEG,data/audit/reconstruction-ES-candidate-covers/ES-164-OL35727208M.jpeg,USABLE_CANDIDATE,
164,ES,YOUTH,3,Elvira Lindo,Manolito Gafotas,TITLE_AUTHOR,/works/OL953199W,Manolito Gafotas,Elvira Lindo,/books/OL3729877M,Manolito Gafotas,,spa,8495839458,8 1/2,2003,,13945257,1.0,1.0,0.9850000000000001,VALID_COVER,376,500,JPEG,data/audit/reconstruction-ES-candidate-covers/ES-164-OL3729877M.jpeg,USABLE_CANDIDATE,
165,ES,YOUTH,3,Jordi Sierra i Fabra,Kafka y la muñeca viajera,TITLE_AUTHOR,/works/OL707255W,Kafka y la muneca viajera / Kafka And the Traveling Doll (Las Tres Edades / the Three Ages),Jordi Sierra i Fabra,/books/OL13311452M,Kafka y la muñeca viajera,,spa,9788478449859,Siruela,"February 28, 2006",,12717018,1.0,1.0,0.9850000000000001,VALID_COVER,319,500,JPEG,data/audit/reconstruction-ES-candidate-covers/ES-165-OL13311452M.jpeg,USABLE_CANDIDATE,
165,ES,YOUTH,3,Jordi Sierra i Fabra,Kafka y la muñeca viajera,TITLE_AUTHOR,/works/OL707254W,Kafka y la muñeca viajera,Jordi Sierra i Fabra,/books/OL21478929M,Kafka y la muñeca viajera,,spa,847844985X,Siruela,2006,,5271506,1.0,1.0,0.9850000000000001,VALID_COVER,128,198,JPEG,data/audit/reconstruction-ES-candidate-covers/ES-165-OL21478929M.jpeg,USABLE_CANDIDATE,
165,ES,YOUTH,3,Jordi Sierra i Fabra,Kafka y la muñeca viajera,TITLE_AUTHOR,/works/OL25638987W,Kafka y la Muñeca Viajera,Jordi Sierra i Fabra,/books/OL34406511M,Kafka y la Muñeca Viajera,,spa,9788417454418,Siruela,2018,,,1.0,1.0,0.93,NOT_PROBED,,,,,REJECTED_CANDIDATE,
166,ES,YOUTH,3,Laura Gallego García,Finis Mundi,BROAD,/works/OL8120687W,Finis Mundi,Laura Gallego,/books/OL27103205M,Finis Mundi,,spa,9788434870116,SM,2002,,14624010,1.0,0.95,0.9720000000000001,VALID_COVER,310,500,JPEG,data/audit/reconstruction-ES-candidate-covers/ES-166-OL27103205M.jpeg,USABLE_CANDIDATE,
167,ES,YOUTH,3,María Isabel Molina,El señor del cero,TITLE_AUTHOR,/works/OL9058616W,El Señor Del Cero,Maria Isabel Molina,/books/OL13118044M,El Señor Del Cero,,spa,9789681903886,Santillana USA Publishing Company,November 2002,,3353789,1.0,1.0,0.9850000000000001,VALID_COVER,302,500,JPEG,data/audit/reconstruction-ES-candidate-covers/ES-167-OL13118044M.jpeg,USABLE_CANDIDATE,
168,ES,YOUTH,3,María Elena Walsh,Cuentopos de Gulubú,TITLE_AUTHOR,/works/OL9119626W,The Cuentopos de Gulubu,María Elena Walsh,/books/OL12954873M,The Cuentopos de Gulubu,,spa,9789500701105,Sudamericana,August 1994,,,0.95,1.0,0.904,NOT_PROBED,,,,,REJECTED_CANDIDATE,
168,ES,YOUTH,3,María Elena Walsh,Cuentopos de Gulubú,TITLE_AUTHOR,/works/OL9119627W,Cuentopos de Gulubu - Nuevo -,María Elena Walsh,/books/OL13000168M,Cuentopos de Gulubu - Nuevo -,,spa,9789508520937,"Espasa Calpe Mexicana, S.A.",March 1999,,,0.95,1.0,0.904,NOT_PROBED,,,,,REJECTED_CANDIDATE,
168,ES,YOUTH,3,María Elena Walsh,Cuentopos de Gulubú,TITLE_AUTHOR,/works/OL27123356W,Cuentopos de Gulubú / Silly Stories of Gulubu,María Elena Walsh,/books/OL36820079M,Cuentopos de Gulubú / Silly Stories of Gulubu,,spa,9781644739730,Penguin Random House Grupo Editorial,,,,0.95,1.0,0.889,NOT_PROBED,,,,,REJECTED_CANDIDATE,
169,ES,GRAPHIC,3,Quino,Mafalda,BROAD,/works/OL3582546W,10 años con Mafalda,Quino,/books/OL23001262M,10 años con Mafalda,,spa,9687723521,Editorial Lumen,1998,,13051733,0.95,1.0,0.9590000000000001,VALID_COVER,369,500,JPEG,data/audit/reconstruction-ES-candidate-covers/ES-169-OL23001262M.jpeg,USABLE_CANDIDATE,
169,ES,GRAPHIC,3,Quino,Mafalda,BROAD,/works/OL21364714W,Mafalda : Femenino Singular / Mafalda,Quino,/books/OL28940258M,Mafalda : Femenino Singular / Mafalda,Feminino Singular,spa,9786073179041,Penguin Random House Grupo Editorial,2019,,10658606,0.95,1.0,0.9590000000000001,VALID_COVER,500,402,JPEG,data/audit/reconstruction-ES-candidate-covers/ES-169-OL28940258M.jpeg,USABLE_CANDIDATE,
169,ES,GRAPHIC,3,Quino,Mafalda,BROAD,/works/OL27715892W,Mafalda,Quino,/books/OL37812886M,Mafalda,todas las tiras,spa,9786074213034,Tusquets editores,2012,,12716890,1.0,1.0,0.9850000000000001,VALID_COVER,500,404,JPEG,data/audit/reconstruction-ES-candidate-covers/ES-169-OL37812886M.jpeg,USABLE_CANDIDATE,
169,ES,GRAPHIC,3,Quino,Mafalda,BROAD,/works/OL3582604W,Mafalda,Quino,/books/OL4450859M,Mafalda,tiras,spa,9684290969,Editorial Nueva Imagen,1977,,12172296,1.0,1.0,0.9850000000000001,VALID_COVER,500,357,JPEG,data/audit/reconstruction-ES-candidate-covers/ES-169-OL4450859M.jpeg,USABLE_CANDIDATE,
169,ES,GRAPHIC,3,Quino,Mafalda,BROAD,/works/OL3582596W,Mafalda 2,Quino,/books/OL9119694M,Mafalda 2,,spa,9788426445025,Distribooks,May 1999,,1047037,0.95,1.0,0.9590000000000001,VALID_COVER,500,330,JPEG,data/audit/reconstruction-ES-candidate-covers/ES-169-OL9119694M.jpeg,USABLE_CANDIDATE,
170,ES,GRAPHIC,3,Héctor Germán Oesterheld,El Eternauta,BROAD,/works/OL20450588W,El Eternauta,H. G. Oesterheld | Francisco Solano Lopez,/books/OL27675189M,The Eternaut,,spa,9781978701984,Fantagraphics,2019,,9116932,1.0,0.7368421052631579,0.9165789473684212,VALID_COVER,500,386,JPEG,data/audit/reconstruction-ES-candidate-covers/ES-170-OL27675189M.jpeg,USABLE_CANDIDATE,
170,ES,GRAPHIC,3,Héctor Germán Oesterheld,El Eternauta,BROAD,/works/OL16497355W,El eternauta,H. G. Oesterheld,/books/OL32721673M,El eternauta,edición especial literatura complementaria,spa,9789879085332,Doedytores,2012,,11348505,1.0,0.7368421052631579,0.9165789473684212,VALID_COVER,500,359,JPEG,data/audit/reconstruction-ES-candidate-covers/ES-170-OL32721673M.jpeg,USABLE_CANDIDATE,
170,ES,GRAPHIC,3,Héctor Germán Oesterheld,El Eternauta,BROAD,/works/OL9199771M,El Eternauta,H. G. Oesterheld | Francisco Solano Lopez,/books/OL9199771M,El Eternauta,El Mundo Arrepentido,spa,9789872083212,Doedytores,May 2006,,1055779,1.0,0.7368421052631579,0.9165789473684212,VALID_COVER,360,500,JPEG,data/audit/reconstruction-ES-candidate-covers/ES-170-OL9199771M.jpeg,USABLE_CANDIDATE,
170,ES,GRAPHIC,3,Héctor Germán Oesterheld,El Eternauta,BROAD,/works/OL34953463W,"El Eternauta, 1957-2007, 50 Años",H. G. Oesterheld | Francisco Solano Lopez,/books/OL9200642M,"Eternauta, El - 50 Aos",,spa,9789879085264,Doedytores,December 2006,,1055961,0.95,0.7368421052631579,0.8905789473684211,VALID_COVER,500,368,JPEG,data/audit/reconstruction-ES-candidate-covers/ES-170-OL9200642M.jpeg,USABLE_CANDIDATE,
170,ES,GRAPHIC,3,Héctor Germán Oesterheld,El Eternauta,BROAD,/works/OL9201277M,El Eternauta,Solano Lopez | H. G. Oesterheld,/books/OL9201277M,El Eternauta,,spa,9789879961926,Distribuidora Record,October 1994,,,1.0,0.7368421052631579,0.8615789473684211,NOT_PROBED,,,,,REJECTED_CANDIDATE,
172,ES,GRAPHIC,3,Paco Roca,Los surcos del azar,TITLE_AUTHOR,/works/OL16812961W,Los surcos del azar,Paco Roca,/books/OL25438593M,Los surcos del azar,,spa,9788415685364,Astiberri,2013,,7272392,1.0,1.0,0.9850000000000001,VALID_COVER,351,500,JPEG,data/audit/reconstruction-ES-candidate-covers/ES-172-OL25438593M.jpeg,USABLE_CANDIDATE,
172,ES,GRAPHIC,3,Paco Roca,Los surcos del azar,TITLE_AUTHOR,/works/OL17080543W,Los surcos del azar,Paco Roca,/books/OL25650674M,Los surcos del azar,,spa,9788415685364,Astiberri,2014,,7352559,1.0,1.0,0.9850000000000001,VALID_COVER,351,500,JPEG,data/audit/reconstruction-ES-candidate-covers/ES-172-OL25650674M.jpeg,USABLE_CANDIDATE,
173,ES,GRAPHIC,3,Miguelanxo Prado,Trazo de tiza,TITLE_AUTHOR,/works/OL2206759W,Streak of Chalk (ComicsLit),Miguelanxo Prado,/books/OL25380027M,Trazo de Tiza,,spa,9788467908053,Norma,2012,,7152150,1.0,1.0,0.9850000000000001,VALID_COVER,385,500,JPEG,data/audit/reconstruction-ES-candidate-covers/ES-173-OL25380027M.jpeg,USABLE_CANDIDATE,
