target_index,language,category,priority,target_author,target_work,query_mode,work_key,work_title,work_authors,edition_key,edition_title,edition_subtitle,edition_languages,isbn,publisher,publish_date,page_count,cover_id,title_score,author_score,candidate_score,cover_state,cover_width,cover_height,cover_format,cover_local_path,candidate_state,acquisition_search_state
2,IT,ITALIAN_CANON,1,Dante Alighieri,Vita nuova,TITLE_ONLY,/works/OL93122W,La vita nuova (The new life),Dante Alighieri | Stanley Appelbaum,/books/OL24973112M,La vita nuova = The new life,"secondo la lezione del cod. Strozziano vi, 143",ita | eng,,Tipografia Domenicana,1906,,6890316,0.95,1.0,0.929,VALID_COVER,338,500,JPEG,data/audit/reconstruction-IT-candidate-covers/IT-002-OL24973112M.jpeg,USABLE_CANDIDATE,
2,IT,ITALIAN_CANON,1,Dante Alighieri,Vita nuova,BROAD,/works/OL15207876W,La Vita nuova di Dante Allighieri,Dante Alighieri,/books/OL25452687M,La Vita nuova di Dante Alighieri,,ita,,G.C. Sansoni,1890,,9968886,0.95,1.0,0.929,VALID_COVER,300,500,JPEG,data/audit/reconstruction-IT-candidate-covers/IT-002-OL25452687M.jpeg,USABLE_CANDIDATE,
2,IT,ITALIAN_CANON,1,Dante Alighieri,Vita nuova,BROAD,/works/OL93228W,Vita nuova,Dante Alighieri | Dante Gabriel Rossetti | Michael Palmer | Dante Rossetti | Roger Grass,/books/OL6928163M,The New life of Dante Alighieri,,eng | ita,,"Houghton, Mifflin",1892,,5862743,1.0,1.0,0.9550000000000001,VALID_COVER,337,500,JPEG,data/audit/reconstruction-IT-candidate-covers/IT-002-OL6928163M.jpeg,USABLE_CANDIDATE,
2,IT,ITALIAN_CANON,1,Dante Alighieri,Vita nuova,TITLE_ONLY,/works/OL93228W,Vita nuova,Dante Alighieri | Dante Gabriel Rossetti | Michael Palmer | Dante Rossetti | Roger Grass,/books/OL7232716M,The new life (La vita nuova) of Dante Alighieri,,eng | ita,,Ellis and Elvey,1899,,5551442,1.0,1.0,0.9550000000000001,VALID_COVER,321,500,JPEG,data/audit/reconstruction-IT-candidate-covers/IT-002-OL7232716M.jpeg,USABLE_CANDIDATE,
3,IT,ITALIAN_CANON,1,Dante Alighieri,Convivio,TITLE_AUTHOR,/works/OL93126W,Le opere minori,Dante Alighieri,/books/OL16407125M,Opere minori,"Rime, Vita nuova, Convivio, De Vulgari eloquentia, De monarchia, Epistole-Ecolge, Questio de aqua et terra",ita,,Rizzoli,1966,,,0.95,1.0,0.874,NOT_PROBED,,,,,REJECTED_CANDIDATE,
3,IT,ITALIAN_CANON,1,Dante Alighieri,Convivio,TITLE_AUTHOR,/works/OL93230W,Il Paradiso,Dante Alighieri,/books/OL5499926M,La divina commedia,"le Rime, i versi della Vita nuova e le canzoni del Convivio.",ita,,G. Einaudi,1968,,,0.95,1.0,0.874,NOT_PROBED,,,,,REJECTED_CANDIDATE,
4,IT,ITALIAN_CANON,1,Dante Alighieri,Rime,TITLE_AUTHOR,/works/OL93203W,Poems,Dante Alighieri,/books/OL17869554M,Rime,a cura di Gianfranco Contini.,ita,,G. Einaudi,1946,,,1.0,1.0,0.9,NOT_PROBED,,,,,REJECTED_CANDIDATE,
4,IT,ITALIAN_CANON,1,Dante Alighieri,Rime,TITLE_AUTHOR,/works/OL93128W,Le rime,Dante Alighieri,/books/OL20601610M,Le Rime,,ita,,P. Fiaccardori,1842,,9547742,0.7272727272727273,1.0,0.8131818181818182,VALID_COVER,320,500,JPEG,data/audit/reconstruction-IT-candidate-covers/IT-004-OL20601610M.jpeg,USABLE_CANDIDATE,
5,IT,ITALIAN_CANON,1,Francesco Petrarca,Canzoniere,TITLE_AUTHOR,/works/OL15469822W,Rime,Francesco Petrarca,/books/OL24434967M,Il Canzoniere,,ita,,Hoepli,1918,,7031488,0.95,1.0,0.929,VALID_COVER,306,500,JPEG,data/audit/reconstruction-IT-candidate-covers/IT-005-OL24434967M.jpeg,USABLE_CANDIDATE,
5,IT,ITALIAN_CANON,1,Francesco Petrarca,Canzoniere,TITLE_AUTHOR,/works/OL20267865W,Canzoniere,Francesco Petrarca,/books/OL35736305M,Canzoniere,,ita,9788807820557,Feltrinelli,1992,,12480840,1.0,1.0,0.9850000000000001,VALID_COVER,309,500,JPEG,data/audit/reconstruction-IT-candidate-covers/IT-005-OL35736305M.jpeg,USABLE_CANDIDATE,
5,IT,ITALIAN_CANON,1,Francesco Petrarca,Canzoniere,TITLE_AUTHOR,/works/OL28190121W,Rime,Francesco Petrarca,/books/OL38626971M,Rime,"canzoniere, trionfi, estravaganti",ita,8820306344,U. Hoepli,1987,,,0.95,1.0,0.904,NOT_PROBED,,,,,REJECTED_CANDIDATE,
6,IT,ITALIAN_CANON,1,Francesco Petrarca,Trionfi,TITLE_AUTHOR,/works/OL15469822W,Rime,Francesco Petrarca,/books/OL14254154M,Trionfi e Canzoniere,,ita,,"[Hannibal Malpiglius, v. 1] ; Sigimundus de Libris [v.2]",1475,,,0.95,1.0,0.874,NOT_PROBED,,,,,REJECTED_CANDIDATE,
6,IT,ITALIAN_CANON,1,Francesco Petrarca,Trionfi,TITLE_AUTHOR,/works/OL878569W,Rime e trionfi,Francesco Petrarca,/books/OL14961773M,Rime e trionfi,,ita,,Rizzoli,1957,,,0.95,1.0,0.874,NOT_PROBED,,,,,REJECTED_CANDIDATE,
6,IT,ITALIAN_CANON,1,Francesco Petrarca,Trionfi,TITLE_AUTHOR,/works/OL878560W,I trionfi,Francesco Petrarca,/books/OL19714597M,I Trionfi.,,ita,,Rizzoli,1956,,,0.95,1.0,0.874,NOT_PROBED,,,,,REJECTED_CANDIDATE,
6,IT,ITALIAN_CANON,1,Francesco Petrarca,Trionfi,BROAD,/works/OL878540W,Rime e Trionfi di Francesco Petrarca,Francesco Petrarca,/books/OL20059199M,Rime e trionfi di Francesco Petrarca,,ita,,Unione tipografico-editrice torinese,1960,,,0.95,1.0,0.874,NOT_PROBED,,,,,REJECTED_CANDIDATE,
6,IT,ITALIAN_CANON,1,Francesco Petrarca,Trionfi,TITLE_ONLY,/works/OL878387W,I trionfi di Francesco Petrarca,Francesco Petrarca,/books/OL21779330M,I trionfi di Francesco Petrarca,testo critico,ita,,M. Niemeyer,1902,,,0.95,1.0,0.874,NOT_PROBED,,,,,REJECTED_CANDIDATE,
6,IT,ITALIAN_CANON,1,Francesco Petrarca,Trionfi,TITLE_AUTHOR,/works/OL28190121W,Rime,Francesco Petrarca,/books/OL38626971M,Rime,"canzoniere, trionfi, estravaganti",ita,8820306344,U. Hoepli,1987,,,0.95,1.0,0.904,NOT_PROBED,,,,,REJECTED_CANDIDATE,
6,IT,ITALIAN_CANON,1,Francesco Petrarca,Trionfi,TITLE_AUTHOR,/works/OL28185421W,Trionfi,Francesco Petrarca,/books/OL38627018M,Trionfi,,ita,8817124702,Biblioteca Universale Rizzoli,1984,,,1.0,1.0,0.93,NOT_PROBED,,,,,REJECTED_CANDIDATE,
6,IT,ITALIAN_CANON,1,Francesco Petrarca,Trionfi,TITLE_AUTHOR,/works/OL39769435W,Trionfi,Francesco Petrarca,/books/OL54178770M,Trionfi,,ita,9781481105774,CreateSpace Independent Publishing Platform,2012,,,1.0,1.0,0.93,NOT_PROBED,,,,,REJECTED_CANDIDATE,
6,IT,ITALIAN_CANON,1,Francesco Petrarca,Trionfi,BROAD,/works/OL878387W,I trionfi di Francesco Petrarca,Francesco Petrarca,/books/OL6933154M,I trionfi di Francesco Petrarca.,,ita,,Genua & Strizzi,1891,,,0.95,1.0,0.874,NOT_PROBED,,,,,REJECTED_CANDIDATE,
7,IT,ITALIAN_CANON,1,Giovanni Boccaccio,Decameron,TITLE_ONLY,/works/OL4214452W,Vita di forme e forme di vita nel Decameron,Giovanni Getto,/books/OL21454711M,Vita di forme e forme di vita nel Decameron.,,ita,,Petrini,1972,,,0.95,0.625,0.7765,NOT_PROBED,,,,,REJECTED_CANDIDATE,
7,IT,ITALIAN_CANON,1,Giovanni Boccaccio,Decameron,TITLE_AUTHOR,/works/OL7180581W,Novelle scelte dal Decamerone di Giovanni Boccaccio,Giovanni Boccaccio,/books/OL24434701M,Novelle scelte dal Decamerone,con commenti filologici e rettorici ad uso delle scuole e degli studiosi della lingua,ita,,Sansoni,1911,,7208079,0.95,1.0,0.929,VALID_COVER,312,500,JPEG,data/audit/reconstruction-IT-candidate-covers/IT-007-OL24434701M.jpeg,USABLE_CANDIDATE,
7,IT,ITALIAN_CANON,1,Giovanni Boccaccio,Decameron,TITLE_ONLY,/works/OL41912136W,Decameron,Giovanni Boccaccio,/books/OL57458875M,Decameron,,ita | lat,,Editori Riuniti,1980,,,1.0,1.0,0.9,NOT_PROBED,,,,,REJECTED_CANDIDATE,
7,IT,ITALIAN_CANON,1,Giovanni Boccaccio,Decameron,TITLE_AUTHOR,/works/OL45412521W,[Decamerone],Giovanni Boccaccio,/books/OL61881584M,[Decamerone],,ita,,Sine nomine,1380,,,0.95,1.0,0.874,NOT_PROBED,,,,,REJECTED_CANDIDATE,
8,IT,ITALIAN_CANON,1,Giovanni Boccaccio,Elegia di Madonna Fiammetta,TITLE_AUTHOR,/works/OL20653675W,L'elegia di madonna Fiammetta,Giovanni Boccaccio,/books/OL27927324M,L'elegia di madonna Fiammetta,con le chiose inedite,ita,,G. Laterza,1939,,9300414,0.95,1.0,0.929,VALID_COVER,300,500,JPEG,data/audit/reconstruction-IT-candidate-covers/IT-008-OL27927324M.jpeg,USABLE_CANDIDATE,
8,IT,ITALIAN_CANON,1,Giovanni Boccaccio,Elegia di Madonna Fiammetta,BROAD,/works/OL20653675W,L'elegia di madonna Fiammetta,Giovanni Boccaccio,/books/OL48839151M,Elegia Di Madonna Fiammetta,,ita,9798541822922,Independently Published,2021,,,1.0,1.0,0.93,NOT_PROBED,,,,,REJECTED_CANDIDATE,
8,IT,ITALIAN_CANON,1,Giovanni Boccaccio,Elegia di Madonna Fiammetta,TITLE_AUTHOR,/works/OL15231350W,Fiammetta,Giovanni Boccaccio,/books/OL4986242M,Elegia di madonna Fiammetta,,ita,,G. Einaudi,1976,,,1.0,1.0,0.9,NOT_PROBED,,,,,REJECTED_CANDIDATE,
8,IT,ITALIAN_CANON,1,Giovanni Boccaccio,Elegia di Madonna Fiammetta,TITLE_AUTHOR,/works/OL39706120W,Elegia Di Madonna Fiammetta,Giovanni Boccaccio,/books/OL55153211M,Elegia Di Madonna Fiammetta,,ita,9781512338867,The Perfect Library,2015,,,1.0,1.0,0.93,NOT_PROBED,,,,,REJECTED_CANDIDATE,
9,IT,ITALIAN_CANON,1,Giovanni Boccaccio,Corbaccio,TITLE_AUTHOR,/works/OL7180613W,Il corbaccio,Giovanni Boccaccio,/books/OL15524701M,Il Corbaccio di Messer Giovanni Boccaccio.,,ita,,Fratelli Amoretti,1800,,6906815,0.95,1.0,0.929,VALID_COVER,318,500,JPEG,data/audit/reconstruction-IT-candidate-covers/IT-009-OL15524701M.jpeg,USABLE_CANDIDATE,
9,IT,ITALIAN_CANON,1,Giovanni Boccaccio,Corbaccio,TITLE_AUTHOR,/works/OL7180524W,"Opere in versi, Corbaccio, Trattatello in laude di Dante, prose latine, epistole",Giovanni Boccaccio,/books/OL17063758M,Opere in versi,"Corbaccio, Trattatello in laude di Dante : prose latine, epistole",ita,,R. Ricciardi,1965,,,0.95,1.0,0.874,NOT_PROBED,,,,,REJECTED_CANDIDATE,
9,IT,ITALIAN_CANON,1,Giovanni Boccaccio,Corbaccio,TITLE_AUTHOR,/works/OL7180591W,Giovanni Boccaccio,Giovanni Boccaccio,/books/OL17307124M,Giovanni Boccaccio.,"Il Corbaccio.  Introduzione, testo critico e note a cura di Tanno Nurmela.",ita,,,1968,,,0.95,1.0,0.849,NOT_PROBED,,,,,REJECTED_CANDIDATE,
9,IT,ITALIAN_CANON,1,Giovanni Boccaccio,Corbaccio,TITLE_AUTHOR,/works/OL24177954W,Elegia di madonna Fiammetta-Corbaccio,Giovanni Boccaccio,/books/OL37812813M,Elegia di madonna Fiammetta ; Corbaccio,,ita,9788811583585,Garzanti,1988,,12716798,0.95,1.0,0.9590000000000001,VALID_COVER,284,500,JPEG,data/audit/reconstruction-IT-candidate-covers/IT-009-OL37812813M.jpeg,USABLE_CANDIDATE,
9,IT,ITALIAN_CANON,1,Giovanni Boccaccio,Corbaccio,TITLE_AUTHOR,/works/OL15231350W,Fiammetta,Giovanni Boccaccio,/books/OL4356297M,Elegia di Madonna Fiammetta.,Corbaccio o Laberinto d'amore.,ita,,Avanzini e Torraca,1967,,,0.95,1.0,0.874,NOT_PROBED,,,,,REJECTED_CANDIDATE,
9,IT,ITALIAN_CANON,1,Giovanni Boccaccio,Corbaccio,TITLE_AUTHOR,/works/OL33249102W,Giovanni Boccaccio. Il Corbaccio,Giovanni Boccaccio,/books/OL45141397M,Giovanni Boccaccio. Il Corbaccio,,ita,,,1968,,,0.95,1.0,0.849,NOT_PROBED,,,,,REJECTED_CANDIDATE,
9,IT,ITALIAN_CANON,1,Giovanni Boccaccio,Corbaccio,TITLE_AUTHOR,/works/OL7180602W,L' Ameto,Giovanni Boccaccio | Judith Serafini-Sauli,/books/OL6493608M,L' ameto.,Lettere. Il corbaccio.,ita,,G. Laterze & figli,1940,,,0.95,1.0,0.874,NOT_PROBED,,,,,REJECTED_CANDIDATE,
10,IT,ITALIAN_CANON,1,Ludovico Ariosto,Orlando furioso,TITLE_ONLY,/works/OL10501316W,L' Orlando furioso,Lodovico Ariosto,/books/OL13733555M,L' Orlando furioso.,,ita,,Appresso Giuseppe Rossi qu: Bortolo,1791,,,0.95,0.9375,0.85775,NOT_PROBED,,,,,REJECTED_CANDIDATE,
10,IT,ITALIAN_CANON,1,Ludovico Ariosto,Orlando furioso,BROAD,/works/OL10501315W,Orlando furioso di Ludovico Ariosto,Lodovico Ariosto,/books/OL18542132M,Orlando furioso di Ludovico Ariosto,,ita,,presso Romualdo Zotti,1814,,,0.95,0.9375,0.85775,NOT_PROBED,,,,,REJECTED_CANDIDATE,
10,IT,ITALIAN_CANON,1,Ludovico Ariosto,Orlando furioso,BROAD,/works/OL2899870W,Orlando furioso di Ludovico Ariosto,Lodovico Ariosto,/books/OL22148948M,Orlando furioso di Ludovico Ariosto,,ita,,U. Hoepli,1934,,,0.95,0.9375,0.85775,NOT_PROBED,,,,,REJECTED_CANDIDATE,
10,IT,ITALIAN_CANON,1,Ludovico Ariosto,Orlando furioso,BROAD,/works/OL2899874W,L' Orlando furioso,Lodovico Ariosto,/books/OL24614367M,The Orlando furioso,,eng | ita,,Bohn,1872,,7209743,0.95,0.9375,0.9127500000000001,VALID_COVER,288,500,JPEG,data/audit/reconstruction-IT-candidate-covers/IT-010-OL24614367M.jpeg,USABLE_CANDIDATE,
10,IT,ITALIAN_CANON,1,Ludovico Ariosto,Orlando furioso,BROAD,/works/OL34647539W,Orlando Furioso,Lodovico Ariosto,/books/OL52702594M,Orlando furioso,,eng | ita,,Henry Hudson,1816,,,1.0,0.9375,0.88375,NOT_PROBED,,,,,REJECTED_CANDIDATE,
10,IT,ITALIAN_CANON,1,Ludovico Ariosto,Orlando furioso,TITLE_ONLY,/works/OL43135028W,Orlando furioso,Lodovico Ariosto,/books/OL58750560M,Orlando furioso,,ita,,"Appresso Fantin, librajo quai degli Agostini.",1805,,,1.0,0.9375,0.88375,NOT_PROBED,,,,,REJECTED_CANDIDATE,
10,IT,ITALIAN_CANON,1,Ludovico Ariosto,Orlando furioso,TITLE_ONLY,/works/OL43135812W,Orlando fvrioso,Lodovico Ariosto,/books/OL58751026M,Orlando fvrioso,,ita,,Appresso Gabriel Giolito de Ferrari. e fratelli.,1551,,,0.9333333333333333,0.9375,0.8490833333333333,NOT_PROBED,,,,,REJECTED_CANDIDATE,
11,IT,ITALIAN_CANON,1,Ludovico Ariosto,Satire,BROAD,/works/OL2899843W,Delle satire e rime,Lodovico Ariosto,/books/OL16942953M,Delle satire e rime,di M. Ludovico Ariosto libri due.,ita,,per Giovanni Pickard,1716,,,0.95,0.9375,0.85775,NOT_PROBED,,,,,REJECTED_CANDIDATE,
11,IT,ITALIAN_CANON,1,Ludovico Ariosto,Satire,BROAD,/works/OL2899848W,Le satire di Ludovico Ariosto,Lodovico Ariosto,/books/OL21325586M,Le satire di Ludovico Ariosto,,ita,,Sansoni,1942,,,0.95,0.9375,0.85775,NOT_PROBED,,,,,REJECTED_CANDIDATE,
11,IT,ITALIAN_CANON,1,Ludovico Ariosto,Satire,BROAD,/works/OL10501310W,The satires of Ludovico Ariosto,Lodovico Ariosto,/books/OL22174372M,The satires of Ludovico Ariosto,a Renaissance autobiography,eng | ita,0821401718,Ohio University Press,1976,,,0.95,0.9375,0.88775,NOT_PROBED,,,,,REJECTED_CANDIDATE,
12,IT,ITALIAN_CANON,1,Torquato Tasso,Gerusalemme liberata,TITLE_AUTHOR,/works/OL20121848W,La Gerusalemme liberata,Torquato Tasso,/books/OL27301793M,La Gerusalemme liberata,,ita,,Edoardo Perino,1890,,8776143,0.95,1.0,0.929,VALID_COVER,349,500,JPEG,data/audit/reconstruction-IT-candidate-covers/IT-012-OL27301793M.jpeg,USABLE_CANDIDATE,
12,IT,ITALIAN_CANON,1,Torquato Tasso,Gerusalemme liberata,TITLE_ONLY,/works/OL36887490W,Gerusalemme liberata,Torquato Tasso | Lanfranco Caretti,/books/OL49823506M,Gerusalemme liberata,,ita,9788804563013,Laterza,1961,,,1.0,1.0,0.93,NOT_PROBED,,,,,REJECTED_CANDIDATE,
12,IT,ITALIAN_CANON,1,Torquato Tasso,Gerusalemme liberata,TITLE_AUTHOR,/works/OL43754246W,La Gerusalemme liberata,Torquato Tasso | Giambattista Bodoni,/books/OL59756230M,La Gerusalemme liberata,,ita,,G. C. Sansoni,1890,,,0.95,1.0,0.874,NOT_PROBED,,,,,REJECTED_CANDIDATE,
12,IT,ITALIAN_CANON,1,Torquato Tasso,Gerusalemme liberata,TITLE_AUTHOR,/works/OL43952309W,La Gerusalemme liberata,Torquato Tasso,/books/OL60026454M,La Gerusalemme liberata,,ita,,Nella stamperia di Luigi Chambeau ...,1764,,,0.95,1.0,0.874,NOT_PROBED,,,,,REJECTED_CANDIDATE,
12,IT,ITALIAN_CANON,1,Torquato Tasso,Gerusalemme liberata,TITLE_AUTHOR,/works/OL44485627W,La Gerusalemme liberata,Torquato Tasso,/books/OL60990458M,La Gerusalemme liberata,,ita,,Appresso i Fratelli Walther,1786,,,0.95,1.0,0.874,NOT_PROBED,,,,,REJECTED_CANDIDATE,
12,IT,ITALIAN_CANON,1,Torquato Tasso,Gerusalemme liberata,TITLE_AUTHOR,/works/OL44697432W,La Gerusalemme liberata,Torquato Tasso,/books/OL61133400M,La Gerusalemme liberata,,ita,,"Si vende in Livorno, presso Gio. Tomo. Masi e com.",1778,,,0.95,1.0,0.874,NOT_PROBED,,,,,REJECTED_CANDIDATE,
12,IT,ITALIAN_CANON,1,Torquato Tasso,Gerusalemme liberata,TITLE_AUTHOR,/works/OL44922637W,La Gerusalemme liberata,Torquato Tasso | Giovanni Gherardini,/books/OL61320794M,La Gerusalemme liberata,,ita,,,1881,,,0.95,1.0,0.849,NOT_PROBED,,,,,REJECTED_CANDIDATE,
13,IT,ITALIAN_CANON,1,Torquato Tasso,Aminta,TITLE_AUTHOR,/works/OL28198321W,Aminta e Rime,Torquato Tasso,/books/OL38604542M,Aminta e Rime,,ita,,G. Einaudi,1976,,,0.95,1.0,0.874,NOT_PROBED,,,,,REJECTED_CANDIDATE,
13,IT,ITALIAN_CANON,1,Torquato Tasso,Aminta,TITLE_AUTHOR,/works/OL502804W,Aminta e Rime,Torquato Tasso,/books/OL4996996M,Aminta e Rime,,ita,,G. Einaudi,1976,,,0.95,1.0,0.874,NOT_PROBED,,,,,REJECTED_CANDIDATE,
13,IT,ITALIAN_CANON,1,Torquato Tasso,Aminta,BROAD,/works/OL19815817W,Opere di Torquato Tasso,Torquato Tasso | Angelo Fabroni | Giovanni Gherardini,/books/OL50887722M,Opere Di Torquato Tasso,L'aminta e le Poesie Amorose...,ita,9781021590923,"Creative Media Partners, LLC",2023,,,0.95,1.0,0.904,NOT_PROBED,,,,,REJECTED_CANDIDATE,
13,IT,ITALIAN_CANON,1,Torquato Tasso,Aminta,TITLE_AUTHOR,/works/OL44295236W,Aminta,Torquato Tasso | Giulio Marzot,/books/OL60760095M,Aminta,,ita,,G.C. Sansoni,1928,,,1.0,1.0,0.9,NOT_PROBED,,,,,REJECTED_CANDIDATE,
13,IT,ITALIAN_CANON,1,Torquato Tasso,Aminta,TITLE_AUTHOR,/works/OL44697407W,Aminta,Torquato Tasso,/books/OL61042737M,Aminta,favola boschereccia,ita,,Per Vittorio Baldinj.,1581,,,1.0,1.0,0.9,NOT_PROBED,,,,,REJECTED_CANDIDATE,
13,IT,ITALIAN_CANON,1,Torquato Tasso,Aminta,BROAD,/works/OL44697407W,Aminta,Torquato Tasso,/books/OL61099049M,Aminta,favola boschereccia,ita,,Impresso co'caratteri Bodoniani,1792,,,1.0,1.0,0.9,NOT_PROBED,,,,,REJECTED_CANDIDATE,
13,IT,ITALIAN_CANON,1,Torquato Tasso,Aminta,TITLE_AUTHOR,/works/OL37748890W,Aminta,Torquato Tasso,/books/OL62263971M,Aminta,,ita,,F. Vallardi,1936,,,1.0,1.0,0.9,NOT_PROBED,,,,,REJECTED_CANDIDATE,
14,IT,ITALIAN_CANON,1,Niccolò Machiavelli,Il Principe,TITLE_AUTHOR,/works/OL15390915W,Il principe e le deche,Niccolò Machiavelli,/books/OL24368954M,Il principe e le deche,,ita,,Instituto editoriale italiano,19uu,,6600736,0.95,1.0,0.929,VALID_COVER,318,500,JPEG,data/audit/reconstruction-IT-candidate-covers/IT-014-OL24368954M.jpeg,USABLE_CANDIDATE,
14,IT,ITALIAN_CANON,1,Niccolò Machiavelli,Il Principe,TITLE_AUTHOR,/works/OL15983W,Il principe e altri scritti,Niccolò Machiavelli,/books/OL5344658M,Il principe e altri scritti.,,ita,,Laterza,1962,,,0.95,1.0,0.874,NOT_PROBED,,,,,REJECTED_CANDIDATE,
14,IT,ITALIAN_CANON,1,Niccolò Machiavelli,Il Principe,TITLE_AUTHOR,/works/OL42237825W,Il Principe,Niccolò Machiavelli,/books/OL57458182M,Il principe,,ita,,Giulio Einaudi,1977,,,1.0,1.0,0.9,NOT_PROBED,,,,,REJECTED_CANDIDATE,
14,IT,ITALIAN_CANON,1,Niccolò Machiavelli,Il Principe,TITLE_AUTHOR,/works/OL45300540W,Il principe,Niccolò Machiavelli | Giuseppe Lisio,/books/OL61750709M,Il principe,,ita,,G.C. Sansoni,1935,,,1.0,1.0,0.9,NOT_PROBED,,,,,REJECTED_CANDIDATE,
15,IT,ITALIAN_CANON,1,Niccolò Machiavelli,Discorsi sopra la prima deca di Tito Livio,BROAD,/works/OL1089260W,Discourses on Livy,Niccolò Machiavelli | Harvey C. Mansfield | Nathan Tarcov | Alissa Ardito | Ninian Hill Thomson | Henry Neville,/books/OL2500577M,Discorsi sopra la prima deca di Tito Livio,,ita,8817124753,Biblioteca universale Rizzoli,1984,,4139575,1.0,1.0,0.9850000000000001,VALID_COVER,128,212,JPEG,data/audit/reconstruction-IT-candidate-covers/IT-015-OL2500577M.jpeg,USABLE_CANDIDATE,
15,IT,ITALIAN_CANON,1,Niccolò Machiavelli,Discorsi sopra la prima deca di Tito Livio,TITLE_AUTHOR,/works/OL15980W,Discorsi sopra la prima deca di Tito Livio,Niccolò Machiavelli,/books/OL25091186M,Discorsi sopra la prima deca di Tito Livio,,ita,,,1824,,6965833,1.0,1.0,0.93,VALID_COVER,332,500,JPEG,data/audit/reconstruction-IT-candidate-covers/IT-015-OL25091186M.jpeg,USABLE_CANDIDATE,
15,IT,ITALIAN_CANON,1,Niccolò Machiavelli,Discorsi sopra la prima deca di Tito Livio,TITLE_AUTHOR,/works/OL28992290W,Principe,Niccolò Machiavelli,/books/OL46305279M,Principe,E Discorsi Sopra la Prima Deca Di Tito Livio,ita,9781016684361,"Creative Media Partners, LLC",2022,,,0.95,1.0,0.904,NOT_PROBED,,,,,REJECTED_CANDIDATE,
15,IT,ITALIAN_CANON,1,Niccolò Machiavelli,Discorsi sopra la prima deca di Tito Livio,TITLE_AUTHOR,/works/OL39877049W,Discorsi Sopra la Prima Deca Di Tito Livio,Niccolò Machiavelli,/books/OL54305700M,Discorsi Sopra la Prima Deca Di Tito Livio,,ita,9781477662502,CreateSpace Independent Publishing Platform,2012,,,1.0,1.0,0.93,NOT_PROBED,,,,,REJECTED_CANDIDATE,
15,IT,ITALIAN_CANON,1,Niccolò Machiavelli,Discorsi sopra la prima deca di Tito Livio,TITLE_AUTHOR,/works/OL40568682W,Discorsi Sopra la Prima Deca Di Tito Livio,Niccolò Machiavelli,/books/OL55421503M,Discorsi Sopra la Prima Deca Di Tito Livio,,ita,9781514124611,The Perfect Library,2015,,,1.0,1.0,0.93,NOT_PROBED,,,,,REJECTED_CANDIDATE,
15,IT,ITALIAN_CANON,1,Niccolò Machiavelli,Discorsi sopra la prima deca di Tito Livio,TITLE_AUTHOR,/works/OL41167763W,Discorsi Sopra la Prima Deca Di Tito Livio,Niccolò Machiavelli,/books/OL55927513M,Discorsi Sopra la Prima Deca Di Tito Livio,,ita,9781981644902,CreateSpace Independent Publishing Platform,2017,,,1.0,1.0,0.93,NOT_PROBED,,,,,REJECTED_CANDIDATE,
15,IT,ITALIAN_CANON,1,Niccolò Machiavelli,Discorsi sopra la prima deca di Tito Livio,TITLE_AUTHOR,/works/OL42217265W,Discorsi sopra la prima deca di Tito Livio,Niccolò Machiavelli,/books/OL57270465M,Discorsi sopra la prima deca di Tito Livio,,ita,,Successori Le Monnier,1887,,,1.0,1.0,0.9,NOT_PROBED,,,,,REJECTED_CANDIDATE,
15,IT,ITALIAN_CANON,1,Niccolò Machiavelli,Discorsi sopra la prima deca di Tito Livio,TITLE_AUTHOR,/works/OL42850518W,Discorsi sopra la prima deca di Tito Livio,Niccolò Machiavelli,/books/OL58379457M,Discorsi sopra la prima deca di Tito Livio,,ita,,Successori Le Monnier,1912,,,1.0,1.0,0.9,NOT_PROBED,,,,,REJECTED_CANDIDATE,
15,IT,ITALIAN_CANON,1,Niccolò Machiavelli,Discorsi sopra la prima deca di Tito Livio,TITLE_AUTHOR,/works/OL44776504W,Discorsi sopra la prima deca di Tito Livio,Niccolò Machiavelli,/books/OL61134271M,Discorsi sopra la prima deca di Tito Livio,,ita,,Sonzogno,1931,,,1.0,1.0,0.9,NOT_PROBED,,,,,REJECTED_CANDIDATE,
16,IT,ITALIAN_CANON,1,Niccolò Machiavelli,La Mandragola,TITLE_AUTHOR,/works/OL27720052W,Principe ; La mandragola ; Clizia,Niccolò Machiavelli,/books/OL15476925M,Il principe,La mandragola ; Clizia,ita,,I libri di Gulliver,1986,,,0.95,1.0,0.874,NOT_PROBED,,,,,REJECTED_CANDIDATE,
16,IT,ITALIAN_CANON,1,Niccolò Machiavelli,La Mandragola,TITLE_AUTHOR,/works/OL15021781W,Le commedie,Niccolò Machiavelli,/books/OL16361701M,Le commedie,(La mandragola-Glizia),ita,,Unione Tipografico-Editrice Torinese,1900,,,0.95,1.0,0.874,NOT_PROBED,,,,,REJECTED_CANDIDATE,
16,IT,ITALIAN_CANON,1,Niccolò Machiavelli,La Mandragola,BROAD,/works/OL15243974W,La mandragola,Niccolò Machiavelli | Osimo Vittorio,/books/OL19981606M,La mandragola,,ita,8817122882,Rizzoli,1990,,13566190,1.0,1.0,0.9850000000000001,VALID_COVER,301,500,JPEG,data/audit/reconstruction-IT-candidate-covers/IT-016-OL19981606M.jpeg,USABLE_CANDIDATE,
16,IT,ITALIAN_CANON,1,Niccolò Machiavelli,La Mandragola,TITLE_AUTHOR,/works/OL1089297W,The Prince,Niccolò Machiavelli,/books/OL21158396M,Il principe,"discrosi, la mandragola, Belfagor",ita,,Edipen,1973,,,0.95,1.0,0.874,NOT_PROBED,,,,,REJECTED_CANDIDATE,
16,IT,ITALIAN_CANON,1,Niccolò Machiavelli,La Mandragola,TITLE_AUTHOR,/works/OL15243974W,La mandragola,Niccolò Machiavelli | Osimo Vittorio,/books/OL23309137M,La mandragola.,La Clizia.  Belfagor.  A cura di Vittorio Osimo. Disegni di A. Magrini.,ita,,A.F. Formiggini,1914,,6528150,1.0,1.0,0.9550000000000001,VALID_COVER,276,500,JPEG,data/audit/reconstruction-IT-candidate-covers/IT-016-OL23309137M.jpeg,USABLE_CANDIDATE,
16,IT,ITALIAN_CANON,1,Niccolò Machiavelli,La Mandragola,TITLE_AUTHOR,/works/OL15991W,Mandragola,Niccolò Machiavelli,/books/OL26436862M,La mandragola,comedia,ita,,Per Plinio Pietrasanta,1554,,8151778,1.0,1.0,0.9550000000000001,VALID_COVER,284,500,JPEG,data/audit/reconstruction-IT-candidate-covers/IT-016-OL26436862M.jpeg,USABLE_CANDIDATE,
16,IT,ITALIAN_CANON,1,Niccolò Machiavelli,La Mandragola,TITLE_AUTHOR,/works/OL15949W,Le commedie,Niccolò Machiavelli,/books/OL52728123M,Le commedie,La mandragola - Clicia,ita,,Unione tipograficoeditrice torinese,1944,,,0.95,1.0,0.874,NOT_PROBED,,,,,REJECTED_CANDIDATE,
16,IT,ITALIAN_CANON,1,Niccolò Machiavelli,La Mandragola,TITLE_AUTHOR,/works/OL44246807W,La Mandragola,Niccolò Machiavelli,/books/OL60482264M,La Mandragola,,ita,,Elios,1955,,,1.0,1.0,0.9,NOT_PROBED,,,,,REJECTED_CANDIDATE,
16,IT,ITALIAN_CANON,1,Niccolò Machiavelli,La Mandragola,TITLE_AUTHOR,/works/OL45795955W,La mandragola,Niccolò Machiavelli,/books/OL62331203M,La mandragola,,ita,,per Plinio Pietrasanta,1554,,,1.0,1.0,0.9,NOT_PROBED,,,,,REJECTED_CANDIDATE,
17,IT,ITALIAN_CANON,1,Francesco Guicciardini,Ricordi,TITLE_ONLY,/works/OL915321W,Ricordi,Francesco Giucciardini,/books/OL17780202M,Ricordi,,ita | eng,,S.F. Vanni,1949,,,1.0,0.9545454545454546,0.8881818181818182,NOT_PROBED,,,,,REJECTED_CANDIDATE,
18,IT,ITALIAN_CANON,1,Francesco Guicciardini,Storia d'Italia,TITLE_ONLY,/works/OL915314W,La storia d'Italia,Francesco Giucciardini,/books/OL22784907M,La storia d'Italia,,ita,,A. Salani,1932,,,0.95,0.9545454545454546,0.8621818181818182,NOT_PROBED,,,,,REJECTED_CANDIDATE,
18,IT,ITALIAN_CANON,1,Francesco Guicciardini,Storia d'Italia,BROAD,/works/OL915322W,Historia d'Italia,Francesco Giucciardini,/books/OL6931703M,Storia d'Italia,,ita,,"Cantone Ticino, Tip. Elvetica",1836,,9716396,1.0,0.9545454545454546,0.9431818181818182,VALID_COVER,311,500,JPEG,data/audit/reconstruction-IT-candidate-covers/IT-018-OL6931703M.jpeg,USABLE_CANDIDATE,
19,IT,ITALIAN_CANON,1,Benvenuto Cellini,Vita,TITLE_AUTHOR,/works/OL36976862W,La vita,Benvenuto Cellini,/books/OL52930879M,La vita,,ita,,Istituto editoriale italiano,1926,,,0.7272727272727273,1.0,0.7581818181818182,NOT_PROBED,,,,,REJECTED_CANDIDATE,
20,IT,ITALIAN_CANON,1,Galileo Galilei,Dialogo sopra i due massimi sistemi del mondo,TITLE_AUTHOR,/works/OL9209956W,Dialogo sopra i due massimi sistemi del mondo,Galileo Galilei,/books/OL14905942M,Dialogo sopra i due massimi sistemi del mondo,,ita,8876921109,Studio Tesi,1988,,5295154,1.0,1.0,0.9850000000000001,VALID_COVER,128,226,JPEG,data/audit/reconstruction-IT-candidate-covers/IT-020-OL14905942M.jpeg,USABLE_CANDIDATE,
20,IT,ITALIAN_CANON,1,Galileo Galilei,Dialogo sopra i due massimi sistemi del mondo,TITLE_AUTHOR,/works/OL10440694W,Dialogo sopra i duemassimi sistemi del mondo tolemaico e copernicano,Galileo Galilei,/books/OL23305785M,I dialoghi di Galileo Galilei sui massimi sistemi tolemaico e copernicano,volume unico.,ita,,Coi tipi di F. Vigo,1874,,6517660,0.7787610619469026,1.0,0.8399557522123895,VALID_COVER,305,500,JPEG,data/audit/reconstruction-IT-candidate-covers/IT-020-OL23305785M.jpeg,USABLE_CANDIDATE,
20,IT,ITALIAN_CANON,1,Galileo Galilei,Dialogo sopra i due massimi sistemi del mondo,BROAD,/works/OL10440694W,Dialogo sopra i duemassimi sistemi del mondo tolemaico e copernicano,Galileo Galilei,/books/OL31938368M,Dialogo sopra i due massimi sistemi del mondo,,ita,,REA Multimedia,2013,,10620808,1.0,1.0,0.9550000000000001,VALID_COVER,318,449,JPEG,data/audit/reconstruction-IT-candidate-covers/IT-020-OL31938368M.jpeg,USABLE_CANDIDATE,
20,IT,ITALIAN_CANON,1,Galileo Galilei,Dialogo sopra i due massimi sistemi del mondo,TITLE_AUTHOR,/works/OL27217189W,Dialogo Sopra I Due Massimi Sistemi Del Mondo,Galileo Galilei,/books/OL36941421M,Dialogo Sopra I Due Massimi Sistemi Del Mondo,,ita,9798706002411,Independently Published,2021,,,1.0,1.0,0.93,NOT_PROBED,,,,,REJECTED_CANDIDATE,
20,IT,ITALIAN_CANON,1,Galileo Galilei,Dialogo sopra i due massimi sistemi del mondo,TITLE_AUTHOR,/works/OL31032616W,Dialogo Sopra I Due Massimi Sistemi Del Mondo Tolemaico e Copernicano,Galileo Galilei,/books/OL42620243M,Dialogo Sopra I Due Massimi Sistemi Del Mondo Tolemaico e Copernicano,Edizione Da Collezione - Galileo Galilei,ita,9798772934937,Independently Published,2021,,,0.95,1.0,0.904,NOT_PROBED,,,,,REJECTED_CANDIDATE,
20,IT,ITALIAN_CANON,1,Galileo Galilei,Dialogo sopra i due massimi sistemi del mondo,TITLE_AUTHOR,/works/OL36121108W,Dialogo Sopra I Due Massimi Sistemi Del Mondo,Galileo Galilei,/books/OL48805987M,Dialogo Sopra I Due Massimi Sistemi Del Mondo,,ita,9798593513526,Independently Published,2021,,,1.0,1.0,0.93,NOT_PROBED,,,,,REJECTED_CANDIDATE,
20,IT,ITALIAN_CANON,1,Galileo Galilei,Dialogo sopra i due massimi sistemi del mondo,TITLE_AUTHOR,/works/OL37988390W,Dialogo sopra i due massimi sistemi del mondo,Galileo Galilei,/books/OL51470795M,Dialogo sopra i due massimi sistemi del mondo,,ita,,Rizzoli,1959,,14598892,1.0,1.0,0.9550000000000001,VALID_COVER,303,500,JPEG,data/audit/reconstruction-IT-candidate-covers/IT-020-OL51470795M.jpeg,USABLE_CANDIDATE,
20,IT,ITALIAN_CANON,1,Galileo Galilei,Dialogo sopra i due massimi sistemi del mondo,TITLE_AUTHOR,/works/OL41090152W,Dialogo Sopra I Due Massimi Sistemi Del Mondo,Galileo Galilei,/books/OL55824865M,Dialogo Sopra I Due Massimi Sistemi Del Mondo,,ita,9781979831901,CreateSpace Independent Publishing Platform,2017,,,1.0,1.0,0.93,NOT_PROBED,,,,,REJECTED_CANDIDATE,
20,IT,ITALIAN_CANON,1,Galileo Galilei,Dialogo sopra i due massimi sistemi del mondo,TITLE_AUTHOR,/works/OL41589653W,Dialogo Sopra I Due Massimi Sistemi Del Mondo Tolemaico e Copernicano,Galileo Galilei,/books/OL56476815M,Dialogo Sopra I Due Massimi Sistemi Del Mondo Tolemaico e Copernicano,,ita,9781512384987,The Perfect Library,2015,,,0.95,1.0,0.904,NOT_PROBED,,,,,REJECTED_CANDIDATE,
20,IT,ITALIAN_CANON,1,Galileo Galilei,Dialogo sopra i due massimi sistemi del mondo,TITLE_AUTHOR,/works/OL15659546W,Dialogo dei massimi sistemi,Galileo Galilei,/books/OL83475M,"Dialogo sopra i due massimi sistemi del mondo, Tolemaico e Copernicano",,ita,,Antenore,1998,,,0.95,1.0,0.874,NOT_PROBED,,,,,REJECTED_CANDIDATE,
21,IT,ITALIAN_CANON,1,Galileo Galilei,Il Saggiatore,BROAD,/works/OL10440681W,Il saggiatore nel quale con bilancia esquisita e giusta siponderano..,Galileo Galilei,/books/OL13785288M,Il saggiatore nel quale con bilancia esquisita e giusta siponderano...,,ita,,Readex Microprint,1973,,,0.95,1.0,0.874,NOT_PROBED,,,,,REJECTED_CANDIDATE,
21,IT,ITALIAN_CANON,1,Galileo Galilei,Il Saggiatore,BROAD,/works/OL5458407W,Il saggiatore nel quale con bilancia esquisita e guista siponderano le cose contenute nella Libra astronomica e filosofica di Lotario Sarsi Sigensano [pseud.] scritto in forma di lettera all'illmo et reuermo monsre d. Virginio Cesarini,Galileo Galilei,/books/OL19572965M,Il saggiatore nel quale con bilancia esquisita e guista siponderano le cose contenute nella Libra astronomica e filosofica di Lotario Sarsi Sigensano [pseud.] scritto in forma di lettera all'illmo et reuermo monsre d. Virginio Cesarini,,ita,,Appresso G. Mascardi,1623,,,0.95,1.0,0.874,NOT_PROBED,,,,,REJECTED_CANDIDATE,
21,IT,ITALIAN_CANON,1,Galileo Galilei,Il Saggiatore,BROAD,/works/OL24863310W,Il Saggiatore,Galileo Galilei,/books/OL38208842M,Il Saggiatore,,ita,9788807820366,Feltrinelli,1992,,12752855,1.0,1.0,0.9850000000000001,VALID_COVER,310,500,JPEG,data/audit/reconstruction-IT-candidate-covers/IT-021-OL38208842M.jpeg,USABLE_CANDIDATE,
21,IT,ITALIAN_CANON,1,Galileo Galilei,Il Saggiatore,BROAD,/works/OL43230235W,Il saggiatore,Galileo Galilei,/books/OL58877690M,Il saggiatore,nel quale con bilancia esquisita e giusta si ponderano le cose contenute nella Libra astronomica e filosofica di Lotario Sarsi Sigensano,ita,,G. Mascardi,1623,,,1.0,1.0,0.9,NOT_PROBED,,,,,REJECTED_CANDIDATE,
21,IT,ITALIAN_CANON,1,Galileo Galilei,Il Saggiatore,BROAD,/works/OL5458406W,Il saggiatore nel quale con bilancia esquisita e giusta siponderano le cose contenute nella Libra astronomica e filosofica,Galileo Galilei,/books/OL6759957M,Il saggiatore nel quale con bilancia esquisita e giusta siponderano le cose contenute nella Libra astronomica e filosofica,,ita,,Appresso Giacomo Mascardi,1623,,,0.95,1.0,0.874,NOT_PROBED,,,,,REJECTED_CANDIDATE,
22,IT,ITALIAN_CANON,1,Giambattista Marino,Adone,TITLE_AUTHOR,/works/OL2087681W,L' Adone,Giambattista Marino,/books/OL3390617M,L' Adone,,ita,,Finestra,2004,,,0.95,1.0,0.874,NOT_PROBED,,,,,REJECTED_CANDIDATE,
22,IT,ITALIAN_CANON,1,Giambattista Marino,Adone,TITLE_AUTHOR,/works/OL12769849W,L' Adone,Giambattista Marino,/books/OL39490055M,L'Adone,poema,ita,,Sine nomine,1680,,12898977,0.95,1.0,0.929,VALID_COVER,258,500,JPEG,data/audit/reconstruction-IT-candidate-covers/IT-022-OL39490055M.jpeg,USABLE_CANDIDATE,
22,IT,ITALIAN_CANON,1,Giambattista Marino,Adone,TITLE_AUTHOR,/works/OL34110439W,adone,Giambattista Marino,/books/OL46197946M,adone,Poema,ita,9781016335782,"Creative Media Partners, LLC",2022,,,1.0,1.0,0.93,NOT_PROBED,,,,,REJECTED_CANDIDATE,
22,IT,ITALIAN_CANON,1,Giambattista Marino,Adone,TITLE_AUTHOR,/works/OL2087672W,Adone,Giambattista Marino,/books/OL5005376M,Adone,,ita,,G. Laterza,1975,,,1.0,1.0,0.9,NOT_PROBED,,,,,REJECTED_CANDIDATE,
22,IT,ITALIAN_CANON,1,Giambattista Marino,Adone,TITLE_AUTHOR,/works/OL33123439W,L'Adone,Giambattista Marino,/books/OL50489412M,L'Adone,,ita,,G.B. Paravia,1922,,,0.95,1.0,0.874,NOT_PROBED,,,,,REJECTED_CANDIDATE,
22,IT,ITALIAN_CANON,1,Giambattista Marino,Adone,TITLE_AUTHOR,/works/OL42240880W,L'Adone,Giambattista Marino,/books/OL57980654M,L'Adone,,ita,,Adelphi,1988,,,0.95,1.0,0.874,NOT_PROBED,,,,,REJECTED_CANDIDATE,
22,IT,ITALIAN_CANON,1,Giambattista Marino,Adone,TITLE_AUTHOR,/works/OL44938588W,L'Adone,Giambattista Marino,/books/OL62098156M,L'Adone,,ita,,Paravia,1922,,,0.95,1.0,0.874,NOT_PROBED,,,,,REJECTED_CANDIDATE,
22,IT,ITALIAN_CANON,1,Giambattista Marino,Adone,TITLE_ONLY,/works/OL45853720W,L'Adone,Giambattista Marino | Jean Chapelain,/books/OL62398471M,L'Adone,,ita,,"Presso Oliviero di Varano, alla strada di San Giacomo, alla Vittoria",1623,,,0.95,1.0,0.874,NOT_PROBED,,,,,REJECTED_CANDIDATE,
23,IT,ITALIAN_CANON,1,Carlo Goldoni,La locandiera,TITLE_AUTHOR,/works/OL654700W,Commedie,Carlo Goldoni,/books/OL22148943M,Commedie,La locandiera. Gli innamorati. I rusteghi. Le baruffe chiozzote.,ita,,Garzanti,1945,,,0.95,1.0,0.874,NOT_PROBED,,,,,REJECTED_CANDIDATE,
23,IT,ITALIAN_CANON,1,Carlo Goldoni,La locandiera,TITLE_AUTHOR,/works/OL24689984W,La locandiera,Carlo Goldoni,/books/OL32769984M,La locandiera,,ita,9788877158154,Guerra,2004,,11399028,1.0,1.0,0.9850000000000001,VALID_COVER,298,500,JPEG,data/audit/reconstruction-IT-candidate-covers/IT-023-OL32769984M.jpeg,USABLE_CANDIDATE,
23,IT,ITALIAN_CANON,1,Carlo Goldoni,La locandiera,TITLE_AUTHOR,/works/OL39439477W,La locandiera,Carlo Goldoni,/books/OL53669220M,La locandiera,,ita,,G.C. Sansoni,1972,,,1.0,1.0,0.9,NOT_PROBED,,,,,REJECTED_CANDIDATE,
23,IT,ITALIAN_CANON,1,Carlo Goldoni,La locandiera,TITLE_ONLY,/works/OL45318880W,La locandiera,Carlo Goldoni | Gerolamo Bottoni,/books/OL61771997M,La locandiera,commedia,ita,,C. Signorelli,1963,,,1.0,1.0,0.9,NOT_PROBED,,,,,REJECTED_CANDIDATE,
24,IT,ITALIAN_CANON,1,Carlo Goldoni,Il servitore di due padroni,TITLE_AUTHOR,/works/OL22393135W,Il servitore di due padroni,Carlo Goldoni,/books/OL30479726M,Il servitore di due padroni,,ita,9788831708319,Marsilio,2011,,,1.0,1.0,0.93,NOT_PROBED,,,,,REJECTED_CANDIDATE,
24,IT,ITALIAN_CANON,1,Carlo Goldoni,Il servitore di due padroni,TITLE_AUTHOR,/works/OL38744843W,Il servitore di due padroni,Carlo Goldoni,/books/OL52816788M,Il servitore di due padroni,,ita,,L'Unità,1993,,,1.0,1.0,0.9,NOT_PROBED,,,,,REJECTED_CANDIDATE,
24,IT,ITALIAN_CANON,1,Carlo Goldoni,Il servitore di due padroni,TITLE_AUTHOR,/works/OL42268057W,Il servitore di due padroni,Carlo Goldoni,/books/OL57330177M,Il servitore di due padroni,Commedia di tre atti in prosa = Der Diener zweier Herren : Prosakomödie in drei Akten. Italienisch/Deutsch,ita | ger,,Philipp Reclam Jun.,1979,,,1.0,1.0,0.9,NOT_PROBED,,,,,REJECTED_CANDIDATE,
25,IT,ITALIAN_CANON,1,Giuseppe Parini,Il giorno,TITLE_AUTHOR,/works/OL739283W,Il giorno e odi scelte,Giuseppe Parini,/books/OL16516965M,Il giorno e Odi scelte,,ita,,F. Le Monnier,1934,,,0.95,1.0,0.874,NOT_PROBED,,,,,REJECTED_CANDIDATE,
25,IT,ITALIAN_CANON,1,Giuseppe Parini,Il giorno,TITLE_AUTHOR,/works/OL739282W,Il giorno e le odi,Giuseppe Parini,/books/OL17981803M,Il giorno e le odi.,,ita,,Unione tip.-editrice torinese,1965,,,0.95,1.0,0.874,NOT_PROBED,,,,,REJECTED_CANDIDATE,
25,IT,ITALIAN_CANON,1,Giuseppe Parini,Il giorno,TITLE_AUTHOR,/works/OL739257W,Il giorno ; Le Odi ; Dialogo sopra la nobiltà,Giuseppe Parini,/books/OL19345258M,Il giorno ; Le Odi ; Dialogo sopra la nobiltà,,ita,,Rizzoli,1984,,,0.95,1.0,0.874,NOT_PROBED,,,,,REJECTED_CANDIDATE,
25,IT,ITALIAN_CANON,1,Giuseppe Parini,Il giorno,TITLE_AUTHOR,/works/OL15469821W,Il Giorno,Giuseppe Parini,/books/OL24434966M,Il Giorno,,ita,,Clarendon Press,1921,,7195760,1.0,1.0,0.9550000000000001,VALID_COVER,292,500,JPEG,data/audit/reconstruction-IT-candidate-covers/IT-025-OL24434966M.jpeg,USABLE_CANDIDATE,
25,IT,ITALIAN_CANON,1,Giuseppe Parini,Il giorno,TITLE_AUTHOR,/works/OL739275W,Il giorno e altre opere scelte,Giuseppe Parini,/books/OL4325860M,Il giorno e altre opere scelte.,,ita,,La nuova Italia,1968,,,0.95,1.0,0.874,NOT_PROBED,,,,,REJECTED_CANDIDATE,
25,IT,ITALIAN_CANON,1,Giuseppe Parini,Il giorno,TITLE_AUTHOR,/works/OL44314669W,Il giorno di Giuseppe Parini milanesse,Giuseppe Parini,/books/OL61090000M,Il giorno di Giuseppe Parini milanesse,,ita,,Presso Luigi Mussi,1850,,,0.95,1.0,0.874,NOT_PROBED,,,,,REJECTED_CANDIDATE,
25,IT,ITALIAN_CANON,1,Giuseppe Parini,Il giorno,TITLE_AUTHOR,/works/OL44754303W,Il giorno,Giuseppe Parini | Manfredi Porena,/books/OL61108602M,Il giorno,,ita,,Casa ed.] R. Alfredo,1932,,,1.0,1.0,0.9,NOT_PROBED,,,,,REJECTED_CANDIDATE,
25,IT,ITALIAN_CANON,1,Giuseppe Parini,Il giorno,BROAD,/works/OL45947226W,Il giorno di Giuseppe Parini milanese,Giuseppe Parini,/books/OL62508935M,Il giorno di Giuseppe Parini milanese,,ita,,Dalla tipografia della Minerva,1821,,,0.95,1.0,0.874,NOT_PROBED,,,,,REJECTED_CANDIDATE,
25,IT,ITALIAN_CANON,1,Giuseppe Parini,Il giorno,TITLE_AUTHOR,/works/OL739290W,Il giorno,Giuseppe Parini,/books/OL89460M,Il giorno,,ita,8877468165,Fondazione Pietro Bembo,1996,,4885393,1.0,1.0,0.9850000000000001,VALID_COVER,128,215,JPEG,data/audit/reconstruction-IT-candidate-covers/IT-025-OL89460M.jpeg,USABLE_CANDIDATE,
25,IT,ITALIAN_CANON,1,Giuseppe Parini,Il giorno,TITLE_AUTHOR,/works/OL739256W,Il giorno,Giuseppe Parini,/books/OL9072000M,Il giorno,,ita,9788877468161,Guanda,1996,,4885394,1.0,1.0,0.9850000000000001,VALID_COVER,128,215,JPEG,data/audit/reconstruction-IT-candidate-covers/IT-025-OL9072000M.jpeg,USABLE_CANDIDATE,
26,IT,ITALIAN_CANON,1,Vittorio Alfieri,Saul,TITLE_AUTHOR,/works/OL1250103W,Saul,Vittorio Alfieri,/books/OL2153941M,"Saul ; e, Filippo",,ita,,Biblioteca Universale Rizzoli,1980,,,1.0,1.0,0.9,NOT_PROBED,,,,,REJECTED_CANDIDATE,
26,IT,ITALIAN_CANON,1,Vittorio Alfieri,Saul,TITLE_AUTHOR,/works/OL32575291W,Saul,Vittorio Alfieri,/books/OL44384298M,Saul,,ita,9788846752918,Edizioni ETS,2018,,,1.0,1.0,0.93,NOT_PROBED,,,,,REJECTED_CANDIDATE,
26,IT,ITALIAN_CANON,1,Vittorio Alfieri,Saul,TITLE_AUTHOR,/works/OL1250089W,Il Saul,Vittorio Alfieri,/books/OL4953640M,Il Saul.,"Con saggi delle Rime, delle Satire e della Vita.",ita,,F. Le Monnier,1967,,,0.7272727272727273,1.0,0.7581818181818182,NOT_PROBED,,,,,REJECTED_CANDIDATE,
26,IT,ITALIAN_CANON,1,Vittorio Alfieri,Saul,TITLE_AUTHOR,/works/OL39445614W,Saul,Vittorio Alfieri,/books/OL53683630M,Saul,,ita,,Editrice Vannini,1968,,,1.0,1.0,0.9,NOT_PROBED,,,,,REJECTED_CANDIDATE,
26,IT,ITALIAN_CANON,1,Vittorio Alfieri,Saul,TITLE_AUTHOR,/works/OL42947649W,Saul,Vittorio Alfieri,/books/OL58515518M,Saul,,ita,,R.A.D.A.R.,1968,,,1.0,1.0,0.9,NOT_PROBED,,,,,REJECTED_CANDIDATE,
27,IT,ITALIAN_CANON,1,Vittorio Alfieri,Mirra,TITLE_AUTHOR,/works/OL4017115W,Mirra,Vittorio Alfieri,/books/OL14833567M,Mirra,,ita,,Mursia,1985,,,1.0,1.0,0.9,NOT_PROBED,,,,,REJECTED_CANDIDATE,
27,IT,ITALIAN_CANON,1,Vittorio Alfieri,Mirra,TITLE_AUTHOR,/works/OL1250024W,Agamennone ; Mirra,Vittorio Alfieri,/books/OL16516571M,Agamennone ; Mirra,,ita,,Rizzoli,1981,,,0.95,1.0,0.874,NOT_PROBED,,,,,REJECTED_CANDIDATE,
27,IT,ITALIAN_CANON,1,Vittorio Alfieri,Mirra,TITLE_AUTHOR,/works/OL1250098W,Mirra,Vittorio Alfieri,/books/OL2096767M,Mirra,,ita,8806599844,G. Einaudi,1988,,4073286,1.0,1.0,0.9850000000000001,VALID_COVER,128,234,JPEG,data/audit/reconstruction-IT-candidate-covers/IT-027-OL2096767M.jpeg,USABLE_CANDIDATE,
27,IT,ITALIAN_CANON,1,Vittorio Alfieri,Mirra,TITLE_AUTHOR,/works/OL1250086W,Agamennone,Vittorio Alfieri,/books/OL3821110M,Agamennone ; Mirra,,ita,,Biblioteca universale Rizzoli,1981,,,0.95,1.0,0.874,NOT_PROBED,,,,,REJECTED_CANDIDATE,
27,IT,ITALIAN_CANON,1,Vittorio Alfieri,Mirra,TITLE_AUTHOR,/works/OL30565065W,Oreste Mirra Filippo,Vittorio Alfieri,/books/OL42025906M,Oreste Mirra Filippo,Tre Tragedie Di,ita,9798602035735,Independently Published,2020,,,0.95,1.0,0.904,NOT_PROBED,,,,,REJECTED_CANDIDATE,
27,IT,ITALIAN_CANON,1,Vittorio Alfieri,Mirra,TITLE_AUTHOR,/works/OL29848455W,Mirra,Vittorio Alfieri,/books/OL42366565M,Mirra,,ita,9798571007979,Independently Published,2020,,,1.0,1.0,0.93,NOT_PROBED,,,,,REJECTED_CANDIDATE,
27,IT,ITALIAN_CANON,1,Vittorio Alfieri,Mirra,TITLE_AUTHOR,/works/OL32013954W,Mirra,Vittorio Alfieri,/books/OL43730950M,Mirra,,ita,,Mursia,1985,,,1.0,1.0,0.9,NOT_PROBED,,,,,REJECTED_CANDIDATE,
27,IT,ITALIAN_CANON,1,Vittorio Alfieri,Mirra,TITLE_AUTHOR,/works/OL39409007W,Mirra,Vittorio Alfieri,/books/OL53631111M,Mirra,,ita,,"""La Nuova Italia""",1970,,,1.0,1.0,0.9,NOT_PROBED,,,,,REJECTED_CANDIDATE,
27,IT,ITALIAN_CANON,1,Vittorio Alfieri,Mirra,TITLE_AUTHOR,/works/OL40047186W,Mirra,Vittorio Alfieri,/books/OL56476587M,Mirra,,ita,9781512307719,The Perfect Library,2015,,,1.0,1.0,0.93,NOT_PROBED,,,,,REJECTED_CANDIDATE,
28,IT,ITALIAN_CANON,1,Ugo Foscolo,Ultime lettere di Jacopo Ortis,TITLE_AUTHOR,/works/OL11385137W,Ultime lettere di Jacopo Ortis,Ugo Foscolo,/books/OL15086381M,Ultime lettere di Jacopo Ortis.,,ita,,Berthoud,1818,,11934725,1.0,1.0,0.9550000000000001,VALID_COVER,256,500,JPEG,data/audit/reconstruction-IT-candidate-covers/IT-028-OL15086381M.jpeg,USABLE_CANDIDATE,
28,IT,ITALIAN_CANON,1,Ugo Foscolo,Ultime lettere di Jacopo Ortis,TITLE_AUTHOR,/works/OL1446495W,Le ultime lettere di Jacopo Ortis,Ugo Foscolo,/books/OL16602262M,Le ultime lettere di Jacopo Ortis.,,ita,,Società anonimo Notari (Istituto editoriale italiano),1929,,,0.95,1.0,0.874,NOT_PROBED,,,,,REJECTED_CANDIDATE,
28,IT,ITALIAN_CANON,1,Ugo Foscolo,Ultime lettere di Jacopo Ortis,TITLE_AUTHOR,/works/OL1446509W,Ultime lettere di Jacopo Ortis,Ugo Foscolo,/books/OL23405073M,Ultime lettere di Jacopo Ortis.,,ita,,[i.e. Mantova],1802,,6132965,1.0,1.0,0.9550000000000001,VALID_COVER,367,500,JPEG,data/audit/reconstruction-IT-candidate-covers/IT-028-OL23405073M.jpeg,USABLE_CANDIDATE,
28,IT,ITALIAN_CANON,1,Ugo Foscolo,Ultime lettere di Jacopo Ortis,TITLE_AUTHOR,/works/OL18528729W,Ultime lettere di Jacopo Ortis,Ugo Foscolo,/books/OL30721940M,Ultime lettere di Jacopo Ortis,,ita,9788843059003,Carocci,2012,,,1.0,1.0,0.93,NOT_PROBED,,,,,REJECTED_CANDIDATE,
28,IT,ITALIAN_CANON,1,Ugo Foscolo,Ultime lettere di Jacopo Ortis,TITLE_AUTHOR,/works/OL35824317W,Ultime Lettere Di Jacopo Ortis,Ugo Foscolo,/books/OL54103857M,Ultime Lettere Di Jacopo Ortis,,ita,9781478316794,CreateSpace Independent Publishing Platform,2012,,,1.0,1.0,0.93,NOT_PROBED,,,,,REJECTED_CANDIDATE,
28,IT,ITALIAN_CANON,1,Ugo Foscolo,Ultime lettere di Jacopo Ortis,TITLE_AUTHOR,/works/OL40516461W,Ultime Lettere Di Jacopo Ortis,Ugo Foscolo | François-Xavier Fabre,/books/OL55541820M,Ultime Lettere Di Jacopo Ortis,,ita,9781500589066,CreateSpace Independent Publishing Platform,2014,,,1.0,1.0,0.93,NOT_PROBED,,,,,REJECTED_CANDIDATE,
28,IT,ITALIAN_CANON,1,Ugo Foscolo,Ultime lettere di Jacopo Ortis,TITLE_AUTHOR,/works/OL38649157W,Ultime lettere di Jacopo Ortis,Ugo Foscolo,/books/OL57456187M,Ultime lettere di Jacopo Ortis,,ita,,Sine nomine,1802,,,1.0,1.0,0.9,NOT_PROBED,,,,,REJECTED_CANDIDATE,
28,IT,ITALIAN_CANON,1,Ugo Foscolo,Ultime lettere di Jacopo Ortis,TITLE_ONLY,/works/OL44759046W,Ultime lettere di Jacopo Ortis,Ugo Foscolo | Giovanni Tecchio,/books/OL61114153M,Ultime lettere di Jacopo Ortis,,ita,,J.H.E. Heitz (Heitz & Mündel),1914,,,1.0,1.0,0.9,NOT_PROBED,,,,,REJECTED_CANDIDATE,
29,IT,ITALIAN_CANON,1,Ugo Foscolo,Dei Sepolcri,TITLE_AUTHOR,/works/OL1446508W,Selected works,Ugo Foscolo,/books/OL21238790M,Opere,Ultime lettere di Jacopo Ortis ; Odi ; Sonetti ; Dei sepolcri ; Le grazie,ita,,Editori Laterza,1962,,,0.95,1.0,0.874,NOT_PROBED,,,,,REJECTED_CANDIDATE,
29,IT,ITALIAN_CANON,1,Ugo Foscolo,Dei Sepolcri,TITLE_AUTHOR,/works/OL15667699W,Dei Sepolcri,Ugo Foscolo,/books/OL24598455M,Dei Sepolcri,carme,ita,,Tedeschi,1889,,9804728,1.0,1.0,0.9550000000000001,VALID_COVER,324,500,JPEG,data/audit/reconstruction-IT-candidate-covers/IT-029-OL24598455M.jpeg,USABLE_CANDIDATE,
29,IT,ITALIAN_CANON,1,Ugo Foscolo,Dei Sepolcri,TITLE_AUTHOR,/works/OL1446500W,Dei sepolcri,Ugo Foscolo,/books/OL2896265M,Dei sepolcri,carme,ita,,Officina Bodini,1924,,5812331,1.0,1.0,0.9550000000000001,VALID_COVER,301,500,JPEG,data/audit/reconstruction-IT-candidate-covers/IT-029-OL2896265M.jpeg,USABLE_CANDIDATE,
29,IT,ITALIAN_CANON,1,Ugo Foscolo,Dei Sepolcri,TITLE_AUTHOR,/works/OL22048573W,Poesie Di Ugo Foscolo,Ugo Foscolo,/books/OL30079213M,Poesie Di Ugo Foscolo,"Odi, Sonetti, Dei Sepolcri, le Grazie, Anacreontiche e Canzonette",ita,9798652997199,Independently Published,2020,,,0.95,1.0,0.904,NOT_PROBED,,,,,REJECTED_CANDIDATE,
29,IT,ITALIAN_CANON,1,Ugo Foscolo,Dei Sepolcri,TITLE_AUTHOR,/works/OL28399870W,Dei Sepolcri,Ugo Foscolo,/books/OL48765761M,Dei Sepolcri,,ita,9798716726697,Independently Published,2021,,,1.0,1.0,0.93,NOT_PROBED,,,,,REJECTED_CANDIDATE,
29,IT,ITALIAN_CANON,1,Ugo Foscolo,Dei Sepolcri,TITLE_AUTHOR,/works/OL32040374W,Dei sepolcri,Ugo Foscolo,/books/OL50389207M,Dei sepolcri,,ita,,Cinque vie,1985,,,1.0,1.0,0.9,NOT_PROBED,,,,,REJECTED_CANDIDATE,
29,IT,ITALIAN_CANON,1,Ugo Foscolo,Dei Sepolcri,TITLE_AUTHOR,/works/OL41133613W,Tagh gerezmanatsʻ,Ugo Foscolo,/books/OL55883411M,Tagh gerezmanatsʻ,Dei sepolcri,arm | ita,,Mkhitʻ. Tpagrutʻiwn,1923,,,0.95,1.0,0.874,NOT_PROBED,,,,,REJECTED_CANDIDATE,
29,IT,ITALIAN_CANON,1,Ugo Foscolo,Dei Sepolcri,TITLE_AUTHOR,/works/OL43918563W,Dei sepolcri,Ugo Foscolo,/books/OL60643372M,Dei sepolcri,,ita,,D. Sandron,1858,,,1.0,1.0,0.9,NOT_PROBED,,,,,REJECTED_CANDIDATE,
29,IT,ITALIAN_CANON,1,Ugo Foscolo,Dei Sepolcri,TITLE_AUTHOR,/works/OL44500223W,Dei sepolcri,Ugo Foscolo,/books/OL60989410M,Dei sepolcri,,ita,,Presso Luigi Ciardetti.,1825,,,1.0,1.0,0.9,NOT_PROBED,,,,,REJECTED_CANDIDATE,
29,IT,ITALIAN_CANON,1,Ugo Foscolo,Dei Sepolcri,TITLE_ONLY,/works/OL45302626W,Dei sepolcri,Ugo Foscolo | Ippolito Pindemonte | Giovanni Torti | Vincenzo Monti,/books/OL61753217M,Dei sepolcri,poesie,ita,,Nicolò Bettoni,1808,,,1.0,1.0,0.9,NOT_PROBED,,,,,REJECTED_CANDIDATE,
30,IT,ITALIAN_CANON,1,Alessandro Manzoni,I promessi sposi,TITLE_AUTHOR,/works/OL16251501W,I promessi sposi di Alessandro Manzoni: raffrontati sulle due edizioni del ..,Alessandro Manzoni,/books/OL20484185M,I promessi sposi di Alessandro Manzoni: raffrontati sulle due edizioni del ...,,ita,,G. C. Sansoni,1902,,6051798,0.95,1.0,0.929,VALID_COVER,318,500,JPEG,data/audit/reconstruction-IT-candidate-covers/IT-030-OL20484185M.jpeg,USABLE_CANDIDATE,
30,IT,ITALIAN_CANON,1,Alessandro Manzoni,I promessi sposi,TITLE_AUTHOR,/works/OL16470621W,I promessi sposi,"Errico Petrella | Antonio Ghislanzoni | Alessandro Manzoni | Giovanni Giannetti | Petrella, Errico, 1813-1877, composer",/books/OL25604744M,I promessi sposi,melodramma in quattro atti,ita,,Tip. Roux e Favale,1881,,9497441,1.0,1.0,0.9550000000000001,VALID_COVER,290,500,JPEG,data/audit/reconstruction-IT-candidate-covers/IT-030-OL25604744M.jpeg,USABLE_CANDIDATE,
30,IT,ITALIAN_CANON,1,Alessandro Manzoni,I promessi sposi,TITLE_AUTHOR,/works/OL45037872W,I promessi sposi,Orazio Costa | Alessandro Manzoni,/books/OL62070871M,I promessi sposi,,ita,,A. Tallone,1950,,,1.0,1.0,0.9,NOT_PROBED,,,,,REJECTED_CANDIDATE,
30,IT,ITALIAN_CANON,1,Alessandro Manzoni,I promessi sposi,TITLE_AUTHOR,/works/OL45716945W,I promessi sposi,Alessandro Manzoni | Alberto Asor Rosa,/books/OL62297493M,I promessi sposi,,ita,,G.C. Sansoni,1893,,,1.0,1.0,0.9,NOT_PROBED,,,,,REJECTED_CANDIDATE,
31,IT,ITALIAN_CANON,1,Alessandro Manzoni,Adelchi,BROAD,/works/OL644374W,Tragedie,Alessandro Manzoni,/books/OL13964696M,Tragedie,Il conte di Carmagnola; Adelchi,ita,,Rizzoli,1954,,,0.95,1.0,0.874,NOT_PROBED,,,,,REJECTED_CANDIDATE,
31,IT,ITALIAN_CANON,1,Alessandro Manzoni,Adelchi,BROAD,/works/OL644378W,Liriche e tragedie,Alessandro Manzoni,/books/OL18090833M,Liriche e tragedie,"commento critico e parere sull' ""Adelchi"", di Luigi Russo.  4. ed., ad uso delle scuole medie.",ita,,G.C. Sansoni,1939,,,0.95,1.0,0.874,NOT_PROBED,,,,,REJECTED_CANDIDATE,
31,IT,ITALIAN_CANON,1,Alessandro Manzoni,Adelchi,TITLE_ONLY,/works/OL32761656W,Adelchi,Alessandro Manzoni,/books/OL44582216M,Adelchi,tragedia,ita,,Tallone,1985,,,1.0,1.0,0.9,NOT_PROBED,,,,,REJECTED_CANDIDATE,
31,IT,ITALIAN_CANON,1,Alessandro Manzoni,Adelchi,BROAD,/works/OL644385W,Adelchi,Alessandro Manzoni,/books/OL4624737M,Adelchi,,ita,,G. Einaudi,1976,,,1.0,1.0,0.9,NOT_PROBED,,,,,REJECTED_CANDIDATE,
31,IT,ITALIAN_CANON,1,Alessandro Manzoni,Adelchi,BROAD,/works/OL45591847W,Adelchi,Alessandro Manzoni,/books/OL62206161M,Adelchi,,ita,,C. Coletta & figlio,1926,,,1.0,1.0,0.9,NOT_PROBED,,,,,REJECTED_CANDIDATE,
32,IT,ITALIAN_CANON,1,Giacomo Leopardi,Canti,TITLE_AUTHOR,/works/OL15102116W,Canti,Giacomo Leopardi,/books/OL17965465M,Canti,,ita,,Laterza,1917,,8974564,1.0,1.0,0.9550000000000001,VALID_COVER,247,420,JPEG,data/audit/reconstruction-IT-candidate-covers/IT-032-OL17965465M.jpeg,USABLE_CANDIDATE,
32,IT,ITALIAN_CANON,1,Giacomo Leopardi,Canti,TITLE_AUTHOR,/works/OL15102113W,I canti,Giacomo Leopardi,/books/OL23305721M,I canti,con la vita del poeta,ita,,Heopli,1920,,6514245,0.95,1.0,0.929,VALID_COVER,312,500,JPEG,data/audit/reconstruction-IT-candidate-covers/IT-032-OL23305721M.jpeg,USABLE_CANDIDATE,
32,IT,ITALIAN_CANON,1,Giacomo Leopardi,Canti,BROAD,/works/OL15102093W,Canti di Giacomo Leopardi,Giacomo Leopardi,/books/OL23385417M,Canti di Giacomo Leopardi.,,ita,,F. Le Monnier,1860,,6127415,0.95,1.0,0.929,VALID_COVER,319,500,JPEG,data/audit/reconstruction-IT-candidate-covers/IT-032-OL23385417M.jpeg,USABLE_CANDIDATE,
32,IT,ITALIAN_CANON,1,Giacomo Leopardi,Canti,TITLE_AUTHOR,/works/OL19767644W,Canti,Giacomo Leopardi,/books/OL32370158M,Canti,,ita,9788811581024,Garzanti,1988,,11023185,1.0,1.0,0.9850000000000001,VALID_COVER,304,500,JPEG,data/audit/reconstruction-IT-candidate-covers/IT-032-OL32370158M.jpeg,USABLE_CANDIDATE,
32,IT,ITALIAN_CANON,1,Giacomo Leopardi,Canti,TITLE_AUTHOR,/works/OL31834341W,Canti,Giacomo Leopardi,/books/OL44594577M,Canti,,ita,,Tallone,1988,,,1.0,1.0,0.9,NOT_PROBED,,,,,REJECTED_CANDIDATE,
32,IT,ITALIAN_CANON,1,Giacomo Leopardi,Canti,TITLE_AUTHOR,/works/OL39823818W,Canti,Giacomo Leopardi,/books/OL54242554M,Canti,,ita,9781479257096,CreateSpace Independent Publishing Platform,2012,,,1.0,1.0,0.93,NOT_PROBED,,,,,REJECTED_CANDIDATE,
32,IT,ITALIAN_CANON,1,Giacomo Leopardi,Canti,TITLE_AUTHOR,/works/OL41985529W,Canti,Giacomo Leopardi,/books/OL57022286M,Canti,,ita,,Unaluna,1997,,,1.0,1.0,0.9,NOT_PROBED,,,,,REJECTED_CANDIDATE,
32,IT,ITALIAN_CANON,1,Giacomo Leopardi,Canti,TITLE_AUTHOR,/works/OL34677528W,CANTI,Giacomo Leopardi,/books/OL58013261M,Canti,,ita,,Armando Curcio editore,1967,,,1.0,1.0,0.9,NOT_PROBED,,,,,REJECTED_CANDIDATE,
33,IT,ITALIAN_CANON,1,Giacomo Leopardi,Operette morali,TITLE_AUTHOR,/works/OL15102116W,Canti,Giacomo Leopardi,/books/OL18564195M,Canti,Operette morali ; Pensieri.,ita,,Inst. Geografico de Agostini,1964,,,0.95,1.0,0.874,NOT_PROBED,,,,,REJECTED_CANDIDATE,
33,IT,ITALIAN_CANON,1,Giacomo Leopardi,Operette morali,TITLE_AUTHOR,/works/OL15102115W,Operette morali,Giacomo Leopardi,/books/OL21198457M,Operette morali =,The moral essays,eng | ita,0231057067,Columbia University Press,1983,,4279742,1.0,1.0,0.9850000000000001,VALID_COVER,128,191,JPEG,data/audit/reconstruction-IT-candidate-covers/IT-033-OL21198457M.jpeg,USABLE_CANDIDATE,
33,IT,ITALIAN_CANON,1,Giacomo Leopardi,Operette morali,TITLE_AUTHOR,/works/OL19767644W,Canti,Giacomo Leopardi,/books/OL26980312M,Canti,"con una scelta da le Operette morali, i pensieri, gli appunti lo zibaldone",ita,,Scolastiche Mondadori,1970,,,0.95,1.0,0.874,NOT_PROBED,,,,,REJECTED_CANDIDATE,
33,IT,ITALIAN_CANON,1,Giacomo Leopardi,Operette morali,TITLE_AUTHOR,/works/OL29501645W,Operette Morali,Giacomo Leopardi,/books/OL48059528M,Operette morali,,ita,,Biblioteca universale Rizzoli,2004,,,1.0,1.0,0.9,NOT_PROBED,,,,,REJECTED_CANDIDATE,
33,IT,ITALIAN_CANON,1,Giacomo Leopardi,Operette morali,TITLE_AUTHOR,/works/OL15102113W,I canti,Giacomo Leopardi,/books/OL5000799M,I Canti,Operette morali,ita,,Bietti,1973,,,0.95,1.0,0.874,NOT_PROBED,,,,,REJECTED_CANDIDATE,
33,IT,ITALIAN_CANON,1,Giacomo Leopardi,Operette morali,TITLE_AUTHOR,/works/OL36773756W,Operette Morali,Giacomo Leopardi,/books/OL50798223M,Operette Morali;,,ita,9781020804922,"Creative Media Partners, LLC",2023,,,1.0,1.0,0.93,NOT_PROBED,,,,,REJECTED_CANDIDATE,
33,IT,ITALIAN_CANON,1,Giacomo Leopardi,Operette morali,TITLE_ONLY,/works/OL15101977W,"I canti, Operette morali",Giacomo Leopardi,/books/OL5272676M,"I canti, Operette morali.",,ita,,Bietti,1968,,,0.95,1.0,0.874,NOT_PROBED,,,,,REJECTED_CANDIDATE,
33,IT,ITALIAN_CANON,1,Giacomo Leopardi,Operette morali,TITLE_AUTHOR,/works/OL40329570W,Operette Morali,Giacomo Leopardi,/books/OL56232998M,Operette Morali,,ita,9781537235516,Bi Classici,2016,,,1.0,1.0,0.93,NOT_PROBED,,,,,REJECTED_CANDIDATE,
34,IT,ITALIAN_CANON,1,Giovanni Verga,I Malavoglia,TITLE_AUTHOR,/works/OL479205W,"Verga, itinerario a I Malavoglia",Giovanni Verga,/books/OL2802735M,"Verga, itinerario a I Malavoglia",,ita,,EDAS,1982,,,0.95,1.0,0.874,NOT_PROBED,,,,,REJECTED_CANDIDATE,
34,IT,ITALIAN_CANON,1,Giovanni Verga,I Malavoglia,BROAD,/works/OL141870W,I Malavoglia di Giovanni Verga,Mario Principato | Giovanni Verga | Roger Grass | Italo Svevo | Grandi Autori Italiani | Luigi Pirandello | Gabriele D'Annunzio | Giovanni Verga | Eric Lane | Judith Landry | Marie Lane | Letteratura Italiana | Giacomo Leopardi | G Verga | giovanni verga | Giuseppe Verga | Lucy Gordan | Frances Frenaye | Gino Raya | Ernesto Guida | Giovanni Cecchetti | D. H. Lawrence | Miryam Shusterman,/books/OL5174341M,I Malavoglia di Giovanni Verga.,,ita,,Palumbo,1971,,,0.95,1.0,0.874,NOT_PROBED,,,,,REJECTED_CANDIDATE,
36,IT,ITALIAN_CANON,1,Giovanni Verga,Vita dei campi,TITLE_AUTHOR,/works/OL479236W,La lupa,Giovanni Verga,/books/OL16163346M,La lupa,scene drammatiche in due atti ; con un saggio introduttivo di Natale Tedesco e in appendice il testo narrativo tratto da Vita dei campi,ita,,Pungitopo,1988,,,0.95,1.0,0.874,NOT_PROBED,,,,,REJECTED_CANDIDATE,
36,IT,ITALIAN_CANON,1,Giovanni Verga,Vita dei campi,TITLE_ONLY,/works/OL479230W,Vita dei campi,Giovanni Verga | Vergastoria Di Soprusi E Di Indifferenza | Ferdinando de Martino | Maurizio Palarchi | Roberto Melis | Vincenzo Consolo,/books/OL2233248M,Vita dei campi,,ita,8800811418,Banco di Sicilia,1987,,4099324,1.0,1.0,0.9850000000000001,VALID_COVER,128,182,JPEG,data/audit/reconstruction-IT-candidate-covers/IT-036-OL2233248M.jpeg,USABLE_CANDIDATE,
36,IT,ITALIAN_CANON,1,Giovanni Verga,Vita dei campi,TITLE_AUTHOR,/works/OL479181W,Nedda e Vita dei campi,Giovanni Verga,/books/OL22417333M,Nedda e Vita dei campi,,ita,8880201735,Palumbo,1997,,,0.95,1.0,0.904,NOT_PROBED,,,,,REJECTED_CANDIDATE,
36,IT,ITALIAN_CANON,1,Giovanni Verga,Vita dei campi,TITLE_AUTHOR,/works/OL27202930W,Vita Dei Campi : (Edizione Integrale),Giovanni Verga,/books/OL36922703M,Vita Dei Campi : (Edizione Integrale),,ita,9798736042593,Independently Published,2021,,,0.95,1.0,0.904,NOT_PROBED,,,,,REJECTED_CANDIDATE,
36,IT,ITALIAN_CANON,1,Giovanni Verga,Vita dei campi,TITLE_AUTHOR,/works/OL30659676W,Vita Dei Campi,Giovanni Verga,/books/OL42142662M,Vita Dei Campi,,ita,9798656672900,Independently Published,2020,,,1.0,1.0,0.93,NOT_PROBED,,,,,REJECTED_CANDIDATE,
36,IT,ITALIAN_CANON,1,Giovanni Verga,Vita dei campi,TITLE_AUTHOR,/works/OL35752546W,Vita Dei Campi,Giovanni Verga,/books/OL48240932M,Vita Dei Campi,,ita,9798594020658,Independently Published,2021,,,1.0,1.0,0.93,NOT_PROBED,,,,,REJECTED_CANDIDATE,
36,IT,ITALIAN_CANON,1,Giovanni Verga,Vita dei campi,TITLE_AUTHOR,/works/OL36392130W,Novelle Rusticane e Vita Dei Campi - Raccolte Di Novelle,Giovanni Verga,/books/OL49172565M,Novelle Rusticane e Vita Dei Campi - Raccolte Di Novelle,,ita,9781447747338,"Lulu Press, Inc.",2023,,,0.95,1.0,0.904,NOT_PROBED,,,,,REJECTED_CANDIDATE,
36,IT,ITALIAN_CANON,1,Giovanni Verga,Vita dei campi,TITLE_AUTHOR,/works/OL38825340W,Vita dei campi,Giovanni Verga,/books/OL52862723M,Vita dei campi,,ita,,L'Unità,1993,,,1.0,1.0,0.9,NOT_PROBED,,,,,REJECTED_CANDIDATE,
36,IT,ITALIAN_CANON,1,Giovanni Verga,Vita dei campi,TITLE_AUTHOR,/works/OL40366873W,Vita Dei Campi,Giovanni Verga,/books/OL54904021M,Vita Dei Campi,,ita,9781514155837,The Perfect Library,2015,,,1.0,1.0,0.93,NOT_PROBED,,,,,REJECTED_CANDIDATE,
36,IT,ITALIAN_CANON,1,Giovanni Verga,Vita dei campi,TITLE_AUTHOR,/works/OL44493308W,Vita dei campi,Giovanni Verga,/books/OL60765758M,Vita dei campi,nuove novelle,ita,,Fratelli Treves,1880,,,1.0,1.0,0.9,NOT_PROBED,,,,,REJECTED_CANDIDATE,
37,IT,ITALIAN_CANON,1,Giovanni Verga,Novelle rusticane,BROAD,/works/OL479242W,Novelle rusticane,Giovanni Verga,/books/OL16739250M,Novelle rusticane,,ita,,Casanova,1885,,5973368,1.0,1.0,0.9550000000000001,VALID_COVER,330,500,JPEG,data/audit/reconstruction-IT-candidate-covers/IT-037-OL16739250M.jpeg,USABLE_CANDIDATE,
37,IT,ITALIAN_CANON,1,Giovanni Verga,Novelle rusticane,BROAD,/works/OL29986753W,Novelle Rusticane,Giovanni Verga,/books/OL41224661M,Novelle Rusticane,,ita,9781796376319,Independently Published,2019,,,1.0,1.0,0.93,NOT_PROBED,,,,,REJECTED_CANDIDATE,
37,IT,ITALIAN_CANON,1,Giovanni Verga,Novelle rusticane,BROAD,/works/OL26996705W,Novelle Rusticane,Giovanni Verga,/books/OL44436078M,Novelle rusticane,edizione critica,ita,9788882129705,Fondazione Verga,2016,,,1.0,1.0,0.93,NOT_PROBED,,,,,REJECTED_CANDIDATE,
37,IT,ITALIAN_CANON,1,Giovanni Verga,Novelle rusticane,BROAD,/works/OL36348207W,Novelle Rusticane,Giovanni Verga,/books/OL49112360M,Novelle Rusticane,Raccolta Di Novelle,ita,9781447756873,"Lulu Press, Inc.",2023,,,1.0,1.0,0.93,NOT_PROBED,,,,,REJECTED_CANDIDATE,
37,IT,ITALIAN_CANON,1,Giovanni Verga,Novelle rusticane,BROAD,/works/OL40342199W,Novelle Rusticane,Giovanni Verga,/books/OL54872997M,Novelle Rusticane,,ita,9781539304302,CreateSpace Independent Publishing Platform,2016,,,1.0,1.0,0.93,NOT_PROBED,,,,,REJECTED_CANDIDATE,
37,IT,ITALIAN_CANON,1,Giovanni Verga,Novelle rusticane,BROAD,/works/OL44307349W,Novelle rusticane,Giovanni Verga,/books/OL62289971M,Novelle rusticane,,ita,,"F. Casanova, editore.",1883,,,1.0,1.0,0.9,NOT_PROBED,,,,,REJECTED_CANDIDATE,
38,IT,ITALIAN_CANON,1,Carlo Collodi,Le avventure di Pinocchio,TITLE_AUTHOR,/works/OL1527356W,Le avventure di Pinocchio,Carlo Collodi,/books/OL27009189M,Le Avventure di Pinocchio,,ita,,R. Bemporad & Figlio,,,8599319,1.0,1.0,0.9400000000000001,VALID_COVER,386,500,JPEG,data/audit/reconstruction-IT-candidate-covers/IT-038-OL27009189M.jpeg,USABLE_CANDIDATE,
38,IT,ITALIAN_CANON,1,Carlo Collodi,Le avventure di Pinocchio,TITLE_AUTHOR,/works/OL24205632W,Le avventure di Pinocchio,Carlo Collodi | Attilio Mussino,/books/OL31972103M,Le avventure di Pinocchio,storia di un burattino,ita,9788809205321,Giunti,1994,,10649332,1.0,1.0,0.9850000000000001,VALID_COVER,326,500,JPEG,data/audit/reconstruction-IT-candidate-covers/IT-038-OL31972103M.jpeg,USABLE_CANDIDATE,
38,IT,ITALIAN_CANON,1,Carlo Collodi,Le avventure di Pinocchio,TITLE_AUTHOR,/works/OL27742003W,Le avventure di Pinocchio,Carlo Collodi,/books/OL37875955M,Le avventure di Pinocchio,storia di un burattino,ita,9788804484448,Mondadori,2001,,12746907,1.0,1.0,0.9850000000000001,VALID_COVER,335,500,JPEG,data/audit/reconstruction-IT-candidate-covers/IT-038-OL37875955M.jpeg,USABLE_CANDIDATE,
38,IT,ITALIAN_CANON,1,Carlo Collodi,Le avventure di Pinocchio,TITLE_ONLY,/works/OL33929337W,Le Avventure di Pinocchio,C. Collodi,/books/OL58915176M,Le Avventure di Pinocchio,,ita,,"Casa Editrice Bietti, Milano",1954,,,1.0,0.8181818181818182,0.8527272727272728,NOT_PROBED,,,,,REJECTED_CANDIDATE,
38,IT,ITALIAN_CANON,1,Carlo Collodi,Le avventure di Pinocchio,TITLE_AUTHOR,/works/OL42665735W,Le avventure di Pinocchio,Carlo Collodi | Venturino Venturi,/books/OL59462206M,Le avventure di Pinocchio,"storia di un burattino. Nuovissima ed.,1922",ita,,R. Bemporad & figlio,1922,,,1.0,1.0,0.9,NOT_PROBED,,,,,REJECTED_CANDIDATE,
38,IT,ITALIAN_CANON,1,Carlo Collodi,Le avventure di Pinocchio,TITLE_AUTHOR,/works/OL44048046W,"Le avventure di Pinocchio, storia di un burattino",Carlo Collodi,/books/OL60165320M,"Le avventure di Pinocchio, storia di un burattino",,ita,,"R. Bemporad & figlio, etc., etc.",1899,,,0.95,1.0,0.874,NOT_PROBED,,,,,REJECTED_CANDIDATE,
38,IT,ITALIAN_CANON,1,Carlo Collodi,Le avventure di Pinocchio,TITLE_AUTHOR,/works/OL45075331W,Le avventure di Pinocchio,Carlo Collodi | Roberto D'Ajello,/books/OL62457592M,Le avventure di Pinocchio,storia di un burattino,ita,,A. Salani,1929,,,1.0,1.0,0.9,NOT_PROBED,,,,,REJECTED_CANDIDATE,
38,IT,ITALIAN_CANON,1,Carlo Collodi,Le avventure di Pinocchio,TITLE_AUTHOR,/works/OL14994933W,Le avventure di Pinocchio,G. Abiuso | M. Giglio | Carlo Collodi,/books/OL8243752M,Le avventure di Pinocchio,,ita,9780844280233,Glencoe/McGraw-Hill,"January 1, 1979",,642493,1.0,1.0,0.9850000000000001,VALID_COVER,329,500,JPEG,data/audit/reconstruction-IT-candidate-covers/IT-038-OL8243752M.jpeg,USABLE_CANDIDATE,
39,IT,ITALIAN_CANON,1,Edmondo De Amicis,Cuore,TITLE_AUTHOR,/works/OL35754658W,Cuore Illustrata,Edmondo De Amicis,/books/OL48828930M,Cuore Illustrata,,ita,9798543438930,Independently Published,2021,,,0.95,1.0,0.904,NOT_PROBED,,,,,REJECTED_CANDIDATE,
39,IT,ITALIAN_CANON,1,Edmondo De Amicis,Cuore,TITLE_AUTHOR,/works/OL863013W,Cuore,Edmondo De Amicis,/books/OL6655230M,Cuore,,ita | eng,,H. Holt and company,1923,,9247696,1.0,1.0,0.9550000000000001,VALID_COVER,283,500,JPEG,data/audit/reconstruction-IT-candidate-covers/IT-039-OL6655230M.jpeg,USABLE_CANDIDATE,
39,IT,ITALIAN_CANON,1,Edmondo De Amicis,Cuore,BROAD,/works/OL862983W,Cuore di Edmondo de Amicis,Edmondo De Amicis,/books/OL6676156M,Cuore di Edmondo de Amicis,,ita | eng,,D.C. Heath and Company,1925,,9654573,0.95,1.0,0.929,VALID_COVER,345,500,JPEG,data/audit/reconstruction-IT-candidate-covers/IT-039-OL6676156M.jpeg,USABLE_CANDIDATE,
39,IT,ITALIAN_CANON,1,Edmondo De Amicis,Cuore,TITLE_AUTHOR,/works/OL8347320W,Cuore,Edmondo De Amicis,/books/OL9315206M,Cuore,Libro per i ragazzi,ita,9780543888792,Adamant Media Corporation,"August 24, 2001",,1276954,1.0,1.0,0.9850000000000001,VALID_COVER,318,500,JPEG,data/audit/reconstruction-IT-candidate-covers/IT-039-OL9315206M.jpeg,USABLE_CANDIDATE,
40,IT,ITALIAN_CANON,1,Gabriele D'Annunzio,Il piacere,TITLE_AUTHOR,/works/OL15471354W,Il Piacere,Gabriele D'Annunzio,/books/OL24436419M,Il Piacere,romanzo,ita,,Treves,1896,,7195932,1.0,1.0,0.9550000000000001,VALID_COVER,292,500,JPEG,data/audit/reconstruction-IT-candidate-covers/IT-040-OL24436419M.jpeg,USABLE_CANDIDATE,
40,IT,ITALIAN_CANON,1,Gabriele D'Annunzio,Il piacere,TITLE_AUTHOR,/works/OL27679291W,Il Piacere,Gabriele D'Annunzio,/books/OL38211551M,Il piacere,,ita,9788879837699,Newton Compton,1995,,12758237,1.0,1.0,0.9850000000000001,VALID_COVER,281,500,JPEG,data/audit/reconstruction-IT-candidate-covers/IT-040-OL38211551M.jpeg,USABLE_CANDIDATE,
40,IT,ITALIAN_CANON,1,Gabriele D'Annunzio,Il piacere,TITLE_AUTHOR,/works/OL30261530W,3 CAPOLAVORI il Fuoco il Piacere L'innocente,Gabriele D'Annunzio,/books/OL41600732M,3 CAPOLAVORI il Fuoco il Piacere L'innocente,Narrativa Italiana 108,ita,9781086925081,Independently Published,2019,,,0.95,1.0,0.904,NOT_PROBED,,,,,REJECTED_CANDIDATE,
40,IT,ITALIAN_CANON,1,Gabriele D'Annunzio,Il piacere,TITLE_AUTHOR,/works/OL38720734W,Il piacere,Gabriele D'Annunzio,/books/OL52713931M,Il piacere,,ita,,Mondadori,1951,,,1.0,1.0,0.9,NOT_PROBED,,,,,REJECTED_CANDIDATE,
40,IT,ITALIAN_CANON,1,Gabriele D'Annunzio,Il piacere,TITLE_AUTHOR,/works/OL42951327W,Il piacere,Gabriele D'Annunzio,/books/OL58538727M,Il piacere,,ita,,Fratelli Treves,1905,,,1.0,1.0,0.9,NOT_PROBED,,,,,REJECTED_CANDIDATE,
40,IT,ITALIAN_CANON,1,Gabriele D'Annunzio,Il piacere,TITLE_AUTHOR,/works/OL45348018W,Il piacere,Gabriele D'Annunzio,/books/OL61805460M,Il piacere,,ita,,Fratelli Treves,1894,,,1.0,1.0,0.9,NOT_PROBED,,,,,REJECTED_CANDIDATE,
41,IT,ITALIAN_CANON,1,Gabriele D'Annunzio,Alcyone,TITLE_AUTHOR,/works/OL22006522W,Alcyone,Gabriele D'Annunzio,/books/OL30016391M,Alcyone,,ita,9798634168548,Independently Published,2020,,,1.0,1.0,0.93,NOT_PROBED,,,,,REJECTED_CANDIDATE,
41,IT,ITALIAN_CANON,1,Gabriele D'Annunzio,Alcyone,TITLE_AUTHOR,/works/OL29632119W,Alcyone,Gabriele D'Annunzio,/books/OL40767649M,Alcyone,,ita,9781717777867,Independently Published,2018,,,1.0,1.0,0.93,NOT_PROBED,,,,,REJECTED_CANDIDATE,
41,IT,ITALIAN_CANON,1,Gabriele D'Annunzio,Alcyone,TITLE_AUTHOR,/works/OL30122354W,Alcyone,Gabriele D'Annunzio,/books/OL41404410M,Alcyone,I Classici Italiani,ita,9781090907844,Independently Published,2019,,,1.0,1.0,0.93,NOT_PROBED,,,,,REJECTED_CANDIDATE,
41,IT,ITALIAN_CANON,1,Gabriele D'Annunzio,Alcyone,BROAD,/works/OL31011862W,Alcyone,Gabriele D'Annunzio,/books/OL42594207M,Alcyone,Edizione Da Collezione - Gabriele D'Annunzio,ita,9798771928470,Independently Published,2021,,,1.0,1.0,0.93,NOT_PROBED,,,,,REJECTED_CANDIDATE,
41,IT,ITALIAN_CANON,1,Gabriele D'Annunzio,Alcyone,TITLE_AUTHOR,/works/OL36887933W,Alcyone,Gabriele D'Annunzio,/books/OL49823969M,Alcyone,,ita,9788804500001,Oscar Mondadori,1982,,14866041,1.0,1.0,0.9850000000000001,VALID_COVER,298,500,JPEG,data/audit/reconstruction-IT-candidate-covers/IT-041-OL49823969M.jpeg,USABLE_CANDIDATE,
41,IT,ITALIAN_CANON,1,Gabriele D'Annunzio,Alcyone,TITLE_AUTHOR,/works/OL38489616W,Alcyone,Gabriele D'Annunzio,/books/OL52713919M,Alcyone,,ita,,Zanichelli,1964,,,1.0,1.0,0.9,NOT_PROBED,,,,,REJECTED_CANDIDATE,
41,IT,ITALIAN_CANON,1,Gabriele D'Annunzio,Alcyone,TITLE_AUTHOR,/works/OL39989551W,Alcyone,Gabriele D'Annunzio,/books/OL55355621M,Alcyone,,ita,9781978320802,CreateSpace Independent Publishing Platform,2017,,,1.0,1.0,0.93,NOT_PROBED,,,,,REJECTED_CANDIDATE,
41,IT,ITALIAN_CANON,1,Gabriele D'Annunzio,Alcyone,TITLE_AUTHOR,/works/OL42278340W,Alcyone,Gabriele D'Annunzio,/books/OL57346045M,Alcyone,,ita,,Oleandro,1931,,,1.0,1.0,0.9,NOT_PROBED,,,,,REJECTED_CANDIDATE,
41,IT,ITALIAN_CANON,1,Gabriele D'Annunzio,Alcyone,TITLE_AUTHOR,/works/OL43000036W,Alcyone,Gabriele D'Annunzio,/books/OL58581378M,Alcyone,,ita,,Mondadori,1954,,,1.0,1.0,0.9,NOT_PROBED,,,,,REJECTED_CANDIDATE,
42,IT,ITALIAN_CANON,1,Giovanni Pascoli,Myricae,TITLE_AUTHOR,/works/OL979223W,Myricae,Giovanni Pascoli,/books/OL17960097M,Myricae.,,ita,,R. Giusti,1903,,5793601,1.0,1.0,0.9550000000000001,VALID_COVER,351,500,JPEG,data/audit/reconstruction-IT-candidate-covers/IT-042-OL17960097M.jpeg,USABLE_CANDIDATE,
42,IT,ITALIAN_CANON,1,Giovanni Pascoli,Myricae,TITLE_AUTHOR,/works/OL979224W,Poems,Giovanni Pascoli,/books/OL21022899M,Poesie,"Myricae, Canti di Castelvecchio",ita,8802059365,Unione tipografico editrice torinese,2002,,,0.95,1.0,0.904,NOT_PROBED,,,,,REJECTED_CANDIDATE,
42,IT,ITALIAN_CANON,1,Giovanni Pascoli,Myricae,TITLE_AUTHOR,/works/OL979197W,Tutte le poesie,Giovanni Pascoli,/books/OL22513224M,Tutte le poesie,"Myricae, Primi poemetti, Nuovi poemetti, Canti di Castelvecchio ...",ita,8882893367,Grandi tascabili economici Newton,2001,,4251174,0.95,1.0,0.9590000000000001,VALID_COVER,128,193,JPEG,data/audit/reconstruction-IT-candidate-covers/IT-042-OL22513224M.jpeg,USABLE_CANDIDATE,
42,IT,ITALIAN_CANON,1,Giovanni Pascoli,Myricae,TITLE_AUTHOR,/works/OL28211471W,Myricae,Giovanni Pascoli,/books/OL38622690M,Myricae,,ita,,Mondadori,1967,,,1.0,1.0,0.9,NOT_PROBED,,,,,REJECTED_CANDIDATE,
42,IT,ITALIAN_CANON,1,Giovanni Pascoli,Myricae,TITLE_AUTHOR,/works/OL37318778W,Myricae,Giovanni Pascoli,/books/OL52443373M,Myricae,,ita,,Giusti,1920,,,1.0,1.0,0.9,NOT_PROBED,,,,,REJECTED_CANDIDATE,
42,IT,ITALIAN_CANON,1,Giovanni Pascoli,Myricae,TITLE_AUTHOR,/works/OL36813660W,Myricae,Giovanni Pascoli,/books/OL54306281M,Myricae,,ita,9781478158738,CreateSpace Independent Publishing Platform,2012,,,1.0,1.0,0.93,NOT_PROBED,,,,,REJECTED_CANDIDATE,
42,IT,ITALIAN_CANON,1,Giovanni Pascoli,Myricae,TITLE_AUTHOR,/works/OL41356971W,Myricae,Giovanni Pascoli,/books/OL56173216M,Myricae,,ita,9781535460811,Bi Classici,2016,,,1.0,1.0,0.93,NOT_PROBED,,,,,REJECTED_CANDIDATE,
42,IT,ITALIAN_CANON,1,Giovanni Pascoli,Myricae,TITLE_AUTHOR,/works/OL44319655W,Myricae,Giovanni Pascoli,/books/OL60565754M,Myricae,,ita,,Giusti,1913,,,1.0,1.0,0.9,NOT_PROBED,,,,,REJECTED_CANDIDATE,
43,IT,ITALIAN_CANON,1,Giovanni Pascoli,Canti di Castelvecchio,TITLE_AUTHOR,/works/OL13160294W,Canti di Castelvecchio,Giovanni Pascoli,/books/OL20554002M,Canti di Castelvecchio,,ita,,N. Zanichelli,1905,,9756268,1.0,1.0,0.9550000000000001,VALID_COVER,328,500,JPEG,data/audit/reconstruction-IT-candidate-covers/IT-043-OL20554002M.jpeg,USABLE_CANDIDATE,
43,IT,ITALIAN_CANON,1,Giovanni Pascoli,Canti di Castelvecchio,TITLE_AUTHOR,/works/OL979224W,Poems,Giovanni Pascoli,/books/OL21022899M,Poesie,"Myricae, Canti di Castelvecchio",ita,8802059365,Unione tipografico editrice torinese,2002,,,0.95,1.0,0.904,NOT_PROBED,,,,,REJECTED_CANDIDATE,
43,IT,ITALIAN_CANON,1,Giovanni Pascoli,Canti di Castelvecchio,TITLE_AUTHOR,/works/OL979222W,Canti di Castelvecchio,Giovanni Pascoli,/books/OL23284007M,Canti di Castelvecchio.,,ita,,N. Zanichelli,1907,,5749237,1.0,1.0,0.9550000000000001,VALID_COVER,348,500,JPEG,data/audit/reconstruction-IT-candidate-covers/IT-043-OL23284007M.jpeg,USABLE_CANDIDATE,
43,IT,ITALIAN_CANON,1,Giovanni Pascoli,Canti di Castelvecchio,TITLE_AUTHOR,/works/OL979146W,Dai Canti di Castelvecchio,Giovanni Pascoli,/books/OL2915296M,Dai Canti di Castelvecchio,,ita,,Il saggiatore,1982,,,0.95,1.0,0.874,NOT_PROBED,,,,,REJECTED_CANDIDATE,
43,IT,ITALIAN_CANON,1,Giovanni Pascoli,Canti di Castelvecchio,TITLE_AUTHOR,/works/OL27203750W,Canti Di Castelvecchio,Giovanni Pascoli,/books/OL36923781M,Canti Di Castelvecchio,,ita,9798718880106,Independently Published,2021,,,1.0,1.0,0.93,NOT_PROBED,,,,,REJECTED_CANDIDATE,
43,IT,ITALIAN_CANON,1,Giovanni Pascoli,Canti di Castelvecchio,TITLE_AUTHOR,/works/OL28188533W,Canti di Castelvecchio (1903-1912),Giovanni Pascoli,/books/OL38591216M,Canti di Castelvecchio (1903-1912),,ita,,A. Mondadori,1953,,,0.95,1.0,0.874,NOT_PROBED,,,,,REJECTED_CANDIDATE,
43,IT,ITALIAN_CANON,1,Giovanni Pascoli,Canti di Castelvecchio,TITLE_AUTHOR,/works/OL38716033W,Canti di Castelvecchio,Giovanni Pascoli,/books/OL52707590M,Canti di Castelvecchio,,ita,,A. Mondadori,1945,,,1.0,1.0,0.9,NOT_PROBED,,,,,REJECTED_CANDIDATE,
43,IT,ITALIAN_CANON,1,Giovanni Pascoli,Canti di Castelvecchio,TITLE_AUTHOR,/works/OL40045948W,Canti Di Castelvecchio,Giovanni Pascoli,/books/OL56173651M,Canti Di Castelvecchio,,ita,9781537352282,Bi Classici,2016,,,1.0,1.0,0.93,NOT_PROBED,,,,,REJECTED_CANDIDATE,
43,IT,ITALIAN_CANON,1,Giovanni Pascoli,Canti di Castelvecchio,TITLE_AUTHOR,/works/OL44198621W,Canti di Castelvecchio,Giovanni Pascoli,/books/OL61822779M,Canti di Castelvecchio,,ita,,Zanichelli,1903,,,1.0,1.0,0.9,NOT_PROBED,,,,,REJECTED_CANDIDATE,
44,IT,ITALIAN_CANON,1,Antonio Fogazzaro,Piccolo mondo antico,TITLE_AUTHOR,/works/OL2068288W,Piccolo mondo antico,Antonio Fogazzaro,/books/OL13502334M,The patriot =,(Piccolo mondo antico),eng | ita,,Copp Clark,1906,,5932116,1.0,1.0,0.9550000000000001,VALID_COVER,333,500,JPEG,data/audit/reconstruction-IT-candidate-covers/IT-044-OL13502334M.jpeg,USABLE_CANDIDATE,
44,IT,ITALIAN_CANON,1,Antonio Fogazzaro,Piccolo mondo antico,TITLE_AUTHOR,/works/OL19677540W,Piccolo mondo antico,Antonio Fogazzaro,/books/OL33200366M,Piccolo mondo antico,romanzo,ita,,"Baldini, Castoldi",1903,,11909383,1.0,1.0,0.9550000000000001,VALID_COVER,286,500,JPEG,data/audit/reconstruction-IT-candidate-covers/IT-044-OL33200366M.jpeg,USABLE_CANDIDATE,
44,IT,ITALIAN_CANON,1,Antonio Fogazzaro,Piccolo mondo antico,TITLE_AUTHOR,/works/OL11104113W,Piccolo mondo antico,Antonio Fogazzaro,/books/OL36499576M,Piccolo Mondo Antico,,ita,9798496892902,Independently Published,2021,,,1.0,1.0,0.93,NOT_PROBED,,,,,REJECTED_CANDIDATE,
44,IT,ITALIAN_CANON,1,Antonio Fogazzaro,Piccolo mondo antico,TITLE_AUTHOR,/works/OL27144752W,Piccolo Mondo Antico (Annotated),Antonio Fogazzaro,/books/OL36848681M,Piccolo Mondo Antico (Annotated),,ita,9798753033796,Independently Published,2021,,,0.95,1.0,0.904,NOT_PROBED,,,,,REJECTED_CANDIDATE,
44,IT,ITALIAN_CANON,1,Antonio Fogazzaro,Piccolo mondo antico,TITLE_AUTHOR,/works/OL25600974W,Piccolo Mondo Antico Illustrata,Antonio Fogazzaro,/books/OL38545025M,Piccolo Mondo Antico Illustrata,,ita,9798516160448,Independently Published,2021,,,0.95,1.0,0.904,NOT_PROBED,,,,,REJECTED_CANDIDATE,
44,IT,ITALIAN_CANON,1,Antonio Fogazzaro,Piccolo mondo antico,TITLE_AUTHOR,/works/OL28749496W,Piccolo Mondo Antico,Antonio Fogazzaro,/books/OL41231065M,Piccolo Mondo Antico,,ita,9781799277057,Independently Published,2019,,,1.0,1.0,0.93,NOT_PROBED,,,,,REJECTED_CANDIDATE,
44,IT,ITALIAN_CANON,1,Antonio Fogazzaro,Piccolo mondo antico,TITLE_AUTHOR,/works/OL30855381W,Piccolo Mondo Antico Illustrata,Antonio Fogazzaro,/books/OL46773437M,Piccolo Mondo Antico Illustrata,,ita,9798725520095,Independently Published,2021,,,0.95,1.0,0.904,NOT_PROBED,,,,,REJECTED_CANDIDATE,
44,IT,ITALIAN_CANON,1,Antonio Fogazzaro,Piccolo mondo antico,TITLE_AUTHOR,/works/OL38649142W,Piccolo mondo antico,Antonio Fogazzaro,/books/OL59684480M,Piccolo mondo antico,,ita,,Edizioni Scolastiche Mondadori,1954,,,1.0,1.0,0.9,NOT_PROBED,,,,,REJECTED_CANDIDATE,
45,IT,ITALIAN_CANON,1,Grazia Deledda,Canne al vento,TITLE_AUTHOR,/works/OL1437978W,"Canne al vento, e pagine di altri romanze",Grazia Deledda,/books/OL14578770M,"Canne al vento, e pagine di altri romanze",,ita,,Edizione Scolastiche Mondadori,1966,,,0.95,1.0,0.874,NOT_PROBED,,,,,REJECTED_CANDIDATE,
45,IT,ITALIAN_CANON,1,Grazia Deledda,Canne al vento,TITLE_AUTHOR,/works/OL1438050W,Canne al vento,Grazia Deledda | Qem Classic | A. Tuccillo | Martha King | Dolores Turchi | Guro Verlag,/books/OL39485072M,Canne al vento,,ita,9788823902756,Orsa Maggiore,1993,,12890201,1.0,1.0,0.9850000000000001,VALID_COVER,300,500,JPEG,data/audit/reconstruction-IT-candidate-covers/IT-045-OL39485072M.jpeg,USABLE_CANDIDATE,
45,IT,ITALIAN_CANON,1,Grazia Deledda,Canne al vento,TITLE_AUTHOR,/works/OL29622052W,Deledda - Canne Al Vento,EDIDUE | Grazia Deledda,/books/OL40755812M,Deledda - Canne Al Vento,,ita,9781973419082,Independently Published,2017,,,0.95,1.0,0.904,NOT_PROBED,,,,,REJECTED_CANDIDATE,
45,IT,ITALIAN_CANON,1,Grazia Deledda,Canne al vento,TITLE_AUTHOR,/works/OL1438025W,Le opere,Grazia Deledda,/books/OL5627808M,Le opere,"Il vecchio della montagna, Elias Portolu, Cenere, Canne al vento.",ita,,Unione tipografico-editrice torinese,1964,,,0.95,1.0,0.874,NOT_PROBED,,,,,REJECTED_CANDIDATE,
45,IT,ITALIAN_CANON,1,Grazia Deledda,Canne al vento,TITLE_AUTHOR,/works/OL41630393W,Canne Al Vento,Grazia Deledda,/books/OL56530023M,Canne Al Vento,,ita,9781986271530,CreateSpace Independent Publishing Platform,2018,,,1.0,1.0,0.93,NOT_PROBED,,,,,REJECTED_CANDIDATE,
45,IT,ITALIAN_CANON,1,Grazia Deledda,Canne al vento,TITLE_AUTHOR,/works/OL42614191W,Canne al vento,Grazia Deledda | Vittorio Spinazzola,/books/OL57890499M,Canne al vento,,ita,,A. Mondadori,1988,,,1.0,1.0,0.9,NOT_PROBED,,,,,REJECTED_CANDIDATE,
45,IT,ITALIAN_CANON,1,Grazia Deledda,Canne al vento,TITLE_AUTHOR,/works/OL42662411W,Canne al vento,Grazia Deledda,/books/OL58005218M,Canne al vento,romanzo,ita,,Treves,1913,,,1.0,1.0,0.9,NOT_PROBED,,,,,REJECTED_CANDIDATE,
45,IT,ITALIAN_CANON,1,Grazia Deledda,Canne al vento,TITLE_AUTHOR,/works/OL45528309W,Canne al vento,Grazia Deledda,/books/OL62017110M,Canne al vento,,ita,,Mondadori,1976,,,1.0,1.0,0.9,NOT_PROBED,,,,,REJECTED_CANDIDATE,
46,IT,ITALIAN_CANON,1,Grazia Deledda,Elias Portolu,TITLE_AUTHOR,/works/OL15471610W,Elias Portolu,Grazia Deledda,/books/OL24436668M,Elias Portolu,romanzo,ita,,Treves,1920,,7189164,1.0,1.0,0.9550000000000001,VALID_COVER,292,500,JPEG,data/audit/reconstruction-IT-candidate-covers/IT-046-OL24436668M.jpeg,USABLE_CANDIDATE,
46,IT,ITALIAN_CANON,1,Grazia Deledda,Elias Portolu,TITLE_AUTHOR,/works/OL24463802W,Elias Portolu,Grazia Deledda,/books/OL32406019M,Elias Portolu,,ita,9788804093671,Mondadori,1994,,11067984,1.0,1.0,0.9850000000000001,VALID_COVER,284,500,JPEG,data/audit/reconstruction-IT-candidate-covers/IT-046-OL32406019M.jpeg,USABLE_CANDIDATE,
46,IT,ITALIAN_CANON,1,Grazia Deledda,Elias Portolu,TITLE_AUTHOR,/works/OL29692616W,Elias Portolu,Grazia Deledda,/books/OL40847401M,Elias Portolu,,ita,9781520705231,Independently Published,2017,,,1.0,1.0,0.93,NOT_PROBED,,,,,REJECTED_CANDIDATE,
46,IT,ITALIAN_CANON,1,Grazia Deledda,Elias Portolu,TITLE_AUTHOR,/works/OL30586890W,Elias Portolu,Grazia Deledda,/books/OL42685827M,Elias Portolu,,ita,9798410756594,Independently Published,2022,,,1.0,1.0,0.93,NOT_PROBED,,,,,REJECTED_CANDIDATE,
46,IT,ITALIAN_CANON,1,Grazia Deledda,Elias Portolu,TITLE_AUTHOR,/works/OL34064216W,Elias Portolu,Grazia Deledda,/books/OL46704485M,Elias Portolu,,ita,9798831817287,Independently Published,2022,,,1.0,1.0,0.93,NOT_PROBED,,,,,REJECTED_CANDIDATE,
46,IT,ITALIAN_CANON,1,Grazia Deledda,Elias Portolu,TITLE_AUTHOR,/works/OL37720489W,"Elias Portolu, Romanzo",Grazia Deledda,/books/OL50878460M,"Elias Portolu, Romanzo",,ita,9781020786587,"Creative Media Partners, LLC",2023,,,0.95,1.0,0.904,NOT_PROBED,,,,,REJECTED_CANDIDATE,
46,IT,ITALIAN_CANON,1,Grazia Deledda,Elias Portolu,TITLE_AUTHOR,/works/OL43757973W,Elias Portolu,Grazia Deledda | G. Hérelle,/books/OL61610347M,Elias Portolu,novela,spa | ita,,Calpe,1920,,,1.0,1.0,0.9,NOT_PROBED,,,,,REJECTED_CANDIDATE,
47,IT,ITALIAN_CANON,1,Italo Svevo,Una vita,TITLE_AUTHOR,/works/OL2276547W,"Una vita, romanzo di Italo Svevo",Italo Svevo,/books/OL18048107M,"Una vita, romanzo di Italo Svevo.",,ita,,Edizioni Corbaccio,1938,,,0.95,1.0,0.874,NOT_PROBED,,,,,REJECTED_CANDIDATE,
47,IT,ITALIAN_CANON,1,Italo Svevo,Una vita,TITLE_AUTHOR,/works/OL12802602W,Una vita. Senilità. La coscienza di Zeno. La novella del buon vecchio e della fanciulla ed altri scritti,Italo Svevo,/books/OL21838452M,Una vita. Senilità. La coscienza di Zeno. La novella del buon vecchio e della fanciulla ed altri scritti,,ita,,Dall'Oglio,1964,,,0.95,1.0,0.874,NOT_PROBED,,,,,REJECTED_CANDIDATE,
47,IT,ITALIAN_CANON,1,Italo Svevo,Una vita,TITLE_AUTHOR,/works/OL30064679W,I Tre Romanzi Di Italo Svevo,Italo Svevo,/books/OL41326895M,I Tre Romanzi Di Italo Svevo,Una Vita Senilità la Coscienza Di Zeno,ita,9781798553381,Independently Published,2019,,,0.95,1.0,0.904,NOT_PROBED,,,,,REJECTED_CANDIDATE,
47,IT,ITALIAN_CANON,1,Italo Svevo,Una vita,TITLE_AUTHOR,/works/OL2276548W,Una vita. Senilità. La coscienza di Zeno. La novella del buon vecchio e della fanciulla ed altri scritti,Italo Svevo,/books/OL5228674M,Una vita. Senilità. La coscienza di Zeno. La novella del buon vecchio e della fanciulla ed altri scritti,,ita,,Dall'Oglio,1964,,,0.95,1.0,0.874,NOT_PROBED,,,,,REJECTED_CANDIDATE,
47,IT,ITALIAN_CANON,1,Italo Svevo,Una vita,TITLE_AUTHOR,/works/OL34671122W,Una vita,Italo Svevo,/books/OL57708296M,Una vita,,ita,,G. Morreale,1930,,,1.0,1.0,0.9,NOT_PROBED,,,,,REJECTED_CANDIDATE,
47,IT,ITALIAN_CANON,1,Italo Svevo,Una vita,TITLE_AUTHOR,/works/OL42850820W,Romanzi,Italo Svevo,/books/OL58379929M,Romanzi,"Una vita, Senilità, La coscienza di Zeno",ita,,Dall'Oglio,1969,,,0.95,1.0,0.874,NOT_PROBED,,,,,REJECTED_CANDIDATE,
47,IT,ITALIAN_CANON,1,Italo Svevo,Una vita,TITLE_AUTHOR,/works/OL43681373W,Una vita,Italo Svevo,/books/OL59543915M,Una vita,,ita,,E. Vram,1893,,,1.0,1.0,0.9,NOT_PROBED,,,,,REJECTED_CANDIDATE,
48,IT,ITALIAN_CANON,1,Italo Svevo,Senilità,TITLE_AUTHOR,/works/OL16030300W,Senilità,Italo Svevo,/books/OL24932874M,Senilità,,ita,,Dall'Oglio,1938,,6876593,1.0,1.0,0.9550000000000001,VALID_COVER,292,500,JPEG,data/audit/reconstruction-IT-candidate-covers/IT-048-OL24932874M.jpeg,USABLE_CANDIDATE,
48,IT,ITALIAN_CANON,1,Italo Svevo,Senilità,TITLE_AUTHOR,/works/OL13755524W,Senilità,Italo Svevo,/books/OL33029818M,Senilità,,ita,9788804258568,Mondadori,1985,,11711687,1.0,1.0,0.9850000000000001,VALID_COVER,292,500,JPEG,data/audit/reconstruction-IT-candidate-covers/IT-048-OL33029818M.jpeg,USABLE_CANDIDATE,
48,IT,ITALIAN_CANON,1,Italo Svevo,Senilità,TITLE_AUTHOR,/works/OL2276584W,Una vita,Italo Svevo,/books/OL5833164M,Una vita.,Senilità. La coscienza di zeno. La novella del buon vecchio e della bella fanciulla ed altri scritti.,ita,,Dall'Oglio,1959,,,0.95,1.0,0.874,NOT_PROBED,,,,,REJECTED_CANDIDATE,
48,IT,ITALIAN_CANON,1,Italo Svevo,Senilità,TITLE_ONLY,/works/OL40344935W,Senilità,Italo Svevo | Qem Classic,/books/OL59032340M,Senilità,,ita,,Garzanti,1988,,,1.0,1.0,0.9,NOT_PROBED,,,,,REJECTED_CANDIDATE,
49,IT,ITALIAN_CANON,1,Italo Svevo,La coscienza di Zeno,TITLE_ONLY,/works/OL11834261W,La coscienza di Zeno,Italo Svero,/books/OL16542190M,La coscienza di Zeno,,ita,,Mursia,1986,,,1.0,0.9090909090909091,0.8763636363636363,NOT_PROBED,,,,,REJECTED_CANDIDATE,
49,IT,ITALIAN_CANON,1,Italo Svevo,La coscienza di Zeno,BROAD,/works/OL12802600W,La coscienza di Zeno,Italo Svevo,/books/OL20648785M,La coscienza di Zeno,romanzo,ita,,Dall'Oglio,1976,,,1.0,1.0,0.9,NOT_PROBED,,,,,REJECTED_CANDIDATE,
49,IT,ITALIAN_CANON,1,Italo Svevo,La coscienza di Zeno,BROAD,/works/OL11644065W,La coscienza di Zeno,Italo Svevo,/books/OL22817163M,La coscienza di Zeno.,,ita,8804492945,Mondadori,1988,,14410143,1.0,1.0,0.9850000000000001,VALID_COVER,202,317,JPEG,data/audit/reconstruction-IT-candidate-covers/IT-049-OL22817163M.jpeg,USABLE_CANDIDATE,
49,IT,ITALIAN_CANON,1,Italo Svevo,La coscienza di Zeno,BROAD,/works/OL2276498W,Confession of Zeno,Italo Svevo,/books/OL35336771M,La coscienza di Zeno,,ita,9788882742560,Milano,2001,,12159595,1.0,1.0,0.9850000000000001,VALID_COVER,317,500,JPEG,data/audit/reconstruction-IT-candidate-covers/IT-049-OL35336771M.jpeg,USABLE_CANDIDATE,
49,IT,ITALIAN_CANON,1,Italo Svevo,La coscienza di Zeno,BROAD,/works/OL31580922W,La coscienza di Zeno,Italo Svevo,/books/OL43252510M,La coscienza di Zeno,,ita,9788889352465,Recitar leggendo,2014,,,1.0,1.0,0.93,NOT_PROBED,,,,,REJECTED_CANDIDATE,
49,IT,ITALIAN_CANON,1,Italo Svevo,La coscienza di Zeno,BROAD,/works/OL2276584W,Una vita,Italo Svevo,/books/OL5833164M,Una vita.,Senilità. La coscienza di zeno. La novella del buon vecchio e della bella fanciulla ed altri scritti.,ita,,Dall'Oglio,1959,,,0.95,1.0,0.874,NOT_PROBED,,,,,REJECTED_CANDIDATE,
49,IT,ITALIAN_CANON,1,Italo Svevo,La coscienza di Zeno,TITLE_ONLY,/works/OL9138086W,La Coscienza Di Zeno,Italo Svevo,/books/OL9176410M,La Coscienza Di Zeno,e «continuazioni»,ita,9788806118266,Einaudi,1987,,12504222,1.0,1.0,0.9850000000000001,VALID_COVER,304,500,JPEG,data/audit/reconstruction-IT-candidate-covers/IT-049-OL9176410M.jpeg,USABLE_CANDIDATE,
50,IT,ITALIAN_CANON,1,Luigi Pirandello,Il fu Mattia Pascal,TITLE_AUTHOR,/works/OL100434W,Il fu Mattia Pascal,Luigi Pirandello,/books/OL13533552M,The late Mattia Pascal,(Il fu Mattia Pascal),eng | ita,,E. P. Dutton & Company,1923,,8277593,1.0,1.0,0.9550000000000001,VALID_COVER,301,500,JPEG,data/audit/reconstruction-IT-candidate-covers/IT-050-OL13533552M.jpeg,USABLE_CANDIDATE,
50,IT,ITALIAN_CANON,1,Luigi Pirandello,Il fu Mattia Pascal,BROAD,/works/OL100434W,Il fu Mattia Pascal,Luigi Pirandello,/books/OL23305845M,Il fu Mattia Pascal,romanzo.,ita,,Treves,1919,,5749571,1.0,1.0,0.9550000000000001,VALID_COVER,307,500,JPEG,data/audit/reconstruction-IT-candidate-covers/IT-050-OL23305845M.jpeg,USABLE_CANDIDATE,
50,IT,ITALIAN_CANON,1,Luigi Pirandello,Il fu Mattia Pascal,TITLE_AUTHOR,/works/OL24844346W,Il fu Mattia Pascal,Luigi Pirandello,/books/OL33219871M,Il fu Mattia Pascal,,ita,9788823902787,Orsa Maggiore,1993,,11931419,1.0,1.0,0.9850000000000001,VALID_COVER,315,500,JPEG,data/audit/reconstruction-IT-candidate-covers/IT-050-OL33219871M.jpeg,USABLE_CANDIDATE,
50,IT,ITALIAN_CANON,1,Luigi Pirandello,Il fu Mattia Pascal,TITLE_AUTHOR,/works/OL27691808W,Il fu Mattia Pascal,Luigi Pirandello,/books/OL37871587M,Il fu Mattia Pascal,,ita,9788879831932,Grandi Tascabili Economici Newton,1993,,12744321,1.0,1.0,0.9850000000000001,VALID_COVER,298,500,JPEG,data/audit/reconstruction-IT-candidate-covers/IT-050-OL37871587M.jpeg,USABLE_CANDIDATE,
50,IT,ITALIAN_CANON,1,Luigi Pirandello,Il fu Mattia Pascal,TITLE_AUTHOR,/works/OL28957864W,Il fu Mattia Pascal,Luigi Pirandello,/books/OL39816447M,Il fu Mattia Pascal,,ita,9788806219116,Einaudi,2014,,12938836,1.0,1.0,0.9850000000000001,VALID_COVER,279,500,JPEG,data/audit/reconstruction-IT-candidate-covers/IT-050-OL39816447M.jpeg,USABLE_CANDIDATE,
50,IT,ITALIAN_CANON,1,Luigi Pirandello,Il fu Mattia Pascal,TITLE_AUTHOR,/works/OL38544717W,Il fu Mattia Pascal,Luigi Pirandello,/books/OL52449911M,Il fu Mattia Pascal,,ita,8807820870,Feltrinelli,1994,,,1.0,1.0,0.93,NOT_PROBED,,,,,REJECTED_CANDIDATE,
50,IT,ITALIAN_CANON,1,Luigi Pirandello,Il fu Mattia Pascal,TITLE_AUTHOR,/works/OL44869565W,Il fu Mattia Pascal,Luigi Pirandello,/books/OL61242009M,Il fu Mattia Pascal,romanzo,ita,,Nuova Antologia,1904,,,1.0,1.0,0.9,NOT_PROBED,,,,,REJECTED_CANDIDATE,
52,IT,ITALIAN_CANON,1,Luigi Pirandello,Sei personaggi in cerca d'autore,TITLE_AUTHOR,/works/OL100435W,Maschere nude,Luigi Pirandello,/books/OL14298823M,Maschere nude,Sei personaggi in cerca d'autore ; Enrico IV,ita,,A. Mondadori,1964,,,0.95,1.0,0.874,NOT_PROBED,,,,,REJECTED_CANDIDATE,
52,IT,ITALIAN_CANON,1,Luigi Pirandello,Sei personaggi in cerca d'autore,TITLE_AUTHOR,/works/OL19769965W,Sei personaggi in cerca d'autore,Luigi Pirandello,/books/OL27886371M,Sei personaggi in cerca d'autore,,ita | eng,9788846718181,ETS,2007,,13429933,1.0,1.0,0.9850000000000001,VALID_COVER,319,500,JPEG,data/audit/reconstruction-IT-candidate-covers/IT-052-OL27886371M.jpeg,USABLE_CANDIDATE,
52,IT,ITALIAN_CANON,1,Luigi Pirandello,Sei personaggi in cerca d'autore,TITLE_AUTHOR,/works/OL24297568W,Sei personaggi in cerca d'autore,Luigi Pirandello,/books/OL32140605M,Sei personaggi in cerca d'autore,Ciascuno a suo modo ; Questa sera si recita a soggetto,ita,9788811585022,Garzanti,1993,,10805254,1.0,1.0,0.9850000000000001,VALID_COVER,288,500,JPEG,data/audit/reconstruction-IT-candidate-covers/IT-052-OL32140605M.jpeg,USABLE_CANDIDATE,
52,IT,ITALIAN_CANON,1,Luigi Pirandello,Sei personaggi in cerca d'autore,TITLE_AUTHOR,/works/OL24151146W,Sei personaggi in cerca d'autore,Luigi Pirandello,/books/OL32140607M,Sei personaggi in cerca d'autore,,ita,9788817151702,Rizzoli,1993,,10805255,1.0,1.0,0.9850000000000001,VALID_COVER,310,500,JPEG,data/audit/reconstruction-IT-candidate-covers/IT-052-OL32140607M.jpeg,USABLE_CANDIDATE,
52,IT,ITALIAN_CANON,1,Luigi Pirandello,Sei personaggi in cerca d'autore,TITLE_AUTHOR,/works/OL28835624W,Sei Personaggi in Cerca D'autore,Luigi Pirandello,/books/OL40071475M,Sei Personaggi in Cerca D'autore,,ita,9781798443262,Independently Published,2019,,,1.0,1.0,0.93,NOT_PROBED,,,,,REJECTED_CANDIDATE,
52,IT,ITALIAN_CANON,1,Luigi Pirandello,Sei personaggi in cerca d'autore,TITLE_AUTHOR,/works/OL39700164W,Sei personaggi in cerca d'autore,Luigi Pirandello,/books/OL54355468M,Sei personaggi in cerca d'autore,,ita,9781463648886,CreateSpace Independent Publishing Platform,1921,,,1.0,1.0,0.93,NOT_PROBED,,,,,REJECTED_CANDIDATE,
52,IT,ITALIAN_CANON,1,Luigi Pirandello,Sei personaggi in cerca d'autore,TITLE_AUTHOR,/works/OL42326636W,Sei personaggi in cerca d'autore,Luigi Pirandello,/books/OL57415776M,Sei personaggi in cerca d'autore,commedia da fare,ita,,R. Bemporad & Figlio,1980,,,1.0,1.0,0.9,NOT_PROBED,,,,,REJECTED_CANDIDATE,
52,IT,ITALIAN_CANON,1,Luigi Pirandello,Sei personaggi in cerca d'autore,TITLE_ONLY,/works/OL45768203W,Sei personaggi in cerca d'autore,Luigi Pirandello | Roberto Alonge,/books/OL62298328M,Sei personaggi in cerca d'autore,Enrico IV,ita,8804354577,Mondadori,1993,,,1.0,1.0,0.93,NOT_PROBED,,,,,REJECTED_CANDIDATE,
53,IT,ITALIAN_CANON,1,Luigi Pirandello,Enrico IV,TITLE_AUTHOR,/works/OL100435W,Maschere nude,Luigi Pirandello,/books/OL14298823M,Maschere nude,Sei personaggi in cerca d'autore ; Enrico IV,ita,,A. Mondadori,1964,,,0.95,1.0,0.874,NOT_PROBED,,,,,REJECTED_CANDIDATE,
53,IT,ITALIAN_CANON,1,Luigi Pirandello,Enrico IV,TITLE_AUTHOR,/works/OL100382W,Così è (se vi pare),Luigi Pirandello,/books/OL16541875M,Così è (se vi pare),Il piacere dell'onestà ; Enrico IV,ita,,"""Le Muse""",1967,,,0.95,1.0,0.874,NOT_PROBED,,,,,REJECTED_CANDIDATE,
53,IT,ITALIAN_CANON,1,Luigi Pirandello,Enrico IV,BROAD,/works/OL100428W,Enrico IV,Luigi Pirandello,/books/OL16595588M,Enrico IV,,ita,8806132598,G. Einaudi,1993,,5344003,1.0,1.0,0.9850000000000001,VALID_COVER,128,234,JPEG,data/audit/reconstruction-IT-candidate-covers/IT-053-OL16595588M.jpeg,USABLE_CANDIDATE,
53,IT,ITALIAN_CANON,1,Luigi Pirandello,Enrico IV,TITLE_AUTHOR,/works/OL100428W,Enrico IV,Luigi Pirandello,/books/OL17959770M,Enrico IV,tragedia in tre atti.,ita,,R. Bemporad,1922,,5793576,1.0,1.0,0.9550000000000001,VALID_COVER,286,500,JPEG,data/audit/reconstruction-IT-candidate-covers/IT-053-OL17959770M.jpeg,USABLE_CANDIDATE,
53,IT,ITALIAN_CANON,1,Luigi Pirandello,Enrico IV,TITLE_AUTHOR,/works/OL100436W,Sei personaggi in cerca d'autore,Luigi Pirandello,/books/OL19067701M,Sei personaggi in cerca d'autore.,Enrico IV.,ita,,Mondadori,1966,,,0.95,1.0,0.874,NOT_PROBED,,,,,REJECTED_CANDIDATE,
53,IT,ITALIAN_CANON,1,Luigi Pirandello,Enrico IV,TITLE_AUTHOR,/works/OL19769965W,Sei personaggi in cerca d'autore,Luigi Pirandello,/books/OL26982262M,Sei personaggi in cerca d'autore,Enrico IV,ita,,Mondadori,1971,,,0.95,1.0,0.874,NOT_PROBED,,,,,REJECTED_CANDIDATE,
53,IT,ITALIAN_CANON,1,Luigi Pirandello,Enrico IV,TITLE_AUTHOR,/works/OL30138276W,Enrico IV,Luigi Pirandello,/books/OL41425457M,Enrico IV,,ita,9781692910136,Independently Published,2019,,,1.0,1.0,0.93,NOT_PROBED,,,,,REJECTED_CANDIDATE,
53,IT,ITALIAN_CANON,1,Luigi Pirandello,Enrico IV,TITLE_AUTHOR,/works/OL34414391W,Enrico IV,Luigi Pirandello,/books/OL46775034M,Enrico IV,,ita,9798358358003,Independently Published,2022,,,1.0,1.0,0.93,NOT_PROBED,,,,,REJECTED_CANDIDATE,
53,IT,ITALIAN_CANON,1,Luigi Pirandello,Enrico IV,TITLE_AUTHOR,/works/OL40201983W,Enrico IV,Luigi Pirandello,/books/OL54698342M,Enrico IV,,ita,9781979842006,CreateSpace Independent Publishing Platform,2017,,,1.0,1.0,0.93,NOT_PROBED,,,,,REJECTED_CANDIDATE,
54,IT,ITALIAN_CANON,1,Umberto Saba,Il Canzoniere,TITLE_AUTHOR,/works/OL1437526W,Il canzoniere,Umberto Saba,/books/OL16220855M,Il canzoniere,,ita,,Einaudi,1976,,,1.0,1.0,0.9,NOT_PROBED,,,,,REJECTED_CANDIDATE,
54,IT,ITALIAN_CANON,1,Umberto Saba,Il Canzoniere,TITLE_AUTHOR,/works/OL1437545W,Il canzoniere (1900-1954),Umberto Saba,/books/OL17409858M,Il canzoniere (1900-1954),,ita,8806593781,Einaudi,1961,,5375109,0.95,1.0,0.9590000000000001,VALID_COVER,128,200,JPEG,data/audit/reconstruction-IT-candidate-covers/IT-054-OL17409858M.jpeg,USABLE_CANDIDATE,
54,IT,ITALIAN_CANON,1,Umberto Saba,Il Canzoniere,TITLE_AUTHOR,/works/OL13049919W,Il canzoniere (1900-1954),Umberto Saba,/books/OL20306793M,Il canzoniere (1900-1954),,ita,,Einaudi,1965,,,0.95,1.0,0.874,NOT_PROBED,,,,,REJECTED_CANDIDATE,
54,IT,ITALIAN_CANON,1,Umberto Saba,Il Canzoniere,TITLE_AUTHOR,/works/OL1437496W,Il canzoniere (1900-1945),Umberto Saba,/books/OL227169M,Il canzoniere (1900-1945),,ita,,G. Einaudi,1945,,,0.95,1.0,0.874,NOT_PROBED,,,,,REJECTED_CANDIDATE,
54,IT,ITALIAN_CANON,1,Umberto Saba,Il Canzoniere,TITLE_AUTHOR,/works/OL1437497W,"Il canzoniere, 1921",Umberto Saba,/books/OL3226646M,"Il canzoniere, 1921",,ita,,Fondazione Arnoldo e Alberto Mondadori,1981,,,0.95,1.0,0.874,NOT_PROBED,,,,,REJECTED_CANDIDATE,
54,IT,ITALIAN_CANON,1,Umberto Saba,Il Canzoniere,TITLE_AUTHOR,/works/OL27734337W,Il canzoniere,Umberto Saba,/books/OL37858614M,Il canzoniere,1900-1954,ita,9788806224714,Einaudi,2014,,12734194,1.0,1.0,0.9850000000000001,VALID_COVER,299,500,JPEG,data/audit/reconstruction-IT-candidate-covers/IT-054-OL37858614M.jpeg,USABLE_CANDIDATE,
54,IT,ITALIAN_CANON,1,Umberto Saba,Il Canzoniere,TITLE_AUTHOR,/works/OL28193944W,Il canzoniere 1921,Umberto Saba,/books/OL38598558M,Il canzoniere 1921,,ita,,Fondazione Arnoldo e Alberto Monadori,1981,,,0.95,1.0,0.874,NOT_PROBED,,,,,REJECTED_CANDIDATE,
55,IT,ITALIAN_CANON,1,Guido Gozzano,I colloqui,TITLE_AUTHOR,/works/OL2120583W,I colloqui,Guido Gozzano,/books/OL15139757M,I colloqui,liriche.,ita,,Treves,1917,,,1.0,1.0,0.9,NOT_PROBED,,,,,REJECTED_CANDIDATE,
55,IT,ITALIAN_CANON,1,Guido Gozzano,I colloqui,TITLE_AUTHOR,/works/OL2120587W,Poesie,Guido Gozzano,/books/OL18496771M,Poesie,"La via del rifugio, I colloqui, Le farfalle e le Poesie sparse",ita,,G. Einaudi,1973,,,0.95,1.0,0.874,NOT_PROBED,,,,,REJECTED_CANDIDATE,
55,IT,ITALIAN_CANON,1,Guido Gozzano,I colloqui,TITLE_AUTHOR,/works/OL15469354W,I colloqui,Guido Gozzano,/books/OL24434627M,I colloqui,liriche,ita,,Treves,1917,,7059820,1.0,1.0,0.9550000000000001,VALID_COVER,354,500,JPEG,data/audit/reconstruction-IT-candidate-covers/IT-055-OL24434627M.jpeg,USABLE_CANDIDATE,
55,IT,ITALIAN_CANON,1,Guido Gozzano,I colloqui,TITLE_AUTHOR,/works/OL29210922W,Poesie,Guido Gozzano,/books/OL46770339M,Poesie,"la Via Del Rifugio, I Colloqui",ita,9798358798755,Independently Published,2022,,,0.95,1.0,0.904,NOT_PROBED,,,,,REJECTED_CANDIDATE,
55,IT,ITALIAN_CANON,1,Guido Gozzano,I colloqui,TITLE_AUTHOR,/works/OL38866316W,I colloqui e altre poesie,Guido Gozzano,/books/OL52919992M,I colloqui e altre poesie,,ita,,Garzanti,1951,,,0.95,1.0,0.874,NOT_PROBED,,,,,REJECTED_CANDIDATE,
55,IT,ITALIAN_CANON,1,Guido Gozzano,I colloqui,BROAD,/works/OL2120583W,I colloqui,Guido Gozzano,/books/OL5491921M,I colloqui.,Liriche di Guido Gozzano.,ita,,Coitipi di A. Tallone,1970,,,1.0,1.0,0.9,NOT_PROBED,,,,,REJECTED_CANDIDATE,
55,IT,ITALIAN_CANON,1,Guido Gozzano,I colloqui,TITLE_AUTHOR,/works/OL34128070W,I Colloqui,Guido Gozzano,/books/OL55482184M,I Colloqui,,ita,9781512394054,The Perfect Library,2015,,,1.0,1.0,0.93,NOT_PROBED,,,,,REJECTED_CANDIDATE,
55,IT,ITALIAN_CANON,1,Guido Gozzano,I colloqui,TITLE_AUTHOR,/works/OL40957442W,"Tutte le Poesie (la Via Del Rifugio, I Colloqui, le Farfalle, Poesie Sparse)",Guido Gozzano,/books/OL55654044M,"Tutte le Poesie (la Via Del Rifugio, I Colloqui, le Farfalle, Poesie Sparse)",,ita,9781533664495,Bi Classici,2016,,,0.95,1.0,0.904,NOT_PROBED,,,,,REJECTED_CANDIDATE,
55,IT,ITALIAN_CANON,1,Guido Gozzano,I colloqui,TITLE_AUTHOR,/works/OL2120575W,"Liriche scelte da ""I colloqui.""",Guido Gozzano,/books/OL5593868M,"Liriche scelte da ""I colloqui.""",,ita,,Stampato per i Cento amici del libro,1954,,,0.95,1.0,0.874,NOT_PROBED,,,,,REJECTED_CANDIDATE,
56,IT,TWENTIETH_CENTURY,1,Giuseppe Ungaretti,L'Allegria,BROAD,/works/OL2066829W,L' allegria,Giuseppe Ungaretti,/books/OL16494335M,L' allegria,,ita,,Fondazione Arnoldo e Alberto Mondadori,1982,,,1.0,1.0,0.9,NOT_PROBED,,,,,REJECTED_CANDIDATE,
56,IT,TWENTIETH_CENTURY,1,Giuseppe Ungaretti,L'Allegria,TITLE_AUTHOR,/works/OL2066829W,L' allegria,Giuseppe Ungaretti,/books/OL16593114M,L' allegria,1914-1919,ita,8804351322,Mondadori,1992,,5343887,1.0,1.0,0.9850000000000001,VALID_COVER,128,215,JPEG,data/audit/reconstruction-IT-candidate-covers/IT-056-OL16593114M.jpeg,USABLE_CANDIDATE,
56,IT,TWENTIETH_CENTURY,1,Giuseppe Ungaretti,L'Allegria,TITLE_AUTHOR,/works/OL2066775W,"L' allegria, 1914-1919",Giuseppe Ungaretti,/books/OL21059607M,"L' allegria, 1914-1919",,ita,,A. Mondadori,1963,,,0.95,1.0,0.874,NOT_PROBED,,,,,REJECTED_CANDIDATE,
56,IT,TWENTIETH_CENTURY,1,Giuseppe Ungaretti,L'Allegria,TITLE_AUTHOR,/works/OL19946634W,Vita d'un uomo,Giuseppe Ungaretti,/books/OL27127033M,Vita d'un uomo,Poesie : L'Allegria : 1914-1919,ita,,A. Mondadori,1966,,,0.95,1.0,0.874,NOT_PROBED,,,,,REJECTED_CANDIDATE,
56,IT,TWENTIETH_CENTURY,1,Giuseppe Ungaretti,L'Allegria,TITLE_AUTHOR,/works/OL23132499W,L'allegria è il mio elemento,Giuseppe Ungaretti,/books/OL30972498M,L'allegria è il mio elemento,trecento lettere con Leone Piccioni,ita,9788804631200,Oscar Mondadori,2013,,,0.95,1.0,0.904,NOT_PROBED,,,,,REJECTED_CANDIDATE,
56,IT,TWENTIETH_CENTURY,1,Giuseppe Ungaretti,L'Allegria,TITLE_AUTHOR,/works/OL32720979W,L'allegria,Giuseppe Ungaretti,/books/OL44539081M,L'allegria,poesie 1914-1919,ita,,Alberto Tallone Editore,1988,,,1.0,1.0,0.9,NOT_PROBED,,,,,REJECTED_CANDIDATE,
56,IT,TWENTIETH_CENTURY,1,Giuseppe Ungaretti,L'Allegria,TITLE_AUTHOR,/works/OL43159271W,L'allegria ...,Giuseppe Ungaretti,/books/OL58780499M,L'allegria ...,,ita,,Giulio Preda,1931,,,1.0,1.0,0.9,NOT_PROBED,,,,,REJECTED_CANDIDATE,
56,IT,TWENTIETH_CENTURY,1,Giuseppe Ungaretti,L'Allegria,TITLE_AUTHOR,/works/OL43817503W,"L'allegria, 1914-1919",Giuseppe Ungaretti,/books/OL59732411M,"L'allegria, 1914-1919",,ita,,Mondadori,1962,,,0.95,1.0,0.874,NOT_PROBED,,,,,REJECTED_CANDIDATE,
57,IT,TWENTIETH_CENTURY,1,Eugenio Montale,Ossi di seppia,TITLE_AUTHOR,/works/OL610100W,Ossi di seppia,Eugenio Montale,/books/OL13427640M,Ossi Di Seppia,,ita,9788804343592,Mondadori Italian,1991,,5283977,1.0,1.0,0.9850000000000001,VALID_COVER,128,207,JPEG,data/audit/reconstruction-IT-candidate-covers/IT-057-OL13427640M.jpeg,USABLE_CANDIDATE,
57,IT,TWENTIETH_CENTURY,1,Eugenio Montale,Ossi di seppia,TITLE_AUTHOR,/works/OL610109W,"Ossi di seppia, 1920-1927",Eugenio Montale,/books/OL18017649M,"Ossi di seppia, 1920-1927",,ita,,Mondadori,1948,,,0.95,1.0,0.874,NOT_PROBED,,,,,REJECTED_CANDIDATE,
57,IT,TWENTIETH_CENTURY,1,Eugenio Montale,Ossi di seppia,TITLE_AUTHOR,/works/OL19686843W,"Ossi di seppia, 1920-1927",Eugenio Montale,/books/OL26902807M,"Ossi di seppia, 1920-1927",,ita,,A. Mondadori,1963,,,0.95,1.0,0.874,NOT_PROBED,,,,,REJECTED_CANDIDATE,
57,IT,TWENTIETH_CENTURY,1,Eugenio Montale,Ossi di seppia,TITLE_AUTHOR,/works/OL28171809W,Ossi di seppia,Eugenio Montale,/books/OL39215235M,Ossi di seppia,,ita,9788804521013,Mondadori,2003,,12852005,1.0,1.0,0.9850000000000001,VALID_COVER,278,500,JPEG,data/audit/reconstruction-IT-candidate-covers/IT-057-OL39215235M.jpeg,USABLE_CANDIDATE,
57,IT,TWENTIETH_CENTURY,1,Eugenio Montale,Ossi di seppia,TITLE_AUTHOR,/works/OL32698094W,Ossi di seppia,Eugenio Montale,/books/OL44538647M,Ossi di seppia,,ita,,Tallone Editore],1983,,,1.0,1.0,0.9,NOT_PROBED,,,,,REJECTED_CANDIDATE,
57,IT,TWENTIETH_CENTURY,1,Eugenio Montale,Ossi di seppia,TITLE_AUTHOR,/works/OL33200007W,"Ossi di seppia, 1920-1927",Eugenio Montale,/books/OL52920425M,"Ossi di seppia, 1920-1927",,ita,,A. Mondadori,1976,,,0.95,1.0,0.874,NOT_PROBED,,,,,REJECTED_CANDIDATE,
57,IT,TWENTIETH_CENTURY,1,Eugenio Montale,Ossi di seppia,TITLE_AUTHOR,/works/OL43739295W,Ossi di Seppia,Eugenio Montale,/books/OL59624252M,Ossi di Seppia,,ita,,Fratelli Ribet ed.,1928,,,1.0,1.0,0.9,NOT_PROBED,,,,,REJECTED_CANDIDATE,
58,IT,TWENTIETH_CENTURY,1,Eugenio Montale,Le occasioni,TITLE_AUTHOR,/works/OL610110W,Poems,Eugenio Montale,/books/OL16534882M,"Le occasioni, 1928-1939",,ita,,A. Mondadori,1963,,,0.95,1.0,0.874,NOT_PROBED,,,,,REJECTED_CANDIDATE,
58,IT,TWENTIETH_CENTURY,1,Eugenio Montale,Le occasioni,TITLE_AUTHOR,/works/OL19768849W,Le occasioni,Eugenio Montale,/books/OL38611003M,Le occasioni,1928-1939,ita,,A. Mondadori,1967,,,1.0,1.0,0.9,NOT_PROBED,,,,,REJECTED_CANDIDATE,
58,IT,TWENTIETH_CENTURY,1,Eugenio Montale,Le occasioni,TITLE_AUTHOR,/works/OL38750152W,"Le occasioni, 1928-1939",Eugenio Montale,/books/OL52756555M,"Le occasioni, 1928-1939",,ita,,G. Einaudi,1945,,,0.95,1.0,0.874,NOT_PROBED,,,,,REJECTED_CANDIDATE,
58,IT,TWENTIETH_CENTURY,1,Eugenio Montale,Le occasioni,TITLE_AUTHOR,/works/OL38866507W,Le occasioni,Eugenio Montale,/books/OL58091994M,Le occasioni,,ita,,Einaudi,1939,,,1.0,1.0,0.9,NOT_PROBED,,,,,REJECTED_CANDIDATE,
58,IT,TWENTIETH_CENTURY,1,Eugenio Montale,Le occasioni,TITLE_AUTHOR,/works/OL610103W,Le occasioni,Eugenio Montale,/books/OL757487M,Le occasioni,,ita,8806126148,G. Einaudi,1996,,3802074,1.0,1.0,0.9850000000000001,VALID_COVER,128,209,JPEG,data/audit/reconstruction-IT-candidate-covers/IT-058-OL757487M.jpeg,USABLE_CANDIDATE,
59,IT,TWENTIETH_CENTURY,1,Salvatore Quasimodo,Ed è subito sera,TITLE_AUTHOR,/works/OL855080W,Ed è subito sera,Salvatore Quasimodo,/books/OL22908995M,Ed è subito sera.,,ita,,Mondadori,1962,,,1.0,1.0,0.9,NOT_PROBED,,,,,REJECTED_CANDIDATE,
59,IT,TWENTIETH_CENTURY,1,Salvatore Quasimodo,Ed è subito sera,TITLE_AUTHOR,/works/OL19770165W,Ed è subito sera,Salvatore Quasimodo,/books/OL26982435M,Ed è subito sera,,ita,,Mondadori,1962,,,1.0,1.0,0.9,NOT_PROBED,,,,,REJECTED_CANDIDATE,
59,IT,TWENTIETH_CENTURY,1,Salvatore Quasimodo,Ed è subito sera,TITLE_AUTHOR,/works/OL38800099W,Ed é subito sera,Salvatore Quasimodo,/books/OL52827756M,Ed é subito sera,poesie,ita,,Mondadori,1944,,,1.0,1.0,0.9,NOT_PROBED,,,,,REJECTED_CANDIDATE,
59,IT,TWENTIETH_CENTURY,1,Salvatore Quasimodo,Ed è subito sera,TITLE_AUTHOR,/works/OL38805310W,Ed è subito sera,Salvatore Quasimodo,/books/OL52835524M,Ed è subito sera,,ita,,A. Mondadori,1984,,,1.0,1.0,0.9,NOT_PROBED,,,,,REJECTED_CANDIDATE,
60,IT,TWENTIETH_CENTURY,1,Alberto Moravia,Gli indifferenti,TITLE_ONLY,/works/OL14857322W,"Gli indifferenti, di Moravia [pseud.]",Alberto Moravia,/books/OL15506791M,"Gli indifferenti, di Moravia [pseud.]",,ita,,Bompiani,1962,,,0.95,1.0,0.874,NOT_PROBED,,,,,REJECTED_CANDIDATE,
60,IT,TWENTIETH_CENTURY,1,Alberto Moravia,Gli indifferenti,BROAD,/works/OL19955037W,Gli indifferenti,Alberto Moravia,/books/OL27135320M,Gli indifferenti,,ita,9788845259630,Bompiani,2007,,,1.0,1.0,0.93,NOT_PROBED,,,,,REJECTED_CANDIDATE,
60,IT,TWENTIETH_CENTURY,1,Alberto Moravia,Gli indifferenti,BROAD,/works/OL24708554W,Gli indifferenti,Alberto Moravia,/books/OL32797630M,Gli indifferenti,,ita,9788481304831,Gruppo editoriale L'Espresso,2002,,11430093,1.0,1.0,0.9850000000000001,VALID_COVER,288,500,JPEG,data/audit/reconstruction-IT-candidate-covers/IT-060-OL32797630M.jpeg,USABLE_CANDIDATE,
60,IT,TWENTIETH_CENTURY,1,Alberto Moravia,Gli indifferenti,BROAD,/works/OL37464209W,Gli indifferenti,Alberto Moravia,/books/OL50482560M,Gli indifferenti,romanzo,ita,,Bompiani,1974,,,1.0,1.0,0.9,NOT_PROBED,,,,,REJECTED_CANDIDATE,
60,IT,TWENTIETH_CENTURY,1,Alberto Moravia,Gli indifferenti,BROAD,/works/OL42221070W,Gli Indifferenti,Alberto Moravia,/books/OL57275383M,Gli Indifferenti,,ita,,Alpes,1929,,,1.0,1.0,0.9,NOT_PROBED,,,,,REJECTED_CANDIDATE,
60,IT,TWENTIETH_CENTURY,1,Alberto Moravia,Gli indifferenti,BROAD,/works/OL45318776W,Gli indifferenti,Alberto Moravia,/books/OL61771873M,Gli indifferenti,romanzo,ita,,Bompiani,1951,,,1.0,1.0,0.9,NOT_PROBED,,,,,REJECTED_CANDIDATE,
61,IT,TWENTIETH_CENTURY,1,Alberto Moravia,La noia,TITLE_AUTHOR,/works/OL19949840W,La Noia,Alberto Moravia,/books/OL27130175M,La Noia,,ita,9788845250477,Bompiani,2011,,,1.0,1.0,0.93,NOT_PROBED,,,,,REJECTED_CANDIDATE,
61,IT,TWENTIETH_CENTURY,1,Alberto Moravia,La noia,TITLE_AUTHOR,/works/OL45745398W,La noia,Alberto Moravia,/books/OL62271992M,La noia,romanzo di Moravia,ita,,Bompiani,1961,,,1.0,1.0,0.9,NOT_PROBED,,,,,REJECTED_CANDIDATE,
62,IT,TWENTIETH_CENTURY,1,Cesare Pavese,Paesi tuoi,TITLE_AUTHOR,/works/OL10867204W,Paesi tuoi,Cesare Pavese,/books/OL18571016M,Paesi tuoi.,,ita,,Einaudi,1952,,,1.0,1.0,0.9,NOT_PROBED,,,,,REJECTED_CANDIDATE,
62,IT,TWENTIETH_CENTURY,1,Cesare Pavese,Paesi tuoi,TITLE_AUTHOR,/works/OL30864780W,Paesi Tuoi,Cesare Pavese,/books/OL42436544M,Paesi Tuoi,,ita,9798684912184,Independently Published,2020,,,1.0,1.0,0.93,NOT_PROBED,,,,,REJECTED_CANDIDATE,
62,IT,TWENTIETH_CENTURY,1,Cesare Pavese,Paesi tuoi,TITLE_AUTHOR,/works/OL30900041W,Carcere - la Spiaggia - Paesi Tuoi - la Casa in Collina - la Luna e I Falo',Cesare PAVESE,/books/OL42452485M,Carcere - la Spiaggia - Paesi Tuoi - la Casa in Collina - la Luna e I Falo',,ita,9798726094601,Independently Published,2021,,,0.95,1.0,0.904,NOT_PROBED,,,,,REJECTED_CANDIDATE,
62,IT,TWENTIETH_CENTURY,1,Cesare Pavese,Paesi tuoi,TITLE_AUTHOR,/works/OL35575006W,Paesi tuoi,Cesare Pavese,/books/OL48010947M,Paesi tuoi,,ita,,Einaudi,1952,,,1.0,1.0,0.9,NOT_PROBED,,,,,REJECTED_CANDIDATE,
62,IT,TWENTIETH_CENTURY,1,Cesare Pavese,Paesi tuoi,TITLE_AUTHOR,/works/OL38786575W,Paesi tuoi,Cesare Pavese,/books/OL53673533M,Paesi tuoi,,ita,8806158376,Einaudi,2001,,,1.0,1.0,0.93,NOT_PROBED,,,,,REJECTED_CANDIDATE,
63,IT,TWENTIETH_CENTURY,1,Cesare Pavese,La luna e i falò,TITLE_AUTHOR,/works/OL10422854W,La luna e i falo,Cesare Pavese,/books/OL14584611M,La luna e i falo  .,,ita,,Einandi,1967,,,1.0,1.0,0.9,NOT_PROBED,,,,,REJECTED_CANDIDATE,
63,IT,TWENTIETH_CENTURY,1,Cesare Pavese,La luna e i falò,TITLE_AUTHOR,/works/OL19769750W,La luna e i falò,Cesare Pavese,/books/OL26982082M,La luna e i falò,,ita,,Einaudi,1954,,,1.0,1.0,0.9,NOT_PROBED,,,,,REJECTED_CANDIDATE,
63,IT,TWENTIETH_CENTURY,1,Cesare Pavese,La luna e i falò,TITLE_AUTHOR,/works/OL20013330W,La luna e i falò,Cesare Pavese,/books/OL27193408M,La luna e i falò,,ita,,A. Mondadori,1976,,,1.0,1.0,0.9,NOT_PROBED,,,,,REJECTED_CANDIDATE,
63,IT,TWENTIETH_CENTURY,1,Cesare Pavese,La luna e i falò,TITLE_AUTHOR,/works/OL32019026W,La luna e i falò,Cesare Pavese,/books/OL43736892M,La luna e i falò,,ita,9788811816072,Garzanti,2021,,,1.0,1.0,0.93,NOT_PROBED,,,,,REJECTED_CANDIDATE,
63,IT,TWENTIETH_CENTURY,1,Cesare Pavese,La luna e i falò,TITLE_AUTHOR,/works/OL10867207W,La luna e i falò,Cesare Pavese,/books/OL52707827M,La luna e i falò,,ita | eng,,Appleton-Century-Crofts,1968,,,1.0,1.0,0.9,NOT_PROBED,,,,,REJECTED_CANDIDATE,
64,IT,TWENTIETH_CENTURY,1,Elio Vittorini,Conversazione in Sicilia,TITLE_AUTHOR,/works/OL2237961W,"Conversazione in Sicilia, nome e lagrime",Elio Vittorini,/books/OL19665457M,"Conversazione in Sicilia, nome e lagrime",romanzo.,ita,,Bompiani,1941,,,0.95,1.0,0.874,NOT_PROBED,,,,,REJECTED_CANDIDATE,
64,IT,TWENTIETH_CENTURY,1,Elio Vittorini,Conversazione in Sicilia,TITLE_AUTHOR,/works/OL24819498W,Conversazione in Sicilia,Elio Vittorini,/books/OL32982918M,Conversazione in Sicilia,,ita,9788817669207,Rizzoli editore,1986,,11610219,1.0,1.0,0.9850000000000001,VALID_COVER,297,500,JPEG,data/audit/reconstruction-IT-candidate-covers/IT-064-OL32982918M.jpeg,USABLE_CANDIDATE,
65,IT,TWENTIETH_CENTURY,1,Elio Vittorini,Uomini e no,TITLE_AUTHOR,/works/OL2237992W,"Uomini e no, romanzo",Elio Vittorini,/books/OL18076603M,"Uomini e no, romanzo.",,ita,,Bompiani,1945,,,0.95,1.0,0.874,NOT_PROBED,,,,,REJECTED_CANDIDATE,
65,IT,TWENTIETH_CENTURY,1,Elio Vittorini,Uomini e no,TITLE_AUTHOR,/works/OL2238015W,Uomini e no,Elio Vittorini,/books/OL22827787M,Uomini e no,,ita,8804330937,Arnoldo Mondadori,1990,,12815372,1.0,1.0,0.9850000000000001,VALID_COVER,298,500,JPEG,data/audit/reconstruction-IT-candidate-covers/IT-065-OL22827787M.jpeg,USABLE_CANDIDATE,
65,IT,TWENTIETH_CENTURY,1,Elio Vittorini,Uomini e no,TITLE_AUTHOR,/works/OL19678934W,Uomini e no. Introduzione di Giansiro Ferrata,Elio Vittorini,/books/OL26895571M,Uomini e no. Introduzione di Giansiro Ferrata,,ita,,A. Mondadori,1965,,,0.95,1.0,0.874,NOT_PROBED,,,,,REJECTED_CANDIDATE,
65,IT,TWENTIETH_CENTURY,1,Elio Vittorini,Uomini e no,TITLE_AUTHOR,/works/OL12503259W,Uomini e no,Elio Vittorini,/books/OL39210104M,Uomini e no,,ita,9788804668091,Mondadori,2016,,12843840,1.0,1.0,0.9850000000000001,VALID_COVER,307,500,JPEG,data/audit/reconstruction-IT-candidate-covers/IT-065-OL39210104M.jpeg,USABLE_CANDIDATE,
65,IT,TWENTIETH_CENTURY,1,Elio Vittorini,Uomini e no,TITLE_ONLY,/works/OL6371538W,Uomini e no,Valentino Orsini,/books/OL4159426M,Uomini e no,liberamente tratto dal romanzo di Elio Vittorini edito da Mondadori,ita,,ERI,1980,,,1.0,0.6,0.796,NOT_PROBED,,,,,REJECTED_CANDIDATE,
65,IT,TWENTIETH_CENTURY,1,Elio Vittorini,Uomini e no,TITLE_AUTHOR,/works/OL28212803W,Uomini e no,Elio Vittorini,/books/OL60152620M,Uomini e no,,ita,,A. Mondadori,1973,,,1.0,1.0,0.9,NOT_PROBED,,,,,REJECTED_CANDIDATE,
66,IT,TWENTIETH_CENTURY,1,Beppe Fenoglio,Il partigiano Johnny,TITLE_AUTHOR,/works/OL10302784W,Il Partigiano Johnny,Beppe Fenoglio,/books/OL13427956M,Il Partigiano Johnny,,ita,9788806134709,Einaudi,1994,,13005670,1.0,1.0,0.9850000000000001,VALID_COVER,296,500,JPEG,data/audit/reconstruction-IT-candidate-covers/IT-066-OL13427956M.jpeg,USABLE_CANDIDATE,
66,IT,TWENTIETH_CENTURY,1,Beppe Fenoglio,Il partigiano Johnny,TITLE_AUTHOR,/works/OL2883457W,Il partigiano Johnny,Beppe Fenoglio,/books/OL13742633M,Il partigiano Johnny.,,ita,,Einaudi,1968,,,1.0,1.0,0.9,NOT_PROBED,,,,,REJECTED_CANDIDATE,
66,IT,TWENTIETH_CENTURY,1,Beppe Fenoglio,Il partigiano Johnny,TITLE_AUTHOR,/works/OL19978123W,Il partigiano Johnny,Beppe Fenoglio,/books/OL27158276M,Il partigiano Johnny,,ita,9788806219277,Giulio Einaudi editore,2014,,14390450,1.0,1.0,0.9850000000000001,VALID_COVER,326,500,JPEG,data/audit/reconstruction-IT-candidate-covers/IT-066-OL27158276M.jpeg,USABLE_CANDIDATE,
67,IT,TWENTIETH_CENTURY,1,Beppe Fenoglio,Una questione privata,TITLE_AUTHOR,/works/OL2883444W,Una questione privata ; I ventitre giorni della città di Alba,Beppe Fenoglio,/books/OL21570946M,Una questione privata ; I ventitre giorni della città di Alba,,ita,8806117858,Einaudi,1990,,4925350,0.95,1.0,0.9590000000000001,VALID_COVER,128,216,JPEG,data/audit/reconstruction-IT-candidate-covers/IT-067-OL21570946M.jpeg,USABLE_CANDIDATE,
67,IT,TWENTIETH_CENTURY,1,Beppe Fenoglio,Una questione privata,TITLE_AUTHOR,/works/OL19952089W,Una questione privata,Beppe Fenoglio,/books/OL27132403M,Una questione privata,,ita,9788806209025,Einaudi,2011,,,1.0,1.0,0.93,NOT_PROBED,,,,,REJECTED_CANDIDATE,
67,IT,TWENTIETH_CENTURY,1,Beppe Fenoglio,Una questione privata,TITLE_AUTHOR,/works/OL2883462W,Una questione privata,Beppe Fenoglio,/books/OL3267539M,Una questione privata,,ita,,Garzanti,1982,,,1.0,1.0,0.9,NOT_PROBED,,,,,REJECTED_CANDIDATE,
67,IT,TWENTIETH_CENTURY,1,Beppe Fenoglio,Una questione privata,TITLE_ONLY,/works/OL8637659W,Una Questione Privata,Fenoglio,/books/OL9176409M,Una Questione Privata,,ita,9788806117856,Einaudi,"December 31, 1998",,4925349,1.0,0.95,0.9720000000000001,VALID_COVER,128,216,JPEG,data/audit/reconstruction-IT-candidate-covers/IT-067-OL9176409M.jpeg,USABLE_CANDIDATE,
68,IT,TWENTIETH_CENTURY,1,Carlo Emilio Gadda,Quer pasticciaccio brutto de via Merulana,BROAD,/works/OL794064W,Quer pasticciaccio brutto de via Merulana,Carlo Emilio Gadda,/books/OL17381557M,Quer pasticciaccio brutto de via Merulana,romanzo.,ita,8811667011,Garzanti,1987,,12783435,1.0,1.0,0.9850000000000001,VALID_COVER,296,500,JPEG,data/audit/reconstruction-IT-candidate-covers/IT-068-OL17381557M.jpeg,USABLE_CANDIDATE,
68,IT,TWENTIETH_CENTURY,1,Carlo Emilio Gadda,Quer pasticciaccio brutto de via Merulana,TITLE_AUTHOR,/works/OL16063411W,Quer pasticciaccio brutto de via Merulana,Carlo Emilio Gadda,/books/OL24961799M,Quer pasticciaccio brutto de via Merulana,,ita,9788811666424,Garzanti,2000,,6931203,1.0,1.0,0.9850000000000001,VALID_COVER,316,500,JPEG,data/audit/reconstruction-IT-candidate-covers/IT-068-OL24961799M.jpeg,USABLE_CANDIDATE,
68,IT,TWENTIETH_CENTURY,1,Carlo Emilio Gadda,Quer pasticciaccio brutto de via Merulana,TITLE_AUTHOR,/works/OL19949843W,Quer pasticciaccio brutto de via Merulana,Carlo Emilio Gadda,/books/OL27130178M,Quer pasticciaccio brutto de via Merulana,[romanzo],ita,9788811694625,Garzanti,2011,,,1.0,1.0,0.93,NOT_PROBED,,,,,REJECTED_CANDIDATE,
68,IT,TWENTIETH_CENTURY,1,Carlo Emilio Gadda,Quer pasticciaccio brutto de via Merulana,TITLE_AUTHOR,/works/OL37143023W,Quer pasticciaccio brutto de Via Merulana,Carlo Emilio Gadda,/books/OL50100272M,Quer pasticciaccio brutto de Via Merulana,,ita,9788811683391,,2007,,,1.0,1.0,0.905,NOT_PROBED,,,,,REJECTED_CANDIDATE,
69,IT,TWENTIETH_CENTURY,1,Carlo Emilio Gadda,La cognizione del dolore,TITLE_AUTHOR,/works/OL794073W,"La cognizione del dolore, con un saggio introduttivo di Gianfranco Contini",Carlo Emilio Gadda,/books/OL15534604M,"La cognizione del dolore, con un saggio introduttivo di Gianfranco Contini.",,ita,,Einaudi,1963,,,0.95,1.0,0.874,NOT_PROBED,,,,,REJECTED_CANDIDATE,
69,IT,TWENTIETH_CENTURY,1,Carlo Emilio Gadda,La cognizione del dolore,TITLE_AUTHOR,/works/OL794088W,La cognizione del dolore,Carlo Emilio Gadda,/books/OL2240525M,La cognizione del dolore,,ita,8806598422,Einaudi,1987,,4100609,1.0,1.0,0.9850000000000001,VALID_COVER,128,223,JPEG,data/audit/reconstruction-IT-candidate-covers/IT-069-OL2240525M.jpeg,USABLE_CANDIDATE,
69,IT,TWENTIETH_CENTURY,1,Carlo Emilio Gadda,La cognizione del dolore,TITLE_AUTHOR,/works/OL12365846W,La cognizione del dolore,Carlo Emilio Gadda,/books/OL32113507M,La cognizione del dolore,,ita,9788806031640,Einaudi,1984,,10773653,1.0,1.0,0.9850000000000001,VALID_COVER,288,500,JPEG,data/audit/reconstruction-IT-candidate-covers/IT-069-OL32113507M.jpeg,USABLE_CANDIDATE,
69,IT,TWENTIETH_CENTURY,1,Carlo Emilio Gadda,La cognizione del dolore,TITLE_AUTHOR,/works/OL28200337W,La cognizione del dolore,Carlo Emilio Gadda,/books/OL38607284M,La cognizione del dolore,,ita,,Einaudi,1970,,,1.0,1.0,0.9,NOT_PROBED,,,,,REJECTED_CANDIDATE,
70,IT,TWENTIETH_CENTURY,1,Giorgio Bassani,Il giardino dei Finzi-Contini,TITLE_AUTHOR,/works/OL21138680W,Il Giardino Dei Finzi Contini,Giorgio Bassani,/books/OL38610416M,Il giardino dei Finzi-Contini,,ita | eng,,Einaudi,1962,,14914302,1.0,1.0,0.9550000000000001,VALID_COVER,308,500,JPEG,data/audit/reconstruction-IT-candidate-covers/IT-070-OL38610416M.jpeg,USABLE_CANDIDATE,
70,IT,TWENTIETH_CENTURY,1,Giorgio Bassani,Il giardino dei Finzi-Contini,TITLE_AUTHOR,/works/OL37489434W,Il giardino dei Finzi-Contini (Italian Edition),Giorgio Bassani,/books/OL50511152M,Il giardino dei Finzi-Contini (Italian Edition),,ita,9788807881084,Feltrinelli,2012,,,0.95,1.0,0.904,NOT_PROBED,,,,,REJECTED_CANDIDATE,
71,IT,TWENTIETH_CENTURY,1,Giuseppe Tomasi di Lampedusa,Il Gattopardo,TITLE_AUTHOR,/works/OL2386302W,Il Gattopardo,Giuseppe Tomasi di Lampedusa,/books/OL13797098M,Il Gattopardo,edizione conforme al manoscritto del 1957.,ita,,Feltrinelli,1981,,,1.0,1.0,0.9,NOT_PROBED,,,,,REJECTED_CANDIDATE,
71,IT,TWENTIETH_CENTURY,1,Giuseppe Tomasi di Lampedusa,Il Gattopardo,TITLE_AUTHOR,/works/OL2386320W,Opere,Giuseppe Tomasi di Lampedusa,/books/OL13974711M,Opere,"Il gattopardo, Il mattino di un mezzadro, La gioia e la legge, Lighea, I luoghi dellamia prima infanzia.",ita,,Feltrinelli,1966,,,0.95,1.0,0.874,NOT_PROBED,,,,,REJECTED_CANDIDATE,
71,IT,TWENTIETH_CENTURY,1,Giuseppe Tomasi di Lampedusa,Il Gattopardo,TITLE_AUTHOR,/works/OL7908820W,Il Gattopardo,Giuseppe Tomasi di Lampedusa,/books/OL19038214M,Il Gattopardo.,,ita,,Feltrinelli Economica,,,,1.0,1.0,0.885,NOT_PROBED,,,,,REJECTED_CANDIDATE,
71,IT,TWENTIETH_CENTURY,1,Giuseppe Tomasi di Lampedusa,Il Gattopardo,TITLE_AUTHOR,/works/OL2386322W,Il gattopardo,Giuseppe Tomasi di Lampedusa,/books/OL22126176M,Il gattopardo,,ita,880781028X,Feltrinelli,1963,,8015480,1.0,1.0,0.9850000000000001,VALID_COVER,317,500,JPEG,data/audit/reconstruction-IT-candidate-covers/IT-071-OL22126176M.jpeg,USABLE_CANDIDATE,
71,IT,TWENTIETH_CENTURY,1,Giuseppe Tomasi di Lampedusa,Il Gattopardo,TITLE_AUTHOR,/works/OL19772909W,Il gattopardo,Giuseppe Tomasi di Lampedusa,/books/OL26984860M,Il gattopardo,,ita | spa,,Feltrinelli,1958,,,1.0,1.0,0.9,NOT_PROBED,,,,,REJECTED_CANDIDATE,
71,IT,TWENTIETH_CENTURY,1,Giuseppe Tomasi di Lampedusa,Il Gattopardo,TITLE_AUTHOR,/works/OL28590496W,Il Gattopardo,Giuseppe Tomasi di Lampedusa,/books/OL39200530M,Il Gattopardo,,ita,9788807883828,Feltrinelli,2013,,12833388,1.0,1.0,0.9850000000000001,VALID_COVER,310,500,JPEG,data/audit/reconstruction-IT-candidate-covers/IT-071-OL39200530M.jpeg,USABLE_CANDIDATE,
71,IT,TWENTIETH_CENTURY,1,Giuseppe Tomasi di Lampedusa,Il Gattopardo,TITLE_AUTHOR,/works/OL2386311W,Licy e il gattopardo,Giuseppe Tomasi di Lampedusa,/books/OL592877M,Licy e il gattopardo,lettere d'amore di Giuseppe Tomasi di Lampedusa,ita,8826702365,Edizioni associate,1995,,,0.95,1.0,0.904,NOT_PROBED,,,,,REJECTED_CANDIDATE,
71,IT,TWENTIETH_CENTURY,1,Giuseppe Tomasi di Lampedusa,Il Gattopardo,TITLE_AUTHOR,/works/OL2386305W,Il Gattopardo,Giuseppe Tomasi di Lampedusa,/books/OL9176576M,Il Gattopardo,,ita,9788807810282,Feltrinelli,"December 31, 1995",,1049045,1.0,1.0,0.9850000000000001,VALID_COVER,304,475,JPEG,data/audit/reconstruction-IT-candidate-covers/IT-071-OL9176576M.jpeg,USABLE_CANDIDATE,
72,IT,TWENTIETH_CENTURY,1,Primo Levi,Se questo è un uomo,BROAD,/works/OL860066W,Se questo è un uomo,Primo Levi,/books/OL35605422M,Se questo è un uomo,,ita,9788806219352,Einaudi,2014,,12311586,1.0,1.0,0.9850000000000001,VALID_COVER,311,500,JPEG,data/audit/reconstruction-IT-candidate-covers/IT-072-OL35605422M.jpeg,USABLE_CANDIDATE,
72,IT,TWENTIETH_CENTURY,1,Primo Levi,Se questo è un uomo,TITLE_AUTHOR,/works/OL45064345W,Se questo e un uomo,Primo Levi | Alberto Cavaglion | Centro internazionale di studi Primo Levi,/books/OL61468377M,Se questo e un uomo,,ita,9788806210557,Einaudi,2012,,,1.0,1.0,0.93,NOT_PROBED,,,,,REJECTED_CANDIDATE,
72,IT,TWENTIETH_CENTURY,1,Primo Levi,Se questo è un uomo,TITLE_AUTHOR,/works/OL860032W,Works (La tregua / Se questo è un uomo),Primo Levi,/books/OL756300M,Se questo è un uomo / La tregua,,ita,8806116053,Einaudi,1989,,1049023,0.95,1.0,0.9590000000000001,VALID_COVER,286,475,JPEG,data/audit/reconstruction-IT-candidate-covers/IT-072-OL756300M.jpeg,USABLE_CANDIDATE,
73,IT,TWENTIETH_CENTURY,1,Primo Levi,La tregua,TITLE_AUTHOR,/works/OL860026W,La tregua,Primo Levi,/books/OL5940485M,The reawakening (La tregua),a liberated prisoner's long march home through east Europe.,eng | ita,,"Little, Brown",1965,,8338705,1.0,1.0,0.9550000000000001,VALID_COVER,303,500,JPEG,data/audit/reconstruction-IT-candidate-covers/IT-073-OL5940485M.jpeg,USABLE_CANDIDATE,
73,IT,TWENTIETH_CENTURY,1,Primo Levi,La tregua,TITLE_AUTHOR,/works/OL860032W,Works (La tregua / Se questo è un uomo),Primo Levi,/books/OL756300M,Se questo è un uomo / La tregua,,ita,8806116053,Einaudi,1989,,1049023,0.95,1.0,0.9590000000000001,VALID_COVER,286,475,JPEG,data/audit/reconstruction-IT-candidate-covers/IT-073-OL756300M.jpeg,USABLE_CANDIDATE,
74,IT,TWENTIETH_CENTURY,1,Italo Calvino,Il sentiero dei nidi di ragno,TITLE_AUTHOR,/works/OL37430399W,Il sentiero dei nidi di ragno,Italo Calvino,/books/OL50438468M,Il sentiero dei nidi di ragno,,ita,,Garzanti,1987,,,1.0,1.0,0.9,NOT_PROBED,,,,,REJECTED_CANDIDATE,
74,IT,TWENTIETH_CENTURY,1,Italo Calvino,Il sentiero dei nidi di ragno,TITLE_AUTHOR,/works/OL43674383W,Il sentiero dei nidi di ragno,Italo Calvino,/books/OL59596616M,Il sentiero dei nidi di ragno,,ita,,Einaudi,1954,,,1.0,1.0,0.9,NOT_PROBED,,,,,REJECTED_CANDIDATE,
75,IT,TWENTIETH_CENTURY,1,Italo Calvino,Il barone rampante,TITLE_AUTHOR,/works/OL15347W,I nostri antenati,Italo Calvino,/books/OL18496333M,I nostri antenati,"Il visconte dimezzato, Il barone rampante, Il cavaliere inesistente.",ita,,Einaudi,1971,,,0.95,1.0,0.874,NOT_PROBED,,,,,REJECTED_CANDIDATE,
75,IT,TWENTIETH_CENTURY,1,Italo Calvino,Il barone rampante,TITLE_AUTHOR,/works/OL32059698W,Il Barone rampante,Italo Calvino,/books/OL43787039M,Il Barone rampante,,ita,,Manchester U.P.,1984,,,1.0,1.0,0.9,NOT_PROBED,,,,,REJECTED_CANDIDATE,
75,IT,TWENTIETH_CENTURY,1,Italo Calvino,Il barone rampante,TITLE_AUTHOR,/works/OL45253988W,Il barone rampante,Italo Calvino,/books/OL61695376M,Il barone rampante,,ita,,Garzanti,1985,,,1.0,1.0,0.9,NOT_PROBED,,,,,REJECTED_CANDIDATE,
75,IT,TWENTIETH_CENTURY,1,Italo Calvino,Il barone rampante,TITLE_AUTHOR,/works/OL43998961W,I nostri antenati,Italo Calvino,/books/OL61708625M,I nostri antenati,Il visconte dimezzato; Il barone rampante; Il cavaliere inesistente,ita,,Garzanti,1985,,,0.95,1.0,0.874,NOT_PROBED,,,,,REJECTED_CANDIDATE,
76,IT,TWENTIETH_CENTURY,1,Italo Calvino,Le città invisibili,TITLE_AUTHOR,/works/OL15297W,Le città invisibili,Italo Calvino | William Weaver 1923 | William Weaver,/books/OL21148363M,Invisible cities,,eng | ita,0151452903,Harcourt Brace Jovanovich,1974,,11712445,1.0,1.0,0.9850000000000001,VALID_COVER,333,500,JPEG,data/audit/reconstruction-IT-candidate-covers/IT-076-OL21148363M.jpeg,USABLE_CANDIDATE,
77,IT,TWENTIETH_CENTURY,1,Elsa Morante,L'isola di Arturo,TITLE_AUTHOR,/works/OL2883788W,L'isola di Arturo,Elsa Morante,/books/OL768247M,L' isola di Arturo,romanzo,ita,8806409077,Einaudi,1957,,12701600,1.0,1.0,0.9850000000000001,VALID_COVER,287,500,JPEG,data/audit/reconstruction-IT-candidate-covers/IT-077-OL768247M.jpeg,USABLE_CANDIDATE,
79,IT,TWENTIETH_CENTURY,1,Pier Paolo Pasolini,Ragazzi di vita,TITLE_AUTHOR,/works/OL669436W,Ragazzi di vita,Pier Paolo Pasolini,/books/OL4677082M,Ragazzi di vita,romanzo,ita,9788811688358,Garzanti,1976,,8142991,1.0,1.0,0.9850000000000001,VALID_COVER,326,500,JPEG,data/audit/reconstruction-IT-candidate-covers/IT-079-OL4677082M.jpeg,USABLE_CANDIDATE,
80,IT,TWENTIETH_CENTURY,1,Pier Paolo Pasolini,Una vita violenta,TITLE_AUTHOR,/works/OL38826050W,Una vita violenta,Pier Paolo Pasolini,/books/OL52863746M,Una vita violenta,romanzo,ita,,Garzanti,1967,,,1.0,1.0,0.9,NOT_PROBED,,,,,REJECTED_CANDIDATE,
80,IT,TWENTIETH_CENTURY,1,Pier Paolo Pasolini,Una vita violenta,TITLE_AUTHOR,/works/OL43384121W,Una vita Violenta,Pier Paolo Pasolini,/books/OL59089453M,Una vita Violenta,,eng | ita,,Garzanti,1975,,,1.0,1.0,0.9,NOT_PROBED,,,,,REJECTED_CANDIDATE,
80,IT,TWENTIETH_CENTURY,1,Pier Paolo Pasolini,Una vita violenta,TITLE_AUTHOR,/works/OL44316979W,Una vita violenta,Pier Paolo Pasolini,/books/OL61743119M,Una vita violenta,romanzo,ita,,Garzanti,1959,,,1.0,1.0,0.9,NOT_PROBED,,,,,REJECTED_CANDIDATE,
81,IT,TWENTIETH_CENTURY,1,Leonardo Sciascia,Il giorno della civetta,TITLE_AUTHOR,/works/OL9138133W,Il giorno della civetta,Leonardo Sciascia,/books/OL13430422M,Il giorno della civetta,,ita,9788845909573,Adelphi,,,12510801,1.0,1.0,0.9700000000000001,VALID_COVER,285,500,JPEG,data/audit/reconstruction-IT-candidate-covers/IT-081-OL13430422M.jpeg,USABLE_CANDIDATE,
81,IT,TWENTIETH_CENTURY,1,Leonardo Sciascia,Il giorno della civetta,TITLE_AUTHOR,/works/OL10448165W,Il giorno della civetta,Leonardo Sciascia,/books/OL13929090M,Il giorno della civetta,,ita,,Einaudi,1962,,,1.0,1.0,0.9,NOT_PROBED,,,,,REJECTED_CANDIDATE,
81,IT,TWENTIETH_CENTURY,1,Leonardo Sciascia,Il giorno della civetta,TITLE_AUTHOR,/works/OL11021574W,Il giorno della civetta,Leonardo Sciascia,/books/OL14459791M,Il giorno della civetta,,ita,8806032690,G. Einaudi,1972,,12159317,1.0,1.0,0.9850000000000001,VALID_COVER,288,500,JPEG,data/audit/reconstruction-IT-candidate-covers/IT-081-OL14459791M.jpeg,USABLE_CANDIDATE,
81,IT,TWENTIETH_CENTURY,1,Leonardo Sciascia,Il giorno della civetta,TITLE_AUTHOR,/works/OL19771352W,Il giorno della civetta,Leonardo Sciascia,/books/OL26983496M,Il giorno della civetta,,ita,,Einaudi,1970,,,1.0,1.0,0.9,NOT_PROBED,,,,,REJECTED_CANDIDATE,
81,IT,TWENTIETH_CENTURY,1,Leonardo Sciascia,Il giorno della civetta,TITLE_AUTHOR,/works/OL24271157W,Il giorno della civetta,Leonardo Sciascia,/books/OL32107256M,Il giorno della civetta,,ita,9771129085131,Corriere della Sera,2002,,10765117,1.0,1.0,0.9850000000000001,VALID_COVER,280,500,JPEG,data/audit/reconstruction-IT-candidate-covers/IT-081-OL32107256M.jpeg,USABLE_CANDIDATE,
81,IT,TWENTIETH_CENTURY,1,Leonardo Sciascia,Il giorno della civetta,TITLE_AUTHOR,/works/OL38718925W,Il giorno della civetta,Leonardo Sciascia,/books/OL52711528M,Il giorno della civetta,,ita,,Einaudi,1976,,,1.0,1.0,0.9,NOT_PROBED,,,,,REJECTED_CANDIDATE,
81,IT,TWENTIETH_CENTURY,1,Leonardo Sciascia,Il giorno della civetta,TITLE_AUTHOR,/works/OL43903112W,Il giorno della civetta,Leonardo Sciascia,/books/OL59857207M,Il giorno della civetta,,ita,,Einaudi,1962,,,1.0,1.0,0.9,NOT_PROBED,,,,,REJECTED_CANDIDATE,
81,IT,TWENTIETH_CENTURY,1,Leonardo Sciascia,Il giorno della civetta,TITLE_AUTHOR,/works/OL665748W,Il giorno della civetta,Leonardo Sciascia,/books/OL7839625M,Il Giorno Della Civetta,Leonardo Sciascia (Manchester New Italian Texts),ita,9780719045509,Manchester University Press,"July 15, 1998",,457066,1.0,1.0,0.9850000000000001,VALID_COVER,315,500,JPEG,data/audit/reconstruction-IT-candidate-covers/IT-081-OL7839625M.jpeg,USABLE_CANDIDATE,
81,IT,TWENTIETH_CENTURY,1,Leonardo Sciascia,Il giorno della civetta,TITLE_AUTHOR,/works/OL31387411W,Il Giorno Della Civetta,Leonardo Sciascia,/books/OL9176512M,Il Giorno Della Civetta,,ita,9788806326982,Einaudi,1961,,,1.0,1.0,0.93,NOT_PROBED,,,,,REJECTED_CANDIDATE,
81,IT,TWENTIETH_CENTURY,1,Leonardo Sciascia,Il giorno della civetta,TITLE_AUTHOR,/works/OL665649W,Il Giorno Della Civetta (Italian Texts),Leonardo Sciascia,/books/OL9716883M,Il Giorno Della Civetta (Italian Texts),,ita,9780719054341,Manchester Univ Pr,September 1998,,5005719,0.95,1.0,0.9590000000000001,VALID_COVER,128,195,JPEG,data/audit/reconstruction-IT-candidate-covers/IT-081-OL9716883M.jpeg,USABLE_CANDIDATE,
82,IT,TWENTIETH_CENTURY,1,Leonardo Sciascia,A ciascuno il suo,TITLE_ONLY,/works/OL11021573W,A ciascuno il suo,Leonardo Sciascia,/books/OL14539278M,A ciascuno il suo,,ita,,G. Einaudi,1976,,,1.0,1.0,0.9,NOT_PROBED,,,,,REJECTED_CANDIDATE,
82,IT,TWENTIETH_CENTURY,1,Leonardo Sciascia,A ciascuno il suo,TITLE_ONLY,/works/OL10448166W,A ciascuno il suo,Leonardo Sciascia,/books/OL16176274M,A ciascuno il suo.,,ita,8481304913,La Biblioteca di Republica,2002,,15201672,1.0,1.0,0.9850000000000001,VALID_COVER,284,500,JPEG,data/audit/reconstruction-IT-candidate-covers/IT-082-OL16176274M.jpeg,USABLE_CANDIDATE,
82,IT,TWENTIETH_CENTURY,1,Leonardo Sciascia,A ciascuno il suo,TITLE_ONLY,/works/OL20039745W,A ciascuno il suo,Leonardo Sciascia,/books/OL27929706M,A ciascuno il suo,,ita,,Einaudi,1966,,9309061,1.0,1.0,0.9550000000000001,VALID_COVER,306,500,JPEG,data/audit/reconstruction-IT-candidate-covers/IT-082-OL27929706M.jpeg,USABLE_CANDIDATE,
82,IT,TWENTIETH_CENTURY,1,Leonardo Sciascia,A ciascuno il suo,TITLE_ONLY,/works/OL33530147W,A ciascuno il suo,Leonardo Sciascia,/books/OL45462016M,A ciascuno il suo,,ita,,G. Einaudi,1978,,,1.0,1.0,0.9,NOT_PROBED,,,,,REJECTED_CANDIDATE,
82,IT,TWENTIETH_CENTURY,1,Leonardo Sciascia,A ciascuno il suo,TITLE_ONLY,/works/OL665749W,A ciascuno il suo,Leonardo Sciascia,/books/OL5204482M,A ciascuno il suo,,ita,039513398X,Houghton Mifflin,1976,,8170668,1.0,1.0,0.9850000000000001,VALID_COVER,302,500,JPEG,data/audit/reconstruction-IT-candidate-covers/IT-082-OL5204482M.jpeg,USABLE_CANDIDATE,
83,IT,TWENTIETH_CENTURY,1,Gesualdo Bufalino,Diceria dell'untore,TITLE_AUTHOR,/works/OL2104551W,Diceria dell'untore,Gesualdo Bufalino,/books/OL770866M,Diceria dell'untore,,ita,8845219313,Bompiani,1992,,,1.0,1.0,0.93,NOT_PROBED,,,,,REJECTED_CANDIDATE,
84,IT,TWENTIETH_CENTURY,1,Natalia Ginzburg,Lessico famigliare,TITLE_AUTHOR,/works/OL41073018W,Lessico Famigliare,Natalia Ginzburg | Roger Gwynn,/books/OL58920038M,Lessico famigliare,,ita,,Einaudi,1963,,,1.0,1.0,0.9,NOT_PROBED,,,,,REJECTED_CANDIDATE,
85,IT,TWENTIETH_CENTURY,1,Natalia Ginzburg,Le piccole virtù,TITLE_AUTHOR,/works/OL1449790W,Die kleinen Tugenden. Erzählungen,Natalia Ginzburg,/books/OL33012553M,Le piccole virtù,,ita,9788806056971,Einaudi,1984,,11668638,1.0,1.0,0.9850000000000001,VALID_COVER,287,500,JPEG,data/audit/reconstruction-IT-candidate-covers/IT-085-OL33012553M.jpeg,USABLE_CANDIDATE,
86,IT,TWENTIETH_CENTURY,1,Dino Buzzati,Il deserto dei Tartari,TITLE_ONLY,/works/OL11648687W,Il deserto dei tartari,Dino Buzzati,/books/OL19126662M,Il deserto dei tartari.,,ita,8804450878,Arnaldo Mondadori Editore,,,,1.0,1.0,0.915,NOT_PROBED,,,,,REJECTED_CANDIDATE,
86,IT,TWENTIETH_CENTURY,1,Dino Buzzati,Il deserto dei Tartari,TITLE_ONLY,/works/OL1437311W,Il deserto dei tartari e dodici racconti,Dino Buzzati,/books/OL20449843M,Il deserto dei tartari e dodici racconti,,ita,,Mondadori,1945,,,0.95,1.0,0.874,NOT_PROBED,,,,,REJECTED_CANDIDATE,
86,IT,TWENTIETH_CENTURY,1,Dino Buzzati,Il deserto dei Tartari,TITLE_ONLY,/works/OL28200965W,Il deserto dei Tartari,Dino Buzzati,/books/OL38608077M,Il deserto dei Tartari,,ita,,A. Mondadori,1966,,,1.0,1.0,0.9,NOT_PROBED,,,,,REJECTED_CANDIDATE,
86,IT,TWENTIETH_CENTURY,1,Dino Buzzati,Il deserto dei Tartari,TITLE_ONLY,/works/OL38772024W,Il deserto dei tartari,Dino Buzzati,/books/OL52786948M,Il deserto dei tartari,romanzo,ita,,A. Mondadori,1945,,,1.0,1.0,0.9,NOT_PROBED,,,,,REJECTED_CANDIDATE,
86,IT,TWENTIETH_CENTURY,1,Dino Buzzati,Il deserto dei Tartari,TITLE_ONLY,/works/OL1437341W,Il deserto dei Tartari,Dino Buzzati,/books/OL772990M,Il deserto dei Tartari,,ita,8804327030,A. Mondadori,1989,,1048984,1.0,1.0,0.9850000000000001,VALID_COVER,303,475,JPEG,data/audit/reconstruction-IT-candidate-covers/IT-086-OL772990M.jpeg,USABLE_CANDIDATE,
87,IT,TWENTIETH_CENTURY,1,Dino Buzzati,Sessanta racconti,TITLE_AUTHOR,/works/OL1437340W,Short stories,Dino Buzzati,/books/OL14493919M,Sessanta racconti,,ita,,A. Mondadori,1982,,,1.0,1.0,0.9,NOT_PROBED,,,,,REJECTED_CANDIDATE,
87,IT,TWENTIETH_CENTURY,1,Dino Buzzati,Sessanta racconti,TITLE_AUTHOR,/works/OL27774140W,Sessanta racconti,Dino Buzzati,/books/OL37923621M,Sessanta racconti,,ita,9788852039669,Mondadori,2014,,12749517,1.0,1.0,0.9850000000000001,VALID_COVER,322,500,JPEG,data/audit/reconstruction-IT-candidate-covers/IT-087-OL37923621M.jpeg,USABLE_CANDIDATE,
87,IT,TWENTIETH_CENTURY,1,Dino Buzzati,Sessanta racconti,TITLE_AUTHOR,/works/OL38833714W,Sessanta racconti,Dino Buzzati,/books/OL61041605M,Sessanta racconti,,ita,9788804458753,Mondadori,2005,,15156535,1.0,1.0,0.9850000000000001,VALID_COVER,302,500,JPEG,data/audit/reconstruction-IT-candidate-covers/IT-087-OL61041605M.jpeg,USABLE_CANDIDATE,
88,IT,TWENTIETH_CENTURY,1,Curzio Malaparte,Kaputt,TITLE_AUTHOR,/works/OL19932352W,Kaputt,Curzio Malaparte,/books/OL27113085M,Kaputt,,ita,9788845923715,Adelphi,2009,,15212153,1.0,1.0,0.9850000000000001,VALID_COVER,318,500,JPEG,data/audit/reconstruction-IT-candidate-covers/IT-088-OL27113085M.jpeg,USABLE_CANDIDATE,
88,IT,TWENTIETH_CENTURY,1,Curzio Malaparte,Kaputt,TITLE_AUTHOR,/works/OL38800070W,Kaputt,Curzio Malaparte,/books/OL57274050M,Kaputt,,ita,,Casella,1944,,,1.0,1.0,0.9,NOT_PROBED,,,,,REJECTED_CANDIDATE,
88,IT,TWENTIETH_CENTURY,1,Curzio Malaparte,Kaputt,TITLE_AUTHOR,/works/OL45544931W,Kaputt,Curzio Malaparte,/books/OL62036167M,Kaputt,,ita,,Aria d'Italia,1954,,,1.0,1.0,0.9,NOT_PROBED,,,,,REJECTED_CANDIDATE,
89,IT,TWENTIETH_CENTURY,1,Curzio Malaparte,La pelle,TITLE_AUTHOR,/works/OL1272947W,"La pelle, storia e racconto",Curzio Malaparte,/books/OL197051M,"La pelle, storia e racconto",,ita,,Aria d'Italia,1950,,,0.95,1.0,0.874,NOT_PROBED,,,,,REJECTED_CANDIDATE,
89,IT,TWENTIETH_CENTURY,1,Curzio Malaparte,La pelle,TITLE_AUTHOR,/works/OL1272993W,La pelle,Curzio Malaparte,/books/OL22917698M,La pelle.,,ita,,Vallecchi,1963,,,1.0,1.0,0.9,NOT_PROBED,,,,,REJECTED_CANDIDATE,
89,IT,TWENTIETH_CENTURY,1,Curzio Malaparte,La pelle,TITLE_AUTHOR,/works/OL19768172W,La pelle,Curzio Malaparte,/books/OL39816885M,La pelle,storia e racconto,ita,9788845930379,Adelphi,2010,,12939762,1.0,1.0,0.9850000000000001,VALID_COVER,300,500,JPEG,data/audit/reconstruction-IT-candidate-covers/IT-089-OL39816885M.jpeg,USABLE_CANDIDATE,
90,IT,TWENTIETH_CENTURY,1,Giorgio Bassani,Gli occhiali d'oro,BROAD,/works/OL19674015W,Gli occhiali d'oro,Giorgio Bassani,/books/OL26891275M,Gli occhiali d'oro,,ita,,Einaudi,1958,,,1.0,1.0,0.9,NOT_PROBED,,,,,REJECTED_CANDIDATE,
90,IT,TWENTIETH_CENTURY,1,Giorgio Bassani,Gli occhiali d'oro,BROAD,/works/OL37381097W,Gli occhiali d'oro,Giorgio Bassani,/books/OL50378811M,Gli occhiali d'oro,,ita,,Mondadori,1977,,,1.0,1.0,0.9,NOT_PROBED,,,,,REJECTED_CANDIDATE,
90,IT,TWENTIETH_CENTURY,1,Giorgio Bassani,Gli occhiali d'oro,BROAD,/works/OL32352623W,Gli occhiali d'oro,Giorgio Bassani,/books/OL62121577M,Gli occhiali d'oro,,ita,,Einaudi,1962,,,1.0,1.0,0.9,NOT_PROBED,,,,,REJECTED_CANDIDATE,
90,IT,TWENTIETH_CENTURY,1,Giorgio Bassani,Gli occhiali d'oro,BROAD,/works/OL136819W,Gli occhiali d'oro,Giorgio Bassani,/books/OL774502M,Gli occhiali d'oro,,ita,8804418540,A. Mondadori,1996,,11016597,1.0,1.0,0.9850000000000001,VALID_COVER,305,500,JPEG,data/audit/reconstruction-IT-candidate-covers/IT-090-OL774502M.jpeg,USABLE_CANDIDATE,
91,IT,TWENTIETH_CENTURY,1,Alberto Moravia,La romana,BROAD,/works/OL14857358W,"La romana, romanzo di Alberto Moravia [pseud.]",Alberto Moravia,/books/OL15506821M,"La romana, romanzo di Alberto Moravia [pseud.]",,ita,,Bompiani,1961,,,0.95,1.0,0.874,NOT_PROBED,,,,,REJECTED_CANDIDATE,
91,IT,TWENTIETH_CENTURY,1,Alberto Moravia,La romana,BROAD,/works/OL14857509W,La Romana,Alberto Moravia,/books/OL22215528M,La romana,,ita,8845207064,Bompiani,1993,,13067219,1.0,1.0,0.9850000000000001,VALID_COVER,290,500,JPEG,data/audit/reconstruction-IT-candidate-covers/IT-091-OL22215528M.jpeg,USABLE_CANDIDATE,
91,IT,TWENTIETH_CENTURY,1,Alberto Moravia,La romana,BROAD,/works/OL19932361W,La romana,Alberto Moravia,/books/OL27113094M,La romana,,ita,9788845249105,Bompiani,2006,,13447271,1.0,1.0,0.9850000000000001,VALID_COVER,329,500,JPEG,data/audit/reconstruction-IT-candidate-covers/IT-091-OL27113094M.jpeg,USABLE_CANDIDATE,
91,IT,TWENTIETH_CENTURY,1,Alberto Moravia,La romana,BROAD,/works/OL38787788W,La Romana,Alberto Moravia,/books/OL52809357M,La Romana,,ita,,V.] Bompaiani,1951,,,1.0,1.0,0.9,NOT_PROBED,,,,,REJECTED_CANDIDATE,
91,IT,TWENTIETH_CENTURY,1,Alberto Moravia,La romana,BROAD,/works/OL44083097W,La Romana,Alberto Moravia,/books/OL60298688M,La Romana,romanzo,ita,,Bompiani,1947,,,1.0,1.0,0.9,NOT_PROBED,,,,,REJECTED_CANDIDATE,
91,IT,TWENTIETH_CENTURY,1,Alberto Moravia,La romana,BROAD,/works/OL45602486W,La romana,Alberto Moravia,/books/OL62101084M,La romana,romanza,ita,,Bompiani,1951,,,1.0,1.0,0.9,NOT_PROBED,,,,,REJECTED_CANDIDATE,
92,IT,TWENTIETH_CENTURY,1,Cesare Pavese,Dialoghi con Leucò,TITLE_AUTHOR,/works/OL10422850W,Dialoghi con Leuco,Cesare Pavese,/books/OL13759118M,Dialoghi con Leuco  .,,ita,,Einaudi,1947,,,1.0,1.0,0.9,NOT_PROBED,,,,,REJECTED_CANDIDATE,
92,IT,TWENTIETH_CENTURY,1,Cesare Pavese,Dialoghi con Leucò,TITLE_AUTHOR,/works/OL10867195W,Dialoghi con Leucò,Cesare Pavese,/books/OL14624263M,Dialoghi con Leucò,,ita,,Einaudi,1968,,,1.0,1.0,0.9,NOT_PROBED,,,,,REJECTED_CANDIDATE,
92,IT,TWENTIETH_CENTURY,1,Cesare Pavese,Dialoghi con Leucò,TITLE_AUTHOR,/works/OL10422829W,Dialoghi con Leucò,Cesare Pavese,/books/OL20306702M,Dialoghi con Leucò,,ita,,Einaudi,1973,,,1.0,1.0,0.9,NOT_PROBED,,,,,REJECTED_CANDIDATE,
92,IT,TWENTIETH_CENTURY,1,Cesare Pavese,Dialoghi con Leucò,TITLE_AUTHOR,/works/OL19769744W,Dialoghi con Leucò,Cesare Pavese,/books/OL26982076M,Dialoghi con Leucò,,ita,,Einaudi,1947,,,1.0,1.0,0.9,NOT_PROBED,,,,,REJECTED_CANDIDATE,
92,IT,TWENTIETH_CENTURY,1,Cesare Pavese,Dialoghi con Leucò,TITLE_AUTHOR,/works/OL20002228W,Dialoghi con Leucò,Cesare Pavese,/books/OL27182327M,Dialoghi con Leucò,,ita,9788806223359,Giulio Einaudi editore,2014,,,1.0,1.0,0.93,NOT_PROBED,,,,,REJECTED_CANDIDATE,
92,IT,TWENTIETH_CENTURY,1,Cesare Pavese,Dialoghi con Leucò,TITLE_AUTHOR,/works/OL28208653W,Dialoghi con Leucò,Cesare Pavese,/books/OL42242705M,Dialoghi con Leucò,,ita,9798589090031,Independently Published,2021,,,1.0,1.0,0.93,NOT_PROBED,,,,,REJECTED_CANDIDATE,
92,IT,TWENTIETH_CENTURY,1,Cesare Pavese,Dialoghi con Leucò,TITLE_AUTHOR,/works/OL45106799W,Dialoghi con Leucò,Cesare Pavese,/books/OL61517604M,Dialoghi con Leucò,,ita,,G. Einaudi,1965,,,1.0,1.0,0.9,NOT_PROBED,,,,,REJECTED_CANDIDATE,
93,IT,TWENTIETH_CENTURY,1,Elio Vittorini,Le donne di Messina,TITLE_AUTHOR,/works/OL2238009W,Le donne di Messina,Elio Vittorini,/books/OL20088585M,Le donne di Messina,,ita,8804297638,Arnoldo Mondadori Editore,1987,,12471117,1.0,1.0,0.9850000000000001,VALID_COVER,289,500,JPEG,data/audit/reconstruction-IT-candidate-covers/IT-093-OL20088585M.jpeg,USABLE_CANDIDATE,
94,IT,TWENTIETH_CENTURY,1,Elsa Morante,Menzogna e sortilegio,TITLE_AUTHOR,/works/OL2883791W,Menzogna e sortilegio,Elsa Morante,/books/OL24971676M,Menzogna e sortilegio,romanzo,ita,9788806136024,Einaudi,1994,,6887314,1.0,1.0,0.9850000000000001,VALID_COVER,303,500,JPEG,data/audit/reconstruction-IT-candidate-covers/IT-094-OL24971676M.jpeg,USABLE_CANDIDATE,
95,IT,TWENTIETH_CENTURY,1,Mario Soldati,Le lettere da Capri,BROAD,/works/OL2881397W,Les lettres de Capri,Mario Soldati,/books/OL767006M,Le lettere da Capri,,ita,8845227723,Bompiani,1996,,3803703,1.0,1.0,0.9850000000000001,VALID_COVER,128,201,JPEG,data/audit/reconstruction-IT-candidate-covers/IT-095-OL767006M.jpeg,USABLE_CANDIDATE,
96,IT,CONTEMPORARY,2,Umberto Eco,Il nome della rosa,BROAD,/works/OL14852855W,Postille a Il nome della rosa,Umberto Eco,/books/OL19343702M,Postille a Il nome della rosa,,ita,,Bompiani,1983,,12446710,0.95,1.0,0.929,VALID_COVER,325,499,JPEG,data/audit/reconstruction-IT-candidate-covers/IT-096-OL19343702M.jpeg,USABLE_CANDIDATE,
96,IT,CONTEMPORARY,2,Umberto Eco,Il nome della rosa,TITLE_AUTHOR,/works/OL22965508W,La Rosa dipinta,Fulvio De Nigris | Umberto Eco | Grazia Nidasio | Antonio Faeti,/books/OL2769353M,La Rosa dipinta,"trentuno illustratori per ""Il nome della rosa"" di Umberto Eco",ita,,Azzurra,1985,,,0.95,1.0,0.874,NOT_PROBED,,,,,REJECTED_CANDIDATE,
96,IT,CONTEMPORARY,2,Umberto Eco,Il nome della rosa,TITLE_AUTHOR,/works/OL37388433W,Il nome della rosa,Umberto Eco,/books/OL50387764M,Il nome della rosa,,ita,,Bompiani,1986,,,1.0,1.0,0.9,NOT_PROBED,,,,,REJECTED_CANDIDATE,
96,IT,CONTEMPORARY,2,Umberto Eco,Il nome della rosa,TITLE_AUTHOR,/works/OL42189123W,Il nome della rosa,Umberto Eco,/books/OL57238241M,Il nome della rosa,,ita,,Bompiani,1980,,,1.0,1.0,0.9,NOT_PROBED,,,,,REJECTED_CANDIDATE,
96,IT,CONTEMPORARY,2,Umberto Eco,Il nome della rosa,BROAD,/works/OL8996439W,Il nome della rosa,Umberto Eco,/books/OL773050M,Il nome della rosa,,ita,8845207056,Bompiani,1989,,10144473,1.0,1.0,0.9850000000000001,VALID_COVER,375,500,JPEG,data/audit/reconstruction-IT-candidate-covers/IT-096-OL773050M.jpeg,USABLE_CANDIDATE,
97,IT,CONTEMPORARY,2,Umberto Eco,Il pendolo di Foucault,BROAD,/works/OL8996438W,Il pendolo di Foucault,Umberto Eco,/books/OL9188417M,Il Pendolo Di Foucault,,ita,9788845247491,Tascabili Bompiani,June 2001,,1049164,1.0,1.0,0.9850000000000001,VALID_COVER,308,475,JPEG,data/audit/reconstruction-IT-candidate-covers/IT-097-OL9188417M.jpeg,USABLE_CANDIDATE,
99,IT,CONTEMPORARY,2,Antonio Tabucchi,Sostiene Pereira,BROAD,/works/OL550573W,Sostiene Pereira,Antonio Tabucchi,/books/OL37796093M,Sostiene Pereira,,ita,9788807883040,Feltrinelli,2013,,12704965,1.0,1.0,0.9850000000000001,VALID_COVER,315,500,JPEG,data/audit/reconstruction-IT-candidate-covers/IT-099-OL37796093M.jpeg,USABLE_CANDIDATE,
100,IT,CONTEMPORARY,2,Antonio Tabucchi,Notturno indiano,TITLE_AUTHOR,/works/OL32015390W,Notturno indiano,Antonio Tabucchi,/books/OL43732797M,Notturno indiano,,ita,,Sellerio,1985,,,1.0,1.0,0.9,NOT_PROBED,,,,,REJECTED_CANDIDATE,
100,IT,CONTEMPORARY,2,Antonio Tabucchi,Notturno indiano,TITLE_AUTHOR,/works/OL550534W,Notturno Indiano (Memoria),Antonio Tabucchi,/books/OL9187624M,Notturno Indiano (Memoria),,ita,9788838902550,Sellerio di Giorgianni,"January 1, 1998",,1049111,0.95,1.0,0.9590000000000001,IMAGE_TOO_SMALL,95,130,JPEG,,REJECTED_CANDIDATE,
101,IT,CONTEMPORARY,2,Claudio Magris,Danubio,BROAD,/works/OL22988452W,Danubio,Claudio Magris,/books/OL2341213M,Danubio,,ita,,Garzanti,1986,,,1.0,1.0,0.9,NOT_PROBED,,,,,REJECTED_CANDIDATE,
101,IT,CONTEMPORARY,2,Claudio Magris,Danubio,BROAD,/works/OL21893677W,Danubio,Claudio Magris,/books/OL31921218M,Danubio,,ita,9788497890212,"Editoriale FVG, Divisione di Trieste",2003,,10604390,1.0,1.0,0.9850000000000001,VALID_COVER,271,500,JPEG,data/audit/reconstruction-IT-candidate-covers/IT-101-OL31921218M.jpeg,USABLE_CANDIDATE,
101,IT,CONTEMPORARY,2,Claudio Magris,Danubio,BROAD,/works/OL19226242W,Danubio,Claudio Magris,/books/OL767004M,Danubio,,ita,8811674859,Garzanti,1996,,,1.0,1.0,0.93,NOT_PROBED,,,,,REJECTED_CANDIDATE,
102,IT,CONTEMPORARY,2,Claudio Magris,Microcosmi,TITLE_AUTHOR,/works/OL18898619W,Microcosmi,Claudio Magris,/books/OL760429M,Microcosmi,,ita,8811662583,Garzanti,1997,,3802511,1.0,1.0,0.9850000000000001,VALID_COVER,128,197,JPEG,data/audit/reconstruction-IT-candidate-covers/IT-102-OL760429M.jpeg,USABLE_CANDIDATE,
103,IT,CONTEMPORARY,2,Elena Ferrante,L'amica geniale,TITLE_AUTHOR,/works/OL16520879W,L'amica geniale,Elena Ferrante,/books/OL62515388M,L'amica geniale,,ita,9788866320951,Edizioni e/o,"October 1, 2011",,15251367,1.0,1.0,0.9850000000000001,VALID_COVER,322,500,JPEG,data/audit/reconstruction-IT-candidate-covers/IT-103-OL62515388M.jpeg,USABLE_CANDIDATE,
106,IT,CONTEMPORARY,2,Elena Ferrante,Storia della bambina perduta,BROAD,/works/OL17264238W,Storia della bambina perduta,Elena Ferrante,/books/OL27197292M,Storia della bambina perduta,,ita,9788866325512,e/o Edizioni,2014,,14820917,1.0,1.0,0.9850000000000001,VALID_COVER,318,500,JPEG,data/audit/reconstruction-IT-candidate-covers/IT-106-OL27197292M.jpeg,USABLE_CANDIDATE,
107,IT,CONTEMPORARY,2,Andrea Camilleri,La forma dell'acqua,TITLE_AUTHOR,/works/OL15013396W,La forma dell'acqua,Andrea Camilleri,/books/OL543562M,La forma dell'acqua,,ita,8838910170,Sellerio,1994,,1049112,1.0,1.0,0.9850000000000001,VALID_COVER,331,475,JPEG,data/audit/reconstruction-IT-candidate-covers/IT-107-OL543562M.jpeg,USABLE_CANDIDATE,
107,IT,CONTEMPORARY,2,Andrea Camilleri,La forma dell'acqua,TITLE_AUTHOR,/works/OL15013397W,La Forma Dell'acqua (Memoria),Andrea Camilleri,/books/OL9187626M,La Forma Dell'acqua (Memoria),,ita,9788838910173,Sellerio di Giorgianni,May 2002,,1049113,0.95,1.0,0.9590000000000001,VALID_COVER,331,475,JPEG,data/audit/reconstruction-IT-candidate-covers/IT-107-OL9187626M.jpeg,USABLE_CANDIDATE,
108,IT,CONTEMPORARY,2,Andrea Camilleri,Il cane di terracotta,TITLE_AUTHOR,/works/OL26174266W,Il cane di terracotta,Andrea Camilleri,/books/OL35323475M,Il cane di terracotta,,ita,9788838922299,Sellerio,2007,,12137303,1.0,1.0,0.9850000000000001,VALID_COVER,356,500,JPEG,data/audit/reconstruction-IT-candidate-covers/IT-108-OL35323475M.jpeg,USABLE_CANDIDATE,
108,IT,CONTEMPORARY,2,Andrea Camilleri,Il cane di terracotta,TITLE_AUTHOR,/works/OL15013359W,Il cane di terracotta,Andrea Camilleri,/books/OL586893M,Il cane di terracotta,,ita,8838912262,Sellerio,1996,,1049118,1.0,1.0,0.9850000000000001,VALID_COVER,333,475,JPEG,data/audit/reconstruction-IT-candidate-covers/IT-108-OL586893M.jpeg,USABLE_CANDIDATE,
108,IT,CONTEMPORARY,2,Andrea Camilleri,Il cane di terracotta,TITLE_AUTHOR,/works/OL15013360W,Il Cane Di Terracotta (Memoria),Andrea Camilleri,/books/OL9187628M,Il Cane Di Terracotta (Memoria),,ita,9788838912269,Sellerio di Giorgianni,November 2000,,1049117,0.95,1.0,0.9590000000000001,VALID_COVER,333,475,JPEG,data/audit/reconstruction-IT-candidate-covers/IT-108-OL9187628M.jpeg,USABLE_CANDIDATE,
109,IT,CONTEMPORARY,2,Alessandro Baricco,Seta,BROAD,/works/OL876504W,Seta,Alessandro Baricco,/books/OL35733993M,Seta,,ita,9788807880896,Feltrinelli,2014-02,,13441164,1.0,1.0,0.9850000000000001,VALID_COVER,320,500,JPEG,data/audit/reconstruction-IT-candidate-covers/IT-109-OL35733993M.jpeg,USABLE_CANDIDATE,
110,IT,CONTEMPORARY,2,Alessandro Baricco,Oceano mare,BROAD,/works/OL876498W,Oceano mare,Alessandro Baricco,/books/OL9176974M,Oceano Mare,,ita,9788817106108,Biblioteca Universale Rizzoli,2003-04,,12993292,1.0,1.0,0.9850000000000001,VALID_COVER,327,500,JPEG,data/audit/reconstruction-IT-candidate-covers/IT-110-OL9176974M.jpeg,USABLE_CANDIDATE,
111,IT,CONTEMPORARY,2,Niccolò Ammaniti,Io non ho paura,TITLE_AUTHOR,/works/OL9012761W,Io Non Ho Paura (Stile Libero),Niccolò Ammaniti,/books/OL9176462M,Io Non Ho Paura (Stile Libero),,ita,9788806142100,Einaudi,June 2002,,1049031,0.95,1.0,0.9590000000000001,VALID_COVER,287,475,JPEG,data/audit/reconstruction-IT-candidate-covers/IT-111-OL9176462M.jpeg,USABLE_CANDIDATE,
111,IT,CONTEMPORARY,2,Niccolò Ammaniti,Io non ho paura,TITLE_AUTHOR,/works/OL9012760W,Io Non Ho Paura,Niccolò Ammaniti,/books/OL9347320M,Io Non Ho Paura,,ita,9788806188672,Einaudi,July 2007,,4966797,1.0,1.0,0.9850000000000001,VALID_COVER,128,198,JPEG,data/audit/reconstruction-IT-candidate-covers/IT-111-OL9347320M.jpeg,USABLE_CANDIDATE,
112,IT,CONTEMPORARY,2,Niccolò Ammaniti,Come Dio comanda,TITLE_AUTHOR,/works/OL971132W,Come Dio comanda,Niccolò Ammaniti,/books/OL20691726M,Come Dio comanda,,ita,9788804502791,Mondadori,2006,,9499298,1.0,1.0,0.9850000000000001,VALID_COVER,353,500,JPEG,data/audit/reconstruction-IT-candidate-covers/IT-112-OL20691726M.jpeg,USABLE_CANDIDATE,
114,IT,CONTEMPORARY,2,Margaret Mazzantini,Venuto al mondo,TITLE_AUTHOR,/works/OL669814W,Venuto al mondo,Margaret Mazzantini,/books/OL23179013M,Venuto al mondo,romanzo,ita,9788804573708,Mondadori,2008,,9754556,1.0,1.0,0.9850000000000001,VALID_COVER,320,500,JPEG,data/audit/reconstruction-IT-candidate-covers/IT-114-OL23179013M.jpeg,USABLE_CANDIDATE,
117,IT,CONTEMPORARY,2,Paolo Cognetti,Le otto montagne,TITLE_AUTHOR,/works/OL19716908W,Le otto montagne,Paolo Cognetti,/books/OL26930043M,Le otto montagne,,ita,9788806226725,Einaudi,2016,,,1.0,1.0,0.93,NOT_PROBED,,,,,REJECTED_CANDIDATE,
118,IT,CONTEMPORARY,2,Erri De Luca,Montedidio,TITLE_AUTHOR,/works/OL22454W,Montedidio,Erri De Luca | César Palma Hunt,/books/OL15387774M,Montedidio,,ita,8807016001,Feltrinelli,2001,,5307395,1.0,1.0,0.9850000000000001,VALID_COVER,128,201,JPEG,data/audit/reconstruction-IT-candidate-covers/IT-118-OL15387774M.jpeg,USABLE_CANDIDATE,
121,IT,ESSAYS_PHILOSOPHY,2,Giambattista Vico,Principi di scienza nuova,TITLE_AUTHOR,/works/OL582423W,Principi di scienza nuova,Giambattista Vico,/books/OL19485897M,Principi di scienza nuova,d'intorno alla comune natura delle nazioni,ita,,Nella Stamperia Muziana,1744,,,1.0,1.0,0.9,NOT_PROBED,,,,,REJECTED_CANDIDATE,
121,IT,ESSAYS_PHILOSOPHY,2,Giambattista Vico,Principi di scienza nuova,TITLE_AUTHOR,/works/OL582463W,Principi di una scienza nuova,Giambattista Vico,/books/OL23367530M,Principi di scienza nuova di Giambattista Vico d'intorno alla comune natura delle nazioni colla vita dell'autore scritta da lui medesimo.,,ita,,G. Silvestri,1816,,6117576,0.95,1.0,0.929,VALID_COVER,278,500,JPEG,data/audit/reconstruction-IT-candidate-covers/IT-121-OL23367530M.jpeg,USABLE_CANDIDATE,
121,IT,ESSAYS_PHILOSOPHY,2,Giambattista Vico,Principi di scienza nuova,TITLE_AUTHOR,/works/OL29532393W,Principi Di Scienza Nuova,Giambattista Vico,/books/OL40643935M,Principi Di Scienza Nuova,,ita,9781549946653,Independently Published,2017,,,1.0,1.0,0.93,NOT_PROBED,,,,,REJECTED_CANDIDATE,
121,IT,ESSAYS_PHILOSOPHY,2,Giambattista Vico,Principi di scienza nuova,TITLE_AUTHOR,/works/OL34219146W,Principi Di Scienza Nuova Di Giambattista Vico d'intorno Alla Comune Natura Delle Nazioni Colla Vita Dell'autore Scritta Da Lui Medesimo; Volume 1,Giambattista Vico,/books/OL46453948M,Principi Di Scienza Nuova Di Giambattista Vico d'intorno Alla Comune Natura Delle Nazioni Colla Vita Dell'autore Scritta Da Lui Medesimo; Volume 1,,ita,9781017011975,"Creative Media Partners, LLC",2022,,,0.95,1.0,0.904,NOT_PROBED,,,,,REJECTED_CANDIDATE,
122,IT,ESSAYS_PHILOSOPHY,2,Cesare Beccaria,Dei delitti e delle pene,BROAD,/works/OL1223677W,Dei delitte e delle pene,Cesare Beccaria,/books/OL24144349M,Dei delitti e delle pene.,,ita,,Dal Molini ...,1780,,6323012,1.0,1.0,0.9550000000000001,VALID_COVER,269,500,JPEG,data/audit/reconstruction-IT-candidate-covers/IT-122-OL24144349M.jpeg,USABLE_CANDIDATE,
122,IT,ESSAYS_PHILOSOPHY,2,Cesare Beccaria,Dei delitti e delle pene,BROAD,/works/OL43798202W,Dei delitti e delle pene di Cesare Beccaria,Cesare Beccaria,/books/OL59703893M,Dei delitti e delle pene di Cesare Beccaria,coi commentarj di varii insigni scrittori,ita,,Glauco Masi,1824,,,0.95,1.0,0.874,NOT_PROBED,,,,,REJECTED_CANDIDATE,
122,IT,ESSAYS_PHILOSOPHY,2,Cesare Beccaria,Dei delitti e delle pene,BROAD,/works/OL43798230W,Dei delitti e delle pene,Cesare Beccaria,/books/OL61318594M,Dei delitti e delle pene,,ita,,,1798,,,1.0,1.0,0.875,NOT_PROBED,,,,,REJECTED_CANDIDATE,
122,IT,ESSAYS_PHILOSOPHY,2,Cesare Beccaria,Dei delitti e delle pene,BROAD,/works/OL44735138W,Dei delitti e delle pene del marchese Cesare Beccaria,Cesare Beccaria,/books/OL61507861M,Dei delitti e delle pene del marchese Cesare Beccaria,,ita,,Pietro Marini,1830,,,0.95,1.0,0.874,NOT_PROBED,,,,,REJECTED_CANDIDATE,
122,IT,ESSAYS_PHILOSOPHY,2,Cesare Beccaria,Dei delitti e delle pene,BROAD,/works/OL45460184W,Dei delitti e delle pene di Cesare Beccaria con note,Cesare Beccaria | Gaetano Filangieri | Charles-Louis de Secondat baron de La Brède et de Montesquieu | Voltaire | Denis Diderot | Honoré-Gabriel de Riquetti comte de Mirabeau | Jeremy Bentham,/books/OL61938380M,Dei delitti e delle pene di Cesare Beccaria con note,,ita,,Presso Bobée e Hingray,1828,,,0.95,1.0,0.874,NOT_PROBED,,,,,REJECTED_CANDIDATE,
122,IT,ESSAYS_PHILOSOPHY,2,Cesare Beccaria,Dei delitti e delle pene,BROAD,/works/OL45207644W,Dei delitti e delle pene,Cesare Beccaria | Domenico Pisapia,/books/OL62460941M,Dei delitti e delle pene,,ita,,,1796,,,1.0,1.0,0.875,NOT_PROBED,,,,,REJECTED_CANDIDATE,
123,IT,ESSAYS_PHILOSOPHY,2,Benedetto Croce,Estetica come scienza dell'espressione e linguistica generale,TITLE_AUTHOR,/works/OL15465982W,Estetica come scienza dell'espressione e linguistica generale,Benedetto Croce,/books/OL24431821M,Estetica come scienza dell'espressione e linguistica generale,teoria e storia,ita,,Gius. Laterza,1922,,7038877,1.0,1.0,0.9550000000000001,VALID_COVER,303,500,JPEG,data/audit/reconstruction-IT-candidate-covers/IT-123-OL24431821M.jpeg,USABLE_CANDIDATE,
123,IT,ESSAYS_PHILOSOPHY,2,Benedetto Croce,Estetica come scienza dell'espressione e linguistica generale,TITLE_AUTHOR,/works/OL32791984W,Estetica come scienza dell'espressione e linguistica generale,Benedetto Croce,/books/OL44615006M,Estetica come scienza dell'espressione e linguistica generale,,ita,9788870886290,Bibliopolis,2014,,,1.0,1.0,0.93,NOT_PROBED,,,,,REJECTED_CANDIDATE,
123,IT,ESSAYS_PHILOSOPHY,2,Benedetto Croce,Estetica come scienza dell'espressione e linguistica generale,TITLE_AUTHOR,/works/OL34169635W,Estetica Come Scienza Dell'espressione e Linguistica Generale,Benedetto Croce,/books/OL46299589M,Estetica Come Scienza Dell'espressione e Linguistica Generale,Teoria e Storia,ita,9781015910485,"Creative Media Partners, LLC",2022,,,1.0,1.0,0.93,NOT_PROBED,,,,,REJECTED_CANDIDATE,
123,IT,ESSAYS_PHILOSOPHY,2,Benedetto Croce,Estetica come scienza dell'espressione e linguistica generale,TITLE_AUTHOR,/works/OL38592455W,Estetica come scienza dell'espressione e linguistica generale,Benedetto Croce,/books/OL52513426M,Estetica come scienza dell'espressione e linguistica generale,teoria e storia,ita,,G.Laterza,1908,,,1.0,1.0,0.9,NOT_PROBED,,,,,REJECTED_CANDIDATE,
123,IT,ESSAYS_PHILOSOPHY,2,Benedetto Croce,Estetica come scienza dell'espressione e linguistica generale,TITLE_AUTHOR,/works/OL38881373W,Estetica come scienza dell'espressione e linguistica generale,Benedetto Croce,/books/OL52952439M,Estetica come scienza dell'espressione e linguistica generale,teoria e storia,ita,,Laterza,1950,,,1.0,1.0,0.9,NOT_PROBED,,,,,REJECTED_CANDIDATE,
123,IT,ESSAYS_PHILOSOPHY,2,Benedetto Croce,Estetica come scienza dell'espressione e linguistica generale,TITLE_AUTHOR,/works/OL42819009W,Estetica come scienza dell'espressione e linguistica generale,Benedetto Croce | Giuseppe Galasso,/books/OL58314511M,Estetica come scienza dell'espressione e linguistica generale,teoria e storia,ita,8845907783,Adelphi Edizioni,1990,,,1.0,1.0,0.93,NOT_PROBED,,,,,REJECTED_CANDIDATE,
123,IT,ESSAYS_PHILOSOPHY,2,Benedetto Croce,Estetica come scienza dell'espressione e linguistica generale,TITLE_AUTHOR,/works/OL44724479W,Estetica come scienza dell'espressione e linguistica generale,Benedetto Croce,/books/OL61074144M,Estetica come scienza dell'espressione e linguistica generale,Teoria e storia,ita,,G.Laterza,1958,,,1.0,1.0,0.9,NOT_PROBED,,,,,REJECTED_CANDIDATE,
123,IT,ESSAYS_PHILOSOPHY,2,Benedetto Croce,Estetica come scienza dell'espressione e linguistica generale,BROAD,/works/OL15312350W,Estetica come scienza dell' espressione e linguistica generale,Benedetto Croce,/books/OL6567921M,Estetica come scienza dell'espressione e linguistica generale.,Teoria e storia.,ita,,G. Laterza & figli,1912,,7190026,1.0,1.0,0.9550000000000001,VALID_COVER,285,500,JPEG,data/audit/reconstruction-IT-candidate-covers/IT-123-OL6567921M.jpeg,USABLE_CANDIDATE,
123,IT,ESSAYS_PHILOSOPHY,2,Benedetto Croce,Estetica come scienza dell'espressione e linguistica generale,TITLE_AUTHOR,/works/OL15312350W,Estetica come scienza dell' espressione e linguistica generale,Benedetto Croce,/books/OL7115882M,Aesthetic as science of expression and general linguistic,translated from the Italian of Benedetto Croce,eng | ita,,Macmillan,1909,,5632116,1.0,1.0,0.9550000000000001,VALID_COVER,274,500,JPEG,data/audit/reconstruction-IT-candidate-covers/IT-123-OL7115882M.jpeg,USABLE_CANDIDATE,
124,IT,ESSAYS_PHILOSOPHY,2,Antonio Gramsci,Quaderni del carcere,TITLE_AUTHOR,/works/OL11103088W,Quaderni del carcere,Antonio Gramsci,/books/OL19965403M,Quaderni del carcere,,ita,,Einaudi.,1975,,,1.0,1.0,0.9,NOT_PROBED,,,,,REJECTED_CANDIDATE,
124,IT,ESSAYS_PHILOSOPHY,2,Antonio Gramsci,Quaderni del carcere,TITLE_AUTHOR,/works/OL19897982W,Quaderni del carcere,Antonio Gramsci,/books/OL27083873M,Quaderni del carcere,,ita,9788806186494,Einaudi,2007,,8712065,1.0,1.0,0.9850000000000001,VALID_COVER,500,386,JPEG,data/audit/reconstruction-IT-candidate-covers/IT-124-OL27083873M.jpeg,USABLE_CANDIDATE,
124,IT,ESSAYS_PHILOSOPHY,2,Antonio Gramsci,Quaderni del carcere,TITLE_AUTHOR,/works/OL29299975W,Quaderni del carcere,Antonio Gramsci,/books/OL42489884M,Quaderni Del Carcere,,ita,9798655292901,Independently Published,2021,,,1.0,1.0,0.93,NOT_PROBED,,,,,REJECTED_CANDIDATE,
124,IT,ESSAYS_PHILOSOPHY,2,Antonio Gramsci,Quaderni del carcere,TITLE_AUTHOR,/works/OL34308431W,I «Quaderni del carcere» di Antonio Gramsci,Antonio Gramsci,/books/OL46528521M,I «Quaderni del carcere» di Antonio Gramsci,Un'antologia,ita,9788843072019,Carocci,2014,,13160684,0.95,1.0,0.9590000000000001,VALID_COVER,336,500,JPEG,data/audit/reconstruction-IT-candidate-covers/IT-124-OL46528521M.jpeg,USABLE_CANDIDATE,
124,IT,ESSAYS_PHILOSOPHY,2,Antonio Gramsci,Quaderni del carcere,TITLE_AUTHOR,/works/OL77375W,Quaderni del carcere,Antonio Gramsci,/books/OL4816999M,Quaderni del carcere,,ita,,G. Einaudi,1975,,14821015,1.0,1.0,0.9550000000000001,VALID_COVER,313,500,JPEG,data/audit/reconstruction-IT-candidate-covers/IT-124-OL4816999M.jpeg,USABLE_CANDIDATE,
124,IT,ESSAYS_PHILOSOPHY,2,Antonio Gramsci,Quaderni del carcere,TITLE_AUTHOR,/works/OL36147682W,Quaderni Del Carcere,Antonio Gramsci,/books/OL48846456M,Quaderni Del Carcere,,ita,9798453803224,Independently Published,2021,,,1.0,1.0,0.93,NOT_PROBED,,,,,REJECTED_CANDIDATE,
124,IT,ESSAYS_PHILOSOPHY,2,Antonio Gramsci,Quaderni del carcere,TITLE_AUTHOR,/works/OL41252382W,Risorgimento. Quaderni Del Carcere,Antonio Gramsci,/books/OL56035883M,Risorgimento. Quaderni Del Carcere,,ita,9781536957587,Bi Classici,2016,,,0.95,1.0,0.904,NOT_PROBED,,,,,REJECTED_CANDIDATE,
124,IT,ESSAYS_PHILOSOPHY,2,Antonio Gramsci,Quaderni del carcere,TITLE_AUTHOR,/works/OL43538925W,Quaderni del carcere,Antonio Gramsci,/books/OL59346417M,Quaderni del carcere,,ita,,Editori riuniti,1971,,,1.0,1.0,0.9,NOT_PROBED,,,,,REJECTED_CANDIDATE,
126,IT,ESSAYS_PHILOSOPHY,2,Umberto Eco,Opera aperta,TITLE_AUTHOR,/works/OL14852931W,La definición del arte,Umberto Eco,/books/OL20915925M,La definizione dell'arte,dall'estetica medievale alle avanguardie dall'opera aperta alla morte dell'arte,ita,,Garzanti,1978,,,0.95,1.0,0.874,NOT_PROBED,,,,,REJECTED_CANDIDATE,
126,IT,ESSAYS_PHILOSOPHY,2,Umberto Eco,Opera aperta,TITLE_AUTHOR,/works/OL38726577W,Opera aperta,Umberto Eco,/books/OL52723502M,Opera aperta,forma e indeterminazione nelle poetiche contemporanee,ita,,Bompiani,1962,,,1.0,1.0,0.9,NOT_PROBED,,,,,REJECTED_CANDIDATE,
126,IT,ESSAYS_PHILOSOPHY,2,Umberto Eco,Opera aperta,TITLE_AUTHOR,/works/OL9188369M,Opera Aperta,Umberto Eco,/books/OL9188369M,Opera Aperta,,ita,9788845200939,Bompiani,1991,,,1.0,1.0,0.93,NOT_PROBED,,,,,REJECTED_CANDIDATE,
127,IT,ESSAYS_PHILOSOPHY,2,Umberto Eco,Apocalittici e integrati,TITLE_AUTHOR,/works/OL44422241W,Apocalittici e integrati,Umberto Eco,/books/OL60684016M,Apocalittici e integrati,,ita,,Bompiani,1973,,,1.0,1.0,0.9,NOT_PROBED,,,,,REJECTED_CANDIDATE,
128,IT,ESSAYS_PHILOSOPHY,2,Italo Calvino,Lezioni americane,TITLE_AUTHOR,/works/OL10423758W,Essays,Italo Calvino,/books/OL2110785M,Lezioni americane,sei proposte per il prossimo millennio,ita,881159815X,Garzanti,1988,,4075397,1.0,1.0,0.9850000000000001,VALID_COVER,128,200,JPEG,data/audit/reconstruction-IT-candidate-covers/IT-128-OL2110785M.jpeg,USABLE_CANDIDATE,
128,IT,ESSAYS_PHILOSOPHY,2,Italo Calvino,Lezioni americane,TITLE_AUTHOR,/works/OL15693911W,Lezioni americane,Italo Calvino,/books/OL23029517M,Lezioni americane,sei proposte per il prossimo millennio,ita,8804375922,Mondadori,1993,,8080018,1.0,1.0,0.9850000000000001,VALID_COVER,278,500,JPEG,data/audit/reconstruction-IT-candidate-covers/IT-128-OL23029517M.jpeg,USABLE_CANDIDATE,
129,IT,ESSAYS_PHILOSOPHY,2,Pier Paolo Pasolini,Scritti corsari,TITLE_AUTHOR,/works/OL19664539W,Scritti corsari,Pier Paolo Pasolini,/books/OL26883670M,Scritti corsari,,ita,,Epoca!,1975,,9547191,1.0,1.0,0.9550000000000001,VALID_COVER,325,500,JPEG,data/audit/reconstruction-IT-candidate-covers/IT-129-OL26883670M.jpeg,USABLE_CANDIDATE,
129,IT,ESSAYS_PHILOSOPHY,2,Pier Paolo Pasolini,Scritti corsari,TITLE_AUTHOR,/works/OL669430W,Scritti corsari,Pier Paolo Pasolini,/books/OL27279310M,Scritti corsari,,ita,9788811666295,Garzanti,"Aug 24, 2002",,8761546,1.0,1.0,0.9850000000000001,VALID_COVER,199,318,JPEG,data/audit/reconstruction-IT-candidate-covers/IT-129-OL27279310M.jpeg,USABLE_CANDIDATE,
130,IT,ESSAYS_PHILOSOPHY,2,Primo Levi,I sommersi e i salvati,TITLE_AUTHOR,/works/OL860027W,I sommersi e i salvati,Primo Levi,/books/OL2424397M,I sommersi e i salvati,,ita,8806593080,Einaudi,1986,,10233749,1.0,1.0,0.9850000000000001,VALID_COVER,278,500,JPEG,data/audit/reconstruction-IT-candidate-covers/IT-130-OL2424397M.jpeg,USABLE_CANDIDATE,
131,IT,ESSAYS_PHILOSOPHY,2,Giordano Bruno,La cena de le ceneri,TITLE_AUTHOR,/works/OL959909W,La cena de le ceneri,Giordano Bruno,/books/OL18427450M,La cena de le ceneri,,ita,8804394897,Mondadori,1995,,13484375,1.0,1.0,0.9850000000000001,VALID_COVER,199,340,JPEG,data/audit/reconstruction-IT-candidate-covers/IT-131-OL18427450M.jpeg,USABLE_CANDIDATE,
131,IT,ESSAYS_PHILOSOPHY,2,Giordano Bruno,La cena de le ceneri,TITLE_AUTHOR,/works/OL28202838W,La cena de le ceneri,Giordano Bruno,/books/OL38610782M,La cena de le ceneri,,ita,,G. Einaudi,1955,,,1.0,1.0,0.9,NOT_PROBED,,,,,REJECTED_CANDIDATE,
131,IT,ESSAYS_PHILOSOPHY,2,Giordano Bruno,La cena de le ceneri,TITLE_AUTHOR,/works/OL42217709W,La cena de le ceneri,Giordano Bruno,/books/OL57271072M,La cena de le ceneri,descritta in cinque dialoghi per quattro interlocutori con tre considerazioni circa doi suggetti,ita,,A. Forni,1986,,,1.0,1.0,0.9,NOT_PROBED,,,,,REJECTED_CANDIDATE,
131,IT,ESSAYS_PHILOSOPHY,2,Giordano Bruno,La cena de le ceneri,TITLE_AUTHOR,/works/OL44873339W,La cena de le Ceneri,Giordano Bruno | John Charlewood | Sydney Richardson Christie-Miller,/books/OL61246408M,La cena de le Ceneri,"descritta in cinqve dialogi, per quattro interlocutori, con tre considerationi, circa doi suggettj ... L'universale intentione è dechiarata nel proemio",ita,,J. Charlewood,1584,,,1.0,1.0,0.9,NOT_PROBED,,,,,REJECTED_CANDIDATE,
132,IT,ESSAYS_PHILOSOPHY,2,Giordano Bruno,"De l'infinito, universo e mondi",TITLE_AUTHOR,/works/OL21636740M,"De l'infinito, universo e mondi",Giordano Bruno,/books/OL21636740M,"De l'infinito, universo e mondi",,ita,,A. Signorelli,1960,,,1.0,1.0,0.9,NOT_PROBED,,,,,REJECTED_CANDIDATE,
132,IT,ESSAYS_PHILOSOPHY,2,Giordano Bruno,"De l'infinito, universo e mondi",TITLE_AUTHOR,/works/OL29944383W,"De l'infinito, Universo e Mondi",Artemide Libri | Giordano Bruno,/books/OL41169964M,"De l'infinito, Universo e Mondi",,ita,9781090544582,Independently Published,2019,,,1.0,1.0,0.93,NOT_PROBED,,,,,REJECTED_CANDIDATE,
132,IT,ESSAYS_PHILOSOPHY,2,Giordano Bruno,"De l'infinito, universo e mondi",TITLE_AUTHOR,/works/OL30539471W,"Cena de le Ceneri - de la Causa, Principio et uno - de l'Infinito, Universo e Mondi",Giordano Bruno,/books/OL41988361M,"Cena de le Ceneri - de la Causa, Principio et uno - de l'Infinito, Universo e Mondi",,ita,9798615264023,Independently Published,2020,,,0.95,1.0,0.904,NOT_PROBED,,,,,REJECTED_CANDIDATE,
132,IT,ESSAYS_PHILOSOPHY,2,Giordano Bruno,"De l'infinito, universo e mondi",TITLE_AUTHOR,/works/OL34474967W,"De l'Infinito, Universo e Mondi",Giordano Bruno,/books/OL46762948M,"De l'Infinito, Universo e Mondi",,ita,9798777898135,Independently Published,2021,,,1.0,1.0,0.93,NOT_PROBED,,,,,REJECTED_CANDIDATE,
132,IT,ESSAYS_PHILOSOPHY,2,Giordano Bruno,"De l'infinito, universo e mondi",TITLE_AUTHOR,/works/OL39881921W,"De l'Infinito, Universo e Mondi",Giordano Bruno,/books/OL54943910M,"De l'infinito, Universo e Mondi",,ita,9781500842680,CreateSpace Independent Publishing Platform,2014,,,1.0,1.0,0.93,NOT_PROBED,,,,,REJECTED_CANDIDATE,
133,IT,ESSAYS_PHILOSOPHY,2,Tommaso Campanella,La città del Sole,BROAD,/works/OL752570W,La città del Sole e Questione quarta sull'ottima repubblica,Tommaso Campanella,/books/OL21179765M,La città del Sole e Questione quarta sull'ottima repubblica,,ita,8817170631,Biblioteca universale Rizzoli,1996,,,0.95,1.0,0.904,NOT_PROBED,,,,,REJECTED_CANDIDATE,
133,IT,ESSAYS_PHILOSOPHY,2,Tommaso Campanella,La città del Sole,BROAD,/works/OL752625W,La città del sole,Tommaso Campanella | Emilio G. Estébanez | Javier Gálvez,/books/OL21488707M,La Citta del sole,dialogo poetico = The city of the sun : a poetical dialogue,eng | ita,0520040341,University of California Press,1981,,11662787,1.0,1.0,0.9850000000000001,VALID_COVER,303,500,JPEG,data/audit/reconstruction-IT-candidate-covers/IT-133-OL21488707M.jpeg,USABLE_CANDIDATE,
133,IT,ESSAYS_PHILOSOPHY,2,Tommaso Campanella,La città del Sole,BROAD,/works/OL32773582W,Appendice della politica,Tommaso Campanella,/books/OL44594806M,Appendice della politica,detta la città del sole,ita,,Dalla Stamperia Tallone,1983,,,0.95,1.0,0.874,NOT_PROBED,,,,,REJECTED_CANDIDATE,
133,IT,ESSAYS_PHILOSOPHY,2,Tommaso Campanella,La città del Sole,BROAD,/works/OL45083780W,La città del sole e Scelta d'alcune poesie filosofiche,Tommaso Campanella | Adriano Seroni,/books/OL61490823M,La città del sole e Scelta d'alcune poesie filosofiche,,ita,,Feltrinelli,1962,,,0.95,1.0,0.874,NOT_PROBED,,,,,REJECTED_CANDIDATE,
134,IT,ESSAYS_PHILOSOPHY,2,Giacomo Leopardi,Zibaldone,BROAD,/works/OL15102116W,Canti,Giacomo Leopardi,/books/OL19710469M,Canti,"con una scelta da le  operette morali, i persiere, gli appunti, lo zibaldone",ita,,Mondadori,1966,,,0.95,1.0,0.874,NOT_PROBED,,,,,REJECTED_CANDIDATE,
134,IT,ESSAYS_PHILOSOPHY,2,Giacomo Leopardi,Zibaldone,BROAD,/works/OL19767644W,Canti,Giacomo Leopardi,/books/OL26980312M,Canti,"con una scelta da le Operette morali, i pensieri, gli appunti lo zibaldone",ita,,Scolastiche Mondadori,1970,,,0.95,1.0,0.874,NOT_PROBED,,,,,REJECTED_CANDIDATE,
134,IT,ESSAYS_PHILOSOPHY,2,Giacomo Leopardi,Zibaldone,BROAD,/works/OL37657540W,Zibaldone Di Pensieri,Giacomo Leopardi,/books/OL50775752M,Zibaldone Di Pensieri,,ita,9781021167729,"Creative Media Partners, LLC",2023,,,0.95,1.0,0.904,NOT_PROBED,,,,,REJECTED_CANDIDATE,
134,IT,ESSAYS_PHILOSOPHY,2,Giacomo Leopardi,Zibaldone,BROAD,/works/OL38649420W,Zibaldone di pensieri,Giacomo Leopardi,/books/OL52608050M,Zibaldone di pensieri,,ita,,Mondadori,1961,,,0.95,1.0,0.874,NOT_PROBED,,,,,REJECTED_CANDIDATE,
134,IT,ESSAYS_PHILOSOPHY,2,Giacomo Leopardi,Zibaldone,BROAD,/works/OL38877742W,Zibaldone di pensieri,Giacomo Leopardi,/books/OL52936499M,Zibaldone di pensieri,,ita,,Scuola Normale Superiore,1989,,,0.95,1.0,0.874,NOT_PROBED,,,,,REJECTED_CANDIDATE,
134,IT,ESSAYS_PHILOSOPHY,2,Giacomo Leopardi,Zibaldone,BROAD,/works/OL43817699W,Zibaldone di pensieri,Giacomo Leopardi | Fabiana Cacciapuoti,/books/OL59732694M,Zibaldone di pensieri,,ita,9788868431204,Donzelli editore,2014,,,0.95,1.0,0.904,NOT_PROBED,,,,,REJECTED_CANDIDATE,
135,IT,ESSAYS_PHILOSOPHY,2,Norberto Bobbio,Il futuro della democrazia,BROAD,/works/OL718127W,Il futuro della democrazia,Norberto Bobbio,/books/OL2601697M,Il futuro della democrazia,,ita,8806057545,G. Einaudi,1984,,13548353,1.0,1.0,0.9850000000000001,VALID_COVER,291,500,JPEG,data/audit/reconstruction-IT-candidate-covers/IT-135-OL2601697M.jpeg,USABLE_CANDIDATE,
135,IT,ESSAYS_PHILOSOPHY,2,Norberto Bobbio,Il futuro della democrazia,BROAD,/works/OL42829203W,Il futuro della democrazia,Norberto Bobbio,/books/OL58335985M,Il futuro della democrazia,,ita,8806127640,G. Einaudi,1991,,,1.0,1.0,0.93,NOT_PROBED,,,,,REJECTED_CANDIDATE,
136,IT,HISTORY_SOCIETY,2,Carlo Levi,Cristo si è fermato a Eboli,TITLE_AUTHOR,/works/OL38788615W,Christ stopped at Eboli,Carlo Levi,/books/OL52810678M,Christ stopped at Eboli,the story of a year,eng | ita,,Noonday Press,1963,,,0.64,1.0,0.7128,NOT_PROBED,,,,,REJECTED_CANDIDATE,
136,IT,HISTORY_SOCIETY,2,Carlo Levi,Cristo si è fermato a Eboli,TITLE_AUTHOR,/works/OL38757335W,Cristo si è fermato a Eboli,Carlo Levi,/books/OL61677176M,Cristo si è fermato a Eboli,,ita,,G. Einaudi,1954,,,1.0,1.0,0.9,NOT_PROBED,,,,,REJECTED_CANDIDATE,
136,IT,HISTORY_SOCIETY,2,Carlo Levi,Cristo si è fermato a Eboli,TITLE_AUTHOR,/works/OL14857542W,L' invenzione della verità,Carlo Levi,/books/OL6806883M,L' invenzione della verità,testi e intertesti per Cristo si è fermato a Eboli,ita,8876943323,Edizioni dell'orso,1998,,4532686,0.95,1.0,0.9590000000000001,VALID_COVER,128,182,JPEG,data/audit/reconstruction-IT-candidate-covers/IT-136-OL6806883M.jpeg,USABLE_CANDIDATE,
137,IT,HISTORY_SOCIETY,2,Emilio Lussu,Un anno sull'Altipiano,TITLE_AUTHOR,/works/OL11106180W,Un anno sull'altipiano,Emilio Lussu,/books/OL20650969M,Un anno sull'Altipiano.,,ita,8806395602,Giulio Einaudi,1986,,,1.0,1.0,0.93,NOT_PROBED,,,,,REJECTED_CANDIDATE,
137,IT,HISTORY_SOCIETY,2,Emilio Lussu,Un anno sull'Altipiano,TITLE_AUTHOR,/works/OL16974264W,Un anno sull'Altipiano,Emilio Lussu,/books/OL25560928M,Un anno sull'Altipiano,,ita,9788806173142,Einaudi,2008,,10020445,1.0,1.0,0.9850000000000001,VALID_COVER,353,500,JPEG,data/audit/reconstruction-IT-candidate-covers/IT-137-OL25560928M.jpeg,USABLE_CANDIDATE,
137,IT,HISTORY_SOCIETY,2,Emilio Lussu,Un anno sull'Altipiano,TITLE_AUTHOR,/works/OL1286491W,Un anno sull'Altipiano,Emilio Lussu,/books/OL56279580M,Un anno sull'Altipiano,,ita,9788806219178,Einaudi,2014,,14821898,1.0,1.0,0.9850000000000001,VALID_COVER,250,405,JPEG,data/audit/reconstruction-IT-candidate-covers/IT-137-OL56279580M.jpeg,USABLE_CANDIDATE,
137,IT,HISTORY_SOCIETY,2,Emilio Lussu,Un anno sull'Altipiano,TITLE_AUTHOR,/works/OL20024411W,Un anno sull'Altipiano,Emilio Lussu,/books/OL57269869M,Un anno sull'altipiano,,ita,,G. Einaudi,1945,,,1.0,1.0,0.9,NOT_PROBED,,,,,REJECTED_CANDIDATE,
138,IT,HISTORY_SOCIETY,2,Mario Rigoni Stern,Il sergente nella neve,TITLE_AUTHOR,/works/OL602169W,Il sergente nella neve,Mario Rigoni Stern,/books/OL23096249M,Il Sergente Nella Neve,,ita,880611784X,Einaudi,1990,,,1.0,1.0,0.93,NOT_PROBED,,,,,REJECTED_CANDIDATE,
138,IT,HISTORY_SOCIETY,2,Mario Rigoni Stern,Il sergente nella neve,TITLE_AUTHOR,/works/OL20018881W,Il sergente nella neve,Mario Rigoni Stern,/books/OL27198946M,Il sergente nella neve,ricordi della ritirata di Russia,ita,9788806219666,Einaudi,2014,,,1.0,1.0,0.93,NOT_PROBED,,,,,REJECTED_CANDIDATE,
138,IT,HISTORY_SOCIETY,2,Mario Rigoni Stern,Il sergente nella neve,TITLE_AUTHOR,/works/OL44996880W,Il sergente nella neve,Mario Rigoni Stern,/books/OL61390410M,Il sergente nella neve,ricordi della ritirata di Russia,ita,,Einaudi,1963,,,1.0,1.0,0.9,NOT_PROBED,,,,,REJECTED_CANDIDATE,
138,IT,HISTORY_SOCIETY,2,Mario Rigoni Stern,Il sergente nella neve,TITLE_AUTHOR,/works/OL45280473W,Il sergente nella neve,Mario Rigoni Stern,/books/OL61726085M,Il sergente nella neve,Ricordi della ritirata di Russia,ita,,Einaudi,1967,,,1.0,1.0,0.9,NOT_PROBED,,,,,REJECTED_CANDIDATE,
139,IT,HISTORY_SOCIETY,2,Nuto Revelli,Il mondo dei vinti,TITLE_AUTHOR,/works/OL2426816W,Il mondo dei vinti,Nuto Revelli,/books/OL4675351M,Il mondo dei vinti,testimonianze di vita contadina,ita,,Einaudi,1977,,,1.0,1.0,0.9,NOT_PROBED,,,,,REJECTED_CANDIDATE,
140,IT,HISTORY_SOCIETY,2,Carlo Ginzburg,Il formaggio e i vermi,BROAD,/works/OL14872792W,Il formaggio e i vermi,Carlo Ginzburg | Anne C. Tedeschi | John Tedeschi | Francisco Martín Arribas | Justo Serna | Anaclet Pons Pons,/books/OL4316225M,Il formaggio e i vermi,il cosmo di un mugnaio del '500,ita,,G. Einaudi,1976,,,1.0,1.0,0.9,NOT_PROBED,,,,,REJECTED_CANDIDATE,
141,IT,HISTORY_SOCIETY,2,Ernesto De Martino,La terra del rimorso,TITLE_AUTHOR,/works/OL2162755W,La terra del rimorso,Ernesto De Martino,/books/OL19099213M,La terra del rimorso,contributo a una storia religiosa del Sud,ita,8842803537,Il saggiatore,2000,,13844058,1.0,1.0,0.9850000000000001,VALID_COVER,318,500,JPEG,data/audit/reconstruction-IT-candidate-covers/IT-141-OL19099213M.jpeg,USABLE_CANDIDATE,
141,IT,HISTORY_SOCIETY,2,Ernesto De Martino,La terra del rimorso,TITLE_AUTHOR,/works/OL16068510W,La Terra del rimorso,Ernesto De Martino,/books/OL24966069M,La Terra del rimorso,contributo a una storia religiosa del Sud,ita,,Il Saggiatore,1961,,15094783,1.0,1.0,0.9550000000000001,VALID_COVER,333,500,JPEG,data/audit/reconstruction-IT-candidate-covers/IT-141-OL24966069M.jpeg,USABLE_CANDIDATE,
142,IT,HISTORY_SOCIETY,2,Leonardo Sciascia,L'affaire Moro,TITLE_AUTHOR,/works/OL665660W,L'affaire Moro (Piccola Biblioteca Adelphi),Leonardo Sciascia,/books/OL13430424M,L'affaire Moro (Piccola Biblioteca Adelphi),,ita,9788845910838,Adelphi,"April 1, 1998",,3336649,0.95,1.0,0.9590000000000001,VALID_COVER,279,475,JPEG,data/audit/reconstruction-IT-candidate-covers/IT-142-OL13430424M.jpeg,USABLE_CANDIDATE,
142,IT,HISTORY_SOCIETY,2,Leonardo Sciascia,L'affaire Moro,TITLE_AUTHOR,/works/OL10448134W,L' affaire Moro,Leonardo Sciascia,/books/OL13949836M,L' affaire Moro,,ita,,Sellerio,1978,,,1.0,1.0,0.9,NOT_PROBED,,,,,REJECTED_CANDIDATE,
142,IT,HISTORY_SOCIETY,2,Leonardo Sciascia,L'affaire Moro,TITLE_AUTHOR,/works/OL665740W,L' affaire Moro,Leonardo Sciascia,/books/OL20231089M,L' Affaire Moro,,ita,,Sellerio,1983,,,1.0,1.0,0.9,NOT_PROBED,,,,,REJECTED_CANDIDATE,
142,IT,HISTORY_SOCIETY,2,Leonardo Sciascia,L'affaire Moro,TITLE_AUTHOR,/works/OL38787116W,L'affaire Moro,Leonardo Sciascia,/books/OL52808394M,L'affaire Moro,con aggiunta la relazione Parlamentare,ita,,Sellerio,1988,,,1.0,1.0,0.9,NOT_PROBED,,,,,REJECTED_CANDIDATE,
143,IT,HISTORY_SOCIETY,2,Antonio Gramsci,Lettere dal carcere,BROAD,/works/OL23983936W,"Sardegna, infanzia e letteratura oltre le sbarre",Antoni Arca,/books/OL31685373M,"Sardegna, infanzia e letteratura oltre le sbarre",Antonio Gramsci animatore alla lettura attraverso le Lettere dal carcere,ita,8873560520,Condaghes,2004,,13205386,0.95,0.6923076923076923,0.879,VALID_COVER,355,500,JPEG,data/audit/reconstruction-IT-candidate-covers/IT-143-OL31685373M.jpeg,USABLE_CANDIDATE,
144,IT,HISTORY_SOCIETY,2,Piero Calamandrei,Uomini e città della Resistenza,TITLE_AUTHOR,/works/OL43938662W,Uomini e città della Resistenza,Piero Calamandrei,/books/OL59916342M,Uomini e città della Resistenza,discorsi scritti ed epigrafi,ita,,Editori Laterza,1955,,,1.0,1.0,0.9,NOT_PROBED,,,,,REJECTED_CANDIDATE,
145,IT,HISTORY_SOCIETY,2,Benedetto Croce,Storia d'Italia dal 1871 al 1915,TITLE_ONLY,/works/OL11101129W,Storia d'Italia dal 1871 al 1915,Benedetto Croce,/books/OL14578683M,Storia d'Italia dal 1871 al 1915.,,ita,,Laterza & Figli,1966,,,1.0,1.0,0.9,NOT_PROBED,,,,,REJECTED_CANDIDATE,
145,IT,HISTORY_SOCIETY,2,Benedetto Croce,Storia d'Italia dal 1871 al 1915,TITLE_ONLY,/works/OL1107899W,Storia d'Italia dal 1871 al 1915,Benedetto Croce,/books/OL16527715M,Storia d'Italia dal 1871 al 1915.,,ita,,,1966,,,1.0,1.0,0.875,NOT_PROBED,,,,,REJECTED_CANDIDATE,
145,IT,HISTORY_SOCIETY,2,Benedetto Croce,Storia d'Italia dal 1871 al 1915,TITLE_ONLY,/works/OL33246880W,Storia d'Italia dal 1871 al 1915,Benedetto Croce,/books/OL45138815M,Storia d'Italia dal 1871 al 1915,,ita,8845908720,Adelphi,1991,,,1.0,1.0,0.93,NOT_PROBED,,,,,REJECTED_CANDIDATE,
145,IT,HISTORY_SOCIETY,2,Benedetto Croce,Storia d'Italia dal 1871 al 1915,TITLE_ONLY,/works/OL42333349W,Storia d'Italia dal 1871 al 1915,Benedetto Croce,/books/OL57427234M,Storia d'Italia dal 1871 al 1915,,ita,,G. Laterza & Figli,1928,,,1.0,1.0,0.9,NOT_PROBED,,,,,REJECTED_CANDIDATE,
145,IT,HISTORY_SOCIETY,2,Benedetto Croce,Storia d'Italia dal 1871 al 1915,TITLE_ONLY,/works/OL43833452W,Storia d'Italia dal 1871 al 1915,Benedetto Croce,/books/OL59755184M,Storia d'Italia dal 1871 al 1915,,ita,,Laterza,1939,,,1.0,1.0,0.9,NOT_PROBED,,,,,REJECTED_CANDIDATE,
146,IT,YOUTH,3,Gianni Rodari,Favole al telefono,TITLE_AUTHOR,/works/OL2284481W,Favole al telefono,Gianni Rodari,/books/OL23038938M,Favole al telefono,,ita,8879262017,Einaudi Ragazzi,1995,,9447803,1.0,1.0,0.9850000000000001,VALID_COVER,322,500,JPEG,data/audit/reconstruction-IT-candidate-covers/IT-146-OL23038938M.jpeg,USABLE_CANDIDATE,
148,IT,YOUTH,3,Gianni Rodari,La freccia azzurra,TITLE_AUTHOR,/works/OL2284452W,La Freccia Azzurra,Gianni Rodari,/books/OL15969775M,La Freccia Azzurra,,ita,883593091X,Editori Riuniti,1987,,,1.0,1.0,0.93,NOT_PROBED,,,,,REJECTED_CANDIDATE,
149,IT,YOUTH,3,Gianni Rodari,Gelsomino nel paese dei bugiardi,TITLE_AUTHOR,/works/OL2284432W,Gelsomino nel paese dei bugiardi,Gianni Rodari,/books/OL3362530M,Gelsomino nel paese dei bugiardi,,ita,9788835949732,Editori Riuniti,2000,,15229032,1.0,1.0,0.9850000000000001,VALID_COVER,359,500,JPEG,data/audit/reconstruction-IT-candidate-covers/IT-149-OL3362530M.jpeg,USABLE_CANDIDATE,
150,IT,YOUTH,3,Gianni Rodari,C'era due volte il barone Lamberto,TITLE_AUTHOR,/works/OL2284419W,"C'era due volte il barone Lamberto, ovvero",Gianni Rodari,/books/OL4324377M,"C'era due volte il barone Lamberto, ovvero",I misteri dell'isola di San Giulio,ita,,Einaudi,1978,,,0.95,1.0,0.874,NOT_PROBED,,,,,REJECTED_CANDIDATE,
150,IT,YOUTH,3,Gianni Rodari,C'era due volte il barone Lamberto,TITLE_AUTHOR,/works/OL37451247W,C'era due volte il barone Lamberto,Gianni Rodari,/books/OL50465871M,C'era due volte il barone Lamberto,"ovvero, I misteri dell'isola di San Giulio",ita,,Einaudi,1978,,,1.0,1.0,0.9,NOT_PROBED,,,,,REJECTED_CANDIDATE,
152,IT,YOUTH,3,Bianca Pitzorno,Ascolta il mio cuore,TITLE_AUTHOR,/works/OL24408622W,Ascolta il mio cuore,Bianca Pitzorno | Susana Miranda Morales | Ma. Milagros Rivera Garretas,/books/OL32811994M,Ascolta il mio cuore,,ita,9788804456049,Mondadori,1998,,11444763,1.0,1.0,0.9850000000000001,VALID_COVER,292,500,JPEG,data/audit/reconstruction-IT-candidate-covers/IT-152-OL32811994M.jpeg,USABLE_CANDIDATE,
153,IT,YOUTH,3,Roberto Piumini,Lo stralisco,TITLE_AUTHOR,/works/OL19523722W,Lo stralisco,Roberto Piumini,/books/OL531120M,Lo stralisco,Il ritratto segreto ; Filippo a Prato,ita,8806138693,Einaudi,1995,,13511405,1.0,1.0,0.9850000000000001,VALID_COVER,375,500,JPEG,data/audit/reconstruction-IT-candidate-covers/IT-153-OL531120M.jpeg,USABLE_CANDIDATE,
154,IT,YOUTH,3,Silvana Gandolfi,L'isola del tempo perso,TITLE_AUTHOR,/works/OL2284255W,L' isola del tempo perso,Silvana Gandolfi,/books/OL492280M,L' isola del tempo perso,,ita,8877824867,Salani,1997,,,1.0,1.0,0.93,NOT_PROBED,,,,,REJECTED_CANDIDATE,
155,IT,YOUTH,3,Angela Nanetti,Mio nonno era un ciliegio,TITLE_AUTHOR,/works/OL2284266W,Mio nonno era un ciliegio,Angela Nanetti,/books/OL492284M,Mio nonno era un ciliegio,,ita,887926270X,Einaudi ragazzi,1998,,,1.0,1.0,0.93,NOT_PROBED,,,,,REJECTED_CANDIDATE,
156,IT,GRAPHIC,3,Hugo Pratt,Una ballata del mare salato,TITLE_AUTHOR,/works/OL19554807M,Corto Maltese,Hugo Pratt,/books/OL19554807M,Corto Maltese,una ballata del mare salato,ita,8886456379,Lizard,1998,,5479190,0.95,1.0,0.9590000000000001,VALID_COVER,128,179,JPEG,data/audit/reconstruction-IT-candidate-covers/IT-156-OL19554807M.jpeg,USABLE_CANDIDATE,
156,IT,GRAPHIC,3,Hugo Pratt,Una ballata del mare salato,TITLE_AUTHOR,/works/OL32191242W,Una ballata del mare salato,Hugo Pratt,/books/OL43931079M,Una ballata del mare salato,,ita,9788817057288,Rizzoli Lizard,2012,,,1.0,1.0,0.93,NOT_PROBED,,,,,REJECTED_CANDIDATE,
156,IT,GRAPHIC,3,Hugo Pratt,Una ballata del mare salato,TITLE_AUTHOR,/works/OL27433647W,Corto Maltese,Hugo Pratt,/books/OL44434267M,Corto Maltese,una ballata del mare salato,ita,,Albatros,1976,,,0.95,1.0,0.874,NOT_PROBED,,,,,REJECTED_CANDIDATE,
156,IT,GRAPHIC,3,Hugo Pratt,Una ballata del mare salato,TITLE_AUTHOR,/works/OL2499796W,Corto Maltese,Hugo Pratt,/books/OL920792M,Corto Maltese,una ballata del mare salato,ita,8806138456,G. Einaudi,1995,,13457370,0.95,1.0,0.9590000000000001,VALID_COVER,205,317,JPEG,data/audit/reconstruction-IT-candidate-covers/IT-156-OL920792M.jpeg,USABLE_CANDIDATE,
157,IT,GRAPHIC,3,Hugo Pratt,Corte sconta detta arcana,TITLE_AUTHOR,/works/OL12747600W,Corto Maltese,Hugo Pratt,/books/OL21355384M,Corto Maltese,Corte Sconta detta Arcana,ita,9788806176754,Einaudi,2005,,,0.95,1.0,0.904,NOT_PROBED,,,,,REJECTED_CANDIDATE,
157,IT,GRAPHIC,3,Hugo Pratt,Corte sconta detta arcana,TITLE_AUTHOR,/works/OL16978179W,Corto Maltese,Hugo Pratt,/books/OL25562872M,Corto Maltese,corte sconta detta arcana,ita,9788887715125,Lizard Edizioni,2002,,9564141,0.95,1.0,0.9590000000000001,VALID_COVER,428,500,JPEG,data/audit/reconstruction-IT-candidate-covers/IT-157-OL25562872M.jpeg,USABLE_CANDIDATE,
157,IT,GRAPHIC,3,Hugo Pratt,Corte sconta detta arcana,TITLE_AUTHOR,/works/OL27433647W,Corto Maltese,Hugo Pratt,/books/OL44434303M,Corto Maltese,corte sconta detta arcana,ita,,Milano libri(IS),1982,,,0.95,1.0,0.874,NOT_PROBED,,,,,REJECTED_CANDIDATE,
157,IT,GRAPHIC,3,Hugo Pratt,Corte sconta detta arcana,TITLE_AUTHOR,/works/OL39540819W,Corte Sconta detta Arcana,Hugo Pratt,/books/OL53797308M,Corte Sconta detta Arcana,,ita,9788817063760,Rizzoli Lizard,2013,,,1.0,1.0,0.93,NOT_PROBED,,,,,REJECTED_CANDIDATE,
158,IT,GRAPHIC,3,Gipi,Appunti per una storia di guerra,TITLE_AUTHOR,/works/OL35983589W,Appunti per una storia di guerra,Gipi,/books/OL48574615M,Appunti per una storia di guerra,,ita,9788888063980,Coconino Press,2004,,,1.0,1.0,0.93,NOT_PROBED,,,,,REJECTED_CANDIDATE,
158,IT,GRAPHIC,3,Gipi,Appunti per una storia di guerra,TITLE_AUTHOR,/works/OL39250273W,Appunti per una storia di guerra,Gipi,/books/OL53433362M,Appunti per una storia di guerra,,ita,9788817014205,Rizzoli,2006,,,1.0,1.0,0.93,NOT_PROBED,,,,,REJECTED_CANDIDATE,
160,IT,GRAPHIC,3,Zerocalcare,La profezia dell'armadillo,TITLE_AUTHOR,/works/OL32232720W,La profezia dell'armadillo,Zerocalcare,/books/OL43976995M,La profezia dell'armadillo,colore 8-bit,ita,9788865431030,Bao Publishing,2012,,13160647,1.0,1.0,0.9850000000000001,VALID_COVER,353,500,JPEG,data/audit/reconstruction-IT-candidate-covers/IT-160-OL43976995M.jpeg,USABLE_CANDIDATE,
162,IT,GRAPHIC,3,Igort,Quaderni ucraini,TITLE_AUTHOR,/works/OL33011661W,Quaderni ucraini,Igort,/books/OL44869972M,Quaderni ucraini,memorie dai tempi dell'URSS,ita,9788804604426,Mondadori,2010,,,1.0,1.0,0.93,NOT_PROBED,,,,,REJECTED_CANDIDATE,
163,IT,GRAPHIC,3,Manuele Fior,Cinquemila chilometri al secondo,TITLE_AUTHOR,/works/OL20451427W,Cinquemila chilometri al secondo,Manuele Fior,/books/OL27676055M,Cinquemila chilometri al secondo,,ita,9788876181719,Coconino Press,"Aug 01, 2010",,9117676,1.0,1.0,0.9850000000000001,VALID_COVER,350,500,JPEG,data/audit/reconstruction-IT-candidate-covers/IT-163-OL27676055M.jpeg,USABLE_CANDIDATE,
164,IT,GRAPHIC,3,Lorenzo Mattotti,Fuochi,TITLE_AUTHOR,/works/OL2297473W,Fuochi,Lorenzo Mattotti,/books/OL1342271M,Fuochi,,ita,8872480094,Granata,1991,,,1.0,1.0,0.93,NOT_PROBED,,,,,REJECTED_CANDIDATE,
164,IT,GRAPHIC,3,Lorenzo Mattotti,Fuochi,TITLE_AUTHOR,/works/OL33353127W,Fuochi,Lorenzo Mattotti,/books/OL45257272M,Fuochi,,ita,9788806199357,Einaudi,2009,,,1.0,1.0,0.93,NOT_PROBED,,,,,REJECTED_CANDIDATE,
